filename,relative_path,writer_id,sample_id,signature_type,is_genuine,format,color_mode,width,height,aspect_ratio,file_size_bytes,sha256
original_10_1.png,raw\signatures\full_org\original_10_1.png,10,1,genuine,1,PNG,L,534,385,1.387,110744,86f22615af3c910f0b07a8c093a7f6e84db3e4d1ae2822419769db3eaf4b9b7b
original_10_10.png,raw\signatures\full_org\original_10_10.png,10,10,genuine,1,PNG,L,552,414,1.3333,121971,d659f115b267903820e681eff9c96d7f95512fc34a5f6cb90252a059851b4410
original_10_11.png,raw\signatures\full_org\original_10_11.png,10,11,genuine,1,PNG,L,588,342,1.7193,106605,dfbe5db8fdb332e361f5927f7fcae5867ee74be2f55dbd5a34c50edbc7ec5142
original_10_12.png,raw\signatures\full_org\original_10_12.png,10,12,genuine,1,PNG,L,546,409,1.335,118618,493b95b89064f1dfc9a368ec46340fe36ac4c13075a65af9cd1052fd0c6d3f67
original_10_13.png,raw\signatures\full_org\original_10_13.png,10,13,genuine,1,PNG,L,546,384,1.4219,115452,7711b2141ebaa7e4dc29c9d2f9aab728e4d1f455b506ccbf5a3c419f40adff1b
original_10_14.png,raw\signatures\full_org\original_10_14.png,10,14,genuine,1,PNG,L,582,349,1.6676,111552,17d6b80918e8f859384e280a463a01cddab22b7351f6e053b912cd30509e806e
original_10_15.png,raw\signatures\full_org\original_10_15.png,10,15,genuine,1,PNG,L,576,355,1.6225,109771,63557dc8f35c432ac3b00866338fb1b4ddd5e2cefafacefd54624e9768b6f383
original_10_16.png,raw\signatures\full_org\original_10_16.png,10,16,genuine,1,PNG,L,570,367,1.5531,112896,2dc133383124bd49934a18c7c01453e7530aa6c17b9bbcf793c33311fad0651c
original_10_17.png,raw\signatures\full_org\original_10_17.png,10,17,genuine,1,PNG,L,576,331,1.7402,102440,9fa1f4138801f7f962212e05c2167180d9c81f9adc5e196bfe68ff93c9c4c58c
original_10_18.png,raw\signatures\full_org\original_10_18.png,10,18,genuine,1,PNG,L,582,373,1.5603,114671,1ec362b176815260d0c27a6a0990a45b726751a93883a312b24388fb83a411e5
original_10_19.png,raw\signatures\full_org\original_10_19.png,10,19,genuine,1,PNG,L,540,415,1.3012,119129,87f0d4ae35b286cbd24bc7468aadc3191523a0d9920d124ffd5dd55c0a517e3b
original_10_2.png,raw\signatures\full_org\original_10_2.png,10,2,genuine,1,PNG,L,600,414,1.4493,132401,b0213edaaa4b25deda90141ee7ff553c46f336b89abe70077c050d1b33fef73c
original_10_20.png,raw\signatures\full_org\original_10_20.png,10,20,genuine,1,PNG,L,504,355,1.4197,96857,1c0c3f9f8dd1b4fb033d75df10960c4db76cb882ddb06cd1ec63ea5e2964313e
original_10_21.png,raw\signatures\full_org\original_10_21.png,10,21,genuine,1,PNG,L,582,354,1.6441,109435,6a7b455b96be54223e5c5259f42f660c34ffd669e7f1a3f2b8473c34883e02e1
original_10_22.png,raw\signatures\full_org\original_10_22.png,10,22,genuine,1,PNG,L,606,378,1.6032,121575,5e1dd1aa8c2dd5cdcb16c4ef71dda8925521cad90584971c0f936c135f5d7acc
original_10_23.png,raw\signatures\full_org\original_10_23.png,10,23,genuine,1,PNG,L,594,384,1.5469,122139,38861562d17346964973450b174ecf8d4430f1be396ae4c353ec074f85adeeb0
original_10_24.png,raw\signatures\full_org\original_10_24.png,10,24,genuine,1,PNG,L,546,420,1.3,122615,e8d8f17ef8f8d4c6a5127603ce0313c341c4b8c1d4147fd83a170af0108c302c
original_10_3.png,raw\signatures\full_org\original_10_3.png,10,3,genuine,1,PNG,L,588,427,1.377,134678,7c4acd9cea5459c47be338470ba66037fb3db520a8a87c71e36aef4b40aa7df0
original_10_4.png,raw\signatures\full_org\original_10_4.png,10,4,genuine,1,PNG,L,570,397,1.4358,121933,fc8e813b9c47a13f7a1d0597dc0da58cf771fc463a63d0caa2d4e93cbe4b4689
original_10_5.png,raw\signatures\full_org\original_10_5.png,10,5,genuine,1,PNG,L,594,367,1.6185,119055,8e98df622746a231879adf4522bcff9e5cb1a8e290ed0bd176a02df035f03439
original_10_6.png,raw\signatures\full_org\original_10_6.png,10,6,genuine,1,PNG,L,546,433,1.261,126442,46888864d344aaabde92c97af02c0fd7af2b2ee45a4ff8b18352062bd6f1da8a
original_10_7.png,raw\signatures\full_org\original_10_7.png,10,7,genuine,1,PNG,L,594,433,1.3718,135961,93863b9178a959fc3c3d5ffab5711e00723bafd0b7124e2e6ded0f0798a3b623
original_10_8.png,raw\signatures\full_org\original_10_8.png,10,8,genuine,1,PNG,L,600,379,1.5831,120748,4cc430278bb46e828c0bf8c65c7b8fddf31b4f5e41abec912e11aeffe6973ee6
original_10_9.png,raw\signatures\full_org\original_10_9.png,10,9,genuine,1,PNG,L,552,390,1.4154,114224,573413bb38e3e316094b44b33a5879e3fc53eba48e3bdda543f9b44497980ac0
original_11_1.png,raw\signatures\full_org\original_11_1.png,11,1,genuine,1,PNG,L,624,331,1.8852,107595,65f3f841c0be04b07ff20fe9269763a7cea4b9d357de7f054c246b5f9416436c
original_11_10.png,raw\signatures\full_org\original_11_10.png,11,10,genuine,1,PNG,L,600,330,1.8182,102915,bb493ffd8a274107dae77a3f2205202e0e6c5284f97e8c1f51de25b908df8af1
original_11_11.png,raw\signatures\full_org\original_11_11.png,11,11,genuine,1,PNG,L,630,396,1.5909,125990,32974e889a010d331d92cc0f672536002f8c178bbd7047690c4ee97690d0dfb5
original_11_12.png,raw\signatures\full_org\original_11_12.png,11,12,genuine,1,PNG,L,624,361,1.7285,115586,de13fc75f38b6855f9c020e65610648b84590556a541012ef7faa52b5793bee9
original_11_13.png,raw\signatures\full_org\original_11_13.png,11,13,genuine,1,PNG,L,642,355,1.8085,118460,d357342fbe7279fe920301c03dfd571505c5a52a94b8422433c9e49576fd799f
original_11_14.png,raw\signatures\full_org\original_11_14.png,11,14,genuine,1,PNG,L,624,331,1.8852,108862,fb9e20d65d5566ad6d5e7cbdd41a60b01b954bc188236abf3ff5059b1bf952a3
original_11_15.png,raw\signatures\full_org\original_11_15.png,11,15,genuine,1,PNG,L,654,337,1.9407,116665,6cf820c414f861c555546491a141aa24365e68b9d52b01b85cdddcab72868b46
original_11_16.png,raw\signatures\full_org\original_11_16.png,11,16,genuine,1,PNG,L,642,313,2.0511,104935,2d1c50091753372ff56a7925309595b097bb255bc446ee67b5de60d42f44e4d2
original_11_17.png,raw\signatures\full_org\original_11_17.png,11,17,genuine,1,PNG,L,624,403,1.5484,130450,1f15d8d45b78ccaeac2a23cedae762b25b0ab348626c16db5d7abe67bfd4d684
original_11_18.png,raw\signatures\full_org\original_11_18.png,11,18,genuine,1,PNG,L,642,355,1.8085,116764,b802f115c4fb9fd639392acc6f0719dd00502ad6d07ff11b270e11e7a027279d
original_11_19.png,raw\signatures\full_org\original_11_19.png,11,19,genuine,1,PNG,L,618,355,1.7408,113899,ed5d3ec556ceb9ff2e9fdc1502ffbec80f8e393c34c7f792d06c79cf70ea3a99
original_11_2.png,raw\signatures\full_org\original_11_2.png,11,2,genuine,1,PNG,L,648,289,2.2422,97702,d75d01bb99c8c0fef628bf86c41c417c8921d857bfc7809f00a554dfeccd3e4d
original_11_20.png,raw\signatures\full_org\original_11_20.png,11,20,genuine,1,PNG,L,618,361,1.7119,115997,bb24b4891b100aa908de639e157694c5b20a0bc511285ca9fe134643769e6b23
original_11_21.png,raw\signatures\full_org\original_11_21.png,11,21,genuine,1,PNG,L,642,426,1.507,140466,dfa423bf5b05284f49c059480e1cb00092699522b8044b3da05f5ad70e3be418
original_11_22.png,raw\signatures\full_org\original_11_22.png,11,22,genuine,1,PNG,L,630,390,1.6154,126291,03dbb3e41c07a5e55cc61ed2b948ae4022a3de2461467f49c885d6eb958652d7
original_11_23.png,raw\signatures\full_org\original_11_23.png,11,23,genuine,1,PNG,L,648,396,1.6364,131973,a4cfcd7cf84ef5431e797ef1695c2b704f36b8d72378b1255880b1c53d822b19
original_11_24.png,raw\signatures\full_org\original_11_24.png,11,24,genuine,1,PNG,L,642,379,1.6939,125267,76c9b87c0d6b7ba9c86e5875c5f04a4f18a83fade34f64ff9b0dc733c310e831
original_11_3.png,raw\signatures\full_org\original_11_3.png,11,3,genuine,1,PNG,L,654,289,2.263,98256,929bb207afa50317ff2afe54cfafbf127cdb23c906dcd34c1f362156cd69f02c
original_11_4.png,raw\signatures\full_org\original_11_4.png,11,4,genuine,1,PNG,L,630,271,2.3247,90075,8de67245d6a5b193880c31de00e35e770cbc6373f9bf1baeee8549a655064d16
original_11_5.png,raw\signatures\full_org\original_11_5.png,11,5,genuine,1,PNG,L,630,319,1.9749,104427,0371f0da39e353d7098dd3f37de6250dd2819227d120b50bf93eb820dcf27fa7
original_11_6.png,raw\signatures\full_org\original_11_6.png,11,6,genuine,1,PNG,L,642,277,2.3177,94627,946f4b390594808f2eed8aafacd1cfcf4f5946948348dfa5e92ededc678ed8c3
original_11_7.png,raw\signatures\full_org\original_11_7.png,11,7,genuine,1,PNG,L,630,283,2.2261,93015,5579caca33fcb1eba020735388b2974896f763c172fb4421c8084928a60fdceb
original_11_8.png,raw\signatures\full_org\original_11_8.png,11,8,genuine,1,PNG,L,612,355,1.7239,112078,9e0133fd4c039db3fa64d355b96498d3b5da9a945b09742498b39c48dd2bc749
original_11_9.png,raw\signatures\full_org\original_11_9.png,11,9,genuine,1,PNG,L,654,348,1.8793,116406,23b2d20e541b3ccf804c3a5e106bb0d3fb9a25f9c705f8dbb74a2969b1331ed7
original_12_1.png,raw\signatures\full_org\original_12_1.png,12,1,genuine,1,PNG,L,606,378,1.6032,124903,28618391fa73dfa91b33fccfa3f2868b7d69df781a9e54d7426bfe78b0706942
original_12_10.png,raw\signatures\full_org\original_12_10.png,12,10,genuine,1,PNG,L,594,390,1.5231,125383,a5ba5a8946757579cea6468c0f38c72248dce577b2a2a716b94bbd6a2d1cacd3
original_12_11.png,raw\signatures\full_org\original_12_11.png,12,11,genuine,1,PNG,L,570,450,1.2667,138919,5de2d8cc6fc3cd784dcd5c302a688d259cc34a6669bd1cb5a6ad3ef7d00b8155
original_12_12.png,raw\signatures\full_org\original_12_12.png,12,12,genuine,1,PNG,L,594,390,1.5231,124620,8864a4f91b47827fed82bf94fd9effcf925b0fe4b7377273fcb389d64cb9576e
original_12_13.png,raw\signatures\full_org\original_12_13.png,12,13,genuine,1,PNG,L,552,462,1.1948,138327,61cbcc156acdc41c7bdb3436236356c2aa16ff4daecec8b4ff6aebb08b620b4d
original_12_14.png,raw\signatures\full_org\original_12_14.png,12,14,genuine,1,PNG,L,612,462,1.3247,153204,1489666d6717640cdd9851b9c040c1e20b830e151a30565f14cea2d432436988
original_12_15.png,raw\signatures\full_org\original_12_15.png,12,15,genuine,1,PNG,L,606,415,1.4602,135810,0683b6b3dd38aff4e84fbb79d6cc035a9f9ff22c2182601b9cf9d37945ba9c3b
original_12_16.png,raw\signatures\full_org\original_12_16.png,12,16,genuine,1,PNG,L,624,421,1.4822,143101,a2d19b05b4720678503322b3c1299655baf0b8eb645161005279fc0c028123fd
original_12_17.png,raw\signatures\full_org\original_12_17.png,12,17,genuine,1,PNG,L,612,409,1.4963,136473,453bbe7ab3b791356099f04ecec8b0b5ea621f123279e806441d63661e6a92f3
original_12_18.png,raw\signatures\full_org\original_12_18.png,12,18,genuine,1,PNG,L,606,481,1.2599,153261,bb22c29257e67ad8c8985a292a1e99df4ef8bdd3c807f609da318c06883a76b0
original_12_19.png,raw\signatures\full_org\original_12_19.png,12,19,genuine,1,PNG,L,618,457,1.3523,150452,1d52500175b382e6e0136dcd1a39a2be725e61f99a75721c7a72051fe0c4f0d7
original_12_2.png,raw\signatures\full_org\original_12_2.png,12,2,genuine,1,PNG,L,570,379,1.504,117834,c09f39411dbe30ef28b95222c4310eb0b6be2f418d1a9a1ca121b1bdfce3ee4f
original_12_20.png,raw\signatures\full_org\original_12_20.png,12,20,genuine,1,PNG,L,636,433,1.4688,147170,83db93b50e691f68fae4ea53b63907afde592f33c40296b8dfa2260318767895
original_12_21.png,raw\signatures\full_org\original_12_21.png,12,21,genuine,1,PNG,L,588,408,1.4412,129119,2bdcfc726ffc2751674e78a8f0941bea70f4dfe4ca815265ef36ce29d64b6353
original_12_22.png,raw\signatures\full_org\original_12_22.png,12,22,genuine,1,PNG,L,618,438,1.411,144483,38f82a6943bc064e582f9d28d8bb7408d6c8710a27c02d5e2367945c13364bc1
original_12_23.png,raw\signatures\full_org\original_12_23.png,12,23,genuine,1,PNG,L,630,450,1.4,151117,0e81fdb973f74ef2173003ca92a6913e7097b4c4a66c6ee4e915f4edd723e2ff
original_12_24.png,raw\signatures\full_org\original_12_24.png,12,24,genuine,1,PNG,L,600,480,1.25,153180,997fc58f2312e794706dcac023d1569728123b6ce8502e8067e68dba50a5fc3e
original_12_3.png,raw\signatures\full_org\original_12_3.png,12,3,genuine,1,PNG,L,618,409,1.511,133868,7c31b1a5482dfbbe2be6873408a8c2ad32b582d4aa197bb1575c3e676d09c0a4
original_12_4.png,raw\signatures\full_org\original_12_4.png,12,4,genuine,1,PNG,L,594,379,1.5673,122163,e70051bb10bc0632e1f614c9a7f3822b795dcfbcfbdc099e43d406e8d33d210a
original_12_5.png,raw\signatures\full_org\original_12_5.png,12,5,genuine,1,PNG,L,636,463,1.3737,157199,a985ec87627e12b6552d7f12ecea0dc9454230a1adeacf22bdd6ef49c58a4498
original_12_6.png,raw\signatures\full_org\original_12_6.png,12,6,genuine,1,PNG,L,618,415,1.4892,137128,53f783d84763b48a5e36be6c3d61e4fff065039665426e01499251a836c70f63
original_12_7.png,raw\signatures\full_org\original_12_7.png,12,7,genuine,1,PNG,L,624,433,1.4411,143867,32353d32aa57fb174f8fc6f3da51c8f2db4779cefa5f0eb7874bd71b222df6f4
original_12_8.png,raw\signatures\full_org\original_12_8.png,12,8,genuine,1,PNG,L,624,409,1.5257,139240,b79e6a9da53f83993b390ec3d2f4aabaede586985fd9f265e80fc9e5ae2f0e25
original_12_9.png,raw\signatures\full_org\original_12_9.png,12,9,genuine,1,PNG,L,618,450,1.3733,148785,5fbc46bba31bb8b1d381046507f6cf02459a00f99788d08085167d784a361668
original_13_1.png,raw\signatures\full_org\original_13_1.png,13,1,genuine,1,PNG,L,612,360,1.7,117445,1ea2a6b69d5dd3945678e07facea4220a710025452381d8bce98b3f846a30ed4
original_13_10.png,raw\signatures\full_org\original_13_10.png,13,10,genuine,1,PNG,L,612,372,1.6452,121172,9ab72a5895818baca9aaf0f1b65460fce0e448ac5b8aff843ffa8014872cd8a0
original_13_11.png,raw\signatures\full_org\original_13_11.png,13,11,genuine,1,PNG,L,618,390,1.5846,127541,a9b864c9e70cab34690843bf87385f181c77e8da0567bb1d45fdfec8befd955d
original_13_12.png,raw\signatures\full_org\original_13_12.png,13,12,genuine,1,PNG,L,594,360,1.65,112944,71a2dd5a39ca20b8bc4effb10c307d97b4acd1ff649222d686523ee0c02efb7d
original_13_13.png,raw\signatures\full_org\original_13_13.png,13,13,genuine,1,PNG,L,618,324,1.9074,107679,bac797b43f60ac5b5b817b3e43711a51245a73923d7f51e0f9a6c5e819e51ef8
original_13_14.png,raw\signatures\full_org\original_13_14.png,13,14,genuine,1,PNG,L,606,312,1.9423,100845,576dd80acb69c623b42950a551167afb407df3789baddaade87881c11265479c
original_13_15.png,raw\signatures\full_org\original_13_15.png,13,15,genuine,1,PNG,L,570,349,1.6332,103869,5d3642b0b5e017dcf47c257b759ba7eb573bda94937a42fb615960ccb00a80ce
original_13_16.png,raw\signatures\full_org\original_13_16.png,13,16,genuine,1,PNG,L,612,337,1.816,109208,5a4bd9c80d29de0422e47aef17f95a2722ab23827bdcb131cb76e139d9832fc9
original_13_17.png,raw\signatures\full_org\original_13_17.png,13,17,genuine,1,PNG,L,612,415,1.4747,133125,ed354ec08559c70000fa864f85b1332d1ee0f7d7463f06274626da101b9831ae
original_13_18.png,raw\signatures\full_org\original_13_18.png,13,18,genuine,1,PNG,L,624,403,1.5484,131054,4d2f07c1092a5c12f28bf1e1d0e1d1bda97e05e3f8d63e4a22ccf8e8a4aaf75a
original_13_19.png,raw\signatures\full_org\original_13_19.png,13,19,genuine,1,PNG,L,606,361,1.6787,115045,dbedad4c67d98fa88d3f7a94c3a3323aec57ed97178429bb10be671ff9edc1cb
original_13_2.png,raw\signatures\full_org\original_13_2.png,13,2,genuine,1,PNG,L,642,366,1.7541,124054,7f7648e8aa0ac34a0f20ff41093233b5ffae532a72fb38ca91eafda6696b5d62
original_13_20.png,raw\signatures\full_org\original_13_20.png,13,20,genuine,1,PNG,L,636,403,1.5782,134342,8071fdda898201526b06af9e7ab742d97eec9fbdc6a63c3ca7a355c57e46342e
original_13_21.png,raw\signatures\full_org\original_13_21.png,13,21,genuine,1,PNG,L,600,366,1.6393,114829,f35ed882f7482dad59efc5e9f91f00d99d16d80de965f136ab3d3e5ee35a6b89
original_13_22.png,raw\signatures\full_org\original_13_22.png,13,22,genuine,1,PNG,L,612,372,1.6452,120928,4cc6ff1de5744d3b37f8ed99750f9df4038ff067bed97e33fd9a358d516f1711
original_13_23.png,raw\signatures\full_org\original_13_23.png,13,23,genuine,1,PNG,L,654,462,1.4156,156422,b10fa29b3b209aed72d49adf5ec04edd36c931921d7feefb1e45c15cfdfca593
original_13_24.png,raw\signatures\full_org\original_13_24.png,13,24,genuine,1,PNG,L,618,378,1.6349,122048,93df0bd626472b372b964b7aa146916505bfbb3b7d4f7d7e1e084dabd63106ae
original_13_3.png,raw\signatures\full_org\original_13_3.png,13,3,genuine,1,PNG,L,600,337,1.7804,107123,0d64b2008b09b4afdc5bf55117c1771afe19b730c37b249c9e4af1f31734c389
original_13_4.png,raw\signatures\full_org\original_13_4.png,13,4,genuine,1,PNG,L,576,361,1.5956,109933,ddb42d2f9e3af4613ad2766fa5ebcdab25223ac8a73b7f06798a60b7d76d1625
original_13_5.png,raw\signatures\full_org\original_13_5.png,13,5,genuine,1,PNG,L,600,373,1.6086,118556,88eed563f7645c625553e27a4ebf1c2f5d77ccfab94c64f1c35c4a8daaca3f28
original_13_6.png,raw\signatures\full_org\original_13_6.png,13,6,genuine,1,PNG,L,624,421,1.4822,136925,c13b14d2e970d00a3a9cf9bd75291829be25467292a6d5f5e1b05eb075ec9c49
original_13_7.png,raw\signatures\full_org\original_13_7.png,13,7,genuine,1,PNG,L,636,355,1.7915,119042,2b9472769151e67b4677119e3ac2ca0fbb4c80e1739e59ac3b80c9629222225a
original_13_8.png,raw\signatures\full_org\original_13_8.png,13,8,genuine,1,PNG,L,582,379,1.5356,116682,75884303aa3fd4191c70c7612c462b756af484a587be95921b61ff092df97cc5
original_13_9.png,raw\signatures\full_org\original_13_9.png,13,9,genuine,1,PNG,L,618,360,1.7167,118578,60a2db74130ecedbcbb86aadb60f91bcd4f07b05782362f6371a6134a6576943
original_14_1.png,raw\signatures\full_org\original_14_1.png,14,1,genuine,1,PNG,L,606,414,1.4638,134937,b8d6c74f331989de7329b0b7da06467749ea05e3717f5a838cc8d6659d8b944d
original_14_10.png,raw\signatures\full_org\original_14_10.png,14,10,genuine,1,PNG,L,588,438,1.3425,140138,6d5b104c6ad9fc2ed573bfe175d12d1cf13b8515514b3127c7a684220ca1324b
original_14_11.png,raw\signatures\full_org\original_14_11.png,14,11,genuine,1,PNG,L,576,438,1.3151,134518,6197f9332f265edcf533aef50b93dc3e1b3f6373e2babf5797639be86b644e15
original_14_12.png,raw\signatures\full_org\original_14_12.png,14,12,genuine,1,PNG,L,558,361,1.5457,109232,2ee0430dce137a376c06c86c5705d049d263481b83f204debb8293cda844f41f
original_14_13.png,raw\signatures\full_org\original_14_13.png,14,13,genuine,1,PNG,L,624,391,1.5959,130863,12ae675c5c4528719a03c67ae0829686675b122593feb2cb0af4d0e316b74ccb
original_14_14.png,raw\signatures\full_org\original_14_14.png,14,14,genuine,1,PNG,L,588,391,1.5038,122931,8a2d513dad9d0e0610f96578d8524cc32ac926e3f1856c48a92a9e789494b719
original_14_15.png,raw\signatures\full_org\original_14_15.png,14,15,genuine,1,PNG,L,630,361,1.7452,121249,60a0c7b978bb0f2764658cd75583d24d3a2541929c7ce40cebf171ec649ac6db
original_14_16.png,raw\signatures\full_org\original_14_16.png,14,16,genuine,1,PNG,L,612,361,1.6953,118226,2db3eb6a7a904eaa12aa832df59a034d307561fe597af92cc0d464a9f2975692
original_14_17.png,raw\signatures\full_org\original_14_17.png,14,17,genuine,1,PNG,L,570,385,1.4805,118652,0e0340846f5bf5b83ebd7d194282cc1cd522631691cb50336d4a6e945fc8926d
original_14_18.png,raw\signatures\full_org\original_14_18.png,14,18,genuine,1,PNG,L,630,403,1.5633,133734,28c82266870499283ec5eb40a989ac55f7c22251117b3de2cd75fe6c6892e64c
original_14_19.png,raw\signatures\full_org\original_14_19.png,14,19,genuine,1,PNG,L,570,420,1.3571,124913,dedc478cc411dde680223ba383ba2e4cbb5f4a408920087d8a6ad01476747700
original_14_2.png,raw\signatures\full_org\original_14_2.png,14,2,genuine,1,PNG,L,552,397,1.3904,117763,00baa7697d4c1c7b7e1a3a5a4cfd14b0ca6722ef2aed889c5206fbfab222dfdb
original_14_20.png,raw\signatures\full_org\original_14_20.png,14,20,genuine,1,PNG,L,594,361,1.6454,114286,0fe17d2c436aea94db1991a511197bf3beafb7d736439f87c27a38a34d0627c1
original_14_21.png,raw\signatures\full_org\original_14_21.png,14,21,genuine,1,PNG,L,648,330,1.9636,113977,4b7d747ef8149355d100c3202cdcda332855641a9f1863a28c335cb0424f2cd7
original_14_22.png,raw\signatures\full_org\original_14_22.png,14,22,genuine,1,PNG,L,594,348,1.7069,112081,390f623cbcf4c8eafb18707b3d2a5c00d050ed947b91311b68fa97fd8e998860
original_14_23.png,raw\signatures\full_org\original_14_23.png,14,23,genuine,1,PNG,L,588,384,1.5312,120301,b041e08c73d7f77e86fee5e77024bb877ab96a04642e8d13119394e7791dc0b9
original_14_24.png,raw\signatures\full_org\original_14_24.png,14,24,genuine,1,PNG,L,624,456,1.3684,149551,9ec0bb491c0c2494bea9e921564daff55a5428831923062c8342446102998f36
original_14_3.png,raw\signatures\full_org\original_14_3.png,14,3,genuine,1,PNG,L,618,439,1.4077,144324,9d2956bf442d2210c56a6832aeaf54c4c3f0c3a3b230bca67d924ffa6d5602ed
original_14_4.png,raw\signatures\full_org\original_14_4.png,14,4,genuine,1,PNG,L,600,379,1.5831,124815,66bc2289ef4663db77cd26b36614612cc7e1b75c64910440329add985f5715a2
original_14_5.png,raw\signatures\full_org\original_14_5.png,14,5,genuine,1,PNG,L,558,415,1.3446,124777,46a638fe4bf103249c692cc51507023535c9a116a953546fbdf5fe447b45f696
original_14_6.png,raw\signatures\full_org\original_14_6.png,14,6,genuine,1,PNG,L,636,379,1.6781,128805,6b5174d18bc7fb931fe1f5b37cd48be74735b0c61e41a0688cd5d390598a9f99
original_14_7.png,raw\signatures\full_org\original_14_7.png,14,7,genuine,1,PNG,L,594,444,1.3378,142146,266e5e0823b6826f910b6ad7e2a72e3495785215a2b3b7444e49256c7b333ab1
original_14_8.png,raw\signatures\full_org\original_14_8.png,14,8,genuine,1,PNG,L,552,444,1.2432,132052,31eb594ef32f3128ca054442ac13f82bcc52d6823de86af1a98ecaa8d36aeed0
original_14_9.png,raw\signatures\full_org\original_14_9.png,14,9,genuine,1,PNG,L,600,438,1.3699,139863,e9bc5e5c6e5b6423194209fad848de82f826ae24f062eb567afba78514f51787
original_15_1.png,raw\signatures\full_org\original_15_1.png,15,1,genuine,1,PNG,L,588,223,2.6368,69138,322f773245966f1d9210e611ce693d761cdfcb9828cc742e4c034d19e53bdad6
original_15_10.png,raw\signatures\full_org\original_15_10.png,15,10,genuine,1,PNG,L,570,372,1.5323,108464,1101777d72940919dcc0b35780cfe0a226b5916ca75cf284a007fc818ce8e69d
original_15_11.png,raw\signatures\full_org\original_15_11.png,15,11,genuine,1,PNG,L,582,306,1.902,92150,09727b488ca04c01d3a5f3ce159a29fea936c2b1a9bd1058a4ede5d16c6ba774
original_15_12.png,raw\signatures\full_org\original_15_12.png,15,12,genuine,1,PNG,L,582,337,1.727,99761,f4533671f80dcf973e5c2c9152b8e234c84dd81824e1950f282d86916a4f361b
original_15_13.png,raw\signatures\full_org\original_15_13.png,15,13,genuine,1,PNG,L,606,414,1.4638,128756,ad38d864a4b8a90f527902e6dbcd74103c0d5c05f62ea15d9b98db8a6de09079
original_15_14.png,raw\signatures\full_org\original_15_14.png,15,14,genuine,1,PNG,L,576,385,1.4961,114140,90234e7a02dd758cc11ecd3a2093f4f70af53b3660c4ca712bdca95b24daf6d3
original_15_15.png,raw\signatures\full_org\original_15_15.png,15,15,genuine,1,PNG,L,582,379,1.5356,113656,608b4ada46aefca9cce0f5ee9297232cfed8db2e5e1a02e1ec0689e90a9002e7
original_15_16.png,raw\signatures\full_org\original_15_16.png,15,16,genuine,1,PNG,L,600,367,1.6349,114043,d21e846d4e5a5d7507a9d7ae278d33538302378e546160ac9346243748602d97
original_15_17.png,raw\signatures\full_org\original_15_17.png,15,17,genuine,1,PNG,L,582,349,1.6676,105640,ecefb0efa3cba5696d1c027f38d0fdf56c8a7067606640c3ab2338142a0d5679
original_15_18.png,raw\signatures\full_org\original_15_18.png,15,18,genuine,1,PNG,L,612,403,1.5186,125980,38c9d86051bfd733ae7cfd34fb3f589cc422d05387fe588cd4d9f460f464bdf0
original_15_19.png,raw\signatures\full_org\original_15_19.png,15,19,genuine,1,PNG,L,576,379,1.5198,112219,9cc01bb0310010105b96ada549a2bbb0ddff43944a399cdf43b65e6390dfaabe
original_15_2.png,raw\signatures\full_org\original_15_2.png,15,2,genuine,1,PNG,L,552,301,1.8339,87000,92ddd93f6d3ba427ae4bcaec570a1183645b3d9ec81a3c46d92d1eb31a22ca2c
original_15_20.png,raw\signatures\full_org\original_15_20.png,15,20,genuine,1,PNG,L,630,385,1.6364,123241,b1fd26e71bd0627c29914c7594887c05eff051a3aa10dc8ce1f4026da82670c3
original_15_21.png,raw\signatures\full_org\original_15_21.png,15,21,genuine,1,PNG,L,570,360,1.5833,105225,4bd42e786287159581e27d6e8a4f66ed6cc72737599116cc5ef815eafdf7eddf
original_15_22.png,raw\signatures\full_org\original_15_22.png,15,22,genuine,1,PNG,L,594,378,1.5714,115458,7b717cba1d67b2658d909a2e4990907a02058b9ba23df2faa81fa04c2eda3786
original_15_23.png,raw\signatures\full_org\original_15_23.png,15,23,genuine,1,PNG,L,540,336,1.6071,92971,7c28c58669bb1b9baeee37070b57c5f3e575478daa614c67a6eb55fcb2928993
original_15_24.png,raw\signatures\full_org\original_15_24.png,15,24,genuine,1,PNG,L,558,259,2.1544,76475,b672d0af972d998a5574de69c9502e2f2dc57fae87d75b93b1cfdef0440d7154
original_15_3.png,raw\signatures\full_org\original_15_3.png,15,3,genuine,1,PNG,L,552,349,1.5817,98069,c6d8190a4291a2dee9100f60fcd2087b9a4762616c05950c09a6a90757c4100d
original_15_4.png,raw\signatures\full_org\original_15_4.png,15,4,genuine,1,PNG,L,588,271,2.1697,83339,828d23513fb2b22d65afb97bca72d7b108756c9aaba94a1739653427129aebb7
original_15_5.png,raw\signatures\full_org\original_15_5.png,15,5,genuine,1,PNG,L,594,361,1.6454,110679,0fb9022ea46bc0633729cb0753c188328421f143c389457f7d1c53cac3918113
original_15_6.png,raw\signatures\full_org\original_15_6.png,15,6,genuine,1,PNG,L,576,307,1.8762,90856,e13bb4fc070e8c81baec8d3a052cb9c491a6f73f2e37463c55f44c3f93a3ae81
original_15_7.png,raw\signatures\full_org\original_15_7.png,15,7,genuine,1,PNG,L,624,295,2.1153,95062,22e829055e6ef0b523797d41f80932018a92f3cf63154460266add8c94c678ca
original_15_8.png,raw\signatures\full_org\original_15_8.png,15,8,genuine,1,PNG,L,576,373,1.5442,109480,bb47e5313bfbd67e216da980d1a765195d7a074aad280ebb24dcaf2d454cf493
original_15_9.png,raw\signatures\full_org\original_15_9.png,15,9,genuine,1,PNG,L,594,354,1.678,107170,479bed586abd75998623318ff0918dc66e373da0d893c7fce46db17b30e9fe2e
original_16_1.png,raw\signatures\full_org\original_16_1.png,16,1,genuine,1,PNG,L,582,241,2.4149,74793,bd3fdfb36863a94ab9e7140d13b3191d9b23a4254026937ae69678d9392af83d
original_16_10.png,raw\signatures\full_org\original_16_10.png,16,10,genuine,1,PNG,L,594,288,2.0625,87739,9b8212a39f32466b27360bc49c8521fdd427825fe9b4249452b975b4e819fe5d
original_16_11.png,raw\signatures\full_org\original_16_11.png,16,11,genuine,1,PNG,L,594,270,2.2,82725,184053d5937e10e8f8cd74a70369db8d90cd510dfd8ed41f07c06a4620b9b1d6
original_16_12.png,raw\signatures\full_org\original_16_12.png,16,12,genuine,1,PNG,L,582,277,2.1011,83213,52084cadfd98ade07f3bf726ac922de29f3c349e108850a58ba24ff06716984c
original_16_13.png,raw\signatures\full_org\original_16_13.png,16,13,genuine,1,PNG,L,606,265,2.2868,84659,5f6923df010662d52d6af1cdae7034911c5b9624cd8b4119723dcda0ff1c68ce
original_16_14.png,raw\signatures\full_org\original_16_14.png,16,14,genuine,1,PNG,L,600,277,2.1661,87393,f5b5c5c7cdf691ab7b1a84263d45eb9f8a9da90890ad88eae22af7ea511d5567
original_16_15.png,raw\signatures\full_org\original_16_15.png,16,15,genuine,1,PNG,L,558,217,2.5714,64270,8de308317c6eb7990e40b9c8bc316e98d4397fa97c3f0a338c0a09e389545397
original_16_16.png,raw\signatures\full_org\original_16_16.png,16,16,genuine,1,PNG,L,594,259,2.2934,81179,c6fa91f1f1283f06eab66a09e76de78bec62c3ba053b4acbb6a0308fa6406e2c
original_16_17.png,raw\signatures\full_org\original_16_17.png,16,17,genuine,1,PNG,L,600,223,2.6906,71931,5a1a4493f812070c01a9d9fcc920c004681655d76f7b1b80ad26d73e48af5f6c
original_16_18.png,raw\signatures\full_org\original_16_18.png,16,18,genuine,1,PNG,L,576,241,2.39,72787,e735bc29085cda51a78eae17847c6f4744bdcff97bc7199043e88c92244b5cce
original_16_19.png,raw\signatures\full_org\original_16_19.png,16,19,genuine,1,PNG,L,618,247,2.502,80138,44914a1d4e1a2897df17bbf8a2fba227884294732874796b6160b096f611a7e6
original_16_2.png,raw\signatures\full_org\original_16_2.png,16,2,genuine,1,PNG,L,564,265,2.1283,78495,e62c5dcfa5506b08cef731e7d05997394b567ab742c17492818914a1e96b08fc
original_16_20.png,raw\signatures\full_org\original_16_20.png,16,20,genuine,1,PNG,L,600,247,2.4291,77967,638134c58c623a27801526588b8ae62ba48d8e99119b32a4c32ade9b535cead3
original_16_21.png,raw\signatures\full_org\original_16_21.png,16,21,genuine,1,PNG,L,564,252,2.2381,74200,631c637fb2ec3839385362974e9de7fb8566694aa679ce602c29d7f1c40064e5
original_16_22.png,raw\signatures\full_org\original_16_22.png,16,22,genuine,1,PNG,L,564,318,1.7736,92563,d07d170c55f04d99aa02dfe3379591368e4b108a02da2ae923c90b15055842db
original_16_23.png,raw\signatures\full_org\original_16_23.png,16,23,genuine,1,PNG,L,594,234,2.5385,73663,e1064798e1d1557f85a4c0a9820ea6e5b9f97598fb705a50256e2d3467ffe89e
original_16_24.png,raw\signatures\full_org\original_16_24.png,16,24,genuine,1,PNG,L,576,247,2.332,75129,7bbdedea876ac413999d10b1ccdbdd9dd91caabc99c16e71b516304ece639576
original_16_3.png,raw\signatures\full_org\original_16_3.png,16,3,genuine,1,PNG,L,594,241,2.4647,74663,01746cd928c247a5fb911b87cc0c799ebc5286478dba683fdb501f706730b0fa
original_16_4.png,raw\signatures\full_org\original_16_4.png,16,4,genuine,1,PNG,L,630,241,2.6141,79646,812c164cbd8a720151bf2ea8a4236bd56d062c65001ad508764b9a313e6a01fb
original_16_5.png,raw\signatures\full_org\original_16_5.png,16,5,genuine,1,PNG,L,600,271,2.214,84679,b6ef242169bdb924fd78c2652d075fd9d165ddc69c21ae2ab1090de06791c294
original_16_6.png,raw\signatures\full_org\original_16_6.png,16,6,genuine,1,PNG,L,582,265,2.1962,79804,6614614eda14697c067e5146b6d845402dfdf30d715040005097856421c35df4
original_16_7.png,raw\signatures\full_org\original_16_7.png,16,7,genuine,1,PNG,L,606,259,2.3398,80948,6cf18fe66d8f0c52c5b052a466b2a126f33e73e24c49d5660c4c52d745bd96e2
original_16_8.png,raw\signatures\full_org\original_16_8.png,16,8,genuine,1,PNG,L,600,313,1.9169,96156,f00e5de1b2946ef0da1db24bd1610736eda79278e4cba322cb970a67c50dc478
original_16_9.png,raw\signatures\full_org\original_16_9.png,16,9,genuine,1,PNG,L,564,276,2.0435,80238,9914708230d006b49aac20fa7ce18b01e0dbafcd614e5b7c77747c5d6f833baf
original_17_1.png,raw\signatures\full_org\original_17_1.png,17,1,genuine,1,PNG,L,636,276,2.3043,100459,3bb3f02721a17fd47f051c4b1a59905d5975fa2796b20d99cefc0ac66653d3fb
original_17_10.png,raw\signatures\full_org\original_17_10.png,17,10,genuine,1,PNG,L,630,295,2.1356,103441,78d53a57f5ec784c8fcddb183a8bc95d435c15e416504ec55f79cbd85e74c9e2
original_17_11.png,raw\signatures\full_org\original_17_11.png,17,11,genuine,1,PNG,L,666,361,1.8449,134228,e784ebaef132c9d91b62d024d0593f2faf47b4e7d530b35c2547f5071952c98d
original_17_12.png,raw\signatures\full_org\original_17_12.png,17,12,genuine,1,PNG,L,630,276,2.2826,99436,323afe8a92d800bbf296bfebab93729cfddb5e62e50a7e3e4e0bfba043a025bb
original_17_13.png,raw\signatures\full_org\original_17_13.png,17,13,genuine,1,PNG,L,642,204,3.1471,78584,3caed856fded300a2f451215002ec9b3241c950ca67dd701f0d4cdc0037748e1
original_17_14.png,raw\signatures\full_org\original_17_14.png,17,14,genuine,1,PNG,L,642,198,3.2424,75744,1710c4079e9ef4b0c314178867bf84f81ab72dbd62888eb74efc7336f558710a
original_17_15.png,raw\signatures\full_org\original_17_15.png,17,15,genuine,1,PNG,L,642,247,2.5992,91007,15f0559607ecbcf6269f7ba71c5d5adf73900ad2b18651297fa3e1614b26dcd1
original_17_16.png,raw\signatures\full_org\original_17_16.png,17,16,genuine,1,PNG,L,654,253,2.585,94228,c616103483240717a045c66e8f1c35efc370a7145af4c6b43099611e400ea0ac
original_17_17.png,raw\signatures\full_org\original_17_17.png,17,17,genuine,1,PNG,L,624,253,2.4664,90512,b91b079623e40028977c6a51bc1f380efbea1cba71fe49f80e574d3fc9265103
original_17_18.png,raw\signatures\full_org\original_17_18.png,17,18,genuine,1,PNG,L,636,277,2.296,98559,7e19c12904862109ee35224063c829cf2d36e87dc46dce3c88619d8bc8eaa9bd
original_17_19.png,raw\signatures\full_org\original_17_19.png,17,19,genuine,1,PNG,L,624,211,2.9573,77220,9178f6c2c63c09109405d2f1b0bacc8261ebd504bd1dd7b9ef9e419fbad29418
original_17_2.png,raw\signatures\full_org\original_17_2.png,17,2,genuine,1,PNG,L,648,264,2.4545,97847,ace2246f5653caa115d2dc9357a714a7e2b7cb519a52690d688579279da3c0f1
original_17_20.png,raw\signatures\full_org\original_17_20.png,17,20,genuine,1,PNG,L,642,259,2.4788,93606,fd39d9030bd86e253a0fb03acc8ec08b9d3a21a21a49cce1cf86199d7f345834
original_17_21.png,raw\signatures\full_org\original_17_21.png,17,21,genuine,1,PNG,L,642,307,2.0912,110406,b63652726b13abb6017edb01632f4ceb6980175bfc6f6a94420d5fe3ffff07f6
original_17_22.png,raw\signatures\full_org\original_17_22.png,17,22,genuine,1,PNG,L,666,307,2.1694,112951,c30715aad0a2ef38a99dd7b47f8869e140411e0a2483edd1f4427fecb5c95cbb
original_17_23.png,raw\signatures\full_org\original_17_23.png,17,23,genuine,1,PNG,L,654,325,2.0123,117306,92ea09d753682af03a838eabd17f5f38c84bb2d25fc57afc374131cb2e35d179
original_17_24.png,raw\signatures\full_org\original_17_24.png,17,24,genuine,1,PNG,L,666,240,2.775,92951,bf3e180a9dd150ce10c5b4a39e41e3b511ed800a3fb11d531efca10dfd3c2969
original_17_3.png,raw\signatures\full_org\original_17_3.png,17,3,genuine,1,PNG,L,642,235,2.7319,86747,1be6c9957621ae9b75e24955ff9fa49ee4dc298fbb955daebf9df334ebe102d1
original_17_4.png,raw\signatures\full_org\original_17_4.png,17,4,genuine,1,PNG,L,642,259,2.4788,95809,2b8642a73029e46df307c5e93bfe68d963d4e4fc2b1a32cbba0b70a56b0d2c15
original_17_5.png,raw\signatures\full_org\original_17_5.png,17,5,genuine,1,PNG,L,654,241,2.7137,91294,57625b0d853652e4ce7f133c90fc8778d5fff999a257bfb4a84339d3bc06fb17
original_17_6.png,raw\signatures\full_org\original_17_6.png,17,6,genuine,1,PNG,L,648,247,2.6235,90454,c50b1de4a2f04af9fb2bf73a7f89c2d1ba51bcd8ff31fa7bb78247acefd8fb99
original_17_7.png,raw\signatures\full_org\original_17_7.png,17,7,genuine,1,PNG,L,636,223,2.852,81529,d6ed963ee61d022141de987ae76b64110b421ac9ed3de7b6fbda23231955b157
original_17_8.png,raw\signatures\full_org\original_17_8.png,17,8,genuine,1,PNG,L,636,271,2.3469,97496,705ea460a639901ab452cc16ea7300c408d3b20117d3444fbff7e3aad43d7d73
original_17_9.png,raw\signatures\full_org\original_17_9.png,17,9,genuine,1,PNG,L,642,259,2.4788,94684,9d78037c51e6bb484ea552058c21e2be4860db5d40e3fbf99032f3f55db4986d
original_18_1.png,raw\signatures\full_org\original_18_1.png,18,1,genuine,1,PNG,L,600,283,2.1201,90974,8cf06bf5858631ab6726927ba3d9eb16c84fa818d43c176fa8f1842e47282fa9
original_18_10.png,raw\signatures\full_org\original_18_10.png,18,10,genuine,1,PNG,L,588,300,1.96,91648,43cc42a6a40a8978ab123688b2f981e4d319b3060e74f0154d9146ce67ae5013
original_18_11.png,raw\signatures\full_org\original_18_11.png,18,11,genuine,1,PNG,L,660,342,1.9298,118624,761ec55f20ef5fd544420a68e8804768e85dbe3b954e7897f02debb982275cd4
original_18_12.png,raw\signatures\full_org\original_18_12.png,18,12,genuine,1,PNG,L,630,319,1.9749,105285,4fcb65acd7fb2c4e7b69ffff82dee2e45e37e9a67127d4589dbf6e2e4838c725
original_18_13.png,raw\signatures\full_org\original_18_13.png,18,13,genuine,1,PNG,L,588,229,2.5677,73480,b650b01d7fb49a72affb3280ebed9aca95ed73d4e03bdcb6a466678b4ee74509
original_18_14.png,raw\signatures\full_org\original_18_14.png,18,14,genuine,1,PNG,L,606,241,2.5145,78868,d4bee8bd60264b77ea647eda8521601e2257f747a85b7054ccdd380a19fce620
original_18_15.png,raw\signatures\full_org\original_18_15.png,18,15,genuine,1,PNG,L,600,271,2.214,85546,3e94540078efa7de30398ef5f6bffe69982aa1da96f1d03f0d4b896c45b8f087
original_18_16.png,raw\signatures\full_org\original_18_16.png,18,16,genuine,1,PNG,L,534,277,1.9278,78397,7b29acad8d68df54a61c6166373104a03953add828078faf964d401999fadd28
original_18_17.png,raw\signatures\full_org\original_18_17.png,18,17,genuine,1,PNG,L,624,349,1.788,112600,b5e6c6474f3bfe4b19beb2af84f25f21e47be5a4f57982c661f11cff840498c5
original_18_18.png,raw\signatures\full_org\original_18_18.png,18,18,genuine,1,PNG,L,606,307,1.9739,96217,a51c627399b4ebfc23d7c6838ab122b5abd2cf93bfcd8c010520082cea379fb9
original_18_19.png,raw\signatures\full_org\original_18_19.png,18,19,genuine,1,PNG,L,582,283,2.0565,85769,c2d38ba86398d2fe4dd53210d5acbb2fbbd85b43db4bf119cf0fcaaa637cabc5
original_18_2.png,raw\signatures\full_org\original_18_2.png,18,2,genuine,1,PNG,L,606,283,2.1413,90926,cd4d340666bfbc9663f47fa8767228bff5d95f187491c26c039fa6156d6e6e6b
original_18_20.png,raw\signatures\full_org\original_18_20.png,18,20,genuine,1,PNG,L,588,319,1.8433,96936,023e29356cb0280d559dfcf0b4d1baf2db5df7577685ef40c8b1da795fe37089
original_18_21.png,raw\signatures\full_org\original_18_21.png,18,21,genuine,1,PNG,L,570,312,1.8269,91756,04be555b63444ae62c4d3238dc241041de5bf2f73511154de59cecfad9026b7f
original_18_22.png,raw\signatures\full_org\original_18_22.png,18,22,genuine,1,PNG,L,612,312,1.9615,97772,6cd53272c25534e7fbecde0609c6e43a46aa7e80303c986e11cc2f46f06cb93f
original_18_23.png,raw\signatures\full_org\original_18_23.png,18,23,genuine,1,PNG,L,630,348,1.8103,111844,a06ab3a9b6d01111e405bbf9e495d288835e518e7ae28b0dfa108e22fcec0acc
original_18_24.png,raw\signatures\full_org\original_18_24.png,18,24,genuine,1,PNG,L,630,289,2.1799,95951,19dd03f018c3ba84a0916cc8cd18920ed9d2c327e77383a979042376f32f2a9b
original_18_3.png,raw\signatures\full_org\original_18_3.png,18,3,genuine,1,PNG,L,636,331,1.9215,109259,e8469577fe13643ed7bb7607e21f088338f8ce29fc9ad6cf91291cf316bf1f87
original_18_4.png,raw\signatures\full_org\original_18_4.png,18,4,genuine,1,PNG,L,642,301,2.1329,100997,2c40da871e8ae7bf8dc6a0ccdd4b0410835c2b82d5375e5a89b85bffd8cb6a69
original_18_5.png,raw\signatures\full_org\original_18_5.png,18,5,genuine,1,PNG,L,582,259,2.2471,79625,b7189ea94ac03c11a090a19648952c2f4f18d8afe6e56078c7681945ebc95d0d
original_18_6.png,raw\signatures\full_org\original_18_6.png,18,6,genuine,1,PNG,L,600,295,2.0339,91751,706173b496553259bfc0ae22313bd8607a6a7dffa848efa2735ba6487d110d3a
original_18_7.png,raw\signatures\full_org\original_18_7.png,18,7,genuine,1,PNG,L,630,301,2.093,98648,168ccfafb8c64c504c3be5b5b04c0f2270cdd5cdac52f174e496fff54ecb3a9b
original_18_8.png,raw\signatures\full_org\original_18_8.png,18,8,genuine,1,PNG,L,606,277,2.1877,87464,47605b7fd38ec7579f49307624a7e57583370ef52d80cab29f40e49aa44feb9c
original_18_9.png,raw\signatures\full_org\original_18_9.png,18,9,genuine,1,PNG,L,600,300,2.0,94213,80945eb152b8b36a135a6655a8c1b70e8d7054fcbf28000e91034a584c8d6e00
original_19_1.png,raw\signatures\full_org\original_19_1.png,19,1,genuine,1,PNG,L,343,300,1.1433,56929,8269cda5c94dfd3cab02edf770ecf3f053e8c82e390034a00cb89cb5c7780434
original_19_10.png,raw\signatures\full_org\original_19_10.png,19,10,genuine,1,PNG,L,372,295,1.261,60879,0bec2786d0d7ffb1433b7e9c47ec55fbaf63b52e9ea53804e13adfaa757a2e9d
original_19_11.png,raw\signatures\full_org\original_19_11.png,19,11,genuine,1,PNG,L,295,295,1.0,49958,2ee68a821ce4c8c59256af5a33d803d83d4245ca94e5bc01a785ac4b6ed3e323
original_19_12.png,raw\signatures\full_org\original_19_12.png,19,12,genuine,1,PNG,L,342,282,1.2128,53450,25f6f31064ad866870c77504872ee6a8b2991d38fa556eecefcf8b503d5062ea
original_19_13.png,raw\signatures\full_org\original_19_13.png,19,13,genuine,1,PNG,L,312,306,1.0196,52847,246fec73d57a6945c66e0085829b606f0f95d8f2dc0703f9aee991224d77fc70
original_19_14.png,raw\signatures\full_org\original_19_14.png,19,14,genuine,1,PNG,L,336,324,1.037,60369,de975db6e9d625d06c5f8b5c819bca6052c36baa0ac55079fda5cc747eb201b5
original_19_15.png,raw\signatures\full_org\original_19_15.png,19,15,genuine,1,PNG,L,313,259,1.2085,45389,0da43fc13cd910e812146eea4e449d95d046770653f682753a48c0e71b03dc20
original_19_16.png,raw\signatures\full_org\original_19_16.png,19,16,genuine,1,PNG,L,318,318,1.0,55395,d99271d688b8be26af4419b7d49b4f2ce10fc06d7186062fa5b070be359b3a2f
original_19_17.png,raw\signatures\full_org\original_19_17.png,19,17,genuine,1,PNG,L,354,271,1.3063,53175,150b4e8038cabdf38f17f653d7de920ee896c61f79a930b9b060a6590bc59572
original_19_18.png,raw\signatures\full_org\original_19_18.png,19,18,genuine,1,PNG,L,265,301,0.8804,45472,25143cdcf0492dfb96b794ac9fc2d8b8b3932b91d1ca0fd7a105d25f216bb799
original_19_19.png,raw\signatures\full_org\original_19_19.png,19,19,genuine,1,PNG,L,354,313,1.131,60580,64578d2c85eb9da4b5ee2d727dd1491c1ffa8fabfd6d76ce0e212fc5b48f9b71
original_19_2.png,raw\signatures\full_org\original_19_2.png,19,2,genuine,1,PNG,L,283,282,1.0035,45634,d1253c4a75a3d8514a5ce851de6b620fab2c0e71cebff5bffd974170de47ba6c
original_19_20.png,raw\signatures\full_org\original_19_20.png,19,20,genuine,1,PNG,L,378,265,1.4264,56451,6abd663fd4d721dbba3c08331f7e146a5c89f8cb41e68f3a9237c775be280f9e
original_19_21.png,raw\signatures\full_org\original_19_21.png,19,21,genuine,1,PNG,L,283,283,1.0,45831,1efb4d4122952fc1f15b8d6ca1ed6fa7470808f5876a34212b49d615bd341b62
original_19_22.png,raw\signatures\full_org\original_19_22.png,19,22,genuine,1,PNG,L,390,349,1.1175,74376,d574437ff0a4b44c4d9d2a32082adf38a75b8203ef44b936d5b4def732e8ff9a
original_19_23.png,raw\signatures\full_org\original_19_23.png,19,23,genuine,1,PNG,L,307,259,1.1853,45995,a709ec48bd0c250f5d08bcd6b3c6a1fa856f82b7c94e5a32e692c6d9237e351b
original_19_24.png,raw\signatures\full_org\original_19_24.png,19,24,genuine,1,PNG,L,355,282,1.2589,55103,5a83bcfa9e59e2a46c666cf16663b3108eb730d7fd7354ac2f71f91fd9bde6b5
original_19_3.png,raw\signatures\full_org\original_19_3.png,19,3,genuine,1,PNG,L,325,247,1.3158,45300,635778c1a64fbe21d9a3c35328329dc2af27d93562e1396130da587b9cc8944e
original_19_4.png,raw\signatures\full_org\original_19_4.png,19,4,genuine,1,PNG,L,336,289,1.1626,53986,ccf01c5bb65ea9ce49a49993218ec044454b7463481b59523f36e7f3c8f6d01e
original_19_5.png,raw\signatures\full_org\original_19_5.png,19,5,genuine,1,PNG,L,325,265,1.2264,49361,7c027131038d0cfbbd0f3c794dd4db20f6110292b3d59990b689998dd242c74c
original_19_6.png,raw\signatures\full_org\original_19_6.png,19,6,genuine,1,PNG,L,391,343,1.1399,73477,9a456d738853d697928d374fca2f43bf2c6be6c5c4f31c655d2f7d1884daa724
original_19_7.png,raw\signatures\full_org\original_19_7.png,19,7,genuine,1,PNG,L,354,271,1.3063,53905,2af09fe483299f08c70b43c3006d6c48eeb5a2663c586f4b7be8c20266410552
original_19_8.png,raw\signatures\full_org\original_19_8.png,19,8,genuine,1,PNG,L,301,277,1.0866,48372,0065222895461773433c4bd9e9a2ab0efb0414f3d897e6840a151c98885e1b03
original_19_9.png,raw\signatures\full_org\original_19_9.png,19,9,genuine,1,PNG,L,349,283,1.2332,55344,303b187b96f9e5618908fbbb7f69397c308e085647db44a2a26021b56f5bb9f1
original_1_1.png,raw\signatures\full_org\original_1_1.png,1,1,genuine,1,PNG,L,576,343,1.6793,103437,c8ab1e382dea8cca088822ba0eaad3a056f5b0372f725eb619c503f3487f7a1a
original_1_10.png,raw\signatures\full_org\original_1_10.png,1,10,genuine,1,PNG,L,588,396,1.4848,120165,3613ea41c34bc910af2eb918909da4898b975e4bc38fa11b0c8456330fa96030
original_1_11.png,raw\signatures\full_org\original_1_11.png,1,11,genuine,1,PNG,L,618,372,1.6613,121086,bdc71e179292396ebb6e0f33beca2989bc5776c941eb62f1da9fd0025a48dd37
original_1_12.png,raw\signatures\full_org\original_1_12.png,1,12,genuine,1,PNG,L,558,319,1.7492,92282,af86a5dc8c85aa0895db98cf1efbca38f611363006aa506b45646e31842d8be5
original_1_13.png,raw\signatures\full_org\original_1_13.png,1,13,genuine,1,PNG,L,588,439,1.3394,133651,d2467382c00fd6b96aeed71817b38c9c250330820880a2dbb7c8c24e63cc4da6
original_1_14.png,raw\signatures\full_org\original_1_14.png,1,14,genuine,1,PNG,L,588,397,1.4811,121988,7923bcaae3fd48e86bdb7032e0f4cded4542d1b3826af2cbe392b4c68832eacb
original_1_15.png,raw\signatures\full_org\original_1_15.png,1,15,genuine,1,PNG,L,606,373,1.6247,116667,e0a8201bc4f801e41c56ab841f84a691b520659958bbc2765ee44c50308940f9
original_1_16.png,raw\signatures\full_org\original_1_16.png,1,16,genuine,1,PNG,L,540,379,1.4248,107526,96daecf9ac279338d0d522a4c292294772d53775facfa12955fa96005d6193da
original_1_17.png,raw\signatures\full_org\original_1_17.png,1,17,genuine,1,PNG,L,576,379,1.5198,113685,38c017864cf9ba36b3ea335bd04a4ac888f9eb3e2e15e13805116808cc14d258
original_1_18.png,raw\signatures\full_org\original_1_18.png,1,18,genuine,1,PNG,L,594,373,1.5925,114371,6a847eef7bb6c2cdd3d85ac0bad3d821bbe1094dbaaaca53e58ede357824138c
original_1_19.png,raw\signatures\full_org\original_1_19.png,1,19,genuine,1,PNG,L,618,415,1.4892,131736,b358a02ba39bda256e7a485fdfd7c800c014b47772fdac545551627100e44bb7
original_1_2.png,raw\signatures\full_org\original_1_2.png,1,2,genuine,1,PNG,L,576,349,1.6504,104542,ba1b60fd552ff06bafdb5758f93cd9ad8c3fe8c8e2e317230edd4118eece5184
original_1_20.png,raw\signatures\full_org\original_1_20.png,1,20,genuine,1,PNG,L,600,343,1.7493,106333,f02c6c8ced3662b76827f5c542bd8a65693018c6b1ad67922ec74328688b33ff
original_1_21.png,raw\signatures\full_org\original_1_21.png,1,21,genuine,1,PNG,L,612,420,1.4571,131555,35b18bac8de773a14ecbdb511fb577cbb7129c7667b2513e2fb0a9e2523318bf
original_1_22.png,raw\signatures\full_org\original_1_22.png,1,22,genuine,1,PNG,L,588,384,1.5312,117201,03820a8499b4a2d241420530b9a7727b496be592dac611b6118c1db3f1472646
original_1_23.png,raw\signatures\full_org\original_1_23.png,1,23,genuine,1,PNG,L,624,384,1.625,122885,448f645855fd8c5e874275849858bace86b75629d59acd493b472e57df3fb43a
original_1_24.png,raw\signatures\full_org\original_1_24.png,1,24,genuine,1,PNG,L,534,390,1.3692,108450,55ff59446f4cc7350b902e008b23461fc9d4f287c6e4d6e4e7f15e80f53d67f2
original_1_3.png,raw\signatures\full_org\original_1_3.png,1,3,genuine,1,PNG,L,576,343,1.6793,103212,aed015cf8cda762ef04785ea8a3a5e77cb977a1712b6d5662d6c302f8ff3aca7
original_1_4.png,raw\signatures\full_org\original_1_4.png,1,4,genuine,1,PNG,L,546,355,1.538,101876,e7279e7930885a081914b0966deb61d8ee133cc3f1fdcdfc440fbcbfca285261
original_1_5.png,raw\signatures\full_org\original_1_5.png,1,5,genuine,1,PNG,L,588,325,1.8092,99627,3d0e1ac47fc9e3fc0f528031def388582c413c55a5361b00e0439566dec0d70d
original_1_6.png,raw\signatures\full_org\original_1_6.png,1,6,genuine,1,PNG,L,534,378,1.4127,103802,265ec0c1e99af018a410b02634d2a2134548fefe20dcb8b2ecdcb39533c93e46
original_1_7.png,raw\signatures\full_org\original_1_7.png,1,7,genuine,1,PNG,L,612,373,1.6408,118058,e7867c9aaa02dad44aff80a150f0ba5eccdad8d217d4dd65b2411eaa87efcac3
original_1_8.png,raw\signatures\full_org\original_1_8.png,1,8,genuine,1,PNG,L,564,354,1.5932,102622,f699a0d938ebcc90fa15be4f20cc80efdd88c633d0f75748acbe9ebf224f7b70
original_1_9.png,raw\signatures\full_org\original_1_9.png,1,9,genuine,1,PNG,L,570,372,1.5323,108693,fe0c54f069eadbda8d583d132ff05459fcb8579bdc589258ec0cdabace2d6ab0
original_20_1.png,raw\signatures\full_org\original_20_1.png,20,1,genuine,1,PNG,L,325,235,1.383,42435,2d50b93f0404857bceeb713a8459b066f8ec14fdbfb9b44517a4ce2d73a48283
original_20_10.png,raw\signatures\full_org\original_20_10.png,20,10,genuine,1,PNG,L,390,306,1.2745,62399,314f5ae8311bf258d72ceb80d799dce4654601ac2bb8b725c61c62d6bca581a4
original_20_11.png,raw\signatures\full_org\original_20_11.png,20,11,genuine,1,PNG,L,367,312,1.1763,60116,e418a1142aa7bb721c9ada029fffda030faf5b73c81d3001db27dd1f68078fea
original_20_12.png,raw\signatures\full_org\original_20_12.png,20,12,genuine,1,PNG,L,325,241,1.3485,43521,36ae8750ac94f1b4b362714354d09e05c59119c40d92d51ef3e735ee746e7f3a
original_20_13.png,raw\signatures\full_org\original_20_13.png,20,13,genuine,1,PNG,L,331,222,1.491,40361,9cdd15fb8c05431060c92298ff0629592fe801ae23ea60bc7ab1690d879686a6
original_20_14.png,raw\signatures\full_org\original_20_14.png,20,14,genuine,1,PNG,L,331,264,1.2538,47025,d6175fd0c24ecb86c747d6f65bb87baf5c4e5a21586d985f516876995a8e8b60
original_20_15.png,raw\signatures\full_org\original_20_15.png,20,15,genuine,1,PNG,L,342,247,1.3846,45842,df7b97c1d3d34c2e32ea10a0d18eef7011565d06a95d36b143fecaafcf8e98f2
original_20_16.png,raw\signatures\full_org\original_20_16.png,20,16,genuine,1,PNG,L,373,252,1.4802,50529,91208256c0346a490eb244b0a974ff67a02776f5e0595b8489b5ff5ac07c9967
original_20_17.png,raw\signatures\full_org\original_20_17.png,20,17,genuine,1,PNG,L,379,223,1.6996,45692,08840fbc7c60402fb7f19879a638058fbb178a63816d2fb333f949eb9428c720
original_20_18.png,raw\signatures\full_org\original_20_18.png,20,18,genuine,1,PNG,L,378,265,1.4264,53570,d9ca0e1b4106106401e811ec6a3cb19db675ebf88652486c473bb18ddff42367
original_20_19.png,raw\signatures\full_org\original_20_19.png,20,19,genuine,1,PNG,L,349,247,1.413,46192,ccb3ebdfa5a823736f93ea924ad024629ff991b03c89ed86e48610b92a06917c
original_20_2.png,raw\signatures\full_org\original_20_2.png,20,2,genuine,1,PNG,L,361,229,1.5764,45017,bf7b9935b8992bca442e3e9d549c2230dc54f2326b95a61382d05045e9027e36
original_20_20.png,raw\signatures\full_org\original_20_20.png,20,20,genuine,1,PNG,L,373,241,1.5477,47948,94365bfb449604504b0aa169dd3920d3d46fc240744de80d0f899286dbf84425
original_20_21.png,raw\signatures\full_org\original_20_21.png,20,21,genuine,1,PNG,L,348,271,1.2841,50360,fe60256f9cbc2e69217162d14e18e41caef4e7b4504a5c02ca62f2ffd87d9624
original_20_22.png,raw\signatures\full_org\original_20_22.png,20,22,genuine,1,PNG,L,355,247,1.4372,47293,a563e302a4e3e7749e8903a53510a41551bb1acbe8ed6af63b7fdf60d2d92863
original_20_23.png,raw\signatures\full_org\original_20_23.png,20,23,genuine,1,PNG,L,409,271,1.5092,58560,32bd0a7e7d79bb7ede3273f1bd93e5ee766b8ab8d3f99b571571f85c45ba40a4
original_20_24.png,raw\signatures\full_org\original_20_24.png,20,24,genuine,1,PNG,L,336,258,1.3023,46924,8aefab6ded51ad0b70919c3076ca5b3f7fe41d70f6347f544b1866fd3a806990
original_20_3.png,raw\signatures\full_org\original_20_3.png,20,3,genuine,1,PNG,L,337,253,1.332,46649,04ed24f16a7029e7a29fd478e06905c3a082258da4a18f90c7cf67154c80687b
original_20_4.png,raw\signatures\full_org\original_20_4.png,20,4,genuine,1,PNG,L,307,241,1.2739,40894,5762c9d476f47dc3232b9077143c76d9caa1f7b85b41b4d0eef4df1eb091a0cd
original_20_5.png,raw\signatures\full_org\original_20_5.png,20,5,genuine,1,PNG,L,331,211,1.5687,38532,46c4fa86679645ac41b656d77ec4aaa1a4adbaf49ccda5e11ba5c9e78b7f42f1
original_20_6.png,raw\signatures\full_org\original_20_6.png,20,6,genuine,1,PNG,L,319,199,1.603,35359,390ad8a3d25664a29a19bfa9de784f8bf09c7dd9bac586fb0a87e43e95aa1397
original_20_7.png,raw\signatures\full_org\original_20_7.png,20,7,genuine,1,PNG,L,331,211,1.5687,38135,54d33bcbf22502ab4f4bee6aa03852b5bea8dc66530e63f1a90dd134e8fa3494
original_20_8.png,raw\signatures\full_org\original_20_8.png,20,8,genuine,1,PNG,L,361,223,1.6188,43602,9ef45b7eb0673387e056ba06e0999b6a66e822a2872232227150f35aa69922cb
original_20_9.png,raw\signatures\full_org\original_20_9.png,20,9,genuine,1,PNG,L,360,252,1.4286,48418,78ef1514dc778cdf952d1e1d06b22c668f12c86f6734f81c4a0d821484c86415
original_21_1.png,raw\signatures\full_org\original_21_1.png,21,1,genuine,1,PNG,L,366,312,1.1731,60767,08dd722b106c28914ffa1d57ecc959329bb48a98355e703bdaffbb6e3aa06179
original_21_10.png,raw\signatures\full_org\original_21_10.png,21,10,genuine,1,PNG,L,306,319,0.9592,53140,77232bebdc3f4ed575f767ab9ec48e7456ffc899a8f958c8c36ccd987d192266
original_21_11.png,raw\signatures\full_org\original_21_11.png,21,11,genuine,1,PNG,L,330,301,1.0963,53814,cafad63e8cf168eb3ab702fd29ac5a8dc242a135bb85b4ddab6158b1abb4ff07
original_21_12.png,raw\signatures\full_org\original_21_12.png,21,12,genuine,1,PNG,L,343,318,1.0786,57849,e8f983402916a0401030e555447028d844379d92c74856de64ececc82355bdae
original_21_13.png,raw\signatures\full_org\original_21_13.png,21,13,genuine,1,PNG,L,342,312,1.0962,56726,cf6860e2b335db9a2270ccc9a98e732af6db49b9c21afdf6dd35ee74a4ce0953
original_21_14.png,raw\signatures\full_org\original_21_14.png,21,14,genuine,1,PNG,L,360,336,1.0714,63955,e3e63cfa239072c0d714e6248e96536c271df0827f551729818c9036da3198fb
original_21_15.png,raw\signatures\full_org\original_21_15.png,21,15,genuine,1,PNG,L,288,276,1.0435,43150,505947d035f19c50feb33339ba92f12d980da653c592dcf6bb90bd55acdbbfa1
original_21_16.png,raw\signatures\full_org\original_21_16.png,21,16,genuine,1,PNG,L,324,282,1.1489,49268,d8c4c16eacb142edf10f2ced2e243bf36851e5506722c3254926eae29b7cf245
original_21_17.png,raw\signatures\full_org\original_21_17.png,21,17,genuine,1,PNG,L,306,277,1.1047,46598,6ff951365e5668278a193c68d976bc6ade4e9a83cee2cffe299832802770fc4d
original_21_18.png,raw\signatures\full_org\original_21_18.png,21,18,genuine,1,PNG,L,301,253,1.1897,41686,ddb11ac0d129476a4bfc048a5b4281caf79a70f76e121a82e1039ab9045dc99b
original_21_19.png,raw\signatures\full_org\original_21_19.png,21,19,genuine,1,PNG,L,276,247,1.1174,37932,aee905ce67ab41a08c5103814db1bb1393021be1052204af543948b3e17ffb2e
original_21_2.png,raw\signatures\full_org\original_21_2.png,21,2,genuine,1,PNG,L,384,276,1.3913,57265,a1df0526fee74172e98e2913ae916dece1b4e4302a86c780b96d7b5897dca4ac
original_21_20.png,raw\signatures\full_org\original_21_20.png,21,20,genuine,1,PNG,L,354,343,1.0321,64871,46fcdcb708cd78e8ae3e4f66e2137607358f2a73c89a28719730c5096d1f97bd
original_21_21.png,raw\signatures\full_org\original_21_21.png,21,21,genuine,1,PNG,L,264,277,0.9531,40714,0e393e13e84ea918fab54668f0676b3b2e5659bd50d9e91f9cb7d9588683e49c
original_21_22.png,raw\signatures\full_org\original_21_22.png,21,22,genuine,1,PNG,L,330,265,1.2453,47545,5baee09e8136bd201253e528ddcc16ef7657ba2711b5f487fe20586e0b811228
original_21_23.png,raw\signatures\full_org\original_21_23.png,21,23,genuine,1,PNG,L,342,283,1.2085,52344,a6f2a903bee38fde389118d39af594e0ccfa8c3f49ad976141e10a447ffdaac1
original_21_24.png,raw\signatures\full_org\original_21_24.png,21,24,genuine,1,PNG,L,366,300,1.22,58131,50d0396be1faf48b66a1166c3eb54522b99982f45a5d1c2935a87c62e5e238de
original_21_3.png,raw\signatures\full_org\original_21_3.png,21,3,genuine,1,PNG,L,372,294,1.2653,57812,edeb1b3b907d55300f56b5f94367d04c5d35ec01552033670c7a7618813494a8
original_21_4.png,raw\signatures\full_org\original_21_4.png,21,4,genuine,1,PNG,L,372,300,1.24,59341,2b69559e0c4d6be9a56b10d68ccce06d059cce7e885a4dce884563410373fdcd
original_21_5.png,raw\signatures\full_org\original_21_5.png,21,5,genuine,1,PNG,L,384,288,1.3333,59587,9bc81f13c305c0b1fda2edf2d16f912ff940389ecab2c8604751925fa55383d0
original_21_6.png,raw\signatures\full_org\original_21_6.png,21,6,genuine,1,PNG,L,330,265,1.2453,48260,1ff806c8481a668b3430ae9016ce844e2611604ac8aa5996d768e8cda2d113ae
original_21_7.png,raw\signatures\full_org\original_21_7.png,21,7,genuine,1,PNG,L,324,289,1.1211,51108,065d9ae4c9455b9d843a7cf9232d9bfdfc9802a76ef6562aa44f54563a02a0a3
original_21_8.png,raw\signatures\full_org\original_21_8.png,21,8,genuine,1,PNG,L,312,271,1.1513,46758,ab67bda64f05ae4567be8b471be400e63895a53ad801d81a87e7a5c95fade0bb
original_21_9.png,raw\signatures\full_org\original_21_9.png,21,9,genuine,1,PNG,L,318,229,1.3886,40289,e6338db9674b60715614cc11d6567061335f26b35e4e5c8baeb50259afd0f4b0
original_22_1.png,raw\signatures\full_org\original_22_1.png,22,1,genuine,1,PNG,L,324,253,1.2806,46658,3b683fbc2e547a3a6d65834a3ec212b42476d95b81a7b07030f81af3c1f2d84b
original_22_10.png,raw\signatures\full_org\original_22_10.png,22,10,genuine,1,PNG,L,282,240,1.175,38521,99cf7db2d83607cef0d7d07c56262f3d103ac83b5ed8383248b4d82e08926f77
original_22_11.png,raw\signatures\full_org\original_22_11.png,22,11,genuine,1,PNG,L,318,252,1.2619,44158,66b62a8f210200303f384adc5bb959684d6bd3b0c9e749bde8b32e74c49d1d60
original_22_12.png,raw\signatures\full_org\original_22_12.png,22,12,genuine,1,PNG,L,324,259,1.251,47151,5282c2912bdb48823c4d4d87ba7430919104520e7bce05a57866c49ce99597f8
original_22_13.png,raw\signatures\full_org\original_22_13.png,22,13,genuine,1,PNG,L,366,265,1.3811,53329,4f256986b0907a71e1658c1d1764af64b3516a51f94594643445af417d95da14
original_22_14.png,raw\signatures\full_org\original_22_14.png,22,14,genuine,1,PNG,L,306,259,1.1815,44498,3f5e281432c8bdc7947294e31a06c4830cfff75e81a0185ef0c9d7d948124cca
original_22_15.png,raw\signatures\full_org\original_22_15.png,22,15,genuine,1,PNG,L,318,283,1.1237,49442,0143cab442c5a86e21f8d8afb24f09c1dfd49bb0e4a846ea13bc31443530b737
original_22_16.png,raw\signatures\full_org\original_22_16.png,22,16,genuine,1,PNG,L,330,307,1.0749,55552,e5d3004cf48f6b58fff55eca5c8173e6aaf79072ab139d2dc398936afdab1d23
original_22_17.png,raw\signatures\full_org\original_22_17.png,22,17,genuine,1,PNG,L,366,217,1.6866,44177,1a328d1b8a74eae1ca7541a0ecf930e2225ab9eff9af97f0fd399f5fac35605a
original_22_18.png,raw\signatures\full_org\original_22_18.png,22,18,genuine,1,PNG,L,330,277,1.1913,49393,a127ac25927b668823753cb838c68170a4a27ab1ae64f9b5ca90ddcf88bbc434
original_22_19.png,raw\signatures\full_org\original_22_19.png,22,19,genuine,1,PNG,L,288,271,1.0627,43393,0eaf91fa546f33ff130c8c9f3f7047868d26a7cd30f154f04bf3947e1bea6116
original_22_2.png,raw\signatures\full_org\original_22_2.png,22,2,genuine,1,PNG,L,300,217,1.3825,37754,8c7a3298178d73c0d05f518ec218bbb158fa4ef092e1089ed9de7bf93ea1b2ae
original_22_20.png,raw\signatures\full_org\original_22_20.png,22,20,genuine,1,PNG,L,324,247,1.3117,43972,e415ae7fdb9d396b28f2d75c9b0052b37b3ecbacbc1313b17cc6a0ef0073cd76
original_22_21.png,raw\signatures\full_org\original_22_21.png,22,21,genuine,1,PNG,L,336,258,1.3023,47085,973a30d69d89a35c0453569bc2797cca419743870b9e8f169c3cce3e9fe34b81
original_22_22.png,raw\signatures\full_org\original_22_22.png,22,22,genuine,1,PNG,L,360,282,1.2766,55047,e97d7d17e8709eaeb5368b24ab1353fa47dda4a3e85a727989bd574f43c35d7b
original_22_23.png,raw\signatures\full_org\original_22_23.png,22,23,genuine,1,PNG,L,288,270,1.0667,43314,0223a4769e002296026cdf42400adfd8f73866993d87cc03555bdb1d20e3ec20
original_22_24.png,raw\signatures\full_org\original_22_24.png,22,24,genuine,1,PNG,L,306,241,1.2697,41486,4031655b97bf0ccab7f2fde420e348d89d924272a5a3c1473b204644594e2326
original_22_3.png,raw\signatures\full_org\original_22_3.png,22,3,genuine,1,PNG,L,348,265,1.3132,51269,47b31f083ea0c3fa3f6c1885f1184c22ad4c537e70ba1e68bcee332a4dc6918e
original_22_4.png,raw\signatures\full_org\original_22_4.png,22,4,genuine,1,PNG,L,330,235,1.4043,43868,ff1a07f1c16fee163583c92c5e1410d70b6f25563fb36000d7b0a7c5fafbb142
original_22_5.png,raw\signatures\full_org\original_22_5.png,22,5,genuine,1,PNG,L,294,217,1.3548,36729,faa4aade37b491df4b0bce79d9e936f8b101ec25ba7726e069ecf7320523bcd7
original_22_6.png,raw\signatures\full_org\original_22_6.png,22,6,genuine,1,PNG,L,336,229,1.4672,43390,200064becf7372408c03ee41f47ca4307b44ca1022bec56030666e3af1ccde48
original_22_7.png,raw\signatures\full_org\original_22_7.png,22,7,genuine,1,PNG,L,366,241,1.5187,48640,d1db63b2bafe28ddae41dc0374ebc42feb29ee94179091d3b9f359281de47b68
original_22_8.png,raw\signatures\full_org\original_22_8.png,22,8,genuine,1,PNG,L,330,271,1.2177,49734,5874c22486036c7eb35173185d3d88a1eff651cd5a9fba775ffa886fe90bea7a
original_22_9.png,raw\signatures\full_org\original_22_9.png,22,9,genuine,1,PNG,L,384,234,1.641,49510,edad66dca40f0faeb911dd3dcc6671938f19da575a42b864146795e32361723f
original_23_1.png,raw\signatures\full_org\original_23_1.png,23,1,genuine,1,PNG,L,426,409,1.0416,92197,66c17c6a0e4dc3e1fd005b6989bf4fc8422734c9a58e505ad5d188df542862c0
original_23_10.png,raw\signatures\full_org\original_23_10.png,23,10,genuine,1,PNG,L,414,408,1.0147,89380,7de9f6c221ac77469d9624046baa7952dc6d246c903c3ba43d75da3020a858ce
original_23_11.png,raw\signatures\full_org\original_23_11.png,23,11,genuine,1,PNG,L,546,360,1.5167,104076,5051a55dfdc60efb64a235a5d7c86ed7905be96d7543a519bceeca03f97bbe5d
original_23_12.png,raw\signatures\full_org\original_23_12.png,23,12,genuine,1,PNG,L,396,325,1.2185,69483,a329fbf1b0adb8c965d2ada4202f423d447b609e8ce55e94378bf473170ebb33
original_23_13.png,raw\signatures\full_org\original_23_13.png,23,13,genuine,1,PNG,L,372,349,1.0659,70761,03042307954c4ae6fbd2fce6783edc6ed1fc496184dcfe33a1bf5e07b85abb46
original_23_14.png,raw\signatures\full_org\original_23_14.png,23,14,genuine,1,PNG,L,498,337,1.4777,91086,779c11c9889b7c5f359c46889b51dc71c231de0eb663fb3add7e650fb4538b7c
original_23_15.png,raw\signatures\full_org\original_23_15.png,23,15,genuine,1,PNG,L,420,271,1.5498,61808,d13f605a04c104b8cef28788cabe8c870ed9afaa7a7ca19d2ed19093e3f879a0
original_23_16.png,raw\signatures\full_org\original_23_16.png,23,16,genuine,1,PNG,L,450,337,1.3353,81065,49dc914fd47a29c5a065992c25edeffea9a14620ce0e83e475e2875fa2d0c9af
original_23_17.png,raw\signatures\full_org\original_23_17.png,23,17,genuine,1,PNG,L,438,301,1.4551,72255,1758761e480bf54af2c89e33399896d257f842080cfb28f9013892d0fb333589
original_23_18.png,raw\signatures\full_org\original_23_18.png,23,18,genuine,1,PNG,L,402,301,1.3355,64471,36326db4e1afdf6a3ce33a30a88bad726fd0aa167c51bb40b44ba0fb6ce7a560
original_23_19.png,raw\signatures\full_org\original_23_19.png,23,19,genuine,1,PNG,L,432,301,1.4352,69603,93c277d617666672284126e9266b77155357601082d85eba5100903befd5b647
original_23_2.png,raw\signatures\full_org\original_23_2.png,23,2,genuine,1,PNG,L,462,385,1.2,94101,6e36ecd08f1359808810d41e15523c02defd27b19b842c4e9e2005d37d2b0552
original_23_20.png,raw\signatures\full_org\original_23_20.png,23,20,genuine,1,PNG,L,468,307,1.5244,76443,158d120215eca6905d35278b6d6aa799db4f3361711837158fce7870791e32a6
original_23_21.png,raw\signatures\full_org\original_23_21.png,23,21,genuine,1,PNG,L,426,336,1.2679,75084,2eb02174344d516eab269b144730046eaa60562e416cca2dbf786c26447b6c61
original_23_22.png,raw\signatures\full_org\original_23_22.png,23,22,genuine,1,PNG,L,450,336,1.3393,80370,99c5543503af7edd6089146b30a203e4b099564fe15f5664df6548d8de233d0c
original_23_23.png,raw\signatures\full_org\original_23_23.png,23,23,genuine,1,PNG,L,420,330,1.2727,74249,bbc79fcff7f1b565af4478f8474277493e6f0c6b8e4c74e646d6b723b2cdc08b
original_23_24.png,raw\signatures\full_org\original_23_24.png,23,24,genuine,1,PNG,L,432,313,1.3802,72991,c92fe0f474ebe214a65f0e504578ea0b3a8b673ebc350441ba0e3df9476afc8f
original_23_3.png,raw\signatures\full_org\original_23_3.png,23,3,genuine,1,PNG,L,426,307,1.3876,70325,26e1d8c3677eba31e4349fedc19bd88fde042c569ebc18907c510a9d80f286f2
original_23_4.png,raw\signatures\full_org\original_23_4.png,23,4,genuine,1,PNG,L,438,319,1.373,74926,c1aa1c442da95800055678e7067663c0f6d6d1bcb219353eab45f09d24cec2c4
original_23_5.png,raw\signatures\full_org\original_23_5.png,23,5,genuine,1,PNG,L,432,283,1.5265,67543,925b2304b0099ef11b2b8c0e841718a339c70b31ffd35a344ea2b04209b195af
original_23_6.png,raw\signatures\full_org\original_23_6.png,23,6,genuine,1,PNG,L,462,313,1.476,76953,0c3a9caa317a68cdc8b78051659d0954c2209c862ace7d2e787ff0e8ee45cdcf
original_23_7.png,raw\signatures\full_org\original_23_7.png,23,7,genuine,1,PNG,L,444,367,1.2098,86883,68fa2e5cee3f11ef5f7b1b6d2d389dedbaf1077d99c494ffbe09e3a2a26c531e
original_23_8.png,raw\signatures\full_org\original_23_8.png,23,8,genuine,1,PNG,L,534,325,1.6431,93231,8c7421544daf99ba8be3288be489c9d8c3075663aa9b3b983e232bd1b8390cf7
original_23_9.png,raw\signatures\full_org\original_23_9.png,23,9,genuine,1,PNG,L,474,378,1.254,94919,f33931d7fc0fea8581fcef1a13c1c96a01839b355a192b44d7f60624a4c902a2
original_24_1.png,raw\signatures\full_org\original_24_1.png,24,1,genuine,1,PNG,L,384,295,1.3017,61066,888f99598729fea8ab9456077782af9650b59c9f5806f1521885d4bab817f934
original_24_10.png,raw\signatures\full_org\original_24_10.png,24,10,genuine,1,PNG,L,414,306,1.3529,66845,3ce87b71125f32a70d3d640bc2f318a59c8681fd5d5bb5ab8155c3ce7f5ceb7e
original_24_11.png,raw\signatures\full_org\original_24_11.png,24,11,genuine,1,PNG,L,504,336,1.5,87636,5a60d7c773d6030636e3ab237973a465f415aa255b532535f8c3c75c0bdfbf01
original_24_12.png,raw\signatures\full_org\original_24_12.png,24,12,genuine,1,PNG,L,426,289,1.474,66598,d8aa21568454a3a89246e6f1be69d7a12b23f66c16719270a6d3cff352821e5b
original_24_13.png,raw\signatures\full_org\original_24_13.png,24,13,genuine,1,PNG,L,408,277,1.4729,61363,b9d3b8c6807c2988f0b9fbba42a35e5525b2bf5b218dae5b1eb90879b8978864
original_24_14.png,raw\signatures\full_org\original_24_14.png,24,14,genuine,1,PNG,L,384,319,1.2038,65711,1c8698a89b5abe3f6007c911a00dd9ac8ce4b895fc72f908c33b1d79563619c7
original_24_15.png,raw\signatures\full_org\original_24_15.png,24,15,genuine,1,PNG,L,402,319,1.2602,68497,10de306eee708229cbb4283dbe298bb8cec65cc3bd0f31f4ae32a386d2c6df5a
original_24_16.png,raw\signatures\full_org\original_24_16.png,24,16,genuine,1,PNG,L,354,301,1.1761,57276,5ef4ed86e382572af383b32dbe78ee1115f9eb4228e25eaecbc425f602e3d157
original_24_17.png,raw\signatures\full_org\original_24_17.png,24,17,genuine,1,PNG,L,390,241,1.6183,51005,d0b55b45550c4bd917b27b777e916c4193a2ff9694109ddfdffd99aa9ca7b231
original_24_18.png,raw\signatures\full_org\original_24_18.png,24,18,genuine,1,PNG,L,402,234,1.7179,50618,32e5e125d40cac91cef9ec49efc11801eb7bfd0e8266b01093ebb046ee1d3496
original_24_19.png,raw\signatures\full_org\original_24_19.png,24,19,genuine,1,PNG,L,354,252,1.4048,48185,51992c985b029f54701833cb1e1cca0259839dadd8d80b0f9085e6477cada891
original_24_2.png,raw\signatures\full_org\original_24_2.png,24,2,genuine,1,PNG,L,402,325,1.2369,69933,89fd010f129c2ac5a0d8e1cb1bbca7179ed33b40e4d9f24c65a86472d7b78050
original_24_20.png,raw\signatures\full_org\original_24_20.png,24,20,genuine,1,PNG,L,354,252,1.4048,48322,29198c76b6530536731c2efee50b17f82ef6307abbb187aca58cd1c053397927
original_24_21.png,raw\signatures\full_org\original_24_21.png,24,21,genuine,1,PNG,L,378,312,1.2115,62769,2ed24945fddf696ffa8d9c10d1d9ba165fcd8d5c0d24494ca55abb3f053da951
original_24_22.png,raw\signatures\full_org\original_24_22.png,24,22,genuine,1,PNG,L,318,276,1.1522,47900,d86195186a492f25ebc64ae80a50b2482a00bab07d3b76f215e7366d22e39a5b
original_24_23.png,raw\signatures\full_org\original_24_23.png,24,23,genuine,1,PNG,L,396,217,1.8249,46465,a5ab0e36226d69eac3fc2dcf02c4dafaa5236444776f2537c4b59941cf2336fe
original_24_24.png,raw\signatures\full_org\original_24_24.png,24,24,genuine,1,PNG,L,396,241,1.6432,52543,df4bf145ab419858539971fb50259cf77999e7405bc84e758cfc698e8ce4d825
original_24_3.png,raw\signatures\full_org\original_24_3.png,24,3,genuine,1,PNG,L,474,277,1.7112,69574,da7d1a80b48402bb58c280278b712c0f06b71978513fe0220e1e44d7308f2864
original_24_4.png,raw\signatures\full_org\original_24_4.png,24,4,genuine,1,PNG,L,366,301,1.2159,58397,0cafd85fff2d2457b09d0020f652a4a43c666d97cbf4bef913b9009e078047cd
original_24_5.png,raw\signatures\full_org\original_24_5.png,24,5,genuine,1,PNG,L,450,259,1.7375,61785,31ad9a14555fbfa4be4da6d74654038f324d45f0ed98fd58ebc3eb21da038641
original_24_6.png,raw\signatures\full_org\original_24_6.png,24,6,genuine,1,PNG,L,402,324,1.2407,68655,74fb49622ea4854ecc02e61be2591e5d364c47568fc916a01ae47f550e7360a3
original_24_7.png,raw\signatures\full_org\original_24_7.png,24,7,genuine,1,PNG,L,432,282,1.5319,64185,628530d52992fdcffbd093855b7132f7c0d7082c3ff4e9710bdacb403fe7448d
original_24_8.png,raw\signatures\full_org\original_24_8.png,24,8,genuine,1,PNG,L,432,258,1.6744,59681,b63bbed9969cb22dd1f8aceeb0aa8d4a4753fa27a2184c805e758f9b72579b49
original_24_9.png,raw\signatures\full_org\original_24_9.png,24,9,genuine,1,PNG,L,444,312,1.4231,72718,923cd5b49a4b102c863258cf7e960a04f53ad0f42becd46deb2d2f1db92c8d07
original_25_1.png,raw\signatures\full_org\original_25_1.png,25,1,genuine,1,PNG,L,283,253,1.1186,39769,7de435f961d998a3e6cd9a462e73af149a5a8821e81ef057e73f44a6387838f1
original_25_10.png,raw\signatures\full_org\original_25_10.png,25,10,genuine,1,PNG,L,360,252,1.4286,48806,45027ebbc19af67539a0045e5dbc3e2474efa831847efe471bbbdbff743dcad1
original_25_11.png,raw\signatures\full_org\original_25_11.png,25,11,genuine,1,PNG,L,360,270,1.3333,51798,c44241cb536bb6fbdd6fdbb7d17f56f7912cd2fbf50b4a38332604a5d62706b7
original_25_12.png,raw\signatures\full_org\original_25_12.png,25,12,genuine,1,PNG,L,318,235,1.3532,41573,a25716a47063045779f82f40b0b1308a3994e056732996a9b97771a8e7e0731a
original_25_13.png,raw\signatures\full_org\original_25_13.png,25,13,genuine,1,PNG,L,306,271,1.1292,45650,f5b96d3f7b15f2c6e42873b80a2a7dda93a4c00467b752b0d882b992db026134
original_25_14.png,raw\signatures\full_org\original_25_14.png,25,14,genuine,1,PNG,L,301,253,1.1897,41392,74746020b1aeb5e7f76fb4bc8d5ed370ce5638291366bfb3a19fba3902eda09f
original_25_15.png,raw\signatures\full_org\original_25_15.png,25,15,genuine,1,PNG,L,306,259,1.1815,43428,a8aded4e3c1d431d9bb120396c16c0acab00130f23b2c37b99efac4994700b07
original_25_16.png,raw\signatures\full_org\original_25_16.png,25,16,genuine,1,PNG,L,336,313,1.0735,56525,dc11a02b1ca04d3f6c495e4c351c8197dafbb8a11533a1b94367c844d3cbfc1f
original_25_17.png,raw\signatures\full_org\original_25_17.png,25,17,genuine,1,PNG,L,306,247,1.2389,40989,94bef75e142e8efc99d18e26b35affed747ca3d2231988925974dd62f07c9eab
original_25_18.png,raw\signatures\full_org\original_25_18.png,25,18,genuine,1,PNG,L,342,301,1.1362,54945,b316466c1117f1aee3614a01b25e9d89c356a7c5d012260f16b6079573897c54
original_25_19.png,raw\signatures\full_org\original_25_19.png,25,19,genuine,1,PNG,L,360,283,1.2721,54587,2ec17a820a7fa6ec6a09920dd0ac889a68fc722905c6a19d81cad8882e3d2d9c
original_25_2.png,raw\signatures\full_org\original_25_2.png,25,2,genuine,1,PNG,L,300,223,1.3453,37012,849d8b35c29260e10b02279ecab5f57b06710692a1d9c9f16c6fe5aa8145e27c
original_25_20.png,raw\signatures\full_org\original_25_20.png,25,20,genuine,1,PNG,L,348,223,1.5605,42164,b577081f1d2a399003ac86e81d3b9385d0403f0eb7e2be72290a97419f9e0904
original_25_21.png,raw\signatures\full_org\original_25_21.png,25,21,genuine,1,PNG,L,360,246,1.4634,47802,2f382cd7684124d789b9136e65824ee1c9f7d337f43887a5210b17ce3888a0d8
original_25_22.png,raw\signatures\full_org\original_25_22.png,25,22,genuine,1,PNG,L,288,246,1.1707,38791,f6efe0228e06f340ec47fe15a252235085c4231635691f03e5244bc60109df8e
original_25_23.png,raw\signatures\full_org\original_25_23.png,25,23,genuine,1,PNG,L,324,270,1.2,47422,a1fda283e8fc117eb25aff4f8f91b164d2e095dcd201de0729a6d86bffa89d69
original_25_24.png,raw\signatures\full_org\original_25_24.png,25,24,genuine,1,PNG,L,372,276,1.3478,55876,55cfa3d1a46d4a9e6196d42f3a0d62536e94b36b7c6961a42499a4c1ea5e8331
original_25_3.png,raw\signatures\full_org\original_25_3.png,25,3,genuine,1,PNG,L,366,253,1.4466,49898,4317788c77faca6bc54b304b36d17c40e6b47b9df9fe6af70d7bdcd47d74251b
original_25_4.png,raw\signatures\full_org\original_25_4.png,25,4,genuine,1,PNG,L,318,235,1.3532,41324,8419002d9bbe42b49114fadf9d81486a4536693a4398b73161f5ba67b09b5e8d
original_25_5.png,raw\signatures\full_org\original_25_5.png,25,5,genuine,1,PNG,L,390,277,1.4079,57711,d51c7a3457aae26703a6e0d7ee9ba55964a66159b12135fa072577de18e58eb4
original_25_6.png,raw\signatures\full_org\original_25_6.png,25,6,genuine,1,PNG,L,438,289,1.5156,66285,8d01541575cc72663e8e65b235967e5e89aee644b2b60ca17b9bb12641ef23c9
original_25_7.png,raw\signatures\full_org\original_25_7.png,25,7,genuine,1,PNG,L,282,331,0.852,50269,0b42108e4cd5ee9d97f9309757751612ecbfcca58f11bba75002b7ff95aa2f32
original_25_8.png,raw\signatures\full_org\original_25_8.png,25,8,genuine,1,PNG,L,378,336,1.125,66901,7cf917c7686d3f3c5d96ac079a1d12412f595dbba1717a7afe8fa8bb789805de
original_25_9.png,raw\signatures\full_org\original_25_9.png,25,9,genuine,1,PNG,L,342,294,1.1633,54051,4b037e59903e8151bd7db7bf505e1c17e08393bd6f45abbca82a62a9275dfa96
original_26_1.png,raw\signatures\full_org\original_26_1.png,26,1,genuine,1,PNG,L,612,534,1.1461,173209,962551fa91794b07fcd4cb758b0ebc6eb00ce032897c40259cf0ffcebde44f54
original_26_10.png,raw\signatures\full_org\original_26_10.png,26,10,genuine,1,PNG,L,570,498,1.1446,147096,50f0591173b867262e310cea98f88c430d8bad139776334f24a7735086b52767
original_26_11.png,raw\signatures\full_org\original_26_11.png,26,11,genuine,1,PNG,L,630,498,1.2651,161113,2aa156b7974e86b9b4678b6f6ae36a244d08f80001cb5201fc7501c283baecc2
original_26_12.png,raw\signatures\full_org\original_26_12.png,26,12,genuine,1,PNG,L,624,523,1.1931,171189,18a6a27d3ba9f72a84b1a6be07611442b8abc672779a4d77c7f1a1bd188925f0
original_26_13.png,raw\signatures\full_org\original_26_13.png,26,13,genuine,1,PNG,L,594,463,1.2829,146969,1b82cf303c57e04d756e5c3ce2b3d0c4a5840b50555a9832211c6039cd684517
original_26_14.png,raw\signatures\full_org\original_26_14.png,26,14,genuine,1,PNG,L,612,481,1.2723,154178,3a801038569d730d5ba659894d8869a572dcece2030f6724b0ae49dd59cd517b
original_26_15.png,raw\signatures\full_org\original_26_15.png,26,15,genuine,1,PNG,L,570,427,1.3349,128609,8706bdde97865e9d79536b65ed2e429af55d550ace1c629ef07af28a00ac2a71
original_26_16.png,raw\signatures\full_org\original_26_16.png,26,16,genuine,1,PNG,L,558,439,1.2711,128831,102b2a3a98d93f06d283f48fcb9c961aacaa7f3afd3a3784577aa85f9be35ba7
original_26_17.png,raw\signatures\full_org\original_26_17.png,26,17,genuine,1,PNG,L,612,445,1.3753,142271,b5e68088f0c44a436edf5c95fbb9680227970793d6a80d967ab9df37d78fc162
original_26_18.png,raw\signatures\full_org\original_26_18.png,26,18,genuine,1,PNG,L,606,480,1.2625,152145,53e6a5bdc6edc311d47c82c8716943f44cdbb37947d42996c8c9771ed84ff193
original_26_19.png,raw\signatures\full_org\original_26_19.png,26,19,genuine,1,PNG,L,564,444,1.2703,131735,18114e1f1c6c5092e86d4cf8a9fc17d87f9ca53bcc574d7b2be362d2d8d3bfd8
original_26_2.png,raw\signatures\full_org\original_26_2.png,26,2,genuine,1,PNG,L,618,558,1.1075,180196,75d482a356e58299986ea1cb3106e24fc9d5905a4703c52c896a5aa03632e4cb
original_26_20.png,raw\signatures\full_org\original_26_20.png,26,20,genuine,1,PNG,L,582,456,1.2763,138675,bc1ccecaa4020e6a5d713eba6fc16c097c71a2f7daa49e16d4bcb8d2d164a899
original_26_21.png,raw\signatures\full_org\original_26_21.png,26,21,genuine,1,PNG,L,570,480,1.1875,142693,6dad2fc2a9ee75fe2e6f15bc8214890c7d5344bb06bab0fc9cd6c4310de84718
original_26_22.png,raw\signatures\full_org\original_26_22.png,26,22,genuine,1,PNG,L,582,438,1.3288,134061,cdf09bc6c361ccd58c6003762e27c8a2441737ee484bac9c56c524ead5131800
original_26_23.png,raw\signatures\full_org\original_26_23.png,26,23,genuine,1,PNG,L,564,432,1.3056,126858,2ab1bd8a972ae1adddf0985cd165d67ec75492b10a1dabf4e2fbb43e1df1cc0f
original_26_24.png,raw\signatures\full_org\original_26_24.png,26,24,genuine,1,PNG,L,576,475,1.2126,144962,d6a25aaf6fd9dd83efd1ac18f8c639954da598a2b4af34f7c19bd7bc0306186f
original_26_3.png,raw\signatures\full_org\original_26_3.png,26,3,genuine,1,PNG,L,612,547,1.1188,173097,16e275783bc767036bb452406b62633aaa5e8d69348cd8130aabe0679d328e24
original_26_4.png,raw\signatures\full_org\original_26_4.png,26,4,genuine,1,PNG,L,606,517,1.1721,163254,84e85a6de8feacb0da81a1ddf03959adc2ed783c737d1486e97e9612be086d20
original_26_5.png,raw\signatures\full_org\original_26_5.png,26,5,genuine,1,PNG,L,624,529,1.1796,171004,7901bd801809d08d31efa26b6663dfcd4f76a1ac05a2bc7e6a0e40f8223159aa
original_26_6.png,raw\signatures\full_org\original_26_6.png,26,6,genuine,1,PNG,L,630,510,1.2353,166012,d7b7487e81d59c8e5406d69ca277c52925856f93b9e7ca4a92298780e79c1d2c
original_26_7.png,raw\signatures\full_org\original_26_7.png,26,7,genuine,1,PNG,L,624,474,1.3165,154064,9be74d073392d93498e994dff01aa873ef8545c168392e886a396c9f8c80b567
original_26_8.png,raw\signatures\full_org\original_26_8.png,26,8,genuine,1,PNG,L,630,528,1.1932,171046,2005df35771c03c12b7c2ababf4ec98c6a0baa93fa4b48853ec41845661eba43
original_26_9.png,raw\signatures\full_org\original_26_9.png,26,9,genuine,1,PNG,L,630,510,1.2353,165973,c0429775b9013e470cbe9c3e3cb1065d4ac12d9f98cba4e566686ee493a3a3f1
original_27_1.png,raw\signatures\full_org\original_27_1.png,27,1,genuine,1,PNG,L,324,391,0.8286,71498,4ece1fbe0d24e7447ab7d54119463d3fd7c53985d073d79a229aa89a0cfc91b5
original_27_10.png,raw\signatures\full_org\original_27_10.png,27,10,genuine,1,PNG,L,306,330,0.9273,57963,971a6e28e4419724088ce9802f68f448bb2d95ebe56fce487365e3f74f9ad38e
original_27_11.png,raw\signatures\full_org\original_27_11.png,27,11,genuine,1,PNG,L,318,318,1.0,57827,15e5012497dcd40595f72c4eb000427d6d2f5d1d8f0033ba402193fcc243e021
original_27_12.png,raw\signatures\full_org\original_27_12.png,27,12,genuine,1,PNG,L,312,289,1.0796,52452,8ab356571075aba82bd5161dda70acba79244a83a51f46f77f52c48a015c4baf
original_27_13.png,raw\signatures\full_org\original_27_13.png,27,13,genuine,1,PNG,L,324,403,0.804,73192,88e66e4886e24f410054c30d6bedbaec7677abacdb0272195531bac083a85da8
original_27_14.png,raw\signatures\full_org\original_27_14.png,27,14,genuine,1,PNG,L,336,391,0.8593,74229,f9c9ff5ddea9b0f34c3017594197bc19e16fd1689d1815c430cdb1309b2fc29b
original_27_15.png,raw\signatures\full_org\original_27_15.png,27,15,genuine,1,PNG,L,312,325,0.96,57406,3ef3f1f3496ec5e32ad24de73c22a73eadff3fa01731eb8bdd23df0267155bed
original_27_16.png,raw\signatures\full_org\original_27_16.png,27,16,genuine,1,PNG,L,324,379,0.8549,69444,c864421470f0c3992463b99533c6a3ae429d71f3b572135e9df4147f4a6a5b0a
original_27_17.png,raw\signatures\full_org\original_27_17.png,27,17,genuine,1,PNG,L,348,379,0.9182,73913,a79d3523394dfa37f52b4b43e4f84d17f34a74ad7d0167cc17912cb7709532f4
original_27_18.png,raw\signatures\full_org\original_27_18.png,27,18,genuine,1,PNG,L,360,390,0.9231,78004,9ba84dca0a47e6491906e0773e69343b1ba7dca7e86776485ccd093bd2b659fb
original_27_19.png,raw\signatures\full_org\original_27_19.png,27,19,genuine,1,PNG,L,300,420,0.7143,70894,95738ebee5fb04bab75bec7a3b9d7db4935feb3482395e3fa9624fc1cdd006c9
original_27_2.png,raw\signatures\full_org\original_27_2.png,27,2,genuine,1,PNG,L,336,373,0.9008,71055,0975c34fcf861d986c6cf02fa6c8f8fb83c8cf32fcaa9c1f82c2b3b8beaa65c4
original_27_20.png,raw\signatures\full_org\original_27_20.png,27,20,genuine,1,PNG,L,360,360,1.0,73505,471543dcc7cc43d84d58aee48546666ce1e2e41bca31994df2d045023ffedd5c
original_27_21.png,raw\signatures\full_org\original_27_21.png,27,21,genuine,1,PNG,L,420,390,1.0769,90099,3cfefddaad77a580711e52218ace00d08b9f53804841a51398a7907463539426
original_27_22.png,raw\signatures\full_org\original_27_22.png,27,22,genuine,1,PNG,L,414,336,1.2321,78896,37bfafc854430473a47c096a5655d0681b99b3dc1cc072b722b18f26de350a00
original_27_23.png,raw\signatures\full_org\original_27_23.png,27,23,genuine,1,PNG,L,390,354,1.1017,76597,f0346faa94d7e8c6500dccb9d9aebd55bc7b726d2a290639557507b022bd8e79
original_27_24.png,raw\signatures\full_org\original_27_24.png,27,24,genuine,1,PNG,L,324,361,0.8975,65183,a39b1e80e7316b3f5e7f1d26c62c7b222d82de82077d391403f27c713fa9f951
original_27_3.png,raw\signatures\full_org\original_27_3.png,27,3,genuine,1,PNG,L,342,313,1.0927,60160,12dd6bdb839e30d841a3a4a962a879d7557bdda818983c238f97795e5b7719e4
original_27_4.png,raw\signatures\full_org\original_27_4.png,27,4,genuine,1,PNG,L,354,355,0.9972,71050,44385be805545c3417ed0bc07da66eeb1b1cffdd5b49d047a24539d35447c145
original_27_5.png,raw\signatures\full_org\original_27_5.png,27,5,genuine,1,PNG,L,426,349,1.2206,82955,b2ce108bf5707483aefe310cec4cf30b699e0c9c818bcca69cbaa996dd539293
original_27_6.png,raw\signatures\full_org\original_27_6.png,27,6,genuine,1,PNG,L,294,390,0.7538,64718,693005fc249e0a74906ed801833420ee5a15656938e923c70a78f213c66e0e33
original_27_7.png,raw\signatures\full_org\original_27_7.png,27,7,genuine,1,PNG,L,330,384,0.8594,71997,a3cdda3dc0123f9e31dda2f84e811a7d304c4652fde697b1d251ec07800cd218
original_27_8.png,raw\signatures\full_org\original_27_8.png,27,8,genuine,1,PNG,L,324,366,0.8852,67136,ee9d2e690f64bf71e36db6003b8c6075330ece8bd46338ac9937811495a7b5f0
original_27_9.png,raw\signatures\full_org\original_27_9.png,27,9,genuine,1,PNG,L,390,390,1.0,83515,af00338031d5025cde5f5db47a9e7bf812781708a4337d630fff536f6bc70fe9
original_28_1.png,raw\signatures\full_org\original_28_1.png,28,1,genuine,1,PNG,L,396,313,1.2652,66528,90277e1dac06cd925a776aa0e41e9cfc97fc802308652014f2078abd9f023e71
original_28_10.png,raw\signatures\full_org\original_28_10.png,28,10,genuine,1,PNG,L,360,246,1.4634,48105,8a68e287003f59baed8252ecb38e2fec358d8bb58030e328ea517e156e28c2c9
original_28_11.png,raw\signatures\full_org\original_28_11.png,28,11,genuine,1,PNG,L,336,276,1.2174,50222,b401161e2f121ef640574635d28c2c1cfc9cfa832a99e62cbcc3ebefe726e94c
original_28_12.png,raw\signatures\full_org\original_28_12.png,28,12,genuine,1,PNG,L,306,175,1.7486,30376,8b85a0399e07779a884557a1165ed65fbd97d2131a22ac4fb41293d228fd9e9d
original_28_13.png,raw\signatures\full_org\original_28_13.png,28,13,genuine,1,PNG,L,420,241,1.7427,55201,e3275483b77025fee66188a889d9af1e0143c67f0b7d6fa7cf3b0bae4d38ac54
original_28_14.png,raw\signatures\full_org\original_28_14.png,28,14,genuine,1,PNG,L,414,325,1.2738,72605,740abee5949be14e9b0a9bd44f9358fc0cae4b3cb011dd5b172636a7bbbb6cfa
original_28_15.png,raw\signatures\full_org\original_28_15.png,28,15,genuine,1,PNG,L,456,355,1.2845,84313,47f11d95417774a2eb8730bd900373a15baaf5a6235d2b6659cb75475cc64b1b
original_28_16.png,raw\signatures\full_org\original_28_16.png,28,16,genuine,1,PNG,L,366,325,1.1262,64011,681926bbecd9c6927b2a245c44b9e8802febf42e92f83bed6a8b0903aad9f32a
original_28_17.png,raw\signatures\full_org\original_28_17.png,28,17,genuine,1,PNG,L,372,295,1.261,58802,cd7a5cc13d714783eec1dbea4f096a7785dd43381994def7640e3ea631bbefbf
original_28_18.png,raw\signatures\full_org\original_28_18.png,28,18,genuine,1,PNG,L,378,277,1.3646,55572,1e6aa6f389bf079c2162d045e6a211c9c14f16d72ee1a913fc89deddafbba689
original_28_19.png,raw\signatures\full_org\original_28_19.png,28,19,genuine,1,PNG,L,390,258,1.5116,53947,afa40340f60309946843ba29d02abac20ec8d8167a4c534828120533154b2644
original_28_2.png,raw\signatures\full_org\original_28_2.png,28,2,genuine,1,PNG,L,384,289,1.3287,59817,44496429e3fa92f7dfd38f7781377d271446ce15ec6eb92785db2bf11bba4d7b
original_28_20.png,raw\signatures\full_org\original_28_20.png,28,20,genuine,1,PNG,L,408,270,1.5111,58850,76f84e674ea17006569d346ada86694a319c9fc519fc481527278509fcd2abc8
original_28_21.png,raw\signatures\full_org\original_28_21.png,28,21,genuine,1,PNG,L,384,276,1.3913,56449,851aea3eae9d1085ec80812e501888682ad1110f0a6d65ef10adff29d1211b23
original_28_22.png,raw\signatures\full_org\original_28_22.png,28,22,genuine,1,PNG,L,426,282,1.5106,63779,a263394688cf54923b8129bd53e091310edfbac4bf23ae5489567584c685fe40
original_28_23.png,raw\signatures\full_org\original_28_23.png,28,23,genuine,1,PNG,L,324,205,1.5805,36957,ae7f4c075c68bcb3a52148ee4bc4d500963e3d6121b467ac6cc05222687f553f
original_28_24.png,raw\signatures\full_org\original_28_24.png,28,24,genuine,1,PNG,L,420,313,1.3419,69698,a9a1a6090a0c178f12c831a4802c84f1ad12d6e9cf84d191b86bd58e6ab1dff3
original_28_3.png,raw\signatures\full_org\original_28_3.png,28,3,genuine,1,PNG,L,402,319,1.2602,68754,a92f9962ae5bf89db6752f795d46d32062ef6efb54fd1f91d2b6da750fa4da9d
original_28_4.png,raw\signatures\full_org\original_28_4.png,28,4,genuine,1,PNG,L,348,259,1.3436,48734,d86d36baa198d30828c2d9ab68fac9090ccfa47565b3ae50d2c03d566a65f4fa
original_28_5.png,raw\signatures\full_org\original_28_5.png,28,5,genuine,1,PNG,L,342,265,1.2906,49327,4ef77c33bbea9f929455dc34548370adb08749e2bb0853ddf408fe42fedbfade
original_28_6.png,raw\signatures\full_org\original_28_6.png,28,6,genuine,1,PNG,L,300,319,0.9404,51966,641cd42d8ab5257a88020a82b7acf33ee978592a72bf3044c26094d11638b9e4
original_28_7.png,raw\signatures\full_org\original_28_7.png,28,7,genuine,1,PNG,L,348,253,1.3755,47852,fe4e8ff1097ed448a33d1ffb6d5c7a0cafea0437c9ec74a6fcd56d8e645f335c
original_28_8.png,raw\signatures\full_org\original_28_8.png,28,8,genuine,1,PNG,L,318,240,1.325,41869,e7356da440da24067b720d63b6b759515be1bf0225ca62dd2bb316a298d0a6d0
original_28_9.png,raw\signatures\full_org\original_28_9.png,28,9,genuine,1,PNG,L,408,270,1.5111,58443,c0c74e07b01c27b7944dcb797eabdccd0859fb25708e770250331f1eb7840764
original_29_1.png,raw\signatures\full_org\original_29_1.png,29,1,genuine,1,PNG,RGBA,588,420,1.4,207214,5adfe8252bf99d7a413ad748a8750c3fb4d135235f69a99474db4a901875e410
original_29_10.png,raw\signatures\full_org\original_29_10.png,29,10,genuine,1,PNG,RGBA,589,408,1.4436,206373,1a7130056e52a87320a18d0f0f003294e9ae48237de93bcda5f239fc949d545f
original_29_11.png,raw\signatures\full_org\original_29_11.png,29,11,genuine,1,PNG,RGBA,595,492,1.2093,247985,a8929b70aba1a42152bbd3756d9caa508062db6505b70d9ed7033abeeb8f145c
original_29_12.png,raw\signatures\full_org\original_29_12.png,29,12,genuine,1,PNG,RGBA,600,510,1.1765,252350,b47ae9acc4acbb6f6994595bb47a796a564685058382847b83aca980eb07ac01
original_29_13.png,raw\signatures\full_org\original_29_13.png,29,13,genuine,1,PNG,RGBA,582,426,1.3662,208740,7f6ad65e5eee63596243c01aab4789be8b21f6899d82ca4bec2250b85038f87d
original_29_14.png,raw\signatures\full_org\original_29_14.png,29,14,genuine,1,PNG,RGBA,582,474,1.2278,230668,9da14bcf69d5fce765fea29995ada9faa97ddf604c4b8fefb16200aac38e8ebc
original_29_15.png,raw\signatures\full_org\original_29_15.png,29,15,genuine,1,PNG,RGBA,588,474,1.2405,232391,9d2e23199caf59094d36da687503b7f9b19c1997eaa36301a0619a0d81d53602
original_29_16.png,raw\signatures\full_org\original_29_16.png,29,16,genuine,1,PNG,RGBA,558,438,1.274,206144,9d54ac0b1edb3f19589dc8a1498026edc4eb05aea6ef06ed98c50de7d2ef64d2
original_29_17.png,raw\signatures\full_org\original_29_17.png,29,17,genuine,1,PNG,RGBA,558,420,1.3286,198671,a859a4fb3cc2823999e66331093439e416ef143a262d013cd65779db681e475a
original_29_18.png,raw\signatures\full_org\original_29_18.png,29,18,genuine,1,PNG,RGBA,571,510,1.1196,245264,af7b44b7fcfa844f9cd37c3df0c1b8623411d4b21bbb658aa6aa869ba3f58411
original_29_19.png,raw\signatures\full_org\original_29_19.png,29,19,genuine,1,PNG,RGBA,577,444,1.2995,218081,f14e573824c8ad6ec643b877e830b90b57af23e0f6f8bac9daef3350db5888b6
original_29_2.png,raw\signatures\full_org\original_29_2.png,29,2,genuine,1,PNG,RGBA,576,414,1.3913,200536,a02f0a36e45ae45f166f3c5047dcb28db086dee7b5bba123e879080e0a6980c2
original_29_20.png,raw\signatures\full_org\original_29_20.png,29,20,genuine,1,PNG,RGBA,595,564,1.055,283354,cb9fcfada5008fb83439b1a66d8f9b7390d5cf3c4f89f993f997914c1976f9b5
original_29_21.png,raw\signatures\full_org\original_29_21.png,29,21,genuine,1,PNG,RGBA,595,480,1.2396,241240,6b9c53bc975cc8dbb524b5078c9c0c73eab462af017d733e2e6191f2277fc500
original_29_22.png,raw\signatures\full_org\original_29_22.png,29,22,genuine,1,PNG,RGBA,583,570,1.0228,281881,af862a0a1f7cf821fdc4ffc72a9e38e33ccf361bfb5779209f0ae17fe7a02c2d
original_29_23.png,raw\signatures\full_org\original_29_23.png,29,23,genuine,1,PNG,RGBA,595,546,1.0897,275058,d83d96e9cca05f2a875512b372cd3ce501a528588f5bf3faac8b5283939a5450
original_29_24.png,raw\signatures\full_org\original_29_24.png,29,24,genuine,1,PNG,RGBA,600,432,1.3889,216412,a2cf81f1faeb61384cc947005b75258fc4f14cea4a9fe43e9556ccc0325c77cc
original_29_3.png,raw\signatures\full_org\original_29_3.png,29,3,genuine,1,PNG,RGBA,546,396,1.3788,180910,00760719551dd02b7c1d11640ab45dbb31568854b84ec0f71122695e4e7d2808
original_29_4.png,raw\signatures\full_org\original_29_4.png,29,4,genuine,1,PNG,RGBA,582,408,1.4265,200400,5ddbb550e2d097f94dc7cdb64e9b118b6cbe06fe1c0365a3468c74f24d904956
original_29_5.png,raw\signatures\full_org\original_29_5.png,29,5,genuine,1,PNG,RGBA,588,462,1.2727,227838,5d3a271828067905ed1a5ec484e4cacade84762e703edaf7d367d7778bebf2b8
original_29_6.png,raw\signatures\full_org\original_29_6.png,29,6,genuine,1,PNG,RGBA,589,402,1.4652,199842,a49a7d2c7c2f1b83ce9834a883bf3ed6f098b4866787c9bfeed6996d7e6d2d73
original_29_7.png,raw\signatures\full_org\original_29_7.png,29,7,genuine,1,PNG,RGBA,595,360,1.6528,182688,3149a4fa29b50f293c6724a9fa9c131b47f6805ee05d603e8267a8751b8ca30d
original_29_8.png,raw\signatures\full_org\original_29_8.png,29,8,genuine,1,PNG,RGBA,583,462,1.2619,227456,f39a1a79d93b53172601380f48cd2839b64bf48ea4885e64521a03d181400c71
original_29_9.png,raw\signatures\full_org\original_29_9.png,29,9,genuine,1,PNG,RGBA,577,396,1.4571,195533,f4b6591cbeb01486612f1b2244f8a05676aaa00dd63d909271db8817fc87fa9d
original_2_1.png,raw\signatures\full_org\original_2_1.png,2,1,genuine,1,PNG,L,618,187,3.3048,65238,3c797c8629191f4ad2752cea96b181f637aa22a895f021c4945d3a7e50fa248c
original_2_10.png,raw\signatures\full_org\original_2_10.png,2,10,genuine,1,PNG,L,600,270,2.2222,86766,b6b2d5aeb0309405ef484b4cd1cbc0d34305b5e6a22dcf62484a7c232801d17e
original_2_11.png,raw\signatures\full_org\original_2_11.png,2,11,genuine,1,PNG,L,606,306,1.9804,98406,708359fe5f8adcf219d9077af41784ef7e7d87ba667b0744328f0209860e8e9b
original_2_12.png,raw\signatures\full_org\original_2_12.png,2,12,genuine,1,PNG,L,594,163,3.6442,54756,addfda6ac7221a70f8a9fa22291cc8958941d671308a3228e04ad3ab207c6734
original_2_13.png,raw\signatures\full_org\original_2_13.png,2,13,genuine,1,PNG,L,600,193,3.1088,65536,eb52cb30615e1cd39176b1b435c3302a68c80a32c257fd95735fb1b55d6fd568
original_2_14.png,raw\signatures\full_org\original_2_14.png,2,14,genuine,1,PNG,L,588,145,4.0552,50022,a436487cb6ce73982680db6eb1bc447b6bb77a0c1aa9a96d0e914639c09a8272
original_2_15.png,raw\signatures\full_org\original_2_15.png,2,15,genuine,1,PNG,L,582,199,2.9246,64890,11e13d35241ee7754cb3f4d4875db2970a8585e98bdde506b2c3501cfba8e02f
original_2_16.png,raw\signatures\full_org\original_2_16.png,2,16,genuine,1,PNG,L,606,151,4.0132,53456,b86dddea09e5e101ec1b6f9719bc1c62f3c71f43eed197d54918f869c4a73d88
original_2_17.png,raw\signatures\full_org\original_2_17.png,2,17,genuine,1,PNG,L,582,187,3.1123,62049,80ad6aefe97634558672dd64cf9367b6116f212c838beb8c69af3560a563e95f
original_2_18.png,raw\signatures\full_org\original_2_18.png,2,18,genuine,1,PNG,L,636,205,3.1024,72392,46d085a8fd780daca66cf3e2d502124f9753c10d33e1091dbb20903ef9f7eb4b
original_2_19.png,raw\signatures\full_org\original_2_19.png,2,19,genuine,1,PNG,L,618,205,3.0146,70878,559c6bdf3cba4c684e685ec5afd7c8bc3e8872a15fc0b4a357ca35d53391886f
original_2_2.png,raw\signatures\full_org\original_2_2.png,2,2,genuine,1,PNG,L,594,193,3.0777,64993,552ef8f8bef32e4ce345969c2cbf73c92a6d2cd7b968dd4f0bb3811ca8217537
original_2_20.png,raw\signatures\full_org\original_2_20.png,2,20,genuine,1,PNG,L,630,205,3.0732,72081,448b5a4da2ff418d711c7f3640679441af2f339ecb6a73e0a8abc02587b761e2
original_2_21.png,raw\signatures\full_org\original_2_21.png,2,21,genuine,1,PNG,L,618,204,3.0294,70488,03a892a1b0dc81c11b4356d0649506dbdcbd9f7ed212cd32b1398149a1faad13
original_2_22.png,raw\signatures\full_org\original_2_22.png,2,22,genuine,1,PNG,L,600,192,3.125,64485,0bf47aa7d6aaaf61395b8b0307c6c03264d72aebe873160b9d7548bc391e5263
original_2_23.png,raw\signatures\full_org\original_2_23.png,2,23,genuine,1,PNG,L,630,222,2.8378,77424,55829b411d217e4ef7dff2ccf5f4cb0fbf2e5ba76f24bcde0f5acb0432bf93da
original_2_24.png,raw\signatures\full_org\original_2_24.png,2,24,genuine,1,PNG,L,600,163,3.681,56117,219f4545758a6a2746c6976d84d18c2e095c5535cae12d62887bedb6510ac957
original_2_3.png,raw\signatures\full_org\original_2_3.png,2,3,genuine,1,PNG,L,654,235,2.783,82971,2ba6fc9837c47876dc26437d0f82d388648673d33ed47971ad394ef7395274ea
original_2_4.png,raw\signatures\full_org\original_2_4.png,2,4,genuine,1,PNG,L,642,253,2.5375,87221,79388df3125bb3c8f2886d9038ac0e15e05540f7043942428808c5cdc08bff23
original_2_5.png,raw\signatures\full_org\original_2_5.png,2,5,genuine,1,PNG,L,612,241,2.5394,80648,642897db5ecb991882aa0d76d49fd81ce775a14f2a73a8100473966b4c54d3d7
original_2_6.png,raw\signatures\full_org\original_2_6.png,2,6,genuine,1,PNG,L,612,217,2.8203,72553,3756a1d78548c666c5b0d4828e8bfa867d23bbe3cce5537ecc673ab54c9c06ed
original_2_7.png,raw\signatures\full_org\original_2_7.png,2,7,genuine,1,PNG,L,588,265,2.2189,83775,66e5aadd3350c339ead869088eb1d44d606d1b92fec0371c8844a2bfe2e2ac3c
original_2_8.png,raw\signatures\full_org\original_2_8.png,2,8,genuine,1,PNG,L,588,217,2.7097,70097,890c4dbe8d3c9e508ca6ff0d90627ca8c18a155965459ff33110eacc48dc4695
original_2_9.png,raw\signatures\full_org\original_2_9.png,2,9,genuine,1,PNG,L,624,240,2.6,81018,1d33662b102a93e6b43d503b36b0958c2c09844db9a61f0f79b3de377c509c3e
original_30_1.png,raw\signatures\full_org\original_30_1.png,30,1,genuine,1,PNG,L,522,378,1.381,105021,ea32b6aee22e47dc92a01aa38293e810fa884e782545846c09b31ce94cb473bc
original_30_10.png,raw\signatures\full_org\original_30_10.png,30,10,genuine,1,PNG,L,516,348,1.4828,95416,bd36eb010530842812fd54e1ff16a40587f99ba22b0d6cb10ecde20e8698b024
original_30_11.png,raw\signatures\full_org\original_30_11.png,30,11,genuine,1,PNG,L,522,330,1.5818,92143,a14d550e768ddc95b626f8b125b524d387acc0557d639ba86820f5590c195c1b
original_30_12.png,raw\signatures\full_org\original_30_12.png,30,12,genuine,1,PNG,L,552,378,1.4603,110346,423d809f64f5fcf508639819119bdebe8b5f54001989e702bed18a4dd8066feb
original_30_13.png,raw\signatures\full_org\original_30_13.png,30,13,genuine,1,PNG,L,492,319,1.5423,83806,590f56b8d182a93cf4671ca9a599fef91997d2930fd24668acd14858b9e0d363
original_30_14.png,raw\signatures\full_org\original_30_14.png,30,14,genuine,1,PNG,L,516,319,1.6176,87256,7d62e98afa35249433e00d0ac4521f7ecadbafc1b68eff5355df371a860c2d8d
original_30_15.png,raw\signatures\full_org\original_30_15.png,30,15,genuine,1,PNG,L,510,343,1.4869,92101,755a6f03fb9b272d5d7bdcab66bf406fc4f3699766b4980bf9215bb15886a547
original_30_16.png,raw\signatures\full_org\original_30_16.png,30,16,genuine,1,PNG,L,498,319,1.5611,84945,0d7b9d8bf77fc2cd144c97ab8a5fec45b158905e9a94a8477d8ce4a0b77c7762
original_30_17.png,raw\signatures\full_org\original_30_17.png,30,17,genuine,1,PNG,L,504,313,1.6102,83947,858a640f7afc2f619d41c432ab7e2c4409353dacce44c9e2c2573dabd9639762
original_30_18.png,raw\signatures\full_org\original_30_18.png,30,18,genuine,1,PNG,L,486,283,1.7173,74752,d9d589800a57b0f41cf96360e1978bab1b8c9104b8d6bc48509b39314a14548a
original_30_19.png,raw\signatures\full_org\original_30_19.png,30,19,genuine,1,PNG,L,462,379,1.219,93136,fa7322e3dbaff0d5b9a3bd1ff40e5c363bcb09be7136cfb1510def576461898b
original_30_2.png,raw\signatures\full_org\original_30_2.png,30,2,genuine,1,PNG,L,516,342,1.5088,94413,6c63816a357921762fe36a890b79e7aa92d823e0c74e8251fe54faf40e46a5e4
original_30_20.png,raw\signatures\full_org\original_30_20.png,30,20,genuine,1,PNG,L,504,319,1.5799,85853,4d70487ac524ffe8c8434e9999904879598702c83d29a0102ec3621d7791cd09
original_30_21.png,raw\signatures\full_org\original_30_21.png,30,21,genuine,1,PNG,L,528,318,1.6604,88997,ffa40d6f385e135e6e9eac29ad97187ba2971917ec76ebe441d09e83484b23ff
original_30_22.png,raw\signatures\full_org\original_30_22.png,30,22,genuine,1,PNG,L,552,306,1.8039,90065,2f5f65335d33cc62f30fa6edf7c34a36bd2919ce26c1138e182cbb580438b963
original_30_23.png,raw\signatures\full_org\original_30_23.png,30,23,genuine,1,PNG,L,540,312,1.7308,89653,234d5ac9b5c1e84d6a2fc89dba3e74c80e92412b7611c65b72ea4f44564892c9
original_30_24.png,raw\signatures\full_org\original_30_24.png,30,24,genuine,1,PNG,L,468,348,1.3448,87396,9980bba81a9a26170ba635e5b60c6fb5e6d0b6d779ed9bab4e6e9fe33018032f
original_30_3.png,raw\signatures\full_org\original_30_3.png,30,3,genuine,1,PNG,L,546,337,1.6202,98042,0b4f7c9533d1a44791a616a26018972129f226416e286747b38e654e7388f2a7
original_30_4.png,raw\signatures\full_org\original_30_4.png,30,4,genuine,1,PNG,L,510,355,1.4366,96330,6098794d2176016bfb7a1f021cb47655637aeb030720c36ae74c53abbb1065b0
original_30_5.png,raw\signatures\full_org\original_30_5.png,30,5,genuine,1,PNG,L,492,277,1.7762,73744,2687dbdcb0820eff59374ace080d787823b73b537aca7de61c8345f098c13d55
original_30_6.png,raw\signatures\full_org\original_30_6.png,30,6,genuine,1,PNG,L,462,349,1.3238,86679,d70f6c035b86e6f781fb27280074bd7a1a3b10ede6a7bc50ccf3778e356d4f4c
original_30_7.png,raw\signatures\full_org\original_30_7.png,30,7,genuine,1,PNG,L,498,373,1.3351,97901,8ad1e6fcfb43d0ecb640adfa72d22ff523497f1022fcceaeba2ab135b34404b5
original_30_8.png,raw\signatures\full_org\original_30_8.png,30,8,genuine,1,PNG,L,468,301,1.5548,76408,113e135c1ae0b7079a3f11dd8cb9605c766ca674cb366ba967ccb723b9ac986f
original_30_9.png,raw\signatures\full_org\original_30_9.png,30,9,genuine,1,PNG,L,498,348,1.431,92703,c9bcdb783af5ec51227859f10b0ab21e300b56733e5f36b0d11134f665caee71
original_31_1.png,raw\signatures\full_org\original_31_1.png,31,1,genuine,1,PNG,L,582,480,1.2125,157065,e479985864296958934d1c6882a6dd098d674209b27d6803bf3c75f3fd5bf30b
original_31_10.png,raw\signatures\full_org\original_31_10.png,31,10,genuine,1,PNG,L,564,444,1.2703,141658,bff2896ab607f6078573dff57cc2d5c82a1f7b00f66eee0287c3ab76cbfdae8d
original_31_11.png,raw\signatures\full_org\original_31_11.png,31,11,genuine,1,PNG,L,594,456,1.3026,149604,67471ea968a8a9d7f1c4b1ca942e83c0791409181a1b388a92455e03d4a70e62
original_31_12.png,raw\signatures\full_org\original_31_12.png,31,12,genuine,1,PNG,L,600,426,1.4085,145742,1a1ac85e9e8a5c7f324c312fbc5ae20c4fef83448eb36d51c4a33b6fc43032e0
original_31_13.png,raw\signatures\full_org\original_31_13.png,31,13,genuine,1,PNG,L,618,480,1.2875,166837,66d52b8eab2d198a148588c3cc42e21b74bd52fea0963b21b242defeb5a1a008
original_31_14.png,raw\signatures\full_org\original_31_14.png,31,14,genuine,1,PNG,L,594,528,1.125,174054,d092d26a44480b9fb8512335ffca28191bce5e7a12199fb5f9b40de30b93bc05
original_31_15.png,raw\signatures\full_org\original_31_15.png,31,15,genuine,1,PNG,L,600,463,1.2959,152383,28fb43626c705395b9b55392e8b0aed45af4000b779b9cf7abac0c0893200576
original_31_16.png,raw\signatures\full_org\original_31_16.png,31,16,genuine,1,PNG,L,618,439,1.4077,151825,451746e15c751ad3b1470aa1bdbcb53ff95d2511370ba50e3aeaa97ac3320b5f
original_31_17.png,raw\signatures\full_org\original_31_17.png,31,17,genuine,1,PNG,L,594,457,1.2998,149983,cecf0e76df2fba8347d4c997b218054f1d07c5682299df4d29dc26fd376e1738
original_31_18.png,raw\signatures\full_org\original_31_18.png,31,18,genuine,1,PNG,L,606,462,1.3117,153538,d014e7e6fd9bad06d68013977cdaad2bcea32a5ef3409b503ae57ea1aa86c7bf
original_31_19.png,raw\signatures\full_org\original_31_19.png,31,19,genuine,1,PNG,L,648,420,1.5429,153991,d0a75f3b123dff270646a5cc2c3714187313895cd07b7b4ac7d4d4c326ad5653
original_31_2.png,raw\signatures\full_org\original_31_2.png,31,2,genuine,1,PNG,L,612,468,1.3077,159787,ae0f71fbfc751a25419f2ace27e38ebef89f9b1b340729957484729cd5d2f8f9
original_31_20.png,raw\signatures\full_org\original_31_20.png,31,20,genuine,1,PNG,L,588,396,1.4848,130531,e16a3f97f796596a0b0371beae9599c7150bfbe06ddd148e81b8f641c0cf56a6
original_31_21.png,raw\signatures\full_org\original_31_21.png,31,21,genuine,1,PNG,L,594,438,1.3562,144890,d631aba9772746f27b38fd4db19b50e029773bd2bdda4e0555b2ef9de2a4e316
original_31_22.png,raw\signatures\full_org\original_31_22.png,31,22,genuine,1,PNG,L,606,456,1.3289,155198,338965386713902a77d12d2b77be1a589120f293728a2b647f96aa611fdff294
original_31_23.png,raw\signatures\full_org\original_31_23.png,31,23,genuine,1,PNG,L,588,462,1.2727,151250,1dc261f60ba4783f306560c17757643d1e3bc910fb87cb52c5f668a93a5fafb5
original_31_24.png,raw\signatures\full_org\original_31_24.png,31,24,genuine,1,PNG,L,600,450,1.3333,151632,34ba08e0c6573c8f031a33018c91d989e944e9ca14d137ede24350bc7dd56475
original_31_3.png,raw\signatures\full_org\original_31_3.png,31,3,genuine,1,PNG,L,624,481,1.2973,164401,3b057f91b79d2ba1aa7b419678dcd122aae60634222185030b13c418f3d13daa
original_31_4.png,raw\signatures\full_org\original_31_4.png,31,4,genuine,1,PNG,L,600,469,1.2793,156565,b84fbe15f88a71e8a3c07b29c0a6d545ef9ad5c48dc891c369e200f26bb00d71
original_31_5.png,raw\signatures\full_org\original_31_5.png,31,5,genuine,1,PNG,L,612,415,1.4747,141148,2fc115586745f8d4917c763afc5c9e3fde98c2536b27b3bb7d467aa653aae12f
original_31_6.png,raw\signatures\full_org\original_31_6.png,31,6,genuine,1,PNG,L,636,474,1.3418,166433,e83f46f7cc609436150223aa29e04a225bc6f8d541571a3bb606dc800e3e3cc4
original_31_7.png,raw\signatures\full_org\original_31_7.png,31,7,genuine,1,PNG,L,594,438,1.3562,144598,2cee27e2c36175a0aa00c8a78c7affd76bf961ce6431272f60a21f5ef98a19be
original_31_8.png,raw\signatures\full_org\original_31_8.png,31,8,genuine,1,PNG,L,654,492,1.3293,176077,2e071ad9687151d76d11ec23c0fdc76216411afa891b26fe3a1e67a945c2cf1d
original_31_9.png,raw\signatures\full_org\original_31_9.png,31,9,genuine,1,PNG,L,600,432,1.3889,144090,4297e78f81b26764cde8596b9d88a9286cb380dfae3e72cacc6cf2d4816e0f93
original_32_1.png,raw\signatures\full_org\original_32_1.png,32,1,genuine,1,PNG,L,588,294,2.0,91384,5f428177328ad4c32f738259ba8b021847ecd362d003f75461324ad2060105ec
original_32_10.png,raw\signatures\full_org\original_32_10.png,32,10,genuine,1,PNG,L,588,277,2.1227,88513,7751b71533a3de7b120eaf79580f24ce475c18021874cc89e2a7460fe318ec44
original_32_11.png,raw\signatures\full_org\original_32_11.png,32,11,genuine,1,PNG,L,582,367,1.5858,113318,31e711549e48b2b712cc773dc371e7ec6d861af209e1b5eddd12b5ee007452a3
original_32_12.png,raw\signatures\full_org\original_32_12.png,32,12,genuine,1,PNG,L,540,294,1.8367,83979,28468927a02519b7502baba9acd3947e7bba7fa62914ae855214d2b93bb9146f
original_32_13.png,raw\signatures\full_org\original_32_13.png,32,13,genuine,1,PNG,L,540,312,1.7308,89887,2624c6823312f2add71be7e526c34c0d9c7ff50b6854f8ed547acec70a6b7924
original_32_14.png,raw\signatures\full_org\original_32_14.png,32,14,genuine,1,PNG,L,600,306,1.9608,97349,97cd36ef18a3ef861d055d9d6dbb22de35c69ce3be17b00964385b46f5386cfe
original_32_15.png,raw\signatures\full_org\original_32_15.png,32,15,genuine,1,PNG,L,564,301,1.8738,90010,bf51e32bb5e30c51da26174ad9568fc800fd77b9f75af70f1f8da81cce111457
original_32_16.png,raw\signatures\full_org\original_32_16.png,32,16,genuine,1,PNG,L,582,271,2.1476,84446,7a6be48d352feb0d20143f7e3861fdd0e2547b27eecc255ec5f9fe20f8038273
original_32_17.png,raw\signatures\full_org\original_32_17.png,32,17,genuine,1,PNG,L,594,325,1.8277,102113,a840be8ea6e7136968b9a80ba57b712b90007d3ac23aee5d2cb006dce090d27e
original_32_18.png,raw\signatures\full_org\original_32_18.png,32,18,genuine,1,PNG,L,624,295,2.1153,97260,cb86fc36e852458731de3899cc304c297faa143b9990aa165f2249083d8c4a5e
original_32_19.png,raw\signatures\full_org\original_32_19.png,32,19,genuine,1,PNG,L,588,307,1.9153,95582,5d95edbb076d6142d28c820db4b978de2467fb7257a523d8d05b22155d9416ab
original_32_2.png,raw\signatures\full_org\original_32_2.png,32,2,genuine,1,PNG,L,600,300,2.0,94721,58d67f5658edebfe6456e6ce7697310f0e5c30e7474ab2491b6d2c4e1ef7be91
original_32_20.png,raw\signatures\full_org\original_32_20.png,32,20,genuine,1,PNG,L,570,295,1.9322,91241,a83a2692fc4904bfd4416ca5ac54ae4e7626195c820281563bf22b75f790b972
original_32_21.png,raw\signatures\full_org\original_32_21.png,32,21,genuine,1,PNG,L,504,295,1.7085,81361,5451d9e1bd17ed040a67eb2a8508b31ea6d3dd6347ddf32870fb05d60287ff76
original_32_22.png,raw\signatures\full_org\original_32_22.png,32,22,genuine,1,PNG,L,540,283,1.9081,82939,7c637c3e207b4f4acae8db5f7d5714a2d54bd529899d446a9cf36724bceca837
original_32_23.png,raw\signatures\full_org\original_32_23.png,32,23,genuine,1,PNG,L,522,283,1.8445,80441,f61c5ceb4a0d3075f68410630ef1972de20ea286a1d7dcd8b41d89cccb061264
original_32_24.png,raw\signatures\full_org\original_32_24.png,32,24,genuine,1,PNG,L,522,282,1.8511,78481,c0bd3081c60c080920b800397fd699e2f977b81a05720086d56017933c54d11f
original_32_3.png,raw\signatures\full_org\original_32_3.png,32,3,genuine,1,PNG,L,606,294,2.0612,93593,36ada069829d7e760f60783447b6d98e8cd6c3e14484976c74a9765ca2bda968
original_32_4.png,raw\signatures\full_org\original_32_4.png,32,4,genuine,1,PNG,L,552,276,2.0,81790,6015dc509201eae1aee4ae16c178d2989529d66bb385c6f2dc9f473fa6c39e7e
original_32_5.png,raw\signatures\full_org\original_32_5.png,32,5,genuine,1,PNG,L,552,283,1.9505,82895,ab4feaa64e73374e8b9168192d7e19a7ad5e35da73a7a0954d57496f25f9b730
original_32_6.png,raw\signatures\full_org\original_32_6.png,32,6,genuine,1,PNG,L,552,235,2.3489,70834,be57a4064de191c921692000dad8963516626400ad30aefbcbb26028f2e01fb4
original_32_7.png,raw\signatures\full_org\original_32_7.png,32,7,genuine,1,PNG,L,624,253,2.4664,85907,04f3a990e87a2d275ebb73f13274169fd4cb4c5a898d4084e2ccd6a46a63df2c
original_32_8.png,raw\signatures\full_org\original_32_8.png,32,8,genuine,1,PNG,L,582,319,1.8245,99162,8e431aca68d8d073003dc402a49ce1604deac86f0c8b523d65d855205f9b9ac2
original_32_9.png,raw\signatures\full_org\original_32_9.png,32,9,genuine,1,PNG,L,558,283,1.9717,85339,8cd242de14fb7c387bf4f3318268885f06f78c3a0a9f132b2ec7fe57ca9a9edb
original_33_1.png,raw\signatures\full_org\original_33_1.png,33,1,genuine,1,PNG,L,414,253,1.6364,58591,aab2a153f97409ce9d2bbefd73360e2b9bcd971208eb3ec8849c76b2b7975e12
original_33_10.png,raw\signatures\full_org\original_33_10.png,33,10,genuine,1,PNG,L,444,300,1.48,70734,0f60b1cc9e84e95c0f2c4668d838bcc525f45e8fd7b4b98833e3767beb620e3c
original_33_11.png,raw\signatures\full_org\original_33_11.png,33,11,genuine,1,PNG,L,348,228,1.5263,43876,c44d218a6c5b19f275d2e2a9764b094504b7cb0389fd10ae17dbab866846856e
original_33_12.png,raw\signatures\full_org\original_33_12.png,33,12,genuine,1,PNG,L,420,253,1.6601,58888,32586e73d56bf90277a1afc6eed661457e0c309e50c47811144d98d0d28cd362
original_33_13.png,raw\signatures\full_org\original_33_13.png,33,13,genuine,1,PNG,L,372,253,1.4704,52750,1f15153cf1cdcaf77d33914f2eedd7687e948cbd56d63247945bf9327be43243
original_33_14.png,raw\signatures\full_org\original_33_14.png,33,14,genuine,1,PNG,L,372,247,1.5061,51949,377befb7cfa3760ac7eccb37478572a7c5f95ef1b18376bd6e19914bccf5e34f
original_33_15.png,raw\signatures\full_org\original_33_15.png,33,15,genuine,1,PNG,L,378,265,1.4264,54783,a577b9c98ad880886d35fe6937716b76fb67c7b592d915b8cd0e0778cef6ca50
original_33_16.png,raw\signatures\full_org\original_33_16.png,33,16,genuine,1,PNG,L,402,259,1.5521,57140,0af0099aea7f2227db9886f9f8a0f04b1a8f8cc67ae92e04ba6acf9c7ab9e934
original_33_17.png,raw\signatures\full_org\original_33_17.png,33,17,genuine,1,PNG,L,372,247,1.5061,50742,f03911baf2ae19415dfc41b65bdd5fcd454901f6474a8add57f7e3cc6b32929a
original_33_18.png,raw\signatures\full_org\original_33_18.png,33,18,genuine,1,PNG,L,390,235,1.6596,51323,895e5709ad3e3f3bc68336dfb4165a4e60a002d058400d66f3954ba79fe367ad
original_33_19.png,raw\signatures\full_org\original_33_19.png,33,19,genuine,1,PNG,L,336,223,1.5067,42224,c5198d444abe29fc4141d86c70828c02c53a918ac412a8a6791e28b9610faed5
original_33_2.png,raw\signatures\full_org\original_33_2.png,33,2,genuine,1,PNG,L,384,283,1.3569,60252,a92c7f3bc35ad6f0f8f518d03de0bba053e9341213cfac7b493626604b8450af
original_33_20.png,raw\signatures\full_org\original_33_20.png,33,20,genuine,1,PNG,L,396,271,1.4613,59242,27df9cfec82714cfa07602fef0d78c8d221d6425d28af9924bac1b12e6964f01
original_33_21.png,raw\signatures\full_org\original_33_21.png,33,21,genuine,1,PNG,L,366,234,1.5641,47483,746ddc21879ec2ccce34645365730e71d91c0127cd2f540fe1d380456d8b4028
original_33_22.png,raw\signatures\full_org\original_33_22.png,33,22,genuine,1,PNG,L,420,216,1.9444,50008,6570a513cc25d55dc79f0fa879907fd32ab837ad377f9e40e7148b7c858d1281
original_33_23.png,raw\signatures\full_org\original_33_23.png,33,23,genuine,1,PNG,L,396,288,1.375,62084,9c75a6b8cb854cbe275bc645c86a5084da88668079d84c8b52493e2d88c3c70a
original_33_24.png,raw\signatures\full_org\original_33_24.png,33,24,genuine,1,PNG,L,402,271,1.4834,60514,fe59fa99b6e9914faed7f715fb7a6000aa2a5d4e247b24f0ca4ec08b907eedcc
original_33_3.png,raw\signatures\full_org\original_33_3.png,33,3,genuine,1,PNG,L,354,253,1.3992,49025,05963f1507b63cfe0b71aba213367c104619290bf10f43873278075e22b5e9ff
original_33_4.png,raw\signatures\full_org\original_33_4.png,33,4,genuine,1,PNG,L,366,277,1.3213,55472,f1cd3543459934d6adea38de8616b5293ff8df5cd60f80ff811d1a158d941e62
original_33_5.png,raw\signatures\full_org\original_33_5.png,33,5,genuine,1,PNG,L,372,247,1.5061,50958,7b91224d886d7ab8a3134f7f7f339d80c1ed7c5f0dfcff7920fbf072dd1656e7
original_33_6.png,raw\signatures\full_org\original_33_6.png,33,6,genuine,1,PNG,L,378,265,1.4264,54201,7e6ebb91871b07250af543fb19225af6c31c02ba8faad64ba8424ae1b76bbb3a
original_33_7.png,raw\signatures\full_org\original_33_7.png,33,7,genuine,1,PNG,L,396,271,1.4613,57795,4cef6502eaeeefe416138b2aa7850146cc030b286fba92b7ed9842de8a9f1b84
original_33_8.png,raw\signatures\full_org\original_33_8.png,33,8,genuine,1,PNG,L,378,265,1.4264,54910,5f68f8edd279d4d63642d419688009340664b5473db06e8379155fbbad3eb1fd
original_33_9.png,raw\signatures\full_org\original_33_9.png,33,9,genuine,1,PNG,L,414,264,1.5682,58527,87b4a9c29d5c58d8bf88f2f9e1fb61151b2e066934bd3df89b9bac1a8b8872ac
original_34_1.png,raw\signatures\full_org\original_34_1.png,34,1,genuine,1,PNG,L,582,486,1.1975,149145,0ea244f9822ca05abb86aeb4ca35aa357ed760d459d1e47335c47db0772e4bdf
original_34_10.png,raw\signatures\full_org\original_34_10.png,34,10,genuine,1,PNG,L,618,481,1.2848,158071,48f8ba142ee71663bccc13fc99dbfddd2ea2e4f98033072cd6f508ae5d496886
original_34_11.png,raw\signatures\full_org\original_34_11.png,34,11,genuine,1,PNG,L,594,505,1.1762,161881,bcaed1bbecb6810318a0b9b8ad2763c7b056fac7541153e6a0ef89b80c9123ba
original_34_12.png,raw\signatures\full_org\original_34_12.png,34,12,genuine,1,PNG,L,612,426,1.4366,136871,250531618dd1e3322faec3a02a9402566afc13b4a1775d09c6da676a07ab7e35
original_34_13.png,raw\signatures\full_org\original_34_13.png,34,13,genuine,1,PNG,L,594,456,1.3026,142866,e11362cf8eafdd202b74b344d2e4f23cd4252e3901a56b908d8ba9f833874953
original_34_14.png,raw\signatures\full_org\original_34_14.png,34,14,genuine,1,PNG,L,600,462,1.2987,145589,0e6293737f6a91a6791e88b52d7fcec4bc916dd9ff610a338b73e723e8151102
original_34_15.png,raw\signatures\full_org\original_34_15.png,34,15,genuine,1,PNG,L,624,414,1.5072,135385,7a866abec79fe8105be4969573ee3270f871ec28bb74134d86e06ec103c47241
original_34_16.png,raw\signatures\full_org\original_34_16.png,34,16,genuine,1,PNG,L,594,468,1.2692,146114,0e2134fa6d9ec8f435c47f7cf4609ba94ee4fe629155f0be59e23b49b4d91e85
original_34_17.png,raw\signatures\full_org\original_34_17.png,34,17,genuine,1,PNG,L,516,462,1.1169,126085,e5d3fe2f0790a80082766c3209e84e2ffa3e194a7d4d18ccbcec33fb17645b15
original_34_18.png,raw\signatures\full_org\original_34_18.png,34,18,genuine,1,PNG,L,612,433,1.4134,140155,82b3be376a8ebb2fb65b6c631a1a32a716fdf782a943774bc58f99b96cbeb894
original_34_19.png,raw\signatures\full_org\original_34_19.png,34,19,genuine,1,PNG,L,576,475,1.2126,144837,071bc773584eec8fa2a27d8a96caa0b3d25135b6a9cb15237aeb56dbc81fe035
original_34_2.png,raw\signatures\full_org\original_34_2.png,34,2,genuine,1,PNG,L,612,474,1.2911,152978,ab7989114e20f3545b1df5841bfc1124935b461aef1dc5f91da7b2d018176ffb
original_34_20.png,raw\signatures\full_org\original_34_20.png,34,20,genuine,1,PNG,L,558,439,1.2711,130711,51edfaf5cea1e576e9ac7f2d3154937914fe5cee1456fba644abcc1bebfbed9d
original_34_21.png,raw\signatures\full_org\original_34_21.png,34,21,genuine,1,PNG,L,618,481,1.2848,158092,374b10a238e07c7575f34ef0d964dc2069fc5a36b85731f38bb6365f6fbe578c
original_34_22.png,raw\signatures\full_org\original_34_22.png,34,22,genuine,1,PNG,L,618,511,1.2094,168869,12af869d45067036500dd4f85fe62d96f3eedba72f3798b6dd81985a22a76520
original_34_23.png,raw\signatures\full_org\original_34_23.png,34,23,genuine,1,PNG,L,630,463,1.3607,155616,3837a6934aa79460f051f3a8425709410e1692cb13f04ac9614c713238d8b369
original_34_24.png,raw\signatures\full_org\original_34_24.png,34,24,genuine,1,PNG,L,564,438,1.2877,129898,cd6b7b0c0895cce903c1de70933fddebc03347bb82fa8fb87786d546ca922443
original_34_3.png,raw\signatures\full_org\original_34_3.png,34,3,genuine,1,PNG,L,576,492,1.1707,150126,106c1093806fbf2aae2770ef7da9c7125b070c9c9f9a3fd629b4f9401212f787
original_34_4.png,raw\signatures\full_org\original_34_4.png,34,4,genuine,1,PNG,L,582,468,1.2436,145679,492cd80dc6687359956ac557c6a203e39533ad5ef98c84714d7de9f5411dc099
original_34_5.png,raw\signatures\full_org\original_34_5.png,34,5,genuine,1,PNG,L,606,486,1.2469,158193,dcdf4845661acfa7328a11352432dfd6b4ec5fd64bcd165f4ec689f17da3c35b
original_34_6.png,raw\signatures\full_org\original_34_6.png,34,6,genuine,1,PNG,L,588,403,1.4591,127682,be93884a1967375b4f34c50951a7e3afad84c1405e9a6a7e3034c9b14896ef47
original_34_7.png,raw\signatures\full_org\original_34_7.png,34,7,genuine,1,PNG,L,594,505,1.1762,158998,6f6b510a9e82b343434eb7ec98d91cbb47d2d783d9f0b9069f8845202a6484d0
original_34_8.png,raw\signatures\full_org\original_34_8.png,34,8,genuine,1,PNG,L,588,457,1.2867,144865,a2b62a7e66ec6afd64163afb00bd9afb0f6f6c19480dc8f896b3b768c2ef9ee7
original_34_9.png,raw\signatures\full_org\original_34_9.png,34,9,genuine,1,PNG,L,594,487,1.2197,154361,e2160330b51d5c5c83c42fa0fdab7f293853350d88b4754f19b8bf4cf0ad271b
original_35_1.png,raw\signatures\full_org\original_35_1.png,35,1,genuine,1,PNG,L,462,271,1.7048,68209,7830d2d50f5365d257754af9fbd3a339789926af2b1d869022768905ee20c76e
original_35_10.png,raw\signatures\full_org\original_35_10.png,35,10,genuine,1,PNG,L,516,330,1.5636,88361,d7a0c150661b816ed69440f3a09a0c84a630ad0d67312043939ce8d18ad6209c
original_35_11.png,raw\signatures\full_org\original_35_11.png,35,11,genuine,1,PNG,L,504,366,1.377,95391,b572668bbd0bb9094f07178756e6ec87de453b7c691aef0859097ba1524c92e2
original_35_12.png,raw\signatures\full_org\original_35_12.png,35,12,genuine,1,PNG,L,480,337,1.4243,86395,8a69f42434a56bdf66ad555ead89239d48c80c3e12668cceaac4ea7116a82202
original_35_13.png,raw\signatures\full_org\original_35_13.png,35,13,genuine,1,PNG,L,408,247,1.6518,55168,25b827f72698fda21ba8a63b881b0e871275b576512e6a4fdb8f12c5ba0fa5dd
original_35_14.png,raw\signatures\full_org\original_35_14.png,35,14,genuine,1,PNG,L,432,289,1.4948,67364,62ce19eaa9a65f48a59c5bd6a3a82f09fc8b58e3348ef9769aeb17f8dbc68384
original_35_15.png,raw\signatures\full_org\original_35_15.png,35,15,genuine,1,PNG,L,432,289,1.4948,66683,2652029dc4094cd603cf616169361dc0a78af09393ff4b8b06c8402b7cf42f90
original_35_16.png,raw\signatures\full_org\original_35_16.png,35,16,genuine,1,PNG,L,426,265,1.6075,60697,e0dd1410cf535b29872038e3a525002fdf1cfe019ad4beabbd57ba0f4e3b941b
original_35_17.png,raw\signatures\full_org\original_35_17.png,35,17,genuine,1,PNG,L,384,247,1.5547,51698,0a18c56508c78a7d8864f25cc1a5d0f23c4d5aec17a3e52001f5c6d874855b7b
original_35_18.png,raw\signatures\full_org\original_35_18.png,35,18,genuine,1,PNG,L,354,277,1.278,52496,e6f4c537cc0a677ba73068ed974724b4d0276fc14fe80c49162e9e93dbcfc1f2
original_35_19.png,raw\signatures\full_org\original_35_19.png,35,19,genuine,1,PNG,L,432,289,1.4948,65450,5546cc89b9a4956f2452c8ed9998cc80c97eb40248c964a4c3e44fd62a49b4f1
original_35_2.png,raw\signatures\full_org\original_35_2.png,35,2,genuine,1,PNG,L,390,253,1.5415,54359,dffb47f6d556b0d5365a7ba508c8f736747cee39dd217403fe001e90c3ee2892
original_35_20.png,raw\signatures\full_org\original_35_20.png,35,20,genuine,1,PNG,L,366,271,1.3506,53198,d3c09eb2023821c70b28eb5f0d60dd814e9bd6ff105c32d0951f2e06190d4aa4
original_35_21.png,raw\signatures\full_org\original_35_21.png,35,21,genuine,1,PNG,L,378,300,1.26,59835,41655d688596afdc1e5037a87078fc72fe7ddf852ec9e4ce0ff41251f53fb28c
original_35_22.png,raw\signatures\full_org\original_35_22.png,35,22,genuine,1,PNG,L,360,282,1.2766,53824,94b1abc5a7af157e6ae8e7fc9222b5d5ca63244887848a6e05b2658aed669821
original_35_23.png,raw\signatures\full_org\original_35_23.png,35,23,genuine,1,PNG,L,402,306,1.3137,64526,8a78cf93ed8512c7d78698e80a019922a7c3e9855e95c6936e2ed75925347a5d
original_35_24.png,raw\signatures\full_org\original_35_24.png,35,24,genuine,1,PNG,L,354,217,1.6313,43601,ec73b345e81a2c38fbbf0a93946ad38cf8d55bc42447bc66f101a9ee85ca6f1f
original_35_3.png,raw\signatures\full_org\original_35_3.png,35,3,genuine,1,PNG,L,462,283,1.6325,70747,5d6fae24b58485b44ef5441d5b3777cbb895fe2522862638a8da03e253a14195
original_35_4.png,raw\signatures\full_org\original_35_4.png,35,4,genuine,1,PNG,L,432,313,1.3802,73472,5aae82b7f28878fa4fa57338a26cd2822a88238cd8332a3a0f884fbba7d62933
original_35_5.png,raw\signatures\full_org\original_35_5.png,35,5,genuine,1,PNG,L,408,307,1.329,67257,ab53586f67895bdfc5853595478e3edddd52364243ba881477b69632e84ba9d0
original_35_6.png,raw\signatures\full_org\original_35_6.png,35,6,genuine,1,PNG,L,402,259,1.5521,56534,6a0faca84dabda4d3de3f6cb4a70c5fcbf86732c794aefa72f3a42ef23f0f4a3
original_35_7.png,raw\signatures\full_org\original_35_7.png,35,7,genuine,1,PNG,L,426,277,1.5379,63539,b4650b11c892ae098f310a68b57308f752d6d8c81c5924e2afaa25a7683dd2c8
original_35_8.png,raw\signatures\full_org\original_35_8.png,35,8,genuine,1,PNG,L,414,319,1.2978,70094,79832bcab44c00d7442ede2b0ed2f2363b32153cf4474e15b3485265bee01712
original_35_9.png,raw\signatures\full_org\original_35_9.png,35,9,genuine,1,PNG,L,480,288,1.6667,73000,3d97e9bb29eae1a2a4f4910e274bbbf3f975a3ea30dc9d3f2b70150cb4f67fc8
original_36_1.png,raw\signatures\full_org\original_36_1.png,36,1,genuine,1,PNG,L,468,247,1.8947,63736,300f93558e24ce41f332cb4b1882ee80ccfe11e10b1c0f64e406a57064cba3a5
original_36_10.png,raw\signatures\full_org\original_36_10.png,36,10,genuine,1,PNG,L,462,276,1.6739,68646,e6424a5c4bfc96ae11b40a8cea5d9afabc6a58078c3e680f0c5a3d0e562cc2a2
original_36_11.png,raw\signatures\full_org\original_36_11.png,36,11,genuine,1,PNG,L,492,276,1.7826,72257,f37c2fa133baea281d79f3fada6a28f395ba0c82627ea54ba8b80cbb311c1cb8
original_36_12.png,raw\signatures\full_org\original_36_12.png,36,12,genuine,1,PNG,L,444,235,1.8894,57093,ce21927b1e15c59ad297070be21d998b329548aa7ad57e7a456d6f2b1d0ee21a
original_36_13.png,raw\signatures\full_org\original_36_13.png,36,13,genuine,1,PNG,L,414,361,1.1468,80736,807a80fbeaf92c05273ed2a97984f09af15875ccf00a0c99aafe84b6ff94301c
original_36_14.png,raw\signatures\full_org\original_36_14.png,36,14,genuine,1,PNG,L,456,355,1.2845,87126,f117484b6fd1a6fe3c86d1726e18f9ac20a0bea026f3da51dc0a25af3a4753c4
original_36_15.png,raw\signatures\full_org\original_36_15.png,36,15,genuine,1,PNG,L,498,355,1.4028,93214,fa3ebaeb25357f33a3f8e5e606b5215ce410b3bddeb8c55341c4f12d98f92791
original_36_16.png,raw\signatures\full_org\original_36_16.png,36,16,genuine,1,PNG,L,468,379,1.2348,93542,758f0295dd36695aabec147c8555d198278acf9427dc1ebf8d6e77fbdba95f37
original_36_17.png,raw\signatures\full_org\original_36_17.png,36,17,genuine,1,PNG,L,510,379,1.3456,100590,83ff92a37470214fe2db62b450924a24270e3c89a979a9b62d13e4a75ccedd53
original_36_18.png,raw\signatures\full_org\original_36_18.png,36,18,genuine,1,PNG,L,462,301,1.5349,73991,597eb17ead300cb44b851ae37f9f29be37d708f65bbb4d93939dbaf60de35147
original_36_19.png,raw\signatures\full_org\original_36_19.png,36,19,genuine,1,PNG,L,492,259,1.8996,68214,55b2b9b58d4dd6023430f52548038b4c7ff54bbe74a07e60e03f07c15bedeff6
original_36_2.png,raw\signatures\full_org\original_36_2.png,36,2,genuine,1,PNG,L,426,271,1.572,63174,008bf68d0ec37da41fcae3f549cc142660eaae9e0ad7e9ea8c973305e4399cca
original_36_20.png,raw\signatures\full_org\original_36_20.png,36,20,genuine,1,PNG,L,474,325,1.4585,80469,87bfd6684a4ce65169641f547fd42e09e817d2291acdab391c8a6ee0892e8f0c
original_36_21.png,raw\signatures\full_org\original_36_21.png,36,21,genuine,1,PNG,L,438,294,1.4898,69212,a473623dd9b6d75d31f967ef2c1e6b32e4df68aaaa63c86fb328dd7071c74161
original_36_22.png,raw\signatures\full_org\original_36_22.png,36,22,genuine,1,PNG,L,462,348,1.3276,85245,a441c0a59e3a6385f6728bd91fa66946879bcbe2f2271ed0d09dc6be8caccf76
original_36_23.png,raw\signatures\full_org\original_36_23.png,36,23,genuine,1,PNG,L,468,294,1.5918,73061,4b0cc6cbed29e4f021cd6b476243ae2e89106b0dbba7d66de92a5fc8a627c4cc
original_36_24.png,raw\signatures\full_org\original_36_24.png,36,24,genuine,1,PNG,L,444,342,1.2982,81264,63a4446bc0ca98436cc80c09557e4f4c8fccaa0eeda4fc16453391322ae69285
original_36_3.png,raw\signatures\full_org\original_36_3.png,36,3,genuine,1,PNG,L,462,241,1.917,60216,efbd8800e2477e733513244cacd979f359adee77f2577e7257d2759fda20d500
original_36_4.png,raw\signatures\full_org\original_36_4.png,36,4,genuine,1,PNG,L,474,283,1.6749,71948,fbfaf8deff02f38145772324bc209a5298017b5c6afb55c1533eb16a9ea71033
original_36_5.png,raw\signatures\full_org\original_36_5.png,36,5,genuine,1,PNG,L,492,271,1.8155,71469,8db23d9b4a78050977cce08208cfdb9e24b868ac47dd5dbd0bc45ca219436dc1
original_36_6.png,raw\signatures\full_org\original_36_6.png,36,6,genuine,1,PNG,L,462,253,1.8261,62693,ba27d0eadbf829272271104b4e9fb57932618585f5423be82af727cac5d3f497
original_36_7.png,raw\signatures\full_org\original_36_7.png,36,7,genuine,1,PNG,L,438,259,1.6911,61095,fc87c205a0aa69c69c16753c4e588fd2716198b8c851623e13cd8646b577eb06
original_36_8.png,raw\signatures\full_org\original_36_8.png,36,8,genuine,1,PNG,L,450,288,1.5625,69527,0b7bfdbc4e4e772e4a2158a7079e613ed3be6dbc2aab1ff438e238587860dc4a
original_36_9.png,raw\signatures\full_org\original_36_9.png,36,9,genuine,1,PNG,L,438,240,1.825,57686,8ce7dacad47692bc09eabd233019d8fe3710d3f106fb777fb0d4c0a6f4ba028f
original_37_1.png,raw\signatures\full_org\original_37_1.png,37,1,genuine,1,PNG,L,516,403,1.2804,110569,c637497c1b15aa62b5b933ed8e9917f1ca760f1f781b04138b12416f2089bf94
original_37_10.png,raw\signatures\full_org\original_37_10.png,37,10,genuine,1,PNG,L,444,396,1.1212,94869,b7f7a8546ae160e871a8a61e5ba0ecea2838d12468f5a6dcc13311bbbe8a71ad
original_37_11.png,raw\signatures\full_org\original_37_11.png,37,11,genuine,1,PNG,L,492,492,1.0,125824,fb532a688e0266dc37a17657ed0997190ec388934837142bd370abe94b367a9c
original_37_12.png,raw\signatures\full_org\original_37_12.png,37,12,genuine,1,PNG,L,480,403,1.1911,103538,57f118567fe6a3b977da4d1229ae3c6b02714feeab7a053f6b17e5588588e9ff
original_37_13.png,raw\signatures\full_org\original_37_13.png,37,13,genuine,1,PNG,L,468,433,1.0808,108578,2bdfc9abf98afb860242205382524f36b2f7d8641a8fe110c872304da96cf8c3
original_37_14.png,raw\signatures\full_org\original_37_14.png,37,14,genuine,1,PNG,L,486,451,1.0776,115960,6222026626643bb17d7251575e0c73d6ee98873333ffb03d24afaae7710d7db3
original_37_15.png,raw\signatures\full_org\original_37_15.png,37,15,genuine,1,PNG,L,474,379,1.2507,95882,1101ef3003ce0d5cc6b0cb458f450d11894269ef6d47656a4b4be6cfd7d474d9
original_37_16.png,raw\signatures\full_org\original_37_16.png,37,16,genuine,1,PNG,L,468,475,0.9853,119229,20756e5ded055cbceed6aca61ca1ff8cbf7c28c167a5f583821e6ed3936db531
original_37_17.png,raw\signatures\full_org\original_37_17.png,37,17,genuine,1,PNG,L,516,439,1.1754,120385,246337625bc1c844aa51f96510906dd5bdaeae3b98d9211b2e35f5ebc7cc9513
original_37_18.png,raw\signatures\full_org\original_37_18.png,37,18,genuine,1,PNG,L,462,462,1.0,112668,8c70eb558b567a5ff146ba2e093a049eb07e70f664ebf19a59f909d03ef79661
original_37_19.png,raw\signatures\full_org\original_37_19.png,37,19,genuine,1,PNG,L,504,408,1.2353,110285,87e43b277b3dbeb9f8df458b13011df13f0578204256b58800bf903f3c406877
original_37_2.png,raw\signatures\full_org\original_37_2.png,37,2,genuine,1,PNG,L,480,397,1.2091,102093,59cef05a2227a4bac8b53797f1e8b985d249338bca5b81a0b92c2e9ed7d77622
original_37_20.png,raw\signatures\full_org\original_37_20.png,37,20,genuine,1,PNG,L,438,415,1.0554,97274,f6843ec5b606f6f31700ab09dc7dc8359633c7e3cf8de7584b358666419dcef0
original_37_21.png,raw\signatures\full_org\original_37_21.png,37,21,genuine,1,PNG,L,432,540,0.8,123734,60157e47e56ff740c022cf8e3bb13ab181458251b9e884ba96b52fc35713e043
original_37_22.png,raw\signatures\full_org\original_37_22.png,37,22,genuine,1,PNG,L,516,480,1.075,131019,fbd15b85bb1786c6cd60f18462d23fa54d2658a55c44bd728d36e6e3959d453c
original_37_23.png,raw\signatures\full_org\original_37_23.png,37,23,genuine,1,PNG,L,474,444,1.0676,111780,67061babff13887606d197cb1135faffaf5c0b9a1c92305e63169df6158608c4
original_37_24.png,raw\signatures\full_org\original_37_24.png,37,24,genuine,1,PNG,L,486,457,1.0635,118080,6106980afe61530b777a89f977b01e6c8ecff469c3c62b25695501a869314efd
original_37_3.png,raw\signatures\full_org\original_37_3.png,37,3,genuine,1,PNG,L,486,421,1.1544,109283,8331d13887f3064e2078a77742c266e6969898e68648dd413127dbc9cbef987d
original_37_4.png,raw\signatures\full_org\original_37_4.png,37,4,genuine,1,PNG,L,504,421,1.1971,112078,3ef1ac5959aa835d37fc573e513283ef2025e9be1d0190e5212b6e6ff417e6f8
original_37_5.png,raw\signatures\full_org\original_37_5.png,37,5,genuine,1,PNG,L,480,427,1.1241,108699,22843a3871d930cf17da1662df9c6c547752067ef4ac88eaaeff8cf0eaa1a71a
original_37_6.png,raw\signatures\full_org\original_37_6.png,37,6,genuine,1,PNG,L,480,433,1.1085,109778,7c8a1172031a283a0639ff5fc1a05baa426e81b7e24c0d46f03a2a1461deddc1
original_37_7.png,raw\signatures\full_org\original_37_7.png,37,7,genuine,1,PNG,L,468,444,1.0541,109689,ac9e94b024b88829ae93f56ba8f6d639169f7babe0fb41ddc69b9e08da4cd258
original_37_8.png,raw\signatures\full_org\original_37_8.png,37,8,genuine,1,PNG,L,450,426,1.0563,101091,86075fec89f2ad19664f42f4b45641d7ad5a553d4d167813430da3910803f416
original_37_9.png,raw\signatures\full_org\original_37_9.png,37,9,genuine,1,PNG,L,474,426,1.1127,106892,d297c3d15e312547b48d2a202b4d91f5a5ea8012984313301ba39b5b08e53be9
original_38_1.png,raw\signatures\full_org\original_38_1.png,38,1,genuine,1,PNG,L,540,307,1.759,87528,9ed070be317610c2b1f11d5bd22c0a960985aa8c68309aef7245bdf53a4c960f
original_38_10.png,raw\signatures\full_org\original_38_10.png,38,10,genuine,1,PNG,L,534,282,1.8936,79329,1f9ecb572c043c338589de9e39ad8edc786166f00ef4165a6b612568a84b800e
original_38_11.png,raw\signatures\full_org\original_38_11.png,38,11,genuine,1,PNG,L,534,378,1.4127,103578,9a11db66fd4c9c3a246684ef35470e34185ae62df9f499f61a0153652f813b46
original_38_12.png,raw\signatures\full_org\original_38_12.png,38,12,genuine,1,PNG,L,582,307,1.8958,94102,ffd55c0a7e22e071199f5d380fe1b61bfb6f99119f97d6e271f1b93367927840
original_38_13.png,raw\signatures\full_org\original_38_13.png,38,13,genuine,1,PNG,L,576,247,2.332,76092,f11fb2799860cc5f2c23d91f7efa3890e96ec92d53c231ae45a5dd9eb4e6ffb2
original_38_14.png,raw\signatures\full_org\original_38_14.png,38,14,genuine,1,PNG,L,582,307,1.8958,94133,a95d721c8af4d4d4d40b8dc196e15babc21b66d27f36b6b25b9fb36f3e1768fd
original_38_15.png,raw\signatures\full_org\original_38_15.png,38,15,genuine,1,PNG,L,588,337,1.7448,104630,c008a0480b64299c0150120cd790949c37c57cde29a3e4ded0cd54a5a2403abb
original_38_16.png,raw\signatures\full_org\original_38_16.png,38,16,genuine,1,PNG,L,558,259,2.1544,78106,97a9fecf22577d718bfbdd26b8e587a2a7ae825fbc50ba69151d45bb4e030378
original_38_17.png,raw\signatures\full_org\original_38_17.png,38,17,genuine,1,PNG,L,528,319,1.6552,88595,e6ec369ba9369ff8f68b2dcb4eae7753dfe213b3f643ad07856f2e887ae1abb3
original_38_18.png,raw\signatures\full_org\original_38_18.png,38,18,genuine,1,PNG,L,564,241,2.3402,73574,8da47f6a3b39504f5161acb9e032275810eb50eccf13fc34369442292e63e1b2
original_38_19.png,raw\signatures\full_org\original_38_19.png,38,19,genuine,1,PNG,L,552,295,1.8712,86057,8f49490de38d522c3572acf1e2f8e8b4077e365f061086081300062892432c98
original_38_2.png,raw\signatures\full_org\original_38_2.png,38,2,genuine,1,PNG,L,564,349,1.616,103815,86f71f7a322f2b4668e368b5704225c67c628b51f470edc49de6b9879906eb51
original_38_20.png,raw\signatures\full_org\original_38_20.png,38,20,genuine,1,PNG,L,534,325,1.6431,90897,1623a10ac24d83d964027ab075de3d5b2dfb0da376553d7a9fa6a02751a8238f
original_38_21.png,raw\signatures\full_org\original_38_21.png,38,21,genuine,1,PNG,L,540,366,1.4754,102960,696c45fcb21d9f0c4b97efe587171e81ca094d12c183838806ce354f056d84fd
original_38_22.png,raw\signatures\full_org\original_38_22.png,38,22,genuine,1,PNG,L,636,318,2.0,104478,638396258e256a366da634c5c5a64033aee5a0c92a3abadc8a9e75664bd16509
original_38_23.png,raw\signatures\full_org\original_38_23.png,38,23,genuine,1,PNG,L,576,360,1.6,107367,b7be31227753e110f785078d85583b3535a341b38925f9037abc7e3c1bcc8ae0
original_38_24.png,raw\signatures\full_org\original_38_24.png,38,24,genuine,1,PNG,L,546,277,1.9711,80966,0fed1a3ea77b7a5b6249977b527136632290c040bce1662a0ae4044fa84add2d
original_38_3.png,raw\signatures\full_org\original_38_3.png,38,3,genuine,1,PNG,L,582,301,1.9336,91804,3b037c83b075d1b55c268eab418c064d43305a324c9f85f3278741cb5944eb36
original_38_4.png,raw\signatures\full_org\original_38_4.png,38,4,genuine,1,PNG,L,594,331,1.7946,102535,c81de23ce7cc951af33fc156564f704447b670b889305e3d1e706391854c805b
original_38_5.png,raw\signatures\full_org\original_38_5.png,38,5,genuine,1,PNG,L,558,385,1.4494,111466,e1efd47baf2b91c803f4eebe786211d3712723dec459309492384a0c0030ca78
original_38_6.png,raw\signatures\full_org\original_38_6.png,38,6,genuine,1,PNG,L,540,295,1.8305,83913,47117f43d52c890a9846008324fb2e3d4bb5b8bf609125823d462674938d1efd
original_38_7.png,raw\signatures\full_org\original_38_7.png,38,7,genuine,1,PNG,L,546,343,1.5918,97387,f8c83e13d07f91163230f359c5f7e7f504e0a4c3781286e2233aa6986e19b2e9
original_38_8.png,raw\signatures\full_org\original_38_8.png,38,8,genuine,1,PNG,L,576,349,1.6504,103546,5b9a33483d5ca438604bf5b1fe721a1dfd59e9cbb563b8f1be061cc5bfc6a2e8
original_38_9.png,raw\signatures\full_org\original_38_9.png,38,9,genuine,1,PNG,L,504,306,1.6471,81714,4c894ba5dab775d14cd49edab9c4df1295a52a49c1206d344fa1fef188563244
original_39_1.png,raw\signatures\full_org\original_39_1.png,39,1,genuine,1,PNG,RGBA,564,396,1.4242,193489,30317c29463ffc778c9c774b2cab710359c4b5b4291e0d78c8baf8c6b7d23c54
original_39_10.png,raw\signatures\full_org\original_39_10.png,39,10,genuine,1,PNG,RGBA,588,528,1.1136,261153,a03c45f89fc817655970cccaeefb419eef8873ffd0f49d300c0a9c7543e73fa9
original_39_11.png,raw\signatures\full_org\original_39_11.png,39,11,genuine,1,PNG,RGBA,612,456,1.3421,235539,92c0ba216fd3be9a81604b2341d5c0fb82b392aa229f2b891472c78bcb4f6b88
original_39_12.png,raw\signatures\full_org\original_39_12.png,39,12,genuine,1,PNG,RGBA,552,402,1.3731,189600,e4a33b7e0ccd5f6eb3565f000e495db1830407211b81c7bf5dcc6ad4fca2a29d
original_39_13.png,raw\signatures\full_org\original_39_13.png,39,13,genuine,1,PNG,RGBA,588,552,1.0652,276798,d521bef0118624e1376b97efb16aebca2f4ac3ded5fa0161467b3d2fc22355c8
original_39_14.png,raw\signatures\full_org\original_39_14.png,39,14,genuine,1,PNG,RGBA,576,540,1.0667,266109,cf0fc7797f82d3c699701f2f9fc02396081d100a45851ed6a78e66abeb1737bc
original_39_15.png,raw\signatures\full_org\original_39_15.png,39,15,genuine,1,PNG,RGBA,583,522,1.1169,257920,1ed6d6c098e8e29ac29a27f98463afa6efe67a8592469502e6c2f4f1b4987a57
original_39_16.png,raw\signatures\full_org\original_39_16.png,39,16,genuine,1,PNG,RGBA,559,444,1.259,212250,80ca8e42d5f1e3987caa7729b7865c57256e06708f3504de5d51ac6c8fa4943c
original_39_17.png,raw\signatures\full_org\original_39_17.png,39,17,genuine,1,PNG,RGBA,565,474,1.192,229769,ffd4a96c14827049ec9777b8c4aad537c7c3a6c9d24a33e368a841b0b5575744
original_39_18.png,raw\signatures\full_org\original_39_18.png,39,18,genuine,1,PNG,RGBA,570,432,1.3194,209751,46484a2ae1fdf9fb53b2283f18d9bb918e3afeab705eeafcb1733f95dac3a234
original_39_19.png,raw\signatures\full_org\original_39_19.png,39,19,genuine,1,PNG,RGBA,540,540,1.0,248271,0639b8265c3c89d0bc524e042b7bf2d66435375eff0708a301f34b3394d332b5
original_39_2.png,raw\signatures\full_org\original_39_2.png,39,2,genuine,1,PNG,RGBA,558,438,1.274,208673,24165b0f609114eef2e273a3740d1176da471503dbc43095a9836c970a2b5699
original_39_20.png,raw\signatures\full_org\original_39_20.png,39,20,genuine,1,PNG,RGBA,588,480,1.225,240122,97340f1d50f0e2d99b1b87087faf0a07f62267d86c5955775b262c04099c5daf
original_39_21.png,raw\signatures\full_org\original_39_21.png,39,21,genuine,1,PNG,RGBA,582,408,1.4265,202368,6b760cbf927098edb05bff227965fdf8efabdfcc71db07b0676bff6cc48aaa8b
original_39_22.png,raw\signatures\full_org\original_39_22.png,39,22,genuine,1,PNG,RGBA,594,468,1.2692,237748,7f8ff9030a95adc688bdc2ee3d6e67afba9a6820d556e1ea42932eccd127c450
original_39_23.png,raw\signatures\full_org\original_39_23.png,39,23,genuine,1,PNG,RGBA,594,516,1.1512,261528,77957dcfb4ff57b86b03a5e77b88abdbf55a8853295427373536ad1a67c31d3f
original_39_24.png,raw\signatures\full_org\original_39_24.png,39,24,genuine,1,PNG,RGBA,534,504,1.0595,229772,571680476be625d3e2319c035067dc4fb370d449a66fe75c894f796dce0c53ac
original_39_3.png,raw\signatures\full_org\original_39_3.png,39,3,genuine,1,PNG,RGBA,565,438,1.29,209517,a7f49c3d054e82a0a8dbdf3237cffb53fd1ff236a999c3aef606385af72a0b29
original_39_4.png,raw\signatures\full_org\original_39_4.png,39,4,genuine,1,PNG,RGBA,571,408,1.3995,201815,bddc240cf01820555c70d9a806ed32534c1fa269ac2fb408bfa59d0a891b03ac
original_39_5.png,raw\signatures\full_org\original_39_5.png,39,5,genuine,1,PNG,RGBA,571,402,1.4204,198999,ab8663a428249e965a275e8d7ff22a3a248933bd10c5bac8acf2a9cac9cb2a1f
original_39_6.png,raw\signatures\full_org\original_39_6.png,39,6,genuine,1,PNG,RGBA,528,402,1.3134,180410,e56091a77ef8467ad138b0e42c01028919f62e23b98487128a76e249dc60ca98
original_39_7.png,raw\signatures\full_org\original_39_7.png,39,7,genuine,1,PNG,RGBA,576,378,1.5238,185974,28a21e1b7f192253f48e60c3171487ee4f0e917fde6e05ed4b128e8312f65589
original_39_8.png,raw\signatures\full_org\original_39_8.png,39,8,genuine,1,PNG,RGBA,564,432,1.3056,206906,f09fe126c2f7511deebf6cb3e9e4ee2bd57ec969aca8f98b97c084b012eeb6d3
original_39_9.png,raw\signatures\full_org\original_39_9.png,39,9,genuine,1,PNG,RGBA,594,360,1.65,183989,96b2dd344bed0c196af3a37b6d969fd001331d76b7c722fd9f86a8621192ad17
original_3_1.png,raw\signatures\full_org\original_3_1.png,3,1,genuine,1,PNG,L,600,331,1.8127,105463,ff32accda33b8ff428459c2737258c82854511d903e05b4fecec23ea0ceece65
original_3_10.png,raw\signatures\full_org\original_3_10.png,3,10,genuine,1,PNG,L,582,283,2.0565,89581,876200cc45b0b4d0923297b7011a29087450d0ab960e3bc1f6aa978dd903d236
original_3_11.png,raw\signatures\full_org\original_3_11.png,3,11,genuine,1,PNG,L,570,265,2.1509,82672,99fc221c53e456c9600c81e258d1b60af180c30e6e6fb3a7bb74982c278a5eb5
original_3_12.png,raw\signatures\full_org\original_3_12.png,3,12,genuine,1,PNG,L,516,283,1.8233,78745,a1bf0b14f5873715b919f49042a313724782ce45f2585d16ba62db6df3457f71
original_3_13.png,raw\signatures\full_org\original_3_13.png,3,13,genuine,1,PNG,L,564,295,1.9119,91282,6eecc15f2c6a31130b9f3d257a44f169e022d953203b4ee2dc2c34e8fcfadbe6
original_3_14.png,raw\signatures\full_org\original_3_14.png,3,14,genuine,1,PNG,L,582,277,2.1011,88223,4b1fd67140b47664e077647f8c9b080b450c9de469294ab7f463fd134ea8530c
original_3_15.png,raw\signatures\full_org\original_3_15.png,3,15,genuine,1,PNG,L,558,259,2.1544,80005,a3744c4fd599332569baab8be9dfd1e1465bd1c471d53fcedb07838f8983fa67
original_3_16.png,raw\signatures\full_org\original_3_16.png,3,16,genuine,1,PNG,L,558,277,2.0144,85485,0073fab47c87af1be1fe0d809f71088d5509075667fc01c944b928a2a0311ff1
original_3_17.png,raw\signatures\full_org\original_3_17.png,3,17,genuine,1,PNG,L,564,301,1.8738,94192,53234c9ac993ae12877c7c64cb1e4bb80c09cbc5181af525e5bd56bb29b5947c
original_3_18.png,raw\signatures\full_org\original_3_18.png,3,18,genuine,1,PNG,L,612,330,1.8545,107900,ea6ec36e513500737ce722521b8106b740f0ee837516e7c0deed6ff62ebc6ef9
original_3_19.png,raw\signatures\full_org\original_3_19.png,3,19,genuine,1,PNG,L,558,324,1.7222,99145,e6de5183f1ac1e558dd1ad205647450801ebc483abf48b0cf8d2790bab8243e4
original_3_2.png,raw\signatures\full_org\original_3_2.png,3,2,genuine,1,PNG,L,576,289,1.9931,90990,ee2de1d3a629176f87a05e48ddc42021b059df135d9b2eca5cfe4bde26347b38
original_3_20.png,raw\signatures\full_org\original_3_20.png,3,20,genuine,1,PNG,L,516,319,1.6176,88971,77bfc954e43774d0a4491c35587fc78bfbb13dea720f4b14b33e84b4620229c0
original_3_21.png,raw\signatures\full_org\original_3_21.png,3,21,genuine,1,PNG,L,588,282,2.0851,91918,fd2e75398304d942b01bd548cfb046cf34b3777e3106266ff7f46bd2d639c7d7
original_3_22.png,raw\signatures\full_org\original_3_22.png,3,22,genuine,1,PNG,L,540,288,1.875,87002,2f86f9e7452017fd991f536ce3d7f625a2a223beaa8ce539a20ce438a690d573
original_3_23.png,raw\signatures\full_org\original_3_23.png,3,23,genuine,1,PNG,L,588,336,1.75,105533,93acedcdb5ed38016cc11f78cc97bbcbe7177267644421b692dbbba881ea93ea
original_3_24.png,raw\signatures\full_org\original_3_24.png,3,24,genuine,1,PNG,L,546,313,1.7444,91665,10bdc9adc8bbcdb95c5b8a7ecbfabd923a2b0bcdca3702432e30873262385de4
original_3_3.png,raw\signatures\full_org\original_3_3.png,3,3,genuine,1,PNG,L,558,265,2.1057,81123,0a3697bc42e68e70c86d565ec86ae4484d4586d5cb7fcd2e8c84d39c4a8114e8
original_3_4.png,raw\signatures\full_org\original_3_4.png,3,4,genuine,1,PNG,L,516,259,1.9923,73011,ff572b705adc5877200cedcf850fd465f5b0362eb66b7754c0a4e78383b646cf
original_3_5.png,raw\signatures\full_org\original_3_5.png,3,5,genuine,1,PNG,L,558,319,1.7492,96617,aafe05fa7d050aff665c7e97ab8e49e577eafba02cee42dee8efe299bb964687
original_3_6.png,raw\signatures\full_org\original_3_6.png,3,6,genuine,1,PNG,L,540,348,1.5517,101178,b6953f76b488fb80913f04647d677c693b11eb4aec89d9f1581d1cd96652a52e
original_3_7.png,raw\signatures\full_org\original_3_7.png,3,7,genuine,1,PNG,L,570,264,2.1591,82779,a4de738ca69a4a37977342ba4fd61a15bd2da8c38fbfea3393a7f343ee156524
original_3_8.png,raw\signatures\full_org\original_3_8.png,3,8,genuine,1,PNG,L,582,324,1.7963,102043,1d17cf85206140369ed86e0342980292c43c75b7b96a92e8a0b26ae2694e0cb7
original_3_9.png,raw\signatures\full_org\original_3_9.png,3,9,genuine,1,PNG,L,558,270,2.0667,83372,7a0d93bd0f93a67bb118605d6fee9612334e1a2040354b1fd08f1134d0579875
original_40_1.png,raw\signatures\full_org\original_40_1.png,40,1,genuine,1,PNG,L,612,295,2.0746,97348,2e322204863cbfafbba74b561be9c9ed53ddd9677e497fe292dafe606b9f1aa9
original_40_10.png,raw\signatures\full_org\original_40_10.png,40,10,genuine,1,PNG,L,624,372,1.6774,120915,fb93802f490a4cc261c7377b6ccf5de6b3040eb1a33603bd416437a6414e4a44
original_40_11.png,raw\signatures\full_org\original_40_11.png,40,11,genuine,1,PNG,L,618,366,1.6885,118163,86139e134a5b552fb704b203f94e7baa71c0af2c82565046dbb4ac9c1ecc2e9e
original_40_12.png,raw\signatures\full_org\original_40_12.png,40,12,genuine,1,PNG,L,630,271,2.3247,92690,2f25ec54f3d252179553a30f5fd54e6aab178ba859b546ad584871cb0c053781
original_40_13.png,raw\signatures\full_org\original_40_13.png,40,13,genuine,1,PNG,L,618,187,3.3048,64254,b4e4af03651dd51e229dec84230bffa110255be6ba2b078aecb8de5139f508f8
original_40_14.png,raw\signatures\full_org\original_40_14.png,40,14,genuine,1,PNG,L,606,319,1.8997,102945,1d998abc61229e80d19f788b7ecf6c505d6c993022143fb7c85c5861a36615dc
original_40_15.png,raw\signatures\full_org\original_40_15.png,40,15,genuine,1,PNG,L,600,331,1.8127,104092,f4c070c3746b9e8714188a257c76633cf6f10a952495816142dc06a747122d27
original_40_16.png,raw\signatures\full_org\original_40_16.png,40,16,genuine,1,PNG,L,588,301,1.9535,94437,3d669cdc84fb329c456f917bb2d6153e98132389622f83e82de6df2e959981bb
original_40_17.png,raw\signatures\full_org\original_40_17.png,40,17,genuine,1,PNG,L,582,391,1.4885,118506,2d3677a5125fac22b6d3734237c67ba24928a2d0224057e451795343a3cf9051
original_40_18.png,raw\signatures\full_org\original_40_18.png,40,18,genuine,1,PNG,L,630,253,2.4901,84641,1f42efdf87078a131f24b112fb15f6cd40422a2e434078d92f1bc30923a0bce8
original_40_19.png,raw\signatures\full_org\original_40_19.png,40,19,genuine,1,PNG,L,630,283,2.2261,94420,77be40867cfe089fcd4fb5fb98c15fc562cdfe19f709d0b728e952cd2b3fb314
original_40_2.png,raw\signatures\full_org\original_40_2.png,40,2,genuine,1,PNG,L,600,211,2.8436,70235,e08cbfd7efb0328a14b358c06aff79fd0a48226eacde4007d5d2e878b0e7eca4
original_40_20.png,raw\signatures\full_org\original_40_20.png,40,20,genuine,1,PNG,L,576,361,1.5956,108433,813fd24fd2ec048cb6b863e1190335ea175e595e036b48db401d67f9a6018f56
original_40_21.png,raw\signatures\full_org\original_40_21.png,40,21,genuine,1,PNG,L,588,324,1.8148,99666,a63e76436543d37bba53d426b9581db4d9b711ec51d32b7bdab77a53675a553f
original_40_22.png,raw\signatures\full_org\original_40_22.png,40,22,genuine,1,PNG,L,600,384,1.5625,120358,6f5bd1b8f4f4b6d499d0232307f4d84da11020f31180f9abc160a71ad5f155b8
original_40_23.png,raw\signatures\full_org\original_40_23.png,40,23,genuine,1,PNG,L,594,354,1.678,108930,c9193f1cdb528d9ae221299cf6cb67ab49d959eeff1dca3bb4d5a8540314f842
original_40_24.png,raw\signatures\full_org\original_40_24.png,40,24,genuine,1,PNG,L,618,259,2.3861,86543,e141c222c7bbc01546e1c2319d6c75fb2b14c7ae88e9aa6b2dd211e80ea8e340
original_40_3.png,raw\signatures\full_org\original_40_3.png,40,3,genuine,1,PNG,L,630,301,2.093,100711,dac675874f8021c35af87b9dfdaadebe4606785dc0982daab0f125535eac6731
original_40_4.png,raw\signatures\full_org\original_40_4.png,40,4,genuine,1,PNG,L,576,319,1.8056,97051,8a4c20c6c9617cbabc43900e1cf7c9dfbf0d6a5068382b5b7b20aa53e37b6fb1
original_40_5.png,raw\signatures\full_org\original_40_5.png,40,5,genuine,1,PNG,L,600,247,2.4291,79797,3396e00bd781f2fb2dd46d52ce02333428190470afe32f104829aa4072957e0e
original_40_6.png,raw\signatures\full_org\original_40_6.png,40,6,genuine,1,PNG,L,636,247,2.5749,85276,63800d3e0b60d818b7a4426917794f76faa4600bb1d7b977a3f8c1efd2f629ea
original_40_7.png,raw\signatures\full_org\original_40_7.png,40,7,genuine,1,PNG,L,600,223,2.6906,72641,708136499002958f3b2c64b86610f234dccf61a88cc5021f2cb95fc697defc43
original_40_8.png,raw\signatures\full_org\original_40_8.png,40,8,genuine,1,PNG,L,576,235,2.4511,73169,68898688dc0c96b510c277b2db0e3fd3dfe8f059a63ca4eacfa30dc3062b5e78
original_40_9.png,raw\signatures\full_org\original_40_9.png,40,9,genuine,1,PNG,L,618,354,1.7458,115988,5f919ed324c711ef585cf62a12f82af0f5759b2acd99dc878b0577f6521e6dbe
original_41_1.png,raw\signatures\full_org\original_41_1.png,41,1,genuine,1,PNG,L,594,439,1.3531,139514,40c7375eb53d24ccf69bea45f627c310918d5c0f23703456b8bf24766021b83f
original_41_10.png,raw\signatures\full_org\original_41_10.png,41,10,genuine,1,PNG,L,498,378,1.3175,100418,f59c49a07685b7ac5b85564c452dbbeb5ff0810c4abc73d046aa0a7ae0f0cf37
original_41_11.png,raw\signatures\full_org\original_41_11.png,41,11,genuine,1,PNG,L,492,360,1.3667,94324,9688aeccd282ea4a1e613947e052f7e3608662b59ffedbabe68bd6f6913d5e38
original_41_12.png,raw\signatures\full_org\original_41_12.png,41,12,genuine,1,PNG,L,528,439,1.2027,124395,d1e4a229e9d111ec954cd2c48366532bb99adb27347f885b98487ffdde51eb82
original_41_13.png,raw\signatures\full_org\original_41_13.png,41,13,genuine,1,PNG,L,546,444,1.2297,128012,d2e4be942c9e557a1f93c3d50dd28480913aef2401590c9eeba1815b3e08b13d
original_41_14.png,raw\signatures\full_org\original_41_14.png,41,14,genuine,1,PNG,L,516,366,1.4098,100576,26c1f57f7d98e66cae328ed378a57f982eb2a72b6a7bcd49f56c11ef04ea83bd
original_41_15.png,raw\signatures\full_org\original_41_15.png,41,15,genuine,1,PNG,L,546,409,1.335,117733,c33a85340822d46d50a7bc383e245c6e11fe64cd7d85accc17f03b5d53efa6b2
original_41_16.png,raw\signatures\full_org\original_41_16.png,41,16,genuine,1,PNG,L,582,409,1.423,127580,f99e6a3790fd161ebe146d7ef90414bc013b9e008c30b25cb5b288f9127e129c
original_41_17.png,raw\signatures\full_org\original_41_17.png,41,17,genuine,1,PNG,L,612,427,1.4333,136337,f596509a32cbafe8b62e912753a40e620c9d5e0fc8321214fe915f3c37e72520
original_41_18.png,raw\signatures\full_org\original_41_18.png,41,18,genuine,1,PNG,L,576,415,1.388,125293,d1a8079424745a4f1950379fcb61b22223aad71eaf032762a475e37f5575363e
original_41_19.png,raw\signatures\full_org\original_41_19.png,41,19,genuine,1,PNG,L,528,385,1.3714,108209,269e19f170739da2fce28cbd3151190ca3cb825a927d8ac308ca363a4f60c11b
original_41_2.png,raw\signatures\full_org\original_41_2.png,41,2,genuine,1,PNG,L,576,391,1.4731,121431,304edcb8b3e07f3b81ec285b4ca595d0319ce606542270ed1f6b8f9dbfdf8691
original_41_20.png,raw\signatures\full_org\original_41_20.png,41,20,genuine,1,PNG,L,444,337,1.3175,81310,99f9477f86f05e341809eadd2948d6877fa923a7368b7917a3b3a99c011be555
original_41_21.png,raw\signatures\full_org\original_41_21.png,41,21,genuine,1,PNG,L,564,396,1.4242,119702,1c6e3416806284d4a0addbfa435b1aa892bcaafa3922136de2b34d4c3c4a7d4f
original_41_22.png,raw\signatures\full_org\original_41_22.png,41,22,genuine,1,PNG,L,528,289,1.827,84282,93f24030c256054ba56704e4b09f96e1e32b4a98c0afdb16bf4bd3c24653e5bb
original_41_23.png,raw\signatures\full_org\original_41_23.png,41,23,genuine,1,PNG,L,504,300,1.68,81857,2c52c178f1dae40aa85a3a15d11546b335463ed7c643580014566608fb17fa70
original_41_24.png,raw\signatures\full_org\original_41_24.png,41,24,genuine,1,PNG,L,528,408,1.2941,113727,558f48550fb16220a3f1a31fd7eaf7f80e4cad1ca14414dda387cf88af06437a
original_41_3.png,raw\signatures\full_org\original_41_3.png,41,3,genuine,1,PNG,L,546,445,1.227,129641,9484f7e4748b47fdc75305336a0cf43ba4055405aabf10c23ab2ee577cacd7d9
original_41_4.png,raw\signatures\full_org\original_41_4.png,41,4,genuine,1,PNG,L,564,397,1.4207,121085,7ae6d1f09e60a4c60b7ca141832745c72833117f8cdb3d0809455f3a44f17ec8
original_41_5.png,raw\signatures\full_org\original_41_5.png,41,5,genuine,1,PNG,L,558,421,1.3254,124637,0e576ad0917046eea73077ced23e3d55d6ec9d3f38415e7cbfd13856a70b913c
original_41_6.png,raw\signatures\full_org\original_41_6.png,41,6,genuine,1,PNG,L,588,373,1.5764,116424,3f632bddcff2d63b72b8055f8bbb2dc6fc6afddcb33b61ac6f73099261af5fea
original_41_7.png,raw\signatures\full_org\original_41_7.png,41,7,genuine,1,PNG,L,480,337,1.4243,87881,3b135a762e7f3346729f241da81f4c72079900214dde5e984354c4f344a791f6
original_41_8.png,raw\signatures\full_org\original_41_8.png,41,8,genuine,1,PNG,L,528,343,1.5394,98461,9ff74e17d091cfbaaa79b5dce08066f83891a681a3da2cfd7ad961da42801f1f
original_41_9.png,raw\signatures\full_org\original_41_9.png,41,9,genuine,1,PNG,L,396,330,1.2,71691,9edfe7b19b9f31b9dcf5c69b04f7ae038f8c48beba921eb1eba23715eee07652
original_42_1.png,raw\signatures\full_org\original_42_1.png,42,1,genuine,1,PNG,L,588,283,2.0777,87496,39ffec8a25eaef06d85dd75443773b91fd6d0efbb6fb4369ae73f38340369c0e
original_42_10.png,raw\signatures\full_org\original_42_10.png,42,10,genuine,1,PNG,L,546,294,1.8571,83781,8c29daf8e52c6a93663cd994afe6662660c197687cc109bedef0ed0e1e233508
original_42_11.png,raw\signatures\full_org\original_42_11.png,42,11,genuine,1,PNG,L,588,264,2.2273,81015,9fc29d1a45803d3deed0c82d33c8f3a5bbc9209c00627e3a41242f97f4e8195e
original_42_12.png,raw\signatures\full_org\original_42_12.png,42,12,genuine,1,PNG,L,570,330,1.7273,97456,7f5083556d173af69a6fd9bfd9d610be14ddee0a2fecc3b7ee767771c5dc8401
original_42_13.png,raw\signatures\full_org\original_42_13.png,42,13,genuine,1,PNG,L,582,271,2.1476,82894,15e7f7144d9b29fed103320479cb5a76c715f27a09360e1e5ab2ade0bbe0b399
original_42_14.png,raw\signatures\full_org\original_42_14.png,42,14,genuine,1,PNG,L,612,307,1.9935,97332,2a012b8d3ba9c0b58d9391258744902bd043306e3fe08153fb639448ff144b82
original_42_15.png,raw\signatures\full_org\original_42_15.png,42,15,genuine,1,PNG,L,522,313,1.6677,86737,c05e1d0af4f7f2b79fab4da566a0f6acfdf3324468d98b0720d132edc58725b8
original_42_16.png,raw\signatures\full_org\original_42_16.png,42,16,genuine,1,PNG,L,588,277,2.1227,85529,bbc080ddbe87fc977c976fdf9b16927576407a48003812d2f8b54c851945ed75
original_42_17.png,raw\signatures\full_org\original_42_17.png,42,17,genuine,1,PNG,L,630,319,1.9749,103331,c704cd503051a0581adf3069ca870eabb584023a8c092be1394066c6d07ccbca
original_42_18.png,raw\signatures\full_org\original_42_18.png,42,18,genuine,1,PNG,L,558,265,2.1057,77986,01b1fb0a9f0cd10ea7ee7d690915e4f83c49b38b57455b07c7fcdcb1f05f4306
original_42_19.png,raw\signatures\full_org\original_42_19.png,42,19,genuine,1,PNG,L,546,271,2.0148,78549,08a286ac41fdfa8c7573816f2ba9b7c58b4e05d7c5f1f768b985dacdffae72cb
original_42_2.png,raw\signatures\full_org\original_42_2.png,42,2,genuine,1,PNG,L,534,312,1.7115,87739,3a78cfd72ebbc7d3a46763afa16b983cf4d6a05fc2888c1f8ccd9257ce368688
original_42_20.png,raw\signatures\full_org\original_42_20.png,42,20,genuine,1,PNG,L,588,271,2.1697,84501,86dcbdb843b33a9bd1cfbbb65b471b86b3f8fd79e693ab93467a6e3c1a090bd2
original_42_21.png,raw\signatures\full_org\original_42_21.png,42,21,genuine,1,PNG,L,546,306,1.7843,88198,1db5b0639791d6bd290981b2c22fec583555094246ae3f35de782d00d7f3a37b
original_42_22.png,raw\signatures\full_org\original_42_22.png,42,22,genuine,1,PNG,L,588,241,2.4398,75447,02cc9d90af35dd275b345157afb4f95adf01d1b8d1d3d5f7a801de4836c120c0
original_42_23.png,raw\signatures\full_org\original_42_23.png,42,23,genuine,1,PNG,L,552,258,2.1395,75120,51b715a2b48e1b53b4132de3ce37050cf0d1e996312f4b469be40b8fb12379fc
original_42_24.png,raw\signatures\full_org\original_42_24.png,42,24,genuine,1,PNG,L,600,300,2.0,94395,24a944ff5546a21bec7c7b68d2a0504a7cb14e9efcc75c877d0002a46d59207e
original_42_3.png,raw\signatures\full_org\original_42_3.png,42,3,genuine,1,PNG,L,606,313,1.9361,97375,168f1aa3bb1fdb0850bf71dad7ae311a41f95c0d3b568b93a59290ebfd7280a6
original_42_4.png,raw\signatures\full_org\original_42_4.png,42,4,genuine,1,PNG,L,492,265,1.8566,68490,a13695249dd6d37b474770bedfce0f5bd96696ca431f84d5ac5e7da5a669447c
original_42_5.png,raw\signatures\full_org\original_42_5.png,42,5,genuine,1,PNG,L,576,277,2.0794,83955,f1024d4ee1583c1f67311a56f8fffc03e1028bcee12dabe43dbf563b804a10c8
original_42_6.png,raw\signatures\full_org\original_42_6.png,42,6,genuine,1,PNG,L,570,313,1.8211,91299,4c339d774a4d79131fe8c61a242250706725eacb7008600452f86fc15ed1bbc7
original_42_7.png,raw\signatures\full_org\original_42_7.png,42,7,genuine,1,PNG,L,552,265,2.083,76251,f1af23f88985a98caa9a25065f4bcf998e638c8b31a14bdd7f59599c1479e1a2
original_42_8.png,raw\signatures\full_org\original_42_8.png,42,8,genuine,1,PNG,L,576,361,1.5956,105515,8944f54c8e773b84b814b352661c029ef2a8ad89f31470029e543769c7081ec1
original_42_9.png,raw\signatures\full_org\original_42_9.png,42,9,genuine,1,PNG,L,552,270,2.0444,78282,730f4c7bafef9d369cf09e65485e92debd83f499d34cd791ae5dd1868e28f304
original_43_1.png,raw\signatures\full_org\original_43_1.png,43,1,genuine,1,PNG,L,408,379,1.0765,85646,6be95468b77fc516fc600797bbdcdf14dffbf2b9a77f3fe56ba21de8cfceb4b0
original_43_10.png,raw\signatures\full_org\original_43_10.png,43,10,genuine,1,PNG,L,462,360,1.2833,91250,687a1287f156b505b61deac61be26ba1777596df56262521a6bf6844254a935f
original_43_11.png,raw\signatures\full_org\original_43_11.png,43,11,genuine,1,PNG,L,444,390,1.1385,94100,fda47e5eea0eb2c9d12c669a64ff8389ffb1041702849996a9935f044534bee0
original_43_12.png,raw\signatures\full_org\original_43_12.png,43,12,genuine,1,PNG,L,372,379,0.9815,79865,6f355c157cb0dbd7ece5a4f85a52e184a35457b3368c41c3bcd0381b2efd06c5
original_43_13.png,raw\signatures\full_org\original_43_13.png,43,13,genuine,1,PNG,L,420,403,1.0422,94851,822c6451724666e2f4cecb288eefbf93fd12dd3a20d097c724537ef0d2c94bb5
original_43_14.png,raw\signatures\full_org\original_43_14.png,43,14,genuine,1,PNG,L,462,403,1.1464,103283,15e1782b0f46c6ab5221a4df5730ff89beb0cbee127e3ab938c96ccf5f9c3ac9
original_43_15.png,raw\signatures\full_org\original_43_15.png,43,15,genuine,1,PNG,L,360,373,0.9651,75127,fc8ff31795df68abf986b3c722f40c6caf5f49cecd7b274337f557e3743743ee
original_43_16.png,raw\signatures\full_org\original_43_16.png,43,16,genuine,1,PNG,L,396,367,1.079,81329,c45b1f13ef5ffc5746f12dd0137158326489f5de2bc31f8de7bf6257d2348b32
original_43_17.png,raw\signatures\full_org\original_43_17.png,43,17,genuine,1,PNG,L,420,337,1.2463,78871,1eba68ca30c4326f08f1b7e9db3f3c48b4b4db14aa8b86c0d4a4b8ce1eff6a59
original_43_18.png,raw\signatures\full_org\original_43_18.png,43,18,genuine,1,PNG,L,456,415,1.0988,102219,235cc3b65c08c6fe2db69a22f5174f3e80ac80dc1cf9ab28e0f36c269554be82
original_43_19.png,raw\signatures\full_org\original_43_19.png,43,19,genuine,1,PNG,L,384,366,1.0492,77446,b92695b127f19cf27303c5426900395e6b63f6f8bdda9f171f953b14578bc4d3
original_43_2.png,raw\signatures\full_org\original_43_2.png,43,2,genuine,1,PNG,L,396,379,1.0449,82657,b4e00df7a276d270e54fed709601a9c6ac605d898a53c6dab5b3e3fecbf6217e
original_43_20.png,raw\signatures\full_org\original_43_20.png,43,20,genuine,1,PNG,L,354,360,0.9833,71385,c8fbee3df1cf6055ad1a819b6f20b6424b38343f1aa0f9bd24da3bbce86528d8
original_43_21.png,raw\signatures\full_org\original_43_21.png,43,21,genuine,1,PNG,L,408,378,1.0794,84837,5ed3dc9445788b39fc571fe56fcd2d3f0a76b7b5061dd7d8f518ed7ed8dc8783
original_43_22.png,raw\signatures\full_org\original_43_22.png,43,22,genuine,1,PNG,L,438,372,1.1774,89699,0160275c3fd8ebb4480b19e6023c6c93234dde53c8142b875d899bc8cd1acc24
original_43_23.png,raw\signatures\full_org\original_43_23.png,43,23,genuine,1,PNG,L,420,354,1.1864,82057,ba36d5d45bc989b23fad613b037631e0c46f7e9e3996f704889557997a860ffe
original_43_24.png,raw\signatures\full_org\original_43_24.png,43,24,genuine,1,PNG,L,426,415,1.0265,97963,80d19b5e5c536496557ad272ddcaff0ac08ad202ef15d9671ab4c789e8de2f3e
original_43_3.png,raw\signatures\full_org\original_43_3.png,43,3,genuine,1,PNG,L,336,397,0.8463,75445,1162c6ceef3fd809a4c386c2f8e3e4a5d8354397b6728d711358c6a40b94ca1a
original_43_4.png,raw\signatures\full_org\original_43_4.png,43,4,genuine,1,PNG,L,390,397,0.9824,85275,4d4a13ca2323f005499b581f921a38ed871655f07ed3b5171852305b1fc9ade1
original_43_5.png,raw\signatures\full_org\original_43_5.png,43,5,genuine,1,PNG,L,420,355,1.1831,81961,98e03dc1d0e56650725d3179e11d7882e9971409c002df7ac9cd213b5b454c22
original_43_6.png,raw\signatures\full_org\original_43_6.png,43,6,genuine,1,PNG,L,408,372,1.0968,82984,7a6100535dfc3ea7f3c4107b934dc3cba108517ca0c8c00f0c860dcff5c2ea32
original_43_7.png,raw\signatures\full_org\original_43_7.png,43,7,genuine,1,PNG,L,366,324,1.1296,66382,954416dacea4257581ac2d1e584eedf26c94bab3349e6f9ea60a70f58c911b4d
original_43_8.png,raw\signatures\full_org\original_43_8.png,43,8,genuine,1,PNG,L,372,361,1.0305,74503,2c0331fc3c1fe85ecf09c64004c89dccfbde6ca183d0abc3c792f5da5e79babc
original_43_9.png,raw\signatures\full_org\original_43_9.png,43,9,genuine,1,PNG,L,342,408,0.8382,77898,37e35bd9f4a9bb2da17f5968bbe363c9eda79ae5ba622f439649f9f673764d7b
original_44_1.png,raw\signatures\full_org\original_44_1.png,44,1,genuine,1,PNG,L,450,271,1.6605,65369,0235a5e7677b2883a6a2bf890ff83ad01a73f7f08b841181fff099455545e769
original_44_10.png,raw\signatures\full_org\original_44_10.png,44,10,genuine,1,PNG,L,456,234,1.9487,57016,7fdce9d9fadbb09e79411962ec8c2a36ef110def0014ad7cbe2ad8b6ec642550
original_44_11.png,raw\signatures\full_org\original_44_11.png,44,11,genuine,1,PNG,L,444,258,1.7209,60891,b4bc466a8f633b2880e8b6c0a432e7cb4946dc67c23edaed50688cf8f85294a9
original_44_12.png,raw\signatures\full_org\original_44_12.png,44,12,genuine,1,PNG,L,432,289,1.4948,67146,d2e256c2523135f87e04d63f63b2655fbd746ec89eb9b82b7516a594bc5aa563
original_44_13.png,raw\signatures\full_org\original_44_13.png,44,13,genuine,1,PNG,L,402,241,1.668,52646,816572178541f84ce4b78d2e7e097eb1eec9466601efff0b8e84c2c7496adb6d
original_44_14.png,raw\signatures\full_org\original_44_14.png,44,14,genuine,1,PNG,L,342,235,1.4553,43929,c305feba125c25dd994570f3baefed1dcb02dfcc9cb273c946fafb6b0a794aad
original_44_15.png,raw\signatures\full_org\original_44_15.png,44,15,genuine,1,PNG,L,432,241,1.7925,55263,5d0b365076cd0e990471b896ec88793944aae0852027ba2cf8a91a038f9501fa
original_44_16.png,raw\signatures\full_org\original_44_16.png,44,16,genuine,1,PNG,L,408,217,1.8802,48341,792f991421ffabe12f60d8b4b61611b41a7f3925d0f48e565e21f69b3178c85a
original_44_17.png,raw\signatures\full_org\original_44_17.png,44,17,genuine,1,PNG,L,438,253,1.7312,58716,ee485688d3d4a728feea82ecf38bfa348d81870e48154da501e076ab8c877cab
original_44_18.png,raw\signatures\full_org\original_44_18.png,44,18,genuine,1,PNG,L,468,264,1.7727,65007,63c8056e3ec6c71430a92ad4c87f7da89df9f124a4a33ddf73040f6c0f4acd3a
original_44_19.png,raw\signatures\full_org\original_44_19.png,44,19,genuine,1,PNG,L,432,276,1.5652,63832,490ee8dbe178536ec87940891cfccaf2555ea6232a9db06995eb09388a7d7267
original_44_2.png,raw\signatures\full_org\original_44_2.png,44,2,genuine,1,PNG,L,444,307,1.4463,72897,3f76edd19202caae86fc0869357162bb6924072945964cb8396c68dfbc7b220a
original_44_20.png,raw\signatures\full_org\original_44_20.png,44,20,genuine,1,PNG,L,420,216,1.9444,48879,0b1b4664c83ddac0945fb97b43624d79fb29cf62dd8a512a554e328b913df299
original_44_21.png,raw\signatures\full_org\original_44_21.png,44,21,genuine,1,PNG,L,426,270,1.5778,60579,1366e2f07576a0af3c69b4c956146d4043be8682405f3b152186b6c6e23c0113
original_44_22.png,raw\signatures\full_org\original_44_22.png,44,22,genuine,1,PNG,L,438,282,1.5532,65667,8dc22282b288de504e057db373ff68c74d06f31af81bd1303cabe2d660fcd4e2
original_44_23.png,raw\signatures\full_org\original_44_23.png,44,23,genuine,1,PNG,L,450,294,1.5306,69292,fe9a370f4b1fc48f1135e4a5661ccb02b3c9cee513e6dde804c8bb16b31a1f01
original_44_24.png,raw\signatures\full_org\original_44_24.png,44,24,genuine,1,PNG,L,372,247,1.5061,49349,6ab6d09f72bc935b30fd5f6547c5101439d457ae3aed9f5ba37eba0cb487cbac
original_44_3.png,raw\signatures\full_org\original_44_3.png,44,3,genuine,1,PNG,L,432,283,1.5265,64640,40b77dd5a99f5546af12ea4676f1c8f6b1a94dfcce8c09eb8f5ad20e96e806d8
original_44_4.png,raw\signatures\full_org\original_44_4.png,44,4,genuine,1,PNG,L,462,265,1.7434,64629,901b0b0b74604656d10cd141b40566adca3a244f61ed111635924699947c80d5
original_44_5.png,raw\signatures\full_org\original_44_5.png,44,5,genuine,1,PNG,L,366,283,1.2933,55992,1b12e1299971ad28028433893b6b4ca3172ad891e804bd8735b5aff93c6390d2
original_44_6.png,raw\signatures\full_org\original_44_6.png,44,6,genuine,1,PNG,L,438,300,1.46,68654,cde5c604123098d55d09199673100171696c7431314dc61900223da2f5f6bfdc
original_44_7.png,raw\signatures\full_org\original_44_7.png,44,7,genuine,1,PNG,L,420,204,2.0588,46174,2fc9b1c6ba520f4a0f18aac55aaf088efe27009e00fd6ddd883982fbdf45c244
original_44_8.png,raw\signatures\full_org\original_44_8.png,44,8,genuine,1,PNG,L,438,282,1.5532,65368,16e51bc34e4e437a925a974286eff275c827a87c0607b44fc839f26e27a7a31b
original_44_9.png,raw\signatures\full_org\original_44_9.png,44,9,genuine,1,PNG,L,390,264,1.4773,54893,afe7ef3a2db95edb7612ed23d4dbca52a514146fd862bd63b25c1a0f48362a75
original_45_1.png,raw\signatures\full_org\original_45_1.png,45,1,genuine,1,PNG,L,534,451,1.184,128171,5eaeab8dbf884b17cbc2dc1b7dc2a4d79ab0412f4683e0ea4ce9dadbb4c53b85
original_45_10.png,raw\signatures\full_org\original_45_10.png,45,10,genuine,1,PNG,L,612,360,1.7,116996,33773fb61af725447b0a9829c86d7b51b04566fc67f452c16d9c63ca4e828d38
original_45_11.png,raw\signatures\full_org\original_45_11.png,45,11,genuine,1,PNG,L,624,342,1.8246,110935,a481d784aa7df558385db2decbc7a47ab3f9b3365cc27244e91f6faccc3144ef
original_45_12.png,raw\signatures\full_org\original_45_12.png,45,12,genuine,1,PNG,L,606,481,1.2599,152242,d575bae915c5383c28118061dfa57d00238e28131d2bea33c7f644352f678d92
original_45_13.png,raw\signatures\full_org\original_45_13.png,45,13,genuine,1,PNG,L,558,421,1.3254,125170,0b39632894f33d740cd7c5adf58a3b9cab658766012e226d9884199330fc42be
original_45_14.png,raw\signatures\full_org\original_45_14.png,45,14,genuine,1,PNG,L,576,385,1.4961,116597,50756bd4d9b3cc958e718357493c104634c70001dcb563d76f1fdf6399fb6ce7
original_45_15.png,raw\signatures\full_org\original_45_15.png,45,15,genuine,1,PNG,L,630,355,1.7746,117536,63eeb544107b04b790bffad50430adc3a161635b379153cd4e0b396fb70eef2e
original_45_16.png,raw\signatures\full_org\original_45_16.png,45,16,genuine,1,PNG,L,612,379,1.6148,121204,a6bad44029385665917793064f3382db0db57330f5aec11c46db87f84100b9bc
original_45_17.png,raw\signatures\full_org\original_45_17.png,45,17,genuine,1,PNG,L,582,337,1.727,104001,bfce07f60e3fe6410fb23b4281f092ed086ad8cb10049b5d7cb216c6eaf7fb4b
original_45_18.png,raw\signatures\full_org\original_45_18.png,45,18,genuine,1,PNG,L,594,408,1.4559,128056,01b1dda55e6c31f6491a3e64fd839fc001972e03be3bf2c979f2ea62d0a39aa8
original_45_19.png,raw\signatures\full_org\original_45_19.png,45,19,genuine,1,PNG,L,582,342,1.7018,105267,3caed8f628e5cf0b3880aed852ef93dbab63b70b072ac6b1e746842d84c0c6b6
original_45_2.png,raw\signatures\full_org\original_45_2.png,45,2,genuine,1,PNG,L,570,463,1.2311,140728,408dc7c5f9cbce7ed09598895af0c7edf0b731ff71f03c1083014eb96d72ff13
original_45_20.png,raw\signatures\full_org\original_45_20.png,45,20,genuine,1,PNG,L,582,432,1.3472,130891,1a1c3f18bed8303d0ed4c8e8d6cee7dad8589bf0104a3025bc09f900c2353d64
original_45_21.png,raw\signatures\full_org\original_45_21.png,45,21,genuine,1,PNG,L,618,576,1.0729,183180,d6c5e2f711ced1cceae67506325ca5bbc3a27255844b15808572e257a8469738
original_45_22.png,raw\signatures\full_org\original_45_22.png,45,22,genuine,1,PNG,L,588,444,1.3243,137993,b2242774fe07eab01263098863da7c41e503b02935fd55488f65feddba5e8f6f
original_45_23.png,raw\signatures\full_org\original_45_23.png,45,23,genuine,1,PNG,L,618,492,1.2561,155251,42160a45ad261481469e71f0e086558240d7156ba035f28d9de3f06cb17630cc
original_45_24.png,raw\signatures\full_org\original_45_24.png,45,24,genuine,1,PNG,L,582,373,1.5603,114770,2e33c0513603f511e70d69fb5c844be4828de5f43483f71970773c75700a8e79
original_45_3.png,raw\signatures\full_org\original_45_3.png,45,3,genuine,1,PNG,L,606,493,1.2292,154717,f71431a43345c22338d6be077f4b0ba4d6fbdebcafb433a799f357d1881fccd9
original_45_4.png,raw\signatures\full_org\original_45_4.png,45,4,genuine,1,PNG,L,606,457,1.326,147482,88dc34f358d9cd4bc599e52ddd460951c4efbfc350f9cabce68ddc4cb88f9594
original_45_5.png,raw\signatures\full_org\original_45_5.png,45,5,genuine,1,PNG,L,576,415,1.388,125045,b4a6165a7b0fcdc572e9f57778304f416fced7fe19694057533fed4dc4b5129f
original_45_6.png,raw\signatures\full_org\original_45_6.png,45,6,genuine,1,PNG,L,618,462,1.3377,148313,62ff9a49596a9f2d627aad334bc59d1c3e7a0d1375339613c991a3be5ef6de4f
original_45_7.png,raw\signatures\full_org\original_45_7.png,45,7,genuine,1,PNG,L,588,432,1.3611,134678,c2786401406074119c2484064c9083ce1fc2e6dfde0c993afd9414241d3ebd95
original_45_8.png,raw\signatures\full_org\original_45_8.png,45,8,genuine,1,PNG,L,594,468,1.2692,143712,6e5a41995bb7ad8d6c1e3ffd86a8b8a52858db4454870b621b2bc06b76d58707
original_45_9.png,raw\signatures\full_org\original_45_9.png,45,9,genuine,1,PNG,L,588,486,1.2099,150748,67f5207ac6a5bb88e3ad639f94115fff0a08a6807a8ae0911f21a47de73dee1a
original_46_1.png,raw\signatures\full_org\original_46_1.png,46,1,genuine,1,PNG,L,552,469,1.177,139936,08d2b5832b5b330e7240cc20206951e2d74129b7890ec17cebbf45340a95bfa3
original_46_10.png,raw\signatures\full_org\original_46_10.png,46,10,genuine,1,PNG,L,600,444,1.3514,142925,7f15020e2f4006ed4c4319981c34066e6244e34b494987451e6202cf4c31ade7
original_46_11.png,raw\signatures\full_org\original_46_11.png,46,11,genuine,1,PNG,L,564,390,1.4462,118749,9671104bf7f3941f7c183f131e7ac3ba4afe83b0cc8d7ee57a80ab6b1496730b
original_46_12.png,raw\signatures\full_org\original_46_12.png,46,12,genuine,1,PNG,L,576,475,1.2126,148420,e17c1a6a9891c1d9bb2a0c106d6f2c2f5ac76f8d2acb455985e3f768012e52ed
original_46_13.png,raw\signatures\full_org\original_46_13.png,46,13,genuine,1,PNG,L,612,445,1.3753,145013,deaf5075ada5b6f7741222731f5a42896e3c04aa843e843ca3e36e872567c410
original_46_14.png,raw\signatures\full_org\original_46_14.png,46,14,genuine,1,PNG,L,570,493,1.1562,149846,23c69af9bca570c8cfea611ef0f799c9f743870450bf7a2f5ffa48b66c86694b
original_46_15.png,raw\signatures\full_org\original_46_15.png,46,15,genuine,1,PNG,L,564,499,1.1303,150177,305bfab71d8123dc97307c6c7f6f499f782deb45b8f8d2b49455f4214cbe6867
original_46_16.png,raw\signatures\full_org\original_46_16.png,46,16,genuine,1,PNG,L,600,481,1.2474,152814,8645532e41a5a6544754c858e607d09cfb114d9d6fcfb65bc16a0075faa0fe62
original_46_17.png,raw\signatures\full_org\original_46_17.png,46,17,genuine,1,PNG,L,606,499,1.2144,159883,04297657a0dc7e05e61a0b2c4d9d10bb311969bf65352651c6379c4903745296
original_46_18.png,raw\signatures\full_org\original_46_18.png,46,18,genuine,1,PNG,L,570,504,1.131,152335,4a4017c6e9eb67270deb6a2a82d0d5ab778407f91bf74ca2f818c5a631cf16a6
original_46_19.png,raw\signatures\full_org\original_46_19.png,46,19,genuine,1,PNG,L,618,468,1.3205,153491,7812640fe9159e1461d47302d319a9049527ceb00a521bf5fd3d965458c3fc50
original_46_2.png,raw\signatures\full_org\original_46_2.png,46,2,genuine,1,PNG,L,570,421,1.3539,128968,0979a7dbbab91b4b8cd1fbc9d00974ea9b3432f0dbb014362da2b75d5232f9a9
original_46_20.png,raw\signatures\full_org\original_46_20.png,46,20,genuine,1,PNG,L,612,498,1.2289,160145,efefbb48e61c8c5276999e668d13f8c0650af8bd3d28b10de6f5a723fdd2f7d4
original_46_21.png,raw\signatures\full_org\original_46_21.png,46,21,genuine,1,PNG,L,594,456,1.3026,144571,d8dcdf45e1e636022ffce347b56a97e3b10d7ae16d95cd0a380b2065be14ee5e
original_46_22.png,raw\signatures\full_org\original_46_22.png,46,22,genuine,1,PNG,L,618,474,1.3038,155454,6b758fccbc344ab10726ab952f1ea2a4f253be61d59b215a31c99828f6e364f2
original_46_23.png,raw\signatures\full_org\original_46_23.png,46,23,genuine,1,PNG,L,588,414,1.4203,129991,035454b2f48cffdba01974142849961b3a384f796e89e4852f376f327a8ca331
original_46_24.png,raw\signatures\full_org\original_46_24.png,46,24,genuine,1,PNG,L,558,534,1.0449,158112,a20f99e1251176cdf5e0d453b54b39a377872b13cbbda2af81e0fad35607093c
original_46_3.png,raw\signatures\full_org\original_46_3.png,46,3,genuine,1,PNG,L,600,469,1.2793,150722,d6a24e8fe4da93e1d8457576cc6f5b73aaccd967c788f78367c6a90d8382f2ad
original_46_4.png,raw\signatures\full_org\original_46_4.png,46,4,genuine,1,PNG,L,600,481,1.2474,154274,cbad38f5673cdccc526bcebaca53b66beaefb46211b57b48ea2f57541cad28c7
original_46_5.png,raw\signatures\full_org\original_46_5.png,46,5,genuine,1,PNG,L,570,463,1.2311,140526,4ac562509b7040e3df201a4988ccb35f746ec0c185b0f7a9f484579aab01d260
original_46_6.png,raw\signatures\full_org\original_46_6.png,46,6,genuine,1,PNG,L,594,462,1.2857,146491,1f7e207fd77bcef5d580be5315064f91f8a9f531df5a9752aae9d711b81c8886
original_46_7.png,raw\signatures\full_org\original_46_7.png,46,7,genuine,1,PNG,L,594,462,1.2857,147125,51a3156f4cca53cffd8f4186c399753c1d4dd3605b0d9a951c46b5b87a2c1524
original_46_8.png,raw\signatures\full_org\original_46_8.png,46,8,genuine,1,PNG,L,576,408,1.4118,125140,6dde95453e41c33ae6c7b1e46541485e6757715aca1d3a99c0da51469607f7ea
original_46_9.png,raw\signatures\full_org\original_46_9.png,46,9,genuine,1,PNG,L,576,426,1.3521,132304,4efb4d2e56567eab7d05e2fee6dbebc1e1c9a92d3fbd4094ac3c45dbebe6f5ba
original_47_1.png,raw\signatures\full_org\original_47_1.png,47,1,genuine,1,PNG,L,588,427,1.377,134466,8e4ddbba2e8e5ca6dea7aa05356b7e462aa199d443f6f21e7568259babb13781
original_47_10.png,raw\signatures\full_org\original_47_10.png,47,10,genuine,1,PNG,L,612,480,1.275,156046,129addd5bd0ff54bfeb6968bfed9935b212817525b60804934e1ca0a2576c552
original_47_11.png,raw\signatures\full_org\original_47_11.png,47,11,genuine,1,PNG,L,588,504,1.1667,157513,e9cb914a2b3cdcc8aa6fe22777ac3fa5c0890e0fa53b2dfee473978e42b60b6a
original_47_12.png,raw\signatures\full_org\original_47_12.png,47,12,genuine,1,PNG,L,612,493,1.2414,160099,c80c26776e4d9694792d613dad3ac245007bf306f0386c8b6aa6489cfc72da13
original_47_13.png,raw\signatures\full_org\original_47_13.png,47,13,genuine,1,PNG,L,606,468,1.2949,151068,fec86eeb1521baf677209852b0dca6078d647121c08b3d8c1ecb04061dd2ae43
original_47_14.png,raw\signatures\full_org\original_47_14.png,47,14,genuine,1,PNG,L,636,409,1.555,140704,80fb6880091182136e44aabfc0dda705fc18887c589f95978c9a87a9fc74a303
original_47_15.png,raw\signatures\full_org\original_47_15.png,47,15,genuine,1,PNG,L,612,481,1.2723,158527,1977e7fb6b22ba9899f084d937d5e4562a8208ce0d2909cc49282805b9c7d3bb
original_47_16.png,raw\signatures\full_org\original_47_16.png,47,16,genuine,1,PNG,L,618,421,1.4679,140587,0c583cae7b6085a81f74dc68ea477e6a7597cd2e846d0ef2341e5f1e64708477
original_47_17.png,raw\signatures\full_org\original_47_17.png,47,17,genuine,1,PNG,L,630,427,1.4754,144081,0bcaea1705c2ca6591ae8538851dca585b71e9568ba65cc8c7a52e1988b5a1e9
original_47_18.png,raw\signatures\full_org\original_47_18.png,47,18,genuine,1,PNG,L,636,421,1.5107,143098,02679a690cf3c1db7f0f764a3da5d29a84bb7117211dee3922122866a66b3adc
original_47_19.png,raw\signatures\full_org\original_47_19.png,47,19,genuine,1,PNG,L,624,403,1.5484,135201,677cd00e2cae3d4ff75ccc40e6cbc2b52cd1401c8c097178446c9660c09b14dc
original_47_2.png,raw\signatures\full_org\original_47_2.png,47,2,genuine,1,PNG,L,612,469,1.3049,152014,431b47b4cabd7b123d71765b4b388945405219d2731ca142d6161238eb2dafbb
original_47_20.png,raw\signatures\full_org\original_47_20.png,47,20,genuine,1,PNG,L,612,445,1.3753,144059,08ec1096734edae15d5c4ad5b4bd97ae9d8801c032ee0d85bfcbeefbd1ef0289
original_47_21.png,raw\signatures\full_org\original_47_21.png,47,21,genuine,1,PNG,L,606,426,1.4225,141442,1313d740e692917347182d863ce581fa24b5bed18169a41cb5e7ad652fe82cef
original_47_22.png,raw\signatures\full_org\original_47_22.png,47,22,genuine,1,PNG,L,612,456,1.3421,149054,1ab96db4ac1d508e41ec7077bfaff6207271e0c267d1ec8b3c4cb990720c2f58
original_47_23.png,raw\signatures\full_org\original_47_23.png,47,23,genuine,1,PNG,L,612,468,1.3077,151585,b248ae9fbdd047bf81e4b271721b8dc522636669da6daa0b3ba5d8692552835c
original_47_24.png,raw\signatures\full_org\original_47_24.png,47,24,genuine,1,PNG,L,618,457,1.3523,154432,a7a27311187f760dfad524093b85d32ee5a92866ad0169b548c20d0e7f04194b
original_47_3.png,raw\signatures\full_org\original_47_3.png,47,3,genuine,1,PNG,L,618,391,1.5806,130551,9d96e00cd4d87e2a191a1956e45cd9c6a4d89364dc39d63df0e4b1715460497f
original_47_4.png,raw\signatures\full_org\original_47_4.png,47,4,genuine,1,PNG,L,588,409,1.4377,129293,0dafd804259354f40dafe85bd24b4a4bcba133ee366d5f075fadddd16c7c68cd
original_47_5.png,raw\signatures\full_org\original_47_5.png,47,5,genuine,1,PNG,L,606,349,1.7364,114964,7e5e985b1672ed47ed4dbc36167388eb2de95ea80fb035285f9c9827f2589ea0
original_47_6.png,raw\signatures\full_org\original_47_6.png,47,6,genuine,1,PNG,L,600,474,1.2658,151173,28cf777817ab9931ac11adf77460dbe50482609b2b1de3d3305bb66ad19fe4b1
original_47_7.png,raw\signatures\full_org\original_47_7.png,47,7,genuine,1,PNG,L,588,492,1.1951,153882,5f6d73e316c94fc409804b41f63652c5e7b025aaa84cc301231067f9da00d9c5
original_47_8.png,raw\signatures\full_org\original_47_8.png,47,8,genuine,1,PNG,L,576,504,1.1429,151656,f150679609e887fe5319b0f2cef99165cbf3aa6580da326ac8601c8219972de2
original_47_9.png,raw\signatures\full_org\original_47_9.png,47,9,genuine,1,PNG,L,588,552,1.0652,171871,131b6f58626a51ea7a81eafa11a81c98d52ea4ec537a50d1ef318250fef087ae
original_48_1.png,raw\signatures\full_org\original_48_1.png,48,1,genuine,1,PNG,L,642,522,1.2299,177867,9d9043298b091144b573875121e657dd19c31d553cea733d5c05d07469896ef7
original_48_10.png,raw\signatures\full_org\original_48_10.png,48,10,genuine,1,PNG,L,636,522,1.2184,175962,1f4facbcc263cf52652ce49b0c84078fceb04632f3dd9835a84c88dfba6d8025
original_48_11.png,raw\signatures\full_org\original_48_11.png,48,11,genuine,1,PNG,L,636,462,1.3766,154269,fc4a86bd534f7166b428b8ca54dbdfdd5764753d35a2fcde2087d57e8e60472d
original_48_12.png,raw\signatures\full_org\original_48_12.png,48,12,genuine,1,PNG,L,630,415,1.5181,139159,0f777c6b806a2fe15063c24106dd6e440d75ad9ca04dd48b0079c11a3860a983
original_48_13.png,raw\signatures\full_org\original_48_13.png,48,13,genuine,1,PNG,L,612,397,1.5416,132377,52d3510207ff2b9b9e9c460d16c1f5affe74841a2562d0e2592e3672b007f39b
original_48_14.png,raw\signatures\full_org\original_48_14.png,48,14,genuine,1,PNG,L,612,403,1.5186,132309,c9c25c891920eb044530281a8dad3858839e9e3877a7ee9ddaf9b9991057a779
original_48_15.png,raw\signatures\full_org\original_48_15.png,48,15,genuine,1,PNG,L,624,379,1.6464,128439,9dd44ca6736c1dd7401f93b83cb4c99577f75ee23f1016c5a894f5954cc04204
original_48_16.png,raw\signatures\full_org\original_48_16.png,48,16,genuine,1,PNG,L,612,433,1.4134,143696,1bd6d2591239134eaa5c3da72d15c6b537a547ff146b4cf67c5f6ada2dce257e
original_48_17.png,raw\signatures\full_org\original_48_17.png,48,17,genuine,1,PNG,L,642,451,1.4235,153762,217b3afe6884f0cc56e7009a15b3049d771cf3ed4c58d39e93d9b7b2d3bfcaf0
original_48_18.png,raw\signatures\full_org\original_48_18.png,48,18,genuine,1,PNG,L,630,486,1.2963,163325,d6d50efc7eae975c8bbcbce25fadd096a48a15532827a7b1747592697eba518a
original_48_19.png,raw\signatures\full_org\original_48_19.png,48,19,genuine,1,PNG,L,612,402,1.5224,132299,34fe0aeefe38a33449a7ccb7d8574ab663db754a2e8d39edb7ec8a5005c0533f
original_48_2.png,raw\signatures\full_org\original_48_2.png,48,2,genuine,1,PNG,L,636,421,1.5107,143212,4a5208085dc579406b3b52a2be344d0db8c1068a58881050c19f0c5063ad7a0f
original_48_20.png,raw\signatures\full_org\original_48_20.png,48,20,genuine,1,PNG,L,642,372,1.7258,128048,a5780025736cf4d112ee3b1bdaeb80890618a1d626f74d674cf384e95a559d5c
original_48_21.png,raw\signatures\full_org\original_48_21.png,48,21,genuine,1,PNG,L,636,468,1.359,159049,828bb83e2e041d760612056da8bf8d34c4610ed8d61c836d776d26992bcdd3d4
original_48_22.png,raw\signatures\full_org\original_48_22.png,48,22,genuine,1,PNG,L,624,426,1.4648,142434,05474bdfcf96b355855d5674a3b62ce046b8d55a7d49c3fc292e2b9f9b64ee60
original_48_23.png,raw\signatures\full_org\original_48_23.png,48,23,genuine,1,PNG,L,630,522,1.2069,172665,e5d7492bd34697decd45628bdba62a4fd9c24b753f11cf911a97c3c69b7d1249
original_48_24.png,raw\signatures\full_org\original_48_24.png,48,24,genuine,1,PNG,L,642,319,2.0125,113065,ec9f3b637c2c756c83ffa4ded6d1d980de84aa01d99d80418602e1eeac71d7cc
original_48_3.png,raw\signatures\full_org\original_48_3.png,48,3,genuine,1,PNG,L,648,433,1.4965,148962,584bafe1b04364925f1a19e55fdeb3b06a714dd856c3ae39689a3befc81cfd5c
original_48_4.png,raw\signatures\full_org\original_48_4.png,48,4,genuine,1,PNG,L,636,439,1.4487,150749,3d3beeb4df3e33b851c3c3df0bcef8e27e0baa34c9d544b4d0add22dd6e2f793
original_48_5.png,raw\signatures\full_org\original_48_5.png,48,5,genuine,1,PNG,L,642,439,1.4624,149745,ae31ff8072425b20a692771fa9f7073847eececa4482d17cc49f1fd6da25e4dc
original_48_6.png,raw\signatures\full_org\original_48_6.png,48,6,genuine,1,PNG,L,654,492,1.3293,170456,9c6c7025012edfc961f4ffb87130a6f38ab74fc87d1ae4231245e770c3f81c36
original_48_7.png,raw\signatures\full_org\original_48_7.png,48,7,genuine,1,PNG,L,660,468,1.4103,167984,08dc4a1a0da043beb55e36403f0658b9b61b2086ebb5f5f4aa6b7099e94e95aa
original_48_8.png,raw\signatures\full_org\original_48_8.png,48,8,genuine,1,PNG,L,630,432,1.4583,145435,f802fefd18128ad8e2d05be4c92310f3f2d5ede40926d44d0816b84c60f36a9a
original_48_9.png,raw\signatures\full_org\original_48_9.png,48,9,genuine,1,PNG,L,654,534,1.2247,186050,0cf7422c84b0f569f96e2d85b69699526386c4eacfbc8e1e46972e7504592118
original_49_1.png,raw\signatures\full_org\original_49_1.png,49,1,genuine,1,PNG,L,570,480,1.1875,143967,67838fa589eb053bd0e092aba7df84eefe8f7a1bec48bf9f189580e4d11bf55c
original_49_10.png,raw\signatures\full_org\original_49_10.png,49,10,genuine,1,PNG,L,594,516,1.1512,162001,ddd9f94994e3296194c3132b150cb7e8d3b49a252e34b8429136ae89f5d51e21
original_49_11.png,raw\signatures\full_org\original_49_11.png,49,11,genuine,1,PNG,L,606,522,1.1609,165762,c959044c58340de0c52fec73adc67d6f17e486561b905f61e88216249bcb08cc
original_49_12.png,raw\signatures\full_org\original_49_12.png,49,12,genuine,1,PNG,L,558,504,1.1071,147509,e977a16f4e758ce3f2306ae70ae13ff6fc92b2e7a9901c916e65416f55d23f4c
original_49_13.png,raw\signatures\full_org\original_49_13.png,49,13,genuine,1,PNG,L,588,516,1.1395,156363,4dc3d67be9fb6bc1ba96c7f42112349187594afc1bebabe2c66b5381a9793f9b
original_49_14.png,raw\signatures\full_org\original_49_14.png,49,14,genuine,1,PNG,L,576,474,1.2152,142494,12149c4aff30aac7b37591110924eb79ad827e4f7b387ed8f183f58d6fd16e40
original_49_15.png,raw\signatures\full_org\original_49_15.png,49,15,genuine,1,PNG,L,570,445,1.2809,133189,f75ae0329eb9cc6cc0436a87c53077baf2291c2547ff564c53d7860b813d6195
original_49_16.png,raw\signatures\full_org\original_49_16.png,49,16,genuine,1,PNG,L,612,505,1.2119,160749,4280d944b83651ad319c09dc6e05895fce9b218842a21a05c4e170b5ecc69128
original_49_17.png,raw\signatures\full_org\original_49_17.png,49,17,genuine,1,PNG,L,612,535,1.1439,169892,e21fe602c51ec5359c80467d5b3b32d362370e7110e54f9c9a06476ba65fc3be
original_49_18.png,raw\signatures\full_org\original_49_18.png,49,18,genuine,1,PNG,L,624,552,1.1304,177464,9498b54d5a0e5f4fb37cdec1e22dffdb6ea911e02f8830e377316054fa19ba78
original_49_19.png,raw\signatures\full_org\original_49_19.png,49,19,genuine,1,PNG,L,576,486,1.1852,145899,98b3785987bc5c01dc571aee76081d7da203fdb14d7b441a4b6f6125e334d2b7
original_49_2.png,raw\signatures\full_org\original_49_2.png,49,2,genuine,1,PNG,L,588,415,1.4169,129275,bd9e3b258fc9c985a091118c7da884f557679e78729c54c357b2df803317d26c
original_49_20.png,raw\signatures\full_org\original_49_20.png,49,20,genuine,1,PNG,L,552,492,1.122,141529,b2ed062362dafbd778f4a7f8b7576c014692133678a281ef7881583d6c881fae
original_49_21.png,raw\signatures\full_org\original_49_21.png,49,21,genuine,1,PNG,L,570,552,1.0326,163898,928de87344bdef841b33a5805959600101058574e3c553ec08595bfc143ebbde
original_49_22.png,raw\signatures\full_org\original_49_22.png,49,22,genuine,1,PNG,L,576,540,1.0667,161511,7e830d5e81423cc9328653ed225edc765c2b7eeb0f88390380244165cf893667
original_49_23.png,raw\signatures\full_org\original_49_23.png,49,23,genuine,1,PNG,L,576,498,1.1566,148417,b801dc6df61b3a82e868e066d034124f4f0968ac25e65f81febc5a4681fe0927
original_49_24.png,raw\signatures\full_org\original_49_24.png,49,24,genuine,1,PNG,L,564,474,1.1899,137535,568ccdf64331ac741a05ecc8005e515815f4734ccf777d08fe4a4c63cfe2edb4
original_49_3.png,raw\signatures\full_org\original_49_3.png,49,3,genuine,1,PNG,L,606,415,1.4602,132561,2e4c988396c03da8f57992668e2a22e25e110d20dc67cc34a642089a4e88f346
original_49_4.png,raw\signatures\full_org\original_49_4.png,49,4,genuine,1,PNG,L,570,469,1.2154,140283,333c44dfdb784c28ab3286508889b6717a3404d01c6406f0a23120284f6e4da4
original_49_5.png,raw\signatures\full_org\original_49_5.png,49,5,genuine,1,PNG,L,576,511,1.1272,154154,f2764ea84dd37b39b7a08b3506d511d2259b8832d9368ce0c9bbaec1c2db8384
original_49_6.png,raw\signatures\full_org\original_49_6.png,49,6,genuine,1,PNG,L,582,504,1.1548,153002,328bc1a8c4a31e0653cc2f382d94ebf91db8f72a089e2ea347641a1a79456e9c
original_49_7.png,raw\signatures\full_org\original_49_7.png,49,7,genuine,1,PNG,L,594,469,1.2665,146007,f2718c7c8a93c6fb2e193c0666056f0b3ce647ae0115cc3b51800b87264aab86
original_49_8.png,raw\signatures\full_org\original_49_8.png,49,8,genuine,1,PNG,L,582,498,1.1687,151157,e4bd0eee4b63daafa5ff82d5656c7c838841c48fcaf9f5b49492445763f3c99e
original_49_9.png,raw\signatures\full_org\original_49_9.png,49,9,genuine,1,PNG,L,576,534,1.0787,162148,9322e78c8acb6e9ea52174a246e99a6cf2912f545efeac45facb97893c8a3996
original_4_1.png,raw\signatures\full_org\original_4_1.png,4,1,genuine,1,PNG,L,450,223,2.0179,55453,2571263387301289041d7dda5c505f6a2ce64f8b8179d8afd6020594019085a2
original_4_10.png,raw\signatures\full_org\original_4_10.png,4,10,genuine,1,PNG,L,510,264,1.9318,71544,9922ff29ea2af19a57213741e4711b98d40200cf115b5491dab1e4274c5fc629
original_4_11.png,raw\signatures\full_org\original_4_11.png,4,11,genuine,1,PNG,L,504,318,1.5849,84728,d3d338d2c5f2f91e8a337cd3d4f573688eee196fcaae72615101f8f479231800
original_4_12.png,raw\signatures\full_org\original_4_12.png,4,12,genuine,1,PNG,L,522,259,2.0154,73312,2eac467542ef8d4e1e97de169d774485ad809c4ccc2a58e9f6b19a205f87168e
original_4_13.png,raw\signatures\full_org\original_4_13.png,4,13,genuine,1,PNG,L,504,265,1.9019,71492,d0f07de707820694bdb6bdb1fc9da9693e34dfe4c4b9fdd47ef8857c5bd44ce5
original_4_14.png,raw\signatures\full_org\original_4_14.png,4,14,genuine,1,PNG,L,486,265,1.834,69790,fe7cd7213e67a910802468680ee4e5304111c48a5a11f0235c9a986e1821170f
original_4_15.png,raw\signatures\full_org\original_4_15.png,4,15,genuine,1,PNG,L,486,223,2.1794,59369,d438ce562275a30f1cdbc214469162b7a00fc6292b440eddb88267a8b5cf1c59
original_4_16.png,raw\signatures\full_org\original_4_16.png,4,16,genuine,1,PNG,L,504,199,2.5327,55632,9d17d9ebe7e18d7e0d8d96379d487ae715ea2bdbf10b2e950195cd228b5e221e
original_4_17.png,raw\signatures\full_org\original_4_17.png,4,17,genuine,1,PNG,L,444,211,2.1043,52206,b87d66c0c55d39140e5b4f8c3e53d610fef3d248d1a734798b6ca51178e88383
original_4_18.png,raw\signatures\full_org\original_4_18.png,4,18,genuine,1,PNG,L,498,205,2.4293,55593,d3ab6f361cf5730c75426cb178a168340a48687131394c160b8a92d230ec1efe
original_4_19.png,raw\signatures\full_org\original_4_19.png,4,19,genuine,1,PNG,L,480,229,2.0961,59688,c6f50f12954ce577b94c48e25af228bca0ca26a6660d2f6b18fe817196f2a40a
original_4_2.png,raw\signatures\full_org\original_4_2.png,4,2,genuine,1,PNG,L,474,259,1.8301,67570,a602144909c93b9366bc8417b521ca4006a4eda19b6a940fc484c5bd06189992
original_4_20.png,raw\signatures\full_org\original_4_20.png,4,20,genuine,1,PNG,L,426,229,1.8603,53100,2ef76246b16de12e006d2101578715dfd3e3463047b2fde16c1eb3cba5434861
original_4_21.png,raw\signatures\full_org\original_4_21.png,4,21,genuine,1,PNG,L,486,204,2.3824,53562,5adcf31006bec7e86f803b15cf207a33ef3ff40886a9e9ae6089e4165a0b10ec
original_4_22.png,raw\signatures\full_org\original_4_22.png,4,22,genuine,1,PNG,L,528,246,2.1463,68633,b4818661e03c817e6fbf18717a9d60ce08fde2890186de1e31401813192ef705
original_4_23.png,raw\signatures\full_org\original_4_23.png,4,23,genuine,1,PNG,L,522,234,2.2308,65677,c9c3b5e8bd696cb31f12eebeb01c8154c57a3d0543f403e9b9c19567a8734d2e
original_4_24.png,raw\signatures\full_org\original_4_24.png,4,24,genuine,1,PNG,L,498,205,2.4293,56421,eda5c0c1753de7e0191b66f029b1a5c1734cc97b6e783ebb058389d5d820bca9
original_4_3.png,raw\signatures\full_org\original_4_3.png,4,3,genuine,1,PNG,L,486,223,2.1794,59193,d3fb604eaba8d27e4710efd4d7e21fe17c310d9e49c06151692cee8eeb56a1f2
original_4_4.png,raw\signatures\full_org\original_4_4.png,4,4,genuine,1,PNG,L,516,247,2.0891,69129,25c245517bc80fe95d1829ae0e6f3d11433d0613d0b036118fbc89dadb6f1d16
original_4_5.png,raw\signatures\full_org\original_4_5.png,4,5,genuine,1,PNG,L,546,199,2.7437,60214,565943eea0ac54a3e9135057365be4d4cce12825bdfdf252bf7afce3105cd616
original_4_6.png,raw\signatures\full_org\original_4_6.png,4,6,genuine,1,PNG,L,522,247,2.1134,68638,f2fef5911d4162aa2bf1f95b5085601f659aa9ab3aa6eea0e378ba14051bb85f
original_4_7.png,raw\signatures\full_org\original_4_7.png,4,7,genuine,1,PNG,L,510,223,2.287,61812,12cc19b3b30cb0e39b0af0e9943e0740abd024b4fbf8252e7e3a8ee0358c5b4a
original_4_8.png,raw\signatures\full_org\original_4_8.png,4,8,genuine,1,PNG,L,462,217,2.129,54902,d862ca698326889801845ea1b9df9de7a6549a65a36efbe172d44e339a5fc50e
original_4_9.png,raw\signatures\full_org\original_4_9.png,4,9,genuine,1,PNG,L,480,270,1.7778,68921,3cbe04370ce385f4e723b4514722ae7e579db0da080a8f2432a18901fe9d141a
original_50_1.png,raw\signatures\full_org\original_50_1.png,50,1,genuine,1,PNG,L,606,481,1.2599,151461,a60ebc33ecf5ad8def206a65770ae85465ed9082ca2a2b7bbcac476cbde694ae
original_50_10.png,raw\signatures\full_org\original_50_10.png,50,10,genuine,1,PNG,L,612,372,1.6452,119714,335a1124ae0b4b653560edfe29d51669a30ae40e0028cde7d4b3ea5ca2b32fa6
original_50_11.png,raw\signatures\full_org\original_50_11.png,50,11,genuine,1,PNG,L,642,426,1.507,141431,2bb9c0ba5a2add59456f1fdd5b6510f89d5462e1ffef5d39915c9f2471805318
original_50_12.png,raw\signatures\full_org\original_50_12.png,50,12,genuine,1,PNG,L,606,403,1.5037,127771,794a254b986a0202ed60699cab7d21b890096ba7b0a498da03a9b4e7011427d2
original_50_13.png,raw\signatures\full_org\original_50_13.png,50,13,genuine,1,PNG,L,588,438,1.3425,134450,3b846a2752d4f05314258b05008169ac9975bdd70746884a7c72870ba8aa5ecf
original_50_14.png,raw\signatures\full_org\original_50_14.png,50,14,genuine,1,PNG,L,624,438,1.4247,142185,36786a779e4db197a4c20b11628a72a70e7ae934b1b4ce7a6a905201d997a75a
original_50_15.png,raw\signatures\full_org\original_50_15.png,50,15,genuine,1,PNG,L,600,433,1.3857,132911,7edc4b38a26d3fb485a380e12aa5e26484960e558e9dfca0db81e212be0c4817
original_50_16.png,raw\signatures\full_org\original_50_16.png,50,16,genuine,1,PNG,L,624,457,1.3654,148075,c57feb52a8b8798612f1265aacc22f47a74c6b790e080229a3c3e3dfbd848182
original_50_17.png,raw\signatures\full_org\original_50_17.png,50,17,genuine,1,PNG,L,612,427,1.4333,135893,b3315b6ee7cc3dc8bcac9fbd9ee3436e042b261481a1229342c574b1db8c6aff
original_50_18.png,raw\signatures\full_org\original_50_18.png,50,18,genuine,1,PNG,L,630,415,1.5181,136966,dbc063f472d921ed4c7a0d632b11e6598f6f93a8d5067d9f8ab30551ae7d9e2e
original_50_19.png,raw\signatures\full_org\original_50_19.png,50,19,genuine,1,PNG,L,612,409,1.4963,131952,6f0dbf318ca992a27e9267e62e96b234cf2e580a59201887eed776177fb60e34
original_50_2.png,raw\signatures\full_org\original_50_2.png,50,2,genuine,1,PNG,L,600,463,1.2959,145359,780b070d23392a51784135683a1e5de8ac9be6e59e3db92c0c0981a8507cbb00
original_50_20.png,raw\signatures\full_org\original_50_20.png,50,20,genuine,1,PNG,L,606,445,1.3618,140287,fb5c006fe86d37b891719309d90c7236aa569248be5f9c36f43858d2efa5d2cd
original_50_21.png,raw\signatures\full_org\original_50_21.png,50,21,genuine,1,PNG,L,636,456,1.3947,150834,1a791462cf60b0575dea95885b8768b27f31c2aacf3f00d63ef0d36422a2a3a1
original_50_22.png,raw\signatures\full_org\original_50_22.png,50,22,genuine,1,PNG,L,612,468,1.3077,148825,f2100cf3ce249be888b74f180b90826daf08a5b67dcdb051bf0f846eca8df238
original_50_23.png,raw\signatures\full_org\original_50_23.png,50,23,genuine,1,PNG,L,630,426,1.4789,139843,60b4d04fb5e271a1ec34a51ac3c4e5a40eaedce8b83d1428118c606c963c1bb6
original_50_24.png,raw\signatures\full_org\original_50_24.png,50,24,genuine,1,PNG,L,600,450,1.3333,138942,08d428c21bf23ef5e8833c785d59bd9b9e63622f4e20d433d6b4271d308fe124
original_50_3.png,raw\signatures\full_org\original_50_3.png,50,3,genuine,1,PNG,L,618,481,1.2848,154454,13b720473302d2d1da7192e88a8e7ccd3b8bc88d29fa3847062e66acf0fd4d44
original_50_4.png,raw\signatures\full_org\original_50_4.png,50,4,genuine,1,PNG,L,600,457,1.3129,142361,69d8ac38203b519f687c988915532e67546e1ca51c2c7bf835028b2ea42ff8d2
original_50_5.png,raw\signatures\full_org\original_50_5.png,50,5,genuine,1,PNG,L,624,451,1.3836,146239,8de50e9f8f276618b44aa492a8aa7ee62ebd03051182efe615b5e25736a09683
original_50_6.png,raw\signatures\full_org\original_50_6.png,50,6,genuine,1,PNG,L,630,385,1.6364,126989,2dd2bb25fe181a2a8f1c5a03276b5887d173a2f59fc12cba8354b6f8823fbdc6
original_50_7.png,raw\signatures\full_org\original_50_7.png,50,7,genuine,1,PNG,L,624,438,1.4247,140506,d27186d829ba47783939c554c1cb6762a15d22136e58f94f8e4c2e446d3ed40a
original_50_8.png,raw\signatures\full_org\original_50_8.png,50,8,genuine,1,PNG,L,618,415,1.4892,133308,14c05600732e7894a25a9d5d3b7506399d9939c5c86587456db0f2b27c1c41b0
original_50_9.png,raw\signatures\full_org\original_50_9.png,50,9,genuine,1,PNG,L,636,450,1.4133,148681,0c81fe9c379793ed3be1b0ecbb4ed763d38fc7aa1468d20918f65adf39023257
original_51_1.png,raw\signatures\full_org\original_51_1.png,51,1,genuine,1,PNG,L,618,361,1.7119,123700,f0182edf585093e99592fc1f2e124ab8f7c94822848408db8ac27fdcc3f1941c
original_51_10.png,raw\signatures\full_org\original_51_10.png,51,10,genuine,1,PNG,L,624,384,1.625,129846,114ce7d0a16787c2da15ea576057d1e2908197674167d51d0ba1d5911dea32b5
original_51_11.png,raw\signatures\full_org\original_51_11.png,51,11,genuine,1,PNG,L,630,318,1.9811,112938,9230dfb93657dfffd0d00c44f3c18b73293606c7c28bc90c92f6e8f283630d0d
original_51_12.png,raw\signatures\full_org\original_51_12.png,51,12,genuine,1,PNG,L,582,313,1.8594,101859,94f7052f87a439b7387bf6d03ecc422e14ddaf0da12580f2e85413bdebf16d3b
original_51_13.png,raw\signatures\full_org\original_51_13.png,51,13,genuine,1,PNG,L,606,361,1.6787,120952,1201b9b3f89a1f59b6650fd72e7a207c93f7bf6bc7ba4c92649c9b871c3185c2
original_51_14.png,raw\signatures\full_org\original_51_14.png,51,14,genuine,1,PNG,L,630,397,1.5869,135847,25fca14de4be6494383534749d82c74b9fbcb171db147f487f063bfe95347ad9
original_51_15.png,raw\signatures\full_org\original_51_15.png,51,15,genuine,1,PNG,L,606,391,1.5499,129688,8bea0104d6dbb31cb3b4c2f45914b4a2562b23a07636278a39505deecc4dc3c6
original_51_16.png,raw\signatures\full_org\original_51_16.png,51,16,genuine,1,PNG,L,630,349,1.8052,120796,b48b7471539e2e25f1e699dc528178463d9a21e87cd62cf0c9bc46061ee656d6
original_51_17.png,raw\signatures\full_org\original_51_17.png,51,17,genuine,1,PNG,L,642,457,1.4048,156217,d448c48f8e8d001b7917ab9fa999f11fd25a107fe34f51b56010474ddecd000e
original_51_18.png,raw\signatures\full_org\original_51_18.png,51,18,genuine,1,PNG,L,636,361,1.7618,126263,c5174664fe991db875cea2725867bb029cfe209c61080f9673943cd38ec836da
original_51_19.png,raw\signatures\full_org\original_51_19.png,51,19,genuine,1,PNG,L,636,366,1.7377,127646,e0aee12adcb72011b5a551a123880606b033989108dfa595b80759a642993d5e
original_51_2.png,raw\signatures\full_org\original_51_2.png,51,2,genuine,1,PNG,L,642,373,1.7212,131460,ae757059133b6c316ced2f1ce1ac8dc6a7fd21f075bf7648003b7b47ce9f88f6
original_51_20.png,raw\signatures\full_org\original_51_20.png,51,20,genuine,1,PNG,L,624,366,1.7049,124129,90ee8e0b9947e19a922571ac2bb7b947855b04da5f056457f8091eeb2a7142e0
original_51_21.png,raw\signatures\full_org\original_51_21.png,51,21,genuine,1,PNG,L,594,306,1.9412,102423,7482f5f155e87f4c421ea18ea335a40cb79a15b0ad7e86225c9d3d6eccec8d10
original_51_22.png,raw\signatures\full_org\original_51_22.png,51,22,genuine,1,PNG,L,630,378,1.6667,129785,af65b7e7fd43a48d6c8d5edff44edd2dfbe745035eac14e71743aaccd2e2a65e
original_51_23.png,raw\signatures\full_org\original_51_23.png,51,23,genuine,1,PNG,L,642,372,1.7258,129229,3252fc457eba58c3e363b3e9af58f345f62f20735ebfd987b0dd37931524da19
original_51_24.png,raw\signatures\full_org\original_51_24.png,51,24,genuine,1,PNG,L,564,379,1.4881,119347,10c6cf31ae3ed2a3b76af3ecf1ca5393c63b916933b2aa9dbf12ab003ec9efc3
original_51_3.png,raw\signatures\full_org\original_51_3.png,51,3,genuine,1,PNG,L,624,361,1.7285,124350,eaf3595e407efa56c6a8abf0e787d365a5a62717ecb79acb36b0ac8076d31044
original_51_4.png,raw\signatures\full_org\original_51_4.png,51,4,genuine,1,PNG,L,612,367,1.6676,125651,0f2e40a74b354ab62518844da93edccf8dda9a16a726ea11be22df7c34525f2c
original_51_5.png,raw\signatures\full_org\original_51_5.png,51,5,genuine,1,PNG,L,630,355,1.7746,123587,e161a8e28c7321780870ff7c562fc61841defe105ae1574e9fdb835963c985b1
original_51_6.png,raw\signatures\full_org\original_51_6.png,51,6,genuine,1,PNG,L,588,361,1.6288,117686,4871f34ecee5d8ee5b60f1153ca2d8f533247a7f752876fe0002ff2c703cd56d
original_51_7.png,raw\signatures\full_org\original_51_7.png,51,7,genuine,1,PNG,L,630,421,1.4964,143617,3cbf3b2747c160c8d59646525df62085251e3dc91f04833a63e1056307986019
original_51_8.png,raw\signatures\full_org\original_51_8.png,51,8,genuine,1,PNG,L,642,343,1.8717,121337,ce5537fcce3f092ef32ad5150e4e037f53a7ce69196bec2fead4f96d61efea72
original_51_9.png,raw\signatures\full_org\original_51_9.png,51,9,genuine,1,PNG,L,618,396,1.5606,133879,758857533d609642c800218b1f6547ac378b1eb0e21f5f0196fe20716324ba9e
original_52_1.png,raw\signatures\full_org\original_52_1.png,52,1,genuine,1,PNG,L,576,319,1.8056,94643,58a67754bd4c9cd96c2c603c372908db01ca9fa0b599c464df2ee25a2abf20d4
original_52_10.png,raw\signatures\full_org\original_52_10.png,52,10,genuine,1,PNG,L,588,330,1.7818,99457,4586ea7e49d2afefa9ddf7221808a288434aebe44d6e48c212185e5caf39b113
original_52_11.png,raw\signatures\full_org\original_52_11.png,52,11,genuine,1,PNG,L,588,246,2.3902,74152,cfa40a4f267a50cb88c995af00bd54e3582feb3381ebd4a03674971f184ab248
original_52_12.png,raw\signatures\full_org\original_52_12.png,52,12,genuine,1,PNG,L,600,343,1.7493,105386,09441225f80b6d79d504fabe11fb8c19637a8378dbeb14dc5d564ab51f9f936a
original_52_13.png,raw\signatures\full_org\original_52_13.png,52,13,genuine,1,PNG,L,594,277,2.1444,84944,20778ce32fcc97318beb449dce1a67add1e839b7a972a66e1b56a7e69d7a4a4c
original_52_14.png,raw\signatures\full_org\original_52_14.png,52,14,genuine,1,PNG,L,600,313,1.9169,95636,6d9fb7652fd4524c3b3e7a638ab67df2e9b67510da0fd0f0004f410af435eb41
original_52_15.png,raw\signatures\full_org\original_52_15.png,52,15,genuine,1,PNG,L,576,319,1.8056,93895,f48ad5dfac5e737d8eb91c964a6edf848fc3849ff624bdcf1973b883a30ec608
original_52_16.png,raw\signatures\full_org\original_52_16.png,52,16,genuine,1,PNG,L,618,295,2.0949,92825,89c898f66a0703dcdff11187384d4cde552cfd828b6bc0aad35575c5504dd576
original_52_17.png,raw\signatures\full_org\original_52_17.png,52,17,genuine,1,PNG,L,600,301,1.9934,91203,dd70a78d6eb24798ab296403096484f479d667c35fea46a7af53444615fe18ea
original_52_18.png,raw\signatures\full_org\original_52_18.png,52,18,genuine,1,PNG,L,612,301,2.0332,92807,ec1c70477fb93cd0a5d9575481892c85188351c28b3bf6ea84671923170bf8da
original_52_19.png,raw\signatures\full_org\original_52_19.png,52,19,genuine,1,PNG,L,600,277,2.1661,83816,02aec64cc90e5128281e438a98efe0cbac151dd61a09ea100a5701da5816d92b
original_52_2.png,raw\signatures\full_org\original_52_2.png,52,2,genuine,1,PNG,L,588,325,1.8092,97378,13e53d7fe602e9df3f01828f3230a92c1c3491616216203cfe8ffec0fa916f03
original_52_20.png,raw\signatures\full_org\original_52_20.png,52,20,genuine,1,PNG,L,582,343,1.6968,100160,8e2b4a4d0ab22f12b1b36a3df7e008abc3c730436331a1b563d469bd8a9d1f3d
original_52_21.png,raw\signatures\full_org\original_52_21.png,52,21,genuine,1,PNG,L,594,306,1.9412,92367,69acf7430ff011fe1a8189809c9231855855ae045cfc64236c49a42529691494
original_52_22.png,raw\signatures\full_org\original_52_22.png,52,22,genuine,1,PNG,L,588,330,1.7818,97778,9f385df0ca6f01ef9f140ba285510e5f064d58c1144ad2c10594bfebd23da95c
original_52_23.png,raw\signatures\full_org\original_52_23.png,52,23,genuine,1,PNG,L,570,318,1.7925,90833,0d5e63cad01d0cc428af9490f675c58be47e290c03b5c68c0539ec5910056b7f
original_52_24.png,raw\signatures\full_org\original_52_24.png,52,24,genuine,1,PNG,L,582,271,2.1476,80747,88d41fd74ef1deb90a17b8a704963c26a4b1eef216393dc10eb74afd6255c007
original_52_3.png,raw\signatures\full_org\original_52_3.png,52,3,genuine,1,PNG,L,588,271,2.1697,81877,c2b821c475cc59bd4c82a95a44453cba3aa8b6e3d02168441ce259021e6f988d
original_52_4.png,raw\signatures\full_org\original_52_4.png,52,4,genuine,1,PNG,L,594,289,2.0554,88925,079815215a42d3fa741afd34d8ff41b930d33309e5b59f6a6d179af409684479
original_52_5.png,raw\signatures\full_org\original_52_5.png,52,5,genuine,1,PNG,L,570,313,1.8211,91379,76b9bc95d603dfc233f712855bf772172334242591fed5331110a02ea54de508
original_52_6.png,raw\signatures\full_org\original_52_6.png,52,6,genuine,1,PNG,L,588,349,1.6848,104199,f4c8a90a3dc8ea8d310befba74eec7c34d858e316fd9300b3c7d9b6918ac71b3
original_52_7.png,raw\signatures\full_org\original_52_7.png,52,7,genuine,1,PNG,L,564,325,1.7354,93802,9e3ddeaaed91f35b40eed760f92d58f82ae623045852ca6ebd0fe9c5f51dc0f9
original_52_8.png,raw\signatures\full_org\original_52_8.png,52,8,genuine,1,PNG,L,564,319,1.768,90990,fe9e1168987843fd1e5c0cf4aa22c0c1c568d4887a6fdffae78f4ea1b34489a1
original_52_9.png,raw\signatures\full_org\original_52_9.png,52,9,genuine,1,PNG,L,564,306,1.8431,88642,4b1b31679ce5d1ee067e320161e1729cd413455966e3e76574b81c1dd0a48314
original_53_1.png,raw\signatures\full_org\original_53_1.png,53,1,genuine,1,PNG,L,636,300,2.12,101179,e098e86f307106d0cee045f45268dab3f79158f28bae2cddbabcb08b4994df98
original_53_10.png,raw\signatures\full_org\original_53_10.png,53,10,genuine,1,PNG,L,606,312,1.9423,98705,8a37a664da9b3f18f84c8a81f943c3defe1c4be679b2a92539cee543a7782af7
original_53_11.png,raw\signatures\full_org\original_53_11.png,53,11,genuine,1,PNG,L,630,318,1.9811,104040,62fff3fee07016894c37416350ac6d0e30d1ae83c84a7c2eae6ed0dfefd2a495
original_53_12.png,raw\signatures\full_org\original_53_12.png,53,12,genuine,1,PNG,L,642,300,2.14,100331,ba0fa3ee33a58ba01eb581c8ecf51d5877b379cfc763caec777f2881be53786c
original_53_13.png,raw\signatures\full_org\original_53_13.png,53,13,genuine,1,PNG,L,594,313,1.8978,98941,31aa858a863ff3180879636bdb018a9177b22cb21f4eed3620fa1dc49234d924
original_53_14.png,raw\signatures\full_org\original_53_14.png,53,14,genuine,1,PNG,L,624,349,1.788,113999,3e41582cd7a0efabfd7a4b898a0f694217a51c99ce0bdeeb12c101dfb49f396c
original_53_15.png,raw\signatures\full_org\original_53_15.png,53,15,genuine,1,PNG,L,582,289,2.0138,89171,50f70eb81f3a0322c3a88b962d816d3b2e0978c5bba9b55f149b2b0085ce6b3b
original_53_16.png,raw\signatures\full_org\original_53_16.png,53,16,genuine,1,PNG,L,600,283,2.1201,90608,e10ef3e8bcfece7ebabb9de8cc29058b3f32235679e9aad7686b579779339940
original_53_17.png,raw\signatures\full_org\original_53_17.png,53,17,genuine,1,PNG,L,624,241,2.5892,80830,35e38bc88508a48d2f14315965abb52daca37312860f69a4761b27587b342179
original_53_18.png,raw\signatures\full_org\original_53_18.png,53,18,genuine,1,PNG,L,618,283,2.1837,92366,843dc450defcb1220c6abddd7d007161bf57d94c15c5b8663cf9930186467ee0
original_53_19.png,raw\signatures\full_org\original_53_19.png,53,19,genuine,1,PNG,L,624,259,2.4093,86346,a2521fee3c4fdc3fde0b223e75250dd9cc51c9f26aadbed2a49443e7b7eb1203
original_53_2.png,raw\signatures\full_org\original_53_2.png,53,2,genuine,1,PNG,L,630,306,2.0588,102295,cb00356a6269083c68e483601a18997ce8d8815224a47416ac3ab74b9948ca06
original_53_20.png,raw\signatures\full_org\original_53_20.png,53,20,genuine,1,PNG,L,624,271,2.3026,89284,ccecb985c4390bb17f09a80e3b320d62996ce556efec67d75a186671768f1ecd
original_53_21.png,raw\signatures\full_org\original_53_21.png,53,21,genuine,1,PNG,L,606,258,2.3488,82949,453cf7349a225dd29d2e688b3c2e8d10bd7b75bf39f3bd0dbe278cc4f0d0263e
original_53_22.png,raw\signatures\full_org\original_53_22.png,53,22,genuine,1,PNG,L,618,306,2.0196,99915,8e94e4e6e337eda31170da75fae8b124d433e465bd95c88facaffaed4491bfc9
original_53_23.png,raw\signatures\full_org\original_53_23.png,53,23,genuine,1,PNG,L,570,282,2.0213,84881,0aa0518242308de41c89abffabb3b5beb85dca3818d0d2b5df759aa64af4ae14
original_53_24.png,raw\signatures\full_org\original_53_24.png,53,24,genuine,1,PNG,L,600,348,1.7241,108782,84e76c190a32259fbe8516f3a9d1b6861f534547139f51e9ff973f9dc9b347a6
original_53_3.png,raw\signatures\full_org\original_53_3.png,53,3,genuine,1,PNG,L,648,271,2.3911,92574,4ebe9ecbaff10704db2d7c70dcc3ec93821f3271429d0a69f8c7d8fdbe52a615
original_53_4.png,raw\signatures\full_org\original_53_4.png,53,4,genuine,1,PNG,L,642,271,2.369,92031,7a8c9b164ab7957fddaad34876780e7a9d0c45f79ee5e336f69f429a8c02e5d7
original_53_5.png,raw\signatures\full_org\original_53_5.png,53,5,genuine,1,PNG,L,612,313,1.9553,101112,ae7447e1068c7808a01e6643e06575f66fe84126bb7440b96a85c853238986ca
original_53_6.png,raw\signatures\full_org\original_53_6.png,53,6,genuine,1,PNG,L,612,319,1.9185,101095,14c5b1861f1df093ea8678a343421540919d23f898eee6bbfc761969920f8736
original_53_7.png,raw\signatures\full_org\original_53_7.png,53,7,genuine,1,PNG,L,606,397,1.5264,124213,d3661f0a42653c0ba8689118ef75eb717a81037ee6389f93f83406159ba41fb5
original_53_8.png,raw\signatures\full_org\original_53_8.png,53,8,genuine,1,PNG,L,642,295,2.1763,100474,30afb8106072a7e9fbcf4fdd5ccabf7b22a81bc25b955423531e1790e8a488b1
original_53_9.png,raw\signatures\full_org\original_53_9.png,53,9,genuine,1,PNG,L,648,342,1.8947,115030,447f06a328b38503c3196a6e5e43caec4868e3af6327f5baab82d35adbea2914
original_54_1.png,raw\signatures\full_org\original_54_1.png,54,1,genuine,1,PNG,L,648,445,1.4562,152733,9e95f8823ba03d0aad5499bbc5b3fa0c817ec8118344ed057f88b628bf967e93
original_54_10.png,raw\signatures\full_org\original_54_10.png,54,10,genuine,1,PNG,L,612,342,1.7895,109745,fb599d51e71e6237f3f2c1b2fad65bafdc5ed83b02c15575fd89bf2ad34a32e6
original_54_11.png,raw\signatures\full_org\original_54_11.png,54,11,genuine,1,PNG,L,630,390,1.6154,129669,a4be36f4e6af1bf353954f3661aaed2638b370625b725d08cf75de8d9ac8636c
original_54_12.png,raw\signatures\full_org\original_54_12.png,54,12,genuine,1,PNG,L,612,480,1.275,154401,01575a7538cc62bdd8f0ddd700c2709f44d3d64a006b88a37d58875c3f2869ac
original_54_13.png,raw\signatures\full_org\original_54_13.png,54,13,genuine,1,PNG,L,630,451,1.3969,149990,db1e3df92916ec2cdb80ddc4f1023fd2fcc61d6581452bf5c57eee92e92de543
original_54_14.png,raw\signatures\full_org\original_54_14.png,54,14,genuine,1,PNG,L,618,522,1.1839,168078,5390462011304c17811a5991e85785ad33cdfd06d95847b2653beef127953cbf
original_54_15.png,raw\signatures\full_org\original_54_15.png,54,15,genuine,1,PNG,L,630,499,1.2625,164049,937c739d692465b702558f2dbad451890a89afdec109eff44da28a66b1536739
original_54_16.png,raw\signatures\full_org\original_54_16.png,54,16,genuine,1,PNG,L,600,469,1.2793,146671,c8b6e7091d30639844fc3e55b7f362a629a506db7bc0379a58a65ad1ff9e2127
original_54_17.png,raw\signatures\full_org\original_54_17.png,54,17,genuine,1,PNG,L,630,475,1.3263,156169,7d529d53b8fc1980e9a0fbe6ea26c129a0f4d631b051791891bec3047282ce1c
original_54_18.png,raw\signatures\full_org\original_54_18.png,54,18,genuine,1,PNG,L,648,492,1.3171,166192,58b58e6daa7ea6b9edb15bf50ac52af26cadfe8f4e93b7dadd1e3a4775e4b1bf
original_54_19.png,raw\signatures\full_org\original_54_19.png,54,19,genuine,1,PNG,L,606,492,1.2317,154538,a44994a9f198c642ca67afa0f2be4eca95fc98e4d21b0d2a78f263ea332fe89e
original_54_2.png,raw\signatures\full_org\original_54_2.png,54,2,genuine,1,PNG,L,606,433,1.3995,138450,1268e7e8273088d84bb257f74b4ef717895907473966d8633d0381c268c4c8e6
original_54_20.png,raw\signatures\full_org\original_54_20.png,54,20,genuine,1,PNG,L,630,438,1.4384,144521,4234ef5a6bae9875c9633b41069d8d410d9226e7e2d9e70de175d20226f7a4e0
original_54_21.png,raw\signatures\full_org\original_54_21.png,54,21,genuine,1,PNG,L,606,360,1.6833,116265,c586810fce2bf5141fb9fbea8fb6908d05eeafe13bf9898f198ecbfc727c4594
original_54_22.png,raw\signatures\full_org\original_54_22.png,54,22,genuine,1,PNG,L,618,414,1.4928,133641,41108d74b02f5c24cdbd822daaac9d136d7a5b21e5d159b879aeb2609b3d0f03
original_54_23.png,raw\signatures\full_org\original_54_23.png,54,23,genuine,1,PNG,L,630,396,1.5909,131316,ed38124536a8f49528e8c80fcfdf211837c86f2b837f59253f96ddb855dc1222
original_54_24.png,raw\signatures\full_org\original_54_24.png,54,24,genuine,1,PNG,L,624,450,1.3867,146591,cebe9c3f8dcfd1cc04f50eff26ddc859b953a31971681308060c3f20ca69441b
original_54_3.png,raw\signatures\full_org\original_54_3.png,54,3,genuine,1,PNG,L,612,433,1.4134,139037,34ba893a87d7b6168f1b4932826edd328c144f96c9caf99401021555f088ef49
original_54_4.png,raw\signatures\full_org\original_54_4.png,54,4,genuine,1,PNG,L,612,445,1.3753,144294,56d626689edd4ce97c9421fb378007d36a827dfbde695626397653d6fdd0bcbe
original_54_5.png,raw\signatures\full_org\original_54_5.png,54,5,genuine,1,PNG,L,636,385,1.6519,128648,93de92b7e02200663f573d09a38679304c655d6d9c0f405e1c10a6646e28a2a2
original_54_6.png,raw\signatures\full_org\original_54_6.png,54,6,genuine,1,PNG,L,630,462,1.3636,152442,f6620edf5b53fa43f19bf2efd275eacaafcfbf72cc082e4ef61f6681cf8bd1c8
original_54_7.png,raw\signatures\full_org\original_54_7.png,54,7,genuine,1,PNG,L,606,391,1.5499,123264,1387558365a42b9e09f048fc56321db1b3b00e2d9f1e8127cface1bf5601eae6
original_54_8.png,raw\signatures\full_org\original_54_8.png,54,8,genuine,1,PNG,L,636,450,1.4133,148311,6656bfb5649f11597b2f22c1cfbf832dfd0c4cc994f5514a724e5906321e8b9e
original_54_9.png,raw\signatures\full_org\original_54_9.png,54,9,genuine,1,PNG,L,624,384,1.625,125716,0424540c7bcf4b3235c2e4f64b2a329889398154ab9b0849c176c97814ae990d
original_55_1.png,raw\signatures\full_org\original_55_1.png,55,1,genuine,1,PNG,RGBA,552,438,1.2603,205152,c246bd820b8609459e54201b99eaa0cfcca6117d0f651eb52f2b2810a2148bd1
original_55_10.png,raw\signatures\full_org\original_55_10.png,55,10,genuine,1,PNG,RGBA,583,516,1.1298,256248,646a932e16e8b485ba1a75355d310563b2bcdf4b22518d4ea301b45b9fde7084
original_55_11.png,raw\signatures\full_org\original_55_11.png,55,11,genuine,1,PNG,RGBA,565,576,0.9809,276243,6855ed55d82c3f684667a1b85e9aeeb71b46d84b964e8302b2afc76e1bf442a5
original_55_12.png,raw\signatures\full_org\original_55_12.png,55,12,genuine,1,PNG,RGBA,552,432,1.2778,200490,543f9bc22e77f082d667c4dd788a2f211e62cac3472ce3e254b319f8a387b242
original_55_13.png,raw\signatures\full_org\original_55_13.png,55,13,genuine,1,PNG,RGBA,594,492,1.2073,246196,46bdb870998666c402abb905d07fc44453b7374a73d1e1cd6ad663140a151b83
original_55_14.png,raw\signatures\full_org\original_55_14.png,55,14,genuine,1,PNG,RGBA,570,450,1.2667,220233,264aec891ca589a4e41e43a0c39d410edcc6e8b06cbb2a5d4ff21f24543b1c19
original_55_15.png,raw\signatures\full_org\original_55_15.png,55,15,genuine,1,PNG,RGBA,564,486,1.1605,230326,922451bbde803a28f47c4545fdaf6e5188dcf394a03a1e7ebab3b8df8da0c5f2
original_55_16.png,raw\signatures\full_org\original_55_16.png,55,16,genuine,1,PNG,RGBA,558,468,1.1923,219968,5532cb610d7977fd3465788aa54388b4e8f979f5a1175cc989135d6e7389a482
original_55_17.png,raw\signatures\full_org\original_55_17.png,55,17,genuine,1,PNG,RGBA,588,480,1.225,240333,b66bcad193f83a5e1d5577db40d6a4726d646df071314ccc1f90733c339ee6f0
original_55_18.png,raw\signatures\full_org\original_55_18.png,55,18,genuine,1,PNG,RGBA,589,468,1.2585,235518,da5e157b0197639a920c07b277dd4b7626ac6a4403a77b8e435c868453f4b332
original_55_19.png,raw\signatures\full_org\original_55_19.png,55,19,genuine,1,PNG,RGBA,565,438,1.29,210007,b8f94180ac6d7786dde12c76ed2280d8e4332c97a34e43782878bdda7822112b
original_55_2.png,raw\signatures\full_org\original_55_2.png,55,2,genuine,1,PNG,RGBA,558,492,1.1341,232409,2b3fcbc74bc8506ae99f9ed0d525cfe6c2d7ef17cc9d8bd94bb081f2a4e1b6f2
original_55_20.png,raw\signatures\full_org\original_55_20.png,55,20,genuine,1,PNG,RGBA,577,444,1.2995,219718,be70aa65d17a879c6785dba7536d9d97ca187338d42ddc8aa93a1a3ca47378c0
original_55_21.png,raw\signatures\full_org\original_55_21.png,55,21,genuine,1,PNG,RGBA,571,486,1.1749,238603,c2fdc0fbea086a0ced090025190e2fbf403cde3515cf1daa65e5ead777a5f0b7
original_55_22.png,raw\signatures\full_org\original_55_22.png,55,22,genuine,1,PNG,RGBA,577,486,1.1872,237870,4cdcba936f2788d7692247fa6c0940f9d06c42a99b970cfbdbf0f87aaa02d3ec
original_55_23.png,raw\signatures\full_org\original_55_23.png,55,23,genuine,1,PNG,RGBA,559,468,1.1944,226478,c751fc3a6c291a9d0b28f6a278571adec4efa612127396673a7706a270c811c3
original_55_24.png,raw\signatures\full_org\original_55_24.png,55,24,genuine,1,PNG,RGBA,600,480,1.25,241120,97ccd5f6d6afc6b34c434c7715a3f36cc8ec713796849b924ec76f4e0a7db3cd
original_55_3.png,raw\signatures\full_org\original_55_3.png,55,3,genuine,1,PNG,RGBA,570,486,1.1728,231801,9b71d8594abaf937b3ef7fc4a42499fecdcf411e09c6e3372440d398eafa7ad9
original_55_4.png,raw\signatures\full_org\original_55_4.png,55,4,genuine,1,PNG,RGBA,582,420,1.3857,208676,2f2b367112ff0371d75451a92aae5503afe75f0ff9a886d9b17ea68610ebdca6
original_55_5.png,raw\signatures\full_org\original_55_5.png,55,5,genuine,1,PNG,RGBA,570,426,1.338,206702,b1eb3f2464b4a76e74dfc8c2f8d948e36273511ebd1fc886f854cf8f2fa1078a
original_55_6.png,raw\signatures\full_org\original_55_6.png,55,6,genuine,1,PNG,RGBA,571,480,1.1896,231823,9f8e2d32d1cbbb648ef2ef37a3d3ffeb89cd62e224371efa01cc7aded53d3b2d
original_55_7.png,raw\signatures\full_org\original_55_7.png,55,7,genuine,1,PNG,RGBA,571,504,1.1329,243924,809362cd21fbc3f238cf60d7664aec039cc79eeca374acfee7b58ac95c475aed
original_55_8.png,raw\signatures\full_org\original_55_8.png,55,8,genuine,1,PNG,RGBA,547,414,1.3213,196231,cce2c2f0b56526c79c51fd1c230251d578512703e98c538484f159c9315c8a98
original_55_9.png,raw\signatures\full_org\original_55_9.png,55,9,genuine,1,PNG,RGBA,583,432,1.3495,216805,0a6029231537ee10aa6ce05518e06c0aae3697291d49a46ccfc6244b7be306ea
original_5_1.png,raw\signatures\full_org\original_5_1.png,5,1,genuine,1,PNG,L,576,373,1.5442,114628,31fa91582de819248616e4c5abf2bc0641c4a2509364f831db39c367a840a8fb
original_5_10.png,raw\signatures\full_org\original_5_10.png,5,10,genuine,1,PNG,L,582,408,1.4265,126191,5a9e864c180d755152fcc08b2197945452750f510a8998ec9c522961820f0cb6
original_5_11.png,raw\signatures\full_org\original_5_11.png,5,11,genuine,1,PNG,L,618,354,1.7458,117448,3f01b6c84ad731f7041dca0f21258d810a4e08581096dd232b621223c6c1b15a
original_5_12.png,raw\signatures\full_org\original_5_12.png,5,12,genuine,1,PNG,L,612,379,1.6148,123283,3141115871db537cd615ffc5af36816ff8ce9d269517fc25e2aafe449834d8e7
original_5_13.png,raw\signatures\full_org\original_5_13.png,5,13,genuine,1,PNG,L,600,390,1.5385,123989,45f8606da789ebeb99c912c883d306da8f5a21fdbbf30c9c2d57e5fcf07d643e
original_5_14.png,raw\signatures\full_org\original_5_14.png,5,14,genuine,1,PNG,L,576,349,1.6504,108497,6b7e25e76d55bc4018826d2c543f1a954de198be47e13403163c1725827d9047
original_5_15.png,raw\signatures\full_org\original_5_15.png,5,15,genuine,1,PNG,L,630,421,1.4964,138713,426c26961f0f775bd6262595ee364c7aec2fda42013e95ca664812d58ed292df
original_5_16.png,raw\signatures\full_org\original_5_16.png,5,16,genuine,1,PNG,L,612,361,1.6953,117210,3bf687f8da9867f20b01de2c99a09f0bcc3415576413fce5339d29b99cae4d65
original_5_17.png,raw\signatures\full_org\original_5_17.png,5,17,genuine,1,PNG,L,612,337,1.816,110057,83ad1def61f9489d94401897b075edc73d88c4f7111b49e357d044afed7ff38c
original_5_18.png,raw\signatures\full_org\original_5_18.png,5,18,genuine,1,PNG,L,636,415,1.5325,138255,33944e8e158c51952ca53d476df245c273d2a85992c6df42de30ea2f7e631506
original_5_19.png,raw\signatures\full_org\original_5_19.png,5,19,genuine,1,PNG,L,600,385,1.5584,122529,0100f6eb1a2e9dd5d8efa08f8dd263ef855f6cae9044071a12f3dd981f25b505
original_5_2.png,raw\signatures\full_org\original_5_2.png,5,2,genuine,1,PNG,L,594,361,1.6454,115021,7bb301d2f397daf0d0936074c5ad7b6476d16bd43e95864a98920619a37943a6
original_5_20.png,raw\signatures\full_org\original_5_20.png,5,20,genuine,1,PNG,L,594,313,1.8978,98212,2306e92a9182c284e4b3542e7e410a6aa0bb55834e3955510096f8f5962fdea5
original_5_21.png,raw\signatures\full_org\original_5_21.png,5,21,genuine,1,PNG,L,648,390,1.6615,133246,b0b254e61484d8a2507d674cb6528833d76dbfdde9ac6c0c09aa555bf5d5501e
original_5_22.png,raw\signatures\full_org\original_5_22.png,5,22,genuine,1,PNG,L,618,372,1.6613,121831,743db17ebdb0fd0275b98ba369cc0fb60c3a11b5d58db08ec174c17db4c1c749
original_5_23.png,raw\signatures\full_org\original_5_23.png,5,23,genuine,1,PNG,L,600,372,1.6129,118303,a33b4347bb9584095ec38aef9d71c9a8d5642b48d48019584c09c0326e0192c6
original_5_24.png,raw\signatures\full_org\original_5_24.png,5,24,genuine,1,PNG,L,606,409,1.4817,130874,d3f3f98423240c37fab189190aed693ef5d5a352878f47d96508a9066b520cec
original_5_3.png,raw\signatures\full_org\original_5_3.png,5,3,genuine,1,PNG,L,588,385,1.5273,119756,1aaeebda2628b783dba8b7c88fddd063c6cd22837f023eaf6d2fdbd1a428878b
original_5_4.png,raw\signatures\full_org\original_5_4.png,5,4,genuine,1,PNG,L,582,427,1.363,132017,f753b012179afb9cf79f11cf91c30bab468a1e522a655717ddd141780daa6f40
original_5_5.png,raw\signatures\full_org\original_5_5.png,5,5,genuine,1,PNG,L,630,409,1.5403,137863,a3f3e69e701239280581d69aa8f113a1f7c7a6080cd71ae0a85339b1c2446b56
original_5_6.png,raw\signatures\full_org\original_5_6.png,5,6,genuine,1,PNG,L,624,367,1.7003,120360,9a6fc282f5f87d880c1ef0f0d9f176028a3ca701143bcf7024c0beaeed356613
original_5_7.png,raw\signatures\full_org\original_5_7.png,5,7,genuine,1,PNG,L,600,385,1.5584,122902,74d5adb203f7cfac739fb5d93ed81afe1bc3f1e5bb3e3756f800122856d507f6
original_5_8.png,raw\signatures\full_org\original_5_8.png,5,8,genuine,1,PNG,L,612,319,1.9185,102984,971f57abfc6da3a40621324c3906d2e27dd8557e6fb718b50027d6387e240ea6
original_5_9.png,raw\signatures\full_org\original_5_9.png,5,9,genuine,1,PNG,L,582,318,1.8302,99208,f624d73c90ef57fd4eb0833b87a0bb35b724d40b057efcbd938885e5c58d0528
original_6_1.png,raw\signatures\full_org\original_6_1.png,6,1,genuine,1,PNG,L,546,343,1.5918,96540,158cbd76e08f6d69f2946536fa25924a4b6cb71423f61d15c277dd465beae960
original_6_10.png,raw\signatures\full_org\original_6_10.png,6,10,genuine,1,PNG,L,636,342,1.8596,111178,47d6361a0f5571d6d28a890dcc639c6c5467f02f3ec2b2b324f011aa84ad9da8
original_6_11.png,raw\signatures\full_org\original_6_11.png,6,11,genuine,1,PNG,L,612,426,1.4366,131320,e594969832c9e4ee4c56772fb7b2d094120a106ea0aeb6cd59b933f1984f712b
original_6_12.png,raw\signatures\full_org\original_6_12.png,6,12,genuine,1,PNG,L,582,319,1.8245,96589,64b06efb391ff1297a386288ff699226fd3c81ee0243a54773c6aee26a2678eb
original_6_13.png,raw\signatures\full_org\original_6_13.png,6,13,genuine,1,PNG,L,594,361,1.6454,111182,7948f2629dd92121b4e8e0249118b9813898223abf8f7579c95cece3a85a22c1
original_6_14.png,raw\signatures\full_org\original_6_14.png,6,14,genuine,1,PNG,L,594,307,1.9349,94979,c01e9cebdaa4bc0ba93c39fa253046103e4eb173fce6fcd3eb7c22c189795752
original_6_15.png,raw\signatures\full_org\original_6_15.png,6,15,genuine,1,PNG,L,606,325,1.8646,100414,a165878c6ed8f6acfc6ef27c5e6d2ed5c811b9c10c6eaed8a94823b07da12f0d
original_6_16.png,raw\signatures\full_org\original_6_16.png,6,16,genuine,1,PNG,L,618,361,1.7119,114739,ed31f9a781467812b6dd94a5db9c8fdd5f1afdb360934af7654e309b0b2f39c8
original_6_17.png,raw\signatures\full_org\original_6_17.png,6,17,genuine,1,PNG,L,600,319,1.8809,98039,7778cd245567c830ec84743946430193a180801cc2f1dbebe8d1e70bc680ea2f
original_6_18.png,raw\signatures\full_org\original_6_18.png,6,18,genuine,1,PNG,L,594,337,1.7626,100768,3cc1365c4680304c765189da0166217ec73d3363ca0466661a3b81633976ac1f
original_6_19.png,raw\signatures\full_org\original_6_19.png,6,19,genuine,1,PNG,L,558,295,1.8915,84484,c9845c182328103aee62f998b32e3c99c3f7e5d624acdb93866e3d44a2939d3b
original_6_2.png,raw\signatures\full_org\original_6_2.png,6,2,genuine,1,PNG,L,564,361,1.5623,105438,70a9c90e3738eb3a458c5834d28d5b2de99dbf3dc597ce783ed2330a88091d22
original_6_20.png,raw\signatures\full_org\original_6_20.png,6,20,genuine,1,PNG,L,588,325,1.8092,96326,2262b7db836e383ace77f4a3d8894209ad25ef743228bcdbed408438e1202539
original_6_21.png,raw\signatures\full_org\original_6_21.png,6,21,genuine,1,PNG,L,582,294,1.9796,86806,150694144d7c650d9ba2cd52d09af15743e4b4e32e92476fd347e1203fd3a494
original_6_22.png,raw\signatures\full_org\original_6_22.png,6,22,genuine,1,PNG,L,600,324,1.8519,99313,6b5fc4fd4b682cea8289319cdfb4085e7d3ec51e4b1357553012d7cf280ae1f6
original_6_23.png,raw\signatures\full_org\original_6_23.png,6,23,genuine,1,PNG,L,606,402,1.5075,122734,e26669f3a29983100a79eac8b6b05a381cb286be752f47a850edad730fca29ae
original_6_24.png,raw\signatures\full_org\original_6_24.png,6,24,genuine,1,PNG,L,570,367,1.5531,106817,3cb4131c51754afc593da658d78ebc462d839244badad0ad18352c5b42e25638
original_6_3.png,raw\signatures\full_org\original_6_3.png,6,3,genuine,1,PNG,L,606,379,1.5989,117043,68591688786a4d1f39e18d724f805500d800cb9d6dc10f83621861c9e58b5f69
original_6_4.png,raw\signatures\full_org\original_6_4.png,6,4,genuine,1,PNG,L,576,379,1.5198,110506,adf4d865ea38bb2c672e61531fc42081aa8c8b669f8e52aa60d8681c4030ae89
original_6_5.png,raw\signatures\full_org\original_6_5.png,6,5,genuine,1,PNG,L,558,325,1.7169,93572,6b5c5402a97c47c9fe21f7bf86ea2c490584682fac41aff17cd85450e905f3dc
original_6_6.png,raw\signatures\full_org\original_6_6.png,6,6,genuine,1,PNG,L,612,349,1.7536,108836,f74c9cfd06c9ee7d90974caee0596accb04405e54f2883cfd035792d840486b8
original_6_7.png,raw\signatures\full_org\original_6_7.png,6,7,genuine,1,PNG,L,582,379,1.5356,111665,c82b97a3bdbe129e8a02b02d58c14239a1fac759e518300b96eee0a68effccb8
original_6_8.png,raw\signatures\full_org\original_6_8.png,6,8,genuine,1,PNG,L,588,421,1.3967,125519,0611a804842f1ead83102ed31f470b242309bde3195477e87df525d9796be3b5
original_6_9.png,raw\signatures\full_org\original_6_9.png,6,9,genuine,1,PNG,L,618,408,1.5147,128163,43517cde646dc7cf6745d47df4ca6a6064e24ced80f9a32923750f809685dee2
original_7_1.png,raw\signatures\full_org\original_7_1.png,7,1,genuine,1,PNG,L,570,528,1.0795,160128,93cf3dc143231ad2f62d2708f6930b134e6174a09a7a9989567a8d697e8f1b10
original_7_10.png,raw\signatures\full_org\original_7_10.png,7,10,genuine,1,PNG,L,588,510,1.1529,157140,e7c756690613b033813393565c36afbc49b26fc4324f4e79c71cf5d2a7cffb88
original_7_11.png,raw\signatures\full_org\original_7_11.png,7,11,genuine,1,PNG,L,612,570,1.0737,182542,51b30120c601abd8824530a14cf0af648499d5c6f5776a5c143fd5ab16c8882e
original_7_12.png,raw\signatures\full_org\original_7_12.png,7,12,genuine,1,PNG,L,630,552,1.1413,180954,b9acd241ffea1afce9139c7ca24385963748913baabc3778ee85786816639554
original_7_13.png,raw\signatures\full_org\original_7_13.png,7,13,genuine,1,PNG,L,636,504,1.2619,171877,f09e73d6ef547bd9abae43b91367b9adba17bfb7ddab81824744f40d8f2f3034
original_7_14.png,raw\signatures\full_org\original_7_14.png,7,14,genuine,1,PNG,L,630,510,1.2353,173299,92078a6b0effb83dae1b238c811d724ba0957179234c9a7bd91935b4432776ad
original_7_15.png,raw\signatures\full_org\original_7_15.png,7,15,genuine,1,PNG,L,612,511,1.1977,167699,9ec0df39808e432d1762f5edc339fecf35b773116022bc11259f44708a539b98
original_7_16.png,raw\signatures\full_org\original_7_16.png,7,16,genuine,1,PNG,L,576,475,1.2126,148141,ac23008db72f81c9cbf4fd427509576f04994c307b87f2f9677c4446acd27206
original_7_17.png,raw\signatures\full_org\original_7_17.png,7,17,genuine,1,PNG,L,594,571,1.0403,182303,0c6b1795c55bb52d0b4cc07dc97600059b85674466381d1a92ca851b64b2a58b
original_7_18.png,raw\signatures\full_org\original_7_18.png,7,18,genuine,1,PNG,L,612,517,1.1838,169416,fe4a44fdf9d346e4b2881266b22d942d2ec15d665f08ea16602b37267e4e5e59
original_7_19.png,raw\signatures\full_org\original_7_19.png,7,19,genuine,1,PNG,L,606,523,1.1587,171560,c8c935c8373bd2c1c9d6202e5b6c8809483d73ae6dbc3ff01ab5f0dac24e498a
original_7_2.png,raw\signatures\full_org\original_7_2.png,7,2,genuine,1,PNG,L,624,534,1.1685,178060,75c7f63c3631a9ffe1292ee0eb3f85a035c3a3733c767ee9f729fa3661dec979
original_7_20.png,raw\signatures\full_org\original_7_20.png,7,20,genuine,1,PNG,L,582,534,1.0899,167630,15ab3f7e9fc7526460e8bb44fa97500d1862457eea24afa0b9e6e8f3a73db615
original_7_21.png,raw\signatures\full_org\original_7_21.png,7,21,genuine,1,PNG,L,588,540,1.0889,168261,4c8bdb358dddcb483cdeaaa301a27b6351a61108c1beb40f877508c991fe6c55
original_7_22.png,raw\signatures\full_org\original_7_22.png,7,22,genuine,1,PNG,L,630,576,1.0938,194225,7b297b4738f0cd5ec728b38af213bc5e62c4a000005a8a5a9b8a6be4435f9dfe
original_7_23.png,raw\signatures\full_org\original_7_23.png,7,23,genuine,1,PNG,L,630,564,1.117,190063,2b8d958e80c7ed58e14dea75a8ca68df801813b122d2b221210c2a111551e840
original_7_24.png,raw\signatures\full_org\original_7_24.png,7,24,genuine,1,PNG,L,654,528,1.2386,184901,973e9c0980930a36e1195ee565deb9de841de35e978a510e99d445f3fe7a2ab1
original_7_3.png,raw\signatures\full_org\original_7_3.png,7,3,genuine,1,PNG,L,588,547,1.075,169668,8fab49b45e641e70b143116314a8924ae34fe34870280d943e10741729f02c3c
original_7_4.png,raw\signatures\full_org\original_7_4.png,7,4,genuine,1,PNG,L,600,541,1.1091,171653,2973dc16e3671c5a4f250a23a90d92506acb4aca0459dc6a2ee5ce3127066ab9
original_7_5.png,raw\signatures\full_org\original_7_5.png,7,5,genuine,1,PNG,L,630,517,1.2186,172774,4ec9da3ccb4f41ec75f81673c3a300d1314f80689dcb190f17e27b46c2dcee43
original_7_6.png,raw\signatures\full_org\original_7_6.png,7,6,genuine,1,PNG,L,582,534,1.0899,163421,d993b5f2a7b682359d8b101bb4c4377e78b74f5b70ee4f9ebe02878a3d9a9c79
original_7_7.png,raw\signatures\full_org\original_7_7.png,7,7,genuine,1,PNG,L,606,552,1.0978,174743,9f2542727b9e7116b8bcae1326ed6ebc9c464136f8adee72fecbf01d185cb054
original_7_8.png,raw\signatures\full_org\original_7_8.png,7,8,genuine,1,PNG,L,606,492,1.2317,155214,b5364d4dd2c7c5f7a75621f31acf53974e6a11d7628d78419176556a759287c7
original_7_9.png,raw\signatures\full_org\original_7_9.png,7,9,genuine,1,PNG,L,600,504,1.1905,160136,1004e85ba2d4cf74ccb55a0e52bbab9117101d57a56a2da5bd680a8d71d10899
original_8_1.png,raw\signatures\full_org\original_8_1.png,8,1,genuine,1,PNG,L,558,432,1.2917,128270,063c21fd6ce422bd76748b1a6d024ccae07e9a8cc383e8b76c52fe35ba452d35
original_8_10.png,raw\signatures\full_org\original_8_10.png,8,10,genuine,1,PNG,L,558,486,1.1481,144023,0e2e1de27ce4f08c476d39d958a1dddc55d5909c7c2d2a00da139b9d7e0b470d
original_8_11.png,raw\signatures\full_org\original_8_11.png,8,11,genuine,1,PNG,L,576,450,1.28,138628,326fabfc13ab790788b334016a0c484e3036a150b0c7931ade6c4faf20813cc5
original_8_12.png,raw\signatures\full_org\original_8_12.png,8,12,genuine,1,PNG,L,576,468,1.2308,143263,791b05def31b9332766b8011d63c7fa59f72f40d03a2093cb2e4f9eec77f60a4
original_8_13.png,raw\signatures\full_org\original_8_13.png,8,13,genuine,1,PNG,L,624,414,1.5072,135435,7ac848c3576af9810a46a9895db187e6e38d9904a145f17343201d90d6fc842a
original_8_14.png,raw\signatures\full_org\original_8_14.png,8,14,genuine,1,PNG,L,618,402,1.5373,129668,094a6403ba6cdb1403d9272599a67093fa753891b3c8942863e2200014598aaf
original_8_15.png,raw\signatures\full_org\original_8_15.png,8,15,genuine,1,PNG,L,612,391,1.5652,123966,1783cff084ee32a20bf6fd53c912cec7ca669d0c05dc6291864ac8d052181136
original_8_16.png,raw\signatures\full_org\original_8_16.png,8,16,genuine,1,PNG,L,618,493,1.2535,155343,ffd71ac84631b60d49e3c519afd9854e71df7ae2854455ae3b1e45cacc94c800
original_8_17.png,raw\signatures\full_org\original_8_17.png,8,17,genuine,1,PNG,L,600,409,1.467,128324,8306b247f56f2cc5b674fecdc68ba041d6e7fff2aee5c122700624016a47ffe7
original_8_18.png,raw\signatures\full_org\original_8_18.png,8,18,genuine,1,PNG,L,570,409,1.3936,123391,cdfda58631e671fd7bdcf9485e2241d1000e3ea822cf1a3716d791904cd24739
original_8_19.png,raw\signatures\full_org\original_8_19.png,8,19,genuine,1,PNG,L,528,427,1.2365,118325,0c68d93cc5e2741c81dc455ff582e7c51e7a4d2349f7c31c030e84e95845c6b5
original_8_2.png,raw\signatures\full_org\original_8_2.png,8,2,genuine,1,PNG,L,570,390,1.4615,120876,05e5d004448d234a0aa54558f33e8d3ffbf26bf62a22664d67c5a24b9869c77e
original_8_20.png,raw\signatures\full_org\original_8_20.png,8,20,genuine,1,PNG,L,540,457,1.1816,128587,37412557567250a687875e35758b6c99094c57443132f94d3f2eb8f5e2fbc7d8
original_8_21.png,raw\signatures\full_org\original_8_21.png,8,21,genuine,1,PNG,L,546,450,1.2133,126583,a4a98164e965cf987e8fab8d5aeeb658c94f50f4756eea1b5ae4fe1ec54f6448
original_8_22.png,raw\signatures\full_org\original_8_22.png,8,22,genuine,1,PNG,L,612,444,1.3784,139632,e81156bdac746beed258d16b9abbff0b849c5878ad805b7a212bc445d24d08d9
original_8_23.png,raw\signatures\full_org\original_8_23.png,8,23,genuine,1,PNG,L,564,492,1.1463,141784,ee17eb8f2de746c5bf644814ca9d06a26fbe2f9596dd50821f69941e7a038b3f
original_8_24.png,raw\signatures\full_org\original_8_24.png,8,24,genuine,1,PNG,L,588,402,1.4627,122969,fe97f450f41cd3f5ff3f0f61ee8337f36e6559812171fc75697722dbc1f0c8bb
original_8_3.png,raw\signatures\full_org\original_8_3.png,8,3,genuine,1,PNG,L,618,391,1.5806,130092,7c13b643a56f1eb5c20616de3ffdecc261067af9150ee46067379b42051621be
original_8_4.png,raw\signatures\full_org\original_8_4.png,8,4,genuine,1,PNG,L,564,427,1.3208,127532,dad5748cfdf9d303fd338b87944acd3e1bdeb1c52dc9b92dcb47fe12e9f6e1a9
original_8_5.png,raw\signatures\full_org\original_8_5.png,8,5,genuine,1,PNG,L,564,337,1.6736,102506,561e56fb1bf4a802e0879bef257766534f1a007eb0300db0cfd40120e0b28a6d
original_8_6.png,raw\signatures\full_org\original_8_6.png,8,6,genuine,1,PNG,L,618,397,1.5567,127973,3a94699fe10e82dd411bca81b138fd8af23480d34eb197504793b2de502b1d0a
original_8_7.png,raw\signatures\full_org\original_8_7.png,8,7,genuine,1,PNG,L,528,391,1.3504,110375,951cd3a98cc6d5836d092de5d92576ce82f7de43c819990f2bab44a6e203d824
original_8_8.png,raw\signatures\full_org\original_8_8.png,8,8,genuine,1,PNG,L,534,439,1.2164,125421,5ff9a01b48b456ebcfda608e3d9028acd98c2cc9506acde02f8b395e10d0ee12
original_8_9.png,raw\signatures\full_org\original_8_9.png,8,9,genuine,1,PNG,L,606,396,1.5303,125123,fe16cf5a48ff2bb4e125d0789e26bd6959ddd279c3e7e0a86c222b4a5d1a2af3
original_9_1.png,raw\signatures\full_org\original_9_1.png,9,1,genuine,1,PNG,L,648,336,1.9286,117127,94816361451cf7086311b9afe829e7be06002cd454dbcc8cab2eb73f6dcba900
original_9_10.png,raw\signatures\full_org\original_9_10.png,9,10,genuine,1,PNG,L,612,324,1.8889,105913,2bf69c11f2c364744df514156758eb88bce838134d39942aa16a0a2ae728b1fd
original_9_11.png,raw\signatures\full_org\original_9_11.png,9,11,genuine,1,PNG,L,618,312,1.9808,102349,85ca904842176ea288b6c0b5e840df3131bef173fc580301f0ae15e94041bc86
original_9_12.png,raw\signatures\full_org\original_9_12.png,9,12,genuine,1,PNG,L,618,348,1.7759,115273,b270812f87163cc7dfd8096347d9a8d1c57db09c955b6dab7c92b19be4d03f19
original_9_13.png,raw\signatures\full_org\original_9_13.png,9,13,genuine,1,PNG,L,612,306,2.0,101152,4efc25e6eb82df9d645df08fe0a827abd08287d02fd6c2cf6e55365991923c5f
original_9_14.png,raw\signatures\full_org\original_9_14.png,9,14,genuine,1,PNG,L,606,324,1.8704,105554,18e5ad02a71ed786d8eae3f2e461105b3a3481f7c8397268acc9133eaa425e5f
original_9_15.png,raw\signatures\full_org\original_9_15.png,9,15,genuine,1,PNG,L,672,325,2.0677,116978,85f968490db209be31e8f9943643f567188fd24fb830290f5146c414c04d5bd9
original_9_16.png,raw\signatures\full_org\original_9_16.png,9,16,genuine,1,PNG,L,606,331,1.8308,107817,8f217215480919771ad9ce234c3fb07fca6aa8d819ffe939400725844e557256
original_9_17.png,raw\signatures\full_org\original_9_17.png,9,17,genuine,1,PNG,L,642,307,2.0912,108612,36b0031e7ec8d60d469df8edb82d6d6f15b0581f0eab709394173bc7ca0092ee
original_9_18.png,raw\signatures\full_org\original_9_18.png,9,18,genuine,1,PNG,L,630,325,1.9385,108620,09ef80639a97d879c9b0e0f23bfdfaf755ef9cc1ca8424170c455ba90f834d41
original_9_19.png,raw\signatures\full_org\original_9_19.png,9,19,genuine,1,PNG,L,624,331,1.8852,110119,556351b4b2f7fe92ceb227b8d3cd9376d74da5b2ff26e0c9a9f870a9dc15c6fd
original_9_2.png,raw\signatures\full_org\original_9_2.png,9,2,genuine,1,PNG,L,612,330,1.8545,109576,1838d11a8523ba24ce8ff7e09e63a4e69506026560cfd34ac60920fb688a4a5a
original_9_20.png,raw\signatures\full_org\original_9_20.png,9,20,genuine,1,PNG,L,624,301,2.0731,101067,e7c77c2b704affe19528471f2fa1b58a40893eb8d941fa611caabb7ab64203e1
original_9_21.png,raw\signatures\full_org\original_9_21.png,9,21,genuine,1,PNG,L,636,342,1.8596,115138,caf5ce93fe2ab2bf340a6a2faa997c00717ad70d331f15e4f3e20bcfbe0add60
original_9_22.png,raw\signatures\full_org\original_9_22.png,9,22,genuine,1,PNG,L,648,324,2.0,111422,47f5652ce05b95fcacca3d3ccb39096caa3c031738fc9ed4ad21c089375f45b3
original_9_23.png,raw\signatures\full_org\original_9_23.png,9,23,genuine,1,PNG,L,660,360,1.8333,125483,8f8125435e5fc04912ed4f6fc02e2a4e91844b25ae586c438649a394a53e9653
original_9_24.png,raw\signatures\full_org\original_9_24.png,9,24,genuine,1,PNG,L,606,312,1.9423,101864,7940069e12da5fe497fd1a83dfa0c1da63021c0c10c4553b53e7ec42e4f03d74
original_9_3.png,raw\signatures\full_org\original_9_3.png,9,3,genuine,1,PNG,L,624,337,1.8516,112746,3835b37fbde2a942ba840b263b54a7017653b266688026180141bbe4539578d6
original_9_4.png,raw\signatures\full_org\original_9_4.png,9,4,genuine,1,PNG,L,630,295,2.1356,101784,0673967b9254dd262e56c3b0413694939137481f42e53d908f53acf5884054d4
original_9_5.png,raw\signatures\full_org\original_9_5.png,9,5,genuine,1,PNG,L,630,307,2.0521,104297,1c0ed6fc00f1ba627f03f0867834c30b58e91d68c1c8a27c5593ae73538f4e44
original_9_6.png,raw\signatures\full_org\original_9_6.png,9,6,genuine,1,PNG,L,642,313,2.0511,106752,de2a204f39751806fff92695c7eb99a2392bc5db8eee76d940f95e67fe10e84e
original_9_7.png,raw\signatures\full_org\original_9_7.png,9,7,genuine,1,PNG,L,642,325,1.9754,110826,8df4fa3f694bbca4760f284653973a1f7efe14ddad53ccb1ff71cc9e17082782
original_9_8.png,raw\signatures\full_org\original_9_8.png,9,8,genuine,1,PNG,L,642,313,2.0511,106884,3d1b2b38ed5cdc99cf4450787d0857cf602952604d1d415abb506d1f7820a741
original_9_9.png,raw\signatures\full_org\original_9_9.png,9,9,genuine,1,PNG,L,648,312,2.0769,107977,34b72b1f82439248ebbf51d027cbefbb529ba75f51482b28152580a1ef7ac664
forgeries_10_1.png,raw\signatures\full_forg\forgeries_10_1.png,10,1,forged,0,PNG,P,618,360,1.7167,53878,538fa7d29419b9f878319f52ad4e079573668a75043c17c3a222907be5533b59
forgeries_10_10.png,raw\signatures\full_forg\forgeries_10_10.png,10,10,forged,0,PNG,P,606,288,2.1042,43281,ba4feab9d4570041a45a61aa15c56992eedfa31953ebf44b08e3a15efc9c8ce9
forgeries_10_11.png,raw\signatures\full_forg\forgeries_10_11.png,10,11,forged,0,PNG,P,588,258,2.2791,34077,0daffbcb6a2b4e079264d9801ee92e7c34cbdbf34ae55b4cdfcdad6987626aa4
forgeries_10_12.png,raw\signatures\full_forg\forgeries_10_12.png,10,12,forged,0,PNG,P,594,354,1.678,49881,d8a4479c2be73863c1d4d502873283b5405df392fd121a4a29b263e4b0479b8e
forgeries_10_13.png,raw\signatures\full_forg\forgeries_10_13.png,10,13,forged,0,PNG,P,584,318,1.8365,57778,bd75c35756b24d6809fe306ba1fea7927eda93413a4ee059bf41a32ce237e745
forgeries_10_14.png,raw\signatures\full_forg\forgeries_10_14.png,10,14,forged,0,PNG,P,591,361,1.6371,47276,4f1b9952e71c9602a1673eb402062476f70d38584b220333952cd1099411eec9
forgeries_10_15.png,raw\signatures\full_forg\forgeries_10_15.png,10,15,forged,0,PNG,P,563,263,2.1407,51266,dff81dcd08919a40b42f6f4f60d8e7223a005ed796361744e1041ebbe3c9fd03
forgeries_10_16.png,raw\signatures\full_forg\forgeries_10_16.png,10,16,forged,0,PNG,P,616,301,2.0465,54525,5b2fc288da5ddc887916b35d2554ba2f2fce80204c38d7b364d20dffd62aa931
forgeries_10_17.png,raw\signatures\full_forg\forgeries_10_17.png,10,17,forged,0,PNG,P,620,329,1.8845,48016,90335d755bafb5047cfc590269d7d41db0b7262bd0da2fcd4dd0d3a13e7ec189
forgeries_10_18.png,raw\signatures\full_forg\forgeries_10_18.png,10,18,forged,0,PNG,P,529,312,1.6955,56654,1b5eca3d122ff49ccb5cb809045c48cfe44fb7acade2ca7bd99c9b44951dc93a
forgeries_10_19.png,raw\signatures\full_forg\forgeries_10_19.png,10,19,forged,0,PNG,P,545,337,1.6172,57936,315e0debe333246f3a46a79ea8f2e9ef7e723b97c063e214a44fa0eed12267b2
forgeries_10_2.png,raw\signatures\full_forg\forgeries_10_2.png,10,2,forged,0,PNG,P,540,348,1.5517,36877,6ef753d28b67772975d0859f77d515cdfd30a95640eee5459e3022cf001570ff
forgeries_10_20.png,raw\signatures\full_forg\forgeries_10_20.png,10,20,forged,0,PNG,P,587,360,1.6306,46795,3450b355ea6f8e7be5329b7115edb7e01bfc092dca70d6b783c717a475f6abf0
forgeries_10_21.png,raw\signatures\full_forg\forgeries_10_21.png,10,21,forged,0,PNG,P,622,332,1.8735,63697,8bc4421374fdafae71137cc59b1992cdb3811b496552e81753b8d33a999ce8f0
forgeries_10_22.png,raw\signatures\full_forg\forgeries_10_22.png,10,22,forged,0,PNG,P,569,392,1.4515,61760,c0926b0286f2567af426f2541fce2acd788d130df6d7116d187b97c93599daae
forgeries_10_23.png,raw\signatures\full_forg\forgeries_10_23.png,10,23,forged,0,PNG,P,510,309,1.6505,36207,a5564271e2c8069c972ab6128093d0323ccc0a92dc8287b49d516cb6f5eae9ac
forgeries_10_24.png,raw\signatures\full_forg\forgeries_10_24.png,10,24,forged,0,PNG,P,632,360,1.7556,75798,33b53a1029e99dd08330d027db2d499602447bc5bc8070f4956a21a5a39c76f4
forgeries_10_3.png,raw\signatures\full_forg\forgeries_10_3.png,10,3,forged,0,PNG,P,660,396,1.6667,53049,d67efa2052e8a8df9b8a934a57cf03638bff075f7cde6d57e4dece7f419fda69
forgeries_10_4.png,raw\signatures\full_forg\forgeries_10_4.png,10,4,forged,0,PNG,P,636,372,1.7097,54668,f38b63b00f3426f410a7cf65ab50f57877a941a87a2c1367f39b216a0e5b4ac9
forgeries_10_5.png,raw\signatures\full_forg\forgeries_10_5.png,10,5,forged,0,PNG,P,594,372,1.5968,46753,f151ec419498ac7c9cb31f0ee1e2d939a59b1795f28077c3dbb1c456df57d514
forgeries_10_6.png,raw\signatures\full_forg\forgeries_10_6.png,10,6,forged,0,PNG,P,630,378,1.6667,49307,191042ba6ad4ae4177b7bf867ab8ef27dc7098b48c3e1fcc197c777da0432191
forgeries_10_7.png,raw\signatures\full_forg\forgeries_10_7.png,10,7,forged,0,PNG,P,612,336,1.8214,46521,dd07c60752ab43e312e6a649d883474b44730a8a08ae472c09d72e1a0679bad1
forgeries_10_8.png,raw\signatures\full_forg\forgeries_10_8.png,10,8,forged,0,PNG,P,570,324,1.7593,36904,d731f21fc4c1ac54a22dfdb60e3a7adbb109209527563d8b2095853cb1b87b28
forgeries_10_9.png,raw\signatures\full_forg\forgeries_10_9.png,10,9,forged,0,PNG,P,600,336,1.7857,43872,3767bc5109508024f56f1a71419f76ba8852d0e5b8733524434c1e8d7d08deae
forgeries_11_1.png,raw\signatures\full_forg\forgeries_11_1.png,11,1,forged,0,PNG,P,626,238,2.6303,41627,a4d3f0afaf14f6d331dfe43cadb2905feb306586cdf98d677986350be6dd1b75
forgeries_11_10.png,raw\signatures\full_forg\forgeries_11_10.png,11,10,forged,0,PNG,P,605,277,2.1841,48111,8857ff5a21229a72fe5b7737f164e70a0b59d3e38db7fab3d17a544bb3cb8ce6
forgeries_11_11.png,raw\signatures\full_forg\forgeries_11_11.png,11,11,forged,0,PNG,P,670,264,2.5379,37049,1f181a396a90058a62014a1bb331d7d177dd5749b232ba26a16514afddc35606
forgeries_11_12.png,raw\signatures\full_forg\forgeries_11_12.png,11,12,forged,0,PNG,P,657,220,2.9864,37236,2382a1194c4db3439a6691eac92f6b8e1652a6c869f0ad8960b15ca38376caad
forgeries_11_13.png,raw\signatures\full_forg\forgeries_11_13.png,11,13,forged,0,PNG,P,628,217,2.894,52283,34d4b07c2e03b07f555122f83c271b55a5864619e6a3c50d65ed0df9ad94223f
forgeries_11_14.png,raw\signatures\full_forg\forgeries_11_14.png,11,14,forged,0,PNG,P,657,242,2.7149,49456,6d056b8c46ceb23607c9e41b137a2e0f2754254085413f3d24a89613c3109012
forgeries_11_15.png,raw\signatures\full_forg\forgeries_11_15.png,11,15,forged,0,PNG,P,643,198,3.2475,51705,d78801945a292215965210c40cdf407caf95e26211d60a27c6732caee939de91
forgeries_11_16.png,raw\signatures\full_forg\forgeries_11_16.png,11,16,forged,0,PNG,P,617,247,2.498,52034,4861778a96e448bcd9f20b67dc2eed1287b5235d57f3efdc3d1042eb6a3e18e8
forgeries_11_17.png,raw\signatures\full_forg\forgeries_11_17.png,11,17,forged,0,PNG,P,639,210,3.0429,43858,1d00bb48dea570339efd8f6316d80931faa4448f801d573ca5e74ddcfcd68dbc
forgeries_11_18.png,raw\signatures\full_forg\forgeries_11_18.png,11,18,forged,0,PNG,P,649,210,3.0905,49887,a297a4281efd84314f08dc81151723256aff8683c501bc30e03389e06d2ea109
forgeries_11_19.png,raw\signatures\full_forg\forgeries_11_19.png,11,19,forged,0,PNG,P,632,214,2.9533,45986,62f4f4e3ccbf6381e10d549383ae0918ace64d2c51996b86abc139e65b0a9168
forgeries_11_2.png,raw\signatures\full_forg\forgeries_11_2.png,11,2,forged,0,PNG,P,643,263,2.4449,37240,f7b56d8b5f8904f6be6c71562e00b220b91a114cfab8a7a927df6cbbae010dfc
forgeries_11_20.png,raw\signatures\full_forg\forgeries_11_20.png,11,20,forged,0,PNG,P,645,252,2.5595,46724,7e43fe330d7c9fa1841d6306404f621f7047be45e6bb81c17be0f69deda224bd
forgeries_11_21.png,raw\signatures\full_forg\forgeries_11_21.png,11,21,forged,0,PNG,P,629,249,2.5261,54342,49925b741285997ec9fc15ab9709df9a7767930e30de79b804cc55a8fd547419
forgeries_11_22.png,raw\signatures\full_forg\forgeries_11_22.png,11,22,forged,0,PNG,P,573,199,2.8794,39016,8adb5940ec5b1cdc9d7bb6ff367102e82992172805f269330a7b54c8560c7efe
forgeries_11_23.png,raw\signatures\full_forg\forgeries_11_23.png,11,23,forged,0,PNG,P,647,290,2.231,49741,fc0aaf76855fa5a809f01a52b4057f9a1b2af56f450aa0048952414c5f4c345c
forgeries_11_24.png,raw\signatures\full_forg\forgeries_11_24.png,11,24,forged,0,PNG,P,649,300,2.1633,65500,296a6a3963839772af45ba5868ac8b266577ca3efe6cf479ac01987383151f64
forgeries_11_3.png,raw\signatures\full_forg\forgeries_11_3.png,11,3,forged,0,PNG,P,648,266,2.4361,49076,0a9af0964194335924f35275bd87de43634e33177a5b547d9208f9c6e8732aac
forgeries_11_4.png,raw\signatures\full_forg\forgeries_11_4.png,11,4,forged,0,PNG,P,660,241,2.7386,43131,df38214b21c41b09cf606716745e307cdacea0831979da9494934d2bdb126d70
forgeries_11_5.png,raw\signatures\full_forg\forgeries_11_5.png,11,5,forged,0,PNG,P,640,243,2.6337,35607,ca901dfd9f9b608a1b06c2e721ba50691b11bac7cff42c9bdefbd8ec204ee7f8
forgeries_11_6.png,raw\signatures\full_forg\forgeries_11_6.png,11,6,forged,0,PNG,P,638,252,2.5317,38240,7c6300c6f732178694763f07394df31e5305bc7abd23482619f2516e5e8c08ce
forgeries_11_7.png,raw\signatures\full_forg\forgeries_11_7.png,11,7,forged,0,PNG,P,654,366,1.7869,57244,8f0160a3c3fc92f53affe240b8adc6e90ac6928d670d6fbe9b1eadc5e67d8828
forgeries_11_8.png,raw\signatures\full_forg\forgeries_11_8.png,11,8,forged,0,PNG,P,664,256,2.5938,39320,c02c2666b640d0aa9825ada78a16466fd8254af532ca52d8f9ad0c056b820fae
forgeries_11_9.png,raw\signatures\full_forg\forgeries_11_9.png,11,9,forged,0,PNG,P,641,301,2.1296,48951,5abca99d56d5b11d37b8577e5a87bfa351cbf3147bc9a57a9c96ceb6f455619b
forgeries_12_1.png,raw\signatures\full_forg\forgeries_12_1.png,12,1,forged,0,PNG,P,632,292,2.1644,89173,0a6ebfb007cb978eb67e1dc78be42292d6f113b58f94a0ffe84935b0f3fe398d
forgeries_12_10.png,raw\signatures\full_forg\forgeries_12_10.png,12,10,forged,0,PNG,P,651,406,1.6034,111220,7b3811e9561f5b2bfe618c9cbdc64303ce4cb5cca3cad8eed479273817b9f3b9
forgeries_12_11.png,raw\signatures\full_forg\forgeries_12_11.png,12,11,forged,0,PNG,P,631,384,1.6432,78402,cd880e2beb33b2e2d79004fe4aec27fdcc18e3906aa966b594c3e3be0774dc3b
forgeries_12_12.png,raw\signatures\full_forg\forgeries_12_12.png,12,12,forged,0,PNG,P,654,408,1.6029,112710,bfaaaf0e0609bd9db23e5f55971fad6224a90cf6dea085c4424c564af1d8054b
forgeries_12_13.png,raw\signatures\full_forg\forgeries_12_13.png,12,13,forged,0,PNG,P,636,402,1.5821,105833,bfc8c70f683922cbe77bd6d3a8edbdd953af085663534c2c9133b8af8469e6cf
forgeries_12_14.png,raw\signatures\full_forg\forgeries_12_14.png,12,14,forged,0,PNG,P,654,396,1.6515,90718,4e56b47197800e236fa179bdd75127c2d4e60a5cb85dc23ea72369d30a515d39
forgeries_12_15.png,raw\signatures\full_forg\forgeries_12_15.png,12,15,forged,0,PNG,P,654,372,1.7581,107876,f85f130ff789ca8f91ecb0f1d595ddbd797d463d42aff60c5d0538d46f9c5cc4
forgeries_12_16.png,raw\signatures\full_forg\forgeries_12_16.png,12,16,forged,0,PNG,P,642,318,2.0189,91364,5a1cd9081b4a0bfe7497ac2cc66c1440246995f18b23110b53378e7282d12335
forgeries_12_17.png,raw\signatures\full_forg\forgeries_12_17.png,12,17,forged,0,PNG,P,636,354,1.7966,88831,124908581cf5e059daf192e57e2f66ce56f44ae5e1e8308667555ffc72b47626
forgeries_12_18.png,raw\signatures\full_forg\forgeries_12_18.png,12,18,forged,0,PNG,P,636,300,2.12,90539,82f955e271c4463f65913e23640a941595a6ecf17ddb2fe191070d9a3ec3714c
forgeries_12_19.png,raw\signatures\full_forg\forgeries_12_19.png,12,19,forged,0,PNG,P,624,372,1.6774,98994,b6dd36ab6e7e46b456fc97dbb2f838406ca2f18c9bb998ad68651af5e9c7fd3a
forgeries_12_2.png,raw\signatures\full_forg\forgeries_12_2.png,12,2,forged,0,PNG,P,632,342,1.848,80397,e72f35b4ed2054612e7c28acdad393352f9a0f0a717d98a9aa1454ba15ba7f1d
forgeries_12_20.png,raw\signatures\full_forg\forgeries_12_20.png,12,20,forged,0,PNG,P,654,282,2.3191,71429,27df66bcc4354a8e0de778ff53ac68d3bbbfa7955d4cf00e831b720cedfa240e
forgeries_12_21.png,raw\signatures\full_forg\forgeries_12_21.png,12,21,forged,0,PNG,P,612,360,1.7,91952,842b378d5df82550f9ad9b1b665457336f8e45f59a0d622fd566aaab7818a915
forgeries_12_22.png,raw\signatures\full_forg\forgeries_12_22.png,12,22,forged,0,PNG,P,612,402,1.5224,98589,c4c9a64c90efbd657824fc11fc6c57bb4cb49023bcb3b09eb1aadcbefdde9a83
forgeries_12_23.png,raw\signatures\full_forg\forgeries_12_23.png,12,23,forged,0,PNG,P,630,402,1.5672,86836,5c09cf22b2508973ccbf876faf99975bce2e8253a7abfe0be10cc758e2f9f762
forgeries_12_24.png,raw\signatures\full_forg\forgeries_12_24.png,12,24,forged,0,PNG,P,618,318,1.9434,96965,fadeda5ca075114f69a37a7a932a69b180c99d46e5a0f4a6e32632ed12ca1ceb
forgeries_12_3.png,raw\signatures\full_forg\forgeries_12_3.png,12,3,forged,0,PNG,P,604,280,2.1571,77194,e98317a2acf26e3fa60d4c5646d3a939feef37f7ecf38aa0a076fc58f0f6e4d5
forgeries_12_4.png,raw\signatures\full_forg\forgeries_12_4.png,12,4,forged,0,PNG,P,636,329,1.9331,98007,af7ca9950b07b9e77162bb38b8213358c17e471de5d4b3ac12a572843ed091c0
forgeries_12_5.png,raw\signatures\full_forg\forgeries_12_5.png,12,5,forged,0,PNG,P,631,324,1.9475,74068,ffb5e1985594659d758b94fa586baf39909f2ff3d085b72fa2adba430b37575c
forgeries_12_6.png,raw\signatures\full_forg\forgeries_12_6.png,12,6,forged,0,PNG,P,654,353,1.8527,105047,514bab47447bed1005d06f12677fcbd04ff5c334255a7a6bef7b42f6379b6472
forgeries_12_7.png,raw\signatures\full_forg\forgeries_12_7.png,12,7,forged,0,PNG,P,584,409,1.4279,103895,402af329d9f3f7caeb66f46a95906c96eb95dbc72db3d85bcf0aadd1bd5246d5
forgeries_12_8.png,raw\signatures\full_forg\forgeries_12_8.png,12,8,forged,0,PNG,P,650,406,1.601,81608,b530db71ba3f94c7c79aa2ef0236824a6a405e93f35e12e042c83ed5ab72f789
forgeries_12_9.png,raw\signatures\full_forg\forgeries_12_9.png,12,9,forged,0,PNG,P,561,376,1.492,89578,615bbd0610671a4633d8af4f06becd2c50024b0c899de288606654617b4e8653
forgeries_13_1.png,raw\signatures\full_forg\forgeries_13_1.png,13,1,forged,0,PNG,P,650,218,2.9817,72357,5138f4fbec79b5d6a5c43d8c0e7e6ab87c11857e0dc65d01c532cc989f57bc01
forgeries_13_10.png,raw\signatures\full_forg\forgeries_13_10.png,13,10,forged,0,PNG,P,648,330,1.9636,96188,ac8460a0ed1355edf4ce529833645f50c2e18a53b60b8b3037828423472f4b4a
forgeries_13_11.png,raw\signatures\full_forg\forgeries_13_11.png,13,11,forged,0,PNG,P,666,318,2.0943,80519,c9004c0b24564854ff22c57e7433d024c41b72de8c25fe3e7b41a4228e7fbec2
forgeries_13_12.png,raw\signatures\full_forg\forgeries_13_12.png,13,12,forged,0,PNG,P,646,193,3.3472,67107,6093d026b1d7f4c0f97294ff3f5fda4293264b04a89dcc2d99f41fb94ce45e9b
forgeries_13_13.png,raw\signatures\full_forg\forgeries_13_13.png,13,13,forged,0,PNG,P,654,276,2.3696,86022,56e12911a0e46b1d84f5db0f622139d19b7a4fd7e0841c7b16ee81370f8fcd70
forgeries_13_14.png,raw\signatures\full_forg\forgeries_13_14.png,13,14,forged,0,PNG,P,660,270,2.4444,74485,d3722cbb2d2b8a927e1e3bb41f1bd6cb5ac4bbc24914f6befdb3d85c78fbda3f
forgeries_13_15.png,raw\signatures\full_forg\forgeries_13_15.png,13,15,forged,0,PNG,P,648,258,2.5116,79857,590e141aecf44e829607f07164e7fb0238a8cdcf9f9764d4afddf3962691145d
forgeries_13_16.png,raw\signatures\full_forg\forgeries_13_16.png,13,16,forged,0,PNG,P,642,264,2.4318,81410,42df927239b7118841f795423299333787ed66488b7e4c07e77c2655f49aade8
forgeries_13_17.png,raw\signatures\full_forg\forgeries_13_17.png,13,17,forged,0,PNG,P,684,270,2.5333,76629,84b2b837ddec0a6b91f71581f229bd89f9ebe472a2564244bb7b27341bbec76b
forgeries_13_18.png,raw\signatures\full_forg\forgeries_13_18.png,13,18,forged,0,PNG,P,654,294,2.2245,87162,b39bda6c8fd2eca70c3aa0a0c01130700c141ac0549e5a0dcaec1d87448b9d8c
forgeries_13_19.png,raw\signatures\full_forg\forgeries_13_19.png,13,19,forged,0,PNG,P,648,252,2.5714,76662,531b91132527ae9317193596e1c168e4965c34f806196196edf1b80388a94018
forgeries_13_2.png,raw\signatures\full_forg\forgeries_13_2.png,13,2,forged,0,PNG,P,654,232,2.819,67493,dee9cdb652b1a884d6587426a63508aa6c7260be20f3585dac36125766dc3be4
forgeries_13_20.png,raw\signatures\full_forg\forgeries_13_20.png,13,20,forged,0,PNG,P,660,252,2.619,71926,e1121c2aa08d67d97c82d4630c1d215e094c1f501cd93688dcfd9e5fd1fe6fc8
forgeries_13_21.png,raw\signatures\full_forg\forgeries_13_21.png,13,21,forged,0,PNG,P,642,288,2.2292,87684,a95d7788bbfa2061209ae6115093eb33bf4d57655a4e630be0912fe2783787f9
forgeries_13_22.png,raw\signatures\full_forg\forgeries_13_22.png,13,22,forged,0,PNG,P,648,270,2.4,83489,cac69715d16c20d476767f721711135427039c99db402ffff8d7a2013fc22a6f
forgeries_13_23.png,raw\signatures\full_forg\forgeries_13_23.png,13,23,forged,0,PNG,P,666,276,2.413,75491,53e753738a9308a7295fdcb8175f781726a29413fc89a853d4d8768dd85623bc
forgeries_13_24.png,raw\signatures\full_forg\forgeries_13_24.png,13,24,forged,0,PNG,P,642,240,2.675,79144,05106468d987344f33a536914cd285098bdc87ffb211021b017e8c6abd5a4af8
forgeries_13_3.png,raw\signatures\full_forg\forgeries_13_3.png,13,3,forged,0,PNG,P,646,199,3.2462,71669,3d09f68bf665d2639d46042fbf6f7c4e2ef80b73ecf6a2e7327d1f16c901302c
forgeries_13_4.png,raw\signatures\full_forg\forgeries_13_4.png,13,4,forged,0,PNG,P,640,263,2.4335,82439,7769b49e89aaedb29a2319f70e790a199cf30c278d32ad07e78951b07babe41d
forgeries_13_5.png,raw\signatures\full_forg\forgeries_13_5.png,13,5,forged,0,PNG,P,650,244,2.6639,69981,11d5c44b5eaaf7eb02436f17f92de17cf03994d9aaa897fa041b3b667c8d901f
forgeries_13_6.png,raw\signatures\full_forg\forgeries_13_6.png,13,6,forged,0,PNG,P,653,249,2.6225,82168,c41a36fc03516de1301a4071a397b0d8f1f5aaacf70ee9f0edc2517809299ee3
forgeries_13_7.png,raw\signatures\full_forg\forgeries_13_7.png,13,7,forged,0,PNG,P,651,227,2.8678,77508,7deb0239fede7571fdd697a2aa4f224a7ebd7a618bd36320fff60609c5fe5a10
forgeries_13_8.png,raw\signatures\full_forg\forgeries_13_8.png,13,8,forged,0,PNG,P,617,254,2.4291,67731,b389e22b0a32455f6c4d4c2774bfb804add19243e6b63a0f351df596636b2c1b
forgeries_13_9.png,raw\signatures\full_forg\forgeries_13_9.png,13,9,forged,0,PNG,P,598,252,2.373,76158,b9534befd50b10c42b536a84e7ff204158d086c2d0e1481fc8535189402bd0d7
forgeries_14_1.png,raw\signatures\full_forg\forgeries_14_1.png,14,1,forged,0,PNG,P,654,396,1.6515,116748,90b2dd8bf558e00c71fa948ef7be4bbb0404ae28180fd35c1fa36dbb268a1092
forgeries_14_10.png,raw\signatures\full_forg\forgeries_14_10.png,14,10,forged,0,PNG,P,534,318,1.6792,75648,178534d033be5d4ab5f0ec984f89986633bbf3768d5c59fddc341bd855e77116
forgeries_14_11.png,raw\signatures\full_forg\forgeries_14_11.png,14,11,forged,0,PNG,P,555,300,1.85,59659,7ba64261e945d6bd27a6b8d91eb5e425822299a150952e79de2add55cdc2e33d
forgeries_14_12.png,raw\signatures\full_forg\forgeries_14_12.png,14,12,forged,0,PNG,P,636,432,1.4722,127119,fc7f9303e8da96700fb3ae495dbaeebc16fa4d0a50d83e426a975934d22c621e
forgeries_14_13.png,raw\signatures\full_forg\forgeries_14_13.png,14,13,forged,0,PNG,P,660,372,1.7742,118246,c0228859c8ab921a230ee49a3f194b7f427511a2d7dbe8b27f0e243efb56e81f
forgeries_14_14.png,raw\signatures\full_forg\forgeries_14_14.png,14,14,forged,0,PNG,P,648,396,1.6364,106871,bc44d162b9d6910da0965079d55b1759f96f4beb5f9b98e2e9638792fe2c6a9e
forgeries_14_15.png,raw\signatures\full_forg\forgeries_14_15.png,14,15,forged,0,PNG,P,660,414,1.5942,129619,d9a5c7fa2a63f36359652fbad8237295797ef72d49715469c891e8861a3b9cdc
forgeries_14_16.png,raw\signatures\full_forg\forgeries_14_16.png,14,16,forged,0,PNG,P,642,420,1.5286,128584,e4edb2997504f5cfff539606a0bccad38e70bbb3fe0c9220a9a8676d33cb82a3
forgeries_14_17.png,raw\signatures\full_forg\forgeries_14_17.png,14,17,forged,0,PNG,P,630,444,1.4189,121060,c542f535006c45ba294a2e8e3586212b850b5efe088dc13b04f0178f3155fcd7
forgeries_14_18.png,raw\signatures\full_forg\forgeries_14_18.png,14,18,forged,0,PNG,P,642,384,1.6719,118498,71f9d7026725bf4c8e8e1dc0e3b295a25b219d23ae9349b80693b3117fdec306
forgeries_14_19.png,raw\signatures\full_forg\forgeries_14_19.png,14,19,forged,0,PNG,P,642,396,1.6212,126110,9617b37ac624e731dd54c8a2c96a9770b983f63210591b2fda0ca738976418ac
forgeries_14_2.png,raw\signatures\full_forg\forgeries_14_2.png,14,2,forged,0,PNG,P,630,438,1.4384,91827,81b7ffc1e57a02da474f7b6c1fd665774ff60d07f04c48aad79e8baa80c979bc
forgeries_14_20.png,raw\signatures\full_forg\forgeries_14_20.png,14,20,forged,0,PNG,P,648,390,1.6615,112294,10cbb3b58b5c2b0bc751607465f1ddfbbbd978e3c034ba2a535e00fab9de73bd
forgeries_14_21.png,raw\signatures\full_forg\forgeries_14_21.png,14,21,forged,0,PNG,P,654,492,1.3293,152423,a41aa9f04efe38d6fe2caadc463ac489b71435151c00e84b858eb941a9ca66a6
forgeries_14_22.png,raw\signatures\full_forg\forgeries_14_22.png,14,22,forged,0,PNG,P,618,420,1.4714,131236,6716f22bedf779a3d4ee6b4ceb32fb02ed8f036d6c1b5d479f8de5f99168c587
forgeries_14_23.png,raw\signatures\full_forg\forgeries_14_23.png,14,23,forged,0,PNG,P,636,426,1.493,120288,61b6533a6407fd501d0fad6bae51d30021925b5d2eceb0f25a1fa57c95238d94
forgeries_14_24.png,raw\signatures\full_forg\forgeries_14_24.png,14,24,forged,0,PNG,P,666,372,1.7903,116953,c7486887eaa0c1ee1a1b65a4a9ddb52339c4100d7c01cd01f2644c4bbc17e33d
forgeries_14_3.png,raw\signatures\full_forg\forgeries_14_3.png,14,3,forged,0,PNG,P,636,396,1.6061,110138,628806a0e1524fc7b05c8acf562df7feb241e88822261f48bc7bfa267fcc97b5
forgeries_14_4.png,raw\signatures\full_forg\forgeries_14_4.png,14,4,forged,0,PNG,P,624,360,1.7333,97583,006e905491434b14a9f0b33b8a2bbc69509cccf9c25b709663cdcda1fb2b7d75
forgeries_14_5.png,raw\signatures\full_forg\forgeries_14_5.png,14,5,forged,0,PNG,P,564,396,1.4242,74072,a5e1d8c89cfb34e4c767e44549151d44ab5af136f4d2f8f6e4d65880598e47e2
forgeries_14_6.png,raw\signatures\full_forg\forgeries_14_6.png,14,6,forged,0,PNG,P,576,414,1.3913,100703,df0256ea015f06e76dfc08cde899bb7007f301856bdb918c7e3daf4fe0bcc017
forgeries_14_7.png,raw\signatures\full_forg\forgeries_14_7.png,14,7,forged,0,PNG,P,636,456,1.3947,122372,213887793dd9edbee7aa550b372172ee6e7869e167ce32b70759ad1d6055394d
forgeries_14_8.png,raw\signatures\full_forg\forgeries_14_8.png,14,8,forged,0,PNG,P,648,456,1.4211,94172,00d020410402ac6ab7fcb44dbd0642615cb5a942b25b643eaa9492c3d66f4d35
forgeries_14_9.png,raw\signatures\full_forg\forgeries_14_9.png,14,9,forged,0,PNG,P,570,402,1.4179,101399,885903bdebb6b40f403be1d6a501c98cd0d76ba1836f4981c2e8c6f0df2c2e27
forgeries_15_1.png,raw\signatures\full_forg\forgeries_15_1.png,15,1,forged,0,PNG,P,588,240,2.45,70610,ae741118e72480b9f0f688ffdebb4e410a86cf948d6d45f7306bfd22244a5954
forgeries_15_10.png,raw\signatures\full_forg\forgeries_15_10.png,15,10,forged,0,PNG,P,630,246,2.561,80091,9abaa23c24390ef5bed10c3289e15aa19c37b334925c99f404f770873f73bb86
forgeries_15_11.png,raw\signatures\full_forg\forgeries_15_11.png,15,11,forged,0,PNG,P,552,252,2.1905,62585,c13effcf17d03d1203324df9324bcb8a0e9c9235305a01f780ff23dec9485c84
forgeries_15_12.png,raw\signatures\full_forg\forgeries_15_12.png,15,12,forged,0,PNG,P,600,312,1.9231,89285,ac77af296fe5cca2808bd7fc4a6e1162c8770bccb03825f78587164230f9f081
forgeries_15_13.png,raw\signatures\full_forg\forgeries_15_13.png,15,13,forged,0,PNG,P,642,276,2.3261,80809,8d2e19028c3195472fbaa169312aee894041a7db3b1324ffae5fbc08e901a914
forgeries_15_14.png,raw\signatures\full_forg\forgeries_15_14.png,15,14,forged,0,PNG,P,594,264,2.25,64172,d7813ea3cf508452cbb41d3513d86e88efcc4a3b89bf5f37e8c37489752d0ebc
forgeries_15_15.png,raw\signatures\full_forg\forgeries_15_15.png,15,15,forged,0,PNG,P,624,216,2.8889,69266,c75b30ace3da707f50b8a514917c15b5603b88d1b3b7419fab0987e1bc22cb78
forgeries_15_16.png,raw\signatures\full_forg\forgeries_15_16.png,15,16,forged,0,PNG,P,588,246,2.3902,69256,924926de75aaf4c47380de12f706baf6961a7e1e0001e06e4161b4c63c74e2c6
forgeries_15_17.png,raw\signatures\full_forg\forgeries_15_17.png,15,17,forged,0,PNG,P,642,252,2.5476,68075,39f31f6c975dd850ef7d214b21c65dacf86d7fe4383bbcf216a1a92abc50aa68
forgeries_15_18.png,raw\signatures\full_forg\forgeries_15_18.png,15,18,forged,0,PNG,P,630,264,2.3864,81474,ffe3ce7a709d2fd842fcf0ae9fa03ce868d79fb7bd276e722264cbd56ed1b564
forgeries_15_19.png,raw\signatures\full_forg\forgeries_15_19.png,15,19,forged,0,PNG,P,564,264,2.1364,73068,8fbbab34fc5cfe58ed12b2de55126472d8cbfab9da57554882803eba7af4226b
forgeries_15_2.png,raw\signatures\full_forg\forgeries_15_2.png,15,2,forged,0,PNG,P,618,282,2.1915,74929,a54ce78573379a14625efd75ec73c45f645449da2948275ee224b84b891fa8fe
forgeries_15_20.png,raw\signatures\full_forg\forgeries_15_20.png,15,20,forged,0,PNG,P,624,300,2.08,74479,039b372664814cede1f9fce8414e96c793b887912726e945651f358cfb9d3c26
forgeries_15_21.png,raw\signatures\full_forg\forgeries_15_21.png,15,21,forged,0,PNG,P,588,270,2.1778,76659,0102bb04d16470187a74533d4d4dba0018111f0e48c49d53bdf6580e55e8d868
forgeries_15_22.png,raw\signatures\full_forg\forgeries_15_22.png,15,22,forged,0,PNG,P,588,282,2.0851,76938,dbfd24b4c15fd7b7149f70b87d56d81ed07c9b2e07463ff01e9a1ca8b98eaa43
forgeries_15_23.png,raw\signatures\full_forg\forgeries_15_23.png,15,23,forged,0,PNG,P,642,276,2.3261,72732,c7abbe8897a03554ab1801e6d5f3eee9e137559e38654a9328f409d158d34316
forgeries_15_24.png,raw\signatures\full_forg\forgeries_15_24.png,15,24,forged,0,PNG,P,630,246,2.561,73485,50897884a2fb491e04027487fa1a6a575e53b1ac1e54f624d0f8ddd72dff114f
forgeries_15_3.png,raw\signatures\full_forg\forgeries_15_3.png,15,3,forged,0,PNG,P,576,282,2.0426,81042,6bb9a62b1546380c1eb3b36c40e4c25ac485d0e48b9e4819cf0b52685ff4137e
forgeries_15_4.png,raw\signatures\full_forg\forgeries_15_4.png,15,4,forged,0,PNG,P,606,216,2.8056,69573,adedc80ea6df6120451cfbfefe2fd515ea3da8a32c91286ff9c05215b1205b27
forgeries_15_5.png,raw\signatures\full_forg\forgeries_15_5.png,15,5,forged,0,PNG,P,594,204,2.9118,56353,abe6245d1f4e468f1e688952a0f04af0b18ea253216338ce0b52702d9134a437
forgeries_15_6.png,raw\signatures\full_forg\forgeries_15_6.png,15,6,forged,0,PNG,P,606,252,2.4048,76437,4c38f80963358db9a4fe673ea6a32027d6a9a6730309ddc1ed43526f9a985860
forgeries_15_7.png,raw\signatures\full_forg\forgeries_15_7.png,15,7,forged,0,PNG,P,660,234,2.8205,80283,9a8be3a2f73ba7c88697ebf5c2ed9319cc5b44d18bc4ae94e678174350b40071
forgeries_15_8.png,raw\signatures\full_forg\forgeries_15_8.png,15,8,forged,0,PNG,P,648,246,2.6341,69750,782f866d16176f94dbadb9b8876f356d1dc266c1df696d338c9981af3b072f1e
forgeries_15_9.png,raw\signatures\full_forg\forgeries_15_9.png,15,9,forged,0,PNG,P,612,288,2.125,88453,06fbc93c116468fa22bf531246e3fef3089c7fbcc8867c71172181bd186da734
forgeries_16_1.png,raw\signatures\full_forg\forgeries_16_1.png,16,1,forged,0,PNG,P,630,156,4.0385,55690,c6b7af4baaa4edc42fd3978ed4288f6df3a5e433b31f601ae3a1388bd618faf1
forgeries_16_10.png,raw\signatures\full_forg\forgeries_16_10.png,16,10,forged,0,PNG,P,617,196,3.148,70920,17a9cc163103b188b23c57d8a9333f949145a08bab43087598c7b7366b2a4310
forgeries_16_11.png,raw\signatures\full_forg\forgeries_16_11.png,16,11,forged,0,PNG,P,672,210,3.2,67326,0d9ef14bfc1dfaddf4bf6a2aac60dac7c09129122856efbe38724871b44bba53
forgeries_16_12.png,raw\signatures\full_forg\forgeries_16_12.png,16,12,forged,0,PNG,P,660,216,3.0556,77483,630be4a9212df0a9f8d065f40daf8db8b89b5ae6fd9515c816ee69379f8bf32b
forgeries_16_13.png,raw\signatures\full_forg\forgeries_16_13.png,16,13,forged,0,PNG,P,636,246,2.5854,89000,8122d1d8aacb36c5db67b8afed5fdc2560676fd589f7994f4f9bb61e8a392406
forgeries_16_14.png,raw\signatures\full_forg\forgeries_16_14.png,16,14,forged,0,PNG,P,660,216,3.0556,76765,101442f039ecbf3004da7e64346d10a66f68662134bafdda996c9061519b49fd
forgeries_16_15.png,raw\signatures\full_forg\forgeries_16_15.png,16,15,forged,0,PNG,P,672,240,2.8,92716,ba1df67c0d0fdbee0b642fba95b92aa4c3a369cf9d36cc9a6dd94c7c7a08034d
forgeries_16_16.png,raw\signatures\full_forg\forgeries_16_16.png,16,16,forged,0,PNG,P,654,240,2.725,88690,76c7b4d12e1883927d51ee816c7e647cca682f57582bb65d64ad2007cbe7b3b1
forgeries_16_17.png,raw\signatures\full_forg\forgeries_16_17.png,16,17,forged,0,PNG,P,666,216,3.0833,78638,ae29d449e45b13438049c71c94b4647c2d50d179afc3b00ff1b454b4f0d4f43e
forgeries_16_18.png,raw\signatures\full_forg\forgeries_16_18.png,16,18,forged,0,PNG,P,648,240,2.7,87484,8d5f9d0480575b88c3c94fe26de14256d627457de3318fc672db20086b805219
forgeries_16_19.png,raw\signatures\full_forg\forgeries_16_19.png,16,19,forged,0,PNG,P,660,234,2.8205,87992,019efbfe5f3aeecad8f72cb5ae9e8b41c028fa44b205a5484deb87655656e865
forgeries_16_2.png,raw\signatures\full_forg\forgeries_16_2.png,16,2,forged,0,PNG,P,672,168,4.0,58081,faa5cd8b480007c935a66267c330e1ea6a1bd451a1e4e036ff4791046064bffd
forgeries_16_20.png,raw\signatures\full_forg\forgeries_16_20.png,16,20,forged,0,PNG,P,666,240,2.775,86485,fbd0b007c20a485e05b45740ed0c113332f145c529fc6f2e437bbc5de9a48843
forgeries_16_21.png,raw\signatures\full_forg\forgeries_16_21.png,16,21,forged,0,PNG,P,666,252,2.6429,94969,12b01e7d246a68e25eafa8caf025602b6b1e38f4a66654bac12ebe7bace726e7
forgeries_16_22.png,raw\signatures\full_forg\forgeries_16_22.png,16,22,forged,0,PNG,P,648,240,2.7,89630,78ca64fe0b3b8338434cc11df7809fa4d3845b1dc0e6fcc2cd1d3c68346e3b43
forgeries_16_23.png,raw\signatures\full_forg\forgeries_16_23.png,16,23,forged,0,PNG,P,654,246,2.6585,84301,c17d8a99aeb35b7f45939e7122f0ad39ef189ed79c65d4e022dccb8ace95883b
forgeries_16_24.png,raw\signatures\full_forg\forgeries_16_24.png,16,24,forged,0,PNG,P,642,204,3.1471,76257,2199e5982d7d076e4ae3f797da70cb341c8815fcdaa6d6407b9326c4a79dd200
forgeries_16_3.png,raw\signatures\full_forg\forgeries_16_3.png,16,3,forged,0,PNG,P,666,210,3.1714,76261,88d97ed11fb972ef11a4b2a96a3d3d7ee65c07b1d76ea3550fb07de9c9fa66f0
forgeries_16_4.png,raw\signatures\full_forg\forgeries_16_4.png,16,4,forged,0,PNG,P,642,180,3.5667,63537,231fd0dfe89e2b7f400cda84da34af5a952d89e5cde6fee1a3b5b2e2d2200a31
forgeries_16_5.png,raw\signatures\full_forg\forgeries_16_5.png,16,5,forged,0,PNG,P,624,174,3.5862,57819,6d631a44480f2c0cc0ce30aef54f7435999491eebed8f1b0e2aba2c8cfbddbd9
forgeries_16_6.png,raw\signatures\full_forg\forgeries_16_6.png,16,6,forged,0,PNG,P,654,204,3.2059,70914,97bb2c59870ddcfda089cf25cd703e53a07af242d2050110a3ae2b8e8f52e905
forgeries_16_7.png,raw\signatures\full_forg\forgeries_16_7.png,16,7,forged,0,PNG,P,630,216,2.9167,76352,7ad774839ef2fed30d7a23d7619e5963c31c3ceca3d2dc2f66fc0369e40f303e
forgeries_16_8.png,raw\signatures\full_forg\forgeries_16_8.png,16,8,forged,0,PNG,P,672,234,2.8718,76997,90b9953b89bcc69eaebcb4e2c0973e91df4d857d2b3ff099db9680e37dc1650b
forgeries_16_9.png,raw\signatures\full_forg\forgeries_16_9.png,16,9,forged,0,PNG,P,612,204,3.0,73194,e48008b132acc4751e0cddac0ba50c1370d2679d17011324741275dd4bfeab90
forgeries_17_1.png,raw\signatures\full_forg\forgeries_17_1.png,17,1,forged,0,PNG,P,642,336,1.9107,132429,9310d34671b058478f8d7be07a53354f1401601b00682dabc4295a0559630283
forgeries_17_10.png,raw\signatures\full_forg\forgeries_17_10.png,17,10,forged,0,PNG,P,642,354,1.8136,137857,cf9267092655d0a53610357680588b8a49c570f42d41a57c87009d52db203131
forgeries_17_11.png,raw\signatures\full_forg\forgeries_17_11.png,17,11,forged,0,PNG,P,594,324,1.8333,106300,7a64cab2de1997251553d6be61acbedef09ba588a2fe2b354f75f854950fe9fc
forgeries_17_12.png,raw\signatures\full_forg\forgeries_17_12.png,17,12,forged,0,PNG,P,564,306,1.8431,110089,6cc3a5b4390e2bb3aea0c182f274723ee9356fb068920367b4497a064756d079
forgeries_17_13.png,raw\signatures\full_forg\forgeries_17_13.png,17,13,forged,0,PNG,P,648,330,1.9636,136340,f082172aa5819bec1b9707e7331e60d4ad491123a80aa7d45c87b69d2a1fe074
forgeries_17_14.png,raw\signatures\full_forg\forgeries_17_14.png,17,14,forged,0,PNG,P,654,324,2.0185,129013,d83728a37c01584787a710d354164b4ed38a8bc60e0a67704c9b7a881d33979f
forgeries_17_15.png,raw\signatures\full_forg\forgeries_17_15.png,17,15,forged,0,PNG,P,636,294,2.1633,121209,597b1f47fa98244553bad3e4c92e83367773524f13f8d9a3d12d1d26d8a99f8b
forgeries_17_16.png,raw\signatures\full_forg\forgeries_17_16.png,17,16,forged,0,PNG,P,594,294,2.0204,113292,6e2c913f754948c1d787af213c1d9ccd574b828869b277eb9809ff80ba1f144c
forgeries_17_17.png,raw\signatures\full_forg\forgeries_17_17.png,17,17,forged,0,PNG,P,672,348,1.931,139304,303b0a3aa4665cd139434614453d0f2fde253e344fa46402b5ec9a3d826b2a54
forgeries_17_18.png,raw\signatures\full_forg\forgeries_17_18.png,17,18,forged,0,PNG,P,666,312,2.1346,133251,80becf3184c663af1d20156f15a8572ea386e391ba181363433ec3b6e92ce1b0
forgeries_17_19.png,raw\signatures\full_forg\forgeries_17_19.png,17,19,forged,0,PNG,P,666,324,2.0556,135557,ae11aa6e2eeab491696fce215f7e1ddd361a05c57623996d57b20356926cf909
forgeries_17_2.png,raw\signatures\full_forg\forgeries_17_2.png,17,2,forged,0,PNG,P,636,336,1.8929,123009,fbbe6aba0be9c929f3bf819171bdc8ff3e96777dd0b88e75a578b2fa158cbe6a
forgeries_17_20.png,raw\signatures\full_forg\forgeries_17_20.png,17,20,forged,0,PNG,P,648,288,2.25,114605,5b1b9d12846403e6f7d3f71af3b3209d1cfdc32144566affce2e41548ffdcead
forgeries_17_21.png,raw\signatures\full_forg\forgeries_17_21.png,17,21,forged,0,PNG,P,582,318,1.8302,116987,09bf4ab1b1a73962c35573a78d4da5735c907006c09d0ab8d3232984b8bc37f6
forgeries_17_22.png,raw\signatures\full_forg\forgeries_17_22.png,17,22,forged,0,PNG,P,648,354,1.8305,141477,4e279cea8e6d9ec54ab9633f84fbc6fe268bf315441e9d6a9ed7cf2a3219a6de
forgeries_17_23.png,raw\signatures\full_forg\forgeries_17_23.png,17,23,forged,0,PNG,P,630,312,2.0192,116630,4717203e98057b790a2fa09408e4018104e748cd230daea1a38a88320065e348
forgeries_17_24.png,raw\signatures\full_forg\forgeries_17_24.png,17,24,forged,0,PNG,P,654,348,1.8793,142463,9175813e5ad220acf1d0c980451b145653e730deb230470260662b6907dd3c22
forgeries_17_3.png,raw\signatures\full_forg\forgeries_17_3.png,17,3,forged,0,PNG,P,594,300,1.98,110093,ce0526ca73ade56e932e8c30d31a4bd9ad041712130786223af91e3bf21edb67
forgeries_17_4.png,raw\signatures\full_forg\forgeries_17_4.png,17,4,forged,0,PNG,P,636,306,2.0784,119198,88551c0727368f87c2915037deb52df1108c6b2b7e5c558eb8d61f57505f38f6
forgeries_17_5.png,raw\signatures\full_forg\forgeries_17_5.png,17,5,forged,0,PNG,P,588,300,1.96,103242,6715e1ed15f2c2626a13375dd578346f0999cdfbe7f0cd17ee575aebf877e804
forgeries_17_6.png,raw\signatures\full_forg\forgeries_17_6.png,17,6,forged,0,PNG,P,624,306,2.0392,115721,2c64215038646aa90581811e914134aaec360790839a64a1857f55f987c03b18
forgeries_17_7.png,raw\signatures\full_forg\forgeries_17_7.png,17,7,forged,0,PNG,P,624,318,1.9623,122227,5b8439ba02d49b9f933258740c38125a2d24d0e3faa7303deda893d4612b0553
forgeries_17_8.png,raw\signatures\full_forg\forgeries_17_8.png,17,8,forged,0,PNG,P,660,342,1.9298,122653,952fe1312cf5f22411fac97829310083d0e8833de22e97c8f7569dbd5a079229
forgeries_17_9.png,raw\signatures\full_forg\forgeries_17_9.png,17,9,forged,0,PNG,P,669,341,1.9619,137380,45b39c0d3701cb4ed13470c7a785aaf556dd5277dccf99f227282c120062076a
forgeries_18_1.png,raw\signatures\full_forg\forgeries_18_1.png,18,1,forged,0,PNG,P,600,240,2.5,81956,016a72f61114462a14148a5d2c134db471810466cfc3b17dfe6837cc489b1a33
forgeries_18_10.png,raw\signatures\full_forg\forgeries_18_10.png,18,10,forged,0,PNG,P,618,210,2.9429,74561,8c41d04a4a30bcb644c2a03bac85266a0779da7b773073baf006bc002dca9ba0
forgeries_18_11.png,raw\signatures\full_forg\forgeries_18_11.png,18,11,forged,0,PNG,P,583,238,2.4496,68003,e0be8eaf53539a49e166098997ef01f9e6fcb2c67cdb6c437250a0490a9e603b
forgeries_18_12.png,raw\signatures\full_forg\forgeries_18_12.png,18,12,forged,0,PNG,P,636,192,3.3125,73587,6e924d93b4bf56685bb21d9848bc8bcdea9b564924d075f3f9d8280e33fa073b
forgeries_18_13.png,raw\signatures\full_forg\forgeries_18_13.png,18,13,forged,0,PNG,P,606,246,2.4634,88685,aa67ed2da3d2466fa0bb6e44516f883050b38f076658dcad01096ed73163e9c0
forgeries_18_14.png,raw\signatures\full_forg\forgeries_18_14.png,18,14,forged,0,PNG,P,588,204,2.8824,68778,6b2a65cd011f0adf1e5b8d5bf3f152916bac61ba1dd1479a25ec19d17655539c
forgeries_18_15.png,raw\signatures\full_forg\forgeries_18_15.png,18,15,forged,0,PNG,P,612,252,2.4286,90165,d23371386ada2cc88acc5ee4ccaf90d810c6b9fd5bb5c3c6066462a56dc0f5d1
forgeries_18_16.png,raw\signatures\full_forg\forgeries_18_16.png,18,16,forged,0,PNG,P,600,252,2.381,89728,808560c1883c815abbac6f360e8835d7940bbc835111a5f70e099a8d17aa8274
forgeries_18_17.png,raw\signatures\full_forg\forgeries_18_17.png,18,17,forged,0,PNG,P,606,228,2.6579,80098,c9cae5fb4f259a31442da592e7be016b149d5729f45d58af8f2bc11506f8774c
forgeries_18_18.png,raw\signatures\full_forg\forgeries_18_18.png,18,18,forged,0,PNG,P,612,264,2.3182,95227,e345fe1606602b05b58ca7c9e9fb3966c49a1f9c71bfa41c14a36f4b253ffd84
forgeries_18_19.png,raw\signatures\full_forg\forgeries_18_19.png,18,19,forged,0,PNG,P,630,192,3.2812,71017,776f746824f670acd886b7f99bf14f11dee180b05257dd90a78e808d482cd389
forgeries_18_2.png,raw\signatures\full_forg\forgeries_18_2.png,18,2,forged,0,PNG,P,642,186,3.4516,67201,e46ed85e1a6768bf159f288c20da567e968eff442c9aa03c4facf1ae2c6de7b2
forgeries_18_20.png,raw\signatures\full_forg\forgeries_18_20.png,18,20,forged,0,PNG,P,630,198,3.1818,72427,e77899b86d6b46bc469c0cdc63ba45088140595787dd0b0d38b03fe861fd991a
forgeries_18_21.png,raw\signatures\full_forg\forgeries_18_21.png,18,21,forged,0,PNG,P,600,216,2.7778,76873,552ba5e01d089349633e8c69d7c7e2aab6ffd1d3159a8ed993e35b868bcc4da7
forgeries_18_22.png,raw\signatures\full_forg\forgeries_18_22.png,18,22,forged,0,PNG,P,618,246,2.5122,87778,36ec1840d781d1cd1717dccde538da7004fa77dbbc959760c7c63399d9e5d9be
forgeries_18_23.png,raw\signatures\full_forg\forgeries_18_23.png,18,23,forged,0,PNG,P,636,228,2.7895,79551,d02ce1ffc2711f2b42e9a7ca66767c5bd897dc2acbd25d622aca8fb477cef9de
forgeries_18_24.png,raw\signatures\full_forg\forgeries_18_24.png,18,24,forged,0,PNG,P,600,276,2.1739,96862,1a365e07beb28b634ac7234a137f146a5139f641be3ca2db313a3df0d293f9af
forgeries_18_3.png,raw\signatures\full_forg\forgeries_18_3.png,18,3,forged,0,PNG,P,654,210,3.1143,80544,0148f35e69a9733b20173dfb2a25513cbe1e69285e14210298426bca8207fbc2
forgeries_18_4.png,raw\signatures\full_forg\forgeries_18_4.png,18,4,forged,0,PNG,P,582,234,2.4872,78396,30f16633b76d186f3b33198469f3c6540844e3eb309437f455750e61d01b8641
forgeries_18_5.png,raw\signatures\full_forg\forgeries_18_5.png,18,5,forged,0,PNG,P,636,228,2.7895,76914,9b908199a5fb9a9e747f141a9183640321565082fc36f1e0e61df889cc59def3
forgeries_18_6.png,raw\signatures\full_forg\forgeries_18_6.png,18,6,forged,0,PNG,P,630,228,2.7632,83152,dfd05dd21edffdb6b22ef8d7d4d1b38a6f23377be0d25538e8b6b1a0cf8bbf3d
forgeries_18_7.png,raw\signatures\full_forg\forgeries_18_7.png,18,7,forged,0,PNG,P,630,228,2.7632,80742,ad459028b85f7fbea09d5ba9d98c3b3e3631e79ce2d3fadd738b44089294f437
forgeries_18_8.png,raw\signatures\full_forg\forgeries_18_8.png,18,8,forged,0,PNG,P,594,240,2.475,73867,d4766df2a88ea49d0575ac9185e0c0b8d87a5625aa31c957608683d488829fb0
forgeries_18_9.png,raw\signatures\full_forg\forgeries_18_9.png,18,9,forged,0,PNG,P,618,234,2.641,81332,f064a037c19646bf27af41c416e4f26782c44634e3e14555d897356811585f39
forgeries_19_1.png,raw\signatures\full_forg\forgeries_19_1.png,19,1,forged,0,PNG,P,408,372,1.0968,36074,07433e6a4341f88f095468333f319bb8d66d658dbf2701b989aa81472ce49023
forgeries_19_10.png,raw\signatures\full_forg\forgeries_19_10.png,19,10,forged,0,PNG,P,318,276,1.1522,25804,7326b891796c2e66955dc3df4d48dc755803c31a335fef5388a841570482e61c
forgeries_19_11.png,raw\signatures\full_forg\forgeries_19_11.png,19,11,forged,0,PNG,P,324,264,1.2273,16728,4ac620f5ce0a5cb8f88c06a9b1f2dbbd0805153142f49cffdf9c0061efddcc6f
forgeries_19_12.png,raw\signatures\full_forg\forgeries_19_12.png,19,12,forged,0,PNG,P,378,432,0.875,40093,32f70a065dde6fe4c31e53ffa8985c5781c9e49ae5261ac30ee80df53c2f240b
forgeries_19_13.png,raw\signatures\full_forg\forgeries_19_13.png,19,13,forged,0,PNG,P,444,324,1.3704,40848,12bfbb8a8d745f7d364278e9bd5338fb11487b409f08c363050370cfb9dff537
forgeries_19_14.png,raw\signatures\full_forg\forgeries_19_14.png,19,14,forged,0,PNG,P,390,300,1.3,27428,894eb3b1a7021dcdea05cc43132ffc90b65ae70ca7540131a1b080aa76762930
forgeries_19_15.png,raw\signatures\full_forg\forgeries_19_15.png,19,15,forged,0,PNG,P,438,336,1.3036,47089,700da956f3345e2ea71064961dd9d68b833f7f0e5a464df94577de3e671354ae
forgeries_19_16.png,raw\signatures\full_forg\forgeries_19_16.png,19,16,forged,0,PNG,P,444,324,1.3704,39984,e3ba2250b97da31c8ee0dc1e1b5f35563f6e091f56c5493ba1c6f55559194d36
forgeries_19_17.png,raw\signatures\full_forg\forgeries_19_17.png,19,17,forged,0,PNG,P,426,372,1.1452,32873,0f44d0e02b43b8c5e13fd020bb483604d97bba7dfead8bae810700de16b1aa2b
forgeries_19_18.png,raw\signatures\full_forg\forgeries_19_18.png,19,18,forged,0,PNG,P,396,396,1.0,44756,f02251a8cb823f455d5bda37e65469fc3acf70bef7509001f99fbffd032cdc72
forgeries_19_19.png,raw\signatures\full_forg\forgeries_19_19.png,19,19,forged,0,PNG,P,432,312,1.3846,42596,2d85f25adf06e9d9baf663c6a6678d79be79edf8b4a8a05a84f142c61e658913
forgeries_19_2.png,raw\signatures\full_forg\forgeries_19_2.png,19,2,forged,0,PNG,P,378,336,1.125,25292,796e3e437c1731e52e0b0572d8f8c36b8395db5b51756e0b50438e1d01230ecb
forgeries_19_20.png,raw\signatures\full_forg\forgeries_19_20.png,19,20,forged,0,PNG,P,348,390,0.8923,35660,9b35e87c96de9a7e9bb04ab3ce29d0a1aa7e542340b2360cf693b2bb7a0672c5
forgeries_19_21.png,raw\signatures\full_forg\forgeries_19_21.png,19,21,forged,0,PNG,P,354,420,0.8429,51421,95a7887714ba4b67fb31dbfbdd503696878d7cf03a11aaafab1fc522b44ab4ea
forgeries_19_22.png,raw\signatures\full_forg\forgeries_19_22.png,19,22,forged,0,PNG,P,390,396,0.9848,53815,6a3d0d49e9f06119533c0eb1f9e400dfc3670cdcd42f6e585992583ddece7a79
forgeries_19_23.png,raw\signatures\full_forg\forgeries_19_23.png,19,23,forged,0,PNG,P,402,396,1.0152,43278,6cc1b26a75a9df726e6dc5b8fe7d67b93944a141b40f77a8fbf65898aa1ff338
forgeries_19_24.png,raw\signatures\full_forg\forgeries_19_24.png,19,24,forged,0,PNG,P,396,324,1.2222,42676,16dc0fbeca726ff01639c301fa42c5ccafee43823dc4232526af4a895c8df5a7
forgeries_19_3.png,raw\signatures\full_forg\forgeries_19_3.png,19,3,forged,0,PNG,P,396,318,1.2453,32660,229b4ad0dea7be288749158176f653ce2f5f31f06b57e6b4162bc55c45bb19c0
forgeries_19_4.png,raw\signatures\full_forg\forgeries_19_4.png,19,4,forged,0,PNG,P,306,324,0.9444,26383,b690982d768382691f58dc283ae28597746a6f05731e6ae16f3924c33e5a87fa
forgeries_19_5.png,raw\signatures\full_forg\forgeries_19_5.png,19,5,forged,0,PNG,P,348,300,1.16,21013,71e15976dbc0685ea4a531a2776d28767f8c18d40bd1bea92fd3a63def5fbe4b
forgeries_19_6.png,raw\signatures\full_forg\forgeries_19_6.png,19,6,forged,0,PNG,P,312,318,0.9811,24891,959d832eb40a4417402f527117589df2771710c1af420f3d1f1bfad22d132133
forgeries_19_7.png,raw\signatures\full_forg\forgeries_19_7.png,19,7,forged,0,PNG,P,318,342,0.9298,27684,c83f24a73e018d71ff51b5e696bae59de6b546d15e471552207fd340d418e129
forgeries_19_8.png,raw\signatures\full_forg\forgeries_19_8.png,19,8,forged,0,PNG,P,330,300,1.1,21217,289e8b56bd00829351ef426016711365389e88b90c9284cb4760685ed185d318
forgeries_19_9.png,raw\signatures\full_forg\forgeries_19_9.png,19,9,forged,0,PNG,P,312,288,1.0833,24072,7c3217af24e4e7696353ea37c903691056b58bb9e0f9a21eb5b6e88add4f3642
forgeries_1_1.png,raw\signatures\full_forg\forgeries_1_1.png,1,1,forged,0,PNG,P,588,438,1.3425,42879,6df2add149e10e3d4785a5d50232485f4ed51e68ffafc2102ad346acf49a6d1a
forgeries_1_10.png,raw\signatures\full_forg\forgeries_1_10.png,1,10,forged,0,PNG,P,594,384,1.5469,39542,21c154d6afeb41eef3df67942b89ee00d8d3ecd3e6dd35bac73242d0a779b45b
forgeries_1_11.png,raw\signatures\full_forg\forgeries_1_11.png,1,11,forged,0,PNG,P,588,414,1.4203,31687,3ee4943c055b633f7f524f469e3a3f1c2ad3206f29b26453a65575e2a9c4011d
forgeries_1_12.png,raw\signatures\full_forg\forgeries_1_12.png,1,12,forged,0,PNG,P,558,450,1.24,41856,3b0bbcd257af0d634fa06228b41f12a448ecac505942b9dba52f60e8445c13aa
forgeries_1_13.png,raw\signatures\full_forg\forgeries_1_13.png,1,13,forged,0,PNG,P,588,372,1.5806,39433,767fc03fdd7a993290d4cafc199b20c01ea62da7c54c3fcb34accc5f09b1fe29
forgeries_1_14.png,raw\signatures\full_forg\forgeries_1_14.png,1,14,forged,0,PNG,P,654,408,1.6029,33223,fd022f94384bff131632638183fe619eda55231432f7b8e4de898da33ba175fe
forgeries_1_15.png,raw\signatures\full_forg\forgeries_1_15.png,1,15,forged,0,PNG,P,612,384,1.5938,57833,ff11662a6858e05278e2376609496e39820fb1883d0e1359ca7f0fbd646baa89
forgeries_1_16.png,raw\signatures\full_forg\forgeries_1_16.png,1,16,forged,0,PNG,P,570,312,1.8269,34293,0681867815d9e95a83243152de3d6599b1779844b80f436a113b3c54a3c38bb1
forgeries_1_17.png,raw\signatures\full_forg\forgeries_1_17.png,1,17,forged,0,PNG,P,618,336,1.8393,28053,2ad47f7a1edd242205acebfb09279a689b76534d59b4788b215f39f35514ef7a
forgeries_1_18.png,raw\signatures\full_forg\forgeries_1_18.png,1,18,forged,0,PNG,P,642,372,1.7258,59162,9174952cf760a2210c5ec5af0220ae2c5c738f066df3c041c88c9b106a633b30
forgeries_1_19.png,raw\signatures\full_forg\forgeries_1_19.png,1,19,forged,0,PNG,P,630,336,1.875,39005,274c52ec3fcc4198ca8f92650dd16fb18304acbea843a07291a244dde056552a
forgeries_1_2.png,raw\signatures\full_forg\forgeries_1_2.png,1,2,forged,0,PNG,P,534,456,1.1711,23373,2a23389cf188631ec0dfd552963feae6b005079a90bd8418d9097d569d3139a9
forgeries_1_20.png,raw\signatures\full_forg\forgeries_1_20.png,1,20,forged,0,PNG,P,624,342,1.8246,29398,d67eac5d83290077ed1923f9dc026afd6c9445b933bf52cce6b6c64f99f9b280
forgeries_1_21.png,raw\signatures\full_forg\forgeries_1_21.png,1,21,forged,0,PNG,P,582,324,1.7963,46128,dcc6251e6e5f4885e4d85285671cc0748f51ec18a9c947757be324e678c1b8ab
forgeries_1_22.png,raw\signatures\full_forg\forgeries_1_22.png,1,22,forged,0,PNG,P,576,342,1.6842,38389,03e7e2ca7e082d7042cd0c641b2ce37019ba0d629757e70baf2f690061670893
forgeries_1_23.png,raw\signatures\full_forg\forgeries_1_23.png,1,23,forged,0,PNG,P,576,312,1.8462,27745,420bd18711dde16583dcd0f23d618736558600acad154773d7cc267489bd1216
forgeries_1_24.png,raw\signatures\full_forg\forgeries_1_24.png,1,24,forged,0,PNG,P,612,420,1.4571,59347,c008eec7f38f8ab562c8c253382433641fccf92a9867f5ffeb0781e2ea43d744
forgeries_1_3.png,raw\signatures\full_forg\forgeries_1_3.png,1,3,forged,0,PNG,P,564,504,1.119,50677,93041b8c2a823bf74e29513bddecdb096d14d9d459f3090b6f4293e382666847
forgeries_1_4.png,raw\signatures\full_forg\forgeries_1_4.png,1,4,forged,0,PNG,P,570,432,1.3194,40924,1525c6596f49c199b67dcb0082f5940a79fafd574329fbceec8e271c0909cce8
forgeries_1_5.png,raw\signatures\full_forg\forgeries_1_5.png,1,5,forged,0,PNG,P,570,456,1.25,25305,997fb90170028a19f504fdebda25a290dad69855e62ea865f941862831feb914
forgeries_1_6.png,raw\signatures\full_forg\forgeries_1_6.png,1,6,forged,0,PNG,P,576,444,1.2973,50995,a297deeb68ed84f36a7ea8a77704f1cd8d9bd4ba66c33e0fdc53702e87efc61d
forgeries_1_7.png,raw\signatures\full_forg\forgeries_1_7.png,1,7,forged,0,PNG,P,636,390,1.6308,46073,c291c000c3102d079483252426239ede65ad084e3e32bd4330b0c16e56440bc5
forgeries_1_8.png,raw\signatures\full_forg\forgeries_1_8.png,1,8,forged,0,PNG,P,648,438,1.4795,32334,b0330d172df77a22528da3f7f7463a62821b78266407722c6ffd461cfeca63b8
forgeries_1_9.png,raw\signatures\full_forg\forgeries_1_9.png,1,9,forged,0,PNG,P,636,444,1.4324,54496,473c6669dfc6694f056a625c3d571d5e894bf45d764f7b952a216cfe1055fb1d
forgeries_20_1.png,raw\signatures\full_forg\forgeries_20_1.png,20,1,forged,0,PNG,P,396,270,1.4667,38051,c6105e877f2fabb75698257603b9e88b256c3ca6ef71acf83d8abff42fe9783b
forgeries_20_10.png,raw\signatures\full_forg\forgeries_20_10.png,20,10,forged,0,PNG,P,450,270,1.6667,38805,0c8b8d47d6e6bb59ecaafef6c7ed129df1f121efcdd5c9589fdb8a403747f381
forgeries_20_11.png,raw\signatures\full_forg\forgeries_20_11.png,20,11,forged,0,PNG,P,396,234,1.6923,29685,231dd9e49989a06cbb89f9b176f7a3be807f61e4aa553574d2756c1a12cae034
forgeries_20_12.png,raw\signatures\full_forg\forgeries_20_12.png,20,12,forged,0,PNG,P,372,228,1.6316,32752,e3ad087925b9e79c3a334fe4d89927d5fa7bff54706736b4e38a8ceda3a54c19
forgeries_20_13.png,raw\signatures\full_forg\forgeries_20_13.png,20,13,forged,0,PNG,P,474,306,1.549,33562,2bab1e67499b024bf5840b3ca0157df988c2df825bedce6df3d7cdc3b721b59a
forgeries_20_14.png,raw\signatures\full_forg\forgeries_20_14.png,20,14,forged,0,PNG,P,438,228,1.9211,22375,110154677532b5dda51704fba55009e80f87afd315ac5f8ea95a1ba64be4f4ec
forgeries_20_15.png,raw\signatures\full_forg\forgeries_20_15.png,20,15,forged,0,PNG,P,486,306,1.5882,36086,bf6ee3e58c81c4d02875fd823268363bcbb137c8557a638d6aa6c279b72ca66e
forgeries_20_16.png,raw\signatures\full_forg\forgeries_20_16.png,20,16,forged,0,PNG,P,450,336,1.3393,38201,f1cbcb1e220f855bdd58e159dcb71412356662e0e62974612fecdf467c020c15
forgeries_20_17.png,raw\signatures\full_forg\forgeries_20_17.png,20,17,forged,0,PNG,P,420,276,1.5217,23906,5b9ee47982efdf7ba6c8932748ef8f25dfdc2eb09a752d4794f9383e1c114115
forgeries_20_18.png,raw\signatures\full_forg\forgeries_20_18.png,20,18,forged,0,PNG,P,414,270,1.5333,30727,24b12537d41f16579294787f44f0abe1ec8d1db983a3b79dbd59bb7d465e41fd
forgeries_20_19.png,raw\signatures\full_forg\forgeries_20_19.png,20,19,forged,0,PNG,P,522,330,1.5818,45020,9736492648ff9efd8dd8c1821dadbb3ed30715b5a614d8becb8c359718c0bc96
forgeries_20_2.png,raw\signatures\full_forg\forgeries_20_2.png,20,2,forged,0,PNG,P,402,252,1.5952,31833,e200c7cb6639795ea8a920f0dc44d0e50a8322c3aa28bfc611517e461228f9f4
forgeries_20_20.png,raw\signatures\full_forg\forgeries_20_20.png,20,20,forged,0,PNG,P,438,288,1.5208,38005,d199e227da50482378d790fab6aa39c254306e6dbb08baba7ee1d9cf75d59b8d
forgeries_20_21.png,raw\signatures\full_forg\forgeries_20_21.png,20,21,forged,0,PNG,P,486,276,1.7609,42577,40911ed769a16fd49c54c6c0d9dc142d15c85677ae6a0b901e2ebc42b169bac6
forgeries_20_22.png,raw\signatures\full_forg\forgeries_20_22.png,20,22,forged,0,PNG,P,372,234,1.5897,30831,4c8ee69dd18475a879bc9277443f8a818f0fb8f643d5ea81efa881e603656c3f
forgeries_20_23.png,raw\signatures\full_forg\forgeries_20_23.png,20,23,forged,0,PNG,P,396,210,1.8857,28573,c8573b810aed6b99a8ac8b04781957f345e5b130e3bfc50c234d74428af3fc2d
forgeries_20_24.png,raw\signatures\full_forg\forgeries_20_24.png,20,24,forged,0,PNG,P,516,282,1.8298,41926,29152bff8fe87a0c66fae4d2396cf4d6b6039b934bab02ad7396622dc1abe5fd
forgeries_20_3.png,raw\signatures\full_forg\forgeries_20_3.png,20,3,forged,0,PNG,P,396,252,1.5714,36413,f23329202bee244b264d909a79860abe190952e445e3ab722645195528a40bf4
forgeries_20_4.png,raw\signatures\full_forg\forgeries_20_4.png,20,4,forged,0,PNG,P,450,276,1.6304,38260,d0d86791e4c716df81407fa5a6af428707605a8a07989a6ecfcc541ced2b4d2e
forgeries_20_5.png,raw\signatures\full_forg\forgeries_20_5.png,20,5,forged,0,PNG,P,438,258,1.6977,31653,e3a8107645b743b0783982e4b54b0260e22326e6c1ca219d28748d2a0114aac3
forgeries_20_6.png,raw\signatures\full_forg\forgeries_20_6.png,20,6,forged,0,PNG,P,456,294,1.551,44650,850c321b417d6f5e4a9f7dbadd27adc75b8d3c7201a9822f097dcd327a7b70d0
forgeries_20_7.png,raw\signatures\full_forg\forgeries_20_7.png,20,7,forged,0,PNG,P,462,270,1.7111,38971,50ac9424909012d91d033789653b45f72cb7bc43f6d02cea1d64d603dad1d019
forgeries_20_8.png,raw\signatures\full_forg\forgeries_20_8.png,20,8,forged,0,PNG,P,420,252,1.6667,32508,f00a1c2689a56c74124636bd211e53b52e849fe9d9926241e343bfa9949f094f
forgeries_20_9.png,raw\signatures\full_forg\forgeries_20_9.png,20,9,forged,0,PNG,P,456,252,1.8095,37784,aaa125076334a778ce8575b7970e606ee4b776c8f4f2f557b412a1eee8edbe43
forgeries_21_1.png,raw\signatures\full_forg\forgeries_21_1.png,21,1,forged,0,PNG,P,510,294,1.7347,64439,76ec21765fd89cc1c97115e1c925debac0d3c899d81f9d39f355128816fefc18
forgeries_21_10.png,raw\signatures\full_forg\forgeries_21_10.png,21,10,forged,0,PNG,P,390,276,1.413,40741,fb82f5fba0e10b321950c8c8e40951544736224b3118ee1becaa9e9e1b402c43
forgeries_21_11.png,raw\signatures\full_forg\forgeries_21_11.png,21,11,forged,0,PNG,P,378,216,1.75,26870,5cab839649d40cc317566df07cdde0fb71ff1f2212cfa9e7b0cc728db66901f0
forgeries_21_12.png,raw\signatures\full_forg\forgeries_21_12.png,21,12,forged,0,PNG,P,534,294,1.8163,66554,6cb7b45972bb5e222c65dcb2acca01e460074a7e6bdd5d718856da4884cf2783
forgeries_21_13.png,raw\signatures\full_forg\forgeries_21_13.png,21,13,forged,0,PNG,P,474,336,1.4107,73377,ebfe9aebf06e49b546aedfc767a685f1a53713933641cbd26f5569252813c4d4
forgeries_21_14.png,raw\signatures\full_forg\forgeries_21_14.png,21,14,forged,0,PNG,P,504,288,1.75,61156,609f12828367492c3ee0e1b5269244531fa4ddc43fcfa586f823c7e732e71936
forgeries_21_15.png,raw\signatures\full_forg\forgeries_21_15.png,21,15,forged,0,PNG,P,528,336,1.5714,80193,5786da93e842d36c95ee92c143b71f68ebc97dbd9a424406a686fd5d6bc2327e
forgeries_21_16.png,raw\signatures\full_forg\forgeries_21_16.png,21,16,forged,0,PNG,P,492,318,1.5472,74863,351fda40b31245dd27dba5d22baeb5608b0d12a25e0e4373deda3644624c9760
forgeries_21_17.png,raw\signatures\full_forg\forgeries_21_17.png,21,17,forged,0,PNG,P,492,336,1.4643,65961,3e756a268fde42ad9c5ef9cfb51173f24a6a489f918b13c1bb16c453612a9d5d
forgeries_21_18.png,raw\signatures\full_forg\forgeries_21_18.png,21,18,forged,0,PNG,P,528,360,1.4667,86727,f3caa55c6077766376355c9f1c299c5d262ac1a5d1cfc35115554bd8bd2ee107
forgeries_21_19.png,raw\signatures\full_forg\forgeries_21_19.png,21,19,forged,0,PNG,P,522,306,1.7059,77018,963e1d77bba5504cb5bd1029c2ad40097466f58e1703c7f10107fcaf9ff23a1a
forgeries_21_2.png,raw\signatures\full_forg\forgeries_21_2.png,21,2,forged,0,PNG,P,426,300,1.42,45923,ec6e3f32267ab05f7e5d30bf0447f7f2bdeb1ff5199db4b083380c7749f43d74
forgeries_21_20.png,raw\signatures\full_forg\forgeries_21_20.png,21,20,forged,0,PNG,P,402,264,1.5227,51916,3004c4cbd5466acbd8696ceee3ea8b2f316dca57d31471858d86a2cd1b931309
forgeries_21_21.png,raw\signatures\full_forg\forgeries_21_21.png,21,21,forged,0,PNG,P,438,234,1.8718,57219,5182cd5e3ce9dc424a76b2bbfe5b8fe0af31b442f05eee104b3b6390f21fce62
forgeries_21_22.png,raw\signatures\full_forg\forgeries_21_22.png,21,22,forged,0,PNG,P,426,282,1.5106,66357,fc0a95d067261bd7cebdf1b5b8d278329964e1ae69c80d9cb994bdfafce47f0f
forgeries_21_23.png,raw\signatures\full_forg\forgeries_21_23.png,21,23,forged,0,PNG,P,504,294,1.7143,73115,6f93708b54e6ec036182b310b7b8f6d4c8f38b860ed4458e7c8278200fee2ce7
forgeries_21_24.png,raw\signatures\full_forg\forgeries_21_24.png,21,24,forged,0,PNG,P,504,300,1.68,70057,370b81db9070a71985a8fdb858742861f411220b292b4ea598f1b917a3198c63
forgeries_21_3.png,raw\signatures\full_forg\forgeries_21_3.png,21,3,forged,0,PNG,P,492,330,1.4909,65941,cc9d92947231e5cfa954b4504080bfbafe536910980490769b6a2b55067e56f7
forgeries_21_4.png,raw\signatures\full_forg\forgeries_21_4.png,21,4,forged,0,PNG,P,366,234,1.5641,35977,81e301fdad825cf97d917fac5fb688d321d0107eb4196e38544997ec8fb35582
forgeries_21_5.png,raw\signatures\full_forg\forgeries_21_5.png,21,5,forged,0,PNG,P,390,258,1.5116,28258,d71cceac207b1f04e8057067fc1f45476ea89eaa7b8d4fe46d05cc348c3b90de
forgeries_21_6.png,raw\signatures\full_forg\forgeries_21_6.png,21,6,forged,0,PNG,P,348,270,1.2889,37134,18e247e0a4b99b68e2d3c33f54b53002768014e080b916b851522b97ab931fe5
forgeries_21_7.png,raw\signatures\full_forg\forgeries_21_7.png,21,7,forged,0,PNG,P,456,294,1.551,46942,d1ed601bb2d885e12fb481c1c890376ca27fbf4e98431d0e592583701a4f50c4
forgeries_21_8.png,raw\signatures\full_forg\forgeries_21_8.png,21,8,forged,0,PNG,P,438,240,1.825,29465,b9fdb1bc2d7abe2cd118cdb4e1d379722633d9d9efff950ad53e024d79bc02b2
forgeries_21_9.png,raw\signatures\full_forg\forgeries_21_9.png,21,9,forged,0,PNG,P,426,288,1.4792,45311,59e7f55f6ba16f3853f397e98f672d95a3bb0dbae7d72a48a4a25cdaacde428e
forgeries_22_1.png,raw\signatures\full_forg\forgeries_22_1.png,22,1,forged,0,PNG,P,492,342,1.4386,77651,9bfbe5f08d0929b9d9897f3758afed7a8b2c2cb59402025bb5d741a5b8a113a4
forgeries_22_10.png,raw\signatures\full_forg\forgeries_22_10.png,22,10,forged,0,PNG,P,420,336,1.25,67210,369a4226485a509140448964c169efd43396436bf0c9549d6cb01f5a604ca78e
forgeries_22_11.png,raw\signatures\full_forg\forgeries_22_11.png,22,11,forged,0,PNG,P,408,300,1.36,56010,a071cb64468ac6bed3fbe699230782e5725c0cf1132b88077e4a17dbb84eed9b
forgeries_22_12.png,raw\signatures\full_forg\forgeries_22_12.png,22,12,forged,0,PNG,P,492,360,1.3667,85023,60cd9cae1fbd48a156d74cea66c7fbe69beb9749af979b1232e4a422efe82704
forgeries_22_13.png,raw\signatures\full_forg\forgeries_22_13.png,22,13,forged,0,PNG,P,504,264,1.9091,72552,4250ccfd75c6bdf6d77b16d4efae085398536ee39cbe8fd6a0e99ab2b8e6f093
forgeries_22_14.png,raw\signatures\full_forg\forgeries_22_14.png,22,14,forged,0,PNG,P,438,318,1.3774,71796,85c7127e914e1f594f9c389f9cd6b668c45ac43aaf0a4e81a4d3bce4e9d567e1
forgeries_22_15.png,raw\signatures\full_forg\forgeries_22_15.png,22,15,forged,0,PNG,P,420,336,1.25,79193,f961f1addac8376409e69ba2a63b66e481aca5cbc20c7259c339632619fbc10f
forgeries_22_16.png,raw\signatures\full_forg\forgeries_22_16.png,22,16,forged,0,PNG,P,522,372,1.4032,97637,8c644cd7b7b089984256aa728e91dea59d84e7e19cef1ce6784dc359f8ae69d4
forgeries_22_17.png,raw\signatures\full_forg\forgeries_22_17.png,22,17,forged,0,PNG,P,456,282,1.617,64619,a9f3c5b8f53edd6e9c1644c0f43af0004aade3d3e00fbf738ef15ccd5627ad37
forgeries_22_18.png,raw\signatures\full_forg\forgeries_22_18.png,22,18,forged,0,PNG,P,414,348,1.1897,76087,8d03fa33146739047fd909acfda8f722fbaea302a57e90a351f0e7d1dfc2f089
forgeries_22_19.png,raw\signatures\full_forg\forgeries_22_19.png,22,19,forged,0,PNG,P,522,408,1.2794,107512,0ca4d322a8b60789d6963d9a9f0a3797f9dfe1a37f5f6579428c091bfb720960
forgeries_22_2.png,raw\signatures\full_forg\forgeries_22_2.png,22,2,forged,0,PNG,P,498,342,1.4561,71207,c818f5a7a3ff81d30fba0a96d4f17b06087ecf412914395a15931364a7964e34
forgeries_22_20.png,raw\signatures\full_forg\forgeries_22_20.png,22,20,forged,0,PNG,P,480,300,1.6,78581,27df4f28622de88e8a79e31bf07b9beb69303cebadb2d91d4e1bf35bd5d7d684
forgeries_22_21.png,raw\signatures\full_forg\forgeries_22_21.png,22,21,forged,0,PNG,P,450,378,1.1905,93637,9b400a574efd9f98fc80f4d385688b56ec2c260c0d06e8bb4d31a00fd1e4348c
forgeries_22_22.png,raw\signatures\full_forg\forgeries_22_22.png,22,22,forged,0,PNG,P,468,336,1.3929,89899,a1518baad35110b47c471a67159a9fd577212bf2fe23191d1a5a50d19044c5e3
forgeries_22_23.png,raw\signatures\full_forg\forgeries_22_23.png,22,23,forged,0,PNG,P,456,360,1.2667,84463,ee4d5933d91d516872bf28240e80e36d0cbdab9d9970261fc64b6e1f271d23c4
forgeries_22_24.png,raw\signatures\full_forg\forgeries_22_24.png,22,24,forged,0,PNG,P,426,366,1.1639,82987,221d1d2f076333f79f96c1c6f9b9d7b91508c046cf2db614c485eeb9982f5800
forgeries_22_3.png,raw\signatures\full_forg\forgeries_22_3.png,22,3,forged,0,PNG,P,432,306,1.4118,69048,65922e63072c9beace35b4143185fccd0c598d0587584da09f040c4208f81193
forgeries_22_4.png,raw\signatures\full_forg\forgeries_22_4.png,22,4,forged,0,PNG,P,396,330,1.2,62784,8d1cf1d092d97dedfd6ab597bbc424b206c0008464db33c49c39147d3f2b0cc0
forgeries_22_5.png,raw\signatures\full_forg\forgeries_22_5.png,22,5,forged,0,PNG,P,408,318,1.283,57102,a8d973ecd7903153a072fe4fa7e9c203e6edeee59200d326059ccfeea22daf24
forgeries_22_6.png,raw\signatures\full_forg\forgeries_22_6.png,22,6,forged,0,PNG,P,414,360,1.15,76046,c21a71b324659ac888dc83993faebf84a507436cc9950c6f4d737923350aded5
forgeries_22_7.png,raw\signatures\full_forg\forgeries_22_7.png,22,7,forged,0,PNG,P,396,330,1.2,64254,c780559b28a5cd67f3624b466658a924ebe1f815ae68ef0e865f8fafa59ebc7d
forgeries_22_8.png,raw\signatures\full_forg\forgeries_22_8.png,22,8,forged,0,PNG,P,474,348,1.3621,65551,ef6371819aad14dd2afdd9290b5a3032d1d47fb107a972df2f0451e4e1081add
forgeries_22_9.png,raw\signatures\full_forg\forgeries_22_9.png,22,9,forged,0,PNG,P,378,324,1.1667,60717,3ddc5ffd08f2fd74889a76e1389d911aaf50eff4d9190983a7081a251e606efa
forgeries_23_1.png,raw\signatures\full_forg\forgeries_23_1.png,23,1,forged,0,PNG,P,504,330,1.5273,91527,4a90adfc7b3ee27743f352698d71aad6e234d125d85b6c11fd741b28f8e1678f
forgeries_23_10.png,raw\signatures\full_forg\forgeries_23_10.png,23,10,forged,0,PNG,P,432,324,1.3333,78856,124b365a274f0c1bba0ae4de507d11e01bc9f61e9c0381a28c47fc0845536d93
forgeries_23_11.png,raw\signatures\full_forg\forgeries_23_11.png,23,11,forged,0,PNG,P,468,324,1.4444,75715,4bed995c575df95eda65010d6cf0b09acf0cf9390d9f6269f0a129320089b079
forgeries_23_12.png,raw\signatures\full_forg\forgeries_23_12.png,23,12,forged,0,PNG,P,576,324,1.7778,102428,c110306f7289cbc74349f24721bd339298d848e56939053249e15621ef89e493
forgeries_23_13.png,raw\signatures\full_forg\forgeries_23_13.png,23,13,forged,0,PNG,P,480,384,1.25,88994,937b2561f2b088558d06d312d802a115a47c10af93b7f809fa0d9124eec6b687
forgeries_23_14.png,raw\signatures\full_forg\forgeries_23_14.png,23,14,forged,0,PNG,P,510,378,1.3492,81937,62a7510c25dee17c77e89ee717bac3a622e12ab1c8056d5ccc393797fbc27a7e
forgeries_23_15.png,raw\signatures\full_forg\forgeries_23_15.png,23,15,forged,0,PNG,P,540,378,1.4286,102501,ea5a494d18a84ad6c527f71d15e9e9703bf8933cc050c0ef952d26458cf7d84a
forgeries_23_16.png,raw\signatures\full_forg\forgeries_23_16.png,23,16,forged,0,PNG,P,558,372,1.5,101926,9f41fee7fbb5ebea417386d616f87dfa5085ba47fef551d4022320d0e7177fe6
forgeries_23_17.png,raw\signatures\full_forg\forgeries_23_17.png,23,17,forged,0,PNG,P,498,342,1.4561,80118,d00a18f22ff4baf3e712f54ef1c4eb015de711bfaab0af0ee89c5918c38abad0
forgeries_23_18.png,raw\signatures\full_forg\forgeries_23_18.png,23,18,forged,0,PNG,P,504,366,1.377,96885,547ef05323b09ae6e827ca59e0e3536da1ad7c63daa932758b0b871777a5abee
forgeries_23_19.png,raw\signatures\full_forg\forgeries_23_19.png,23,19,forged,0,PNG,P,516,348,1.4828,92366,f1dba2c5ad422c4c9a7f713f48207f4618b26989fc5c4ca8221963647601f948
forgeries_23_2.png,raw\signatures\full_forg\forgeries_23_2.png,23,2,forged,0,PNG,P,474,336,1.4107,86023,9360631ecf967a26be30ded70af59f1e167c1299e37d98023974b50f72d0a567
forgeries_23_20.png,raw\signatures\full_forg\forgeries_23_20.png,23,20,forged,0,PNG,P,564,408,1.3824,108301,6bd3f73a243adc85d2e8fde7648f9d4e786c818be796ad50bdff0a86ffc00451
forgeries_23_21.png,raw\signatures\full_forg\forgeries_23_21.png,23,21,forged,0,PNG,P,582,312,1.8654,99512,536059dd146605681e90a6bbfc0553ddbac027aeaf94bcd556a77548ed04378f
forgeries_23_22.png,raw\signatures\full_forg\forgeries_23_22.png,23,22,forged,0,PNG,P,522,288,1.8125,82538,bc9f4b1296d8cb0abab10cc1b60eefd8e64bf2ee176d6ae5db0965c287cc5d57
forgeries_23_23.png,raw\signatures\full_forg\forgeries_23_23.png,23,23,forged,0,PNG,P,516,294,1.7551,75625,fb2d3809e9c7f05adf18d0fe4f67be612efa06ffd08ef0722721dd1ce01db719
forgeries_23_24.png,raw\signatures\full_forg\forgeries_23_24.png,23,24,forged,0,PNG,P,552,354,1.5593,97354,1ce6be61c00b8d29fa84724620cf5a4afbb3486a2fd1206497618d23ce45ef22
forgeries_23_3.png,raw\signatures\full_forg\forgeries_23_3.png,23,3,forged,0,PNG,P,456,336,1.3571,85244,bf8678c10b81de0db3a0e9feb276a29d0d8b01596d610caf1e8ea32ecf21d060
forgeries_23_4.png,raw\signatures\full_forg\forgeries_23_4.png,23,4,forged,0,PNG,P,456,330,1.3818,84592,30e5246f363953938fc799a053453a00224296ef1feeb798363a24d73636359b
forgeries_23_5.png,raw\signatures\full_forg\forgeries_23_5.png,23,5,forged,0,PNG,P,426,306,1.3922,69262,01d74bf634bce6f9ecc918bd41ec3c3b1066ca47e7f957403eb60a72f9c633d4
forgeries_23_6.png,raw\signatures\full_forg\forgeries_23_6.png,23,6,forged,0,PNG,P,438,306,1.4314,75771,b4926978ca619eeecef1affefc7f553709231c78cc4480a741ea33eea63c0d1c
forgeries_23_7.png,raw\signatures\full_forg\forgeries_23_7.png,23,7,forged,0,PNG,P,480,300,1.6,79936,ba1b936649ff179652ee1f5e95dd32eb1e60234080ea2304e3a57c10db6590eb
forgeries_23_8.png,raw\signatures\full_forg\forgeries_23_8.png,23,8,forged,0,PNG,P,408,324,1.2593,69773,8b3665ed9c836135fa8b474884c046a2a5e47b16825e7e31e337a1361571a064
forgeries_23_9.png,raw\signatures\full_forg\forgeries_23_9.png,23,9,forged,0,PNG,P,510,324,1.5741,88496,48f3f5cbd1b54088ad38331d3411aee2ef795d319dc01946c9895eaa1e927c54
forgeries_24_1.png,raw\signatures\full_forg\forgeries_24_1.png,24,1,forged,0,PNG,P,492,336,1.4643,84739,002096ef7c14587515c79d30c5e1ec97a8f7391fcf037e8f0831484edac8208d
forgeries_24_10.png,raw\signatures\full_forg\forgeries_24_10.png,24,10,forged,0,PNG,P,384,360,1.0667,75721,e19065e9030d7e1af25b9cde5ab8ad55fe59889b7d53f3656c68dfd509133ad0
forgeries_24_11.png,raw\signatures\full_forg\forgeries_24_11.png,24,11,forged,0,PNG,P,456,300,1.52,67031,3ec8197591ae9716c218eefb282ba55c5deda34413f344098075c55edee734bd
forgeries_24_12.png,raw\signatures\full_forg\forgeries_24_12.png,24,12,forged,0,PNG,P,498,318,1.566,84268,8709ddbf4a6a494a9faea45cf9acb28e720d716c2623e2baef9b4ef8ea574cfc
forgeries_24_13.png,raw\signatures\full_forg\forgeries_24_13.png,24,13,forged,0,PNG,P,432,246,1.7561,60245,45a4d4cb21a1f7c7200179495d66cb29170b8775d536fbdea8fd6e0c716216e1
forgeries_24_14.png,raw\signatures\full_forg\forgeries_24_14.png,24,14,forged,0,PNG,P,426,228,1.8684,53013,d9cf22d60a270c36f53c49af13393711963abe1537930ba2a617611edd3d06ae
forgeries_24_15.png,raw\signatures\full_forg\forgeries_24_15.png,24,15,forged,0,PNG,P,504,318,1.5849,89630,6847c89c18f5dab3bf262fb06874d6f86230c1612d656e2120cd48ed236f1953
forgeries_24_16.png,raw\signatures\full_forg\forgeries_24_16.png,24,16,forged,0,PNG,P,432,306,1.4118,75414,17edc0778e66e5543023c334dc8358c9411ddef90abca5fdcc7f523e85f9b76d
forgeries_24_17.png,raw\signatures\full_forg\forgeries_24_17.png,24,17,forged,0,PNG,P,498,306,1.6275,78993,1e1462deceac439d18b944e5be33033c0622ffc3f2f27684b88e964d299a30bb
forgeries_24_18.png,raw\signatures\full_forg\forgeries_24_18.png,24,18,forged,0,PNG,P,444,294,1.5102,74565,a0ed328818b3c632ba228313b8fca1c947329ea2700fd42dbf4400625d589956
forgeries_24_19.png,raw\signatures\full_forg\forgeries_24_19.png,24,19,forged,0,PNG,P,516,336,1.5357,94553,87527a0833014094eb69eccdd9680180ce44a69a70b166b18b404b116545d505
forgeries_24_2.png,raw\signatures\full_forg\forgeries_24_2.png,24,2,forged,0,PNG,P,480,306,1.5686,69473,1a03d91cbf5cce202423db52bf16b6598d0081be667194a54f4ee89b0afeb931
forgeries_24_20.png,raw\signatures\full_forg\forgeries_24_20.png,24,20,forged,0,PNG,P,432,246,1.7561,59431,c291dfac21c1e8ad01b09005b18ca5644ae1079e493296ab1c924121c2c2771c
forgeries_24_21.png,raw\signatures\full_forg\forgeries_24_21.png,24,21,forged,0,PNG,P,438,276,1.587,72233,e0a9f02692cc8c242439b59f71534e5700229b8b525d24e5e612261bc8193709
forgeries_24_22.png,raw\signatures\full_forg\forgeries_24_22.png,24,22,forged,0,PNG,P,414,246,1.6829,62075,18975a3355d545f8e4ab1a30f015d071c0b9da2ed5efe62c954e9fb96279c754
forgeries_24_23.png,raw\signatures\full_forg\forgeries_24_23.png,24,23,forged,0,PNG,P,474,300,1.58,76465,f7f85f12a7ea3f038d666325da171e4daa62956d8324f7f16804d7af9ba21910
forgeries_24_24.png,raw\signatures\full_forg\forgeries_24_24.png,24,24,forged,0,PNG,P,444,312,1.4231,78405,16531166ec69711c41198206e0d45b63bb525a0aff4d7912f95dd98189f701ea
forgeries_24_3.png,raw\signatures\full_forg\forgeries_24_3.png,24,3,forged,0,PNG,P,516,318,1.6226,89147,c1444e4bc2b3fc3e46989879a34df5acdd4a22f33a66a0bc01935c087711eb27
forgeries_24_4.png,raw\signatures\full_forg\forgeries_24_4.png,24,4,forged,0,PNG,P,420,276,1.5217,64358,500ddc8789212d8dc3b51bb8ceb643a14771d723bbf3c9fa68750f9d4d71fbec
forgeries_24_5.png,raw\signatures\full_forg\forgeries_24_5.png,24,5,forged,0,PNG,P,396,258,1.5349,53545,a4ebdb69a4ce3e04fe558b0847d015a8c305686c7ae4d9f6e51e533be590d286
forgeries_24_6.png,raw\signatures\full_forg\forgeries_24_6.png,24,6,forged,0,PNG,P,402,306,1.3137,69015,d86bd047b850c295675b792af3d9252dae123533e1acac04015d30ef99c605de
forgeries_24_7.png,raw\signatures\full_forg\forgeries_24_7.png,24,7,forged,0,PNG,P,444,288,1.5417,69433,0761b4592e8acfc7bf21574f9f982a437bd8ce6865587b9158c9d3bc4c702933
forgeries_24_8.png,raw\signatures\full_forg\forgeries_24_8.png,24,8,forged,0,PNG,P,396,258,1.5349,53936,31716ad2fb8ae8482ef8bc80c75b1678131021575119b12e8320b94b5507157a
forgeries_24_9.png,raw\signatures\full_forg\forgeries_24_9.png,24,9,forged,0,PNG,P,450,336,1.3393,82391,bacca66efb518c3879887d76175f28ac321f18cfdb6ee090eed5f1ade9220410
forgeries_25_1.png,raw\signatures\full_forg\forgeries_25_1.png,25,1,forged,0,PNG,P,360,330,1.0909,68313,9163121bc44d7d3b48c44ed5c99b5e5451390c1c83672f4a1fb566960f7582a2
forgeries_25_10.png,raw\signatures\full_forg\forgeries_25_10.png,25,10,forged,0,PNG,P,330,234,1.4103,47749,f201d4a4078cbf00a3e9fe58610e27127b8e5aafa1d1eae93e02d0e3ceacee3e
forgeries_25_11.png,raw\signatures\full_forg\forgeries_25_11.png,25,11,forged,0,PNG,P,348,246,1.4146,47801,4e008dbad537be42d2fbe08d6416ed381cca421b06983df364a1b7027881853f
forgeries_25_12.png,raw\signatures\full_forg\forgeries_25_12.png,25,12,forged,0,PNG,P,342,396,0.8636,79918,8397474159db6d6c29b903a9c2ce9b4c92431169086c4d8b0a12c062703cde90
forgeries_25_13.png,raw\signatures\full_forg\forgeries_25_13.png,25,13,forged,0,PNG,P,360,240,1.5,51449,6e86975204ede1a0b9fa4b4618d3b9f0f3739daa994c10b12e2370d927f04875
forgeries_25_14.png,raw\signatures\full_forg\forgeries_25_14.png,25,14,forged,0,PNG,P,384,210,1.8286,47300,aebe03f7223daa01673e35f7fb75d22d5b534df06cdc97131e468fe04a147e1f
forgeries_25_15.png,raw\signatures\full_forg\forgeries_25_15.png,25,15,forged,0,PNG,P,462,240,1.925,64020,c12947ce182151d7fde87b976a8468744050451ef86dc71353a0f725fe936654
forgeries_25_16.png,raw\signatures\full_forg\forgeries_25_16.png,25,16,forged,0,PNG,P,360,234,1.5385,49952,3a288f81b240eaec4df3fac6c6004d7d281ae5f03685387109edff4d5256dc47
forgeries_25_17.png,raw\signatures\full_forg\forgeries_25_17.png,25,17,forged,0,PNG,P,426,258,1.6512,60260,6fac1a6b688c8c8a78d3165f4c07939b6fd994b99530bb81490c6424e04dc726
forgeries_25_18.png,raw\signatures\full_forg\forgeries_25_18.png,25,18,forged,0,PNG,P,342,306,1.1176,63281,76169a7e7fd47a065a7d72a2ef8ce66cca5d1ac481e5319298835dfdb77b9f84
forgeries_25_19.png,raw\signatures\full_forg\forgeries_25_19.png,25,19,forged,0,PNG,P,318,312,1.0192,61427,0a9a8294c68fd15a10f60e416b9f5b62cb5ca33d9225a1e7ac7e25c4aa8081b6
forgeries_25_2.png,raw\signatures\full_forg\forgeries_25_2.png,25,2,forged,0,PNG,P,300,282,1.0638,51070,08e57a61367c10951b13d2e185060941bd76213e975f81ad9fbd90b17c0f54aa
forgeries_25_20.png,raw\signatures\full_forg\forgeries_25_20.png,25,20,forged,0,PNG,P,306,276,1.1087,51097,c7aee64a569969d44fcd61e080c89a71f5ef6a05a64e338d1cf264fbcb3d7e51
forgeries_25_21.png,raw\signatures\full_forg\forgeries_25_21.png,25,21,forged,0,PNG,P,300,264,1.1364,50264,b15817f3dfddc79670ee3ee9c1fa02c6857cff109403268a09afb59c31fd4ad6
forgeries_25_22.png,raw\signatures\full_forg\forgeries_25_22.png,25,22,forged,0,PNG,P,318,282,1.1277,55693,5cdb24165ab0c6008ab8a8701f7e1e918931858d3fe24e673c5184214152247b
forgeries_25_23.png,raw\signatures\full_forg\forgeries_25_23.png,25,23,forged,0,PNG,P,324,258,1.2558,50124,1ae9daed2af85e0ec7277101ac8041eb391ad28251f5a9bb607470c5d2805ab6
forgeries_25_24.png,raw\signatures\full_forg\forgeries_25_24.png,25,24,forged,0,PNG,P,396,216,1.8333,50868,2450fc3743d7815ff9353a69b13cf8820afba75069c2c5935a6feffd3f01150a
forgeries_25_3.png,raw\signatures\full_forg\forgeries_25_3.png,25,3,forged,0,PNG,P,270,252,1.0714,43501,1f757909ef0a85e01f970df75dd8157e05293aec9f1c84e028d59d0d67da7d11
forgeries_25_4.png,raw\signatures\full_forg\forgeries_25_4.png,25,4,forged,0,PNG,P,318,258,1.2326,49946,41d111d044fe0c8ad9671c941d5dcc53fbfd879399077e2e8371ef143a822369
forgeries_25_5.png,raw\signatures\full_forg\forgeries_25_5.png,25,5,forged,0,PNG,P,330,240,1.375,45927,47d02083d7bae92447942574babc64895542dd58e6590b0f917a604fe4357594
forgeries_25_6.png,raw\signatures\full_forg\forgeries_25_6.png,25,6,forged,0,PNG,P,318,258,1.2326,50227,1bdefe0447eccecb8a7cd64880c700311b2089458139bafc4bd2ff4b0b349fd4
forgeries_25_7.png,raw\signatures\full_forg\forgeries_25_7.png,25,7,forged,0,PNG,P,294,240,1.225,44087,9c71af4153ffc628290bfcba4f36a4049597b8d374be027da02385de13c924d9
forgeries_25_8.png,raw\signatures\full_forg\forgeries_25_8.png,25,8,forged,0,PNG,P,360,210,1.7143,43677,37cffd4816b205505cdeca15e2ce5928bf81aafa5922fabfd8ab56f379f0b10d
forgeries_25_9.png,raw\signatures\full_forg\forgeries_25_9.png,25,9,forged,0,PNG,P,378,246,1.5366,54773,ce12015a83394453f3e83ec72fae3dbb3782aa0cd04ab7006479b91b55b67ad7
forgeries_26_1.png,raw\signatures\full_forg\forgeries_26_1.png,26,1,forged,0,PNG,P,624,594,1.0505,205386,c8e47d2ffd1bd776acc22f46e6079b612891a6419c82a3c3c1f42333513a5594
forgeries_26_10.png,raw\signatures\full_forg\forgeries_26_10.png,26,10,forged,0,PNG,P,588,528,1.1136,173097,49bb5042fc928229614ede9fc3f5d2c46449d8943d3abbecffc507ee533f342b
forgeries_26_11.png,raw\signatures\full_forg\forgeries_26_11.png,26,11,forged,0,PNG,P,636,486,1.3086,162881,abd1d70a9607c61e7e12aeb5917673876cd4d6c8dcc1ab48d6e1095aa48e34d7
forgeries_26_12.png,raw\signatures\full_forg\forgeries_26_12.png,26,12,forged,0,PNG,P,636,570,1.1158,206546,28d9a52ee06aeb1b7890cc76fd79113c52764d0f64077729ee2cca044e4feb59
forgeries_26_13.png,raw\signatures\full_forg\forgeries_26_13.png,26,13,forged,0,PNG,P,612,324,1.8889,108873,1f76e548d8dbdd215b49693f6d543e3e04874cb3694dbf924ec4aea810041430
forgeries_26_14.png,raw\signatures\full_forg\forgeries_26_14.png,26,14,forged,0,PNG,P,612,276,2.2174,94327,53ffcffafd59eacb15c8a1da4bfcce116c23c9eae15c5f676587dc2c65801c1f
forgeries_26_15.png,raw\signatures\full_forg\forgeries_26_15.png,26,15,forged,0,PNG,P,606,288,2.1042,98772,e8dfa47f132ea5e67f07cbcce977763bb0a7f7395a3abe48062332a24c631260
forgeries_26_16.png,raw\signatures\full_forg\forgeries_26_16.png,26,16,forged,0,PNG,P,624,384,1.625,129286,628d0bfa9f2ba82678772e5cbfaceef700e1e11fbbc318318605a0cb61522631
forgeries_26_17.png,raw\signatures\full_forg\forgeries_26_17.png,26,17,forged,0,PNG,P,606,306,1.9804,98359,970bceabf14ed5f09285a3192749960927923eb93707a1ddf199312ebdc4f551
forgeries_26_18.png,raw\signatures\full_forg\forgeries_26_18.png,26,18,forged,0,PNG,P,582,372,1.5645,120264,a8e4e05b7629af97caa775c0b8f6eebe82e029f4672a1194c087fbda76daf207
forgeries_26_19.png,raw\signatures\full_forg\forgeries_26_19.png,26,19,forged,0,PNG,P,594,420,1.4143,134326,b502df080b9a984fb9425606ba803f7ac282f960e46fd2a3e430eae88d731ad3
forgeries_26_2.png,raw\signatures\full_forg\forgeries_26_2.png,26,2,forged,0,PNG,P,648,528,1.2273,185074,dc46f8b61454865e964f968c399dbdd636ae8c3f249ccb18b87fcfbab5face95
forgeries_26_20.png,raw\signatures\full_forg\forgeries_26_20.png,26,20,forged,0,PNG,P,600,498,1.2048,162238,42ddb1bc98488cd7043bc5d77329251aac2af09993c9597813e376d798445e52
forgeries_26_21.png,raw\signatures\full_forg\forgeries_26_21.png,26,21,forged,0,PNG,P,594,498,1.1928,172473,b213e74032e7510f06b7ffda53d6e3f04023d0dffb916b2ca6ece6b56d3552ea
forgeries_26_22.png,raw\signatures\full_forg\forgeries_26_22.png,26,22,forged,0,PNG,P,600,534,1.1236,181119,0365d0be4b193997463aae705919fdb811fbfb2d641d314d8299545de28c767c
forgeries_26_23.png,raw\signatures\full_forg\forgeries_26_23.png,26,23,forged,0,PNG,P,630,504,1.25,174284,8b261bcf252febfac738db39bde1cb53af4f8b52169b3b04fce36759e5d53d87
forgeries_26_24.png,raw\signatures\full_forg\forgeries_26_24.png,26,24,forged,0,PNG,P,600,264,2.2727,92458,1eeb4d4817438ccfe2d028bb8f3ef75444b30f8d9fb0b0e67db892c10f2ac0e7
forgeries_26_3.png,raw\signatures\full_forg\forgeries_26_3.png,26,3,forged,0,PNG,P,624,480,1.3,174494,e9f543e505b57c2aabfd3701e5af1d85f7fe6c31895d9444710f64c7f8b5c916
forgeries_26_4.png,raw\signatures\full_forg\forgeries_26_4.png,26,4,forged,0,PNG,P,606,570,1.0632,189008,d828ac0e945634a6e3d11978a04961992caefac3d05e4304cb98b36358d9f834
forgeries_26_5.png,raw\signatures\full_forg\forgeries_26_5.png,26,5,forged,0,PNG,P,570,558,1.0215,166548,16d6bced6799b21fa709c889c2671d95d32587b374215903399b1ae49b1de93a
forgeries_26_6.png,raw\signatures\full_forg\forgeries_26_6.png,26,6,forged,0,PNG,P,582,582,1.0,191009,b9e0c1901b82b4a718ffdaf895d1598165977c98c9322bb50c64079c66de57b6
forgeries_26_7.png,raw\signatures\full_forg\forgeries_26_7.png,26,7,forged,0,PNG,P,636,558,1.1398,191913,50e9094a3728384ac107a387f36b5d1591635cd657094c9d5dce5743dbe117c1
forgeries_26_8.png,raw\signatures\full_forg\forgeries_26_8.png,26,8,forged,0,PNG,P,570,570,1.0,173273,27c38a71a7d073778b743d906cd3d6a63a3463087cd3c3c87e4e5b863f92298b
forgeries_26_9.png,raw\signatures\full_forg\forgeries_26_9.png,26,9,forged,0,PNG,P,642,570,1.1263,210159,c872a0eb74ebc6ea33dbd321ff414317aa204e8f7f806adda49467e9933b33da
forgeries_27_1.png,raw\signatures\full_forg\forgeries_27_1.png,27,1,forged,0,PNG,P,390,342,1.1404,84960,1f8a7725233bb22375ad7bc8cd2412149b76d88c08bc08ef40a4582fa9c1ecfa
forgeries_27_10.png,raw\signatures\full_forg\forgeries_27_10.png,27,10,forged,0,PNG,P,288,306,0.9412,59640,5b5d799709ec37a66ba1b32891560e91cb72ee971e81f2e37072e7b16b659434
forgeries_27_11.png,raw\signatures\full_forg\forgeries_27_11.png,27,11,forged,0,PNG,P,384,324,1.1852,75396,fbdcc1d42e17c046bc573d1f22e84699093e4aef00c2c732f9b4eaf6bbbe09d2
forgeries_27_12.png,raw\signatures\full_forg\forgeries_27_12.png,27,12,forged,0,PNG,P,366,366,1.0,86415,8f25b1e205e0377765f4d6822a677fb442c819231210a61d6a2ede9c2e4ec0f7
forgeries_27_13.png,raw\signatures\full_forg\forgeries_27_13.png,27,13,forged,0,PNG,P,438,390,1.1231,104399,59828cadc1539f05be769b9bfb0884cf245a453ce5527aa27d4f27a8c5c75d56
forgeries_27_14.png,raw\signatures\full_forg\forgeries_27_14.png,27,14,forged,0,PNG,P,480,432,1.1111,120577,7f2150b01d61e7874c1fdb98d987a741a5d34dc88b836143b167c230038ed525
forgeries_27_15.png,raw\signatures\full_forg\forgeries_27_15.png,27,15,forged,0,PNG,P,486,462,1.0519,135998,ee49c08056e985a8d86ab66275081bf460bab76aeff5406241ea602db6debf79
forgeries_27_16.png,raw\signatures\full_forg\forgeries_27_16.png,27,16,forged,0,PNG,P,402,474,0.8481,115637,df57812967efd73d11427b3c04123cedb3f69ec3a8f772cdb62044278c8790eb
forgeries_27_17.png,raw\signatures\full_forg\forgeries_27_17.png,27,17,forged,0,PNG,P,444,462,0.961,120115,10bf683ac0857fffc171a0838d8b9031d78596bfc229c0817032757357f79fd5
forgeries_27_18.png,raw\signatures\full_forg\forgeries_27_18.png,27,18,forged,0,PNG,P,492,450,1.0933,133994,7a3c195633654750e1ff40bbe0663426ab46d1ae5432045db51519faa8091b9f
forgeries_27_19.png,raw\signatures\full_forg\forgeries_27_19.png,27,19,forged,0,PNG,P,432,456,0.9474,119924,df072c444f1e061af1c98270887d470de2f92657e9efe227ff420d454b239200
forgeries_27_2.png,raw\signatures\full_forg\forgeries_27_2.png,27,2,forged,0,PNG,P,354,318,1.1132,74543,95bba79ceb1711b946f31f1d11ecb68649bf1e7977cc665f70deec7eca423143
forgeries_27_20.png,raw\signatures\full_forg\forgeries_27_20.png,27,20,forged,0,PNG,P,414,402,1.0299,100763,0777bb1e45f11a95d3b95257b453cc4cd1e84d67d749451c4d1fbfca65622b5d
forgeries_27_21.png,raw\signatures\full_forg\forgeries_27_21.png,27,21,forged,0,PNG,P,306,348,0.8793,73132,c8e3e21cd61c2a32bfde86cea0f5ca545b80d05ac0ab4221202e655cbd0e7f54
forgeries_27_22.png,raw\signatures\full_forg\forgeries_27_22.png,27,22,forged,0,PNG,P,336,318,1.0566,72188,9e1ce93cb0d683d06b2422ca2a91e7d852ef13e26ecfee426a44f9e731a564c4
forgeries_27_23.png,raw\signatures\full_forg\forgeries_27_23.png,27,23,forged,0,PNG,P,372,324,1.1481,78508,aafead787bdab359ce1e2009c2730279c016342c8641e8bbe7325d60b80b16af
forgeries_27_24.png,raw\signatures\full_forg\forgeries_27_24.png,27,24,forged,0,PNG,P,474,474,1.0,134385,9b2d33020e4a26dd7709fce337935fba4209f622db98a45d5be78758b2278c16
forgeries_27_3.png,raw\signatures\full_forg\forgeries_27_3.png,27,3,forged,0,PNG,P,366,318,1.1509,77910,82cd53d1dbe6931d8f2b5553262b8662d64ccf0fa711a2b94cc18bcc0d8a7519
forgeries_27_4.png,raw\signatures\full_forg\forgeries_27_4.png,27,4,forged,0,PNG,P,318,336,0.9464,71434,b8b5a50ed50127676de0957b9c1cf23274b81d0bb8d560e7dc22dc288ab492f6
forgeries_27_5.png,raw\signatures\full_forg\forgeries_27_5.png,27,5,forged,0,PNG,P,294,378,0.7778,71095,7d87180d445674d70708c7b7359c8a0721f6f08df367909cc2ec46fed55cd326
forgeries_27_6.png,raw\signatures\full_forg\forgeries_27_6.png,27,6,forged,0,PNG,P,324,372,0.871,79163,356ad57fee511edc55c4f5d4efaa5cddbb1abe56d72438b50863f5e7d684f91c
forgeries_27_7.png,raw\signatures\full_forg\forgeries_27_7.png,27,7,forged,0,PNG,P,396,396,1.0,97982,63bdbfba525a817519d258a694b585b09f6bcfab7dd3df3e55b1e673ea229b2f
forgeries_27_8.png,raw\signatures\full_forg\forgeries_27_8.png,27,8,forged,0,PNG,P,372,348,1.069,79957,ed26cec011360c1e1560b8e7c76b0c8ac7302efe25ee9b5844e80467943c2946
forgeries_27_9.png,raw\signatures\full_forg\forgeries_27_9.png,27,9,forged,0,PNG,P,300,372,0.8065,74733,b42c0dc15a487dd501b2692b3dcd74223b588679f6001b1f1a50d1957b142251
forgeries_28_1.png,raw\signatures\full_forg\forgeries_28_1.png,28,1,forged,0,PNG,P,450,330,1.3636,19468,6552e00e2c5c4cae5a8c98bc129be7845a28ef7590a647d7e07c5de30aa5b249
forgeries_28_10.png,raw\signatures\full_forg\forgeries_28_10.png,28,10,forged,0,PNG,P,456,390,1.1692,19698,5d6dd999193857d06bd7e7e360e99a20724a234f1aca21907d5541f3de820585
forgeries_28_11.png,raw\signatures\full_forg\forgeries_28_11.png,28,11,forged,0,PNG,P,387,331,1.1692,14794,ec1fa6d42d0bd5481ac3455704d2e3457509eae247296a2a222513ba00129ad7
forgeries_28_12.png,raw\signatures\full_forg\forgeries_28_12.png,28,12,forged,0,PNG,P,456,324,1.4074,20034,a00044f94d46ee6c8ffe00e09a9495fb8dd54192e573c96147d0202a81c9d237
forgeries_28_13.png,raw\signatures\full_forg\forgeries_28_13.png,28,13,forged,0,PNG,P,348,264,1.3182,20620,40668900a6ecbe214f972694c016584450ab91345473c32d897a9093fe9e472f
forgeries_28_14.png,raw\signatures\full_forg\forgeries_28_14.png,28,14,forged,0,PNG,P,342,264,1.2955,14432,436d731eb342ca0a2d5c907f77a5a49cd2ff8754c372dfc8463b5a79f5bba413
forgeries_28_15.png,raw\signatures\full_forg\forgeries_28_15.png,28,15,forged,0,PNG,P,360,276,1.3043,22296,67dea320e89ce0e092e1a141fd561244d812f8bc6969145533812d7cf874116b
forgeries_28_16.png,raw\signatures\full_forg\forgeries_28_16.png,28,16,forged,0,PNG,P,348,324,1.0741,22436,d6ed0cfa7c75f675c51911d9189577770fcca23acff65ec7702b73af49bf294b
forgeries_28_17.png,raw\signatures\full_forg\forgeries_28_17.png,28,17,forged,0,PNG,P,342,288,1.1875,15346,3c7abe875a84f88653cbf00d9ce4bab94086132b3bfce69206d5694828c6b15e
forgeries_28_18.png,raw\signatures\full_forg\forgeries_28_18.png,28,18,forged,0,PNG,P,378,306,1.2353,22699,d9f4632f81c8469c435634b89151e754212b10e3e17023b5ccd25ca5d46baa12
forgeries_28_19.png,raw\signatures\full_forg\forgeries_28_19.png,28,19,forged,0,PNG,P,354,270,1.3111,19553,2acda2a250b2e737177bf67c62de3db5a3f21df680ab0ac7f57e46f3e1d28ee4
forgeries_28_2.png,raw\signatures\full_forg\forgeries_28_2.png,28,2,forged,0,PNG,P,414,330,1.2545,18152,9cbddf1341c8ae4097429e7ef0b2c7daebcc80671ed8fb9b556d7e909fa98753
forgeries_28_20.png,raw\signatures\full_forg\forgeries_28_20.png,28,20,forged,0,PNG,P,462,354,1.3051,25296,ea2488b42262df5c8c72e461b42f2dffd3492c2768d629113a7cb0fe9a60a627
forgeries_28_21.png,raw\signatures\full_forg\forgeries_28_21.png,28,21,forged,0,PNG,P,540,354,1.5254,36563,6763337c131b68326f3f50b173d6dd593a9c650510fe199976e85a7d713bf805
forgeries_28_22.png,raw\signatures\full_forg\forgeries_28_22.png,28,22,forged,0,PNG,P,504,348,1.4483,32265,9b1af1463829805ef70c27817eecd3f99b96b098feeaf7cf1e8c7657ed1e6631
forgeries_28_23.png,raw\signatures\full_forg\forgeries_28_23.png,28,23,forged,0,PNG,P,467,345,1.3536,26208,52abe20a639a6ab46149be1ef80156b88732f5b3bc4936c4f2e385c483b4a5bb
forgeries_28_24.png,raw\signatures\full_forg\forgeries_28_24.png,28,24,forged,0,PNG,P,390,276,1.413,21943,97ff436d656364ac66992fc0d65d1553d73d93e63af77045f8445285570e8900
forgeries_28_3.png,raw\signatures\full_forg\forgeries_28_3.png,28,3,forged,0,PNG,P,438,348,1.2586,22976,cbb5c128f197819e797e4ae805bf8297deba69160f1856917a6dd0d174abba6a
forgeries_28_4.png,raw\signatures\full_forg\forgeries_28_4.png,28,4,forged,0,PNG,P,390,306,1.2745,11973,5ca55ae0f89ef1980d10ab38009faafc705344f5e19307300a36fc13fafb22aa
forgeries_28_5.png,raw\signatures\full_forg\forgeries_28_5.png,28,5,forged,0,PNG,P,360,276,1.3043,13798,f0d27a24ddfbaa02cfb7a8c8944e038dac47ece68b3f59ec7eba0166acd5a04d
forgeries_28_6.png,raw\signatures\full_forg\forgeries_28_6.png,28,6,forged,0,PNG,P,384,318,1.2075,18006,8eef9115747e6e309f604df0b304475d4290287668cb4bf9a4cd35fda8eb4102
forgeries_28_7.png,raw\signatures\full_forg\forgeries_28_7.png,28,7,forged,0,PNG,P,378,384,0.9844,17675,43754e87a5965ea95687f344b8277f8b4e2d1b13c3bcb0ea9c4dda58ec47fe15
forgeries_28_8.png,raw\signatures\full_forg\forgeries_28_8.png,28,8,forged,0,PNG,P,414,312,1.3269,17109,49810b8a15e042384f3c1a9544c55934800f50f45ab0a7c35a289ded04057e69
forgeries_28_9.png,raw\signatures\full_forg\forgeries_28_9.png,28,9,forged,0,PNG,P,408,342,1.193,17991,c60a8fd1d7fea8a7a7ffcfef0a115dfba1a5f8792b1ec466cb7e546facbaa918
forgeries_29_1.png,raw\signatures\full_forg\forgeries_29_1.png,29,1,forged,0,PNG,RGBA,636,276,2.3043,39714,e517862b24f804276fb5a2468d687c325ed977b3c656fbec64ef8c165ac00146
forgeries_29_10.png,raw\signatures\full_forg\forgeries_29_10.png,29,10,forged,0,PNG,RGBA,606,252,2.4048,42030,527828f2db5199fca03f081c74463cbde6b7c878ca6a6d1af9c3664693c49d85
forgeries_29_11.png,raw\signatures\full_forg\forgeries_29_11.png,29,11,forged,0,PNG,RGBA,561,227,2.4714,27915,4051e163122e6251c5508db1b8d20266930d1ef688ecc5947097321c728f88c0
forgeries_29_12.png,raw\signatures\full_forg\forgeries_29_12.png,29,12,forged,0,PNG,RGBA,648,264,2.4545,36237,b3983bd87ccf175e659669ef1c1115592b30f58ef5113677ef2a2f5a0cfef6b0
forgeries_29_13.png,raw\signatures\full_forg\forgeries_29_13.png,29,13,forged,0,PNG,RGBA,534,336,1.5893,46751,80c787bf59ce2b76939ee452b11edbf04ef63f6f8357c37e48691a256c6d56cf
forgeries_29_14.png,raw\signatures\full_forg\forgeries_29_14.png,29,14,forged,0,PNG,RGBA,636,288,2.2083,51640,c8d5d2e4e40c556ad87e0a22cc2248d63f787d94553f9e262406174a1624e60f
forgeries_29_15.png,raw\signatures\full_forg\forgeries_29_15.png,29,15,forged,0,PNG,RGBA,546,270,2.0222,46705,9dac7033b3f85d3ce8d367968c648a8c686dd35692dd5b9de5e7408fad464139
forgeries_29_16.png,raw\signatures\full_forg\forgeries_29_16.png,29,16,forged,0,PNG,RGBA,552,288,1.9167,47014,a8ea3d38a221ce6796da366b74107394c56fa9812a0f70b61cca8c775e287982
forgeries_29_17.png,raw\signatures\full_forg\forgeries_29_17.png,29,17,forged,0,PNG,RGBA,564,246,2.2927,42106,e979f2365e358cef813a77be68a3ca7e384fed29f46f21a4725bd3c5b570fe0e
forgeries_29_18.png,raw\signatures\full_forg\forgeries_29_18.png,29,18,forged,0,PNG,RGBA,564,312,1.8077,50941,1556aed98b854c5050b9af796fa9e3e8ba4a7e6043cc486a192ebce494b9f339
forgeries_29_19.png,raw\signatures\full_forg\forgeries_29_19.png,29,19,forged,0,PNG,RGBA,564,294,1.9184,48135,9874e1826b7de7701ff7c678f49173750f7847a5f44310dd71404921433a54f8
forgeries_29_2.png,raw\signatures\full_forg\forgeries_29_2.png,29,2,forged,0,PNG,RGBA,630,282,2.234,31953,58c4b292376cc32e7ae2f68f647101a2c3445cdc1ff5b13f3f84dec7aa24525f
forgeries_29_20.png,raw\signatures\full_forg\forgeries_29_20.png,29,20,forged,0,PNG,RGBA,624,264,2.3636,50358,ed7ab6ea2ad7ece35881f4ede11550f28987f46ba0d517e7a42e480287550b21
forgeries_29_21.png,raw\signatures\full_forg\forgeries_29_21.png,29,21,forged,0,PNG,RGBA,564,294,1.9184,51795,6de14d0043855f4e0e6dd98eea9c9ac4d49d04d97655807c23f516b9261baad5
forgeries_29_22.png,raw\signatures\full_forg\forgeries_29_22.png,29,22,forged,0,PNG,RGBA,576,252,2.2857,50933,d5c3eea508f4e59c976e217799a5ebf5f1865d121c3472a952f622649ffe9e2e
forgeries_29_23.png,raw\signatures\full_forg\forgeries_29_23.png,29,23,forged,0,PNG,RGBA,589,226,2.6062,45361,7e1250826041d4e166fa43cf64f9cf532d0484755be3c29ae6598c7458781eaa
forgeries_29_24.png,raw\signatures\full_forg\forgeries_29_24.png,29,24,forged,0,PNG,RGBA,558,270,2.0667,44550,8829d228364131ab89b21366e30f0eb1af274cc1dbd71057d15b0d5002517e02
forgeries_29_3.png,raw\signatures\full_forg\forgeries_29_3.png,29,3,forged,0,PNG,RGBA,594,294,2.0204,38729,1eca7e72f1d9abdf880a51cbc07ce850d65547c7054380603c450649446dad24
forgeries_29_4.png,raw\signatures\full_forg\forgeries_29_4.png,29,4,forged,0,PNG,RGBA,588,264,2.2273,38116,de402e554aa935b4224029f0e3b810cda652694ce2f30722604f9c5138ad3d78
forgeries_29_5.png,raw\signatures\full_forg\forgeries_29_5.png,29,5,forged,0,PNG,RGBA,582,270,2.1556,26775,7753c2a8389fb07dcf408b37e10b50e536ba8c4e1eb5e0e4f921cb9e2d8d00bd
forgeries_29_6.png,raw\signatures\full_forg\forgeries_29_6.png,29,6,forged,0,PNG,RGBA,582,282,2.0638,36847,df17b67de101b55268b9336160e71c9fadc52d112b6fb1bf3974286f0b89f9ec
forgeries_29_7.png,raw\signatures\full_forg\forgeries_29_7.png,29,7,forged,0,PNG,RGBA,612,276,2.2174,41254,1f53b8dcaceaf49e9b2dfa67c0d9ce4f52441ae65ff48b91a4834ec09b3c7eec
forgeries_29_8.png,raw\signatures\full_forg\forgeries_29_8.png,29,8,forged,0,PNG,RGBA,606,223,2.7175,27493,48700a370b690493ef98b5a7391dd296b90cac7a9fd299eb63221b63ff8d2b1f
forgeries_29_9.png,raw\signatures\full_forg\forgeries_29_9.png,29,9,forged,0,PNG,RGBA,594,246,2.4146,41030,c9d3039e727f60cf88a3024db768957e64140e093374af56a77a86447adc599a
forgeries_2_1.png,raw\signatures\full_forg\forgeries_2_1.png,2,1,forged,0,PNG,P,648,282,2.2979,51325,f938a02b80de7a11b630126050f44cf53e138221372badcd41a98a87586a1b28
forgeries_2_10.png,raw\signatures\full_forg\forgeries_2_10.png,2,10,forged,0,PNG,P,612,306,2.0,50352,dee96aa720bc8db8f5343e6f60b77ffb1c94caf2c5ee3d1982a56cc18f3c088a
forgeries_2_11.png,raw\signatures\full_forg\forgeries_2_11.png,2,11,forged,0,PNG,P,642,216,2.9722,33623,ec549d3422b9d7d1d87397e43792248a52b9eb54afc51e84d4ccd6d80aa62293
forgeries_2_12.png,raw\signatures\full_forg\forgeries_2_12.png,2,12,forged,0,PNG,P,636,306,2.0784,52524,4ed0f4194291772da28b8f7bd723c055961b1dc7e3dc565b65e6e6a4420a7bab
forgeries_2_13.png,raw\signatures\full_forg\forgeries_2_13.png,2,13,forged,0,PNG,P,630,288,2.1875,61289,5d3d97140fa0b5a8a4f2678018627f2939111c6dd7891db642d9e73691b7410e
forgeries_2_14.png,raw\signatures\full_forg\forgeries_2_14.png,2,14,forged,0,PNG,P,618,294,2.102,52704,01c5428e1067412d5902dcd65eb67ffd8b5841adacff919a8b76f38011433d76
forgeries_2_15.png,raw\signatures\full_forg\forgeries_2_15.png,2,15,forged,0,PNG,P,594,264,2.25,63810,98c9a74b2457c1c7f3d562514d680107e9989bfc7d5aec5ecaa176e700d47d43
forgeries_2_16.png,raw\signatures\full_forg\forgeries_2_16.png,2,16,forged,0,PNG,P,564,306,1.8431,55924,7ab618956f6811396627794aac38bd9d8b5f282b877d9e225d126d31da38064e
forgeries_2_17.png,raw\signatures\full_forg\forgeries_2_17.png,2,17,forged,0,PNG,P,624,240,2.6,52412,bb49fe8a9c954c09d40bdf3d41e55820a405ced83fbb35352512a57fbae64132
forgeries_2_18.png,raw\signatures\full_forg\forgeries_2_18.png,2,18,forged,0,PNG,P,618,276,2.2391,64085,c6fe00f18261e0bb9a9514bf1cf6687f428a4d03913c8279f3bc7e4dede9bc0d
forgeries_2_19.png,raw\signatures\full_forg\forgeries_2_19.png,2,19,forged,0,PNG,P,600,282,2.1277,54834,c5613ee14068442a6480dac475b267eec4a8600f1a82ea95f518b24228ceea7e
forgeries_2_2.png,raw\signatures\full_forg\forgeries_2_2.png,2,2,forged,0,PNG,P,624,282,2.2128,37996,9e80c5c79ccdf0d144173ad626541a8d174fa01a500e5951e65a4188c4341936
forgeries_2_20.png,raw\signatures\full_forg\forgeries_2_20.png,2,20,forged,0,PNG,P,600,276,2.1739,49120,b8a7033f91a468abe1d6dd16fe0a0bd66db7cec71af6088f07b1d8c766a93fb3
forgeries_2_21.png,raw\signatures\full_forg\forgeries_2_21.png,2,21,forged,0,PNG,P,522,276,1.8913,52012,e029f8f935a34605c8fc9486795fc5b8d539a48ff3d49bdce77e38c96cda8cc5
forgeries_2_22.png,raw\signatures\full_forg\forgeries_2_22.png,2,22,forged,0,PNG,P,588,270,2.1778,55198,38f3dde5026d6baf3659af70ec709e46b8f1cf4309764ed4d329f9310e59a926
forgeries_2_23.png,raw\signatures\full_forg\forgeries_2_23.png,2,23,forged,0,PNG,P,624,276,2.2609,51081,b9c545e51fcf7e2d1f2eabd98ede4f8a5cec31e62dd253cfb5f7bc8bc46b6eb1
forgeries_2_24.png,raw\signatures\full_forg\forgeries_2_24.png,2,24,forged,0,PNG,P,660,270,2.4444,71737,9ceb7bd65d3ae2f0a6e29566785983bdccbc6a98e0926f7e422bf47aefade180
forgeries_2_3.png,raw\signatures\full_forg\forgeries_2_3.png,2,3,forged,0,PNG,P,624,282,2.2128,46442,27968f56f5198623071f0de5de9326b6646625c9440532afaa772193e00d3bea
forgeries_2_4.png,raw\signatures\full_forg\forgeries_2_4.png,2,4,forged,0,PNG,P,636,264,2.4091,46031,245143e0b4d45260514a62a49e2393baac4273f922db4ade5ac8c9efcecc8591
forgeries_2_5.png,raw\signatures\full_forg\forgeries_2_5.png,2,5,forged,0,PNG,P,582,258,2.2558,31340,83d1a3def26fe9e62ce0185f2ec0b197c4294a2d809e521fa9a11f032d956c45
forgeries_2_6.png,raw\signatures\full_forg\forgeries_2_6.png,2,6,forged,0,PNG,P,642,324,1.9815,51462,1ee616df0f51b731a7fec8402c95f81aabc103ec7af46b9dadf16ac2d63a6f8b
forgeries_2_7.png,raw\signatures\full_forg\forgeries_2_7.png,2,7,forged,0,PNG,P,636,300,2.12,51019,0217d4bbf32eebcbbd76850f89c71e201e55f2d22cc83adf510adbb6a94945a9
forgeries_2_8.png,raw\signatures\full_forg\forgeries_2_8.png,2,8,forged,0,PNG,P,654,378,1.7302,41938,7c0198cc37ef0114aa6b780b3335bf87b7aa8aa84371ae4001d0f691efcb2dc8
forgeries_2_9.png,raw\signatures\full_forg\forgeries_2_9.png,2,9,forged,0,PNG,P,648,300,2.16,54519,0f1d6c4a459d9eb3def2e4d0535f71bb3c6487ee22e91e62ab7f2e1f230bedba
forgeries_30_1.png,raw\signatures\full_forg\forgeries_30_1.png,30,1,forged,0,PNG,P,630,414,1.5217,96768,10717ffcfa854181924e33552f9e22cad1b007bdb8743f6e2d95a2ef15e1faed
forgeries_30_10.png,raw\signatures\full_forg\forgeries_30_10.png,30,10,forged,0,PNG,P,612,294,2.0816,54217,205713f882723bccf3f0be2293adf57612731e6c4ef0ad523d1faabc1b3bf841
forgeries_30_11.png,raw\signatures\full_forg\forgeries_30_11.png,30,11,forged,0,PNG,P,561,216,2.5972,44464,fee47212961ef8a0b0bdb35869ac0f3ea6f9be6630a9b5e601a3c11a2030d9a8
forgeries_30_12.png,raw\signatures\full_forg\forgeries_30_12.png,30,12,forged,0,PNG,P,594,348,1.7069,84198,b8eed2122458d0e80ac1576fdaa4c2b769cf0a3c7139ab01ac0c9dae7e36a15d
forgeries_30_13.png,raw\signatures\full_forg\forgeries_30_13.png,30,13,forged,0,PNG,P,552,408,1.3529,95432,2453175f8af36c8bd38dcf9d8fcbaa98d2aa7717adaafcc4e220fa0120e827c9
forgeries_30_14.png,raw\signatures\full_forg\forgeries_30_14.png,30,14,forged,0,PNG,P,546,378,1.4444,76421,abbc11b1e190d31fe710a65b6c981c4ffd4db2fe3824c8e270ffc21575cff7cd
forgeries_30_15.png,raw\signatures\full_forg\forgeries_30_15.png,30,15,forged,0,PNG,P,552,420,1.3143,95419,0725e5987b53881d622691eddafe8ffe27aa465286d45bab5c0cd42fc4f129d4
forgeries_30_16.png,raw\signatures\full_forg\forgeries_30_16.png,30,16,forged,0,PNG,P,504,408,1.2353,86701,3b2b653e0f112dde41a88fa494ad0ab6f2cf6779f14d8e433d344f8355917266
forgeries_30_17.png,raw\signatures\full_forg\forgeries_30_17.png,30,17,forged,0,PNG,P,534,402,1.3284,78583,64e7a5019754c4b5fd11bc39dc4c9f9b247c2becd29c2d9271cf59257e7b7a6d
forgeries_30_18.png,raw\signatures\full_forg\forgeries_30_18.png,30,18,forged,0,PNG,P,504,396,1.2727,83849,f99d2ef222f7a3386e5c61c8fcafceb0b52e4cb64f0fc693b7a60f79a950a9bf
forgeries_30_19.png,raw\signatures\full_forg\forgeries_30_19.png,30,19,forged,0,PNG,P,486,336,1.4464,72385,57543219e8124d38a127afbe343a95aa307b56a98c80e38ef56d872a315c2418
forgeries_30_2.png,raw\signatures\full_forg\forgeries_30_2.png,30,2,forged,0,PNG,P,636,396,1.6061,79231,4929ef11d72fad2a3d21b4b8e4ef850f84b77493609558b1b2de34022652abfc
forgeries_30_20.png,raw\signatures\full_forg\forgeries_30_20.png,30,20,forged,0,PNG,P,606,402,1.5075,86665,0f22196b4a691bdb297cb9bbc1a23ee6fe6063a1df21428da560e65353a7508d
forgeries_30_21.png,raw\signatures\full_forg\forgeries_30_21.png,30,21,forged,0,PNG,P,642,420,1.5286,124473,bfd5d276b98055c72c38154241cf4c1603ea1b9710a821f23ba2bb75470063b0
forgeries_30_22.png,raw\signatures\full_forg\forgeries_30_22.png,30,22,forged,0,PNG,P,576,337,1.7092,89857,d241cba2717697bb4533b1dd196bcabf8138c9d1f1f631c1df48feb92b7829d1
forgeries_30_23.png,raw\signatures\full_forg\forgeries_30_23.png,30,23,forged,0,PNG,P,675,422,1.5995,110059,387989d70353444989d12ce161a822670bec7108654fab2169aac6fcbe1fcae1
forgeries_30_24.png,raw\signatures\full_forg\forgeries_30_24.png,30,24,forged,0,PNG,P,528,438,1.2055,98911,65b1c7bddcbefbd4a8fd5b8beee72cbdc7f8229b6953065785860db499b1e7df
forgeries_30_3.png,raw\signatures\full_forg\forgeries_30_3.png,30,3,forged,0,PNG,P,618,396,1.5606,96350,88f56d4acb58cf9f810f02d818fb445ec0cca7e43a665355ba130faa241a3481
forgeries_30_4.png,raw\signatures\full_forg\forgeries_30_4.png,30,4,forged,0,PNG,P,618,294,2.102,55770,d71bf6de6da55bcdb18fb06e8ddc431f771b01792e64365ec9db5032d935a246
forgeries_30_5.png,raw\signatures\full_forg\forgeries_30_5.png,30,5,forged,0,PNG,P,618,318,1.9434,44419,c956abb4a4959f67a31bbe583da01befe76d003eaf4f24c02f6f7088d61d3aa1
forgeries_30_6.png,raw\signatures\full_forg\forgeries_30_6.png,30,6,forged,0,PNG,P,630,324,1.9444,63563,041e0334729fdca014c02b0c65aed88df41a8dcf233217c6977c3a3408e86a15
forgeries_30_7.png,raw\signatures\full_forg\forgeries_30_7.png,30,7,forged,0,PNG,P,600,282,2.1277,53121,98f9b3f5187d9b04302ff6040f4804b19035a0405e022d97c8d6a0fe61153747
forgeries_30_8.png,raw\signatures\full_forg\forgeries_30_8.png,30,8,forged,0,PNG,P,606,324,1.8704,49272,bb3887675a380a640aaf799c1458fe9e94f7151fb4079ed2198d0eb27f4b684f
forgeries_30_9.png,raw\signatures\full_forg\forgeries_30_9.png,30,9,forged,0,PNG,P,600,288,2.0833,61024,a53a93b2a8e7177aff94e6ea6d38c2102c0365115f9c07c3790c0c728d4449bb
forgeries_31_1.png,raw\signatures\full_forg\forgeries_31_1.png,31,1,forged,0,PNG,P,492,396,1.2424,80162,48cd9f4d9fb615ae64d702ef5519e56fe0b8196de40a12aca113dc10b909b738
forgeries_31_10.png,raw\signatures\full_forg\forgeries_31_10.png,31,10,forged,0,PNG,P,636,432,1.4722,130747,796ea5b4fa1d1bdd96b59bc27588ba5a5b75918ba032828fbfdb1f053a1c0cdf
forgeries_31_11.png,raw\signatures\full_forg\forgeries_31_11.png,31,11,forged,0,PNG,P,630,432,1.4583,113459,ecd35a17ab8edd96f218ea30533d2399230b81de715c4bfd8fdc96440eff6bff
forgeries_31_12.png,raw\signatures\full_forg\forgeries_31_12.png,31,12,forged,0,PNG,P,534,384,1.3906,89949,67686091755a7b40b9292d2cb6c7fff7b5a1ebf97184afe2b46322455920b259
forgeries_31_13.png,raw\signatures\full_forg\forgeries_31_13.png,31,13,forged,0,PNG,P,420,366,1.1475,80724,250d11ef1d9602d07a37d473d59a2f581dea318f9e208d317a6e05c8bbff6d6f
forgeries_31_14.png,raw\signatures\full_forg\forgeries_31_14.png,31,14,forged,0,PNG,P,492,360,1.3667,74776,fc3b290e7bcecb0441a85f35173abf1b8e9ead77d4f67196970a68151db41a4b
forgeries_31_15.png,raw\signatures\full_forg\forgeries_31_15.png,31,15,forged,0,PNG,P,504,384,1.3125,96484,025424aafed7f9ff649f4a18124379c4656fc21afccf7fcd193a88fafeaa24c8
forgeries_31_16.png,raw\signatures\full_forg\forgeries_31_16.png,31,16,forged,0,PNG,P,480,414,1.1594,98191,f4f8251254cc5decd41311d39900e5c206d16648bc0139b6d8a6085c05264425
forgeries_31_17.png,raw\signatures\full_forg\forgeries_31_17.png,31,17,forged,0,PNG,P,498,354,1.4068,80762,6a851eb9de0425c08d4630676c3012d2356981b76e1da16384a9c1d530bc6af7
forgeries_31_18.png,raw\signatures\full_forg\forgeries_31_18.png,31,18,forged,0,PNG,P,450,402,1.1194,89907,8c10c0b09b62c8439cda08d69d0e9e0bce7163f8980853cf3e6d0b912c42a062
forgeries_31_19.png,raw\signatures\full_forg\forgeries_31_19.png,31,19,forged,0,PNG,P,474,348,1.3621,84550,88d9570cbd6f306ca1d7cfe1ea5035d0113d7df2484282e1d55ec46ec59b7120
forgeries_31_2.png,raw\signatures\full_forg\forgeries_31_2.png,31,2,forged,0,PNG,P,486,414,1.1739,70657,5180e36d864d287c8009d22cb09ddd9b27d434664a7710f4cded3b79ae011beb
forgeries_31_20.png,raw\signatures\full_forg\forgeries_31_20.png,31,20,forged,0,PNG,P,462,372,1.2419,75844,2dc036be5053c6a841c06a4eec3fdd501abcba8ce90ca513d0baaed517ee95d5
forgeries_31_21.png,raw\signatures\full_forg\forgeries_31_21.png,31,21,forged,0,PNG,P,432,390,1.1077,86831,30e70de522a2a03e67fb020b99ddfdb8c995169ea4ebdfb1b138c54f187af543
forgeries_31_22.png,raw\signatures\full_forg\forgeries_31_22.png,31,22,forged,0,PNG,P,480,384,1.25,92153,b09c71faf7c9025859301ef9b5e846b4560f86b7938acd4bef6211dbc45d503a
forgeries_31_23.png,raw\signatures\full_forg\forgeries_31_23.png,31,23,forged,0,PNG,P,504,366,1.377,86866,f8e89739c6def0491a9c2708f7f373b0b8db3dd1929026a73fd54982bfa3c0a0
forgeries_31_24.png,raw\signatures\full_forg\forgeries_31_24.png,31,24,forged,0,PNG,P,462,366,1.2623,86680,c636a0204a6070e2a3a49a51f06d58d1eb2da69162a58bd8eb8f99793a7a813d
forgeries_31_3.png,raw\signatures\full_forg\forgeries_31_3.png,31,3,forged,0,PNG,P,516,432,1.1944,97855,4adbee011cdfc0b81d742bd086b5ea7bdcdfd2fd88a35dec49d01cc63088302d
forgeries_31_4.png,raw\signatures\full_forg\forgeries_31_4.png,31,4,forged,0,PNG,P,642,414,1.5507,132050,ac11d8386d6728859b3daf6037fc8bd0f704854f2686b1aaa0d87c00f03831b9
forgeries_31_5.png,raw\signatures\full_forg\forgeries_31_5.png,31,5,forged,0,PNG,P,630,438,1.4384,123795,ebf56a95fa1896862f98283b33997268e13561514b2d2f248f8bb01d06f47ef5
forgeries_31_6.png,raw\signatures\full_forg\forgeries_31_6.png,31,6,forged,0,PNG,P,636,438,1.4521,133969,250e24a6e2ca225e9e20f4ecdd366063510eca7e23c9b13e80be4f1b5ed0d4d8
forgeries_31_7.png,raw\signatures\full_forg\forgeries_31_7.png,31,7,forged,0,PNG,P,636,384,1.6562,128279,965cf76620de7acf6e78357f309b2cc94bc1a4cfcb7c7cc8e8b0b6ebeb6bca35
forgeries_31_8.png,raw\signatures\full_forg\forgeries_31_8.png,31,8,forged,0,PNG,P,630,444,1.4189,126575,27984ce3d915e6ab5941e462a1312f70cd182814d4fd4a73d64b98fbac548381
forgeries_31_9.png,raw\signatures\full_forg\forgeries_31_9.png,31,9,forged,0,PNG,P,642,492,1.3049,143585,d5d6acd083845a388b747e82a19947337afcb440d3e830611b6d74a8fa382591
forgeries_32_1.png,raw\signatures\full_forg\forgeries_32_1.png,32,1,forged,0,PNG,P,654,288,2.2708,96061,cc8a019ad8db7c97cc2f65c685297a15b855984018aff9eefca848ffe34580f1
forgeries_32_10.png,raw\signatures\full_forg\forgeries_32_10.png,32,10,forged,0,PNG,P,642,252,2.5476,86094,e7f31671fc31b70b4b11012fd0d446b1a805092d16c78bc830b678c2c8a6d720
forgeries_32_11.png,raw\signatures\full_forg\forgeries_32_11.png,32,11,forged,0,PNG,P,642,228,2.8158,72222,b6557c4c4d4a5ededa7ec9db3511a434bcc56e335b908a04b19c333ca655c12c
forgeries_32_12.png,raw\signatures\full_forg\forgeries_32_12.png,32,12,forged,0,PNG,P,630,318,1.9811,83382,f5f8f8ec89ba595ffd163deac0c893d85d33bff6e88215493af60e15185d9857
forgeries_32_13.png,raw\signatures\full_forg\forgeries_32_13.png,32,13,forged,0,PNG,P,564,264,2.1364,68263,e55ee42f401e8789e55db9c38f04eaca382b13ef889378958f239c98f1194e7a
forgeries_32_14.png,raw\signatures\full_forg\forgeries_32_14.png,32,14,forged,0,PNG,P,576,270,2.1333,54774,30838cdf804c037e3404b7ee208aeda3e409a3a33fe5e2823c63d1dad708aea5
forgeries_32_15.png,raw\signatures\full_forg\forgeries_32_15.png,32,15,forged,0,PNG,P,570,276,2.0652,74530,a97f7221b29c771853336f8b1c12242de7090a975c3e17a0c66b977356de91e2
forgeries_32_16.png,raw\signatures\full_forg\forgeries_32_16.png,32,16,forged,0,PNG,P,552,264,2.0909,66293,2c045aff9d38e9982ad265e21a6f9ff994953ba15924c4adba42ee2907b1cd25
forgeries_32_17.png,raw\signatures\full_forg\forgeries_32_17.png,32,17,forged,0,PNG,P,564,264,2.1364,57125,50f24b58c6d7089e39d8d85d1086ad1ad9471ed831a37a4cdac9bf466d936777
forgeries_32_18.png,raw\signatures\full_forg\forgeries_32_18.png,32,18,forged,0,PNG,P,600,276,2.1739,79990,5606dee5ceea168725dab80f5d207905d6fa038bf35c0f677b5093d755175d2d
forgeries_32_19.png,raw\signatures\full_forg\forgeries_32_19.png,32,19,forged,0,PNG,P,636,264,2.4091,77506,3bcd1a33734732a25d77481e945f9dfd589c2e10f589d4b45a26bf7379e52c3b
forgeries_32_2.png,raw\signatures\full_forg\forgeries_32_2.png,32,2,forged,0,PNG,P,630,216,2.9167,80088,3bf9800b9324116d231b595eb2d8cc3b15860bd35def2a6a880de8fa2a5732eb
forgeries_32_20.png,raw\signatures\full_forg\forgeries_32_20.png,32,20,forged,0,PNG,P,606,246,2.4634,59575,3f8531b5e61d890d09ab1768f35a1fd9d48ace1f0bc8d5313f6d4bb4b204d860
forgeries_32_21.png,raw\signatures\full_forg\forgeries_32_21.png,32,21,forged,0,PNG,P,630,246,2.561,77657,151e332c19ad49ce0e0392ad53e0f37048f9410c3d2f4e376e6b9794598408af
forgeries_32_22.png,raw\signatures\full_forg\forgeries_32_22.png,32,22,forged,0,PNG,P,594,276,2.1522,74744,841e0bfd41c16c6d0b5bce1077998d83bd36cf331a3001a64d8835448602ad3a
forgeries_32_23.png,raw\signatures\full_forg\forgeries_32_23.png,32,23,forged,0,PNG,P,570,264,2.1591,60148,2a04ab25d40b106c838172143afc59cff11568323c00dc59bc1679ab6675b3fe
forgeries_32_24.png,raw\signatures\full_forg\forgeries_32_24.png,32,24,forged,0,PNG,P,606,282,2.1489,78858,e1ec823932d1e2d0833f2801e0fe52f2122db3f650094ad2816409c3dde631f7
forgeries_32_3.png,raw\signatures\full_forg\forgeries_32_3.png,32,3,forged,0,PNG,P,648,258,2.5116,77373,ef4cd8bbeed2e38067f7690885b09cffdaeb376fd3c0b02c0bbbf35d38b8a4c1
forgeries_32_4.png,raw\signatures\full_forg\forgeries_32_4.png,32,4,forged,0,PNG,P,636,276,2.3043,88129,e247d7874b59ff627ed19a2580f3c216b7f38f65716b810d93673410056a8e49
forgeries_32_5.png,raw\signatures\full_forg\forgeries_32_5.png,32,5,forged,0,PNG,P,552,300,1.84,76156,ff9989b74bfebdb9897bfbc6f68104bfe68ae92dc373c380220426bb5f3edc24
forgeries_32_6.png,raw\signatures\full_forg\forgeries_32_6.png,32,6,forged,0,PNG,P,570,330,1.7273,72564,12bc214c62a4ce12bd46ddbca0e8b64019a9867536ea5a4f7c81d7ee2b400052
forgeries_32_7.png,raw\signatures\full_forg\forgeries_32_7.png,32,7,forged,0,PNG,P,576,360,1.6,91649,dea3d0074b57e7ae4be7ba81c4cd2c7b6053323e6679a521b733eb269ab7fbe9
forgeries_32_8.png,raw\signatures\full_forg\forgeries_32_8.png,32,8,forged,0,PNG,P,630,288,2.1875,85252,209b6432ee7c05672633d763778739019230e338cb60af28f73bae1f9c15dc6b
forgeries_32_9.png,raw\signatures\full_forg\forgeries_32_9.png,32,9,forged,0,PNG,P,642,282,2.2766,90903,ea53e1353a3ff8fc622065f1328020f3a9a0a760a0cb7a9361db14f568e0dc28
forgeries_33_1.png,raw\signatures\full_forg\forgeries_33_1.png,33,1,forged,0,PNG,P,606,384,1.5781,112291,9fee213498588f787e84e15563e9747749ac938d024f8b1039c6bdef57c43720
forgeries_33_10.png,raw\signatures\full_forg\forgeries_33_10.png,33,10,forged,0,PNG,P,480,270,1.7778,68365,4ffa26698bcc5d9e557b90a89e00921bba97c462d4fa0d2ac070dd1e3e961bbb
forgeries_33_11.png,raw\signatures\full_forg\forgeries_33_11.png,33,11,forged,0,PNG,P,450,246,1.8293,55038,08fcccad3ca9a0c6a9c1cfb057d14eff7c0d8237ba3e0fb1cccc8d43a3852178
forgeries_33_12.png,raw\signatures\full_forg\forgeries_33_12.png,33,12,forged,0,PNG,P,600,366,1.6393,109870,511bc366ccbbbff65397b9acf717702a376d00e11bcdc15c61f5f925263be616
forgeries_33_13.png,raw\signatures\full_forg\forgeries_33_13.png,33,13,forged,0,PNG,P,432,312,1.3846,72345,608a55aa54829063891220755151cec4bbfafcf490e642d1bd63b3e0ee1642df
forgeries_33_14.png,raw\signatures\full_forg\forgeries_33_14.png,33,14,forged,0,PNG,P,486,324,1.5,77909,a45645e8d24705f39cb21fff335a9f33d89d09158b3cc8c229b1793732acb6fb
forgeries_33_15.png,raw\signatures\full_forg\forgeries_33_15.png,33,15,forged,0,PNG,P,486,288,1.6875,75016,e732a01d8a64ea221e211dbd5b2b7b54b662e09825b784fa17fc584942ecaac0
forgeries_33_16.png,raw\signatures\full_forg\forgeries_33_16.png,33,16,forged,0,PNG,P,444,288,1.5417,69968,805ae365b8f69245055182808da610a15233a66adf74a6831eee4773eb6f3f24
forgeries_33_17.png,raw\signatures\full_forg\forgeries_33_17.png,33,17,forged,0,PNG,P,438,312,1.4038,68534,ca7678fb1e4b0574ac56e738ed7d729fa9404d3f51d00f04be677bcfac3294a2
forgeries_33_18.png,raw\signatures\full_forg\forgeries_33_18.png,33,18,forged,0,PNG,P,390,354,1.1017,75445,f6f2b2c7969eb65d2d7b7ca8a3e73100dcdb765eb7c82163993756878b91d0fe
forgeries_33_19.png,raw\signatures\full_forg\forgeries_33_19.png,33,19,forged,0,PNG,P,558,384,1.4531,115575,cf33eee3f2c610ba8a841b56fce0e8e1012509be384045cd12966f09bcf8a4a0
forgeries_33_2.png,raw\signatures\full_forg\forgeries_33_2.png,33,2,forged,0,PNG,P,516,348,1.4828,83654,91af12827515733a1815a79cb994c0a755754f9857280d685df8034de992932d
forgeries_33_20.png,raw\signatures\full_forg\forgeries_33_20.png,33,20,forged,0,PNG,P,504,366,1.377,96286,ff576b72b92e4563690773a96acf85851b397dbdf4c4534a4d9cd08c77b04c5a
forgeries_33_21.png,raw\signatures\full_forg\forgeries_33_21.png,33,21,forged,0,PNG,P,576,420,1.3714,131307,ab477d8d7db32c5ed9cd3fed45e5abb3cd569318b6b0eef22a26d65bb6b78638
forgeries_33_22.png,raw\signatures\full_forg\forgeries_33_22.png,33,22,forged,0,PNG,P,618,402,1.5373,134804,1e2410d4b93ee5a26e3a8c0b47d26fc260b0dff233d23e64d181fdc163c209e4
forgeries_33_23.png,raw\signatures\full_forg\forgeries_33_23.png,33,23,forged,0,PNG,P,582,372,1.5645,114865,eef1cba0a42111f14bd816fde15f4a5e9fd7fe1be9ce6f9dad32130e977f9711
forgeries_33_24.png,raw\signatures\full_forg\forgeries_33_24.png,33,24,forged,0,PNG,P,462,324,1.4259,80541,14261d1258b3d6f3c31791af4790407d921d88317d2d5c1bba093ab41b6741f1
forgeries_33_3.png,raw\signatures\full_forg\forgeries_33_3.png,33,3,forged,0,PNG,P,564,396,1.4242,115360,d790c47cc75fe83c97876b9b9bab892427500f6318570c0f1cfaed39e7cbd1bd
forgeries_33_4.png,raw\signatures\full_forg\forgeries_33_4.png,33,4,forged,0,PNG,P,450,354,1.2712,80124,972cb2bd9d36b3001b9a1d63bc1bf9b141c73d351073dd8d0a1137e70920e990
forgeries_33_5.png,raw\signatures\full_forg\forgeries_33_5.png,33,5,forged,0,PNG,P,426,270,1.5778,55323,211e22989ba2f9b07cc68541ac19db83844df81732c5e0573f04bbec48de7963
forgeries_33_6.png,raw\signatures\full_forg\forgeries_33_6.png,33,6,forged,0,PNG,P,468,318,1.4717,74621,93ac6f51a4dd4f85d15dcd4ec4cee429eccf189aff378a1d4d429a05614d4eca
forgeries_33_7.png,raw\signatures\full_forg\forgeries_33_7.png,33,7,forged,0,PNG,P,480,336,1.4286,80027,26a75c3818ef5ca373cc9d7f1662fc5ad4dd7a864acb4362c0078b3932ca4449
forgeries_33_8.png,raw\signatures\full_forg\forgeries_33_8.png,33,8,forged,0,PNG,P,444,300,1.48,59552,9c23b817530af5fbaa3159b23196e8c9066ec4039833b57b4cc35437689f0866
forgeries_33_9.png,raw\signatures\full_forg\forgeries_33_9.png,33,9,forged,0,PNG,P,504,312,1.6154,82003,52adb2c2def96d6301cf7e4bf597f2af900f0f03d492d07ee42170afe9db5676
forgeries_34_1.png,raw\signatures\full_forg\forgeries_34_1.png,34,1,forged,0,PNG,P,618,474,1.3038,144048,262165723ae8573dbb4e8b92134c7d6b3807b408ac1974942ae9940c58bcfe00
forgeries_34_10.png,raw\signatures\full_forg\forgeries_34_10.png,34,10,forged,0,PNG,P,498,408,1.2206,97332,8b75c154c37752e18ff598d6c28edc870819d6fe696f590534115e4da394db49
forgeries_34_11.png,raw\signatures\full_forg\forgeries_34_11.png,34,11,forged,0,PNG,P,612,378,1.619,100108,e3d6c75abecc56cff1077e750207b85c1e6e26d83e44b0fb4101cbedcc36e32f
forgeries_34_12.png,raw\signatures\full_forg\forgeries_34_12.png,34,12,forged,0,PNG,P,636,474,1.3418,151969,4936514e609308751de42b41392b83d81535444a1ad8c15061de7bdf4cc57ad1
forgeries_34_13.png,raw\signatures\full_forg\forgeries_34_13.png,34,13,forged,0,PNG,P,600,378,1.5873,123831,88f5e22fcf538ace495b796c01382681c6cd8b66521b72567192453328566473
forgeries_34_14.png,raw\signatures\full_forg\forgeries_34_14.png,34,14,forged,0,PNG,P,624,420,1.4857,133031,5f277ebf1e166393c34c82b6643a259b07be25ff32bb106f310f124833c47ff4
forgeries_34_15.png,raw\signatures\full_forg\forgeries_34_15.png,34,15,forged,0,PNG,P,600,420,1.4286,136243,86c447dfbececf80b81a653ff1240133a2b82ac6f86eebfc1a5048a8ea00103f
forgeries_34_16.png,raw\signatures\full_forg\forgeries_34_16.png,34,16,forged,0,PNG,P,588,396,1.4848,127706,57ebd3be2b506931d362948513cd92ea6bce0f7aff21badfca3230b5decaaa05
forgeries_34_17.png,raw\signatures\full_forg\forgeries_34_17.png,34,17,forged,0,PNG,P,552,426,1.2958,119139,7fcc9452dd67c00a76525abec5484f7a2d2a5f741ad93d9de369ed9adb6b060f
forgeries_34_18.png,raw\signatures\full_forg\forgeries_34_18.png,34,18,forged,0,PNG,P,648,492,1.3171,175954,652105fdb5ac22550dba73250dd86745e15cc9fa69dc807e036d17534a264aac
forgeries_34_19.png,raw\signatures\full_forg\forgeries_34_19.png,34,19,forged,0,PNG,P,576,474,1.2152,149268,47d100d943646fd8d0db9145ded8c478f3f6013eea742fab9b208b419ac3d376
forgeries_34_2.png,raw\signatures\full_forg\forgeries_34_2.png,34,2,forged,0,PNG,P,642,426,1.507,124812,8787bfab2ab7e6ebffc9e175c503d08c891107e88b6b7081ab719a34dbde2eee
forgeries_34_20.png,raw\signatures\full_forg\forgeries_34_20.png,34,20,forged,0,PNG,P,612,474,1.2911,153421,ea90ab3f00794db9b8826a0d59aaa62cfb0b36aee629ace1cd970800b8354a47
forgeries_34_21.png,raw\signatures\full_forg\forgeries_34_21.png,34,21,forged,0,PNG,P,612,504,1.2143,171376,9850671306bb8466728c25c6a798873f01ad3d9936ba4659a9ad6d98890383a1
forgeries_34_22.png,raw\signatures\full_forg\forgeries_34_22.png,34,22,forged,0,PNG,P,642,462,1.3896,163213,a061503fb2e297311e735e9c6ad3831a5211ce910dd3addb4b6fa94e260443e0
forgeries_34_23.png,raw\signatures\full_forg\forgeries_34_23.png,34,23,forged,0,PNG,P,624,432,1.4444,141305,664bc6e194b5185aad91ccb41a1beac96a196af76d7ef2dafe3c18c4bcf8a6a4
forgeries_34_24.png,raw\signatures\full_forg\forgeries_34_24.png,34,24,forged,0,PNG,P,540,420,1.2857,125706,9cbd5e1eb969a71c9ec77555f6e2d91b9e3fe89569b2aaf30b576898f65acda2
forgeries_34_3.png,raw\signatures\full_forg\forgeries_34_3.png,34,3,forged,0,PNG,P,600,450,1.3333,140587,3d324f9d3d7e6f4ad33ec38f35c2dbf4421ef3634c143447997acf1e27d1d410
forgeries_34_4.png,raw\signatures\full_forg\forgeries_34_4.png,34,4,forged,0,PNG,P,588,444,1.3243,116377,bebb3880dfe39b0e10237abe80b89d9b1b45a854766572957d21b570ef80319c
forgeries_34_5.png,raw\signatures\full_forg\forgeries_34_5.png,34,5,forged,0,PNG,P,618,384,1.6094,92172,2dde534986f2956d9f6d072e8afb48e5db92dfb06410d3709a9f7be329973a11
forgeries_34_6.png,raw\signatures\full_forg\forgeries_34_6.png,34,6,forged,0,PNG,P,522,372,1.4032,95885,edf58ca5c865f72efdbd40e45629949d1d71ebdc1086df24815e2000da734528
forgeries_34_7.png,raw\signatures\full_forg\forgeries_34_7.png,34,7,forged,0,PNG,P,516,396,1.303,96281,3d1aa4c2b43eb1bc76feb2814cd1cad6ff04f13c97dd4108b39cf02eccc847e3
forgeries_34_8.png,raw\signatures\full_forg\forgeries_34_8.png,34,8,forged,0,PNG,P,552,324,1.7037,76122,f827f27f10a03f7c62f5ab83423953da9d17b1eeeac74fce49200c10a81d0004
forgeries_34_9.png,raw\signatures\full_forg\forgeries_34_9.png,34,9,forged,0,PNG,P,552,414,1.3333,112749,baa77639c01cc89d425b65d72eebdcc5075820bfa3e7f3d4101f9c1a20d0bc61
forgeries_35_1.png,raw\signatures\full_forg\forgeries_35_1.png,35,1,forged,0,PNG,P,420,300,1.4,71494,01ab0d38a9b3018701ce5688c5ce777b8d9af32f4f4e81f2aa7721cdb853ea0d
forgeries_35_10.png,raw\signatures\full_forg\forgeries_35_10.png,35,10,forged,0,PNG,P,456,240,1.9,63652,72deab2eafa57fbe9663c83496d81b3693bcddd22ef97b6bb0f7774a25ba084d
forgeries_35_11.png,raw\signatures\full_forg\forgeries_35_11.png,35,11,forged,0,PNG,P,480,252,1.9048,66204,4b71559edc417d6afcd98fe43dcc33ad5850a18783a94a9979bf4e2f923f341e
forgeries_35_12.png,raw\signatures\full_forg\forgeries_35_12.png,35,12,forged,0,PNG,P,486,264,1.8409,72350,b8451311b3bed719ffefb9c14bcc21830660ef5f420f0f099804a9c15bd463dd
forgeries_35_13.png,raw\signatures\full_forg\forgeries_35_13.png,35,13,forged,0,PNG,P,426,300,1.42,70920,f44750d244d36092a0be2a9d1e08c4c0ad188465e13f217c8ae518ae751376c6
forgeries_35_14.png,raw\signatures\full_forg\forgeries_35_14.png,35,14,forged,0,PNG,P,378,306,1.2353,59725,391cea01b0f9cda154dbaf7bd2cbc11d997ee7ec955d1a110b2cecb840643f1e
forgeries_35_15.png,raw\signatures\full_forg\forgeries_35_15.png,35,15,forged,0,PNG,P,402,318,1.2642,71670,c2ee38f99443ece35a626671ecc1e8c5b0f91ce40988363b526a42c56832ef1d
forgeries_35_16.png,raw\signatures\full_forg\forgeries_35_16.png,35,16,forged,0,PNG,P,414,324,1.2778,73880,e0b6f270298fa32fc26c0747c33f827b8add28d8734f7000d6abdb2df2d5d096
forgeries_35_17.png,raw\signatures\full_forg\forgeries_35_17.png,35,17,forged,0,PNG,P,378,288,1.3125,57390,6900aa0aca995bdebc5e91d6af9942343af164ed9373bf8a0be1ad17b96b3bd4
forgeries_35_18.png,raw\signatures\full_forg\forgeries_35_18.png,35,18,forged,0,PNG,P,420,306,1.3725,73062,f3c9a63caa2d9fa30afc41438235c0827eff0dbc3e7ea678ebfdbcb1e7eea443
forgeries_35_19.png,raw\signatures\full_forg\forgeries_35_19.png,35,19,forged,0,PNG,P,372,330,1.1273,68813,9ce891249ff2d096a9a2052b9ad87d7dbe4a33c59415dfe769d13d10a383e67e
forgeries_35_2.png,raw\signatures\full_forg\forgeries_35_2.png,35,2,forged,0,PNG,P,372,270,1.3778,55183,22e672c7b23cc106bbb13f3bf003a271ff485e17491f34a3bbb2e29a31b7813b
forgeries_35_20.png,raw\signatures\full_forg\forgeries_35_20.png,35,20,forged,0,PNG,P,414,306,1.3529,64858,288aea2e6e9da92ee68372fa7ad473724e693f755c5db8b8996e17cf9ae0cde1
forgeries_35_21.png,raw\signatures\full_forg\forgeries_35_21.png,35,21,forged,0,PNG,P,372,294,1.2653,64405,2f574aaf4c44f50e829c1cdb1dfc57c91f38d81ceaeb1f3358141ae3d1ebd573
forgeries_35_22.png,raw\signatures\full_forg\forgeries_35_22.png,35,22,forged,0,PNG,P,378,318,1.1887,68102,7b08d416a08923b279173ae3aa50ccdb29edbafd6a97cc1ba2c24fcf2535931d
forgeries_35_23.png,raw\signatures\full_forg\forgeries_35_23.png,35,23,forged,0,PNG,P,396,354,1.1186,73407,e28653b6dd7798728845b8aa781a567730f42b6a9fb77ab31f9882d2041beae2
forgeries_35_24.png,raw\signatures\full_forg\forgeries_35_24.png,35,24,forged,0,PNG,P,360,336,1.0714,68774,45c4ad01b880ca8889639c3c25f9696f334e676985480ea58e0a4676b64e48a7
forgeries_35_3.png,raw\signatures\full_forg\forgeries_35_3.png,35,3,forged,0,PNG,P,348,294,1.1837,60719,bbc44ccafea44dd16db2a1e52ed181dc66d452c487460a4611751f779892ace0
forgeries_35_4.png,raw\signatures\full_forg\forgeries_35_4.png,35,4,forged,0,PNG,P,366,276,1.3261,59723,6ddc5a4034e60e3e96eff949ac877420ae0125081d0216af1c22b64d25fc607a
forgeries_35_5.png,raw\signatures\full_forg\forgeries_35_5.png,35,5,forged,0,PNG,P,360,258,1.3953,52734,433f9eea583caafc189386c16e6c3660ac31590f850151af6e38a199ce29006a
forgeries_35_6.png,raw\signatures\full_forg\forgeries_35_6.png,35,6,forged,0,PNG,P,438,282,1.5532,70501,37bacce830008599e53a87008043ec88e033101b1037dd914154eaf4b42e1f19
forgeries_35_7.png,raw\signatures\full_forg\forgeries_35_7.png,35,7,forged,0,PNG,P,408,240,1.7,57415,b10fede86a273ee0504fcb8a5eaa8d4acff9a2bdab6f489b51648caf68813460
forgeries_35_8.png,raw\signatures\full_forg\forgeries_35_8.png,35,8,forged,0,PNG,P,438,258,1.6977,62409,b06462abe73cf64ca02d1597b747d69d2dfc7e8db57d9431d3b502526b3a6058
forgeries_35_9.png,raw\signatures\full_forg\forgeries_35_9.png,35,9,forged,0,PNG,P,456,252,1.8095,65536,2a52f52514e0b669b5386ae35e313137dfcaf1a67de698ee04c62f37a8f90fcd
forgeries_36_1.png,raw\signatures\full_forg\forgeries_36_1.png,36,1,forged,0,PNG,P,354,282,1.2553,57333,0f7bc944c6df955d1c1322ba9eff106e3fbd44474b83c001c9a7eaeb46c74274
forgeries_36_10.png,raw\signatures\full_forg\forgeries_36_10.png,36,10,forged,0,PNG,P,402,264,1.5227,61207,6617a881ebdec7de897ba3f03aae01395f43526c0e85e45c718e7602f0273bc6
forgeries_36_11.png,raw\signatures\full_forg\forgeries_36_11.png,36,11,forged,0,PNG,P,414,318,1.3019,70050,056fc6982abea9585f808fa62b4127db45d4d69263b5e58284ff8d1c11381e7a
forgeries_36_12.png,raw\signatures\full_forg\forgeries_36_12.png,36,12,forged,0,PNG,P,378,282,1.3404,61545,7616f5ea11b6da33042dc291d2b8a186fe7b4626df5000e997e4738dbd93ebed
forgeries_36_13.png,raw\signatures\full_forg\forgeries_36_13.png,36,13,forged,0,PNG,P,402,270,1.4889,63700,41a239aed06b42c9f1b7bdfa472f115305ae3ea812eb45059c8a0e51fbbf0e4a
forgeries_36_14.png,raw\signatures\full_forg\forgeries_36_14.png,36,14,forged,0,PNG,P,366,282,1.2979,58027,9278d1b1589a28b61eb43744d8d581f68d0914e535d0b88a76889a268cd4e13c
forgeries_36_15.png,raw\signatures\full_forg\forgeries_36_15.png,36,15,forged,0,PNG,P,408,246,1.6585,59379,1e3c35b31c3b6bac49d57c0ae9194c9be7c4266cb647fa8ce941895924e29d18
forgeries_36_16.png,raw\signatures\full_forg\forgeries_36_16.png,36,16,forged,0,PNG,P,390,258,1.5116,60807,a6e1dd6fe124411d24d395a33179921e429ad699391743cb5f0eeaa1d071ddd2
forgeries_36_17.png,raw\signatures\full_forg\forgeries_36_17.png,36,17,forged,0,PNG,P,396,270,1.4667,59947,b36f7947d7cf55377e11feae6a67ea263cdf85bcb43d82330e0b85899dbe8066
forgeries_36_18.png,raw\signatures\full_forg\forgeries_36_18.png,36,18,forged,0,PNG,P,378,264,1.4318,59579,0d711b13aa456c461071f69d488870c821cf99a07a654830ff2405ec005f2452
forgeries_36_19.png,raw\signatures\full_forg\forgeries_36_19.png,36,19,forged,0,PNG,P,378,264,1.4318,60399,e612deb8b466be46698f5020da1db4d8080a9137db251735ef3cdbb0ebe2d83f
forgeries_36_2.png,raw\signatures\full_forg\forgeries_36_2.png,36,2,forged,0,PNG,P,408,276,1.4783,60611,e9935870f023854cb5df51b40b7f2032e22e2c199a552556c4075c1d3ff00553
forgeries_36_20.png,raw\signatures\full_forg\forgeries_36_20.png,36,20,forged,0,PNG,P,408,288,1.4167,67149,ca7597ffeb7b62a1566610877bdba4d1db347eece95b3916662cbd9c7dcdd3c2
forgeries_36_21.png,raw\signatures\full_forg\forgeries_36_21.png,36,21,forged,0,PNG,P,360,276,1.3043,60625,73394356b2e66b44807e99493a22829959142a7d5194f22337f0143fb44d8032
forgeries_36_22.png,raw\signatures\full_forg\forgeries_36_22.png,36,22,forged,0,PNG,P,408,300,1.36,71522,9d8cf9ccc826695447624758ca1d88db6ee1977be1f9364a346f4a3b70ef6510
forgeries_36_23.png,raw\signatures\full_forg\forgeries_36_23.png,36,23,forged,0,PNG,P,450,294,1.5306,71934,d4d218182b2bba9124004454def76d6d88557b3e2652f782ad39348c4d3994c8
forgeries_36_24.png,raw\signatures\full_forg\forgeries_36_24.png,36,24,forged,0,PNG,P,390,258,1.5116,59480,4b13deab8618a458ed9368f20c2ac15c43453e9344dd604216c1c53c94827039
forgeries_36_3.png,raw\signatures\full_forg\forgeries_36_3.png,36,3,forged,0,PNG,P,360,276,1.3043,57943,c7937bbd58cdbca08c116c8bde6b51d964fdfdfa99a30d7de2b8d4ee2e81e96c
forgeries_36_4.png,raw\signatures\full_forg\forgeries_36_4.png,36,4,forged,0,PNG,P,396,264,1.5,60977,41771f5f6e2db7513dedb790c2937dc23e1c12e018b84bc84207c71df3c54e8c
forgeries_36_5.png,raw\signatures\full_forg\forgeries_36_5.png,36,5,forged,0,PNG,P,360,246,1.4634,51302,c33d93e5d52d1f49c191c202d112dbfe519b688aa3283b367d1abf19b2d2cb6b
forgeries_36_6.png,raw\signatures\full_forg\forgeries_36_6.png,36,6,forged,0,PNG,P,390,276,1.413,63293,8940399ffb6de32ca5b56dc87cba0c36583a5576ee32067dbc70dabfdc9ba93a
forgeries_36_7.png,raw\signatures\full_forg\forgeries_36_7.png,36,7,forged,0,PNG,P,372,312,1.1923,66247,ed563092d57e00f3625cd8ee9b1562006b877635b4ff0442705587fed03329d9
forgeries_36_8.png,raw\signatures\full_forg\forgeries_36_8.png,36,8,forged,0,PNG,P,456,282,1.617,68991,398c766fedf949601c095c2ba452b6aec1f43090ef186b1420e702d8dd6e82ea
forgeries_36_9.png,raw\signatures\full_forg\forgeries_36_9.png,36,9,forged,0,PNG,P,396,276,1.4348,63461,e476022e6c44e1e6d5b56715fcb7e6f5d85eb008f00332fce63f7876423111ae
forgeries_37_1.png,raw\signatures\full_forg\forgeries_37_1.png,37,1,forged,0,PNG,P,540,384,1.4062,30602,274c28b0d4b70f24b158302c9d202efdae9a2830aee1d9dd646816d2ff85693d
forgeries_37_10.png,raw\signatures\full_forg\forgeries_37_10.png,37,10,forged,0,PNG,P,534,414,1.2899,37699,2c8814f17758c791ed3fbeaaa1c63366359de22270a3e97403e8773e8c52df0b
forgeries_37_11.png,raw\signatures\full_forg\forgeries_37_11.png,37,11,forged,0,PNG,P,570,396,1.4394,29782,cde71844753fc0419bb4c8472f16b957101792eeebf2c4c83e17b6ca13dbe7cc
forgeries_37_12.png,raw\signatures\full_forg\forgeries_37_12.png,37,12,forged,0,PNG,P,534,366,1.459,40085,a642216b5f42d755cc2f85d9cfb1164df78f4dc904af015719cb26a89e9054db
forgeries_37_13.png,raw\signatures\full_forg\forgeries_37_13.png,37,13,forged,0,PNG,P,540,414,1.3043,47145,ff6cc0ce7281792906a3d0c38495da822214907a8073308198d000d6b52b5a3d
forgeries_37_14.png,raw\signatures\full_forg\forgeries_37_14.png,37,14,forged,0,PNG,P,546,426,1.2817,37585,6ee121fbc8ee28b28e1b84c543cd2ea178ecf2f2222cac64d62254daf7815ffb
forgeries_37_15.png,raw\signatures\full_forg\forgeries_37_15.png,37,15,forged,0,PNG,P,540,462,1.1688,59353,07eb6cf45f555994d521d130f807f2024fa7dad8ae29a9b94ed452f341049966
forgeries_37_16.png,raw\signatures\full_forg\forgeries_37_16.png,37,16,forged,0,PNG,P,522,426,1.2254,46466,ae1035083f07516fa98d0dc37188f4922cd5095531f1de8b03f865f6c5e6bf4e
forgeries_37_17.png,raw\signatures\full_forg\forgeries_37_17.png,37,17,forged,0,PNG,P,540,456,1.1842,40032,e83c9ab93a81f5b77ef81d983cfec4f737b32baf6540321d1781f430b12401a7
forgeries_37_18.png,raw\signatures\full_forg\forgeries_37_18.png,37,18,forged,0,PNG,P,534,468,1.141,63271,ddd50b550368618cbe504024c9e749b7808040eb569546022f0a094d7acdf30c
forgeries_37_19.png,raw\signatures\full_forg\forgeries_37_19.png,37,19,forged,0,PNG,P,546,498,1.0964,53117,a89520862e6b0ef646a93651898ec0ce65d65c67df30bfce0e4b3a56be74d72a
forgeries_37_2.png,raw\signatures\full_forg\forgeries_37_2.png,37,2,forged,0,PNG,P,576,486,1.1852,29770,e652d4f51ef79fac015817e86441302d5ed5f3917a1c4098d25dec0e3fc82531
forgeries_37_20.png,raw\signatures\full_forg\forgeries_37_20.png,37,20,forged,0,PNG,P,528,492,1.0732,42736,72b3d3aa2c337bcb53f7076a7132fda3e3aeb2404391693d61ffe4f83f256ef5
forgeries_37_21.png,raw\signatures\full_forg\forgeries_37_21.png,37,21,forged,0,PNG,P,582,468,1.2436,71251,637fb640988bd91998079deaa690ff3ba767ddaf3f952a16dc16a08a80a486c0
forgeries_37_22.png,raw\signatures\full_forg\forgeries_37_22.png,37,22,forged,0,PNG,P,528,444,1.1892,51592,1887ac889db1507264eb6da8c769a68ac67b601f70982f893fe873c7499df831
forgeries_37_23.png,raw\signatures\full_forg\forgeries_37_23.png,37,23,forged,0,PNG,P,576,498,1.1566,49031,332fa9486702c8da74edc35252cfa453a3e21f089f2bb3aa987d8fe71c292dd5
forgeries_37_24.png,raw\signatures\full_forg\forgeries_37_24.png,37,24,forged,0,PNG,P,540,486,1.1111,63162,bff675779450b883a411a23ed9494d69494fd34912141b2ce23df318b71e2935
forgeries_37_3.png,raw\signatures\full_forg\forgeries_37_3.png,37,3,forged,0,PNG,P,504,414,1.2174,39913,6f6f93a43647fc604f369c838ab73277d0021dced86b85912a53c0cd018b4588
forgeries_37_4.png,raw\signatures\full_forg\forgeries_37_4.png,37,4,forged,0,PNG,P,492,390,1.2615,32176,1aee1718ae8f1b7ed0afdce4e87ff947baba0ce540582289cee133e17630a068
forgeries_37_5.png,raw\signatures\full_forg\forgeries_37_5.png,37,5,forged,0,PNG,P,528,450,1.1733,30027,9b7b7b5968e0913ca406cba63c01c587e830f64e757adbda85e03e96b4e12d4d
forgeries_37_6.png,raw\signatures\full_forg\forgeries_37_6.png,37,6,forged,0,PNG,P,528,402,1.3134,39121,f449590aadf4d2a223c80b99619841bae45ed91596ef586baef684b0d309f871
forgeries_37_7.png,raw\signatures\full_forg\forgeries_37_7.png,37,7,forged,0,PNG,P,504,366,1.377,32118,3ec82acefb90ef9ebfb7e2e102dee99380d528fbca54e0ccf186e095494d5b40
forgeries_37_8.png,raw\signatures\full_forg\forgeries_37_8.png,37,8,forged,0,PNG,P,504,420,1.2,28866,c5d66f10a95e3cdff080b85eaac1188cfda8c55113a81233668d31324c2ddaee
forgeries_37_9.png,raw\signatures\full_forg\forgeries_37_9.png,37,9,forged,0,PNG,P,552,438,1.2603,42533,fd87dd52642b0843c056cb70268eaa25cc842e7592afa98a6bb6d6761ca823cb
forgeries_38_1.png,raw\signatures\full_forg\forgeries_38_1.png,38,1,forged,0,PNG,P,570,360,1.5833,55668,ab2db864f816a105b2d8781e96f9dd86240e8d69685fee68aea3d3b12db14bb7
forgeries_38_10.png,raw\signatures\full_forg\forgeries_38_10.png,38,10,forged,0,PNG,P,594,354,1.678,57003,1392bfbbc7540a059175fa1189ac30daa218f9cb7aabbd4326106e4e067b14f5
forgeries_38_11.png,raw\signatures\full_forg\forgeries_38_11.png,38,11,forged,0,PNG,P,552,372,1.4839,38372,31891544900d29dfa111e5ea1249c47533ea2b06d2a3e846a2581535afbe2e91
forgeries_38_12.png,raw\signatures\full_forg\forgeries_38_12.png,38,12,forged,0,PNG,P,618,396,1.5606,68436,8dbbe53ed27dabd4b2318c806eeb6653bf08bd2c0c48add2641917f1e76b30eb
forgeries_38_13.png,raw\signatures\full_forg\forgeries_38_13.png,38,13,forged,0,PNG,P,576,414,1.3913,61429,19388cd174e3bbdac8b0c9f9650cb7de311fb9f318873e8521a4c6ba26925989
forgeries_38_14.png,raw\signatures\full_forg\forgeries_38_14.png,38,14,forged,0,PNG,P,612,384,1.5938,52155,6c2c3f44502b26ccaae7d9eae3ff1fb4b54395d0b9128d5a396db30c0e939fbd
forgeries_38_15.png,raw\signatures\full_forg\forgeries_38_15.png,38,15,forged,0,PNG,P,612,402,1.5224,78144,59bbed661bb0e11b5e16eb35b892e45bdadd3758b965931947a0649b7bd97267
forgeries_38_16.png,raw\signatures\full_forg\forgeries_38_16.png,38,16,forged,0,PNG,P,636,426,1.493,67907,d8b08f54c7a9aaa8700b0489f495eaac39662419506211c033596fe947daa11e
forgeries_38_17.png,raw\signatures\full_forg\forgeries_38_17.png,38,17,forged,0,PNG,P,570,444,1.2838,54766,b7adb852d1055f862f357e270fd257c0995c49316a7ea2ffa994c63cbd8486c8
forgeries_38_18.png,raw\signatures\full_forg\forgeries_38_18.png,38,18,forged,0,PNG,P,588,396,1.4848,80066,3f344b1359c1f0ddefd54167e4aad2c88fa8a6eceaf36e5b479f5553b8c78471
forgeries_38_19.png,raw\signatures\full_forg\forgeries_38_19.png,38,19,forged,0,PNG,P,564,402,1.403,61224,4b4e61f8df0527eb1fe4da96e4b651e6bd2ef722ccc2d6abf4f390489db2f7b9
forgeries_38_2.png,raw\signatures\full_forg\forgeries_38_2.png,38,2,forged,0,PNG,P,618,372,1.6613,48530,3f81c7aa311347230e7338d68566c0496d51fc74b84969a9ed341c5d48264dae
forgeries_38_20.png,raw\signatures\full_forg\forgeries_38_20.png,38,20,forged,0,PNG,P,558,396,1.4091,53603,a95bf8813a21565510e2d58a7698b491c9bae65ceefde040b334ca4d4e466994
forgeries_38_21.png,raw\signatures\full_forg\forgeries_38_21.png,38,21,forged,0,PNG,P,588,342,1.7193,69854,4def93ec2f7cb471075d5fa06924e5c0dc7b9c6b6a880e16902ebca21e538f0a
forgeries_38_22.png,raw\signatures\full_forg\forgeries_38_22.png,38,22,forged,0,PNG,P,588,426,1.3803,70338,88d9b8bb7deb9b395d2f5ed95293dbc55cf2e6bf445362aa0cc70cc1270456a6
forgeries_38_23.png,raw\signatures\full_forg\forgeries_38_23.png,38,23,forged,0,PNG,P,564,432,1.3056,60519,534492cfafeaec15c8712920153856a7fbb5d25fd2749fd8111e32b1595867c5
forgeries_38_24.png,raw\signatures\full_forg\forgeries_38_24.png,38,24,forged,0,PNG,P,606,450,1.3467,83912,2fd5a81e319f37cf551584cfe47b87aa77b716bfc39e5a194da655105f4169ab
forgeries_38_3.png,raw\signatures\full_forg\forgeries_38_3.png,38,3,forged,0,PNG,P,570,408,1.3971,62576,43c9b1ae585d4dea5819ec1d357b9f3049751865f15b19280830e2e16a839acd
forgeries_38_4.png,raw\signatures\full_forg\forgeries_38_4.png,38,4,forged,0,PNG,P,606,372,1.629,63666,9fc3a86ef01c39b57648cd467d7325bd8e43c5990fcc218cb96d2221d6c48377
forgeries_38_5.png,raw\signatures\full_forg\forgeries_38_5.png,38,5,forged,0,PNG,P,576,366,1.5738,43568,01fbb1bd74699960bd5adf71d94f28e0fa0c7651199fe451ecdc53f5ee6db411
forgeries_38_6.png,raw\signatures\full_forg\forgeries_38_6.png,38,6,forged,0,PNG,P,594,360,1.65,64404,1151caaa2cdb464c36956d8782e3686ce19b337bb922f6b16b8606adee589f4c
forgeries_38_7.png,raw\signatures\full_forg\forgeries_38_7.png,38,7,forged,0,PNG,P,582,420,1.3857,65828,a03298b3e9d27be4d9e5fa1ea412b6b1e8d22814f0024f466f8c018fcc136be3
forgeries_38_8.png,raw\signatures\full_forg\forgeries_38_8.png,38,8,forged,0,PNG,P,522,348,1.5,36894,143a1a1054759fd1b3b4dc7d26cc7b32ad29abefb9adcaf626f5bfde1b4326ab
forgeries_38_9.png,raw\signatures\full_forg\forgeries_38_9.png,38,9,forged,0,PNG,P,612,384,1.5938,64856,9ab2b81568b7f3f571a1ea4af387d6987ce65bc7d641e1d0ce79028aeed5bfb3
forgeries_39_1.png,raw\signatures\full_forg\forgeries_39_1.png,39,1,forged,0,PNG,RGBA,564,318,1.7736,66243,c6cd7815d352e909f66c1e9dff39636b009c677e233159d0f10555ed37f9199f
forgeries_39_10.png,raw\signatures\full_forg\forgeries_39_10.png,39,10,forged,0,PNG,RGBA,534,414,1.2899,84137,7829faebd077aae891ee2364be7147b86d8428956b04a72e41ec55d9b90cbc62
forgeries_39_11.png,raw\signatures\full_forg\forgeries_39_11.png,39,11,forged,0,PNG,RGBA,528,342,1.5439,61868,cbd9089c7e1736a4c71d74f08329feeb9cf87fc9fb8dc8d49b3846c822de81b9
forgeries_39_12.png,raw\signatures\full_forg\forgeries_39_12.png,39,12,forged,0,PNG,RGBA,504,408,1.2353,82297,7b951e880c84a74b157b26ca8eb23728ffa8ca946e66ecd0f9ce3e86ca5acc89
forgeries_39_13.png,raw\signatures\full_forg\forgeries_39_13.png,39,13,forged,0,PNG,RGBA,570,360,1.5833,87749,185a27d0b3e9caa1a748679da8d5db9340164495d99a1e0b05d12211b5c020cd
forgeries_39_14.png,raw\signatures\full_forg\forgeries_39_14.png,39,14,forged,0,PNG,RGBA,564,402,1.403,78781,c44b06ecb2cda5c0822748614d001416d8904594eb42e6889c29d3559b281fa1
forgeries_39_15.png,raw\signatures\full_forg\forgeries_39_15.png,39,15,forged,0,PNG,RGBA,570,360,1.5833,95044,6bb45b4e19e410592489f1ec7d94b21ad1ea9e8cbbe126a3185ad5220b6071a1
forgeries_39_16.png,raw\signatures\full_forg\forgeries_39_16.png,39,16,forged,0,PNG,RGBA,588,384,1.5312,98145,432743a3fd1accb7f1eab3529547d7dc0de5a60fe5d9b29a693dc5e243227dab
forgeries_39_17.png,raw\signatures\full_forg\forgeries_39_17.png,39,17,forged,0,PNG,RGBA,576,402,1.4328,75786,1af309046944f4ee61f0b6e65d41b2a6c87bd2391a51ff4a62ea86c2551c469a
forgeries_39_18.png,raw\signatures\full_forg\forgeries_39_18.png,39,18,forged,0,PNG,RGBA,558,402,1.3881,100501,fc102fe8f318d0694d39b392000f8fcbe125a7c84aeda93fd12cecc3eb8c674e
forgeries_39_19.png,raw\signatures\full_forg\forgeries_39_19.png,39,19,forged,0,PNG,RGBA,546,426,1.2817,92539,4b2e02bd2d56c15d8bbb16d6b534bbf6a9c2962d625c409306e984e43c099c00
forgeries_39_2.png,raw\signatures\full_forg\forgeries_39_2.png,39,2,forged,0,PNG,RGBA,594,426,1.3944,77403,51d86768ba8959876e6aff90e46c9a4f232f02461228e54dd8f668e1c4f591e3
forgeries_39_20.png,raw\signatures\full_forg\forgeries_39_20.png,39,20,forged,0,PNG,RGBA,540,378,1.4286,67077,384bd4e72db54fbca75bbb60fec4cc988bda0f99efddb9e6d51100631df14032
forgeries_39_21.png,raw\signatures\full_forg\forgeries_39_21.png,39,21,forged,0,PNG,RGBA,528,384,1.375,93124,5626847412fe6349181257e2873c3a59b8cb3bc2360aeeae7f773bce3b7a784c
forgeries_39_22.png,raw\signatures\full_forg\forgeries_39_22.png,39,22,forged,0,PNG,RGBA,516,342,1.5088,76642,744dd75cf8f703c85f77c666b7c4ce2c1d4f4c1b53b8a947252c2ed661976c53
forgeries_39_23.png,raw\signatures\full_forg\forgeries_39_23.png,39,23,forged,0,PNG,RGBA,522,396,1.3182,64798,34ca2bf3c28f78fdb14bd72f69c610d660e97f4d428503befd31888409ac9110
forgeries_39_24.png,raw\signatures\full_forg\forgeries_39_24.png,39,24,forged,0,PNG,RGBA,582,300,1.94,83549,026294d3ad7e0ca6b3be87a7d4e207474d285119b791f8623843da6d270c5927
forgeries_39_3.png,raw\signatures\full_forg\forgeries_39_3.png,39,3,forged,0,PNG,RGBA,528,336,1.5714,79077,1bede0222b41c2d38e50feba8788a93344c42b92f1fbb86bec1f30c577a1eac5
forgeries_39_4.png,raw\signatures\full_forg\forgeries_39_4.png,39,4,forged,0,PNG,RGBA,534,360,1.4833,69969,5cd8fab4495147b89225ae31029d5e481f4b739f572a54fd86ab4672fa0394b0
forgeries_39_5.png,raw\signatures\full_forg\forgeries_39_5.png,39,5,forged,0,PNG,RGBA,504,468,1.0769,77215,5f258681b875adeefeb1e62a778917a97bf1251e0b75a91fbf1d2baa958758a1
forgeries_39_6.png,raw\signatures\full_forg\forgeries_39_6.png,39,6,forged,0,PNG,RGBA,534,390,1.3692,89165,b3fddaa107071cbee189083a99d3981540b731e292650948f1234adca89c37de
forgeries_39_7.png,raw\signatures\full_forg\forgeries_39_7.png,39,7,forged,0,PNG,RGBA,540,372,1.4516,75266,e07842b296f701d5edf1a8e74cf9a8bb2838d7567c719d7b437ae88c3e801674
forgeries_39_8.png,raw\signatures\full_forg\forgeries_39_8.png,39,8,forged,0,PNG,RGBA,522,390,1.3385,69945,81daee0a3a9a4d24ba16a9693bd5de4e6a769f9589d69edbf45696bb57e92563
forgeries_39_9.png,raw\signatures\full_forg\forgeries_39_9.png,39,9,forged,0,PNG,RGBA,534,456,1.1711,106218,57a189f392f57d936856a37d17f807584718e252fb12b031e3173d4554cde987
forgeries_3_1.png,raw\signatures\full_forg\forgeries_3_1.png,3,1,forged,0,PNG,P,564,330,1.7091,72437,87e1fd678b68c9afd368ce593023df5cf252644cadf58ce23b2548b302b5752e
forgeries_3_10.png,raw\signatures\full_forg\forgeries_3_10.png,3,10,forged,0,PNG,P,558,378,1.4762,81221,ae026acf7534df57830254dd70c90fcb2916bd84121a0a32284b5e2d7578f46d
forgeries_3_11.png,raw\signatures\full_forg\forgeries_3_11.png,3,11,forged,0,PNG,P,630,342,1.8421,69018,8e70c60e226f5ec8855ad494d9791286ca7c4eae156d2dd0530770a9e30a26d9
forgeries_3_12.png,raw\signatures\full_forg\forgeries_3_12.png,3,12,forged,0,PNG,P,546,342,1.5965,77106,5532e928bbe86a47ec59a66e9cdce4058dd4990e588262eba7185520819f13fe
forgeries_3_13.png,raw\signatures\full_forg\forgeries_3_13.png,3,13,forged,0,PNG,P,636,360,1.7667,98556,288f01778bc91b9f722b6decd7a32bce9d2ff3f9235f90daaeb3af7fe1f214ef
forgeries_3_14.png,raw\signatures\full_forg\forgeries_3_14.png,3,14,forged,0,PNG,P,642,354,1.8136,77609,2e80de57b315a3caa31e9e04ec5ec339fa611ce44e83092c1c577adf28dce76e
forgeries_3_15.png,raw\signatures\full_forg\forgeries_3_15.png,3,15,forged,0,PNG,P,624,396,1.5758,106870,be61263e67f9dbf7b19435209171755a253c2034d3f1dcc904c718eb1281d225
forgeries_3_16.png,raw\signatures\full_forg\forgeries_3_16.png,3,16,forged,0,PNG,P,606,336,1.8036,88277,965bc046a747d466148abd2fa98b3295e79634cc5a078018156d871494c9daec
forgeries_3_17.png,raw\signatures\full_forg\forgeries_3_17.png,3,17,forged,0,PNG,P,612,336,1.8214,73326,9184c7651d7e412b96ba4440568a24ad319ee5aa0b5dcc6afb97cb512ef9f4d4
forgeries_3_18.png,raw\signatures\full_forg\forgeries_3_18.png,3,18,forged,0,PNG,P,588,414,1.4203,104666,2593dbe265acfb51743dbf797f61edf6557d1f8c4bd23fffd6717d1d4fe44446
forgeries_3_19.png,raw\signatures\full_forg\forgeries_3_19.png,3,19,forged,0,PNG,P,558,402,1.3881,92125,748139ebfeb5aa9b2560cd6d66027d0f17201cdf7b75f473f20679606af5ff7d
forgeries_3_2.png,raw\signatures\full_forg\forgeries_3_2.png,3,2,forged,0,PNG,P,516,408,1.2647,57803,40f55486aa5b0a31f76420085b589a701cc0e538802c0dd1115d04ba3eca7efb
forgeries_3_20.png,raw\signatures\full_forg\forgeries_3_20.png,3,20,forged,0,PNG,P,594,372,1.5968,79631,cc96b6165d28bf1d3165dd3fac8f5b5b69d97ca6fa8f90a71f337caf7eedeea9
forgeries_3_21.png,raw\signatures\full_forg\forgeries_3_21.png,3,21,forged,0,PNG,P,570,312,1.8269,82282,1c97c4b6605a64886d94011434231cca6b6100104c01668b6000958d38046c48
forgeries_3_22.png,raw\signatures\full_forg\forgeries_3_22.png,3,22,forged,0,PNG,P,540,372,1.4516,88264,6bcb2418ed1a0193a4dfdbbc6cc6e885ea85a403ad3d3df836259ccbffd167e0
forgeries_3_23.png,raw\signatures\full_forg\forgeries_3_23.png,3,23,forged,0,PNG,P,576,342,1.6842,71601,423bd3d7c06793183afaabf6b4bd860de8a4233b68dc0f37837cce94b1812ed7
forgeries_3_24.png,raw\signatures\full_forg\forgeries_3_24.png,3,24,forged,0,PNG,P,588,372,1.5806,92036,736c9474f2edcabf776b206a5548afad7e96f7d4fec87ce55f54db4c764d2d32
forgeries_3_3.png,raw\signatures\full_forg\forgeries_3_3.png,3,3,forged,0,PNG,P,558,402,1.3881,92027,b6069b159ee1dfeadddc222bf7d03872cf6b1612a1dadd231988dd710678d5d4
forgeries_3_4.png,raw\signatures\full_forg\forgeries_3_4.png,3,4,forged,0,PNG,P,510,360,1.4167,72123,3fe87d5b54a161e394d00c7ef006b0ea237cafd06b084972648aaef397668e37
forgeries_3_5.png,raw\signatures\full_forg\forgeries_3_5.png,3,5,forged,0,PNG,P,498,372,1.3387,54856,c9ae47f9b41abde4d336901532b55c871303007a2919ad2de374beb0c480e513
forgeries_3_6.png,raw\signatures\full_forg\forgeries_3_6.png,3,6,forged,0,PNG,P,498,336,1.4821,73948,83dbd521aa8b0209a1e233253b9e58efd938107368f8e298af85b3b292a49de2
forgeries_3_7.png,raw\signatures\full_forg\forgeries_3_7.png,3,7,forged,0,PNG,P,552,402,1.3731,85321,94d18b3b58e54ba123cbcfc7d204bfef92a4fc5ddac8e39851043121f80c0fc0
forgeries_3_8.png,raw\signatures\full_forg\forgeries_3_8.png,3,8,forged,0,PNG,P,588,378,1.5556,75332,51e0af6a63955342e749c60dd24a0eab27d5f0ea59962922aca6e615e49b014f
forgeries_3_9.png,raw\signatures\full_forg\forgeries_3_9.png,3,9,forged,0,PNG,P,612,354,1.7288,90274,ffa5c3d1b024ae7cd86b68b9887e3417a31793936a24b7c6b49b304284db16e5
forgeries_40_1.png,raw\signatures\full_forg\forgeries_40_1.png,40,1,forged,0,PNG,P,570,384,1.4844,68798,d2906c7b3f3203c9230763e48c3177d1a6a5a598c226d83c84eb950790dfc5f4
forgeries_40_10.png,raw\signatures\full_forg\forgeries_40_10.png,40,10,forged,0,PNG,P,486,414,1.1739,60693,c298c313f5794e092f8131866d2556dc59814dbd0f3cb339d7220160dec1a5ed
forgeries_40_11.png,raw\signatures\full_forg\forgeries_40_11.png,40,11,forged,0,PNG,P,498,348,1.431,40614,ed9319d3a0ade1b9553260b86aa1fd5dde0e12fd4bb849548dab2d1007ef6c70
forgeries_40_12.png,raw\signatures\full_forg\forgeries_40_12.png,40,12,forged,0,PNG,P,498,276,1.8043,52862,3072c82bededb021a55fe5929c826b0d73dc0a45f3b9499a1eec711b04cd4c94
forgeries_40_13.png,raw\signatures\full_forg\forgeries_40_13.png,40,13,forged,0,PNG,P,618,294,2.102,67954,804fe73a1085a0a0d4713c32b7e3a7693316f61420996fd359125099a37657f9
forgeries_40_14.png,raw\signatures\full_forg\forgeries_40_14.png,40,14,forged,0,PNG,P,564,306,1.8431,58851,782cf99031b65192aea15add5b6e7bb5be6558094ebd435b394bf62e1db1a343
forgeries_40_15.png,raw\signatures\full_forg\forgeries_40_15.png,40,15,forged,0,PNG,P,546,318,1.717,75318,4f99840a28b60a6881913fcc758b57faca26b1733a7f48e8de22962ba54f1e7c
forgeries_40_16.png,raw\signatures\full_forg\forgeries_40_16.png,40,16,forged,0,PNG,P,552,390,1.4154,81109,aaa2ff33c99dd67934cf962b70b7b7fff0b5b882ab0a807566f7023cbd32a9cb
forgeries_40_17.png,raw\signatures\full_forg\forgeries_40_17.png,40,17,forged,0,PNG,P,612,396,1.5455,78155,67e7a5b4df68d9a5bf32902a03be551f67e70f8f99507409dfa9d5f607180b74
forgeries_40_18.png,raw\signatures\full_forg\forgeries_40_18.png,40,18,forged,0,PNG,P,600,336,1.7857,84202,ffd9cba1a3036dd791b068e0ac4f5acfca7086d9cec03373f68260f25e9802a2
forgeries_40_19.png,raw\signatures\full_forg\forgeries_40_19.png,40,19,forged,0,PNG,P,558,312,1.7885,68416,838b45f65aed2d315120ba5f19497215a853706cf46c4fc16d04c1b9b70a56b6
forgeries_40_2.png,raw\signatures\full_forg\forgeries_40_2.png,40,2,forged,0,PNG,P,504,324,1.5556,38709,0c63cf44959e2db497d771a1c77063e0f2d4d8ca12e7d7235e7e302ba07ef0e6
forgeries_40_20.png,raw\signatures\full_forg\forgeries_40_20.png,40,20,forged,0,PNG,P,558,372,1.5,68688,c1d8f803e276dc0a560e5603e7656b1d1cae67ff5ea06af09a01e9f49ff32250
forgeries_40_21.png,raw\signatures\full_forg\forgeries_40_21.png,40,21,forged,0,PNG,P,594,354,1.678,90737,554295722ddd1120b76c8d2bdd86d191d38b12fcd0f5c080c98042fba06e210f
forgeries_40_22.png,raw\signatures\full_forg\forgeries_40_22.png,40,22,forged,0,PNG,P,564,330,1.7091,71737,7415965948c12c6a23649e3a43fb8f6ba476e95bb6a39c50f76432fa81bfdb36
forgeries_40_23.png,raw\signatures\full_forg\forgeries_40_23.png,40,23,forged,0,PNG,P,576,312,1.8462,65233,e59e7f2ec345f9b8168c0af27f7fa2554a5194a9560353163d44ef49ee899687
forgeries_40_24.png,raw\signatures\full_forg\forgeries_40_24.png,40,24,forged,0,PNG,P,606,360,1.6833,91551,38fec74890dd93d0c61727ebb58223e99256269b06f7f00d624972f3ad1ee544
forgeries_40_3.png,raw\signatures\full_forg\forgeries_40_3.png,40,3,forged,0,PNG,P,510,342,1.4912,64625,c4b69978ab7a2a246dc8b19862fd5f2c58dd5fe1df4b6b75403552706b51290a
forgeries_40_4.png,raw\signatures\full_forg\forgeries_40_4.png,40,4,forged,0,PNG,P,540,360,1.5,64210,29bf6b511f86926e0437833879f97340e2844d0507fcb5c00a8acf3ed7333bed
forgeries_40_5.png,raw\signatures\full_forg\forgeries_40_5.png,40,5,forged,0,PNG,P,570,420,1.3571,52316,be8a1f0b0d446bf7b69312b1f73c5ca37d0c8d7119468e87621ce6455b90e7d9
forgeries_40_6.png,raw\signatures\full_forg\forgeries_40_6.png,40,6,forged,0,PNG,P,588,462,1.2727,95697,032307f8ce4d4750ef29f0a6bcc607c6100448af363fc435d8bff199853f5f23
forgeries_40_7.png,raw\signatures\full_forg\forgeries_40_7.png,40,7,forged,0,PNG,P,552,462,1.1948,77808,dfd5b9af8701279fe961bfa56035b1a4390eb9fa196d8fd16373918889beba0f
forgeries_40_8.png,raw\signatures\full_forg\forgeries_40_8.png,40,8,forged,0,PNG,P,564,420,1.3429,54957,e7340df3becf5b5778f1ac21ee818691abbd7513a6697c2d2e434aa917773abc
forgeries_40_9.png,raw\signatures\full_forg\forgeries_40_9.png,40,9,forged,0,PNG,P,612,372,1.6452,87156,3347214f98ceb2eb62f01d3dab78d3f022c927297adc2dd293c61472574e28f6
forgeries_41_1.png,raw\signatures\full_forg\forgeries_41_1.png,41,1,forged,0,PNG,P,468,312,1.5,57736,0ddbf8d3fd3842b57c7b3e14f28baf2cd4e6be038f7be4d9052a5a337c8dae18
forgeries_41_10.png,raw\signatures\full_forg\forgeries_41_10.png,41,10,forged,0,PNG,P,558,354,1.5763,74452,e1f13b6bf7dcd5cc9f19692d83ca21bec5f173628a0fea9487241ea726bae7ec
forgeries_41_11.png,raw\signatures\full_forg\forgeries_41_11.png,41,11,forged,0,PNG,P,468,270,1.7333,44810,15698f5bed2aecf92122dbe886a292fa5010a2367165adb4d0fd0f0755ca6acc
forgeries_41_12.png,raw\signatures\full_forg\forgeries_41_12.png,41,12,forged,0,PNG,P,522,288,1.8125,66646,b816024ed49d50bbacb867ab12bdf95629a9d466502c0e16d81113cba210d191
forgeries_41_13.png,raw\signatures\full_forg\forgeries_41_13.png,41,13,forged,0,PNG,P,570,318,1.7925,76890,a69329a16ab2209a9934d9270779a5bd698c1900dde26b186be512bf5431e3e3
forgeries_41_14.png,raw\signatures\full_forg\forgeries_41_14.png,41,14,forged,0,PNG,P,468,330,1.4182,56279,571576c7addae521adeaf402ee40c98badc21006882ed8065efc9597848f6b44
forgeries_41_15.png,raw\signatures\full_forg\forgeries_41_15.png,41,15,forged,0,PNG,P,510,318,1.6038,76862,a97fad6dab8c8a4c7f21fead482c17c0cede7ed0951d1d12b43bf3a9dc9cc480
forgeries_41_16.png,raw\signatures\full_forg\forgeries_41_16.png,41,16,forged,0,PNG,P,498,312,1.5962,67658,cb353999f1edbb79f30361e49ee41d235cec177415ce9fc04d6635d412701548
forgeries_41_17.png,raw\signatures\full_forg\forgeries_41_17.png,41,17,forged,0,PNG,P,510,312,1.6346,59262,0fa4d6614c8814d2dabb6e451e6524f8fe475f2168f575845d8b2fea7ac6a3c9
forgeries_41_18.png,raw\signatures\full_forg\forgeries_41_18.png,41,18,forged,0,PNG,P,486,312,1.5577,70973,be97e81db0a1a8e3484f1e907f442e53bf92762823ddc3ce3a95873a4b8902b6
forgeries_41_19.png,raw\signatures\full_forg\forgeries_41_19.png,41,19,forged,0,PNG,P,516,336,1.5357,71604,e33c34b44c60fecab013e097494fb374501c3291e948823aedc4e94691c44c97
forgeries_41_2.png,raw\signatures\full_forg\forgeries_41_2.png,41,2,forged,0,PNG,P,486,288,1.6875,45907,f5684d0c5887795024c200bf68c8cf6221400fa10620bc337a5d7d42b4fc5a90
forgeries_41_20.png,raw\signatures\full_forg\forgeries_41_20.png,41,20,forged,0,PNG,P,528,324,1.6296,64177,330cc09c4994bfe9c2cd1501c5372116157d98bb97c60db6793e5e55d0a687d7
forgeries_41_21.png,raw\signatures\full_forg\forgeries_41_21.png,41,21,forged,0,PNG,P,600,342,1.7544,94847,da6638861b5f5a48929ec605331b2bfcb9f02609e2083fc0af4ac79279e36df1
forgeries_41_22.png,raw\signatures\full_forg\forgeries_41_22.png,41,22,forged,0,PNG,P,474,300,1.58,64956,545305cc14c10d862686c77bec4f30d55b7a73503a763efc7b3cf78295bfe12b
forgeries_41_23.png,raw\signatures\full_forg\forgeries_41_23.png,41,23,forged,0,PNG,P,516,384,1.3438,75859,4ecdb4730ae0fee275327522659d3f3473b495f8b0dcac89c6a74c2ac5985f1d
forgeries_41_24.png,raw\signatures\full_forg\forgeries_41_24.png,41,24,forged,0,PNG,P,504,300,1.68,73027,97d2d9860ec8b92729e76fa83d57c5bc491c72f4b6b5a3ae6d336bd5522e35a7
forgeries_41_3.png,raw\signatures\full_forg\forgeries_41_3.png,41,3,forged,0,PNG,P,534,312,1.7115,67926,8c5193ac369f46b4c81536ad5f82b6a15834f6f25eae8d54ba0879aeb29d150d
forgeries_41_4.png,raw\signatures\full_forg\forgeries_41_4.png,41,4,forged,0,PNG,P,510,306,1.6667,60763,1aadf95946074d0f6b1e5740792a599ad8ab38a5bdfa93f2bf9c5fcd249d0fb1
forgeries_41_5.png,raw\signatures\full_forg\forgeries_41_5.png,41,5,forged,0,PNG,P,474,306,1.549,49055,13709e66f53807a2638ceccef94d7fffbf20feccf5ef870da59330bf9a55dcfb
forgeries_41_6.png,raw\signatures\full_forg\forgeries_41_6.png,41,6,forged,0,PNG,P,570,318,1.7925,74887,897152c2c389c523f1a35d924a905ef8fd6f83c632b45bd5bd6a3fe265c86357
forgeries_41_7.png,raw\signatures\full_forg\forgeries_41_7.png,41,7,forged,0,PNG,P,462,288,1.6042,54905,74f6db49097d269ccd6da1d71149e42ef7a02e0d74b83b7865e65ad8be47adc5
forgeries_41_8.png,raw\signatures\full_forg\forgeries_41_8.png,41,8,forged,0,PNG,P,510,312,1.6346,53607,8b4cd13a42d965b36f751c62ae5a261adbd1169c570078e95e9df2e8ebc1b17a
forgeries_41_9.png,raw\signatures\full_forg\forgeries_41_9.png,41,9,forged,0,PNG,P,540,354,1.5254,76710,f64005fd7b50558d842d338b7679ddcd5493b744443bb8eb2aece061c4ae983f
forgeries_42_1.png,raw\signatures\full_forg\forgeries_42_1.png,42,1,forged,0,PNG,P,630,402,1.5672,118717,0261d6cef9dae1e7edc2d6fda0d088b64a8ea485af86a505ab4ffb84a11d07c1
forgeries_42_10.png,raw\signatures\full_forg\forgeries_42_10.png,42,10,forged,0,PNG,P,594,318,1.8679,89707,d7cf7b00c00688c5014f55e12e74635a158af2c66c095107fd4c5931017fe9c1
forgeries_42_11.png,raw\signatures\full_forg\forgeries_42_11.png,42,11,forged,0,PNG,P,594,372,1.5968,89402,859edc5cb8452aeea4b5942161a0af6332a1d25e0257e2fed8c3cc1f703bbc1a
forgeries_42_12.png,raw\signatures\full_forg\forgeries_42_12.png,42,12,forged,0,PNG,P,624,432,1.4444,132476,aa5c2d9b5643bc9729ac5fb754d93fe768c5d4c6e57c2782743b307f46154358
forgeries_42_13.png,raw\signatures\full_forg\forgeries_42_13.png,42,13,forged,0,PNG,P,582,390,1.4923,112323,1ffdb2ee524441750109b904620691ab9ffbee9141517cf35d7cd0297cb2bd78
forgeries_42_14.png,raw\signatures\full_forg\forgeries_42_14.png,42,14,forged,0,PNG,P,600,378,1.5873,104044,fe1451c1c25f017e2cd715146a45c53837df970fa77e1a2c233301673a7ea6dd
forgeries_42_15.png,raw\signatures\full_forg\forgeries_42_15.png,42,15,forged,0,PNG,P,564,432,1.3056,123534,32f0609f5c0a9b4f2cecbc14631f22453a0bc5ae0ff936577cd7e2052795b553
forgeries_42_16.png,raw\signatures\full_forg\forgeries_42_16.png,42,16,forged,0,PNG,P,594,450,1.32,128610,e80570a69c603c9ea99e9a66c4f40f25b34a7073327448c2ae679445d8254b21
forgeries_42_17.png,raw\signatures\full_forg\forgeries_42_17.png,42,17,forged,0,PNG,P,600,372,1.6129,101767,8a096cd9c0f85f21acf058734a3075207385995cc23375f13232e3de54390532
forgeries_42_18.png,raw\signatures\full_forg\forgeries_42_18.png,42,18,forged,0,PNG,P,618,426,1.4507,135630,6ccb152da9d6f6984c7237f87476106eca107b726564d33c1feff8c664ea93dc
forgeries_42_19.png,raw\signatures\full_forg\forgeries_42_19.png,42,19,forged,0,PNG,P,624,378,1.6508,121205,d7353974a41e02ed011d7891ee386798b71f726c3ff31c0da9d518ee7efa09a6
forgeries_42_2.png,raw\signatures\full_forg\forgeries_42_2.png,42,2,forged,0,PNG,P,594,360,1.65,85595,2fff4926243386e160c5d6a08b130965087886271ec79e8f3ab02c101872caa9
forgeries_42_20.png,raw\signatures\full_forg\forgeries_42_20.png,42,20,forged,0,PNG,P,612,366,1.6721,106613,f39a4b99c69350d40f55183ca84cb99f57137818c4a577e5d8b7ec76028d5632
forgeries_42_21.png,raw\signatures\full_forg\forgeries_42_21.png,42,21,forged,0,PNG,P,612,384,1.5938,124399,a2d962a34b47c5cb9b0c9457f961be8e7bab2ede87fe05b4a33144f5df660003
forgeries_42_22.png,raw\signatures\full_forg\forgeries_42_22.png,42,22,forged,0,PNG,P,618,426,1.4507,131480,4ebf102b4de0d8e2b8113fd9d8a454befff08f6613ee53bc72e0fec432971aea
forgeries_42_23.png,raw\signatures\full_forg\forgeries_42_23.png,42,23,forged,0,PNG,P,636,354,1.7966,110000,be5723544f2d40a8deca46c9a6b0a48794ff9044bfa76decd0f16cb9c4d5caa5
forgeries_42_24.png,raw\signatures\full_forg\forgeries_42_24.png,42,24,forged,0,PNG,P,558,462,1.2078,131124,443e97aae9e250bb910948141ec2d459238e6d113b21deec51b5bf684ac09b6c
forgeries_42_3.png,raw\signatures\full_forg\forgeries_42_3.png,42,3,forged,0,PNG,P,606,372,1.629,113110,c4a12e1b72209d022cf359036136b20969fb4d578ec3597b86d66856dfff7207
forgeries_42_4.png,raw\signatures\full_forg\forgeries_42_4.png,42,4,forged,0,PNG,P,618,372,1.6613,107767,295b33d0c2d314ba136cf7ac7f701a96aaedd63e0e49fd9b468e61575dbaa8d3
forgeries_42_5.png,raw\signatures\full_forg\forgeries_42_5.png,42,5,forged,0,PNG,P,600,360,1.6667,83366,546096768ee341fd6901dc6839f8d7ce5a9ab8ce37049358579f0e0bb11e7d44
forgeries_42_6.png,raw\signatures\full_forg\forgeries_42_6.png,42,6,forged,0,PNG,P,642,366,1.7541,117570,bb17e97f9ba68da69a68bb32986540740db4fa9f0b16f48179c586dc6b060e05
forgeries_42_7.png,raw\signatures\full_forg\forgeries_42_7.png,42,7,forged,0,PNG,P,624,372,1.6774,110880,a05d1d4dd7c0e9b5108a118eb4b2ead8ec81cb6b138329defdab77c8f90996cc
forgeries_42_8.png,raw\signatures\full_forg\forgeries_42_8.png,42,8,forged,0,PNG,P,612,312,1.9615,81098,fbf8fa0e4147fa0e881735130373eef1205c2e81a3aedc8ec361dd225bea3f7e
forgeries_42_9.png,raw\signatures\full_forg\forgeries_42_9.png,42,9,forged,0,PNG,P,564,282,2.0,83668,4771cd059dec44cedcf9ddd304149f6c7758fc4594fb06e6c9afe534863694c0
forgeries_43_1.png,raw\signatures\full_forg\forgeries_43_1.png,43,1,forged,0,PNG,P,420,414,1.0145,91939,3c789fb7904684b465b910d53060ef7edba85d3dcc47ae9ce245d842b2551b8c
forgeries_43_10.png,raw\signatures\full_forg\forgeries_43_10.png,43,10,forged,0,PNG,P,456,414,1.1014,104922,92d01286ae0d02bfeb2f2e75f0d2f8a1f9d41247528f5f049f05ec6bcb6f48ab
forgeries_43_11.png,raw\signatures\full_forg\forgeries_43_11.png,43,11,forged,0,PNG,P,438,396,1.1061,86975,5b2e1b7237726d37ea7d00bd7804bd25242146117a81f3812724b757d7f40434
forgeries_43_12.png,raw\signatures\full_forg\forgeries_43_12.png,43,12,forged,0,PNG,P,426,390,1.0923,97011,f520806ad5f23f23896eccd23a3917204076d9d289aa7dc2fff5620cb0fe50c1
forgeries_43_13.png,raw\signatures\full_forg\forgeries_43_13.png,43,13,forged,0,PNG,P,540,432,1.25,121563,5101ac19e4a668da4c2d1c6d3a8bd596cd70572280f629d4a03a9d0a24e2e01d
forgeries_43_14.png,raw\signatures\full_forg\forgeries_43_14.png,43,14,forged,0,PNG,P,468,414,1.1304,97575,866d277ed8cc75d57014bcc4252e5aee8576846ef28b3ed22bd2f62f1fc6b5b4
forgeries_43_15.png,raw\signatures\full_forg\forgeries_43_15.png,43,15,forged,0,PNG,P,462,414,1.1159,108263,98a6c2459b87ada3fd637c8ad10cc9891ca0ae36080bd3f8e169aa257728ac9b
forgeries_43_16.png,raw\signatures\full_forg\forgeries_43_16.png,43,16,forged,0,PNG,P,450,426,1.0563,104204,d5b2df60e89b7dc1f38971c50b76215e9c64025cd5e7892ce097157198d73f9a
forgeries_43_17.png,raw\signatures\full_forg\forgeries_43_17.png,43,17,forged,0,PNG,P,474,384,1.2344,92347,824275915382226a17ba11de899843cbcbd4bc0084a728ae8cf7baa95f8cc4d9
forgeries_43_18.png,raw\signatures\full_forg\forgeries_43_18.png,43,18,forged,0,PNG,P,444,396,1.1212,103661,5c16e96c22e0c5a4cf891af5257c1da5565894a7b5e6e358b07ceaa62542646e
forgeries_43_19.png,raw\signatures\full_forg\forgeries_43_19.png,43,19,forged,0,PNG,P,480,450,1.0667,119430,284d603ba290b831faf2a4eb983246958d50f370518260eca11a7141ef5d3f4b
forgeries_43_2.png,raw\signatures\full_forg\forgeries_43_2.png,43,2,forged,0,PNG,P,432,390,1.1077,79520,64378b89c50d5e60087d3f6c9917279153c5194371346170c032f2986c348842
forgeries_43_20.png,raw\signatures\full_forg\forgeries_43_20.png,43,20,forged,0,PNG,P,438,384,1.1406,89522,f1ed1b8c8d2e41c3b674284dd0b46e795c1083ffd896fca14ecb14d552e868aa
forgeries_43_21.png,raw\signatures\full_forg\forgeries_43_21.png,43,21,forged,0,PNG,P,462,342,1.3509,94192,f8629f4f3e034d4bfdeb6bb8d2dd5a27d68639eba9c38ca4a0d3c2ed5983ed4a
forgeries_43_22.png,raw\signatures\full_forg\forgeries_43_22.png,43,22,forged,0,PNG,P,456,378,1.2063,99569,2848b673d2ef87b7c5e67e5450772f63277460f0f0ff5e4d949c8903889b9183
forgeries_43_23.png,raw\signatures\full_forg\forgeries_43_23.png,43,23,forged,0,PNG,P,510,420,1.2143,110396,bd1755d86512d0f67e723f1158ce9c39e725b2bf6b39be41042c540af7a8f88b
forgeries_43_24.png,raw\signatures\full_forg\forgeries_43_24.png,43,24,forged,0,PNG,P,456,384,1.1875,97634,1cc7dde6803487da9b6b029ef95e3c5c69534794f81de78fa8cde7307bbdf6a1
forgeries_43_3.png,raw\signatures\full_forg\forgeries_43_3.png,43,3,forged,0,PNG,P,432,378,1.1429,90392,e9fced9986be47fd1ab6ad55227722733eccab93d4bdbb216c7eba4ab2750b6b
forgeries_43_4.png,raw\signatures\full_forg\forgeries_43_4.png,43,4,forged,0,PNG,P,444,396,1.1212,96015,08aafb56290dbd999d2ec45d071c430531e2f83a241dbe382741ad48ccd14d7f
forgeries_43_5.png,raw\signatures\full_forg\forgeries_43_5.png,43,5,forged,0,PNG,P,444,414,1.0725,85799,4e51e87b6af0b92cad1ee2f93838c37e4f74c4eab516a0f1c2c2514daa06d4a6
forgeries_43_6.png,raw\signatures\full_forg\forgeries_43_6.png,43,6,forged,0,PNG,P,456,408,1.1176,104678,65abebec664be651f24de1c5650906ae0c7acd7a1995a293c4bd579021c544c1
forgeries_43_7.png,raw\signatures\full_forg\forgeries_43_7.png,43,7,forged,0,PNG,P,444,348,1.2759,89917,4101cad7a96e202e1fd940a659ec6f7d57345e54288dbbd88d10e7d891a8981e
forgeries_43_8.png,raw\signatures\full_forg\forgeries_43_8.png,43,8,forged,0,PNG,P,468,348,1.3448,80733,3e54844c2b9f642b27b066444f0361b604d63cb774749d9dd7949917d6f7251c
forgeries_43_9.png,raw\signatures\full_forg\forgeries_43_9.png,43,9,forged,0,PNG,P,390,366,1.0656,82759,f5f8ad91e4c5dc8b6663196d3a1fb9d367d4d22cd5f30e9420ede5dd141e8b5b
forgeries_44_1.png,raw\signatures\full_forg\forgeries_44_1.png,44,1,forged,0,PNG,P,444,324,1.3704,74209,0cb75f77fe18e550a08d2c627a9b7b5f3354e12cf6553aacb6efc377796c13b8
forgeries_44_10.png,raw\signatures\full_forg\forgeries_44_10.png,44,10,forged,0,PNG,P,432,288,1.5,67707,c233173b2c7a43519ced584256e854f667aca021a874bd0741b34c4b6caf284a
forgeries_44_11.png,raw\signatures\full_forg\forgeries_44_11.png,44,11,forged,0,PNG,P,420,240,1.75,52320,8dcdb5be4713e90223a12b447b4061fec1171e118eeef94cac32114b6df126f6
forgeries_44_12.png,raw\signatures\full_forg\forgeries_44_12.png,44,12,forged,0,PNG,P,408,252,1.619,56907,43a4e383456353cceb53abf63b5631dd643cfc63ab6ac30aeb0c1d9002ff5643
forgeries_44_13.png,raw\signatures\full_forg\forgeries_44_13.png,44,13,forged,0,PNG,P,504,300,1.68,81183,1b34802e3055c7994a752fbff38c6e0406d5351937c6077105baaadf68f49a3c
forgeries_44_14.png,raw\signatures\full_forg\forgeries_44_14.png,44,14,forged,0,PNG,P,420,276,1.5217,62766,6557b45fa8b1e7906945814c9ab6a62534007bf7887b8e1d8e2f376fe70631d8
forgeries_44_15.png,raw\signatures\full_forg\forgeries_44_15.png,44,15,forged,0,PNG,P,498,336,1.4821,90302,56a657bfda9739ec3d66bdd0ff3a1fd58994b443a991a1f930fbd34afc1b3964
forgeries_44_16.png,raw\signatures\full_forg\forgeries_44_16.png,44,16,forged,0,PNG,P,462,318,1.4528,78585,9de16889df66982c80bbdd0fccb4a199d7410ba3521119cfd4d62b7c854ed43b
forgeries_44_17.png,raw\signatures\full_forg\forgeries_44_17.png,44,17,forged,0,PNG,P,480,306,1.5686,75040,93f278256378953b13b991fefa733d36ff24a60ae49e89ffeb5820de3d58cfa1
forgeries_44_18.png,raw\signatures\full_forg\forgeries_44_18.png,44,18,forged,0,PNG,P,450,318,1.4151,80400,9ce777750494793beb30bde8ec510fa357056269895ff32b1d17db4a90716254
forgeries_44_19.png,raw\signatures\full_forg\forgeries_44_19.png,44,19,forged,0,PNG,P,516,240,2.15,69767,4696a7ba62b3d41fd23ebf6f87fd3ef0a6af40495cfc955cc1659d4fb71b4e91
forgeries_44_2.png,raw\signatures\full_forg\forgeries_44_2.png,44,2,forged,0,PNG,P,402,264,1.5227,54218,3ec5e39260ddb125dc25b8747ad92f9b5ca9310986c35495997574ca24196d69
forgeries_44_20.png,raw\signatures\full_forg\forgeries_44_20.png,44,20,forged,0,PNG,P,420,264,1.5909,62438,52ba1730ee2c20783c8a493d9bff485c61a25692f981c6ec395216633ced2a7e
forgeries_44_21.png,raw\signatures\full_forg\forgeries_44_21.png,44,21,forged,0,PNG,P,414,288,1.4375,69784,eec7869c4e867b83d2fe08c9036d71ebe62f3231e4f66f7de16ec59a7133cb8a
forgeries_44_22.png,raw\signatures\full_forg\forgeries_44_22.png,44,22,forged,0,PNG,P,504,342,1.4737,93073,20e7ad27715396ed0b63745b3348e1965e7f99bda010d8afc65320095c11bf6c
forgeries_44_23.png,raw\signatures\full_forg\forgeries_44_23.png,44,23,forged,0,PNG,P,480,336,1.4286,85831,a6316e4dbc31c59c18fdab4c10723d614a993bd4753258660bc125899fd07021
forgeries_44_24.png,raw\signatures\full_forg\forgeries_44_24.png,44,24,forged,0,PNG,P,522,306,1.7059,87113,0e64185ca223f75e1a4c2253aa8cdc7b4d0760a7a0923ad7254edfdec88ba2a4
forgeries_44_3.png,raw\signatures\full_forg\forgeries_44_3.png,44,3,forged,0,PNG,P,414,192,2.1562,46345,5e3862c05789534632ce522b9b6e5eb340c53b59469e6d4f5045c86baf128906
forgeries_44_4.png,raw\signatures\full_forg\forgeries_44_4.png,44,4,forged,0,PNG,P,450,276,1.6304,65575,18bc8e41be4d2c4bfb32dd97f598d2c4b603dfc6b78f0cd9c761d9f9a84b90e3
forgeries_44_5.png,raw\signatures\full_forg\forgeries_44_5.png,44,5,forged,0,PNG,P,468,288,1.625,63385,09859f7aadd73c81b89c93aede3d0ddb1c3b4ed42ce9c7048a73833419728f47
forgeries_44_6.png,raw\signatures\full_forg\forgeries_44_6.png,44,6,forged,0,PNG,P,480,318,1.5094,82960,48f02774c9d5400e7927b89d47eb7d6ee7d67692c181c9118e45a3bbcbf8b354
forgeries_44_7.png,raw\signatures\full_forg\forgeries_44_7.png,44,7,forged,0,PNG,P,414,276,1.5,62251,4fa831dc81979a69eaeb3592652875ff4eef5d25aac9f0e42ecc8490c5289e7e
forgeries_44_8.png,raw\signatures\full_forg\forgeries_44_8.png,44,8,forged,0,PNG,P,378,234,1.6154,47113,62e55b7ecd4a986a3b28ddb1f28e844991c7a23b69f48290fae35c84de6b78a8
forgeries_44_9.png,raw\signatures\full_forg\forgeries_44_9.png,44,9,forged,0,PNG,P,438,252,1.7381,61828,4cfd2c29a95f69b1ab84d8e66170fc9f2c3b092dca7983eb98dea16e202e2893
forgeries_45_1.png,raw\signatures\full_forg\forgeries_45_1.png,45,1,forged,0,PNG,P,600,438,1.3699,138495,1c6b571c39959cddf331758445570eb64b20bcfe992974982d98094474c1cc7c
forgeries_45_10.png,raw\signatures\full_forg\forgeries_45_10.png,45,10,forged,0,PNG,P,600,396,1.5152,128955,5498ad85941299863475165ec5b53e837fd93d6e61c7cb3c684855175011a565
forgeries_45_11.png,raw\signatures\full_forg\forgeries_45_11.png,45,11,forged,0,PNG,P,534,390,1.3692,106904,885502a16b41ec9bae6a79f01a570a11dbb499add85068a35c11be8912d98e70
forgeries_45_12.png,raw\signatures\full_forg\forgeries_45_12.png,45,12,forged,0,PNG,P,576,456,1.2632,140471,3d39c3b3f48b602248c9d70b5ae5db209496625d82ac2cb8d9cf501bda748856
forgeries_45_13.png,raw\signatures\full_forg\forgeries_45_13.png,45,13,forged,0,PNG,P,624,360,1.7333,123442,92828a76729b19f7e0f90dda8f8ce83eaa4443c2cce06a7ed91bd2d3dc86f2c7
forgeries_45_14.png,raw\signatures\full_forg\forgeries_45_14.png,45,14,forged,0,PNG,P,570,456,1.25,135412,00d977e3c7898d406f77d3cc4decffd9713a75fc21d9acc84e1aea98eaf7be6a
forgeries_45_15.png,raw\signatures\full_forg\forgeries_45_15.png,45,15,forged,0,PNG,P,564,384,1.4688,122847,66a956f28666374390a4995927f222e68b85994e4ab069057c4a852820d0d8e6
forgeries_45_16.png,raw\signatures\full_forg\forgeries_45_16.png,45,16,forged,0,PNG,P,516,384,1.3438,110802,9c094ec8cfd31f23ef70dd5e350eafcad591c8dfe6870a9d057c4591d3d2b582
forgeries_45_17.png,raw\signatures\full_forg\forgeries_45_17.png,45,17,forged,0,PNG,P,564,426,1.3239,125089,24e2030dd0ff3266cd9d9754123055b7b58250dd638d1453371aad3f45679e67
forgeries_45_18.png,raw\signatures\full_forg\forgeries_45_18.png,45,18,forged,0,PNG,P,612,342,1.7895,117568,5ecea8039ef506dbe1529d499defaae9ff99bd622a8061a664e7e92b66911f6f
forgeries_45_19.png,raw\signatures\full_forg\forgeries_45_19.png,45,19,forged,0,PNG,P,546,396,1.3788,119920,cc2f23eeb33f0695faaaa49729bf189b8dc2e9eb67a62132ca58df183f78d4fc
forgeries_45_2.png,raw\signatures\full_forg\forgeries_45_2.png,45,2,forged,0,PNG,P,606,504,1.2024,147496,e37e8331468d0e20d17da437906e8641f643e2ee148566f2193adfd079c6106f
forgeries_45_20.png,raw\signatures\full_forg\forgeries_45_20.png,45,20,forged,0,PNG,P,564,396,1.4242,119198,bf61ee7cea5842234118fb4fd627267d58af25c5e721130faaf7056c769835ef
forgeries_45_21.png,raw\signatures\full_forg\forgeries_45_21.png,45,21,forged,0,PNG,P,582,318,1.8302,103972,30e067b8eff5de75cc676666084d4070b1e51ddc6ffc76557830092d54f8142c
forgeries_45_22.png,raw\signatures\full_forg\forgeries_45_22.png,45,22,forged,0,PNG,P,552,330,1.6727,100100,b29760c458dcc00562f7fee9693788166df1eb40587d171a2f5bf87b0b36f0fe
forgeries_45_23.png,raw\signatures\full_forg\forgeries_45_23.png,45,23,forged,0,PNG,P,540,312,1.7308,91773,73f3958bb976d330b486e5208e9b0b495323539a90cefdbe25d5e37227e7bbcb
forgeries_45_24.png,raw\signatures\full_forg\forgeries_45_24.png,45,24,forged,0,PNG,P,612,438,1.3973,148017,3b28726d5554a60e8897fb4b200b1eecd85f0ca337340270ef02a60710da3eb1
forgeries_45_3.png,raw\signatures\full_forg\forgeries_45_3.png,45,3,forged,0,PNG,P,636,426,1.493,144284,398d632665be7f93bb98099d2f21957fdbf891fac6b6bccfa8d9db0d1e964c89
forgeries_45_4.png,raw\signatures\full_forg\forgeries_45_4.png,45,4,forged,0,PNG,P,624,432,1.4444,142349,7bff7bc8da16c6a66982a706ef3e49f33cd7607ac42d5a968df03b3e3ef6a67a
forgeries_45_5.png,raw\signatures\full_forg\forgeries_45_5.png,45,5,forged,0,PNG,P,636,396,1.6061,118008,d1d303b84ee73f0740049670d914839fc0247adc520f1f8213d84283d1181836
forgeries_45_6.png,raw\signatures\full_forg\forgeries_45_6.png,45,6,forged,0,PNG,P,612,414,1.4783,136210,f750652aa08f5577f92306ac108b69d89b8d47f45ee52b3ee2584700d797d30d
forgeries_45_7.png,raw\signatures\full_forg\forgeries_45_7.png,45,7,forged,0,PNG,P,558,396,1.4091,119313,5d7b2f27b0cf5b0a4cb58c1fc0aefcdcf8cd2e532471585091c1613f1b70da63
forgeries_45_8.png,raw\signatures\full_forg\forgeries_45_8.png,45,8,forged,0,PNG,P,576,372,1.5484,107516,b1a9f45ef629f7bce3c2654964f1d07ec968bde57b2ed68f516299fe7c4b4740
forgeries_45_9.png,raw\signatures\full_forg\forgeries_45_9.png,45,9,forged,0,PNG,P,612,372,1.6452,124264,d4768f684ff1b8cae2e1601ad47d4c4bdd527b1f7d512231679c6cc9331b1896
forgeries_46_1.png,raw\signatures\full_forg\forgeries_46_1.png,46,1,forged,0,PNG,P,492,468,1.0513,34351,9adab10ef4615e6e5cec73642ee49615ee3ae2f123e88e75a8a225622e972782
forgeries_46_10.png,raw\signatures\full_forg\forgeries_46_10.png,46,10,forged,0,PNG,P,558,354,1.5763,34874,9b73783d3aa41855c52831a54c02d9690a84fc54744fe93ffc8611337241e290
forgeries_46_11.png,raw\signatures\full_forg\forgeries_46_11.png,46,11,forged,0,PNG,P,552,366,1.5082,32288,52db669b582751f61e8f07939cd075763d530d5460a2dfc1561306be13847315
forgeries_46_12.png,raw\signatures\full_forg\forgeries_46_12.png,46,12,forged,0,PNG,P,522,468,1.1154,40222,cf09e6163bff64deffe08fbaa4467eb3d7554128803b45a645d8f62b99cd1ade
forgeries_46_13.png,raw\signatures\full_forg\forgeries_46_13.png,46,13,forged,0,PNG,P,528,438,1.2055,35416,cfb8abbfb1defe37d7f441bfd4bfd4d87d327458528082d4967ff22b28962f0a
forgeries_46_14.png,raw\signatures\full_forg\forgeries_46_14.png,46,14,forged,0,PNG,P,540,462,1.1688,32255,da15901c947b70cdbd51790440db20ccc61b7361337738b1a6e203703fb169e9
forgeries_46_15.png,raw\signatures\full_forg\forgeries_46_15.png,46,15,forged,0,PNG,P,552,450,1.2267,37843,e5e62b45a3096a1804d6bd017e4820434cbc68114547d23c70f4793dbe752152
forgeries_46_16.png,raw\signatures\full_forg\forgeries_46_16.png,46,16,forged,0,PNG,P,498,414,1.2029,34308,6dd5669968fc6b1f286ba7561d862a26043d142de9a58a5131378c9f9050694d
forgeries_46_17.png,raw\signatures\full_forg\forgeries_46_17.png,46,17,forged,0,PNG,P,516,414,1.2464,28149,f427972ea0ef0478d892b2ac34cb9ea143a774726646f0e5814f1a7710dbe2a8
forgeries_46_18.png,raw\signatures\full_forg\forgeries_46_18.png,46,18,forged,0,PNG,P,570,414,1.3768,47186,03d6e7f6ae1429e49c1d363f8cb9f6c9dcb050c92c89aeeb5e3edd65b050262d
forgeries_46_19.png,raw\signatures\full_forg\forgeries_46_19.png,46,19,forged,0,PNG,P,546,432,1.2639,47139,d05ee69529097b4c1df3d04fc0a15aae7c7813d2d515d0d25d0bb7b100f86582
forgeries_46_2.png,raw\signatures\full_forg\forgeries_46_2.png,46,2,forged,0,PNG,P,516,402,1.2836,26827,21714b5b54ef29a54dd2825a3f9ac6f76849a20ca5d53eb4ebc619f513c35c58
forgeries_46_20.png,raw\signatures\full_forg\forgeries_46_20.png,46,20,forged,0,PNG,P,564,426,1.3239,35389,2f3a192d326fb606076ade9744a1212befe59b42093338b8ad2bb400a13ba16f
forgeries_46_21.png,raw\signatures\full_forg\forgeries_46_21.png,46,21,forged,0,PNG,P,516,432,1.1944,54037,452d8070c9c5321e2e7a483b9718590d6823888e071ecb33b9c3d72efcbfbd9b
forgeries_46_22.png,raw\signatures\full_forg\forgeries_46_22.png,46,22,forged,0,PNG,P,522,384,1.3594,44602,828ca7cf78f9da2c15fcb3a1ce8a3351b44cbe9e267bd37ddb79452aef6577f1
forgeries_46_23.png,raw\signatures\full_forg\forgeries_46_23.png,46,23,forged,0,PNG,P,510,402,1.2687,37577,30e6531c0b5cbec97c5bd2df1641af1285c6da28e5ed3b99e0d0ad9247ee8413
forgeries_46_24.png,raw\signatures\full_forg\forgeries_46_24.png,46,24,forged,0,PNG,P,510,420,1.2143,38330,1d46b7f1a090f5234c9480a9ea918b577fd04fa9448cc48783d70b381a31ea74
forgeries_46_3.png,raw\signatures\full_forg\forgeries_46_3.png,46,3,forged,0,PNG,P,468,414,1.1304,33719,7b924d8775d80fcb7c030bc5b1a659437c8f493240909b94470bec825cd2cf6b
forgeries_46_4.png,raw\signatures\full_forg\forgeries_46_4.png,46,4,forged,0,PNG,P,576,420,1.3714,38693,b33706d533f7d871a72c3375261d18a662d543124f83390efbb393aea9669a4f
forgeries_46_5.png,raw\signatures\full_forg\forgeries_46_5.png,46,5,forged,0,PNG,P,516,396,1.303,25707,33d569a81dc49ae05c39a29977c20aedd7bda987d818bc4464564a4158cb7413
forgeries_46_6.png,raw\signatures\full_forg\forgeries_46_6.png,46,6,forged,0,PNG,P,552,444,1.2432,41937,5e070ae4aa91692e34f84e9b14c3363cba1fee7a850109d8fed4cef48b7f3533
forgeries_46_7.png,raw\signatures\full_forg\forgeries_46_7.png,46,7,forged,0,PNG,P,534,444,1.2027,41939,943a53b0400e9b84a2a8ac1b36c1730777d5c52909096725f864c7af5c7a77b0
forgeries_46_8.png,raw\signatures\full_forg\forgeries_46_8.png,46,8,forged,0,PNG,P,558,366,1.5246,31343,c7ef5574d2680c2b7a1205ae48665735be2c52e26629236cd564c6a462517976
forgeries_46_9.png,raw\signatures\full_forg\forgeries_46_9.png,46,9,forged,0,PNG,P,534,330,1.6182,30789,ee784a2fc9ef93be398ca722fc0c18fd7b376b99a579216142b388965f1140bf
forgeries_47_1.png,raw\signatures\full_forg\forgeries_47_1.png,47,1,forged,0,PNG,P,534,378,1.4127,37509,637073680ce9236d2b9419a6cadb54c92ad841457598bdb87aef1ff74d919fba
forgeries_47_10.png,raw\signatures\full_forg\forgeries_47_10.png,47,10,forged,0,PNG,P,546,396,1.3788,43235,8566175abacd690412cbce716da41252c4a92f31d5e3d3e7183b568356a07de0
forgeries_47_11.png,raw\signatures\full_forg\forgeries_47_11.png,47,11,forged,0,PNG,P,576,444,1.2973,35231,232bd515f0ccf0fbdd5a3f5dcd5d3c9c8e7c880b2a0249c0347731400bbae962
forgeries_47_12.png,raw\signatures\full_forg\forgeries_47_12.png,47,12,forged,0,PNG,P,546,336,1.625,35490,057da0991b8b29b430b1da71e84b2f6478f529411f6a307504473192012a89aa
forgeries_47_13.png,raw\signatures\full_forg\forgeries_47_13.png,47,13,forged,0,PNG,P,648,456,1.4211,64158,a74ff86fdc14fdc94863fdb35e92bc8610a9b8f6afbed3a08c36d910f09a5cac
forgeries_47_14.png,raw\signatures\full_forg\forgeries_47_14.png,47,14,forged,0,PNG,P,630,474,1.3291,51373,44ba94c1512e2abe92661eb1241984a49ea711d73fdbf3909deeac63a5dccc44
forgeries_47_15.png,raw\signatures\full_forg\forgeries_47_15.png,47,15,forged,0,PNG,P,618,444,1.3919,72096,f843c7bf3c730fa0a4f203089a5298012bfbf6c50d89d822ee290fc71fac6935
forgeries_47_16.png,raw\signatures\full_forg\forgeries_47_16.png,47,16,forged,0,PNG,P,672,408,1.6471,63372,a687efff768bb3ae2c9623f4f35e2e21b965d95085eb8c1e3b47913e9135760e
forgeries_47_17.png,raw\signatures\full_forg\forgeries_47_17.png,47,17,forged,0,PNG,P,642,450,1.4267,45684,51dff189f76edd926b72eceb13bf0d88866d0a64b6202e4d515223696637e6d7
forgeries_47_18.png,raw\signatures\full_forg\forgeries_47_18.png,47,18,forged,0,PNG,P,624,504,1.2381,83338,7f888eb5e467775fa3315029aced08f242fa1c9c6209cc33c8c691740932db05
forgeries_47_19.png,raw\signatures\full_forg\forgeries_47_19.png,47,19,forged,0,PNG,P,654,510,1.2824,70447,de474406e15a0bf17d4addf69a51dab26da124ab883236ca4b6c99347ed94681
forgeries_47_2.png,raw\signatures\full_forg\forgeries_47_2.png,47,2,forged,0,PNG,P,564,342,1.6491,28029,3fa27892c73c22d3ca6e32a757b9a633755f0b5d46ef63d606a716bee24ede68
forgeries_47_20.png,raw\signatures\full_forg\forgeries_47_20.png,47,20,forged,0,PNG,P,594,468,1.2692,47644,34aa6f22d08da6a9814a48d9dac4bc47cbcacee631e72a05772b0f71cef5d0d0
forgeries_47_21.png,raw\signatures\full_forg\forgeries_47_21.png,47,21,forged,0,PNG,P,648,498,1.3012,85647,41dc19b370e40cc6cd3023f2ff6be1364b63dce51c247449bb195f0792e98b21
forgeries_47_22.png,raw\signatures\full_forg\forgeries_47_22.png,47,22,forged,0,PNG,P,624,444,1.4054,68224,7cf78f0eaf76537252d3072504b990b349be01b47e0e67006eef498768359be0
forgeries_47_23.png,raw\signatures\full_forg\forgeries_47_23.png,47,23,forged,0,PNG,P,582,432,1.3472,48945,6ff1c346b031d70948bb022b8f1a51040c859d622e0bedccbf3837497b04fbbf
forgeries_47_24.png,raw\signatures\full_forg\forgeries_47_24.png,47,24,forged,0,PNG,P,642,504,1.2738,85149,79466179a69972e12a0e34c5be91aa3b43a76230c11fe69ec4118b16b09e1fb8
forgeries_47_3.png,raw\signatures\full_forg\forgeries_47_3.png,47,3,forged,0,PNG,P,552,336,1.6429,41157,eba2c3e4130dbc87a038c9b3b8ea839a3b1fc6f0cd720a149fe85911c13f3dd1
forgeries_47_4.png,raw\signatures\full_forg\forgeries_47_4.png,47,4,forged,0,PNG,P,534,348,1.5345,35330,30e4beb9313e95122d10ac3ae054d0e37d65c4cf2432ba1abedf48072f03b884
forgeries_47_5.png,raw\signatures\full_forg\forgeries_47_5.png,47,5,forged,0,PNG,P,540,330,1.6364,26352,4f4bbf82a788bd42cd36ac6a2d133193d3bb1a52a84a72b150774c310deb72bf
forgeries_47_6.png,raw\signatures\full_forg\forgeries_47_6.png,47,6,forged,0,PNG,P,558,288,1.9375,43126,18bb6cafca168d9670f08c9552cc06ce365916d0b38b966fa8d1b3c3baed0a20
forgeries_47_7.png,raw\signatures\full_forg\forgeries_47_7.png,47,7,forged,0,PNG,P,522,378,1.381,37248,bbbe0760ffe2806d7fe9caf5250b6a1024588e866ebfc4dcdfee06fb98325ed3
forgeries_47_8.png,raw\signatures\full_forg\forgeries_47_8.png,47,8,forged,0,PNG,P,570,342,1.6667,28882,a8b172bbb55f8fc48944ecf832b7333f97a155561c0685ce4caba6ca045381cf
forgeries_47_9.png,raw\signatures\full_forg\forgeries_47_9.png,47,9,forged,0,PNG,P,642,348,1.8448,48403,cb73bc7c74c7cd142ae94df76cda08620e3742222b18da886da7a3f074334562
forgeries_48_1.png,raw\signatures\full_forg\forgeries_48_1.png,48,1,forged,0,PNG,P,636,336,1.8929,83832,d6fda25e5884bca22de99d12d11d2c711be53bd2035b1cf2b933423ca45deda6
forgeries_48_10.png,raw\signatures\full_forg\forgeries_48_10.png,48,10,forged,0,PNG,P,648,282,2.2979,78992,5018c8baee570a1d2c7bf4b6ee8f8fcd93e49d5ca978983e58da43655650bce5
forgeries_48_11.png,raw\signatures\full_forg\forgeries_48_11.png,48,11,forged,0,PNG,P,606,342,1.7719,64935,830ef1105521b4f90f8e5c8734287ced48a2c494b7d9dafd615f2a83da1d3ede
forgeries_48_12.png,raw\signatures\full_forg\forgeries_48_12.png,48,12,forged,0,PNG,P,660,348,1.8966,95782,8b6563842c5bbece178be9fa3686d512d2a0880c91fe6bbc980fae8784e3a398
forgeries_48_13.png,raw\signatures\full_forg\forgeries_48_13.png,48,13,forged,0,PNG,P,612,336,1.8214,69689,3e0b945bd6cf0982b038795c641f7cf02ae00db2146f30ec5397938807ef7bbe
forgeries_48_14.png,raw\signatures\full_forg\forgeries_48_14.png,48,14,forged,0,PNG,P,648,390,1.6615,64910,6f213a617a1b3d4b67ad328453de943e7a345c992874d82ecd6d39a1d743b89a
forgeries_48_15.png,raw\signatures\full_forg\forgeries_48_15.png,48,15,forged,0,PNG,P,618,294,2.102,63620,210901eb4cc50a5412f5f9d2081462ee144c4e391533bb489f0b1d5e4021fc5f
forgeries_48_16.png,raw\signatures\full_forg\forgeries_48_16.png,48,16,forged,0,PNG,P,606,312,1.9423,64469,3eded60d25d8c805c32311e1284ecc038799853fb1a3cc02ef53b12237819d38
forgeries_48_17.png,raw\signatures\full_forg\forgeries_48_17.png,48,17,forged,0,PNG,P,594,366,1.623,56074,e5371990f2f77968b4fcca89642d1b0765dd86a3c50bdd241d3ff7bec39fd474
forgeries_48_18.png,raw\signatures\full_forg\forgeries_48_18.png,48,18,forged,0,PNG,P,612,336,1.8214,73393,22cdf31de29e4970bb9eda789a0a9a67b9fb0af48360180857139f41d3028175
forgeries_48_19.png,raw\signatures\full_forg\forgeries_48_19.png,48,19,forged,0,PNG,P,618,342,1.807,77114,39687ef6f7858edde87a28e610fe2f501dc721aaa5c53f39056cbfebc9ad3aac
forgeries_48_2.png,raw\signatures\full_forg\forgeries_48_2.png,48,2,forged,0,PNG,P,618,282,2.1915,63164,0a78a129cd24142426dae51faddd2b3eb1f936c2bc5f24fedc70024d6cd8739b
forgeries_48_20.png,raw\signatures\full_forg\forgeries_48_20.png,48,20,forged,0,PNG,P,642,336,1.9107,62659,5c9cbed08c1343a81a90d76465919d486486b1f30e72fc63ba38e4642fe8bad3
forgeries_48_21.png,raw\signatures\full_forg\forgeries_48_21.png,48,21,forged,0,PNG,P,636,300,2.12,74944,ff50c4fb3c38372a83055089c42e6510820d044f22af4d2c8e7058b4eb9131de
forgeries_48_22.png,raw\signatures\full_forg\forgeries_48_22.png,48,22,forged,0,PNG,P,618,294,2.102,74072,64935007c5494412d185b408cadfbf9a898a8f1355993f1f3a230a0505d9711e
forgeries_48_23.png,raw\signatures\full_forg\forgeries_48_23.png,48,23,forged,0,PNG,P,582,300,1.94,51288,f5249479a69664b5092403ca44e4f5baf29351dc5b8e3ca8752a607697019e42
forgeries_48_24.png,raw\signatures\full_forg\forgeries_48_24.png,48,24,forged,0,PNG,P,642,360,1.7833,80097,996f7b73d0bbc1112c6d28f18b72c38e32d33aea856941b193eee2c1bb08f97b
forgeries_48_3.png,raw\signatures\full_forg\forgeries_48_3.png,48,3,forged,0,PNG,P,642,384,1.6719,107716,f1732091a96424ded93eae3c6aa9e789b85d3c878b8031b292284813fa9b48d9
forgeries_48_4.png,raw\signatures\full_forg\forgeries_48_4.png,48,4,forged,0,PNG,P,630,360,1.75,94750,82482342f3224a6748917e1093132b3dc58a819312a093570e38f015d2a4e08b
forgeries_48_5.png,raw\signatures\full_forg\forgeries_48_5.png,48,5,forged,0,PNG,P,684,300,2.28,75709,3422f15492dedd6bfa0e714d789bf0e7e9ab5f55fbc92eacd176bd50cd70b54c
forgeries_48_6.png,raw\signatures\full_forg\forgeries_48_6.png,48,6,forged,0,PNG,P,678,288,2.3542,97490,5c6831478d418087eade17c5940fca77357a2f352dbb6ca578ab8989396eb3ee
forgeries_48_7.png,raw\signatures\full_forg\forgeries_48_7.png,48,7,forged,0,PNG,P,630,312,2.0192,81017,e9d7e1e9051fd60192083196d7762380d4ef37cdc948fc67112ec25907db68ba
forgeries_48_8.png,raw\signatures\full_forg\forgeries_48_8.png,48,8,forged,0,PNG,P,618,306,2.0196,64744,14472457038d6fd333c0eed7ba40ae68515bd9b52d35935be4c84093d7d9c979
forgeries_48_9.png,raw\signatures\full_forg\forgeries_48_9.png,48,9,forged,0,PNG,P,642,294,2.1837,87409,123d956d79a867dbc23df5b9082032353c799ce90a6b9693953da088c78da409
forgeries_49_1.png,raw\signatures\full_forg\forgeries_49_1.png,49,1,forged,0,PNG,P,516,402,1.2836,78725,342c3695cc3f2553aa99ef5cb60be0fd637a584987bffe6408983e9ec22ff5c6
forgeries_49_10.png,raw\signatures\full_forg\forgeries_49_10.png,49,10,forged,0,PNG,P,486,384,1.2656,72401,ee34d50bdad03db5b26560d781c3d6d6d79fe6813b48ba076fa17eb1f2c5c879
forgeries_49_11.png,raw\signatures\full_forg\forgeries_49_11.png,49,11,forged,0,PNG,P,516,366,1.4098,60862,5be25fadc21b1c587e9ef81324b6e4cb311abdfba8f4a00972f7325d4ece3e53
forgeries_49_12.png,raw\signatures\full_forg\forgeries_49_12.png,49,12,forged,0,PNG,P,522,378,1.381,81120,60f2750ee56023b71721ca875c230e298a58e847ef3da3584a05f515ba32a477
forgeries_49_13.png,raw\signatures\full_forg\forgeries_49_13.png,49,13,forged,0,PNG,P,534,378,1.4127,74785,6e0c59d85fbbb1331348311d7b4d26ceb3b997d845015744cf0761e0daa39ff5
forgeries_49_14.png,raw\signatures\full_forg\forgeries_49_14.png,49,14,forged,0,PNG,P,552,366,1.5082,59012,31444ebea4a933b63091d20f7e02c3d507b89dea4a4c0e2eb1a1ad232a936cc2
forgeries_49_15.png,raw\signatures\full_forg\forgeries_49_15.png,49,15,forged,0,PNG,P,540,396,1.3636,82017,7eea86c68127c3c2d8b8037cdde6a08e7426330ac4caaed6d3736fe90f814652
forgeries_49_16.png,raw\signatures\full_forg\forgeries_49_16.png,49,16,forged,0,PNG,P,486,378,1.2857,69353,bfe4dfb4e34d9166298333aa8627b1c3da598d04bb7681b287c6301c1e8d47cc
forgeries_49_17.png,raw\signatures\full_forg\forgeries_49_17.png,49,17,forged,0,PNG,P,486,390,1.2462,55558,78d79976ee675807a6c4852a98cce2cfb7d7ad48da617f5042002521e9c69c13
forgeries_49_18.png,raw\signatures\full_forg\forgeries_49_18.png,49,18,forged,0,PNG,P,498,366,1.3607,73018,3e661451e8ec8394226fcd3339c9892436777d679a8cc7c684e98e2ad74dc70b
forgeries_49_19.png,raw\signatures\full_forg\forgeries_49_19.png,49,19,forged,0,PNG,P,474,348,1.3621,64007,ec41a9b3aec682de7d332c208c8a2087b24c281c79788df3add8abf98ffd6f48
forgeries_49_2.png,raw\signatures\full_forg\forgeries_49_2.png,49,2,forged,0,PNG,P,540,426,1.2676,66233,6c8fc2f5e2adf5ced2ab885e2951aac1586e76f6609835ecf0903ad23b65fc11
forgeries_49_20.png,raw\signatures\full_forg\forgeries_49_20.png,49,20,forged,0,PNG,P,480,360,1.3333,53190,1ec06d61e084bd9e671eda223885dd76abb7f65d1e18d200bdd7aeb7ca62c458
forgeries_49_21.png,raw\signatures\full_forg\forgeries_49_21.png,49,21,forged,0,PNG,P,492,324,1.5185,67495,ea04a534ad66b3f092b674bb915042db2cc6946d9960afb01776c2da65f42db1
forgeries_49_22.png,raw\signatures\full_forg\forgeries_49_22.png,49,22,forged,0,PNG,P,486,366,1.3279,69892,0c0a532661ba24e29a506447cef44e79feeef6280a7edebd6df83a62606b6fc3
forgeries_49_23.png,raw\signatures\full_forg\forgeries_49_23.png,49,23,forged,0,PNG,P,510,396,1.2879,62649,cec8628299540947b309beb7bcb5d91d11ac6909e27c5b98ec11fa225d770dc5
forgeries_49_24.png,raw\signatures\full_forg\forgeries_49_24.png,49,24,forged,0,PNG,P,522,390,1.3385,79182,aed1728def1b32026dab6f083f0d7313cb30fcf0ac3ba86b5b9c92b63acaa788
forgeries_49_3.png,raw\signatures\full_forg\forgeries_49_3.png,49,3,forged,0,PNG,P,522,390,1.3385,84466,204bb8ee15a4a7f7fb65c1206bbe8b46822dca17adecb483424b9fff18bda257
forgeries_49_4.png,raw\signatures\full_forg\forgeries_49_4.png,49,4,forged,0,PNG,P,534,384,1.3906,76578,abec96d893f4fea892cccd9f99dcf25eeec9b9c214784aafa8cfebac83e56b8a
forgeries_49_5.png,raw\signatures\full_forg\forgeries_49_5.png,49,5,forged,0,PNG,P,504,366,1.377,56443,e5b93c1d4c5802936d0f2a31bbd433673d6d0ec247e14f3f2fa20ab2c192ec54
forgeries_49_6.png,raw\signatures\full_forg\forgeries_49_6.png,49,6,forged,0,PNG,P,450,390,1.1538,74246,71b3449a7438c0c435b8986088422a17e416f7cbe6186ccf4a84932db2c3b7ac
forgeries_49_7.png,raw\signatures\full_forg\forgeries_49_7.png,49,7,forged,0,PNG,P,468,372,1.2581,66325,9771c91f3badbf5a11202747b44e00e681898333abecb486393028d917bd7bc6
forgeries_49_8.png,raw\signatures\full_forg\forgeries_49_8.png,49,8,forged,0,PNG,P,474,360,1.3167,53886,21a11024fa269ac4806b31a921d7045c019ee00d485b20270ea8caa5f699a32a
forgeries_49_9.png,raw\signatures\full_forg\forgeries_49_9.png,49,9,forged,0,PNG,P,444,330,1.3455,65915,9e03ae58eb0cf5a57cded416efdebcf16f60c8a26c2a998dd9d65247ecc5c4ce
forgeries_4_1.png,raw\signatures\full_forg\forgeries_4_1.png,4,1,forged,0,PNG,P,492,360,1.3667,81068,3e2ebea93a10dc3a3ff2fc7a8630eed1b1e9a155e0acc034ab4d5fc4911962d6
forgeries_4_10.png,raw\signatures\full_forg\forgeries_4_10.png,4,10,forged,0,PNG,P,498,348,1.431,89274,9fe7ae994337df74b1a075e9a523559b215247d02308d61f77a1af1fc8453eed
forgeries_4_11.png,raw\signatures\full_forg\forgeries_4_11.png,4,11,forged,0,PNG,P,540,306,1.7647,78933,ae44c8ed7bc7b4a83b008e568ec5162397337f012a06cf5ca052c323794b41e5
forgeries_4_12.png,raw\signatures\full_forg\forgeries_4_12.png,4,12,forged,0,PNG,P,462,300,1.54,66147,0a74efb73015303dc382859fe33f19febe154434ded09725b7b1212b3a87acd1
forgeries_4_13.png,raw\signatures\full_forg\forgeries_4_13.png,4,13,forged,0,PNG,P,486,330,1.4727,84372,151ecb427528cc0f05026259c833d6303e730ca6034c59f1c8618a8966dc69e6
forgeries_4_14.png,raw\signatures\full_forg\forgeries_4_14.png,4,14,forged,0,PNG,P,492,378,1.3016,76826,7b48b6b4dc76ce5f207858e7a111f1d44daa18c1206e94ef69d32f524b4a5fc1
forgeries_4_15.png,raw\signatures\full_forg\forgeries_4_15.png,4,15,forged,0,PNG,P,504,354,1.4237,90501,69ca051a7505285fbeba47f7cd983ee6c39d1cdbfd834d72943a400d2fea0954
forgeries_4_16.png,raw\signatures\full_forg\forgeries_4_16.png,4,16,forged,0,PNG,P,534,258,2.0698,73248,d10a93c8f2e219c4cb4f6655fb32afff78120418b3144261b4b3bc6b7c1fcff1
forgeries_4_17.png,raw\signatures\full_forg\forgeries_4_17.png,4,17,forged,0,PNG,P,528,306,1.7255,68062,b1e2a2c4dc9e4ab275fba3e916af9ce5b4697c881609b5044fffc8a5a61e4634
forgeries_4_18.png,raw\signatures\full_forg\forgeries_4_18.png,4,18,forged,0,PNG,P,486,324,1.5,83483,0a29c23c26f2a942e3814dcd94ab2303bf88f15475b38212b805fc9eb1d018a7
forgeries_4_19.png,raw\signatures\full_forg\forgeries_4_19.png,4,19,forged,0,PNG,P,534,324,1.6481,87411,fd1eae5f2c7cc2dcc2333b0c072637807194480655711196b36c4de4473406f0
forgeries_4_2.png,raw\signatures\full_forg\forgeries_4_2.png,4,2,forged,0,PNG,P,570,342,1.6667,74031,78150e97558e6675b88627280fecd133751e1a7d371792fccff1c1fcbf57cf10
forgeries_4_20.png,raw\signatures\full_forg\forgeries_4_20.png,4,20,forged,0,PNG,P,450,402,1.1194,73198,bbd1d8d3ca0891022efaaa3fbacde1115273c3efe21b28a8be5ff6f57ecdbc79
forgeries_4_21.png,raw\signatures\full_forg\forgeries_4_21.png,4,21,forged,0,PNG,P,516,360,1.4333,93489,a140c1161fd41150d3774bfedd35ecd159c2ca3514387c8283375fe576549028
forgeries_4_22.png,raw\signatures\full_forg\forgeries_4_22.png,4,22,forged,0,PNG,P,492,342,1.4386,88910,2a8591db566b1cf8ffe3d7dc1aebb63e2af4a3b188800c4965e4fd50cd8202b3
forgeries_4_23.png,raw\signatures\full_forg\forgeries_4_23.png,4,23,forged,0,PNG,P,438,324,1.3519,64534,14869ae087fb8daca1ef966b891336cff8cbe4adb99a47ba5ee72129f7da83db
forgeries_4_24.png,raw\signatures\full_forg\forgeries_4_24.png,4,24,forged,0,PNG,P,528,312,1.6923,88984,775eee8c8660d88c5fb36a45267a186d00c250fbf82ee02e13df0fab6783403d
forgeries_4_3.png,raw\signatures\full_forg\forgeries_4_3.png,4,3,forged,0,PNG,P,540,330,1.6364,83182,1c03c886f0df6c5764b6e973c067bae7486a812bc600628b437c180efd3c35c2
forgeries_4_4.png,raw\signatures\full_forg\forgeries_4_4.png,4,4,forged,0,PNG,P,552,348,1.5862,89077,2cc4d44801dc009edf1bc851651c8ced9649746bb15080a9d4bebd4f4851c1c6
forgeries_4_5.png,raw\signatures\full_forg\forgeries_4_5.png,4,5,forged,0,PNG,P,486,258,1.8837,54641,cc2ff6998b86495d2acf12bb19b1b2e353ef52dbf60a299184f577b224ab38f4
forgeries_4_6.png,raw\signatures\full_forg\forgeries_4_6.png,4,6,forged,0,PNG,P,498,318,1.566,78119,1e41e9173fd2a584765735d8d7305c3f78313d8c811454d24887f8795dd3f6d6
forgeries_4_7.png,raw\signatures\full_forg\forgeries_4_7.png,4,7,forged,0,PNG,P,534,348,1.5345,92829,2d4e9f02ced85886de78302c22bb8f6bdcd9b97e6c4cf7898d4a4d3da82809d6
forgeries_4_8.png,raw\signatures\full_forg\forgeries_4_8.png,4,8,forged,0,PNG,P,534,348,1.5345,81876,0f743a76e9a87a5b2d9aecc63a62d246be3dca1852608f33350c43e967b35639
forgeries_4_9.png,raw\signatures\full_forg\forgeries_4_9.png,4,9,forged,0,PNG,P,522,378,1.381,99832,0629d4ce4c0a6cee6c14793b7b9e6eb5b3eb33b354ac1a0b3327722a5201ad4b
forgeries_50_1.png,raw\signatures\full_forg\forgeries_50_1.png,50,1,forged,0,PNG,P,600,348,1.7241,72448,3d1eaf610042b49c36bf4d1a682ae29634321aad03ff1b46b51f1fd9144f579b
forgeries_50_10.png,raw\signatures\full_forg\forgeries_50_10.png,50,10,forged,0,PNG,P,594,366,1.623,74892,48ea9b686d402bdefc9241ff83ada49eacd5bce3d6125540acb620af9d3ec76d
forgeries_50_11.png,raw\signatures\full_forg\forgeries_50_11.png,50,11,forged,0,PNG,P,540,318,1.6981,46853,1cb178b3e1207d344eaca72606db82e56bee6d6b45aa916e076866f4d51983e9
forgeries_50_12.png,raw\signatures\full_forg\forgeries_50_12.png,50,12,forged,0,PNG,P,570,360,1.5833,78495,2f4b03ac9ee18d609bdefffa2f6cb2af9bd6edefd402545a9965307c9962084b
forgeries_50_13.png,raw\signatures\full_forg\forgeries_50_13.png,50,13,forged,0,PNG,P,582,366,1.5902,90511,0cf470cc669c172c2e869e97e3e2b325e47ed8457140ea84463db89c6d01fc23
forgeries_50_14.png,raw\signatures\full_forg\forgeries_50_14.png,50,14,forged,0,PNG,P,558,372,1.5,70836,fbe2921bbaeb43d81b309bb9590e66ef87971f48621aca5342672511de0e7c42
forgeries_50_15.png,raw\signatures\full_forg\forgeries_50_15.png,50,15,forged,0,PNG,P,534,360,1.4833,85685,61a96a7f5f400af794345aeb8024be50f01d806eaddbe7278e57cc22ae4169e9
forgeries_50_16.png,raw\signatures\full_forg\forgeries_50_16.png,50,16,forged,0,PNG,P,570,366,1.5574,87646,24d33c1b037825dcf79a09d2335bec2acd2070adcd161dfd7691ca393bd4ce90
forgeries_50_17.png,raw\signatures\full_forg\forgeries_50_17.png,50,17,forged,0,PNG,P,612,378,1.619,76037,1d063c5522e3956a1383a1cc76f6dabdd1ff820b4b4be3deb8fe284746fa5f94
forgeries_50_18.png,raw\signatures\full_forg\forgeries_50_18.png,50,18,forged,0,PNG,P,606,390,1.5538,104166,4981e586fc8911a67996f8fdde6f388851a0c7b83675a12533ee424461ee9b1e
forgeries_50_19.png,raw\signatures\full_forg\forgeries_50_19.png,50,19,forged,0,PNG,P,576,372,1.5484,90666,f69fb9f2bfb2bb42d020b873aeeee357551e38734c62e3efc4f77f198cb00f21
forgeries_50_2.png,raw\signatures\full_forg\forgeries_50_2.png,50,2,forged,0,PNG,P,612,360,1.7,53299,0538978ad8dc6ec0fcc765187217293c9489faff1323201153f9e534ec4427fc
forgeries_50_20.png,raw\signatures\full_forg\forgeries_50_20.png,50,20,forged,0,PNG,P,552,342,1.614,64025,49a2af02900af92c9bbb24d20e6ff7c41a3902cc4a1cc49cd2363a55c54552fd
forgeries_50_21.png,raw\signatures\full_forg\forgeries_50_21.png,50,21,forged,0,PNG,P,540,336,1.6071,85220,f03a8011cdbe25119cf93e6c3994a12f37a2ecb1d34a6ffe8a90582040c39e50
forgeries_50_22.png,raw\signatures\full_forg\forgeries_50_22.png,50,22,forged,0,PNG,P,570,318,1.7925,78884,6229e7bdb1a9b777623b3e3ba3bf3c5e50a4982fd59785747e30dfa17e172420
forgeries_50_23.png,raw\signatures\full_forg\forgeries_50_23.png,50,23,forged,0,PNG,P,546,324,1.6852,64402,d20ec4106b22b08efc666ab4f62bad926c2f9fde8631a37dd0bfa8e18b5d2073
forgeries_50_24.png,raw\signatures\full_forg\forgeries_50_24.png,50,24,forged,0,PNG,P,576,414,1.3913,100850,983cd689761369b15c722ccbe6527f90d0550abda4a1f07bae1116774456e30b
forgeries_50_3.png,raw\signatures\full_forg\forgeries_50_3.png,50,3,forged,0,PNG,P,552,366,1.5082,76755,52b6721306bd50ed9fed5bbb987f022862a38a6e777e9ddf9bb8c305e0b0979e
forgeries_50_4.png,raw\signatures\full_forg\forgeries_50_4.png,50,4,forged,0,PNG,P,600,396,1.5152,76826,5a4a4cd71ee045f05bf835ec9c850e2c9e5d8b27b3350ac9808d63b32a9c1513
forgeries_50_5.png,raw\signatures\full_forg\forgeries_50_5.png,50,5,forged,0,PNG,P,588,390,1.5077,54391,741a06543c4cf714ebed2cfa331f643e90ff86b9eb386d2f29200e29cff48858
forgeries_50_6.png,raw\signatures\full_forg\forgeries_50_6.png,50,6,forged,0,PNG,P,600,408,1.4706,89329,6a6d0b46479563dc8f475f35680a490c548c42e08671ae21eb6cd0e76716a742
forgeries_50_7.png,raw\signatures\full_forg\forgeries_50_7.png,50,7,forged,0,PNG,P,558,360,1.55,65876,d4d34ef9114352e5904fac3794641cc2b271beb0dc8fa94638f6650806ecf75d
forgeries_50_8.png,raw\signatures\full_forg\forgeries_50_8.png,50,8,forged,0,PNG,P,498,330,1.5091,44642,84c3edb173e891c8e2f0a019ceb3712e200da433664ada61da41f3f781c4bd74
forgeries_50_9.png,raw\signatures\full_forg\forgeries_50_9.png,50,9,forged,0,PNG,P,558,354,1.5763,76913,094eef96753e33b9c9a4c14dc00d70b8e4564423cedf85c92e625d852e7801b7
forgeries_51_1.png,raw\signatures\full_forg\forgeries_51_1.png,51,1,forged,0,PNG,P,642,366,1.7541,119253,12a3beeb110f9e608a850612cad1a70c5c98220380cf26acfe76cec5480dde7f
forgeries_51_10.png,raw\signatures\full_forg\forgeries_51_10.png,51,10,forged,0,PNG,P,594,342,1.7368,110874,233d4199b7b09c47e0660eec58040173bc049c248f957dd0388a214cfc05bcd1
forgeries_51_11.png,raw\signatures\full_forg\forgeries_51_11.png,51,11,forged,0,PNG,P,582,324,1.7963,91242,6262eb4e71a604a72ae65be0d7a0f911f30cf2ce5133e4ab7bd4ef552dc870e5
forgeries_51_12.png,raw\signatures\full_forg\forgeries_51_12.png,51,12,forged,0,PNG,P,636,336,1.8929,116870,0db0578bcb748581cc1370f164cb939865b73eb8fd128e055683fdffeb551ad0
forgeries_51_13.png,raw\signatures\full_forg\forgeries_51_13.png,51,13,forged,0,PNG,P,647,283,2.2862,100409,4756f36d82381e6c71b72228c50d306b5999935727bac3cd01eec6202231ee7b
forgeries_51_14.png,raw\signatures\full_forg\forgeries_51_14.png,51,14,forged,0,PNG,P,648,337,1.9228,97229,74351659ddd7a80ecdacccf7147736b179d9f8f137a709ad4926b8494a10da9d
forgeries_51_15.png,raw\signatures\full_forg\forgeries_51_15.png,51,15,forged,0,PNG,P,634,298,2.1275,105364,259b8fdf2ec143342be43150c230eff946059277735701f737193134cfe74778
forgeries_51_16.png,raw\signatures\full_forg\forgeries_51_16.png,51,16,forged,0,PNG,P,636,408,1.5588,128043,12196c1d0226904e3beb1a1891735d3c6a8093b9e8272197764cd000cf394ad2
forgeries_51_17.png,raw\signatures\full_forg\forgeries_51_17.png,51,17,forged,0,PNG,P,662,329,2.0122,98493,1addf5b32df8ea849cd40ce9e027ee18735e054becce09c27a93a1194b403af1
forgeries_51_18.png,raw\signatures\full_forg\forgeries_51_18.png,51,18,forged,0,PNG,P,640,313,2.0447,108078,7e43b9279bf707b82a584d3696fe3a6fc6b531623791afbeda46f44e87f1b9a5
forgeries_51_19.png,raw\signatures\full_forg\forgeries_51_19.png,51,19,forged,0,PNG,P,653,374,1.746,123152,e6ed37b77f25b4360a7fd1ba4a58bcdd66fd6efe27d95c94adee524076f8d212
forgeries_51_2.png,raw\signatures\full_forg\forgeries_51_2.png,51,2,forged,0,PNG,P,636,420,1.5143,117652,ad6c5ea203914063a7798b3d975536fdd21c78b9aa58160fbcd68b9e19be5ec8
forgeries_51_20.png,raw\signatures\full_forg\forgeries_51_20.png,51,20,forged,0,PNG,P,640,354,1.8079,102235,8aaf408c8110ef626a01b6fa1359e2aef7ef39e2f41a9f9d8715d2d6d00a9e47
forgeries_51_21.png,raw\signatures\full_forg\forgeries_51_21.png,51,21,forged,0,PNG,P,603,382,1.5785,120942,b97c353dbf7e00e6297b922f9c0c395ee619bbd080299bb5bce29b3c2187f242
forgeries_51_22.png,raw\signatures\full_forg\forgeries_51_22.png,51,22,forged,0,PNG,P,625,315,1.9841,104653,426e333b3c293d4e2d08dd3d3762a87ea8f70da6c89eb2f3968b453bc4540f1b
forgeries_51_23.png,raw\signatures\full_forg\forgeries_51_23.png,51,23,forged,0,PNG,P,588,313,1.8786,90644,422b97ca3307baefcb0273259209b695a5991cad137b50fb2f504987093e533d
forgeries_51_24.png,raw\signatures\full_forg\forgeries_51_24.png,51,24,forged,0,PNG,P,654,349,1.8739,123770,68d9f29142d02d4bab4d0ad7daf8b231b76321cc0e47f81c79b3e192abbb8232
forgeries_51_3.png,raw\signatures\full_forg\forgeries_51_3.png,51,3,forged,0,PNG,P,576,354,1.6271,111739,c0daea67266b255ddf755a55965dc3eb12a0d091f4aeead3b31b7ef10867bc94
forgeries_51_4.png,raw\signatures\full_forg\forgeries_51_4.png,51,4,forged,0,PNG,P,594,372,1.5968,113394,c2ef7e1fd43d118908e21a02edfff1b6ce2349f9163740fcbdc19713e145c417
forgeries_51_5.png,raw\signatures\full_forg\forgeries_51_5.png,51,5,forged,0,PNG,P,654,306,2.1373,96169,dd54311ffad60c59d081c476e6c50070d0762892beedda1bd842fa45f1067490
forgeries_51_6.png,raw\signatures\full_forg\forgeries_51_6.png,51,6,forged,0,PNG,P,642,342,1.8772,118385,81803f6779613f5e34d6ced01c4ebd6268bc845df8977788a1b41976c2b2d278
forgeries_51_7.png,raw\signatures\full_forg\forgeries_51_7.png,51,7,forged,0,PNG,P,654,366,1.7869,124285,af8bb4623ba92dc98a45f4c4f66655303bd943d210e80bd04bca8f3e2b3df5da
forgeries_51_8.png,raw\signatures\full_forg\forgeries_51_8.png,51,8,forged,0,PNG,P,642,336,1.9107,100259,542fcbc5bf20bdb596844791a075be2b0f5fa9c5bc5285e6b97eadf7e33a3627
forgeries_51_9.png,raw\signatures\full_forg\forgeries_51_9.png,51,9,forged,0,PNG,P,618,348,1.7759,115429,53c96140ff3652dab539145bdc6b0650827cbade87d35233ac58522a846a31f0
forgeries_52_1.png,raw\signatures\full_forg\forgeries_52_1.png,52,1,forged,0,PNG,P,600,276,2.1739,77087,b01984fceef3fb806ce7b03c68bd06e10936170d46dd8d3cc6577a6dfc22368f
forgeries_52_10.png,raw\signatures\full_forg\forgeries_52_10.png,52,10,forged,0,PNG,P,588,270,2.1778,71624,227cb82a37ad654384a7da4c67841d91cb3ec1a8695412d9b08ea9f02dc9d486
forgeries_52_11.png,raw\signatures\full_forg\forgeries_52_11.png,52,11,forged,0,PNG,P,514,206,2.4951,45993,5e822bb7ecc6a4320d9f5e4edd98dfe05467e85d7ae6f51a61117b8cbdd14e1c
forgeries_52_12.png,raw\signatures\full_forg\forgeries_52_12.png,52,12,forged,0,PNG,P,528,246,2.1463,66382,f8bc430a2ceb6a3bb4b016106eac00e669425e6ce46a1bf63ec74328c0f7e352
forgeries_52_13.png,raw\signatures\full_forg\forgeries_52_13.png,52,13,forged,0,PNG,P,546,270,2.0222,70703,5b1c2b8d126feb35d7ed2b0c5ddb39aea98258ac071e5da7f8d4b8d55e268f47
forgeries_52_14.png,raw\signatures\full_forg\forgeries_52_14.png,52,14,forged,0,PNG,P,612,234,2.6154,58871,582b925448a7dd8c55e37db8a0dc6d1f9f6e515aa091c58b7fd961a6fd6ee5ab
forgeries_52_15.png,raw\signatures\full_forg\forgeries_52_15.png,52,15,forged,0,PNG,P,570,288,1.9792,79946,0975c484caf40c65a89a8a35c390d9530d2a754b66c5f1e7078d93fd68fc7a51
forgeries_52_16.png,raw\signatures\full_forg\forgeries_52_16.png,52,16,forged,0,PNG,P,588,306,1.9216,82971,fa81b8077225f5eb9e93b19a36bb5dbdbf6c7c9ceb37f31cfbc1894f873b5cbb
forgeries_52_17.png,raw\signatures\full_forg\forgeries_52_17.png,52,17,forged,0,PNG,P,576,300,1.92,65874,7df76797e7458ff8dffbb166c62d999826a3389fddde37a23a9fc6d25e097e5b
forgeries_52_18.png,raw\signatures\full_forg\forgeries_52_18.png,52,18,forged,0,PNG,P,606,282,2.1489,83665,c38fd33c73a4fe488063121f173331717d94de0ba124d2cd67dd3d0969965a50
forgeries_52_19.png,raw\signatures\full_forg\forgeries_52_19.png,52,19,forged,0,PNG,P,588,246,2.3902,69009,9ba1d60050f5583d72e7cf0cd8ffb50c835562db050616b7f686a1149c181ecd
forgeries_52_2.png,raw\signatures\full_forg\forgeries_52_2.png,52,2,forged,0,PNG,P,588,246,2.3902,59801,e1c8f0115ffa5e91cf2edcc9de74d234dcf63df175adbd310ff5ec257f350f21
forgeries_52_20.png,raw\signatures\full_forg\forgeries_52_20.png,52,20,forged,0,PNG,P,624,240,2.6,58980,8feb0eedfacb2b27467711fa69355947c6b1d325ca951dca278c4599a06b0610
forgeries_52_21.png,raw\signatures\full_forg\forgeries_52_21.png,52,21,forged,0,PNG,P,588,282,2.0851,81744,225b50c661ed3ba62ff1f7eebb2a63c1cee5d9fe8ae50bbe88797de2f2cda431
forgeries_52_22.png,raw\signatures\full_forg\forgeries_52_22.png,52,22,forged,0,PNG,P,612,276,2.2174,81261,cdb1163669884e863d613ef3a0c6fc2074c990ef4a885a4ee383d45d6ac5c467
forgeries_52_23.png,raw\signatures\full_forg\forgeries_52_23.png,52,23,forged,0,PNG,P,558,264,2.1136,59477,ffc4cec87d5dde1750d4cc7619a2921cd6128bce1dba75b6d1798df327d23f36
forgeries_52_24.png,raw\signatures\full_forg\forgeries_52_24.png,52,24,forged,0,PNG,P,588,312,1.8846,88140,de7af456dd89f34daecc6395bea9de9438633d4446bf785b2dec4325c09b8328
forgeries_52_3.png,raw\signatures\full_forg\forgeries_52_3.png,52,3,forged,0,PNG,P,516,258,2.0,68856,fd91ecd4c226f2dcb7f7552afe7d672f6fa4351dc9dfefeeabcd5c100e75163d
forgeries_52_4.png,raw\signatures\full_forg\forgeries_52_4.png,52,4,forged,0,PNG,P,576,246,2.3415,66739,d4d8a7d986454e77fcbda6227e38e874a9489e186c02bc7803381b4092e98c99
forgeries_52_5.png,raw\signatures\full_forg\forgeries_52_5.png,52,5,forged,0,PNG,P,564,270,2.0889,59223,c2804dfa82cae36f7b8ba48445908929f1d61f0d750ff62f3f6937bc737268d2
forgeries_52_6.png,raw\signatures\full_forg\forgeries_52_6.png,52,6,forged,0,PNG,P,546,258,2.1163,71631,817ea17ed27a87fcb786a625822f6242196466a99dc1c27dec7f274ac4b9a5c4
forgeries_52_7.png,raw\signatures\full_forg\forgeries_52_7.png,52,7,forged,0,PNG,P,600,240,2.5,67017,dba4e5377c9c0772cc857637e79eb44d1b225ff46dc9c1f3de61685b86d452be
forgeries_52_8.png,raw\signatures\full_forg\forgeries_52_8.png,52,8,forged,0,PNG,P,612,240,2.55,58648,b3c9179f672d6924e3fa57950ae5d18052fa77b323a70695e3a4eecba8304260
forgeries_52_9.png,raw\signatures\full_forg\forgeries_52_9.png,52,9,forged,0,PNG,P,588,228,2.5789,68671,4da92e2fac2d625f520fafc64ecb20973723a64227cb9f5d9f8c9915906e6cc4
forgeries_53_1.png,raw\signatures\full_forg\forgeries_53_1.png,53,1,forged,0,PNG,P,588,318,1.8491,87683,6cd31adf892ed3a3d7ffc74e831f8cf8697c49bcb4e0930bd9c6b4e3d1337e7f
forgeries_53_10.png,raw\signatures\full_forg\forgeries_53_10.png,53,10,forged,0,PNG,P,600,246,2.439,76145,66c9fc547b539ef69ccedb4273fb4c793361abfc4610f2bd9f1c37ed1f7d41cf
forgeries_53_11.png,raw\signatures\full_forg\forgeries_53_11.png,53,11,forged,0,PNG,P,568,180,3.1556,48264,793e6aacbbd93b563a83090eb8d77f0d5054728986a976799cf6baf6845008ae
forgeries_53_12.png,raw\signatures\full_forg\forgeries_53_12.png,53,12,forged,0,PNG,P,594,270,2.2,81384,2e7fc6349529e98652bdeaf246fbef4312f46e44fd2f402b0cd014894e3c0e06
forgeries_53_13.png,raw\signatures\full_forg\forgeries_53_13.png,53,13,forged,0,PNG,P,576,294,1.9592,85911,668715fc17e4b76bc2d66e3f42bd00ec8aac095c5fad10dd367fb7064f4616c4
forgeries_53_14.png,raw\signatures\full_forg\forgeries_53_14.png,53,14,forged,0,PNG,P,600,282,2.1277,74749,557e724b44b9798935d2479e4a7d3fddd376f4118309109550dc77fcefc0a99f
forgeries_53_15.png,raw\signatures\full_forg\forgeries_53_15.png,53,15,forged,0,PNG,P,624,258,2.4186,86393,9df611bf316712d6163867c9c41f8ab221bb2cb6f7471d841c82e94866384da3
forgeries_53_16.png,raw\signatures\full_forg\forgeries_53_16.png,53,16,forged,0,PNG,P,588,258,2.2791,77604,5de3c77d375bad2c66a6b514e8ba58eb9d81ac3664c1c9cdf8cefd2628f4e3d1
forgeries_53_17.png,raw\signatures\full_forg\forgeries_53_17.png,53,17,forged,0,PNG,P,546,246,2.2195,58957,a84a6f36d29be1b54499e1876ff5400aefedb508938bc97333cbe423e57e910f
forgeries_53_18.png,raw\signatures\full_forg\forgeries_53_18.png,53,18,forged,0,PNG,P,612,240,2.55,80542,f28b75e5709dc337035b9af748a56da13612f635d4314a1753279ef015bb31c7
forgeries_53_19.png,raw\signatures\full_forg\forgeries_53_19.png,53,19,forged,0,PNG,P,642,282,2.2766,90384,4a534f14e73e21de360b908e925b98dc0613bd8023a9c2fa2f7a6516981e40a2
forgeries_53_2.png,raw\signatures\full_forg\forgeries_53_2.png,53,2,forged,0,PNG,P,636,330,1.9273,81247,9fc007b8926184c3f5fa54ed3d73332f8f00caaa9c69151c68846ec272c4fe2c
forgeries_53_20.png,raw\signatures\full_forg\forgeries_53_20.png,53,20,forged,0,PNG,P,594,228,2.6053,60919,4150ffe033034f85638dcf96aa56dc5b4468cdf2356ae28f1e150ae3681c9741
forgeries_53_21.png,raw\signatures\full_forg\forgeries_53_21.png,53,21,forged,0,PNG,P,612,264,2.3182,86316,a763eade8bca7a21aebea1b7748264e0bc4ef7254e19bf5343b0e40381bae563
forgeries_53_22.png,raw\signatures\full_forg\forgeries_53_22.png,53,22,forged,0,PNG,P,594,270,2.2,80633,1ba53be3b2e10bd052896a86c4e8ab77f4a834be3e7da7c030a044eeb7f10777
forgeries_53_23.png,raw\signatures\full_forg\forgeries_53_23.png,53,23,forged,0,PNG,P,571,197,2.8985,53844,2e1c9bd5301fc9f3b0d4c33be5c96d7f2aba99b12ff937139ceddc993fcbdd3b
forgeries_53_24.png,raw\signatures\full_forg\forgeries_53_24.png,53,24,forged,0,PNG,P,594,264,2.25,84244,70f2b7919b16beab7f4c943e068abb0a1df82d1c55f5e40ab147d3b78306ecce
forgeries_53_3.png,raw\signatures\full_forg\forgeries_53_3.png,53,3,forged,0,PNG,P,570,300,1.9,86193,0e4e69d9136aaa6cb657eece8d355bf1b429502510858da43a34fb9c06f7b349
forgeries_53_4.png,raw\signatures\full_forg\forgeries_53_4.png,53,4,forged,0,PNG,P,612,294,2.0816,86279,9e7708d9d845c9a5f284647de5982df9382d0a3c0cd15f6c3b1bca39c396b2a3
forgeries_53_5.png,raw\signatures\full_forg\forgeries_53_5.png,53,5,forged,0,PNG,P,624,342,1.8246,83525,c748dc07c11dc320a1b51ce7f637f4586572c020b6a8b911de14efec20ac689d
forgeries_53_6.png,raw\signatures\full_forg\forgeries_53_6.png,53,6,forged,0,PNG,P,630,270,2.3333,88024,b6a4df5838f18ca08a9fe4d07768dd94fc0ccea7c5de69a01fa51a6bdfcaaa4d
forgeries_53_7.png,raw\signatures\full_forg\forgeries_53_7.png,53,7,forged,0,PNG,P,636,306,2.0784,96122,ea23030110cfb800ce3d75f8774db07a09841bfe15683f7401d3f785763252f1
forgeries_53_8.png,raw\signatures\full_forg\forgeries_53_8.png,53,8,forged,0,PNG,P,624,276,2.2609,70209,fadf94e9807ab4595f2b2d50697475fd81f1f3838c263b632006659f0dc5ed3f
forgeries_53_9.png,raw\signatures\full_forg\forgeries_53_9.png,53,9,forged,0,PNG,P,618,246,2.5122,80262,f3ccd7e07fc64a8ef86ff0868dcd9002a0860a55c628a90a957e2625751dd441
forgeries_54_1.png,raw\signatures\full_forg\forgeries_54_1.png,54,1,forged,0,PNG,P,594,384,1.5469,121119,5d7f95d4c29debaec2f0aaf3a44bf14063b9866d0a5ffba7b23ec056cdd4d889
forgeries_54_10.png,raw\signatures\full_forg\forgeries_54_10.png,54,10,forged,0,PNG,P,606,384,1.5781,125637,9e5e351b4a6052bc02987af886b0ac027744f0c86d1bf7a12ecbf1370f248d24
forgeries_54_11.png,raw\signatures\full_forg\forgeries_54_11.png,54,11,forged,0,PNG,P,589,332,1.7741,98539,0c99739d520eb2e58fe837c1bb0b605212593684e92d6617a08efc267e726d9e
forgeries_54_12.png,raw\signatures\full_forg\forgeries_54_12.png,54,12,forged,0,PNG,P,570,354,1.6102,111413,9df2f2707828308bd64daa7e4d4f14c1385b7685e83a86946f13b51265abb77f
forgeries_54_13.png,raw\signatures\full_forg\forgeries_54_13.png,54,13,forged,0,PNG,P,630,432,1.4583,141112,60f60f4810676d16c57090b3d4b37eb231c331740813fa94031000635cd9f216
forgeries_54_14.png,raw\signatures\full_forg\forgeries_54_14.png,54,14,forged,0,PNG,P,641,336,1.9077,105228,36bb6d0cc6a119fc7a07f5ffe0280900833263312e354110702242e92b6b552b
forgeries_54_15.png,raw\signatures\full_forg\forgeries_54_15.png,54,15,forged,0,PNG,P,582,414,1.4058,131584,5c3918dd6b8d6e7f846919ba1fe12c349e2e94c4f134750a66029f35344a1f29
forgeries_54_16.png,raw\signatures\full_forg\forgeries_54_16.png,54,16,forged,0,PNG,P,612,378,1.619,121974,76420fcc8975b3d48893bde645e088d9d0927ff49c0e307d295b537cb07a964d
forgeries_54_17.png,raw\signatures\full_forg\forgeries_54_17.png,54,17,forged,0,PNG,P,612,342,1.7895,100735,f965cf37c02d027c5c4d88a858a84ba64958ca13f44bf5c08d641bad278e45fe
forgeries_54_18.png,raw\signatures\full_forg\forgeries_54_18.png,54,18,forged,0,PNG,P,594,372,1.5968,124233,805ea61ccd26fd1731968e69bed9e135034b0d3914df568fc20d96f301c5df74
forgeries_54_19.png,raw\signatures\full_forg\forgeries_54_19.png,54,19,forged,0,PNG,P,558,354,1.5763,108596,5388ed9ab81eb5535a3c0b9d49a0aa81f5b02bcae6d50989880949da8d03afd1
forgeries_54_2.png,raw\signatures\full_forg\forgeries_54_2.png,54,2,forged,0,PNG,P,636,384,1.6562,116649,83f551e11fac82e0038c59c059e782a7850596631646b0339af75b863e939fd5
forgeries_54_20.png,raw\signatures\full_forg\forgeries_54_20.png,54,20,forged,0,PNG,P,516,354,1.4576,95278,561299a23b7b87459c5c42a71b2c7a549a5cadbdd56c32f10a561b6426ae6e8d
forgeries_54_21.png,raw\signatures\full_forg\forgeries_54_21.png,54,21,forged,0,PNG,P,528,402,1.3134,119156,798b45c43ead6d4d376fc93a049cf402e96e0537fbffce24dc21d01442489dde
forgeries_54_22.png,raw\signatures\full_forg\forgeries_54_22.png,54,22,forged,0,PNG,P,606,384,1.5781,125049,24dd0ed732f6ea3360ee4e08e79723770ef720a81554324ede9c925d990df1a9
forgeries_54_23.png,raw\signatures\full_forg\forgeries_54_23.png,54,23,forged,0,PNG,P,566,331,1.71,93796,5fc607d60df6dbb8b75b3b606dca0fc0c6319d17e76e1b41fa37d5e4962d2d4b
forgeries_54_24.png,raw\signatures\full_forg\forgeries_54_24.png,54,24,forged,0,PNG,P,606,348,1.7414,116032,ef597d2f23d8db2e800dd5eae365d0e2ba7943c41bad1f9d44710664dde5e523
forgeries_54_3.png,raw\signatures\full_forg\forgeries_54_3.png,54,3,forged,0,PNG,P,534,360,1.4833,107795,5721512fbe37331140f80c8f1e1bfd0b52404b2cef3ce89b6277c4034e0a2a69
forgeries_54_4.png,raw\signatures\full_forg\forgeries_54_4.png,54,4,forged,0,PNG,P,594,384,1.5469,121690,224a818350bcc46cdf880e52f47b0772d08c2f10d2c40635c4e34197b34ab3d7
forgeries_54_5.png,raw\signatures\full_forg\forgeries_54_5.png,54,5,forged,0,PNG,P,540,348,1.5517,91913,3a69c93d8a2ed519969efc860c7c2766545e8d11935737085ed7a5fc03c1a854
forgeries_54_6.png,raw\signatures\full_forg\forgeries_54_6.png,54,6,forged,0,PNG,P,546,372,1.4677,111990,5dd229273f02087d41a49e1ba4d67af4bcb76821071ec0b02acd693a9cf22fd9
forgeries_54_7.png,raw\signatures\full_forg\forgeries_54_7.png,54,7,forged,0,PNG,P,540,366,1.4754,109751,9c367b8506548c3d3fd88097e38eaa546c3e26d5e3d686a6e6b4b341996ee01f
forgeries_54_8.png,raw\signatures\full_forg\forgeries_54_8.png,54,8,forged,0,PNG,P,504,342,1.4737,86968,a0ad398ca63c64a53bd3d5df5a0b595bf44de9b32e47f87b03c8614a1221df17
forgeries_54_9.png,raw\signatures\full_forg\forgeries_54_9.png,54,9,forged,0,PNG,P,606,354,1.7119,118310,1127dfbb576dc2836a278811840b5b81336e4bc79b6ce6e04155504b6ebee676
forgeries_55_1.png,raw\signatures\full_forg\forgeries_55_1.png,55,1,forged,0,PNG,RGBA,618,306,2.0196,140785,06465dc357b0721afaebfe48c2a0c20fc18879528192cba07342c31d5d8f87a8
forgeries_55_10.png,raw\signatures\full_forg\forgeries_55_10.png,55,10,forged,0,PNG,RGBA,582,210,2.7714,103190,ca8e1cf43f1a52df208eae9b5ae9c0139df01e957284227631f27da6cd38333b
forgeries_55_11.png,raw\signatures\full_forg\forgeries_55_11.png,55,11,forged,0,PNG,RGBA,587,189,3.1058,82461,d0c4d44012eb31148245203d1c7f60c9d8fda955c6085445b9dc39d86d5bfd58
forgeries_55_12.png,raw\signatures\full_forg\forgeries_55_12.png,55,12,forged,0,PNG,RGBA,588,282,2.0851,129855,3c1c0d35750915378276790c8630cab34a5b1e02265a565405d7862d869fc7a5
forgeries_55_13.png,raw\signatures\full_forg\forgeries_55_13.png,55,13,forged,0,PNG,RGBA,588,264,2.2273,52293,3651547cda904e5fdffc1710af48a4d61c6d1b32ee850574eec852bad4a1f9d1
forgeries_55_14.png,raw\signatures\full_forg\forgeries_55_14.png,55,14,forged,0,PNG,RGBA,606,216,2.8056,45258,aee7f30cfccc34f2af5d992588ca554a286ae62f79ce3bd52571402cc1af4ce2
forgeries_55_15.png,raw\signatures\full_forg\forgeries_55_15.png,55,15,forged,0,PNG,RGBA,588,270,2.1778,57229,d9e00f8e83943e25cfd4b9136be1ca4eb434c8688147225002140e1c0e7400f7
forgeries_55_16.png,raw\signatures\full_forg\forgeries_55_16.png,55,16,forged,0,PNG,RGBA,582,228,2.5526,50719,16f7d2e089abb9042837b0126933c9dab1fa466c3292c58054384f2c552beeb9
forgeries_55_17.png,raw\signatures\full_forg\forgeries_55_17.png,55,17,forged,0,PNG,RGBA,588,240,2.45,52640,1c435f9a98918f0644a3e43c5035e42f56873073bd86569e45e472694dcc538c
forgeries_55_18.png,raw\signatures\full_forg\forgeries_55_18.png,55,18,forged,0,PNG,RGBA,594,264,2.25,57530,250055a0848e14e2b9009d848255b0a96bbf11c4a81f612c6f56b7bf9cb24025
forgeries_55_19.png,raw\signatures\full_forg\forgeries_55_19.png,55,19,forged,0,PNG,RGBA,582,276,2.1087,56173,edc033e4f369b09f2f20b5aca7f4de0f31e491f71ed1dcb4d496dc3f9a3e7f8e
forgeries_55_2.png,raw\signatures\full_forg\forgeries_55_2.png,55,2,forged,0,PNG,RGBA,588,288,2.0417,111740,0d1403c4d01e2deb9c9d2ae55578193241188f5366f94db0f6f824bcb755303a
forgeries_55_20.png,raw\signatures\full_forg\forgeries_55_20.png,55,20,forged,0,PNG,RGBA,570,258,2.2093,53568,c7f8b9f443a03a2e71f5d05bbeb8ffbee71ed94e879e0865aeccab9fafdd29b0
forgeries_55_21.png,raw\signatures\full_forg\forgeries_55_21.png,55,21,forged,0,PNG,RGBA,582,276,2.1087,53594,1bf3cadd587b88a3b078c91def13ccdee78dc6a6608863a2a126abe3f8d0ae70
forgeries_55_22.png,raw\signatures\full_forg\forgeries_55_22.png,55,22,forged,0,PNG,RGBA,582,240,2.425,52063,d40d933ce012a823358c7fe0464250e29769490c63a64eca1b46d1d2a027b9fb
forgeries_55_23.png,raw\signatures\full_forg\forgeries_55_23.png,55,23,forged,0,PNG,RGBA,594,252,2.3571,52287,a1e556555a19729e3c69c67e51ed81ea883fabc104f55c3867657a32d8aae61d
forgeries_55_24.png,raw\signatures\full_forg\forgeries_55_24.png,55,24,forged,0,PNG,RGBA,624,258,2.4186,54660,279ac6b9d4df56a389a7aeaa7d59131e6ba9c2f30185c9929557d00109dd3aab
forgeries_55_3.png,raw\signatures\full_forg\forgeries_55_3.png,55,3,forged,0,PNG,RGBA,582,318,1.8302,143734,a9d4c3b58851764efd34a11dbfa62faa733d14f76c209fce703f223f44f4e488
forgeries_55_4.png,raw\signatures\full_forg\forgeries_55_4.png,55,4,forged,0,PNG,RGBA,594,270,2.2,126768,0546f3e465e151055b3f87c0d06c0cbe04b8dbb1df48d217d162a518ce9af63b
forgeries_55_5.png,raw\signatures\full_forg\forgeries_55_5.png,55,5,forged,0,PNG,RGBA,552,306,1.8039,111976,447e607c10598aeb4f7fb3c02df837c7e90ba999661bfc533b28d95839982c0e
forgeries_55_6.png,raw\signatures\full_forg\forgeries_55_6.png,55,6,forged,0,PNG,RGBA,570,264,2.1591,120057,b1dc9f45be698e05c7946547530c661a905033e558f30517325116fa86d3b6df
forgeries_55_7.png,raw\signatures\full_forg\forgeries_55_7.png,55,7,forged,0,PNG,RGBA,570,252,2.2619,114364,506ad37527412ec425ee9aa2149c6313af22bf83fa244c384db8efcd01aef35b
forgeries_55_8.png,raw\signatures\full_forg\forgeries_55_8.png,55,8,forged,0,PNG,RGBA,564,216,2.6111,85697,e8c44c88cf3d5d526949020f179ef271e4f6731e41f3f7c488ef0464ab7c11a4
forgeries_55_9.png,raw\signatures\full_forg\forgeries_55_9.png,55,9,forged,0,PNG,RGBA,528,270,1.9556,116078,cce3c9faa5ea9ed1f72ccc61ca0669fbfc0c1d9c4e852cb89b36053195757e0c
forgeries_5_1.png,raw\signatures\full_forg\forgeries_5_1.png,5,1,forged,0,PNG,P,624,468,1.3333,127797,0499b1f57a5b1f8d2c972586d5e9fdf6d5aafa963eabc5fa18007df609ed3679
forgeries_5_10.png,raw\signatures\full_forg\forgeries_5_10.png,5,10,forged,0,PNG,P,636,408,1.5588,122904,aaf778f960aa4e8d80d525ca9b1854562a200019f784f822d05da1aac0b202b2
forgeries_5_11.png,raw\signatures\full_forg\forgeries_5_11.png,5,11,forged,0,PNG,P,666,420,1.5857,115188,8c34b08d39aee67aa85f634d82c019e119eda4781857ec37b388b3000cb3e03a
forgeries_5_12.png,raw\signatures\full_forg\forgeries_5_12.png,5,12,forged,0,PNG,P,648,456,1.4211,145704,2c442513eee4e000463ae955925ac1a2adc0f4fb0030782cb8fff4b3207eeee6
forgeries_5_13.png,raw\signatures\full_forg\forgeries_5_13.png,5,13,forged,0,PNG,P,648,420,1.5429,132839,53ac99e8d651e8243ae3c2a80f9d8e72a2520de74df172660b33963d57bcde07
forgeries_5_14.png,raw\signatures\full_forg\forgeries_5_14.png,5,14,forged,0,PNG,P,630,462,1.3636,129940,149b702a9d936042c8becffb82ba633bbdb9f3d828544d0394cb43334381e234
forgeries_5_15.png,raw\signatures\full_forg\forgeries_5_15.png,5,15,forged,0,PNG,P,630,480,1.3125,150642,ceba8e1f51167fd09217ef6331c4498bfcc35e6da294d80d6bfff84f91f8cbe4
forgeries_5_16.png,raw\signatures\full_forg\forgeries_5_16.png,5,16,forged,0,PNG,P,648,480,1.35,148905,8a01680248edfb9597fd8889c3c993502e9d353390f0edb2ec8441011d3f4990
forgeries_5_17.png,raw\signatures\full_forg\forgeries_5_17.png,5,17,forged,0,PNG,P,618,402,1.5373,112014,cba6290ea1242ab58e752a2a93db2cf379fbaf2d47ec5c1a1c93bc7ad86436f7
forgeries_5_18.png,raw\signatures\full_forg\forgeries_5_18.png,5,18,forged,0,PNG,P,630,414,1.5217,131651,f35c759a6a41319f99fb85bd479ed3b77580337f29c841dff2b1334b2e25b197
forgeries_5_19.png,raw\signatures\full_forg\forgeries_5_19.png,5,19,forged,0,PNG,P,600,474,1.2658,139289,e748af4dddc1a197fd2a611e9e10d8473b99ad1500631c46f5ea8dd0814ffb6a
forgeries_5_2.png,raw\signatures\full_forg\forgeries_5_2.png,5,2,forged,0,PNG,P,636,492,1.2927,111174,0fa0e6ddda44262382e922285297c0379bc6b4f5477e686eae833dc3054ae3d6
forgeries_5_20.png,raw\signatures\full_forg\forgeries_5_20.png,5,20,forged,0,PNG,P,618,444,1.3919,121102,99eb6df940601d20bb7c4bd1b5d7937ec0a51d7820796e928c3558da8c4154a2
forgeries_5_21.png,raw\signatures\full_forg\forgeries_5_21.png,5,21,forged,0,PNG,P,660,414,1.5942,143181,2c77accfc6451fb5b1d39721002b8b075494e50968b281e64987b3af6b870359
forgeries_5_22.png,raw\signatures\full_forg\forgeries_5_22.png,5,22,forged,0,PNG,P,618,396,1.5606,124520,c49d94eb6b57089492e9f91e8f7c806e572a6c5f51f2515bfc2d647468f4d5c2
forgeries_5_23.png,raw\signatures\full_forg\forgeries_5_23.png,5,23,forged,0,PNG,P,588,336,1.75,95961,fad6698087c2f0d70a469925dceead2514e91bee43a4e7ab1407b8734e72f6ae
forgeries_5_24.png,raw\signatures\full_forg\forgeries_5_24.png,5,24,forged,0,PNG,P,630,468,1.3462,150655,2ba6c2f20e03b75a9daae61a82aaeca727b1af5d3edd3a186afd6e3cfe2ca326
forgeries_5_3.png,raw\signatures\full_forg\forgeries_5_3.png,5,3,forged,0,PNG,P,606,432,1.4028,128681,a608aa5c9ad755ada8a23cc31bea475799b64763dc4add0c6062d2761de987c4
forgeries_5_4.png,raw\signatures\full_forg\forgeries_5_4.png,5,4,forged,0,PNG,P,588,426,1.3803,111100,4bd8c971ccdd0ff8fb5e8bdf8d53673c9aafea8daa1765e3dd1b084df45bca74
forgeries_5_5.png,raw\signatures\full_forg\forgeries_5_5.png,5,5,forged,0,PNG,P,588,402,1.4627,82862,6290ad23113c4e4f5b735bb987f96f5453e5597ac0afd47f8f0d7e8199c154c3
forgeries_5_6.png,raw\signatures\full_forg\forgeries_5_6.png,5,6,forged,0,PNG,P,630,432,1.4583,133975,c05eb9eb9c0f70a3abb1e81e5d356f8cb4a24740eca22684e66322dc97483a96
forgeries_5_7.png,raw\signatures\full_forg\forgeries_5_7.png,5,7,forged,0,PNG,P,636,438,1.4521,136433,c6cf51bb5afea4706687f173204ba496987124aa17319eec0191aaa09a8a4778
forgeries_5_8.png,raw\signatures\full_forg\forgeries_5_8.png,5,8,forged,0,PNG,P,660,468,1.4103,121052,97c149504db71cbdcdc9e4be18fb6c27d66602406bb42e2ea7b29cb51dd1068a
forgeries_5_9.png,raw\signatures\full_forg\forgeries_5_9.png,5,9,forged,0,PNG,P,648,402,1.6119,136956,9a9041afbff48b530d4bf2b94f6aeeb4565c353bd3fc9d76f28522922468ed1e
forgeries_6_1.png,raw\signatures\full_forg\forgeries_6_1.png,6,1,forged,0,PNG,P,582,378,1.5397,114442,86e46890a67e496fed8ec0e1f1be5c5de94aba454c4279d08edbf6520129e19c
forgeries_6_10.png,raw\signatures\full_forg\forgeries_6_10.png,6,10,forged,0,PNG,P,624,372,1.6774,125306,fabebe2d389b7b601cbc8e4c6de6e308aacade369f46aa9a9a103984ed8b23bf
forgeries_6_11.png,raw\signatures\full_forg\forgeries_6_11.png,6,11,forged,0,PNG,P,618,360,1.7167,116000,6d258f181fcc128108bb8fa295002d49c59927b4afa3109875ad5666ad7df7b4
forgeries_6_12.png,raw\signatures\full_forg\forgeries_6_12.png,6,12,forged,0,PNG,P,582,426,1.3662,129405,319fef6209e970e66742abd9d01b798cf48032dca10b5193b5cf78179bb0e5c4
forgeries_6_13.png,raw\signatures\full_forg\forgeries_6_13.png,6,13,forged,0,PNG,P,594,330,1.8,97836,00a239a5f4035647805aabfe104be33296f51058688598ee25adcd2a34bcfd7a
forgeries_6_14.png,raw\signatures\full_forg\forgeries_6_14.png,6,14,forged,0,PNG,P,582,402,1.4478,97403,2132ddc8f40f91ebe16b21f80c76ac658a83323a9764e369536d8b358834ee90
forgeries_6_15.png,raw\signatures\full_forg\forgeries_6_15.png,6,15,forged,0,PNG,P,552,366,1.5082,103120,4aead81dfa33dd6a5de355061a5f893cfc0adc69dcd76e8bcf9a0dc0e953a635
forgeries_6_16.png,raw\signatures\full_forg\forgeries_6_16.png,6,16,forged,0,PNG,P,570,396,1.4394,109985,e251bea3f12fe26bdd0f3a5d6dd07053cab690d3e655b9bf2b1210596f4599b6
forgeries_6_17.png,raw\signatures\full_forg\forgeries_6_17.png,6,17,forged,0,PNG,P,534,330,1.6182,76841,6291a6c1440aa6c3a35e7e4bb2ad3b0c5b2b2db90fc430b9bafa66485803ac29
forgeries_6_18.png,raw\signatures\full_forg\forgeries_6_18.png,6,18,forged,0,PNG,P,630,330,1.9091,108025,109e9949246bc452b1e98cf4fed1f09554acd1753309505d693689723ed1aa2d
forgeries_6_19.png,raw\signatures\full_forg\forgeries_6_19.png,6,19,forged,0,PNG,P,582,360,1.6167,102895,53f4eaaedd82757e849fc150285c301ed2db6cd3d1f0e024a977be47e074f75e
forgeries_6_2.png,raw\signatures\full_forg\forgeries_6_2.png,6,2,forged,0,PNG,P,600,420,1.4286,118159,ddf28c15de0c348e35bb6233236187775d7956db02de3902fa0db5bcda3e9d1e
forgeries_6_20.png,raw\signatures\full_forg\forgeries_6_20.png,6,20,forged,0,PNG,P,618,384,1.6094,104440,19a3e1ec3cb9f96c30b6ac1e89adb03ba364afa46e107055c13532ad84204059
forgeries_6_21.png,raw\signatures\full_forg\forgeries_6_21.png,6,21,forged,0,PNG,P,600,300,2.0,96218,e122544f2eed066d163fb46743245845e7dd6979f47e2c38114356027b6cbdf2
forgeries_6_22.png,raw\signatures\full_forg\forgeries_6_22.png,6,22,forged,0,PNG,P,594,384,1.5469,113941,a4be7a76515138d92d1d4fffe66a438695aa615dbb19aa6ea3f0ddace39627ed
forgeries_6_23.png,raw\signatures\full_forg\forgeries_6_23.png,6,23,forged,0,PNG,P,552,360,1.5333,87602,cba751b29e6d6132066fb68ac5dafc5eb62e10c895e46aa38aa3e6f212101762
forgeries_6_24.png,raw\signatures\full_forg\forgeries_6_24.png,6,24,forged,0,PNG,P,594,384,1.5469,118203,bba7e2316f37349d8522a0660b25cfd6b4f6188edca43c50c103a95e7b7d5962
forgeries_6_3.png,raw\signatures\full_forg\forgeries_6_3.png,6,3,forged,0,PNG,P,576,354,1.6271,109484,254576cc6c3e952005edc6391c245ace5524c012ae3fe90c09343c20073c7faa
forgeries_6_4.png,raw\signatures\full_forg\forgeries_6_4.png,6,4,forged,0,PNG,P,588,384,1.5312,115454,050169ec4e2ae237efd0d552da00597c738496a762a03605f76ec53e871c0448
forgeries_6_5.png,raw\signatures\full_forg\forgeries_6_5.png,6,5,forged,0,PNG,P,570,348,1.6379,95942,20b1183fd6dc65c6aa328a25a5bc8b56269988f4891853eef23c81de639ca590
forgeries_6_6.png,raw\signatures\full_forg\forgeries_6_6.png,6,6,forged,0,PNG,P,540,336,1.6071,97545,72a9fa0cf70ac5b0f5284344189907920d8fb9842ce93d77c82813be846adc5c
forgeries_6_7.png,raw\signatures\full_forg\forgeries_6_7.png,6,7,forged,0,PNG,P,588,396,1.4848,125009,9d41f0522d950523590eac3acc76fc2d17541bf14a9e1f9c9b0b482aea25e258
forgeries_6_8.png,raw\signatures\full_forg\forgeries_6_8.png,6,8,forged,0,PNG,P,666,360,1.85,121987,6ca0e7bc1c4e2aee0393c51db2ed1f4a12561a41e0ccca450be1c8b9e208d869
forgeries_6_9.png,raw\signatures\full_forg\forgeries_6_9.png,6,9,forged,0,PNG,P,636,414,1.5362,141655,bb18e3a57a56622029397f3c7952a3c83142dc5a1119bacf5b1ab96b0db97df1
forgeries_7_1.png,raw\signatures\full_forg\forgeries_7_1.png,7,1,forged,0,PNG,P,696,648,1.0741,219259,6fa0f0c3d3491ba1937916156f4b353a3e49b0075a05aae60f3b7fcdfe8b12ab
forgeries_7_10.png,raw\signatures\full_forg\forgeries_7_10.png,7,10,forged,0,PNG,P,824,796,1.0352,295735,ca29211f1ab1a2d43c518cca6e09d88fec057267b2dd19e95a5946fe914e4de1
forgeries_7_11.png,raw\signatures\full_forg\forgeries_7_11.png,7,11,forged,0,PNG,P,750,564,1.3298,213453,6c5d8d23d9ff26cb472d27f0599f635f57e7b59b12ed6e9a754b06fe380c9ad2
forgeries_7_12.png,raw\signatures\full_forg\forgeries_7_12.png,7,12,forged,0,PNG,P,684,678,1.0088,228645,027686aa6cc21cb99026b0d9e560f16b901134c3986666827e9494ffa17a716c
forgeries_7_13.png,raw\signatures\full_forg\forgeries_7_13.png,7,13,forged,0,PNG,P,648,558,1.1613,203907,fb2efe83ed18992dcf967e2c2c47908d8aae389ff32747e0fa625b4d18f5ab87
forgeries_7_14.png,raw\signatures\full_forg\forgeries_7_14.png,7,14,forged,0,PNG,P,642,570,1.1263,204970,946267d770940978c3f6ae30c319d550ebbbe8a6f3c3c7f912c7d83cf201f48d
forgeries_7_15.png,raw\signatures\full_forg\forgeries_7_15.png,7,15,forged,0,PNG,P,630,588,1.0714,213638,99503f3014f450faf06fa31c490c43c168bcbd0ecbe4f9b2d6e886d901a7dc0b
forgeries_7_16.png,raw\signatures\full_forg\forgeries_7_16.png,7,16,forged,0,PNG,P,582,571,1.0193,197284,811064dbcfff0dba23664ea99dcfdb45e9ff8200f3a9303a6e936bafc636a22c
forgeries_7_17.png,raw\signatures\full_forg\forgeries_7_17.png,7,17,forged,0,PNG,P,612,552,1.1087,189933,4a1cb6f40598542c1767d352a32797437bc55ca3039ccc74f5f0083d5efadeee
forgeries_7_18.png,raw\signatures\full_forg\forgeries_7_18.png,7,18,forged,0,PNG,P,618,546,1.1319,194035,1846efe8118632eb70cb578616ad54a57d2f5803945bfe6d3e8562387ed17219
forgeries_7_19.png,raw\signatures\full_forg\forgeries_7_19.png,7,19,forged,0,PNG,P,720,582,1.2371,224932,d8d325a6eea9ae267cb5b26bbe26dcb2d74193643550bb37fbd480e998ba270f
forgeries_7_2.png,raw\signatures\full_forg\forgeries_7_2.png,7,2,forged,0,PNG,P,768,642,1.1963,229065,0f7ca2255113f6ad17c377c21912ad52ae0582502673c4194f9e1abf0ec3a902
forgeries_7_20.png,raw\signatures\full_forg\forgeries_7_20.png,7,20,forged,0,PNG,P,876,618,1.4175,282347,d1d854558b230304bf326c8900679927c946e54e904ad9752978d7a4870b66cb
forgeries_7_21.png,raw\signatures\full_forg\forgeries_7_21.png,7,21,forged,0,PNG,P,762,612,1.2451,230660,d5276bf30c2074a4066855497dcb69cd7c4db6510c20cfe57a947d3189877690
forgeries_7_22.png,raw\signatures\full_forg\forgeries_7_22.png,7,22,forged,0,PNG,P,756,546,1.3846,208003,64aea5f987283dc0189f8c0ec1685e26e78f8261644877a145e6bb826527b070
forgeries_7_23.png,raw\signatures\full_forg\forgeries_7_23.png,7,23,forged,0,PNG,P,657,431,1.5244,160530,e9bc0c3dc17aa039ae2f352da5cfbb71ae76ace00f9d90b32ed10684f0d755e1
forgeries_7_24.png,raw\signatures\full_forg\forgeries_7_24.png,7,24,forged,0,PNG,P,606,624,0.9712,220377,66b627e2c42b07f57311b953fdb569fd789ff3fd91dce41c86938a430e79fa88
forgeries_7_3.png,raw\signatures\full_forg\forgeries_7_3.png,7,3,forged,0,PNG,P,660,624,1.0577,209602,f247f83238914e412c0bfb4c6a6076b6ed3785e301de710653e90e38fd04264e
forgeries_7_4.png,raw\signatures\full_forg\forgeries_7_4.png,7,4,forged,0,PNG,P,672,606,1.1089,187324,fe0eee2f74ec1a9ce32a05887e235bafaa7efe68344cc0e6329c932fdbe51409
forgeries_7_5.png,raw\signatures\full_forg\forgeries_7_5.png,7,5,forged,0,PNG,P,636,564,1.1277,197132,b09a913ddd838d3e1addba60dac56bf8e363c25d7ae4cd57b3b4b3e0b5a239e4
forgeries_7_6.png,raw\signatures\full_forg\forgeries_7_6.png,7,6,forged,0,PNG,P,756,672,1.125,220179,aefa1815d40b30f58fd8a2dc2728c68055d14546d020f56254924419c2dfede2
forgeries_7_7.png,raw\signatures\full_forg\forgeries_7_7.png,7,7,forged,0,PNG,P,882,696,1.2672,245327,4789bc9005dabef180f3cd041126ba3ccda9b77f238b7da052cbaee58177c6de
forgeries_7_8.png,raw\signatures\full_forg\forgeries_7_8.png,7,8,forged,0,PNG,P,810,558,1.4516,221061,ac3b99de06daaecbbcdff39dda8a3b384f345554bf5a9eca1723e8e4b281e808
forgeries_7_9.png,raw\signatures\full_forg\forgeries_7_9.png,7,9,forged,0,PNG,P,888,816,1.0882,282196,41146f3110553801e8c5ce40c6101d043e642e5fbcb07b23707cee4b9d0cf12e
forgeries_8_1.png,raw\signatures\full_forg\forgeries_8_1.png,8,1,forged,0,PNG,P,630,528,1.1932,188477,3711dd85458a89fa353ebb32bfc0afd3073414967e5f9bf3d0077267709c39ec
forgeries_8_10.png,raw\signatures\full_forg\forgeries_8_10.png,8,10,forged,0,PNG,P,564,474,1.1899,154595,694b651fbd144467d3fe3a4c2f83fabd56f3638098be59578f2129ab3eeb1689
forgeries_8_11.png,raw\signatures\full_forg\forgeries_8_11.png,8,11,forged,0,PNG,P,564,516,1.093,156774,7c3e3e754b793916e17241ebd1a2cdb8169f3490911161b40d11368358a98a0a
forgeries_8_12.png,raw\signatures\full_forg\forgeries_8_12.png,8,12,forged,0,PNG,P,636,558,1.1398,201666,360abbb1653a2ed00698ec7fc282bd2cf190eede11910a789da9472f8e093b93
forgeries_8_13.png,raw\signatures\full_forg\forgeries_8_13.png,8,13,forged,0,PNG,P,618,522,1.1839,182319,fd07e2cc00d2c95c2109549ead4afd829f07d3c5565b6ae94ee11c9827c5701a
forgeries_8_14.png,raw\signatures\full_forg\forgeries_8_14.png,8,14,forged,0,PNG,P,564,480,1.175,148040,b28dcdada591ab8de9e59895cadcd85b86e2fe65870cd83545618f181188f996
forgeries_8_15.png,raw\signatures\full_forg\forgeries_8_15.png,8,15,forged,0,PNG,P,576,468,1.2308,159087,556c929bd0654bbe92b6c6629fd9b23e54a54d762700657d1e76ae4ac0a8a945
forgeries_8_16.png,raw\signatures\full_forg\forgeries_8_16.png,8,16,forged,0,PNG,P,624,486,1.284,168843,78a4431a517f89888943e04f4e1fba07c8768bf744997bc5f2ee398c50b9e86e
forgeries_8_17.png,raw\signatures\full_forg\forgeries_8_17.png,8,17,forged,0,PNG,P,564,444,1.2703,138975,b5da1dfbfb82b37e9ce485822a88a27675ae17ac743ae134d904e8d9b09c89fd
forgeries_8_18.png,raw\signatures\full_forg\forgeries_8_18.png,8,18,forged,0,PNG,P,552,462,1.1948,152139,5c62a7c628bf51b105e6d3b671ce7628dd9774ff8a7474b6817fb98718495dcf
forgeries_8_19.png,raw\signatures\full_forg\forgeries_8_19.png,8,19,forged,0,PNG,P,582,504,1.1548,168334,76abc96f48b0073aaf7c9021646abd0741cdcb3092713472786da96c44b9381c
forgeries_8_2.png,raw\signatures\full_forg\forgeries_8_2.png,8,2,forged,0,PNG,P,612,540,1.1333,169778,99964b9120136585c5aebea1cc350a08c979ad3b49f9f0d11e381e6046cb7cc8
forgeries_8_20.png,raw\signatures\full_forg\forgeries_8_20.png,8,20,forged,0,PNG,P,612,432,1.4167,144079,9d321d773c9c8b7d7cd9aec3c18d2a4bfb0412663d2495de44955455c7b8bed6
forgeries_8_21.png,raw\signatures\full_forg\forgeries_8_21.png,8,21,forged,0,PNG,P,558,432,1.2917,144955,4fc927012b3f460c301e15f880278ead10828a2143437d76d6e9a450a906bfab
forgeries_8_22.png,raw\signatures\full_forg\forgeries_8_22.png,8,22,forged,0,PNG,P,636,438,1.4521,151344,5bc27fedd7529e3559c862b35e21fdc06b3d66082995ddfd04bc68713940c46b
forgeries_8_23.png,raw\signatures\full_forg\forgeries_8_23.png,8,23,forged,0,PNG,P,552,390,1.4154,120235,61a39ebc8afd3fa0399ce8bd490395afe630014afba5197726bfacfd1e4649f4
forgeries_8_24.png,raw\signatures\full_forg\forgeries_8_24.png,8,24,forged,0,PNG,P,600,432,1.3889,153461,66d9860616710e724539fc669c6e11ebbfc2145b052293440d00a7106d63a8c2
forgeries_8_3.png,raw\signatures\full_forg\forgeries_8_3.png,8,3,forged,0,PNG,P,624,456,1.3684,161017,ec0c69f69ab0603d7cb884a3dd2c164fdac842203237d1d76c9a87284974877c
forgeries_8_4.png,raw\signatures\full_forg\forgeries_8_4.png,8,4,forged,0,PNG,P,618,438,1.411,145373,39e6a74b24c35af286ed1717bd4b6c861f432ee27f21e75d47f948932d35fe8a
forgeries_8_5.png,raw\signatures\full_forg\forgeries_8_5.png,8,5,forged,0,PNG,P,558,372,1.5,110927,4053a8d2cb295431a6860921252c96295b9c4800f9a8363e4e98f6c170d76a95
forgeries_8_6.png,raw\signatures\full_forg\forgeries_8_6.png,8,6,forged,0,PNG,P,504,438,1.1507,127812,e651bb83d5f1564b56b2ec7fdf20b96e0b0cbde2bc84898f56a84b133bc64d8e
forgeries_8_7.png,raw\signatures\full_forg\forgeries_8_7.png,8,7,forged,0,PNG,P,616,556,1.1079,191143,be47851914c32f24ccf67321fdfdea19fd1ca0f47e258706721809b7f7eed2c6
forgeries_8_8.png,raw\signatures\full_forg\forgeries_8_8.png,8,8,forged,0,PNG,P,633,560,1.1304,189946,e4f265e743d36b1a41d559080e82ecf02984650d63e8cb554d673018ef750eef
forgeries_8_9.png,raw\signatures\full_forg\forgeries_8_9.png,8,9,forged,0,PNG,P,714,444,1.6081,174561,8dea65ce118e8217b2c37a103bde6ebecea3623636d8875825cc8c303b01de06
forgeries_9_1.png,raw\signatures\full_forg\forgeries_9_1.png,9,1,forged,0,PNG,P,636,450,1.4133,159065,97b00fe1243848e4ecb74935290ba1263c53cf2e3fa529ddd90a9ad1c8df1a75
forgeries_9_10.png,raw\signatures\full_forg\forgeries_9_10.png,9,10,forged,0,PNG,P,648,474,1.3671,175944,1631a7ff31a3addce5d25acba61f1b8b68e18ac427286dabc168952fa7d64617
forgeries_9_11.png,raw\signatures\full_forg\forgeries_9_11.png,9,11,forged,0,PNG,P,678,474,1.4304,180348,e12a022c32042ac6d5b311fe2518fdeb770bdde00026bdd8ad8f30c2ba949612
forgeries_9_12.png,raw\signatures\full_forg\forgeries_9_12.png,9,12,forged,0,PNG,P,648,516,1.2558,186089,d1c654b31f30251be1a46951f59f0a82222fa24c5a26b3cddaa59187bb998e2a
forgeries_9_13.png,raw\signatures\full_forg\forgeries_9_13.png,9,13,forged,0,PNG,P,648,420,1.5429,152567,7d1291e6e4323df583265bf8cc627df08932da6a30ebd0b30ea5ce26840ed6b3
forgeries_9_14.png,raw\signatures\full_forg\forgeries_9_14.png,9,14,forged,0,PNG,P,636,402,1.5821,141653,ddf8fb7416c7bb05e90175d75dac3c2154b2c7494eae51ce9b952912e476d6a0
forgeries_9_15.png,raw\signatures\full_forg\forgeries_9_15.png,9,15,forged,0,PNG,P,660,330,2.0,120879,b73b57059beb684626bad81a074cf1aeb636f5027c1e80b0ac15c963c64ab53f
forgeries_9_16.png,raw\signatures\full_forg\forgeries_9_16.png,9,16,forged,0,PNG,P,636,384,1.6562,139178,506a901542355a6c0565c55517788a72e1cbb2a7d1dbe65de4370a14a60aa04c
forgeries_9_17.png,raw\signatures\full_forg\forgeries_9_17.png,9,17,forged,0,PNG,P,654,396,1.6515,147392,af6b91fa11def3bbf0231a588056a72357bda7a2f44967de9d5fefddaca43199
forgeries_9_18.png,raw\signatures\full_forg\forgeries_9_18.png,9,18,forged,0,PNG,P,672,378,1.7778,140998,63c613fbaf016c6a42464174894e44be4771ace04afad7d5dfb7bc321683cd97
forgeries_9_19.png,raw\signatures\full_forg\forgeries_9_19.png,9,19,forged,0,PNG,P,618,372,1.6613,133008,18947599b288e1ea9f4b1f86094b3ac7748c1b2f89dc18fbd39250816a57d98b
forgeries_9_2.png,raw\signatures\full_forg\forgeries_9_2.png,9,2,forged,0,PNG,P,648,414,1.5652,149899,434fd211394ee47b7b40fbbaf2d96e2b0de07b5ccdbb1d5fcc96384290707d5c
forgeries_9_20.png,raw\signatures\full_forg\forgeries_9_20.png,9,20,forged,0,PNG,P,660,372,1.7742,141120,2497ef2482ad9d28764de98dd77d3944000dadc7252b3c999a4d7cb525c8e5d8
forgeries_9_21.png,raw\signatures\full_forg\forgeries_9_21.png,9,21,forged,0,PNG,P,660,342,1.9298,127865,092aa18f1e49cd2ed07a0f3e9b6f48a8f54d5fbb07f080ce3229b2fb64ffe96f
forgeries_9_22.png,raw\signatures\full_forg\forgeries_9_22.png,9,22,forged,0,PNG,P,600,348,1.7241,120668,bde87cf6f394309f3f10407638225ed7885c886410db260baa633c930686f668
forgeries_9_23.png,raw\signatures\full_forg\forgeries_9_23.png,9,23,forged,0,PNG,P,648,372,1.7419,138184,b279bb6fb7da931caab8e5c5350c2a664c578d0deb09a2520974be444bdc00b2
forgeries_9_24.png,raw\signatures\full_forg\forgeries_9_24.png,9,24,forged,0,PNG,P,600,348,1.7241,122786,a17edc03b26831c1f814a8cfaca7679f47047011f8110973869e0e5c542f41f8
forgeries_9_3.png,raw\signatures\full_forg\forgeries_9_3.png,9,3,forged,0,PNG,P,630,516,1.2209,182184,9b523c0d2937eb6b9a07e88dd14df47863d852fadc6d626de43d2bc71b71178a
forgeries_9_4.png,raw\signatures\full_forg\forgeries_9_4.png,9,4,forged,0,PNG,P,652,466,1.3991,171340,696a0e8ed985bdd1b174c27b4ab362adb8efe485fd72b8933867e7025b3a97fa
forgeries_9_5.png,raw\signatures\full_forg\forgeries_9_5.png,9,5,forged,0,PNG,P,642,414,1.5507,151220,2a056d5d8d705c820f7b5bc75ed7012b434cabbd11527a22c12b54ec000b260a
forgeries_9_6.png,raw\signatures\full_forg\forgeries_9_6.png,9,6,forged,0,PNG,P,630,486,1.2963,173916,d1a20cbe058c6f868300b8f6f555f12fba4570d0e5120c2fba96a975de886feb
forgeries_9_7.png,raw\signatures\full_forg\forgeries_9_7.png,9,7,forged,0,PNG,P,669,402,1.6642,157228,c57b8fcedef3f5b8f8a6ec4844fecae153fc16d48a973d5645213322fc661a58
forgeries_9_8.png,raw\signatures\full_forg\forgeries_9_8.png,9,8,forged,0,PNG,P,648,426,1.5211,157363,8fb1c6083c2b745bb17abe13e38d466837cbad2991f6d385d9acbf5d0e6edb97
forgeries_9_9.png,raw\signatures\full_forg\forgeries_9_9.png,9,9,forged,0,PNG,P,648,498,1.3012,184849,290db86594bc0e1bdbb3abb30d8391b3a8617fe832abce66209573c8d0bf9e8c
