image_1_path,image_2_path,label,pair_type,writer_1,writer_2
data/processed/train/genuine/original_32_23.png,data/processed/train/genuine/original_32_5.png,1,genuine_genuine,32,32
data/processed/train/genuine/original_27_20.png,data/processed/train/genuine/original_27_6.png,1,genuine_genuine,27,27
data/processed/train/genuine/original_13_20.png,data/processed/train/forged/forgeries_13_13.png,0,skilled_forgery,13,13
data/processed/train/genuine/original_12_19.png,data/processed/train/forged/forgeries_12_8.png,0,skilled_forgery,12,12
data/processed/train/genuine/original_21_19.png,data/processed/train/forged/forgeries_21_22.png,0,skilled_forgery,21,21
data/processed/train/genuine/original_9_15.png,data/processed/train/genuine/original_3_14.png,0,random_forgery,9,3
data/processed/train/genuine/original_13_2.png,data/processed/train/forged/forgeries_13_12.png,0,skilled_forgery,13,13
data/processed/train/genuine/original_17_1.png,data/processed/train/genuine/original_22_6.png,0,random_forgery,17,22
data/processed/train/genuine/original_23_3.png,data/processed/train/genuine/original_23_8.png,1,genuine_genuine,23,23
data/processed/train/genuine/original_35_2.png,data/processed/train/genuine/original_32_15.png,0,random_forgery,35,32
data/processed/train/genuine/original_2_19.png,data/processed/train/genuine/original_3_12.png,0,random_forgery,2,3
data/processed/train/genuine/original_27_20.png,data/processed/train/forged/forgeries_27_12.png,0,skilled_forgery,27,27
data/processed/train/genuine/original_2_19.png,data/processed/train/forged/forgeries_2_20.png,0,skilled_forgery,2,2
data/processed/train/genuine/original_30_24.png,data/processed/train/genuine/original_3_9.png,0,random_forgery,30,3
data/processed/train/genuine/original_24_18.png,data/processed/train/genuine/original_24_19.png,1,genuine_genuine,24,24
data/processed/train/genuine/original_7_22.png,data/processed/train/genuine/original_7_4.png,1,genuine_genuine,7,7
data/processed/train/genuine/original_31_11.png,data/processed/train/genuine/original_31_6.png,1,genuine_genuine,31,31
data/processed/train/genuine/original_20_13.png,data/processed/train/genuine/original_20_17.png,1,genuine_genuine,20,20
data/processed/train/genuine/original_13_4.png,data/processed/train/genuine/original_34_10.png,0,random_forgery,13,34
data/processed/train/genuine/original_35_6.png,data/processed/train/forged/forgeries_35_11.png,0,skilled_forgery,35,35
data/processed/train/genuine/original_12_16.png,data/processed/train/genuine/original_24_9.png,0,random_forgery,12,24
data/processed/train/genuine/original_25_22.png,data/processed/train/forged/forgeries_25_4.png,0,skilled_forgery,25,25
data/processed/train/genuine/original_20_1.png,data/processed/train/genuine/original_20_17.png,1,genuine_genuine,20,20
data/processed/train/genuine/original_22_15.png,data/processed/train/genuine/original_35_6.png,0,random_forgery,22,35
data/processed/train/genuine/original_16_18.png,data/processed/train/forged/forgeries_16_13.png,0,skilled_forgery,16,16
data/processed/train/genuine/original_12_11.png,data/processed/train/genuine/original_12_23.png,1,genuine_genuine,12,12
data/processed/train/genuine/original_35_16.png,data/processed/train/forged/forgeries_35_13.png,0,skilled_forgery,35,35
data/processed/train/genuine/original_34_7.png,data/processed/train/genuine/original_14_6.png,0,random_forgery,34,14
data/processed/train/genuine/original_15_16.png,data/processed/train/genuine/original_15_5.png,1,genuine_genuine,15,15
data/processed/train/genuine/original_11_19.png,data/processed/train/genuine/original_7_19.png,0,random_forgery,11,7
data/processed/train/genuine/original_10_20.png,data/processed/train/genuine/original_23_23.png,0,random_forgery,10,23
data/processed/train/genuine/original_15_20.png,data/processed/train/genuine/original_32_18.png,0,random_forgery,15,32
data/processed/train/genuine/original_23_12.png,data/processed/train/genuine/original_23_22.png,1,genuine_genuine,23,23
data/processed/train/genuine/original_21_10.png,data/processed/train/genuine/original_21_9.png,1,genuine_genuine,21,21
data/processed/train/genuine/original_24_7.png,data/processed/train/genuine/original_19_5.png,0,random_forgery,24,19
data/processed/train/genuine/original_11_12.png,data/processed/train/genuine/original_11_17.png,1,genuine_genuine,11,11
data/processed/train/genuine/original_27_12.png,data/processed/train/genuine/original_27_18.png,1,genuine_genuine,27,27
data/processed/train/genuine/original_28_10.png,data/processed/train/genuine/original_28_14.png,1,genuine_genuine,28,28
data/processed/train/genuine/original_1_23.png,data/processed/train/genuine/original_1_24.png,1,genuine_genuine,1,1
data/processed/train/genuine/original_31_11.png,data/processed/train/forged/forgeries_31_19.png,0,skilled_forgery,31,31
data/processed/train/genuine/original_16_19.png,data/processed/train/genuine/original_16_2.png,1,genuine_genuine,16,16
data/processed/train/genuine/original_20_7.png,data/processed/train/forged/forgeries_20_10.png,0,skilled_forgery,20,20
data/processed/train/genuine/original_26_19.png,data/processed/train/genuine/original_34_6.png,0,random_forgery,26,34
data/processed/train/genuine/original_13_21.png,data/processed/train/genuine/original_28_2.png,0,random_forgery,13,28
data/processed/train/genuine/original_24_16.png,data/processed/train/genuine/original_24_20.png,1,genuine_genuine,24,24
data/processed/train/genuine/original_16_18.png,data/processed/train/forged/forgeries_16_2.png,0,skilled_forgery,16,16
data/processed/train/genuine/original_34_14.png,data/processed/train/genuine/original_34_22.png,1,genuine_genuine,34,34
data/processed/train/genuine/original_15_15.png,data/processed/train/forged/forgeries_15_14.png,0,skilled_forgery,15,15
data/processed/train/genuine/original_9_16.png,data/processed/train/genuine/original_9_6.png,1,genuine_genuine,9,9
data/processed/train/genuine/original_34_22.png,data/processed/train/genuine/original_34_6.png,1,genuine_genuine,34,34
data/processed/train/genuine/original_29_11.png,data/processed/train/forged/forgeries_29_15.png,0,skilled_forgery,29,29
data/processed/train/genuine/original_12_15.png,data/processed/train/genuine/original_12_22.png,1,genuine_genuine,12,12
data/processed/train/genuine/original_5_10.png,data/processed/train/genuine/original_8_14.png,0,random_forgery,5,8
data/processed/train/genuine/original_21_1.png,data/processed/train/genuine/original_21_20.png,1,genuine_genuine,21,21
data/processed/train/genuine/original_3_10.png,data/processed/train/forged/forgeries_3_17.png,0,skilled_forgery,3,3
data/processed/train/genuine/original_27_1.png,data/processed/train/forged/forgeries_27_10.png,0,skilled_forgery,27,27
data/processed/train/genuine/original_8_1.png,data/processed/train/genuine/original_8_2.png,1,genuine_genuine,8,8
data/processed/train/genuine/original_15_2.png,data/processed/train/genuine/original_15_23.png,1,genuine_genuine,15,15
data/processed/train/genuine/original_21_9.png,data/processed/train/forged/forgeries_21_4.png,0,skilled_forgery,21,21
data/processed/train/genuine/original_33_18.png,data/processed/train/genuine/original_33_2.png,1,genuine_genuine,33,33
data/processed/train/genuine/original_3_15.png,data/processed/train/genuine/original_3_20.png,1,genuine_genuine,3,3
data/processed/train/genuine/original_15_11.png,data/processed/train/genuine/original_17_13.png,0,random_forgery,15,17
data/processed/train/genuine/original_1_12.png,data/processed/train/genuine/original_1_2.png,1,genuine_genuine,1,1
data/processed/train/genuine/original_14_8.png,data/processed/train/forged/forgeries_14_23.png,0,skilled_forgery,14,14
data/processed/train/genuine/original_7_20.png,data/processed/train/genuine/original_10_21.png,0,random_forgery,7,10
data/processed/train/genuine/original_35_18.png,data/processed/train/genuine/original_35_20.png,1,genuine_genuine,35,35
data/processed/train/genuine/original_23_3.png,data/processed/train/genuine/original_23_5.png,1,genuine_genuine,23,23
data/processed/train/genuine/original_7_14.png,data/processed/train/genuine/original_7_19.png,1,genuine_genuine,7,7
data/processed/train/genuine/original_27_13.png,data/processed/train/forged/forgeries_27_19.png,0,skilled_forgery,27,27
data/processed/train/genuine/original_33_21.png,data/processed/train/genuine/original_35_15.png,0,random_forgery,33,35
data/processed/train/genuine/original_28_15.png,data/processed/train/genuine/original_28_3.png,1,genuine_genuine,28,28
data/processed/train/genuine/original_17_14.png,data/processed/train/genuine/original_17_18.png,1,genuine_genuine,17,17
data/processed/train/genuine/original_10_18.png,data/processed/train/genuine/original_4_18.png,0,random_forgery,10,4
data/processed/train/genuine/original_31_13.png,data/processed/train/genuine/original_31_15.png,1,genuine_genuine,31,31
data/processed/train/genuine/original_5_18.png,data/processed/train/genuine/original_5_9.png,1,genuine_genuine,5,5
data/processed/train/genuine/original_1_22.png,data/processed/train/forged/forgeries_1_17.png,0,skilled_forgery,1,1
data/processed/train/genuine/original_35_1.png,data/processed/train/genuine/original_35_21.png,1,genuine_genuine,35,35
data/processed/train/genuine/original_30_11.png,data/processed/train/genuine/original_30_12.png,1,genuine_genuine,30,30
data/processed/train/genuine/original_5_12.png,data/processed/train/genuine/original_9_7.png,0,random_forgery,5,9
data/processed/train/genuine/original_13_5.png,data/processed/train/genuine/original_13_8.png,1,genuine_genuine,13,13
data/processed/train/genuine/original_12_7.png,data/processed/train/genuine/original_12_8.png,1,genuine_genuine,12,12
data/processed/train/genuine/original_11_14.png,data/processed/train/genuine/original_11_3.png,1,genuine_genuine,11,11
data/processed/train/genuine/original_3_19.png,data/processed/train/forged/forgeries_3_3.png,0,skilled_forgery,3,3
data/processed/train/genuine/original_35_7.png,data/processed/train/genuine/original_8_9.png,0,random_forgery,35,8
data/processed/train/genuine/original_4_13.png,data/processed/train/genuine/original_4_7.png,1,genuine_genuine,4,4
data/processed/train/genuine/original_21_14.png,data/processed/train/genuine/original_21_8.png,1,genuine_genuine,21,21
data/processed/train/genuine/original_5_14.png,data/processed/train/genuine/original_5_21.png,1,genuine_genuine,5,5
data/processed/train/genuine/original_35_7.png,data/processed/train/genuine/original_6_6.png,0,random_forgery,35,6
data/processed/train/genuine/original_18_1.png,data/processed/train/genuine/original_18_7.png,1,genuine_genuine,18,18
data/processed/train/genuine/original_35_10.png,data/processed/train/genuine/original_12_6.png,0,random_forgery,35,12
data/processed/train/genuine/original_26_17.png,data/processed/train/genuine/original_26_2.png,1,genuine_genuine,26,26
data/processed/train/genuine/original_19_2.png,data/processed/train/forged/forgeries_19_3.png,0,skilled_forgery,19,19
data/processed/train/genuine/original_32_12.png,data/processed/train/genuine/original_32_21.png,1,genuine_genuine,32,32
data/processed/train/genuine/original_14_17.png,data/processed/train/forged/forgeries_14_3.png,0,skilled_forgery,14,14
data/processed/train/genuine/original_2_1.png,data/processed/train/genuine/original_2_24.png,1,genuine_genuine,2,2
data/processed/train/genuine/original_35_3.png,data/processed/train/genuine/original_19_17.png,0,random_forgery,35,19
data/processed/train/genuine/original_34_21.png,data/processed/train/genuine/original_34_22.png,1,genuine_genuine,34,34
data/processed/train/genuine/original_12_18.png,data/processed/train/genuine/original_12_7.png,1,genuine_genuine,12,12
data/processed/train/genuine/original_27_22.png,data/processed/train/genuine/original_8_17.png,0,random_forgery,27,8
data/processed/train/genuine/original_6_23.png,data/processed/train/genuine/original_28_13.png,0,random_forgery,6,28
data/processed/train/genuine/original_30_1.png,data/processed/train/genuine/original_30_23.png,1,genuine_genuine,30,30
data/processed/train/genuine/original_1_12.png,data/processed/train/genuine/original_1_6.png,1,genuine_genuine,1,1
data/processed/train/genuine/original_35_10.png,data/processed/train/genuine/original_35_4.png,1,genuine_genuine,35,35
data/processed/train/genuine/original_17_8.png,data/processed/train/genuine/original_11_8.png,0,random_forgery,17,11
data/processed/train/genuine/original_2_1.png,data/processed/train/genuine/original_2_16.png,1,genuine_genuine,2,2
data/processed/train/genuine/original_31_11.png,data/processed/train/genuine/original_31_22.png,1,genuine_genuine,31,31
data/processed/train/genuine/original_15_13.png,data/processed/train/genuine/original_15_8.png,1,genuine_genuine,15,15
data/processed/train/genuine/original_6_10.png,data/processed/train/genuine/original_12_15.png,0,random_forgery,6,12
data/processed/train/genuine/original_24_10.png,data/processed/train/genuine/original_26_7.png,0,random_forgery,24,26
data/processed/train/genuine/original_30_11.png,data/processed/train/genuine/original_30_17.png,1,genuine_genuine,30,30
data/processed/train/genuine/original_2_20.png,data/processed/train/genuine/original_2_23.png,1,genuine_genuine,2,2
data/processed/train/genuine/original_28_4.png,data/processed/train/genuine/original_28_9.png,1,genuine_genuine,28,28
data/processed/train/genuine/original_12_13.png,data/processed/train/genuine/original_12_18.png,1,genuine_genuine,12,12
data/processed/train/genuine/original_7_3.png,data/processed/train/forged/forgeries_7_18.png,0,skilled_forgery,7,7
data/processed/train/genuine/original_35_16.png,data/processed/train/genuine/original_35_9.png,1,genuine_genuine,35,35
data/processed/train/genuine/original_35_20.png,data/processed/train/genuine/original_35_8.png,1,genuine_genuine,35,35
data/processed/train/genuine/original_27_1.png,data/processed/train/genuine/original_28_14.png,0,random_forgery,27,28
data/processed/train/genuine/original_28_11.png,data/processed/train/genuine/original_28_5.png,1,genuine_genuine,28,28
data/processed/train/genuine/original_30_16.png,data/processed/train/forged/forgeries_30_13.png,0,skilled_forgery,30,30
data/processed/train/genuine/original_19_5.png,data/processed/train/forged/forgeries_19_9.png,0,skilled_forgery,19,19
data/processed/train/genuine/original_34_16.png,data/processed/train/genuine/original_34_20.png,1,genuine_genuine,34,34
data/processed/train/genuine/original_7_14.png,data/processed/train/genuine/original_7_4.png,1,genuine_genuine,7,7
data/processed/train/genuine/original_25_14.png,data/processed/train/forged/forgeries_25_5.png,0,skilled_forgery,25,25
data/processed/train/genuine/original_31_17.png,data/processed/train/genuine/original_31_9.png,1,genuine_genuine,31,31
data/processed/train/genuine/original_11_1.png,data/processed/train/genuine/original_31_11.png,0,random_forgery,11,31
data/processed/train/genuine/original_30_19.png,data/processed/train/forged/forgeries_30_11.png,0,skilled_forgery,30,30
data/processed/train/genuine/original_21_14.png,data/processed/train/genuine/original_21_20.png,1,genuine_genuine,21,21
data/processed/train/genuine/original_29_24.png,data/processed/train/forged/forgeries_29_1.png,0,skilled_forgery,29,29
data/processed/train/genuine/original_3_16.png,data/processed/train/genuine/original_3_19.png,1,genuine_genuine,3,3
data/processed/train/genuine/original_17_4.png,data/processed/train/genuine/original_17_5.png,1,genuine_genuine,17,17
data/processed/train/genuine/original_22_17.png,data/processed/train/forged/forgeries_22_4.png,0,skilled_forgery,22,22
data/processed/train/genuine/original_25_13.png,data/processed/train/genuine/original_25_2.png,1,genuine_genuine,25,25
data/processed/train/genuine/original_15_8.png,data/processed/train/forged/forgeries_15_2.png,0,skilled_forgery,15,15
data/processed/train/genuine/original_4_6.png,data/processed/train/genuine/original_4_9.png,1,genuine_genuine,4,4
data/processed/train/genuine/original_6_4.png,data/processed/train/genuine/original_14_4.png,0,random_forgery,6,14
data/processed/train/genuine/original_2_9.png,data/processed/train/forged/forgeries_2_8.png,0,skilled_forgery,2,2
data/processed/train/genuine/original_32_19.png,data/processed/train/forged/forgeries_32_13.png,0,skilled_forgery,32,32
data/processed/train/genuine/original_6_22.png,data/processed/train/genuine/original_35_19.png,0,random_forgery,6,35
data/processed/train/genuine/original_11_8.png,data/processed/train/genuine/original_11_9.png,1,genuine_genuine,11,11
data/processed/train/genuine/original_8_17.png,data/processed/train/genuine/original_8_6.png,1,genuine_genuine,8,8
data/processed/train/genuine/original_34_10.png,data/processed/train/genuine/original_34_20.png,1,genuine_genuine,34,34
data/processed/train/genuine/original_16_18.png,data/processed/train/genuine/original_16_5.png,1,genuine_genuine,16,16
data/processed/train/genuine/original_32_20.png,data/processed/train/forged/forgeries_32_22.png,0,skilled_forgery,32,32
data/processed/train/genuine/original_33_11.png,data/processed/train/forged/forgeries_33_14.png,0,skilled_forgery,33,33
data/processed/train/genuine/original_3_9.png,data/processed/train/forged/forgeries_3_9.png,0,skilled_forgery,3,3
data/processed/train/genuine/original_33_16.png,data/processed/train/genuine/original_33_7.png,1,genuine_genuine,33,33
data/processed/train/genuine/original_13_24.png,data/processed/train/genuine/original_13_6.png,1,genuine_genuine,13,13
data/processed/train/genuine/original_17_23.png,data/processed/train/genuine/original_17_6.png,1,genuine_genuine,17,17
data/processed/train/genuine/original_11_20.png,data/processed/train/genuine/original_11_24.png,1,genuine_genuine,11,11
data/processed/train/genuine/original_10_23.png,data/processed/train/genuine/original_28_4.png,0,random_forgery,10,28
data/processed/train/genuine/original_11_10.png,data/processed/train/genuine/original_1_20.png,0,random_forgery,11,1
data/processed/train/genuine/original_20_14.png,data/processed/train/genuine/original_20_6.png,1,genuine_genuine,20,20
data/processed/train/genuine/original_29_18.png,data/processed/train/forged/forgeries_29_18.png,0,skilled_forgery,29,29
data/processed/train/genuine/original_6_18.png,data/processed/train/genuine/original_6_21.png,1,genuine_genuine,6,6
data/processed/train/genuine/original_2_1.png,data/processed/train/genuine/original_7_17.png,0,random_forgery,2,7
data/processed/train/genuine/original_19_18.png,data/processed/train/forged/forgeries_19_10.png,0,skilled_forgery,19,19
data/processed/train/genuine/original_2_7.png,data/processed/train/forged/forgeries_2_21.png,0,skilled_forgery,2,2
data/processed/train/genuine/original_24_13.png,data/processed/train/genuine/original_24_9.png,1,genuine_genuine,24,24
data/processed/train/genuine/original_19_1.png,data/processed/train/genuine/original_19_9.png,1,genuine_genuine,19,19
data/processed/train/genuine/original_33_8.png,data/processed/train/genuine/original_10_10.png,0,random_forgery,33,10
data/processed/train/genuine/original_15_11.png,data/processed/train/genuine/original_19_11.png,0,random_forgery,15,19
data/processed/train/genuine/original_19_23.png,data/processed/train/genuine/original_9_19.png,0,random_forgery,19,9
data/processed/train/genuine/original_35_2.png,data/processed/train/forged/forgeries_35_14.png,0,skilled_forgery,35,35
data/processed/train/genuine/original_11_18.png,data/processed/train/forged/forgeries_11_19.png,0,skilled_forgery,11,11
data/processed/train/genuine/original_33_14.png,data/processed/train/forged/forgeries_33_23.png,0,skilled_forgery,33,33
data/processed/train/genuine/original_32_15.png,data/processed/train/genuine/original_32_21.png,1,genuine_genuine,32,32
data/processed/train/genuine/original_7_1.png,data/processed/train/genuine/original_7_5.png,1,genuine_genuine,7,7
data/processed/train/genuine/original_15_18.png,data/processed/train/forged/forgeries_15_5.png,0,skilled_forgery,15,15
data/processed/train/genuine/original_34_13.png,data/processed/train/genuine/original_34_6.png,1,genuine_genuine,34,34
data/processed/train/genuine/original_35_14.png,data/processed/train/genuine/original_35_7.png,1,genuine_genuine,35,35
data/processed/train/genuine/original_32_22.png,data/processed/train/forged/forgeries_32_13.png,0,skilled_forgery,32,32
data/processed/train/genuine/original_21_13.png,data/processed/train/genuine/original_21_23.png,1,genuine_genuine,21,21
data/processed/train/genuine/original_5_9.png,data/processed/train/forged/forgeries_5_5.png,0,skilled_forgery,5,5
data/processed/train/genuine/original_5_14.png,data/processed/train/genuine/original_5_16.png,1,genuine_genuine,5,5
data/processed/train/genuine/original_13_12.png,data/processed/train/forged/forgeries_13_18.png,0,skilled_forgery,13,13
data/processed/train/genuine/original_15_18.png,data/processed/train/genuine/original_15_2.png,1,genuine_genuine,15,15
data/processed/train/genuine/original_34_10.png,data/processed/train/genuine/original_34_8.png,1,genuine_genuine,34,34
data/processed/train/genuine/original_11_12.png,data/processed/train/genuine/original_11_21.png,1,genuine_genuine,11,11
data/processed/train/genuine/original_13_19.png,data/processed/train/genuine/original_13_5.png,1,genuine_genuine,13,13
data/processed/train/genuine/original_12_17.png,data/processed/train/forged/forgeries_12_3.png,0,skilled_forgery,12,12
data/processed/train/genuine/original_13_3.png,data/processed/train/genuine/original_11_21.png,0,random_forgery,13,11
data/processed/train/genuine/original_22_2.png,data/processed/train/genuine/original_22_6.png,1,genuine_genuine,22,22
data/processed/train/genuine/original_35_14.png,data/processed/train/forged/forgeries_35_4.png,0,skilled_forgery,35,35
data/processed/train/genuine/original_35_14.png,data/processed/train/genuine/original_35_24.png,1,genuine_genuine,35,35
data/processed/train/genuine/original_31_18.png,data/processed/train/genuine/original_31_22.png,1,genuine_genuine,31,31
data/processed/train/genuine/original_17_18.png,data/processed/train/genuine/original_17_3.png,1,genuine_genuine,17,17
data/processed/train/genuine/original_32_1.png,data/processed/train/genuine/original_32_10.png,1,genuine_genuine,32,32
data/processed/train/genuine/original_6_10.png,data/processed/train/genuine/original_6_5.png,1,genuine_genuine,6,6
data/processed/train/genuine/original_21_14.png,data/processed/train/genuine/original_21_24.png,1,genuine_genuine,21,21
data/processed/train/genuine/original_8_10.png,data/processed/train/genuine/original_8_14.png,1,genuine_genuine,8,8
data/processed/train/genuine/original_16_1.png,data/processed/train/genuine/original_16_22.png,1,genuine_genuine,16,16
data/processed/train/genuine/original_7_21.png,data/processed/train/forged/forgeries_7_8.png,0,skilled_forgery,7,7
data/processed/train/genuine/original_8_12.png,data/processed/train/genuine/original_34_11.png,0,random_forgery,8,34
data/processed/train/genuine/original_28_10.png,data/processed/train/forged/forgeries_28_19.png,0,skilled_forgery,28,28
data/processed/train/genuine/original_22_12.png,data/processed/train/genuine/original_22_16.png,1,genuine_genuine,22,22
data/processed/train/genuine/original_7_6.png,data/processed/train/forged/forgeries_7_2.png,0,skilled_forgery,7,7
data/processed/train/genuine/original_3_21.png,data/processed/train/genuine/original_1_13.png,0,random_forgery,3,1
data/processed/train/genuine/original_5_22.png,data/processed/train/genuine/original_7_22.png,0,random_forgery,5,7
data/processed/train/genuine/original_2_21.png,data/processed/train/genuine/original_2_8.png,1,genuine_genuine,2,2
data/processed/train/genuine/original_32_11.png,data/processed/train/forged/forgeries_32_4.png,0,skilled_forgery,32,32
data/processed/train/genuine/original_25_16.png,data/processed/train/forged/forgeries_25_19.png,0,skilled_forgery,25,25
data/processed/train/genuine/original_9_17.png,data/processed/train/genuine/original_9_2.png,1,genuine_genuine,9,9
data/processed/train/genuine/original_29_1.png,data/processed/train/genuine/original_29_7.png,1,genuine_genuine,29,29
data/processed/train/genuine/original_10_17.png,data/processed/train/genuine/original_10_9.png,1,genuine_genuine,10,10
data/processed/train/genuine/original_17_10.png,data/processed/train/genuine/original_17_12.png,1,genuine_genuine,17,17
data/processed/train/genuine/original_31_20.png,data/processed/train/genuine/original_10_2.png,0,random_forgery,31,10
data/processed/train/genuine/original_35_24.png,data/processed/train/genuine/original_4_14.png,0,random_forgery,35,4
data/processed/train/genuine/original_6_2.png,data/processed/train/genuine/original_25_20.png,0,random_forgery,6,25
data/processed/train/genuine/original_8_12.png,data/processed/train/genuine/original_8_14.png,1,genuine_genuine,8,8
data/processed/train/genuine/original_5_24.png,data/processed/train/forged/forgeries_5_2.png,0,skilled_forgery,5,5
data/processed/train/genuine/original_29_10.png,data/processed/train/forged/forgeries_29_3.png,0,skilled_forgery,29,29
data/processed/train/genuine/original_4_24.png,data/processed/train/forged/forgeries_4_1.png,0,skilled_forgery,4,4
data/processed/train/genuine/original_11_10.png,data/processed/train/genuine/original_11_16.png,1,genuine_genuine,11,11
data/processed/train/genuine/original_24_23.png,data/processed/train/genuine/original_24_5.png,1,genuine_genuine,24,24
data/processed/train/genuine/original_7_11.png,data/processed/train/genuine/original_7_5.png,1,genuine_genuine,7,7
data/processed/train/genuine/original_14_11.png,data/processed/train/genuine/original_14_23.png,1,genuine_genuine,14,14
data/processed/train/genuine/original_5_12.png,data/processed/train/genuine/original_5_2.png,1,genuine_genuine,5,5
data/processed/train/genuine/original_13_17.png,data/processed/train/forged/forgeries_13_20.png,0,skilled_forgery,13,13
data/processed/train/genuine/original_19_2.png,data/processed/train/forged/forgeries_19_24.png,0,skilled_forgery,19,19
data/processed/train/genuine/original_35_19.png,data/processed/train/genuine/original_13_20.png,0,random_forgery,35,13
data/processed/train/genuine/original_21_11.png,data/processed/train/genuine/original_21_22.png,1,genuine_genuine,21,21
data/processed/train/genuine/original_32_2.png,data/processed/train/genuine/original_32_9.png,1,genuine_genuine,32,32
data/processed/train/genuine/original_24_16.png,data/processed/train/genuine/original_25_19.png,0,random_forgery,24,25
data/processed/train/genuine/original_22_13.png,data/processed/train/genuine/original_22_14.png,1,genuine_genuine,22,22
data/processed/train/genuine/original_17_11.png,data/processed/train/forged/forgeries_17_2.png,0,skilled_forgery,17,17
data/processed/train/genuine/original_1_7.png,data/processed/train/genuine/original_1_8.png,1,genuine_genuine,1,1
data/processed/train/genuine/original_19_4.png,data/processed/train/forged/forgeries_19_19.png,0,skilled_forgery,19,19
data/processed/train/genuine/original_18_12.png,data/processed/train/genuine/original_18_22.png,1,genuine_genuine,18,18
data/processed/train/genuine/original_19_22.png,data/processed/train/forged/forgeries_19_22.png,0,skilled_forgery,19,19
data/processed/train/genuine/original_16_12.png,data/processed/train/genuine/original_16_2.png,1,genuine_genuine,16,16
data/processed/train/genuine/original_26_3.png,data/processed/train/genuine/original_27_8.png,0,random_forgery,26,27
data/processed/train/genuine/original_30_13.png,data/processed/train/genuine/original_30_2.png,1,genuine_genuine,30,30
data/processed/train/genuine/original_33_23.png,data/processed/train/genuine/original_26_9.png,0,random_forgery,33,26
data/processed/train/genuine/original_2_17.png,data/processed/train/genuine/original_2_5.png,1,genuine_genuine,2,2
data/processed/train/genuine/original_2_12.png,data/processed/train/forged/forgeries_2_7.png,0,skilled_forgery,2,2
data/processed/train/genuine/original_10_20.png,data/processed/train/genuine/original_35_4.png,0,random_forgery,10,35
data/processed/train/genuine/original_20_21.png,data/processed/train/genuine/original_20_22.png,1,genuine_genuine,20,20
data/processed/train/genuine/original_19_14.png,data/processed/train/forged/forgeries_19_17.png,0,skilled_forgery,19,19
data/processed/train/genuine/original_25_23.png,data/processed/train/genuine/original_25_9.png,1,genuine_genuine,25,25
data/processed/train/genuine/original_16_23.png,data/processed/train/genuine/original_16_24.png,1,genuine_genuine,16,16
data/processed/train/genuine/original_30_6.png,data/processed/train/forged/forgeries_30_1.png,0,skilled_forgery,30,30
data/processed/train/genuine/original_13_8.png,data/processed/train/forged/forgeries_13_20.png,0,skilled_forgery,13,13
data/processed/train/genuine/original_11_22.png,data/processed/train/genuine/original_11_5.png,1,genuine_genuine,11,11
data/processed/train/genuine/original_24_12.png,data/processed/train/genuine/original_6_22.png,0,random_forgery,24,6
data/processed/train/genuine/original_2_10.png,data/processed/train/genuine/original_2_23.png,1,genuine_genuine,2,2
data/processed/train/genuine/original_28_18.png,data/processed/train/genuine/original_27_13.png,0,random_forgery,28,27
data/processed/train/genuine/original_15_14.png,data/processed/train/genuine/original_15_2.png,1,genuine_genuine,15,15
data/processed/train/genuine/original_8_1.png,data/processed/train/forged/forgeries_8_6.png,0,skilled_forgery,8,8
data/processed/train/genuine/original_9_17.png,data/processed/train/forged/forgeries_9_24.png,0,skilled_forgery,9,9
data/processed/train/genuine/original_3_3.png,data/processed/train/genuine/original_33_6.png,0,random_forgery,3,33
data/processed/train/genuine/original_31_12.png,data/processed/train/genuine/original_31_18.png,1,genuine_genuine,31,31
data/processed/train/genuine/original_21_19.png,data/processed/train/genuine/original_26_23.png,0,random_forgery,21,26
data/processed/train/genuine/original_5_19.png,data/processed/train/genuine/original_5_4.png,1,genuine_genuine,5,5
data/processed/train/genuine/original_26_16.png,data/processed/train/forged/forgeries_26_3.png,0,skilled_forgery,26,26
data/processed/train/genuine/original_7_9.png,data/processed/train/genuine/original_27_10.png,0,random_forgery,7,27
data/processed/train/genuine/original_14_12.png,data/processed/train/forged/forgeries_14_2.png,0,skilled_forgery,14,14
data/processed/train/genuine/original_25_13.png,data/processed/train/genuine/original_25_15.png,1,genuine_genuine,25,25
data/processed/train/genuine/original_5_8.png,data/processed/train/genuine/original_32_7.png,0,random_forgery,5,32
data/processed/train/genuine/original_28_16.png,data/processed/train/genuine/original_28_21.png,1,genuine_genuine,28,28
data/processed/train/genuine/original_12_1.png,data/processed/train/genuine/original_12_18.png,1,genuine_genuine,12,12
data/processed/train/genuine/original_8_11.png,data/processed/train/genuine/original_8_17.png,1,genuine_genuine,8,8
data/processed/train/genuine/original_11_16.png,data/processed/train/genuine/original_11_22.png,1,genuine_genuine,11,11
data/processed/train/genuine/original_35_18.png,data/processed/train/genuine/original_35_2.png,1,genuine_genuine,35,35
data/processed/train/genuine/original_18_10.png,data/processed/train/forged/forgeries_18_15.png,0,skilled_forgery,18,18
data/processed/train/genuine/original_15_8.png,data/processed/train/forged/forgeries_15_23.png,0,skilled_forgery,15,15
data/processed/train/genuine/original_17_23.png,data/processed/train/forged/forgeries_17_20.png,0,skilled_forgery,17,17
data/processed/train/genuine/original_28_8.png,data/processed/train/forged/forgeries_28_19.png,0,skilled_forgery,28,28
data/processed/train/genuine/original_7_10.png,data/processed/train/forged/forgeries_7_3.png,0,skilled_forgery,7,7
data/processed/train/genuine/original_7_16.png,data/processed/train/genuine/original_7_7.png,1,genuine_genuine,7,7
data/processed/train/genuine/original_11_14.png,data/processed/train/genuine/original_11_8.png,1,genuine_genuine,11,11
data/processed/train/genuine/original_14_23.png,data/processed/train/genuine/original_14_7.png,1,genuine_genuine,14,14
data/processed/train/genuine/original_30_13.png,data/processed/train/genuine/original_30_24.png,1,genuine_genuine,30,30
data/processed/train/genuine/original_33_2.png,data/processed/train/genuine/original_33_4.png,1,genuine_genuine,33,33
data/processed/train/genuine/original_13_21.png,data/processed/train/forged/forgeries_13_15.png,0,skilled_forgery,13,13
data/processed/train/genuine/original_24_10.png,data/processed/train/genuine/original_24_4.png,1,genuine_genuine,24,24
data/processed/train/genuine/original_10_2.png,data/processed/train/genuine/original_8_18.png,0,random_forgery,10,8
data/processed/train/genuine/original_7_14.png,data/processed/train/genuine/original_11_13.png,0,random_forgery,7,11
data/processed/train/genuine/original_15_20.png,data/processed/train/genuine/original_15_8.png,1,genuine_genuine,15,15
data/processed/train/genuine/original_25_19.png,data/processed/train/genuine/original_25_8.png,1,genuine_genuine,25,25
data/processed/train/genuine/original_24_14.png,data/processed/train/forged/forgeries_24_5.png,0,skilled_forgery,24,24
data/processed/train/genuine/original_21_15.png,data/processed/train/forged/forgeries_21_2.png,0,skilled_forgery,21,21
data/processed/train/genuine/original_26_22.png,data/processed/train/forged/forgeries_26_9.png,0,skilled_forgery,26,26
data/processed/train/genuine/original_5_5.png,data/processed/train/genuine/original_24_1.png,0,random_forgery,5,24
data/processed/train/genuine/original_2_14.png,data/processed/train/genuine/original_2_2.png,1,genuine_genuine,2,2
data/processed/train/genuine/original_23_2.png,data/processed/train/genuine/original_23_6.png,1,genuine_genuine,23,23
data/processed/train/genuine/original_16_14.png,data/processed/train/genuine/original_16_22.png,1,genuine_genuine,16,16
data/processed/train/genuine/original_35_1.png,data/processed/train/genuine/original_35_16.png,1,genuine_genuine,35,35
data/processed/train/genuine/original_4_17.png,data/processed/train/forged/forgeries_4_9.png,0,skilled_forgery,4,4
data/processed/train/genuine/original_27_10.png,data/processed/train/genuine/original_27_4.png,1,genuine_genuine,27,27
data/processed/train/genuine/original_2_3.png,data/processed/train/genuine/original_2_4.png,1,genuine_genuine,2,2
data/processed/train/genuine/original_2_18.png,data/processed/train/genuine/original_4_23.png,0,random_forgery,2,4
data/processed/train/genuine/original_33_22.png,data/processed/train/genuine/original_4_1.png,0,random_forgery,33,4
data/processed/train/genuine/original_19_11.png,data/processed/train/forged/forgeries_19_19.png,0,skilled_forgery,19,19
data/processed/train/genuine/original_25_22.png,data/processed/train/genuine/original_25_5.png,1,genuine_genuine,25,25
data/processed/train/genuine/original_25_1.png,data/processed/train/genuine/original_25_17.png,1,genuine_genuine,25,25
data/processed/train/genuine/original_4_11.png,data/processed/train/genuine/original_4_9.png,1,genuine_genuine,4,4
data/processed/train/genuine/original_32_12.png,data/processed/train/genuine/original_6_20.png,0,random_forgery,32,6
data/processed/train/genuine/original_11_4.png,data/processed/train/genuine/original_11_7.png,1,genuine_genuine,11,11
data/processed/train/genuine/original_22_12.png,data/processed/train/genuine/original_22_13.png,1,genuine_genuine,22,22
data/processed/train/genuine/original_25_14.png,data/processed/train/forged/forgeries_25_13.png,0,skilled_forgery,25,25
data/processed/train/genuine/original_28_5.png,data/processed/train/genuine/original_28_7.png,1,genuine_genuine,28,28
data/processed/train/genuine/original_28_12.png,data/processed/train/genuine/original_28_5.png,1,genuine_genuine,28,28
data/processed/train/genuine/original_34_1.png,data/processed/train/genuine/original_34_23.png,1,genuine_genuine,34,34
data/processed/train/genuine/original_33_18.png,data/processed/train/genuine/original_33_22.png,1,genuine_genuine,33,33
data/processed/train/genuine/original_15_11.png,data/processed/train/forged/forgeries_15_23.png,0,skilled_forgery,15,15
data/processed/train/genuine/original_12_13.png,data/processed/train/genuine/original_12_8.png,1,genuine_genuine,12,12
data/processed/train/genuine/original_28_11.png,data/processed/train/forged/forgeries_28_6.png,0,skilled_forgery,28,28
data/processed/train/genuine/original_9_18.png,data/processed/train/genuine/original_9_6.png,1,genuine_genuine,9,9
data/processed/train/genuine/original_29_13.png,data/processed/train/genuine/original_29_24.png,1,genuine_genuine,29,29
data/processed/train/genuine/original_27_9.png,data/processed/train/genuine/original_3_6.png,0,random_forgery,27,3
data/processed/train/genuine/original_4_16.png,data/processed/train/genuine/original_4_9.png,1,genuine_genuine,4,4
data/processed/train/genuine/original_34_5.png,data/processed/train/forged/forgeries_34_24.png,0,skilled_forgery,34,34
data/processed/train/genuine/original_35_16.png,data/processed/train/genuine/original_35_6.png,1,genuine_genuine,35,35
data/processed/train/genuine/original_23_12.png,data/processed/train/genuine/original_23_21.png,1,genuine_genuine,23,23
data/processed/train/genuine/original_11_6.png,data/processed/train/forged/forgeries_11_4.png,0,skilled_forgery,11,11
data/processed/train/genuine/original_13_2.png,data/processed/train/forged/forgeries_13_20.png,0,skilled_forgery,13,13
data/processed/train/genuine/original_15_18.png,data/processed/train/genuine/original_15_9.png,1,genuine_genuine,15,15
data/processed/train/genuine/original_18_11.png,data/processed/train/genuine/original_18_19.png,1,genuine_genuine,18,18
data/processed/train/genuine/original_9_12.png,data/processed/train/genuine/original_9_15.png,1,genuine_genuine,9,9
data/processed/train/genuine/original_19_2.png,data/processed/train/genuine/original_19_22.png,1,genuine_genuine,19,19
data/processed/train/genuine/original_3_18.png,data/processed/train/forged/forgeries_3_20.png,0,skilled_forgery,3,3
data/processed/train/genuine/original_18_10.png,data/processed/train/genuine/original_18_15.png,1,genuine_genuine,18,18
data/processed/train/genuine/original_25_11.png,data/processed/train/genuine/original_26_19.png,0,random_forgery,25,26
data/processed/train/genuine/original_24_16.png,data/processed/train/genuine/original_24_7.png,1,genuine_genuine,24,24
data/processed/train/genuine/original_4_23.png,data/processed/train/genuine/original_4_9.png,1,genuine_genuine,4,4
data/processed/train/genuine/original_2_23.png,data/processed/train/genuine/original_2_4.png,1,genuine_genuine,2,2
data/processed/train/genuine/original_35_6.png,data/processed/train/forged/forgeries_35_18.png,0,skilled_forgery,35,35
data/processed/train/genuine/original_15_18.png,data/processed/train/forged/forgeries_15_20.png,0,skilled_forgery,15,15
data/processed/train/genuine/original_3_2.png,data/processed/train/genuine/original_3_20.png,1,genuine_genuine,3,3
data/processed/train/genuine/original_23_20.png,data/processed/train/forged/forgeries_23_4.png,0,skilled_forgery,23,23
data/processed/train/genuine/original_5_16.png,data/processed/train/genuine/original_5_24.png,1,genuine_genuine,5,5
data/processed/train/genuine/original_22_14.png,data/processed/train/genuine/original_31_14.png,0,random_forgery,22,31
data/processed/train/genuine/original_10_1.png,data/processed/train/genuine/original_10_21.png,1,genuine_genuine,10,10
data/processed/train/genuine/original_11_6.png,data/processed/train/genuine/original_4_24.png,0,random_forgery,11,4
data/processed/train/genuine/original_19_13.png,data/processed/train/genuine/original_19_6.png,1,genuine_genuine,19,19
data/processed/train/genuine/original_32_18.png,data/processed/train/genuine/original_7_10.png,0,random_forgery,32,7
data/processed/train/genuine/original_3_1.png,data/processed/train/genuine/original_3_14.png,1,genuine_genuine,3,3
data/processed/train/genuine/original_21_11.png,data/processed/train/genuine/original_21_6.png,1,genuine_genuine,21,21
data/processed/train/genuine/original_12_20.png,data/processed/train/forged/forgeries_12_21.png,0,skilled_forgery,12,12
data/processed/train/genuine/original_32_16.png,data/processed/train/genuine/original_15_17.png,0,random_forgery,32,15
data/processed/train/genuine/original_25_4.png,data/processed/train/forged/forgeries_25_22.png,0,skilled_forgery,25,25
data/processed/train/genuine/original_16_22.png,data/processed/train/genuine/original_16_7.png,1,genuine_genuine,16,16
data/processed/train/genuine/original_5_15.png,data/processed/train/genuine/original_5_21.png,1,genuine_genuine,5,5
data/processed/train/genuine/original_19_12.png,data/processed/train/genuine/original_19_13.png,1,genuine_genuine,19,19
data/processed/train/genuine/original_4_23.png,data/processed/train/forged/forgeries_4_3.png,0,skilled_forgery,4,4
data/processed/train/genuine/original_8_10.png,data/processed/train/forged/forgeries_8_14.png,0,skilled_forgery,8,8
data/processed/train/genuine/original_32_7.png,data/processed/train/genuine/original_29_1.png,0,random_forgery,32,29
data/processed/train/genuine/original_14_14.png,data/processed/train/forged/forgeries_14_19.png,0,skilled_forgery,14,14
data/processed/train/genuine/original_34_16.png,data/processed/train/genuine/original_21_13.png,0,random_forgery,34,21
data/processed/train/genuine/original_1_20.png,data/processed/train/forged/forgeries_1_10.png,0,skilled_forgery,1,1
data/processed/train/genuine/original_26_14.png,data/processed/train/forged/forgeries_26_14.png,0,skilled_forgery,26,26
data/processed/train/genuine/original_11_13.png,data/processed/train/genuine/original_11_19.png,1,genuine_genuine,11,11
data/processed/train/genuine/original_23_12.png,data/processed/train/forged/forgeries_23_10.png,0,skilled_forgery,23,23
data/processed/train/genuine/original_31_2.png,data/processed/train/genuine/original_31_4.png,1,genuine_genuine,31,31
data/processed/train/genuine/original_22_14.png,data/processed/train/genuine/original_22_6.png,1,genuine_genuine,22,22
data/processed/train/genuine/original_34_15.png,data/processed/train/genuine/original_34_19.png,1,genuine_genuine,34,34
data/processed/train/genuine/original_21_3.png,data/processed/train/genuine/original_21_5.png,1,genuine_genuine,21,21
data/processed/train/genuine/original_12_10.png,data/processed/train/forged/forgeries_12_21.png,0,skilled_forgery,12,12
data/processed/train/genuine/original_6_23.png,data/processed/train/genuine/original_19_14.png,0,random_forgery,6,19
data/processed/train/genuine/original_35_14.png,data/processed/train/genuine/original_35_15.png,1,genuine_genuine,35,35
data/processed/train/genuine/original_22_14.png,data/processed/train/genuine/original_22_22.png,1,genuine_genuine,22,22
data/processed/train/genuine/original_35_12.png,data/processed/train/genuine/original_35_13.png,1,genuine_genuine,35,35
data/processed/train/genuine/original_26_14.png,data/processed/train/genuine/original_34_15.png,0,random_forgery,26,34
data/processed/train/genuine/original_20_15.png,data/processed/train/genuine/original_20_4.png,1,genuine_genuine,20,20
data/processed/train/genuine/original_16_1.png,data/processed/train/genuine/original_16_9.png,1,genuine_genuine,16,16
data/processed/train/genuine/original_10_9.png,data/processed/train/forged/forgeries_10_18.png,0,skilled_forgery,10,10
data/processed/train/genuine/original_9_12.png,data/processed/train/genuine/original_9_5.png,1,genuine_genuine,9,9
data/processed/train/genuine/original_26_18.png,data/processed/train/forged/forgeries_26_22.png,0,skilled_forgery,26,26
data/processed/train/genuine/original_18_15.png,data/processed/train/genuine/original_12_17.png,0,random_forgery,18,12
data/processed/train/genuine/original_2_2.png,data/processed/train/genuine/original_2_24.png,1,genuine_genuine,2,2
data/processed/train/genuine/original_9_17.png,data/processed/train/genuine/original_18_7.png,0,random_forgery,9,18
data/processed/train/genuine/original_24_7.png,data/processed/train/forged/forgeries_24_2.png,0,skilled_forgery,24,24
data/processed/train/genuine/original_9_24.png,data/processed/train/forged/forgeries_9_3.png,0,skilled_forgery,9,9
data/processed/train/genuine/original_34_8.png,data/processed/train/genuine/original_34_9.png,1,genuine_genuine,34,34
data/processed/train/genuine/original_6_13.png,data/processed/train/forged/forgeries_6_5.png,0,skilled_forgery,6,6
data/processed/train/genuine/original_19_11.png,data/processed/train/forged/forgeries_19_11.png,0,skilled_forgery,19,19
data/processed/train/genuine/original_22_7.png,data/processed/train/forged/forgeries_22_13.png,0,skilled_forgery,22,22
data/processed/train/genuine/original_7_1.png,data/processed/train/genuine/original_18_22.png,0,random_forgery,7,18
data/processed/train/genuine/original_23_14.png,data/processed/train/genuine/original_23_3.png,1,genuine_genuine,23,23
data/processed/train/genuine/original_7_12.png,data/processed/train/genuine/original_13_13.png,0,random_forgery,7,13
data/processed/train/genuine/original_6_12.png,data/processed/train/genuine/original_28_2.png,0,random_forgery,6,28
data/processed/train/genuine/original_1_11.png,data/processed/train/genuine/original_1_12.png,1,genuine_genuine,1,1
data/processed/train/genuine/original_33_17.png,data/processed/train/forged/forgeries_33_14.png,0,skilled_forgery,33,33
data/processed/train/genuine/original_22_18.png,data/processed/train/genuine/original_22_7.png,1,genuine_genuine,22,22
data/processed/train/genuine/original_28_5.png,data/processed/train/genuine/original_28_6.png,1,genuine_genuine,28,28
data/processed/train/genuine/original_28_11.png,data/processed/train/genuine/original_28_18.png,1,genuine_genuine,28,28
data/processed/train/genuine/original_25_10.png,data/processed/train/genuine/original_25_13.png,1,genuine_genuine,25,25
data/processed/train/genuine/original_29_3.png,data/processed/train/forged/forgeries_29_15.png,0,skilled_forgery,29,29
data/processed/train/genuine/original_14_16.png,data/processed/train/genuine/original_14_3.png,1,genuine_genuine,14,14
data/processed/train/genuine/original_6_14.png,data/processed/train/genuine/original_6_6.png,1,genuine_genuine,6,6
data/processed/train/genuine/original_35_15.png,data/processed/train/genuine/original_5_22.png,0,random_forgery,35,5
data/processed/train/genuine/original_28_15.png,data/processed/train/genuine/original_28_17.png,1,genuine_genuine,28,28
data/processed/train/genuine/original_8_21.png,data/processed/train/genuine/original_8_6.png,1,genuine_genuine,8,8
data/processed/train/genuine/original_1_15.png,data/processed/train/genuine/original_1_9.png,1,genuine_genuine,1,1
data/processed/train/genuine/original_3_12.png,data/processed/train/genuine/original_3_20.png,1,genuine_genuine,3,3
data/processed/train/genuine/original_8_23.png,data/processed/train/genuine/original_8_24.png,1,genuine_genuine,8,8
data/processed/train/genuine/original_14_10.png,data/processed/train/genuine/original_14_21.png,1,genuine_genuine,14,14
data/processed/train/genuine/original_15_12.png,data/processed/train/genuine/original_10_9.png,0,random_forgery,15,10
data/processed/train/genuine/original_20_6.png,data/processed/train/genuine/original_20_8.png,1,genuine_genuine,20,20
data/processed/train/genuine/original_5_13.png,data/processed/train/forged/forgeries_5_13.png,0,skilled_forgery,5,5
data/processed/train/genuine/original_4_13.png,data/processed/train/genuine/original_4_8.png,1,genuine_genuine,4,4
data/processed/train/genuine/original_21_18.png,data/processed/train/forged/forgeries_21_24.png,0,skilled_forgery,21,21
data/processed/train/genuine/original_3_15.png,data/processed/train/genuine/original_15_9.png,0,random_forgery,3,15
data/processed/train/genuine/original_4_4.png,data/processed/train/genuine/original_7_12.png,0,random_forgery,4,7
data/processed/train/genuine/original_7_11.png,data/processed/train/genuine/original_7_17.png,1,genuine_genuine,7,7
data/processed/train/genuine/original_13_24.png,data/processed/train/forged/forgeries_13_11.png,0,skilled_forgery,13,13
data/processed/train/genuine/original_5_21.png,data/processed/train/forged/forgeries_5_17.png,0,skilled_forgery,5,5
data/processed/train/genuine/original_29_17.png,data/processed/train/genuine/original_29_19.png,1,genuine_genuine,29,29
data/processed/train/genuine/original_8_5.png,data/processed/train/genuine/original_33_5.png,0,random_forgery,8,33
data/processed/train/genuine/original_25_15.png,data/processed/train/genuine/original_25_23.png,1,genuine_genuine,25,25
data/processed/train/genuine/original_35_13.png,data/processed/train/genuine/original_35_9.png,1,genuine_genuine,35,35
data/processed/train/genuine/original_23_14.png,data/processed/train/forged/forgeries_23_14.png,0,skilled_forgery,23,23
data/processed/train/genuine/original_10_4.png,data/processed/train/genuine/original_10_6.png,1,genuine_genuine,10,10
data/processed/train/genuine/original_12_24.png,data/processed/train/genuine/original_12_8.png,1,genuine_genuine,12,12
data/processed/train/genuine/original_25_17.png,data/processed/train/genuine/original_25_5.png,1,genuine_genuine,25,25
data/processed/train/genuine/original_33_9.png,data/processed/train/genuine/original_4_7.png,0,random_forgery,33,4
data/processed/train/genuine/original_22_14.png,data/processed/train/genuine/original_22_21.png,1,genuine_genuine,22,22
data/processed/train/genuine/original_17_1.png,data/processed/train/genuine/original_17_11.png,1,genuine_genuine,17,17
data/processed/train/genuine/original_29_17.png,data/processed/train/genuine/original_29_22.png,1,genuine_genuine,29,29
data/processed/train/genuine/original_24_18.png,data/processed/train/genuine/original_24_20.png,1,genuine_genuine,24,24
data/processed/train/genuine/original_27_5.png,data/processed/train/genuine/original_1_12.png,0,random_forgery,27,1
data/processed/train/genuine/original_21_10.png,data/processed/train/genuine/original_21_24.png,1,genuine_genuine,21,21
data/processed/train/genuine/original_26_15.png,data/processed/train/genuine/original_27_12.png,0,random_forgery,26,27
data/processed/train/genuine/original_30_11.png,data/processed/train/genuine/original_30_8.png,1,genuine_genuine,30,30
data/processed/train/genuine/original_35_4.png,data/processed/train/genuine/original_28_7.png,0,random_forgery,35,28
data/processed/train/genuine/original_5_1.png,data/processed/train/genuine/original_5_2.png,1,genuine_genuine,5,5
data/processed/train/genuine/original_22_20.png,data/processed/train/forged/forgeries_22_2.png,0,skilled_forgery,22,22
data/processed/train/genuine/original_25_15.png,data/processed/train/genuine/original_5_4.png,0,random_forgery,25,5
data/processed/train/genuine/original_12_22.png,data/processed/train/genuine/original_12_6.png,1,genuine_genuine,12,12
data/processed/train/genuine/original_22_3.png,data/processed/train/forged/forgeries_22_12.png,0,skilled_forgery,22,22
data/processed/train/genuine/original_30_18.png,data/processed/train/genuine/original_30_22.png,1,genuine_genuine,30,30
data/processed/train/genuine/original_31_6.png,data/processed/train/forged/forgeries_31_7.png,0,skilled_forgery,31,31
data/processed/train/genuine/original_19_24.png,data/processed/train/genuine/original_19_4.png,1,genuine_genuine,19,19
data/processed/train/genuine/original_2_13.png,data/processed/train/genuine/original_2_6.png,1,genuine_genuine,2,2
data/processed/train/genuine/original_19_2.png,data/processed/train/forged/forgeries_19_13.png,0,skilled_forgery,19,19
data/processed/train/genuine/original_1_20.png,data/processed/train/forged/forgeries_1_2.png,0,skilled_forgery,1,1
data/processed/train/genuine/original_31_8.png,data/processed/train/genuine/original_21_17.png,0,random_forgery,31,21
data/processed/train/genuine/original_31_17.png,data/processed/train/genuine/original_31_21.png,1,genuine_genuine,31,31
data/processed/train/genuine/original_22_19.png,data/processed/train/genuine/original_21_11.png,0,random_forgery,22,21
data/processed/train/genuine/original_13_19.png,data/processed/train/genuine/original_13_24.png,1,genuine_genuine,13,13
data/processed/train/genuine/original_20_11.png,data/processed/train/genuine/original_6_14.png,0,random_forgery,20,6
data/processed/train/genuine/original_30_24.png,data/processed/train/genuine/original_30_6.png,1,genuine_genuine,30,30
data/processed/train/genuine/original_32_16.png,data/processed/train/forged/forgeries_32_3.png,0,skilled_forgery,32,32
data/processed/train/genuine/original_20_21.png,data/processed/train/genuine/original_20_3.png,1,genuine_genuine,20,20
data/processed/train/genuine/original_12_14.png,data/processed/train/genuine/original_30_13.png,0,random_forgery,12,30
data/processed/train/genuine/original_28_19.png,data/processed/train/genuine/original_28_21.png,1,genuine_genuine,28,28
data/processed/train/genuine/original_9_2.png,data/processed/train/genuine/original_9_6.png,1,genuine_genuine,9,9
data/processed/train/genuine/original_22_10.png,data/processed/train/genuine/original_22_2.png,1,genuine_genuine,22,22
data/processed/train/genuine/original_11_19.png,data/processed/train/genuine/original_11_20.png,1,genuine_genuine,11,11
data/processed/train/genuine/original_15_19.png,data/processed/train/genuine/original_15_5.png,1,genuine_genuine,15,15
data/processed/train/genuine/original_4_11.png,data/processed/train/genuine/original_4_19.png,1,genuine_genuine,4,4
data/processed/train/genuine/original_12_22.png,data/processed/train/genuine/original_12_5.png,1,genuine_genuine,12,12
data/processed/train/genuine/original_31_12.png,data/processed/train/genuine/original_31_7.png,1,genuine_genuine,31,31
data/processed/train/genuine/original_13_19.png,data/processed/train/genuine/original_13_9.png,1,genuine_genuine,13,13
data/processed/train/genuine/original_35_1.png,data/processed/train/genuine/original_35_11.png,1,genuine_genuine,35,35
data/processed/train/genuine/original_4_2.png,data/processed/train/genuine/original_4_20.png,1,genuine_genuine,4,4
data/processed/train/genuine/original_29_11.png,data/processed/train/forged/forgeries_29_23.png,0,skilled_forgery,29,29
data/processed/train/genuine/original_12_13.png,data/processed/train/genuine/original_12_21.png,1,genuine_genuine,12,12
data/processed/train/genuine/original_26_15.png,data/processed/train/genuine/original_26_3.png,1,genuine_genuine,26,26
data/processed/train/genuine/original_21_4.png,data/processed/train/forged/forgeries_21_14.png,0,skilled_forgery,21,21
data/processed/train/genuine/original_34_12.png,data/processed/train/genuine/original_34_23.png,1,genuine_genuine,34,34
data/processed/train/genuine/original_13_2.png,data/processed/train/forged/forgeries_13_23.png,0,skilled_forgery,13,13
data/processed/train/genuine/original_19_24.png,data/processed/train/genuine/original_19_8.png,1,genuine_genuine,19,19
data/processed/train/genuine/original_34_5.png,data/processed/train/genuine/original_27_3.png,0,random_forgery,34,27
data/processed/train/genuine/original_3_8.png,data/processed/train/forged/forgeries_3_11.png,0,skilled_forgery,3,3
data/processed/train/genuine/original_30_23.png,data/processed/train/forged/forgeries_30_7.png,0,skilled_forgery,30,30
data/processed/train/genuine/original_17_4.png,data/processed/train/genuine/original_7_6.png,0,random_forgery,17,7
data/processed/train/genuine/original_35_21.png,data/processed/train/genuine/original_35_8.png,1,genuine_genuine,35,35
data/processed/train/genuine/original_11_14.png,data/processed/train/genuine/original_11_4.png,1,genuine_genuine,11,11
data/processed/train/genuine/original_2_16.png,data/processed/train/genuine/original_2_22.png,1,genuine_genuine,2,2
data/processed/train/genuine/original_18_4.png,data/processed/train/forged/forgeries_18_6.png,0,skilled_forgery,18,18
data/processed/train/genuine/original_23_8.png,data/processed/train/forged/forgeries_23_15.png,0,skilled_forgery,23,23
data/processed/train/genuine/original_27_19.png,data/processed/train/genuine/original_16_3.png,0,random_forgery,27,16
data/processed/train/genuine/original_1_12.png,data/processed/train/forged/forgeries_1_7.png,0,skilled_forgery,1,1
data/processed/train/genuine/original_18_10.png,data/processed/train/genuine/original_18_13.png,1,genuine_genuine,18,18
data/processed/train/genuine/original_23_23.png,data/processed/train/genuine/original_23_3.png,1,genuine_genuine,23,23
data/processed/train/genuine/original_15_19.png,data/processed/train/genuine/original_15_21.png,1,genuine_genuine,15,15
data/processed/train/genuine/original_27_21.png,data/processed/train/forged/forgeries_27_10.png,0,skilled_forgery,27,27
data/processed/train/genuine/original_22_24.png,data/processed/train/genuine/original_22_3.png,1,genuine_genuine,22,22
data/processed/train/genuine/original_3_4.png,data/processed/train/genuine/original_4_16.png,0,random_forgery,3,4
data/processed/train/genuine/original_1_15.png,data/processed/train/forged/forgeries_1_17.png,0,skilled_forgery,1,1
data/processed/train/genuine/original_8_13.png,data/processed/train/forged/forgeries_8_15.png,0,skilled_forgery,8,8
data/processed/train/genuine/original_15_19.png,data/processed/train/genuine/original_15_9.png,1,genuine_genuine,15,15
data/processed/train/genuine/original_16_13.png,data/processed/train/genuine/original_23_16.png,0,random_forgery,16,23
data/processed/train/genuine/original_9_22.png,data/processed/train/forged/forgeries_9_11.png,0,skilled_forgery,9,9
data/processed/train/genuine/original_29_15.png,data/processed/train/genuine/original_9_8.png,0,random_forgery,29,9
data/processed/train/genuine/original_2_8.png,data/processed/train/genuine/original_8_24.png,0,random_forgery,2,8
data/processed/train/genuine/original_25_13.png,data/processed/train/genuine/original_25_21.png,1,genuine_genuine,25,25
data/processed/train/genuine/original_27_8.png,data/processed/train/forged/forgeries_27_17.png,0,skilled_forgery,27,27
data/processed/train/genuine/original_26_9.png,data/processed/train/forged/forgeries_26_19.png,0,skilled_forgery,26,26
data/processed/train/genuine/original_16_17.png,data/processed/train/genuine/original_16_2.png,1,genuine_genuine,16,16
data/processed/train/genuine/original_30_18.png,data/processed/train/forged/forgeries_30_17.png,0,skilled_forgery,30,30
data/processed/train/genuine/original_18_15.png,data/processed/train/genuine/original_18_9.png,1,genuine_genuine,18,18
data/processed/train/genuine/original_32_23.png,data/processed/train/forged/forgeries_32_7.png,0,skilled_forgery,32,32
data/processed/train/genuine/original_1_9.png,data/processed/train/forged/forgeries_1_6.png,0,skilled_forgery,1,1
data/processed/train/genuine/original_23_21.png,data/processed/train/genuine/original_7_19.png,0,random_forgery,23,7
data/processed/train/genuine/original_33_11.png,data/processed/train/genuine/original_33_17.png,1,genuine_genuine,33,33
data/processed/train/genuine/original_17_12.png,data/processed/train/genuine/original_17_2.png,1,genuine_genuine,17,17
data/processed/train/genuine/original_24_16.png,data/processed/train/forged/forgeries_24_11.png,0,skilled_forgery,24,24
data/processed/train/genuine/original_31_14.png,data/processed/train/genuine/original_31_9.png,1,genuine_genuine,31,31
data/processed/train/genuine/original_29_19.png,data/processed/train/genuine/original_32_19.png,0,random_forgery,29,32
data/processed/train/genuine/original_4_18.png,data/processed/train/forged/forgeries_4_9.png,0,skilled_forgery,4,4
data/processed/train/genuine/original_30_21.png,data/processed/train/forged/forgeries_30_5.png,0,skilled_forgery,30,30
data/processed/train/genuine/original_33_23.png,data/processed/train/genuine/original_26_20.png,0,random_forgery,33,26
data/processed/train/genuine/original_14_15.png,data/processed/train/genuine/original_14_4.png,1,genuine_genuine,14,14
data/processed/train/genuine/original_1_19.png,data/processed/train/forged/forgeries_1_24.png,0,skilled_forgery,1,1
data/processed/train/genuine/original_22_17.png,data/processed/train/genuine/original_22_6.png,1,genuine_genuine,22,22
data/processed/train/genuine/original_27_1.png,data/processed/train/genuine/original_27_18.png,1,genuine_genuine,27,27
data/processed/train/genuine/original_29_14.png,data/processed/train/genuine/original_1_2.png,0,random_forgery,29,1
data/processed/train/genuine/original_3_2.png,data/processed/train/forged/forgeries_3_1.png,0,skilled_forgery,3,3
data/processed/train/genuine/original_11_13.png,data/processed/train/genuine/original_11_21.png,1,genuine_genuine,11,11
data/processed/train/genuine/original_22_10.png,data/processed/train/forged/forgeries_22_14.png,0,skilled_forgery,22,22
data/processed/train/genuine/original_4_14.png,data/processed/train/forged/forgeries_4_12.png,0,skilled_forgery,4,4
data/processed/train/genuine/original_9_23.png,data/processed/train/forged/forgeries_9_19.png,0,skilled_forgery,9,9
data/processed/train/genuine/original_30_8.png,data/processed/train/forged/forgeries_30_14.png,0,skilled_forgery,30,30
data/processed/train/genuine/original_25_8.png,data/processed/train/genuine/original_10_7.png,0,random_forgery,25,10
data/processed/train/genuine/original_1_17.png,data/processed/train/genuine/original_1_19.png,1,genuine_genuine,1,1
data/processed/train/genuine/original_10_18.png,data/processed/train/genuine/original_10_20.png,1,genuine_genuine,10,10
data/processed/train/genuine/original_28_15.png,data/processed/train/genuine/original_28_16.png,1,genuine_genuine,28,28
data/processed/train/genuine/original_28_23.png,data/processed/train/forged/forgeries_28_5.png,0,skilled_forgery,28,28
data/processed/train/genuine/original_6_14.png,data/processed/train/forged/forgeries_6_14.png,0,skilled_forgery,6,6
data/processed/train/genuine/original_2_11.png,data/processed/train/genuine/original_2_16.png,1,genuine_genuine,2,2
data/processed/train/genuine/original_12_5.png,data/processed/train/genuine/original_1_22.png,0,random_forgery,12,1
data/processed/train/genuine/original_16_17.png,data/processed/train/genuine/original_16_8.png,1,genuine_genuine,16,16
data/processed/train/genuine/original_18_18.png,data/processed/train/forged/forgeries_18_9.png,0,skilled_forgery,18,18
data/processed/train/genuine/original_23_24.png,data/processed/train/genuine/original_28_12.png,0,random_forgery,23,28
data/processed/train/genuine/original_22_4.png,data/processed/train/forged/forgeries_22_14.png,0,skilled_forgery,22,22
data/processed/train/genuine/original_28_2.png,data/processed/train/forged/forgeries_28_10.png,0,skilled_forgery,28,28
data/processed/train/genuine/original_11_11.png,data/processed/train/genuine/original_11_16.png,1,genuine_genuine,11,11
data/processed/train/genuine/original_17_12.png,data/processed/train/forged/forgeries_17_23.png,0,skilled_forgery,17,17
data/processed/train/genuine/original_21_11.png,data/processed/train/forged/forgeries_21_15.png,0,skilled_forgery,21,21
data/processed/train/genuine/original_31_8.png,data/processed/train/forged/forgeries_31_3.png,0,skilled_forgery,31,31
data/processed/train/genuine/original_2_17.png,data/processed/train/genuine/original_2_23.png,1,genuine_genuine,2,2
data/processed/train/genuine/original_3_14.png,data/processed/train/genuine/original_3_15.png,1,genuine_genuine,3,3
data/processed/train/genuine/original_29_2.png,data/processed/train/genuine/original_29_7.png,1,genuine_genuine,29,29
data/processed/train/genuine/original_16_15.png,data/processed/train/genuine/original_16_6.png,1,genuine_genuine,16,16
data/processed/train/genuine/original_34_18.png,data/processed/train/genuine/original_34_21.png,1,genuine_genuine,34,34
data/processed/train/genuine/original_31_13.png,data/processed/train/forged/forgeries_31_7.png,0,skilled_forgery,31,31
data/processed/train/genuine/original_7_11.png,data/processed/train/genuine/original_9_12.png,0,random_forgery,7,9
data/processed/train/genuine/original_14_15.png,data/processed/train/genuine/original_14_23.png,1,genuine_genuine,14,14
data/processed/train/genuine/original_35_13.png,data/processed/train/genuine/original_20_17.png,0,random_forgery,35,20
data/processed/train/genuine/original_15_10.png,data/processed/train/genuine/original_15_8.png,1,genuine_genuine,15,15
data/processed/train/genuine/original_5_14.png,data/processed/train/genuine/original_5_8.png,1,genuine_genuine,5,5
data/processed/train/genuine/original_28_2.png,data/processed/train/genuine/original_24_22.png,0,random_forgery,28,24
data/processed/train/genuine/original_1_20.png,data/processed/train/genuine/original_1_21.png,1,genuine_genuine,1,1
data/processed/train/genuine/original_24_2.png,data/processed/train/genuine/original_24_20.png,1,genuine_genuine,24,24
data/processed/train/genuine/original_27_10.png,data/processed/train/forged/forgeries_27_22.png,0,skilled_forgery,27,27
data/processed/train/genuine/original_17_2.png,data/processed/train/genuine/original_17_23.png,1,genuine_genuine,17,17
data/processed/train/genuine/original_4_18.png,data/processed/train/forged/forgeries_4_21.png,0,skilled_forgery,4,4
data/processed/train/genuine/original_26_13.png,data/processed/train/genuine/original_26_8.png,1,genuine_genuine,26,26
data/processed/train/genuine/original_24_10.png,data/processed/train/genuine/original_24_5.png,1,genuine_genuine,24,24
data/processed/train/genuine/original_24_22.png,data/processed/train/forged/forgeries_24_9.png,0,skilled_forgery,24,24
data/processed/train/genuine/original_1_1.png,data/processed/train/genuine/original_21_8.png,0,random_forgery,1,21
data/processed/train/genuine/original_29_11.png,data/processed/train/genuine/original_18_23.png,0,random_forgery,29,18
data/processed/train/genuine/original_32_1.png,data/processed/train/genuine/original_32_9.png,1,genuine_genuine,32,32
data/processed/train/genuine/original_2_15.png,data/processed/train/genuine/original_2_5.png,1,genuine_genuine,2,2
data/processed/train/genuine/original_10_19.png,data/processed/train/genuine/original_10_8.png,1,genuine_genuine,10,10
data/processed/train/genuine/original_4_23.png,data/processed/train/genuine/original_4_6.png,1,genuine_genuine,4,4
data/processed/train/genuine/original_11_2.png,data/processed/train/genuine/original_11_5.png,1,genuine_genuine,11,11
data/processed/train/genuine/original_3_17.png,data/processed/train/genuine/original_3_22.png,1,genuine_genuine,3,3
data/processed/train/genuine/original_21_5.png,data/processed/train/forged/forgeries_21_3.png,0,skilled_forgery,21,21
data/processed/train/genuine/original_3_14.png,data/processed/train/genuine/original_3_17.png,1,genuine_genuine,3,3
data/processed/train/genuine/original_12_8.png,data/processed/train/forged/forgeries_12_5.png,0,skilled_forgery,12,12
data/processed/train/genuine/original_25_22.png,data/processed/train/forged/forgeries_25_20.png,0,skilled_forgery,25,25
data/processed/train/genuine/original_8_7.png,data/processed/train/forged/forgeries_8_2.png,0,skilled_forgery,8,8
data/processed/train/genuine/original_25_9.png,data/processed/train/forged/forgeries_25_19.png,0,skilled_forgery,25,25
data/processed/train/genuine/original_7_8.png,data/processed/train/genuine/original_13_10.png,0,random_forgery,7,13
data/processed/train/genuine/original_31_11.png,data/processed/train/genuine/original_31_15.png,1,genuine_genuine,31,31
data/processed/train/genuine/original_25_22.png,data/processed/train/forged/forgeries_25_15.png,0,skilled_forgery,25,25
data/processed/train/genuine/original_18_14.png,data/processed/train/forged/forgeries_18_22.png,0,skilled_forgery,18,18
data/processed/train/genuine/original_9_4.png,data/processed/train/genuine/original_7_19.png,0,random_forgery,9,7
data/processed/train/genuine/original_12_1.png,data/processed/train/genuine/original_12_21.png,1,genuine_genuine,12,12
data/processed/train/genuine/original_22_21.png,data/processed/train/genuine/original_22_9.png,1,genuine_genuine,22,22
data/processed/train/genuine/original_35_11.png,data/processed/train/genuine/original_25_7.png,0,random_forgery,35,25
data/processed/train/genuine/original_35_1.png,data/processed/train/forged/forgeries_35_24.png,0,skilled_forgery,35,35
data/processed/train/genuine/original_18_22.png,data/processed/train/genuine/original_6_7.png,0,random_forgery,18,6
data/processed/train/genuine/original_30_19.png,data/processed/train/forged/forgeries_30_14.png,0,skilled_forgery,30,30
data/processed/train/genuine/original_21_23.png,data/processed/train/genuine/original_13_15.png,0,random_forgery,21,13
data/processed/train/genuine/original_11_17.png,data/processed/train/genuine/original_11_18.png,1,genuine_genuine,11,11
data/processed/train/genuine/original_16_11.png,data/processed/train/genuine/original_20_1.png,0,random_forgery,16,20
data/processed/train/genuine/original_24_3.png,data/processed/train/forged/forgeries_24_6.png,0,skilled_forgery,24,24
data/processed/train/genuine/original_35_15.png,data/processed/train/genuine/original_35_3.png,1,genuine_genuine,35,35
data/processed/train/genuine/original_12_20.png,data/processed/train/forged/forgeries_12_10.png,0,skilled_forgery,12,12
data/processed/train/genuine/original_31_22.png,data/processed/train/genuine/original_14_24.png,0,random_forgery,31,14
data/processed/train/genuine/original_10_13.png,data/processed/train/genuine/original_10_23.png,1,genuine_genuine,10,10
data/processed/train/genuine/original_33_13.png,data/processed/train/genuine/original_18_11.png,0,random_forgery,33,18
data/processed/train/genuine/original_35_14.png,data/processed/train/genuine/original_35_5.png,1,genuine_genuine,35,35
data/processed/train/genuine/original_34_17.png,data/processed/train/genuine/original_34_18.png,1,genuine_genuine,34,34
data/processed/train/genuine/original_1_1.png,data/processed/train/genuine/original_8_4.png,0,random_forgery,1,8
data/processed/train/genuine/original_30_7.png,data/processed/train/forged/forgeries_30_16.png,0,skilled_forgery,30,30
data/processed/train/genuine/original_5_3.png,data/processed/train/forged/forgeries_5_18.png,0,skilled_forgery,5,5
data/processed/train/genuine/original_12_16.png,data/processed/train/genuine/original_12_18.png,1,genuine_genuine,12,12
data/processed/train/genuine/original_8_14.png,data/processed/train/genuine/original_26_1.png,0,random_forgery,8,26
data/processed/train/genuine/original_10_1.png,data/processed/train/genuine/original_10_13.png,1,genuine_genuine,10,10
data/processed/train/genuine/original_34_18.png,data/processed/train/forged/forgeries_34_8.png,0,skilled_forgery,34,34
data/processed/train/genuine/original_15_12.png,data/processed/train/genuine/original_6_3.png,0,random_forgery,15,6
data/processed/train/genuine/original_13_14.png,data/processed/train/genuine/original_13_5.png,1,genuine_genuine,13,13
data/processed/train/genuine/original_34_10.png,data/processed/train/genuine/original_1_22.png,0,random_forgery,34,1
data/processed/train/genuine/original_31_11.png,data/processed/train/forged/forgeries_31_21.png,0,skilled_forgery,31,31
data/processed/train/genuine/original_24_14.png,data/processed/train/genuine/original_27_15.png,0,random_forgery,24,27
data/processed/train/genuine/original_27_22.png,data/processed/train/genuine/original_27_7.png,1,genuine_genuine,27,27
data/processed/train/genuine/original_11_14.png,data/processed/train/genuine/original_11_17.png,1,genuine_genuine,11,11
data/processed/train/genuine/original_24_9.png,data/processed/train/forged/forgeries_24_18.png,0,skilled_forgery,24,24
data/processed/train/genuine/original_15_2.png,data/processed/train/forged/forgeries_15_14.png,0,skilled_forgery,15,15
data/processed/train/genuine/original_25_20.png,data/processed/train/genuine/original_25_21.png,1,genuine_genuine,25,25
data/processed/train/genuine/original_1_1.png,data/processed/train/genuine/original_1_15.png,1,genuine_genuine,1,1
data/processed/train/genuine/original_31_13.png,data/processed/train/genuine/original_31_19.png,1,genuine_genuine,31,31
data/processed/train/genuine/original_14_14.png,data/processed/train/forged/forgeries_14_6.png,0,skilled_forgery,14,14
data/processed/train/genuine/original_22_13.png,data/processed/train/genuine/original_33_23.png,0,random_forgery,22,33
data/processed/train/genuine/original_3_19.png,data/processed/train/genuine/original_3_9.png,1,genuine_genuine,3,3
data/processed/train/genuine/original_6_13.png,data/processed/train/genuine/original_6_14.png,1,genuine_genuine,6,6
data/processed/train/genuine/original_18_9.png,data/processed/train/forged/forgeries_18_5.png,0,skilled_forgery,18,18
data/processed/train/genuine/original_19_21.png,data/processed/train/genuine/original_19_3.png,1,genuine_genuine,19,19
data/processed/train/genuine/original_27_3.png,data/processed/train/genuine/original_27_5.png,1,genuine_genuine,27,27
data/processed/train/genuine/original_18_6.png,data/processed/train/genuine/original_31_19.png,0,random_forgery,18,31
data/processed/train/genuine/original_27_10.png,data/processed/train/genuine/original_27_20.png,1,genuine_genuine,27,27
data/processed/train/genuine/original_7_3.png,data/processed/train/genuine/original_7_9.png,1,genuine_genuine,7,7
data/processed/train/genuine/original_32_3.png,data/processed/train/genuine/original_32_4.png,1,genuine_genuine,32,32
data/processed/train/genuine/original_26_20.png,data/processed/train/genuine/original_26_3.png,1,genuine_genuine,26,26
data/processed/train/genuine/original_5_10.png,data/processed/train/genuine/original_5_18.png,1,genuine_genuine,5,5
data/processed/train/genuine/original_33_19.png,data/processed/train/forged/forgeries_33_10.png,0,skilled_forgery,33,33
data/processed/train/genuine/original_25_14.png,data/processed/train/genuine/original_25_20.png,1,genuine_genuine,25,25
data/processed/train/genuine/original_18_22.png,data/processed/train/genuine/original_4_14.png,0,random_forgery,18,4
data/processed/train/genuine/original_8_2.png,data/processed/train/genuine/original_8_20.png,1,genuine_genuine,8,8
data/processed/train/genuine/original_16_11.png,data/processed/train/forged/forgeries_16_1.png,0,skilled_forgery,16,16
data/processed/train/genuine/original_4_13.png,data/processed/train/genuine/original_4_20.png,1,genuine_genuine,4,4
data/processed/train/genuine/original_7_22.png,data/processed/train/genuine/original_30_10.png,0,random_forgery,7,30
data/processed/train/genuine/original_12_20.png,data/processed/train/genuine/original_33_14.png,0,random_forgery,12,33
data/processed/train/genuine/original_14_3.png,data/processed/train/forged/forgeries_14_8.png,0,skilled_forgery,14,14
data/processed/train/genuine/original_7_15.png,data/processed/train/forged/forgeries_7_24.png,0,skilled_forgery,7,7
data/processed/train/genuine/original_10_5.png,data/processed/train/genuine/original_10_8.png,1,genuine_genuine,10,10
data/processed/train/genuine/original_8_14.png,data/processed/train/forged/forgeries_8_11.png,0,skilled_forgery,8,8
data/processed/train/genuine/original_19_16.png,data/processed/train/genuine/original_19_6.png,1,genuine_genuine,19,19
data/processed/train/genuine/original_14_7.png,data/processed/train/genuine/original_30_5.png,0,random_forgery,14,30
data/processed/train/genuine/original_3_23.png,data/processed/train/genuine/original_15_15.png,0,random_forgery,3,15
data/processed/train/genuine/original_16_13.png,data/processed/train/genuine/original_16_5.png,1,genuine_genuine,16,16
data/processed/train/genuine/original_19_17.png,data/processed/train/genuine/original_19_4.png,1,genuine_genuine,19,19
data/processed/train/genuine/original_6_16.png,data/processed/train/genuine/original_18_17.png,0,random_forgery,6,18
data/processed/train/genuine/original_35_13.png,data/processed/train/genuine/original_35_8.png,1,genuine_genuine,35,35
data/processed/train/genuine/original_35_15.png,data/processed/train/genuine/original_35_7.png,1,genuine_genuine,35,35
data/processed/train/genuine/original_26_24.png,data/processed/train/genuine/original_11_8.png,0,random_forgery,26,11
data/processed/train/genuine/original_35_12.png,data/processed/train/forged/forgeries_35_22.png,0,skilled_forgery,35,35
data/processed/train/genuine/original_27_20.png,data/processed/train/forged/forgeries_27_3.png,0,skilled_forgery,27,27
data/processed/train/genuine/original_19_12.png,data/processed/train/forged/forgeries_19_24.png,0,skilled_forgery,19,19
data/processed/train/genuine/original_17_14.png,data/processed/train/genuine/original_17_15.png,1,genuine_genuine,17,17
data/processed/train/genuine/original_9_17.png,data/processed/train/genuine/original_27_5.png,0,random_forgery,9,27
data/processed/train/genuine/original_34_19.png,data/processed/train/genuine/original_34_24.png,1,genuine_genuine,34,34
data/processed/train/genuine/original_19_2.png,data/processed/train/forged/forgeries_19_11.png,0,skilled_forgery,19,19
data/processed/train/genuine/original_23_15.png,data/processed/train/genuine/original_23_6.png,1,genuine_genuine,23,23
data/processed/train/genuine/original_19_21.png,data/processed/train/forged/forgeries_19_24.png,0,skilled_forgery,19,19
data/processed/train/genuine/original_12_12.png,data/processed/train/genuine/original_12_20.png,1,genuine_genuine,12,12
data/processed/train/genuine/original_24_14.png,data/processed/train/genuine/original_12_6.png,0,random_forgery,24,12
data/processed/train/genuine/original_15_12.png,data/processed/train/genuine/original_15_23.png,1,genuine_genuine,15,15
data/processed/train/genuine/original_33_23.png,data/processed/train/forged/forgeries_33_13.png,0,skilled_forgery,33,33
data/processed/train/genuine/original_2_13.png,data/processed/train/genuine/original_2_14.png,1,genuine_genuine,2,2
data/processed/train/genuine/original_35_14.png,data/processed/train/genuine/original_2_8.png,0,random_forgery,35,2
data/processed/train/genuine/original_10_13.png,data/processed/train/genuine/original_31_8.png,0,random_forgery,10,31
data/processed/train/genuine/original_20_12.png,data/processed/train/genuine/original_25_18.png,0,random_forgery,20,25
data/processed/train/genuine/original_7_10.png,data/processed/train/genuine/original_26_14.png,0,random_forgery,7,26
data/processed/train/genuine/original_32_6.png,data/processed/train/forged/forgeries_32_4.png,0,skilled_forgery,32,32
data/processed/train/genuine/original_27_22.png,data/processed/train/genuine/original_23_22.png,0,random_forgery,27,23
data/processed/train/genuine/original_24_23.png,data/processed/train/forged/forgeries_24_2.png,0,skilled_forgery,24,24
data/processed/train/genuine/original_34_22.png,data/processed/train/genuine/original_34_7.png,1,genuine_genuine,34,34
data/processed/train/genuine/original_8_10.png,data/processed/train/genuine/original_8_12.png,1,genuine_genuine,8,8
data/processed/train/genuine/original_2_15.png,data/processed/train/forged/forgeries_2_9.png,0,skilled_forgery,2,2
data/processed/train/genuine/original_28_17.png,data/processed/train/forged/forgeries_28_10.png,0,skilled_forgery,28,28
data/processed/train/genuine/original_7_10.png,data/processed/train/genuine/original_7_3.png,1,genuine_genuine,7,7
data/processed/train/genuine/original_2_13.png,data/processed/train/genuine/original_34_21.png,0,random_forgery,2,34
data/processed/train/genuine/original_3_14.png,data/processed/train/genuine/original_3_9.png,1,genuine_genuine,3,3
data/processed/train/genuine/original_18_19.png,data/processed/train/genuine/original_18_9.png,1,genuine_genuine,18,18
data/processed/train/genuine/original_6_18.png,data/processed/train/genuine/original_13_2.png,0,random_forgery,6,13
data/processed/train/genuine/original_13_22.png,data/processed/train/genuine/original_13_7.png,1,genuine_genuine,13,13
data/processed/train/genuine/original_29_24.png,data/processed/train/genuine/original_25_2.png,0,random_forgery,29,25
data/processed/train/genuine/original_30_5.png,data/processed/train/genuine/original_30_6.png,1,genuine_genuine,30,30
data/processed/train/genuine/original_24_14.png,data/processed/train/forged/forgeries_24_19.png,0,skilled_forgery,24,24
data/processed/train/genuine/original_1_18.png,data/processed/train/genuine/original_1_2.png,1,genuine_genuine,1,1
data/processed/train/genuine/original_20_23.png,data/processed/train/forged/forgeries_20_15.png,0,skilled_forgery,20,20
data/processed/train/genuine/original_20_10.png,data/processed/train/forged/forgeries_20_20.png,0,skilled_forgery,20,20
data/processed/train/genuine/original_2_14.png,data/processed/train/genuine/original_2_6.png,1,genuine_genuine,2,2
data/processed/train/genuine/original_7_19.png,data/processed/train/genuine/original_7_4.png,1,genuine_genuine,7,7
data/processed/train/genuine/original_7_15.png,data/processed/train/forged/forgeries_7_12.png,0,skilled_forgery,7,7
data/processed/train/genuine/original_2_18.png,data/processed/train/forged/forgeries_2_20.png,0,skilled_forgery,2,2
data/processed/train/genuine/original_31_24.png,data/processed/train/genuine/original_31_8.png,1,genuine_genuine,31,31
data/processed/train/genuine/original_33_8.png,data/processed/train/genuine/original_6_15.png,0,random_forgery,33,6
data/processed/train/genuine/original_19_14.png,data/processed/train/forged/forgeries_19_7.png,0,skilled_forgery,19,19
data/processed/train/genuine/original_6_4.png,data/processed/train/genuine/original_10_7.png,0,random_forgery,6,10
data/processed/train/genuine/original_10_1.png,data/processed/train/forged/forgeries_10_23.png,0,skilled_forgery,10,10
data/processed/train/genuine/original_26_4.png,data/processed/train/forged/forgeries_26_2.png,0,skilled_forgery,26,26
data/processed/train/genuine/original_32_22.png,data/processed/train/genuine/original_32_6.png,1,genuine_genuine,32,32
data/processed/train/genuine/original_17_7.png,data/processed/train/forged/forgeries_17_22.png,0,skilled_forgery,17,17
data/processed/train/genuine/original_11_9.png,data/processed/train/forged/forgeries_11_21.png,0,skilled_forgery,11,11
data/processed/train/genuine/original_28_6.png,data/processed/train/forged/forgeries_28_4.png,0,skilled_forgery,28,28
data/processed/train/genuine/original_5_24.png,data/processed/train/genuine/original_5_6.png,1,genuine_genuine,5,5
data/processed/train/genuine/original_3_10.png,data/processed/train/forged/forgeries_3_3.png,0,skilled_forgery,3,3
data/processed/train/genuine/original_10_5.png,data/processed/train/forged/forgeries_10_10.png,0,skilled_forgery,10,10
data/processed/train/genuine/original_1_10.png,data/processed/train/genuine/original_1_21.png,1,genuine_genuine,1,1
data/processed/train/genuine/original_3_17.png,data/processed/train/genuine/original_3_5.png,1,genuine_genuine,3,3
data/processed/train/genuine/original_10_13.png,data/processed/train/genuine/original_34_23.png,0,random_forgery,10,34
data/processed/train/genuine/original_17_1.png,data/processed/train/genuine/original_17_20.png,1,genuine_genuine,17,17
data/processed/train/genuine/original_5_1.png,data/processed/train/genuine/original_5_13.png,1,genuine_genuine,5,5
data/processed/train/genuine/original_9_21.png,data/processed/train/forged/forgeries_9_6.png,0,skilled_forgery,9,9
data/processed/train/genuine/original_15_6.png,data/processed/train/genuine/original_15_7.png,1,genuine_genuine,15,15
data/processed/train/genuine/original_22_18.png,data/processed/train/genuine/original_22_3.png,1,genuine_genuine,22,22
data/processed/train/genuine/original_9_9.png,data/processed/train/forged/forgeries_9_15.png,0,skilled_forgery,9,9
data/processed/train/genuine/original_35_18.png,data/processed/train/genuine/original_10_1.png,0,random_forgery,35,10
data/processed/train/genuine/original_8_24.png,data/processed/train/genuine/original_8_6.png,1,genuine_genuine,8,8
data/processed/train/genuine/original_16_6.png,data/processed/train/forged/forgeries_16_2.png,0,skilled_forgery,16,16
data/processed/train/genuine/original_27_15.png,data/processed/train/forged/forgeries_27_4.png,0,skilled_forgery,27,27
data/processed/train/genuine/original_9_1.png,data/processed/train/genuine/original_13_6.png,0,random_forgery,9,13
data/processed/train/genuine/original_19_1.png,data/processed/train/genuine/original_19_11.png,1,genuine_genuine,19,19
data/processed/train/genuine/original_9_18.png,data/processed/train/forged/forgeries_9_8.png,0,skilled_forgery,9,9
data/processed/train/genuine/original_32_10.png,data/processed/train/genuine/original_32_21.png,1,genuine_genuine,32,32
data/processed/train/genuine/original_20_2.png,data/processed/train/genuine/original_20_21.png,1,genuine_genuine,20,20
data/processed/train/genuine/original_27_14.png,data/processed/train/forged/forgeries_27_5.png,0,skilled_forgery,27,27
data/processed/train/genuine/original_25_16.png,data/processed/train/forged/forgeries_25_21.png,0,skilled_forgery,25,25
data/processed/train/genuine/original_23_13.png,data/processed/train/genuine/original_23_7.png,1,genuine_genuine,23,23
data/processed/train/genuine/original_25_13.png,data/processed/train/genuine/original_25_8.png,1,genuine_genuine,25,25
data/processed/train/genuine/original_10_12.png,data/processed/train/forged/forgeries_10_20.png,0,skilled_forgery,10,10
data/processed/train/genuine/original_14_14.png,data/processed/train/forged/forgeries_14_1.png,0,skilled_forgery,14,14
data/processed/train/genuine/original_3_19.png,data/processed/train/forged/forgeries_3_2.png,0,skilled_forgery,3,3
data/processed/train/genuine/original_15_2.png,data/processed/train/forged/forgeries_15_23.png,0,skilled_forgery,15,15
data/processed/train/genuine/original_3_20.png,data/processed/train/genuine/original_3_6.png,1,genuine_genuine,3,3
data/processed/train/genuine/original_24_1.png,data/processed/train/genuine/original_24_14.png,1,genuine_genuine,24,24
data/processed/train/genuine/original_3_1.png,data/processed/train/genuine/original_3_3.png,1,genuine_genuine,3,3
data/processed/train/genuine/original_25_1.png,data/processed/train/genuine/original_25_7.png,1,genuine_genuine,25,25
data/processed/train/genuine/original_35_2.png,data/processed/train/forged/forgeries_35_20.png,0,skilled_forgery,35,35
data/processed/train/genuine/original_24_11.png,data/processed/train/genuine/original_24_9.png,1,genuine_genuine,24,24
data/processed/train/genuine/original_33_14.png,data/processed/train/genuine/original_33_22.png,1,genuine_genuine,33,33
data/processed/train/genuine/original_2_10.png,data/processed/train/genuine/original_2_13.png,1,genuine_genuine,2,2
data/processed/train/genuine/original_25_23.png,data/processed/train/genuine/original_18_10.png,0,random_forgery,25,18
data/processed/train/genuine/original_27_5.png,data/processed/train/forged/forgeries_27_6.png,0,skilled_forgery,27,27
data/processed/train/genuine/original_29_1.png,data/processed/train/genuine/original_29_8.png,1,genuine_genuine,29,29
data/processed/train/genuine/original_10_8.png,data/processed/train/genuine/original_30_23.png,0,random_forgery,10,30
data/processed/train/genuine/original_5_19.png,data/processed/train/genuine/original_31_2.png,0,random_forgery,5,31
data/processed/train/genuine/original_18_12.png,data/processed/train/genuine/original_18_9.png,1,genuine_genuine,18,18
data/processed/train/genuine/original_34_15.png,data/processed/train/genuine/original_22_11.png,0,random_forgery,34,22
data/processed/train/genuine/original_15_12.png,data/processed/train/genuine/original_15_4.png,1,genuine_genuine,15,15
data/processed/train/genuine/original_13_20.png,data/processed/train/genuine/original_13_9.png,1,genuine_genuine,13,13
data/processed/train/genuine/original_30_13.png,data/processed/train/genuine/original_27_15.png,0,random_forgery,30,27
data/processed/train/genuine/original_7_1.png,data/processed/train/genuine/original_14_5.png,0,random_forgery,7,14
data/processed/train/genuine/original_27_5.png,data/processed/train/forged/forgeries_27_10.png,0,skilled_forgery,27,27
data/processed/train/genuine/original_10_7.png,data/processed/train/forged/forgeries_10_6.png,0,skilled_forgery,10,10
data/processed/train/genuine/original_10_10.png,data/processed/train/genuine/original_10_4.png,1,genuine_genuine,10,10
data/processed/train/genuine/original_29_17.png,data/processed/train/genuine/original_29_20.png,1,genuine_genuine,29,29
data/processed/train/genuine/original_33_3.png,data/processed/train/forged/forgeries_33_3.png,0,skilled_forgery,33,33
data/processed/train/genuine/original_32_10.png,data/processed/train/genuine/original_32_9.png,1,genuine_genuine,32,32
data/processed/train/genuine/original_34_17.png,data/processed/train/genuine/original_34_21.png,1,genuine_genuine,34,34
data/processed/train/genuine/original_32_19.png,data/processed/train/genuine/original_32_22.png,1,genuine_genuine,32,32
data/processed/train/genuine/original_19_22.png,data/processed/train/genuine/original_19_8.png,1,genuine_genuine,19,19
data/processed/train/genuine/original_29_3.png,data/processed/train/forged/forgeries_29_7.png,0,skilled_forgery,29,29
data/processed/train/genuine/original_2_20.png,data/processed/train/genuine/original_2_4.png,1,genuine_genuine,2,2
data/processed/train/genuine/original_6_4.png,data/processed/train/genuine/original_6_6.png,1,genuine_genuine,6,6
data/processed/train/genuine/original_29_23.png,data/processed/train/genuine/original_29_9.png,1,genuine_genuine,29,29
data/processed/train/genuine/original_7_15.png,data/processed/train/genuine/original_17_4.png,0,random_forgery,7,17
data/processed/train/genuine/original_32_14.png,data/processed/train/genuine/original_8_6.png,0,random_forgery,32,8
data/processed/train/genuine/original_4_13.png,data/processed/train/genuine/original_4_5.png,1,genuine_genuine,4,4
data/processed/train/genuine/original_17_2.png,data/processed/train/genuine/original_17_3.png,1,genuine_genuine,17,17
data/processed/train/genuine/original_11_11.png,data/processed/train/genuine/original_11_14.png,1,genuine_genuine,11,11
data/processed/train/genuine/original_6_7.png,data/processed/train/genuine/original_6_9.png,1,genuine_genuine,6,6
data/processed/train/genuine/original_15_16.png,data/processed/train/genuine/original_15_20.png,1,genuine_genuine,15,15
data/processed/train/genuine/original_4_11.png,data/processed/train/genuine/original_19_10.png,0,random_forgery,4,19
data/processed/train/genuine/original_17_15.png,data/processed/train/genuine/original_17_9.png,1,genuine_genuine,17,17
data/processed/train/genuine/original_18_4.png,data/processed/train/forged/forgeries_18_20.png,0,skilled_forgery,18,18
data/processed/train/genuine/original_3_18.png,data/processed/train/genuine/original_22_20.png,0,random_forgery,3,22
data/processed/train/genuine/original_34_15.png,data/processed/train/genuine/original_34_7.png,1,genuine_genuine,34,34
data/processed/train/genuine/original_28_15.png,data/processed/train/genuine/original_28_20.png,1,genuine_genuine,28,28
data/processed/train/genuine/original_23_11.png,data/processed/train/genuine/original_23_12.png,1,genuine_genuine,23,23
data/processed/train/genuine/original_16_11.png,data/processed/train/genuine/original_16_24.png,1,genuine_genuine,16,16
data/processed/train/genuine/original_31_7.png,data/processed/train/forged/forgeries_31_4.png,0,skilled_forgery,31,31
data/processed/train/genuine/original_1_5.png,data/processed/train/genuine/original_1_9.png,1,genuine_genuine,1,1
data/processed/train/genuine/original_34_18.png,data/processed/train/genuine/original_34_3.png,1,genuine_genuine,34,34
data/processed/train/genuine/original_5_2.png,data/processed/train/forged/forgeries_5_7.png,0,skilled_forgery,5,5
data/processed/train/genuine/original_25_14.png,data/processed/train/genuine/original_25_2.png,1,genuine_genuine,25,25
data/processed/train/genuine/original_25_7.png,data/processed/train/genuine/original_32_2.png,0,random_forgery,25,32
data/processed/train/genuine/original_14_18.png,data/processed/train/genuine/original_14_23.png,1,genuine_genuine,14,14
data/processed/train/genuine/original_4_17.png,data/processed/train/genuine/original_4_9.png,1,genuine_genuine,4,4
data/processed/train/genuine/original_3_13.png,data/processed/train/forged/forgeries_3_18.png,0,skilled_forgery,3,3
data/processed/train/genuine/original_23_3.png,data/processed/train/genuine/original_3_3.png,0,random_forgery,23,3
data/processed/train/genuine/original_9_13.png,data/processed/train/forged/forgeries_9_7.png,0,skilled_forgery,9,9
data/processed/train/genuine/original_3_11.png,data/processed/train/genuine/original_3_6.png,1,genuine_genuine,3,3
data/processed/train/genuine/original_1_3.png,data/processed/train/genuine/original_5_18.png,0,random_forgery,1,5
data/processed/train/genuine/original_7_14.png,data/processed/train/genuine/original_7_16.png,1,genuine_genuine,7,7
data/processed/train/genuine/original_15_5.png,data/processed/train/genuine/original_27_23.png,0,random_forgery,15,27
data/processed/train/genuine/original_21_7.png,data/processed/train/genuine/original_21_8.png,1,genuine_genuine,21,21
data/processed/train/genuine/original_8_19.png,data/processed/train/genuine/original_8_3.png,1,genuine_genuine,8,8
data/processed/train/genuine/original_29_10.png,data/processed/train/forged/forgeries_29_21.png,0,skilled_forgery,29,29
data/processed/train/genuine/original_1_10.png,data/processed/train/forged/forgeries_1_1.png,0,skilled_forgery,1,1
data/processed/train/genuine/original_5_14.png,data/processed/train/forged/forgeries_5_4.png,0,skilled_forgery,5,5
data/processed/train/genuine/original_12_12.png,data/processed/train/forged/forgeries_12_6.png,0,skilled_forgery,12,12
data/processed/train/genuine/original_23_14.png,data/processed/train/genuine/original_23_9.png,1,genuine_genuine,23,23
data/processed/train/genuine/original_9_1.png,data/processed/train/forged/forgeries_9_1.png,0,skilled_forgery,9,9
data/processed/train/genuine/original_13_6.png,data/processed/train/forged/forgeries_13_2.png,0,skilled_forgery,13,13
data/processed/train/genuine/original_9_15.png,data/processed/train/genuine/original_9_16.png,1,genuine_genuine,9,9
data/processed/train/genuine/original_5_1.png,data/processed/train/genuine/original_5_11.png,1,genuine_genuine,5,5
data/processed/train/genuine/original_15_3.png,data/processed/train/genuine/original_28_17.png,0,random_forgery,15,28
data/processed/train/genuine/original_18_21.png,data/processed/train/forged/forgeries_18_19.png,0,skilled_forgery,18,18
data/processed/train/genuine/original_8_3.png,data/processed/train/genuine/original_1_16.png,0,random_forgery,8,1
data/processed/train/genuine/original_24_15.png,data/processed/train/genuine/original_24_4.png,1,genuine_genuine,24,24
data/processed/train/genuine/original_8_11.png,data/processed/train/forged/forgeries_8_1.png,0,skilled_forgery,8,8
data/processed/train/genuine/original_34_15.png,data/processed/train/genuine/original_34_9.png,1,genuine_genuine,34,34
data/processed/train/genuine/original_18_15.png,data/processed/train/genuine/original_5_14.png,0,random_forgery,18,5
data/processed/train/genuine/original_10_14.png,data/processed/train/genuine/original_10_23.png,1,genuine_genuine,10,10
data/processed/train/genuine/original_27_5.png,data/processed/train/genuine/original_18_24.png,0,random_forgery,27,18
data/processed/train/genuine/original_8_21.png,data/processed/train/forged/forgeries_8_18.png,0,skilled_forgery,8,8
data/processed/train/genuine/original_27_16.png,data/processed/train/genuine/original_11_11.png,0,random_forgery,27,11
data/processed/train/genuine/original_33_14.png,data/processed/train/genuine/original_33_16.png,1,genuine_genuine,33,33
data/processed/train/genuine/original_4_22.png,data/processed/train/genuine/original_17_2.png,0,random_forgery,4,17
data/processed/train/genuine/original_27_1.png,data/processed/train/genuine/original_9_17.png,0,random_forgery,27,9
data/processed/train/genuine/original_9_12.png,data/processed/train/genuine/original_9_19.png,1,genuine_genuine,9,9
data/processed/train/genuine/original_13_2.png,data/processed/train/genuine/original_15_15.png,0,random_forgery,13,15
data/processed/train/genuine/original_28_12.png,data/processed/train/genuine/original_28_19.png,1,genuine_genuine,28,28
data/processed/train/genuine/original_18_18.png,data/processed/train/genuine/original_33_17.png,0,random_forgery,18,33
data/processed/train/genuine/original_25_10.png,data/processed/train/genuine/original_25_4.png,1,genuine_genuine,25,25
data/processed/train/genuine/original_19_18.png,data/processed/train/genuine/original_23_3.png,0,random_forgery,19,23
data/processed/train/genuine/original_32_9.png,data/processed/train/genuine/original_18_4.png,0,random_forgery,32,18
data/processed/train/genuine/original_21_11.png,data/processed/train/forged/forgeries_21_17.png,0,skilled_forgery,21,21
data/processed/train/genuine/original_19_1.png,data/processed/train/genuine/original_19_22.png,1,genuine_genuine,19,19
data/processed/train/genuine/original_28_10.png,data/processed/train/genuine/original_15_13.png,0,random_forgery,28,15
data/processed/train/genuine/original_25_3.png,data/processed/train/genuine/original_8_10.png,0,random_forgery,25,8
data/processed/train/genuine/original_30_19.png,data/processed/train/genuine/original_30_6.png,1,genuine_genuine,30,30
data/processed/train/genuine/original_25_13.png,data/processed/train/genuine/original_25_14.png,1,genuine_genuine,25,25
data/processed/train/genuine/original_16_13.png,data/processed/train/genuine/original_16_2.png,1,genuine_genuine,16,16
data/processed/train/genuine/original_8_13.png,data/processed/train/genuine/original_8_20.png,1,genuine_genuine,8,8
data/processed/train/genuine/original_31_21.png,data/processed/train/forged/forgeries_31_10.png,0,skilled_forgery,31,31
data/processed/train/genuine/original_23_7.png,data/processed/train/genuine/original_23_8.png,1,genuine_genuine,23,23
data/processed/train/genuine/original_7_2.png,data/processed/train/genuine/original_7_9.png,1,genuine_genuine,7,7
data/processed/train/genuine/original_28_15.png,data/processed/train/genuine/original_19_13.png,0,random_forgery,28,19
data/processed/train/genuine/original_15_12.png,data/processed/train/genuine/original_13_17.png,0,random_forgery,15,13
data/processed/train/genuine/original_29_15.png,data/processed/train/forged/forgeries_29_20.png,0,skilled_forgery,29,29
data/processed/train/genuine/original_27_15.png,data/processed/train/forged/forgeries_27_2.png,0,skilled_forgery,27,27
data/processed/train/genuine/original_2_24.png,data/processed/train/genuine/original_6_3.png,0,random_forgery,2,6
data/processed/train/genuine/original_15_15.png,data/processed/train/genuine/original_15_17.png,1,genuine_genuine,15,15
data/processed/train/genuine/original_30_11.png,data/processed/train/forged/forgeries_30_12.png,0,skilled_forgery,30,30
data/processed/train/genuine/original_11_14.png,data/processed/train/forged/forgeries_11_4.png,0,skilled_forgery,11,11
data/processed/train/genuine/original_8_16.png,data/processed/train/genuine/original_34_22.png,0,random_forgery,8,34
data/processed/train/genuine/original_2_22.png,data/processed/train/genuine/original_30_18.png,0,random_forgery,2,30
data/processed/train/genuine/original_9_10.png,data/processed/train/genuine/original_9_19.png,1,genuine_genuine,9,9
data/processed/train/genuine/original_14_14.png,data/processed/train/forged/forgeries_14_18.png,0,skilled_forgery,14,14
data/processed/train/genuine/original_33_12.png,data/processed/train/genuine/original_33_16.png,1,genuine_genuine,33,33
data/processed/train/genuine/original_28_1.png,data/processed/train/genuine/original_28_15.png,1,genuine_genuine,28,28
data/processed/train/genuine/original_18_13.png,data/processed/train/genuine/original_5_4.png,0,random_forgery,18,5
data/processed/train/genuine/original_15_17.png,data/processed/train/forged/forgeries_15_18.png,0,skilled_forgery,15,15
data/processed/train/genuine/original_11_11.png,data/processed/train/genuine/original_11_2.png,1,genuine_genuine,11,11
data/processed/train/genuine/original_34_17.png,data/processed/train/genuine/original_13_14.png,0,random_forgery,34,13
data/processed/train/genuine/original_16_11.png,data/processed/train/forged/forgeries_16_18.png,0,skilled_forgery,16,16
data/processed/train/genuine/original_20_23.png,data/processed/train/genuine/original_16_1.png,0,random_forgery,20,16
data/processed/train/genuine/original_26_23.png,data/processed/train/forged/forgeries_26_3.png,0,skilled_forgery,26,26
data/processed/train/genuine/original_27_5.png,data/processed/train/genuine/original_27_6.png,1,genuine_genuine,27,27
data/processed/train/genuine/original_27_8.png,data/processed/train/genuine/original_4_8.png,0,random_forgery,27,4
data/processed/train/genuine/original_5_4.png,data/processed/train/genuine/original_5_8.png,1,genuine_genuine,5,5
data/processed/train/genuine/original_21_9.png,data/processed/train/genuine/original_11_14.png,0,random_forgery,21,11
data/processed/train/genuine/original_18_21.png,data/processed/train/genuine/original_14_17.png,0,random_forgery,18,14
data/processed/train/genuine/original_9_10.png,data/processed/train/genuine/original_9_17.png,1,genuine_genuine,9,9
data/processed/train/genuine/original_19_12.png,data/processed/train/forged/forgeries_19_7.png,0,skilled_forgery,19,19
data/processed/train/genuine/original_6_24.png,data/processed/train/genuine/original_6_6.png,1,genuine_genuine,6,6
data/processed/train/genuine/original_11_18.png,data/processed/train/genuine/original_11_2.png,1,genuine_genuine,11,11
data/processed/train/genuine/original_30_15.png,data/processed/train/genuine/original_30_17.png,1,genuine_genuine,30,30
data/processed/train/genuine/original_12_13.png,data/processed/train/genuine/original_12_9.png,1,genuine_genuine,12,12
data/processed/train/genuine/original_22_3.png,data/processed/train/genuine/original_22_8.png,1,genuine_genuine,22,22
data/processed/train/genuine/original_20_10.png,data/processed/train/forged/forgeries_20_6.png,0,skilled_forgery,20,20
data/processed/train/genuine/original_18_18.png,data/processed/train/genuine/original_18_20.png,1,genuine_genuine,18,18
data/processed/train/genuine/original_6_11.png,data/processed/train/forged/forgeries_6_7.png,0,skilled_forgery,6,6
data/processed/train/genuine/original_17_1.png,data/processed/train/genuine/original_17_10.png,1,genuine_genuine,17,17
data/processed/train/genuine/original_32_13.png,data/processed/train/forged/forgeries_32_2.png,0,skilled_forgery,32,32
data/processed/train/genuine/original_3_18.png,data/processed/train/forged/forgeries_3_14.png,0,skilled_forgery,3,3
data/processed/train/genuine/original_5_14.png,data/processed/train/genuine/original_5_6.png,1,genuine_genuine,5,5
data/processed/train/genuine/original_2_15.png,data/processed/train/genuine/original_2_6.png,1,genuine_genuine,2,2
data/processed/train/genuine/original_2_17.png,data/processed/train/genuine/original_2_18.png,1,genuine_genuine,2,2
data/processed/train/genuine/original_15_17.png,data/processed/train/genuine/original_21_22.png,0,random_forgery,15,21
data/processed/train/genuine/original_35_8.png,data/processed/train/genuine/original_1_5.png,0,random_forgery,35,1
data/processed/train/genuine/original_24_13.png,data/processed/train/genuine/original_24_5.png,1,genuine_genuine,24,24
data/processed/train/genuine/original_29_21.png,data/processed/train/genuine/original_6_18.png,0,random_forgery,29,6
data/processed/train/genuine/original_16_14.png,data/processed/train/forged/forgeries_16_19.png,0,skilled_forgery,16,16
data/processed/train/genuine/original_33_13.png,data/processed/train/genuine/original_30_2.png,0,random_forgery,33,30
data/processed/train/genuine/original_5_12.png,data/processed/train/forged/forgeries_5_1.png,0,skilled_forgery,5,5
data/processed/train/genuine/original_23_17.png,data/processed/train/genuine/original_23_20.png,1,genuine_genuine,23,23
data/processed/train/genuine/original_1_6.png,data/processed/train/genuine/original_16_13.png,0,random_forgery,1,16
data/processed/train/genuine/original_21_20.png,data/processed/train/genuine/original_14_2.png,0,random_forgery,21,14
data/processed/train/genuine/original_21_13.png,data/processed/train/forged/forgeries_21_15.png,0,skilled_forgery,21,21
data/processed/train/genuine/original_3_3.png,data/processed/train/forged/forgeries_3_8.png,0,skilled_forgery,3,3
data/processed/train/genuine/original_1_11.png,data/processed/train/genuine/original_1_9.png,1,genuine_genuine,1,1
data/processed/train/genuine/original_33_21.png,data/processed/train/genuine/original_13_6.png,0,random_forgery,33,13
data/processed/train/genuine/original_30_18.png,data/processed/train/genuine/original_31_17.png,0,random_forgery,30,31
data/processed/train/genuine/original_22_1.png,data/processed/train/genuine/original_22_10.png,1,genuine_genuine,22,22
data/processed/train/genuine/original_28_14.png,data/processed/train/genuine/original_28_21.png,1,genuine_genuine,28,28
data/processed/train/genuine/original_28_15.png,data/processed/train/forged/forgeries_28_17.png,0,skilled_forgery,28,28
data/processed/train/genuine/original_17_19.png,data/processed/train/genuine/original_17_7.png,1,genuine_genuine,17,17
data/processed/train/genuine/original_7_10.png,data/processed/train/genuine/original_7_22.png,1,genuine_genuine,7,7
data/processed/train/genuine/original_18_3.png,data/processed/train/forged/forgeries_18_20.png,0,skilled_forgery,18,18
data/processed/train/genuine/original_29_22.png,data/processed/train/genuine/original_29_3.png,1,genuine_genuine,29,29
data/processed/train/genuine/original_15_24.png,data/processed/train/forged/forgeries_15_10.png,0,skilled_forgery,15,15
data/processed/train/genuine/original_1_17.png,data/processed/train/genuine/original_27_24.png,0,random_forgery,1,27
data/processed/train/genuine/original_22_14.png,data/processed/train/genuine/original_22_19.png,1,genuine_genuine,22,22
data/processed/train/genuine/original_22_21.png,data/processed/train/genuine/original_22_22.png,1,genuine_genuine,22,22
data/processed/train/genuine/original_8_3.png,data/processed/train/forged/forgeries_8_13.png,0,skilled_forgery,8,8
data/processed/train/genuine/original_8_1.png,data/processed/train/genuine/original_8_6.png,1,genuine_genuine,8,8
data/processed/train/genuine/original_26_5.png,data/processed/train/genuine/original_26_9.png,1,genuine_genuine,26,26
data/processed/train/genuine/original_9_11.png,data/processed/train/genuine/original_9_19.png,1,genuine_genuine,9,9
data/processed/train/genuine/original_22_23.png,data/processed/train/genuine/original_11_20.png,0,random_forgery,22,11
data/processed/train/genuine/original_19_18.png,data/processed/train/genuine/original_19_20.png,1,genuine_genuine,19,19
data/processed/train/genuine/original_9_22.png,data/processed/train/genuine/original_25_13.png,0,random_forgery,9,25
data/processed/train/genuine/original_15_11.png,data/processed/train/genuine/original_15_22.png,1,genuine_genuine,15,15
data/processed/train/genuine/original_31_18.png,data/processed/train/genuine/original_31_19.png,1,genuine_genuine,31,31
data/processed/train/genuine/original_31_14.png,data/processed/train/genuine/original_31_3.png,1,genuine_genuine,31,31
data/processed/train/genuine/original_24_21.png,data/processed/train/genuine/original_24_8.png,1,genuine_genuine,24,24
data/processed/train/genuine/original_2_2.png,data/processed/train/genuine/original_7_16.png,0,random_forgery,2,7
data/processed/train/genuine/original_26_10.png,data/processed/train/genuine/original_26_21.png,1,genuine_genuine,26,26
data/processed/train/genuine/original_13_15.png,data/processed/train/genuine/original_13_24.png,1,genuine_genuine,13,13
data/processed/train/genuine/original_3_18.png,data/processed/train/forged/forgeries_3_1.png,0,skilled_forgery,3,3
data/processed/train/genuine/original_15_10.png,data/processed/train/genuine/original_16_23.png,0,random_forgery,15,16
data/processed/train/genuine/original_21_3.png,data/processed/train/forged/forgeries_21_3.png,0,skilled_forgery,21,21
data/processed/train/genuine/original_28_2.png,data/processed/train/genuine/original_28_4.png,1,genuine_genuine,28,28
data/processed/train/genuine/original_35_16.png,data/processed/train/forged/forgeries_35_24.png,0,skilled_forgery,35,35
data/processed/train/genuine/original_24_23.png,data/processed/train/forged/forgeries_24_6.png,0,skilled_forgery,24,24
data/processed/train/genuine/original_29_21.png,data/processed/train/genuine/original_29_4.png,1,genuine_genuine,29,29
data/processed/train/genuine/original_24_19.png,data/processed/train/genuine/original_24_20.png,1,genuine_genuine,24,24
data/processed/train/genuine/original_4_21.png,data/processed/train/genuine/original_22_12.png,0,random_forgery,4,22
data/processed/train/genuine/original_13_11.png,data/processed/train/genuine/original_7_12.png,0,random_forgery,13,7
data/processed/train/genuine/original_6_16.png,data/processed/train/genuine/original_6_6.png,1,genuine_genuine,6,6
data/processed/train/genuine/original_8_1.png,data/processed/train/genuine/original_8_22.png,1,genuine_genuine,8,8
data/processed/train/genuine/original_12_9.png,data/processed/train/genuine/original_5_16.png,0,random_forgery,12,5
data/processed/train/genuine/original_12_12.png,data/processed/train/genuine/original_12_17.png,1,genuine_genuine,12,12
data/processed/train/genuine/original_9_16.png,data/processed/train/genuine/original_2_18.png,0,random_forgery,9,2
data/processed/train/genuine/original_12_18.png,data/processed/train/genuine/original_12_6.png,1,genuine_genuine,12,12
data/processed/train/genuine/original_5_7.png,data/processed/train/genuine/original_16_19.png,0,random_forgery,5,16
data/processed/train/genuine/original_6_23.png,data/processed/train/forged/forgeries_6_18.png,0,skilled_forgery,6,6
data/processed/train/genuine/original_30_11.png,data/processed/train/forged/forgeries_30_19.png,0,skilled_forgery,30,30
data/processed/train/genuine/original_28_13.png,data/processed/train/genuine/original_28_8.png,1,genuine_genuine,28,28
data/processed/train/genuine/original_31_1.png,data/processed/train/forged/forgeries_31_15.png,0,skilled_forgery,31,31
data/processed/train/genuine/original_3_12.png,data/processed/train/forged/forgeries_3_1.png,0,skilled_forgery,3,3
data/processed/train/genuine/original_25_15.png,data/processed/train/genuine/original_25_6.png,1,genuine_genuine,25,25
data/processed/train/genuine/original_19_21.png,data/processed/train/genuine/original_19_22.png,1,genuine_genuine,19,19
data/processed/train/genuine/original_4_20.png,data/processed/train/genuine/original_2_22.png,0,random_forgery,4,2
data/processed/train/genuine/original_29_1.png,data/processed/train/forged/forgeries_29_18.png,0,skilled_forgery,29,29
data/processed/train/genuine/original_34_5.png,data/processed/train/genuine/original_28_8.png,0,random_forgery,34,28
data/processed/train/genuine/original_21_2.png,data/processed/train/genuine/original_21_3.png,1,genuine_genuine,21,21
data/processed/train/genuine/original_33_19.png,data/processed/train/genuine/original_33_2.png,1,genuine_genuine,33,33
data/processed/train/genuine/original_23_9.png,data/processed/train/genuine/original_9_5.png,0,random_forgery,23,9
data/processed/train/genuine/original_25_19.png,data/processed/train/genuine/original_25_23.png,1,genuine_genuine,25,25
data/processed/train/genuine/original_35_12.png,data/processed/train/forged/forgeries_35_24.png,0,skilled_forgery,35,35
data/processed/train/genuine/original_26_2.png,data/processed/train/genuine/original_26_9.png,1,genuine_genuine,26,26
data/processed/train/genuine/original_30_13.png,data/processed/train/genuine/original_30_18.png,1,genuine_genuine,30,30
data/processed/train/genuine/original_1_1.png,data/processed/train/genuine/original_1_19.png,1,genuine_genuine,1,1
data/processed/train/genuine/original_30_2.png,data/processed/train/forged/forgeries_30_22.png,0,skilled_forgery,30,30
data/processed/train/genuine/original_14_17.png,data/processed/train/genuine/original_14_20.png,1,genuine_genuine,14,14
data/processed/train/genuine/original_33_11.png,data/processed/train/forged/forgeries_33_18.png,0,skilled_forgery,33,33
data/processed/train/genuine/original_24_6.png,data/processed/train/genuine/original_25_1.png,0,random_forgery,24,25
data/processed/train/genuine/original_5_10.png,data/processed/train/genuine/original_5_17.png,1,genuine_genuine,5,5
data/processed/train/genuine/original_18_20.png,data/processed/train/genuine/original_18_23.png,1,genuine_genuine,18,18
data/processed/train/genuine/original_4_19.png,data/processed/train/genuine/original_4_21.png,1,genuine_genuine,4,4
data/processed/train/genuine/original_12_19.png,data/processed/train/genuine/original_12_20.png,1,genuine_genuine,12,12
data/processed/train/genuine/original_22_14.png,data/processed/train/genuine/original_14_8.png,0,random_forgery,22,14
data/processed/train/genuine/original_31_7.png,data/processed/train/genuine/original_32_4.png,0,random_forgery,31,32
data/processed/train/genuine/original_2_22.png,data/processed/train/forged/forgeries_2_16.png,0,skilled_forgery,2,2
data/processed/train/genuine/original_25_2.png,data/processed/train/genuine/original_25_24.png,1,genuine_genuine,25,25
data/processed/train/genuine/original_19_1.png,data/processed/train/genuine/original_19_20.png,1,genuine_genuine,19,19
data/processed/train/genuine/original_29_4.png,data/processed/train/forged/forgeries_29_11.png,0,skilled_forgery,29,29
data/processed/train/genuine/original_28_6.png,data/processed/train/forged/forgeries_28_1.png,0,skilled_forgery,28,28
data/processed/train/genuine/original_8_1.png,data/processed/train/forged/forgeries_8_20.png,0,skilled_forgery,8,8
data/processed/train/genuine/original_33_9.png,data/processed/train/genuine/original_15_19.png,0,random_forgery,33,15
data/processed/train/genuine/original_6_22.png,data/processed/train/genuine/original_6_9.png,1,genuine_genuine,6,6
data/processed/train/genuine/original_30_10.png,data/processed/train/genuine/original_30_11.png,1,genuine_genuine,30,30
data/processed/train/genuine/original_27_11.png,data/processed/train/forged/forgeries_27_5.png,0,skilled_forgery,27,27
data/processed/train/genuine/original_19_19.png,data/processed/train/genuine/original_19_8.png,1,genuine_genuine,19,19
data/processed/train/genuine/original_6_22.png,data/processed/train/forged/forgeries_6_1.png,0,skilled_forgery,6,6
data/processed/train/genuine/original_19_3.png,data/processed/train/forged/forgeries_19_15.png,0,skilled_forgery,19,19
data/processed/train/genuine/original_27_17.png,data/processed/train/genuine/original_3_11.png,0,random_forgery,27,3
data/processed/train/genuine/original_17_24.png,data/processed/train/genuine/original_17_4.png,1,genuine_genuine,17,17
data/processed/train/genuine/original_13_12.png,data/processed/train/genuine/original_13_8.png,1,genuine_genuine,13,13
data/processed/train/genuine/original_6_4.png,data/processed/train/forged/forgeries_6_21.png,0,skilled_forgery,6,6
data/processed/train/genuine/original_16_19.png,data/processed/train/genuine/original_16_4.png,1,genuine_genuine,16,16
data/processed/train/genuine/original_35_17.png,data/processed/train/genuine/original_35_23.png,1,genuine_genuine,35,35
data/processed/train/genuine/original_9_15.png,data/processed/train/genuine/original_9_22.png,1,genuine_genuine,9,9
data/processed/train/genuine/original_35_11.png,data/processed/train/genuine/original_35_2.png,1,genuine_genuine,35,35
data/processed/train/genuine/original_11_4.png,data/processed/train/forged/forgeries_11_24.png,0,skilled_forgery,11,11
data/processed/train/genuine/original_8_13.png,data/processed/train/genuine/original_8_8.png,1,genuine_genuine,8,8
data/processed/train/genuine/original_33_22.png,data/processed/train/forged/forgeries_33_6.png,0,skilled_forgery,33,33
data/processed/train/genuine/original_29_1.png,data/processed/train/genuine/original_29_22.png,1,genuine_genuine,29,29
data/processed/train/genuine/original_13_22.png,data/processed/train/genuine/original_13_23.png,1,genuine_genuine,13,13
data/processed/train/genuine/original_32_6.png,data/processed/train/genuine/original_20_14.png,0,random_forgery,32,20
data/processed/train/genuine/original_32_11.png,data/processed/train/genuine/original_32_16.png,1,genuine_genuine,32,32
data/processed/train/genuine/original_26_7.png,data/processed/train/genuine/original_26_8.png,1,genuine_genuine,26,26
data/processed/train/genuine/original_26_18.png,data/processed/train/forged/forgeries_26_2.png,0,skilled_forgery,26,26
data/processed/train/genuine/original_28_11.png,data/processed/train/forged/forgeries_28_13.png,0,skilled_forgery,28,28
data/processed/train/genuine/original_1_18.png,data/processed/train/genuine/original_29_4.png,0,random_forgery,1,29
data/processed/train/genuine/original_28_6.png,data/processed/train/genuine/original_28_7.png,1,genuine_genuine,28,28
data/processed/train/genuine/original_16_1.png,data/processed/train/genuine/original_16_7.png,1,genuine_genuine,16,16
data/processed/train/genuine/original_9_19.png,data/processed/train/forged/forgeries_9_21.png,0,skilled_forgery,9,9
data/processed/train/genuine/original_18_1.png,data/processed/train/genuine/original_35_6.png,0,random_forgery,18,35
data/processed/train/genuine/original_24_15.png,data/processed/train/genuine/original_24_23.png,1,genuine_genuine,24,24
data/processed/train/genuine/original_16_10.png,data/processed/train/genuine/original_16_13.png,1,genuine_genuine,16,16
data/processed/train/genuine/original_4_23.png,data/processed/train/forged/forgeries_4_16.png,0,skilled_forgery,4,4
data/processed/train/genuine/original_14_18.png,data/processed/train/genuine/original_14_3.png,1,genuine_genuine,14,14
data/processed/train/genuine/original_16_11.png,data/processed/train/genuine/original_16_6.png,1,genuine_genuine,16,16
data/processed/train/genuine/original_11_20.png,data/processed/train/genuine/original_7_8.png,0,random_forgery,11,7
data/processed/train/genuine/original_28_14.png,data/processed/train/genuine/original_28_20.png,1,genuine_genuine,28,28
data/processed/train/genuine/original_1_24.png,data/processed/train/genuine/original_1_9.png,1,genuine_genuine,1,1
data/processed/train/genuine/original_26_17.png,data/processed/train/forged/forgeries_26_4.png,0,skilled_forgery,26,26
data/processed/train/genuine/original_25_10.png,data/processed/train/genuine/original_25_22.png,1,genuine_genuine,25,25
data/processed/train/genuine/original_22_10.png,data/processed/train/genuine/original_22_5.png,1,genuine_genuine,22,22
data/processed/train/genuine/original_20_11.png,data/processed/train/genuine/original_20_23.png,1,genuine_genuine,20,20
data/processed/train/genuine/original_16_7.png,data/processed/train/forged/forgeries_16_7.png,0,skilled_forgery,16,16
data/processed/train/genuine/original_17_21.png,data/processed/train/genuine/original_17_5.png,1,genuine_genuine,17,17
data/processed/train/genuine/original_11_17.png,data/processed/train/forged/forgeries_11_5.png,0,skilled_forgery,11,11
data/processed/train/genuine/original_15_13.png,data/processed/train/genuine/original_15_20.png,1,genuine_genuine,15,15
data/processed/train/genuine/original_6_14.png,data/processed/train/forged/forgeries_6_4.png,0,skilled_forgery,6,6
data/processed/train/genuine/original_5_13.png,data/processed/train/genuine/original_5_17.png,1,genuine_genuine,5,5
data/processed/train/genuine/original_2_1.png,data/processed/train/genuine/original_2_12.png,1,genuine_genuine,2,2
data/processed/train/genuine/original_6_3.png,data/processed/train/genuine/original_18_4.png,0,random_forgery,6,18
data/processed/train/genuine/original_24_7.png,data/processed/train/forged/forgeries_24_22.png,0,skilled_forgery,24,24
data/processed/train/genuine/original_5_1.png,data/processed/train/forged/forgeries_5_16.png,0,skilled_forgery,5,5
data/processed/train/genuine/original_22_12.png,data/processed/train/genuine/original_22_7.png,1,genuine_genuine,22,22
data/processed/train/genuine/original_11_14.png,data/processed/train/genuine/original_11_6.png,1,genuine_genuine,11,11
data/processed/train/genuine/original_13_19.png,data/processed/train/genuine/original_29_18.png,0,random_forgery,13,29
data/processed/train/genuine/original_30_21.png,data/processed/train/forged/forgeries_30_11.png,0,skilled_forgery,30,30
data/processed/train/genuine/original_2_6.png,data/processed/train/genuine/original_3_24.png,0,random_forgery,2,3
data/processed/train/genuine/original_27_13.png,data/processed/train/genuine/original_27_4.png,1,genuine_genuine,27,27
data/processed/train/genuine/original_9_10.png,data/processed/train/genuine/original_9_12.png,1,genuine_genuine,9,9
data/processed/train/genuine/original_9_19.png,data/processed/train/genuine/original_9_8.png,1,genuine_genuine,9,9
data/processed/train/genuine/original_15_20.png,data/processed/train/genuine/original_15_5.png,1,genuine_genuine,15,15
data/processed/train/genuine/original_26_7.png,data/processed/train/genuine/original_11_4.png,0,random_forgery,26,11
data/processed/train/genuine/original_31_14.png,data/processed/train/genuine/original_25_20.png,0,random_forgery,31,25
data/processed/train/genuine/original_25_16.png,data/processed/train/genuine/original_27_4.png,0,random_forgery,25,27
data/processed/train/genuine/original_24_18.png,data/processed/train/genuine/original_24_3.png,1,genuine_genuine,24,24
data/processed/train/genuine/original_13_24.png,data/processed/train/forged/forgeries_13_9.png,0,skilled_forgery,13,13
data/processed/train/genuine/original_6_5.png,data/processed/train/genuine/original_6_8.png,1,genuine_genuine,6,6
data/processed/train/genuine/original_8_21.png,data/processed/train/forged/forgeries_8_2.png,0,skilled_forgery,8,8
data/processed/train/genuine/original_19_1.png,data/processed/train/genuine/original_19_10.png,1,genuine_genuine,19,19
data/processed/train/genuine/original_16_21.png,data/processed/train/genuine/original_25_7.png,0,random_forgery,16,25
data/processed/train/genuine/original_28_15.png,data/processed/train/genuine/original_28_5.png,1,genuine_genuine,28,28
data/processed/train/genuine/original_14_21.png,data/processed/train/genuine/original_14_6.png,1,genuine_genuine,14,14
data/processed/train/genuine/original_15_9.png,data/processed/train/forged/forgeries_15_17.png,0,skilled_forgery,15,15
data/processed/train/genuine/original_23_14.png,data/processed/train/genuine/original_23_17.png,1,genuine_genuine,23,23
data/processed/train/genuine/original_2_3.png,data/processed/train/genuine/original_2_8.png,1,genuine_genuine,2,2
data/processed/train/genuine/original_19_15.png,data/processed/train/genuine/original_2_7.png,0,random_forgery,19,2
data/processed/train/genuine/original_35_12.png,data/processed/train/genuine/original_35_19.png,1,genuine_genuine,35,35
data/processed/train/genuine/original_20_15.png,data/processed/train/genuine/original_26_3.png,0,random_forgery,20,26
data/processed/train/genuine/original_22_21.png,data/processed/train/forged/forgeries_22_6.png,0,skilled_forgery,22,22
data/processed/train/genuine/original_31_17.png,data/processed/train/genuine/original_31_2.png,1,genuine_genuine,31,31
data/processed/train/genuine/original_31_1.png,data/processed/train/genuine/original_31_10.png,1,genuine_genuine,31,31
data/processed/train/genuine/original_32_17.png,data/processed/train/genuine/original_32_23.png,1,genuine_genuine,32,32
data/processed/train/genuine/original_9_20.png,data/processed/train/genuine/original_9_6.png,1,genuine_genuine,9,9
data/processed/train/genuine/original_30_12.png,data/processed/train/forged/forgeries_30_19.png,0,skilled_forgery,30,30
data/processed/train/genuine/original_23_6.png,data/processed/train/genuine/original_23_8.png,1,genuine_genuine,23,23
data/processed/train/genuine/original_6_12.png,data/processed/train/genuine/original_16_9.png,0,random_forgery,6,16
data/processed/train/genuine/original_23_20.png,data/processed/train/genuine/original_23_3.png,1,genuine_genuine,23,23
data/processed/train/genuine/original_8_7.png,data/processed/train/genuine/original_12_10.png,0,random_forgery,8,12
data/processed/train/genuine/original_12_23.png,data/processed/train/genuine/original_12_7.png,1,genuine_genuine,12,12
data/processed/train/genuine/original_11_15.png,data/processed/train/genuine/original_11_9.png,1,genuine_genuine,11,11
data/processed/train/genuine/original_29_13.png,data/processed/train/genuine/original_29_9.png,1,genuine_genuine,29,29
data/processed/train/genuine/original_13_10.png,data/processed/train/genuine/original_13_5.png,1,genuine_genuine,13,13
data/processed/train/genuine/original_28_12.png,data/processed/train/genuine/original_28_16.png,1,genuine_genuine,28,28
data/processed/train/genuine/original_1_5.png,data/processed/train/genuine/original_5_9.png,0,random_forgery,1,5
data/processed/train/genuine/original_8_8.png,data/processed/train/genuine/original_32_13.png,0,random_forgery,8,32
data/processed/train/genuine/original_3_5.png,data/processed/train/genuine/original_3_9.png,1,genuine_genuine,3,3
data/processed/train/genuine/original_22_19.png,data/processed/train/genuine/original_22_5.png,1,genuine_genuine,22,22
data/processed/train/genuine/original_2_3.png,data/processed/train/genuine/original_2_7.png,1,genuine_genuine,2,2
data/processed/train/genuine/original_35_5.png,data/processed/train/genuine/original_21_17.png,0,random_forgery,35,21
data/processed/train/genuine/original_5_12.png,data/processed/train/genuine/original_2_20.png,0,random_forgery,5,2
data/processed/train/genuine/original_26_24.png,data/processed/train/forged/forgeries_26_5.png,0,skilled_forgery,26,26
data/processed/train/genuine/original_12_12.png,data/processed/train/forged/forgeries_12_16.png,0,skilled_forgery,12,12
data/processed/train/genuine/original_18_12.png,data/processed/train/genuine/original_18_20.png,1,genuine_genuine,18,18
data/processed/train/genuine/original_20_22.png,data/processed/train/genuine/original_20_8.png,1,genuine_genuine,20,20
data/processed/train/genuine/original_5_23.png,data/processed/train/genuine/original_5_4.png,1,genuine_genuine,5,5
data/processed/train/genuine/original_23_14.png,data/processed/train/genuine/original_23_24.png,1,genuine_genuine,23,23
data/processed/train/genuine/original_6_11.png,data/processed/train/genuine/original_6_24.png,1,genuine_genuine,6,6
data/processed/train/genuine/original_4_19.png,data/processed/train/forged/forgeries_4_5.png,0,skilled_forgery,4,4
data/processed/train/genuine/original_27_23.png,data/processed/train/genuine/original_34_15.png,0,random_forgery,27,34
data/processed/train/genuine/original_3_14.png,data/processed/train/forged/forgeries_3_7.png,0,skilled_forgery,3,3
data/processed/train/genuine/original_32_10.png,data/processed/train/genuine/original_32_18.png,1,genuine_genuine,32,32
data/processed/train/genuine/original_29_24.png,data/processed/train/genuine/original_13_20.png,0,random_forgery,29,13
data/processed/train/genuine/original_28_18.png,data/processed/train/forged/forgeries_28_23.png,0,skilled_forgery,28,28
data/processed/train/genuine/original_29_15.png,data/processed/train/forged/forgeries_29_11.png,0,skilled_forgery,29,29
data/processed/train/genuine/original_19_18.png,data/processed/train/forged/forgeries_19_11.png,0,skilled_forgery,19,19
data/processed/train/genuine/original_3_15.png,data/processed/train/genuine/original_3_4.png,1,genuine_genuine,3,3
data/processed/train/genuine/original_22_10.png,data/processed/train/genuine/original_22_22.png,1,genuine_genuine,22,22
data/processed/train/genuine/original_21_2.png,data/processed/train/genuine/original_21_22.png,1,genuine_genuine,21,21
data/processed/train/genuine/original_19_15.png,data/processed/train/genuine/original_20_7.png,0,random_forgery,19,20
data/processed/train/genuine/original_21_15.png,data/processed/train/genuine/original_21_23.png,1,genuine_genuine,21,21
data/processed/train/genuine/original_26_12.png,data/processed/train/genuine/original_10_7.png,0,random_forgery,26,10
data/processed/train/genuine/original_34_7.png,data/processed/train/genuine/original_2_14.png,0,random_forgery,34,2
data/processed/train/genuine/original_15_20.png,data/processed/train/genuine/original_15_9.png,1,genuine_genuine,15,15
data/processed/train/genuine/original_29_13.png,data/processed/train/genuine/original_29_17.png,1,genuine_genuine,29,29
data/processed/train/genuine/original_3_14.png,data/processed/train/genuine/original_3_4.png,1,genuine_genuine,3,3
data/processed/train/genuine/original_7_15.png,data/processed/train/genuine/original_7_7.png,1,genuine_genuine,7,7
data/processed/train/genuine/original_29_18.png,data/processed/train/genuine/original_29_22.png,1,genuine_genuine,29,29
data/processed/train/genuine/original_23_21.png,data/processed/train/forged/forgeries_23_10.png,0,skilled_forgery,23,23
data/processed/train/genuine/original_3_16.png,data/processed/train/genuine/original_3_23.png,1,genuine_genuine,3,3
data/processed/train/genuine/original_18_14.png,data/processed/train/genuine/original_18_18.png,1,genuine_genuine,18,18
data/processed/train/genuine/original_8_1.png,data/processed/train/genuine/original_8_15.png,1,genuine_genuine,8,8
data/processed/train/genuine/original_21_14.png,data/processed/train/genuine/original_21_4.png,1,genuine_genuine,21,21
data/processed/train/genuine/original_23_11.png,data/processed/train/genuine/original_23_21.png,1,genuine_genuine,23,23
data/processed/train/genuine/original_28_7.png,data/processed/train/genuine/original_1_9.png,0,random_forgery,28,1
data/processed/train/genuine/original_34_11.png,data/processed/train/genuine/original_34_6.png,1,genuine_genuine,34,34
data/processed/train/genuine/original_17_22.png,data/processed/train/forged/forgeries_17_6.png,0,skilled_forgery,17,17
data/processed/train/genuine/original_26_14.png,data/processed/train/genuine/original_23_22.png,0,random_forgery,26,23
data/processed/train/genuine/original_27_4.png,data/processed/train/genuine/original_28_10.png,0,random_forgery,27,28
data/processed/train/genuine/original_4_19.png,data/processed/train/genuine/original_1_1.png,0,random_forgery,4,1
data/processed/train/genuine/original_7_23.png,data/processed/train/forged/forgeries_7_17.png,0,skilled_forgery,7,7
data/processed/train/genuine/original_28_12.png,data/processed/train/genuine/original_11_20.png,0,random_forgery,28,11
data/processed/train/genuine/original_10_5.png,data/processed/train/forged/forgeries_10_22.png,0,skilled_forgery,10,10
data/processed/train/genuine/original_12_22.png,data/processed/train/genuine/original_12_8.png,1,genuine_genuine,12,12
data/processed/train/genuine/original_24_16.png,data/processed/train/genuine/original_24_5.png,1,genuine_genuine,24,24
data/processed/train/genuine/original_11_15.png,data/processed/train/genuine/original_17_11.png,0,random_forgery,11,17
data/processed/train/genuine/original_18_24.png,data/processed/train/genuine/original_18_4.png,1,genuine_genuine,18,18
data/processed/train/genuine/original_34_17.png,data/processed/train/genuine/original_2_14.png,0,random_forgery,34,2
data/processed/train/genuine/original_5_14.png,data/processed/train/forged/forgeries_5_8.png,0,skilled_forgery,5,5
data/processed/train/genuine/original_31_16.png,data/processed/train/genuine/original_10_4.png,0,random_forgery,31,10
data/processed/train/genuine/original_11_9.png,data/processed/train/genuine/original_12_14.png,0,random_forgery,11,12
data/processed/train/genuine/original_28_5.png,data/processed/train/forged/forgeries_28_6.png,0,skilled_forgery,28,28
data/processed/train/genuine/original_28_12.png,data/processed/train/genuine/original_33_3.png,0,random_forgery,28,33
data/processed/train/genuine/original_13_1.png,data/processed/train/genuine/original_13_6.png,1,genuine_genuine,13,13
data/processed/train/genuine/original_24_19.png,data/processed/train/forged/forgeries_24_3.png,0,skilled_forgery,24,24
data/processed/train/genuine/original_31_2.png,data/processed/train/genuine/original_31_7.png,1,genuine_genuine,31,31
data/processed/train/genuine/original_8_7.png,data/processed/train/genuine/original_8_9.png,1,genuine_genuine,8,8
data/processed/train/genuine/original_30_1.png,data/processed/train/genuine/original_30_11.png,1,genuine_genuine,30,30
data/processed/train/genuine/original_19_13.png,data/processed/train/forged/forgeries_19_4.png,0,skilled_forgery,19,19
data/processed/train/genuine/original_24_22.png,data/processed/train/genuine/original_17_6.png,0,random_forgery,24,17
data/processed/train/genuine/original_1_2.png,data/processed/train/genuine/original_1_23.png,1,genuine_genuine,1,1
data/processed/train/genuine/original_12_20.png,data/processed/train/genuine/original_13_2.png,0,random_forgery,12,13
data/processed/train/genuine/original_10_13.png,data/processed/train/genuine/original_7_8.png,0,random_forgery,10,7
data/processed/train/genuine/original_32_10.png,data/processed/train/genuine/original_32_6.png,1,genuine_genuine,32,32
data/processed/train/genuine/original_34_7.png,data/processed/train/genuine/original_3_13.png,0,random_forgery,34,3
data/processed/train/genuine/original_23_10.png,data/processed/train/genuine/original_23_11.png,1,genuine_genuine,23,23
data/processed/train/genuine/original_25_21.png,data/processed/train/forged/forgeries_25_3.png,0,skilled_forgery,25,25
data/processed/train/genuine/original_33_20.png,data/processed/train/genuine/original_33_9.png,1,genuine_genuine,33,33
data/processed/train/genuine/original_16_11.png,data/processed/train/genuine/original_34_5.png,0,random_forgery,16,34
data/processed/train/genuine/original_29_11.png,data/processed/train/genuine/original_29_16.png,1,genuine_genuine,29,29
data/processed/train/genuine/original_19_11.png,data/processed/train/genuine/original_19_13.png,1,genuine_genuine,19,19
data/processed/train/genuine/original_27_11.png,data/processed/train/genuine/original_27_22.png,1,genuine_genuine,27,27
data/processed/train/genuine/original_23_12.png,data/processed/train/forged/forgeries_23_16.png,0,skilled_forgery,23,23
data/processed/train/genuine/original_25_14.png,data/processed/train/genuine/original_25_5.png,1,genuine_genuine,25,25
data/processed/train/genuine/original_27_23.png,data/processed/train/forged/forgeries_27_10.png,0,skilled_forgery,27,27
data/processed/train/genuine/original_15_1.png,data/processed/train/genuine/original_15_8.png,1,genuine_genuine,15,15
data/processed/train/genuine/original_12_18.png,data/processed/train/forged/forgeries_12_14.png,0,skilled_forgery,12,12
data/processed/train/genuine/original_6_3.png,data/processed/train/genuine/original_35_9.png,0,random_forgery,6,35
data/processed/train/genuine/original_14_12.png,data/processed/train/genuine/original_14_21.png,1,genuine_genuine,14,14
data/processed/train/genuine/original_13_18.png,data/processed/train/genuine/original_26_7.png,0,random_forgery,13,26
data/processed/train/genuine/original_28_3.png,data/processed/train/genuine/original_27_12.png,0,random_forgery,28,27
data/processed/train/genuine/original_14_13.png,data/processed/train/genuine/original_14_18.png,1,genuine_genuine,14,14
data/processed/train/genuine/original_20_2.png,data/processed/train/genuine/original_20_24.png,1,genuine_genuine,20,20
data/processed/train/genuine/original_21_16.png,data/processed/train/genuine/original_23_23.png,0,random_forgery,21,23
data/processed/train/genuine/original_3_17.png,data/processed/train/forged/forgeries_3_16.png,0,skilled_forgery,3,3
data/processed/train/genuine/original_13_6.png,data/processed/train/forged/forgeries_13_20.png,0,skilled_forgery,13,13
data/processed/train/genuine/original_35_24.png,data/processed/train/genuine/original_35_3.png,1,genuine_genuine,35,35
data/processed/train/genuine/original_20_16.png,data/processed/train/genuine/original_20_2.png,1,genuine_genuine,20,20
data/processed/train/genuine/original_20_11.png,data/processed/train/forged/forgeries_20_5.png,0,skilled_forgery,20,20
data/processed/train/genuine/original_17_21.png,data/processed/train/genuine/original_17_22.png,1,genuine_genuine,17,17
data/processed/train/genuine/original_13_3.png,data/processed/train/genuine/original_13_9.png,1,genuine_genuine,13,13
data/processed/train/genuine/original_34_18.png,data/processed/train/genuine/original_7_15.png,0,random_forgery,34,7
data/processed/train/genuine/original_25_24.png,data/processed/train/forged/forgeries_25_14.png,0,skilled_forgery,25,25
data/processed/train/genuine/original_32_21.png,data/processed/train/genuine/original_27_12.png,0,random_forgery,32,27
data/processed/train/genuine/original_13_16.png,data/processed/train/genuine/original_13_3.png,1,genuine_genuine,13,13
data/processed/train/genuine/original_15_3.png,data/processed/train/forged/forgeries_15_8.png,0,skilled_forgery,15,15
data/processed/train/genuine/original_15_19.png,data/processed/train/genuine/original_25_21.png,0,random_forgery,15,25
data/processed/train/genuine/original_17_14.png,data/processed/train/genuine/original_17_5.png,1,genuine_genuine,17,17
data/processed/train/genuine/original_27_13.png,data/processed/train/forged/forgeries_27_18.png,0,skilled_forgery,27,27
data/processed/train/genuine/original_18_16.png,data/processed/train/genuine/original_18_6.png,1,genuine_genuine,18,18
data/processed/train/genuine/original_21_1.png,data/processed/train/genuine/original_21_9.png,1,genuine_genuine,21,21
data/processed/train/genuine/original_4_15.png,data/processed/train/genuine/original_4_22.png,1,genuine_genuine,4,4
data/processed/train/genuine/original_21_15.png,data/processed/train/forged/forgeries_21_10.png,0,skilled_forgery,21,21
data/processed/train/genuine/original_14_2.png,data/processed/train/genuine/original_14_8.png,1,genuine_genuine,14,14
data/processed/train/genuine/original_19_6.png,data/processed/train/genuine/original_16_21.png,0,random_forgery,19,16
data/processed/train/genuine/original_25_20.png,data/processed/train/genuine/original_23_10.png,0,random_forgery,25,23
data/processed/train/genuine/original_27_6.png,data/processed/train/genuine/original_27_7.png,1,genuine_genuine,27,27
data/processed/train/genuine/original_16_17.png,data/processed/train/forged/forgeries_16_22.png,0,skilled_forgery,16,16
data/processed/train/genuine/original_11_20.png,data/processed/train/forged/forgeries_11_11.png,0,skilled_forgery,11,11
data/processed/train/genuine/original_7_8.png,data/processed/train/genuine/original_12_9.png,0,random_forgery,7,12
data/processed/train/genuine/original_27_23.png,data/processed/train/genuine/original_27_4.png,1,genuine_genuine,27,27
data/processed/train/genuine/original_10_13.png,data/processed/train/genuine/original_10_14.png,1,genuine_genuine,10,10
data/processed/train/genuine/original_4_22.png,data/processed/train/genuine/original_25_9.png,0,random_forgery,4,25
data/processed/train/genuine/original_1_23.png,data/processed/train/forged/forgeries_1_21.png,0,skilled_forgery,1,1
data/processed/train/genuine/original_9_20.png,data/processed/train/genuine/original_17_16.png,0,random_forgery,9,17
data/processed/train/genuine/original_2_13.png,data/processed/train/forged/forgeries_2_11.png,0,skilled_forgery,2,2
data/processed/train/genuine/original_28_10.png,data/processed/train/genuine/original_15_22.png,0,random_forgery,28,15
data/processed/train/genuine/original_4_3.png,data/processed/train/forged/forgeries_4_20.png,0,skilled_forgery,4,4
data/processed/train/genuine/original_20_19.png,data/processed/train/genuine/original_20_2.png,1,genuine_genuine,20,20
data/processed/train/genuine/original_33_22.png,data/processed/train/genuine/original_32_3.png,0,random_forgery,33,32
data/processed/train/genuine/original_27_23.png,data/processed/train/genuine/original_27_24.png,1,genuine_genuine,27,27
data/processed/train/genuine/original_6_22.png,data/processed/train/genuine/original_6_6.png,1,genuine_genuine,6,6
data/processed/train/genuine/original_1_22.png,data/processed/train/forged/forgeries_1_19.png,0,skilled_forgery,1,1
data/processed/train/genuine/original_13_8.png,data/processed/train/forged/forgeries_13_19.png,0,skilled_forgery,13,13
data/processed/train/genuine/original_10_5.png,data/processed/train/forged/forgeries_10_14.png,0,skilled_forgery,10,10
data/processed/train/genuine/original_17_7.png,data/processed/train/genuine/original_29_1.png,0,random_forgery,17,29
data/processed/train/genuine/original_28_16.png,data/processed/train/genuine/original_8_4.png,0,random_forgery,28,8
data/processed/train/genuine/original_13_21.png,data/processed/train/forged/forgeries_13_4.png,0,skilled_forgery,13,13
data/processed/train/genuine/original_33_23.png,data/processed/train/forged/forgeries_33_18.png,0,skilled_forgery,33,33
data/processed/train/genuine/original_14_10.png,data/processed/train/genuine/original_14_6.png,1,genuine_genuine,14,14
data/processed/train/genuine/original_1_12.png,data/processed/train/genuine/original_1_8.png,1,genuine_genuine,1,1
data/processed/train/genuine/original_35_19.png,data/processed/train/forged/forgeries_35_3.png,0,skilled_forgery,35,35
data/processed/train/genuine/original_11_16.png,data/processed/train/genuine/original_11_7.png,1,genuine_genuine,11,11
data/processed/train/genuine/original_23_15.png,data/processed/train/genuine/original_23_5.png,1,genuine_genuine,23,23
data/processed/train/genuine/original_22_18.png,data/processed/train/genuine/original_22_2.png,1,genuine_genuine,22,22
data/processed/train/genuine/original_34_16.png,data/processed/train/genuine/original_34_4.png,1,genuine_genuine,34,34
data/processed/train/genuine/original_32_19.png,data/processed/train/forged/forgeries_32_5.png,0,skilled_forgery,32,32
data/processed/train/genuine/original_21_2.png,data/processed/train/genuine/original_21_20.png,1,genuine_genuine,21,21
data/processed/train/genuine/original_25_11.png,data/processed/train/forged/forgeries_25_13.png,0,skilled_forgery,25,25
data/processed/train/genuine/original_13_16.png,data/processed/train/genuine/original_13_19.png,1,genuine_genuine,13,13
data/processed/train/genuine/original_2_10.png,data/processed/train/genuine/original_2_22.png,1,genuine_genuine,2,2
data/processed/train/genuine/original_19_23.png,data/processed/train/genuine/original_19_7.png,1,genuine_genuine,19,19
data/processed/train/genuine/original_34_1.png,data/processed/train/genuine/original_34_7.png,1,genuine_genuine,34,34
data/processed/train/genuine/original_7_4.png,data/processed/train/genuine/original_7_9.png,1,genuine_genuine,7,7
data/processed/train/genuine/original_11_6.png,data/processed/train/genuine/original_11_7.png,1,genuine_genuine,11,11
data/processed/train/genuine/original_5_9.png,data/processed/train/genuine/original_33_6.png,0,random_forgery,5,33
data/processed/train/genuine/original_6_11.png,data/processed/train/genuine/original_6_22.png,1,genuine_genuine,6,6
data/processed/train/genuine/original_26_13.png,data/processed/train/genuine/original_26_5.png,1,genuine_genuine,26,26
data/processed/train/genuine/original_21_16.png,data/processed/train/genuine/original_21_19.png,1,genuine_genuine,21,21
data/processed/train/genuine/original_8_13.png,data/processed/train/genuine/original_8_16.png,1,genuine_genuine,8,8
data/processed/train/genuine/original_11_2.png,data/processed/train/genuine/original_11_3.png,1,genuine_genuine,11,11
data/processed/train/genuine/original_3_16.png,data/processed/train/genuine/original_3_24.png,1,genuine_genuine,3,3
data/processed/train/genuine/original_1_11.png,data/processed/train/genuine/original_1_15.png,1,genuine_genuine,1,1
data/processed/train/genuine/original_8_11.png,data/processed/train/genuine/original_8_8.png,1,genuine_genuine,8,8
data/processed/train/genuine/original_11_10.png,data/processed/train/genuine/original_11_24.png,1,genuine_genuine,11,11
data/processed/train/genuine/original_8_12.png,data/processed/train/genuine/original_5_12.png,0,random_forgery,8,5
data/processed/train/genuine/original_17_6.png,data/processed/train/genuine/original_17_8.png,1,genuine_genuine,17,17
data/processed/train/genuine/original_33_2.png,data/processed/train/forged/forgeries_33_7.png,0,skilled_forgery,33,33
data/processed/train/genuine/original_15_5.png,data/processed/train/genuine/original_15_9.png,1,genuine_genuine,15,15
data/processed/train/genuine/original_30_24.png,data/processed/train/forged/forgeries_30_17.png,0,skilled_forgery,30,30
data/processed/train/genuine/original_21_12.png,data/processed/train/forged/forgeries_21_14.png,0,skilled_forgery,21,21
data/processed/train/genuine/original_7_19.png,data/processed/train/genuine/original_18_8.png,0,random_forgery,7,18
data/processed/train/genuine/original_34_22.png,data/processed/train/forged/forgeries_34_16.png,0,skilled_forgery,34,34
data/processed/train/genuine/original_14_17.png,data/processed/train/genuine/original_9_7.png,0,random_forgery,14,9
data/processed/train/genuine/original_17_21.png,data/processed/train/forged/forgeries_17_9.png,0,skilled_forgery,17,17
data/processed/train/genuine/original_8_10.png,data/processed/train/genuine/original_8_23.png,1,genuine_genuine,8,8
data/processed/train/genuine/original_26_2.png,data/processed/train/forged/forgeries_26_2.png,0,skilled_forgery,26,26
data/processed/train/genuine/original_30_16.png,data/processed/train/genuine/original_26_14.png,0,random_forgery,30,26
data/processed/train/genuine/original_27_12.png,data/processed/train/genuine/original_27_5.png,1,genuine_genuine,27,27
data/processed/train/genuine/original_32_18.png,data/processed/train/forged/forgeries_32_20.png,0,skilled_forgery,32,32
data/processed/train/genuine/original_3_2.png,data/processed/train/genuine/original_3_9.png,1,genuine_genuine,3,3
data/processed/train/genuine/original_8_10.png,data/processed/train/genuine/original_8_2.png,1,genuine_genuine,8,8
data/processed/train/genuine/original_14_15.png,data/processed/train/forged/forgeries_14_1.png,0,skilled_forgery,14,14
data/processed/train/genuine/original_17_2.png,data/processed/train/genuine/original_17_20.png,1,genuine_genuine,17,17
data/processed/train/genuine/original_34_1.png,data/processed/train/forged/forgeries_34_12.png,0,skilled_forgery,34,34
data/processed/train/genuine/original_16_8.png,data/processed/train/forged/forgeries_16_9.png,0,skilled_forgery,16,16
data/processed/train/genuine/original_18_14.png,data/processed/train/forged/forgeries_18_9.png,0,skilled_forgery,18,18
data/processed/train/genuine/original_2_22.png,data/processed/train/genuine/original_2_3.png,1,genuine_genuine,2,2
data/processed/train/genuine/original_32_5.png,data/processed/train/genuine/original_5_5.png,0,random_forgery,32,5
data/processed/train/genuine/original_11_16.png,data/processed/train/genuine/original_11_23.png,1,genuine_genuine,11,11
data/processed/train/genuine/original_29_22.png,data/processed/train/forged/forgeries_29_9.png,0,skilled_forgery,29,29
data/processed/train/genuine/original_2_6.png,data/processed/train/forged/forgeries_2_23.png,0,skilled_forgery,2,2
data/processed/train/genuine/original_32_5.png,data/processed/train/forged/forgeries_32_24.png,0,skilled_forgery,32,32
data/processed/train/genuine/original_17_12.png,data/processed/train/genuine/original_1_8.png,0,random_forgery,17,1
data/processed/train/genuine/original_12_5.png,data/processed/train/forged/forgeries_12_20.png,0,skilled_forgery,12,12
data/processed/train/genuine/original_4_16.png,data/processed/train/genuine/original_10_18.png,0,random_forgery,4,10
data/processed/train/genuine/original_28_15.png,data/processed/train/genuine/original_28_7.png,1,genuine_genuine,28,28
data/processed/train/genuine/original_22_16.png,data/processed/train/genuine/original_22_19.png,1,genuine_genuine,22,22
data/processed/train/genuine/original_26_24.png,data/processed/train/genuine/original_26_8.png,1,genuine_genuine,26,26
data/processed/train/genuine/original_20_15.png,data/processed/train/genuine/original_20_2.png,1,genuine_genuine,20,20
data/processed/train/genuine/original_18_11.png,data/processed/train/genuine/original_16_11.png,0,random_forgery,18,16
data/processed/train/genuine/original_25_20.png,data/processed/train/genuine/original_25_9.png,1,genuine_genuine,25,25
data/processed/train/genuine/original_11_17.png,data/processed/train/genuine/original_11_8.png,1,genuine_genuine,11,11
data/processed/train/genuine/original_13_15.png,data/processed/train/genuine/original_13_16.png,1,genuine_genuine,13,13
data/processed/train/genuine/original_9_18.png,data/processed/train/genuine/original_9_22.png,1,genuine_genuine,9,9
data/processed/train/genuine/original_32_1.png,data/processed/train/forged/forgeries_32_17.png,0,skilled_forgery,32,32
data/processed/train/genuine/original_6_10.png,data/processed/train/forged/forgeries_6_24.png,0,skilled_forgery,6,6
data/processed/train/genuine/original_21_7.png,data/processed/train/genuine/original_21_9.png,1,genuine_genuine,21,21
data/processed/train/genuine/original_14_24.png,data/processed/train/forged/forgeries_14_12.png,0,skilled_forgery,14,14
data/processed/train/genuine/original_34_16.png,data/processed/train/genuine/original_34_8.png,1,genuine_genuine,34,34
data/processed/train/genuine/original_30_15.png,data/processed/train/genuine/original_4_5.png,0,random_forgery,30,4
data/processed/train/genuine/original_27_8.png,data/processed/train/forged/forgeries_27_9.png,0,skilled_forgery,27,27
data/processed/train/genuine/original_22_15.png,data/processed/train/genuine/original_22_2.png,1,genuine_genuine,22,22
data/processed/train/genuine/original_13_18.png,data/processed/train/genuine/original_13_19.png,1,genuine_genuine,13,13
data/processed/train/genuine/original_6_1.png,data/processed/train/genuine/original_6_8.png,1,genuine_genuine,6,6
data/processed/train/genuine/original_8_19.png,data/processed/train/genuine/original_8_21.png,1,genuine_genuine,8,8
data/processed/train/genuine/original_26_12.png,data/processed/train/genuine/original_26_23.png,1,genuine_genuine,26,26
data/processed/train/genuine/original_27_10.png,data/processed/train/genuine/original_27_11.png,1,genuine_genuine,27,27
data/processed/train/genuine/original_12_14.png,data/processed/train/forged/forgeries_12_17.png,0,skilled_forgery,12,12
data/processed/train/genuine/original_34_22.png,data/processed/train/genuine/original_26_14.png,0,random_forgery,34,26
data/processed/train/genuine/original_11_1.png,data/processed/train/genuine/original_11_12.png,1,genuine_genuine,11,11
data/processed/train/genuine/original_2_11.png,data/processed/train/genuine/original_2_20.png,1,genuine_genuine,2,2
data/processed/train/genuine/original_12_20.png,data/processed/train/genuine/original_12_8.png,1,genuine_genuine,12,12
data/processed/train/genuine/original_18_24.png,data/processed/train/forged/forgeries_18_14.png,0,skilled_forgery,18,18
data/processed/train/genuine/original_29_14.png,data/processed/train/genuine/original_29_15.png,1,genuine_genuine,29,29
data/processed/train/genuine/original_26_19.png,data/processed/train/forged/forgeries_26_23.png,0,skilled_forgery,26,26
data/processed/train/genuine/original_29_22.png,data/processed/train/genuine/original_29_23.png,1,genuine_genuine,29,29
data/processed/train/genuine/original_34_15.png,data/processed/train/genuine/original_34_18.png,1,genuine_genuine,34,34
data/processed/train/genuine/original_28_16.png,data/processed/train/genuine/original_28_7.png,1,genuine_genuine,28,28
data/processed/train/genuine/original_22_7.png,data/processed/train/genuine/original_12_12.png,0,random_forgery,22,12
data/processed/train/genuine/original_31_19.png,data/processed/train/genuine/original_31_2.png,1,genuine_genuine,31,31
data/processed/train/genuine/original_35_3.png,data/processed/train/forged/forgeries_35_21.png,0,skilled_forgery,35,35
data/processed/train/genuine/original_7_4.png,data/processed/train/forged/forgeries_7_15.png,0,skilled_forgery,7,7
data/processed/train/genuine/original_14_19.png,data/processed/train/forged/forgeries_14_14.png,0,skilled_forgery,14,14
data/processed/train/genuine/original_13_13.png,data/processed/train/genuine/original_13_18.png,1,genuine_genuine,13,13
data/processed/train/genuine/original_19_18.png,data/processed/train/genuine/original_19_2.png,1,genuine_genuine,19,19
data/processed/train/genuine/original_14_6.png,data/processed/train/forged/forgeries_14_11.png,0,skilled_forgery,14,14
data/processed/train/genuine/original_27_18.png,data/processed/train/genuine/original_27_21.png,1,genuine_genuine,27,27
data/processed/train/genuine/original_1_7.png,data/processed/train/forged/forgeries_1_15.png,0,skilled_forgery,1,1
data/processed/train/genuine/original_5_21.png,data/processed/train/genuine/original_8_7.png,0,random_forgery,5,8
data/processed/train/genuine/original_29_18.png,data/processed/train/genuine/original_17_8.png,0,random_forgery,29,17
data/processed/train/genuine/original_29_17.png,data/processed/train/forged/forgeries_29_17.png,0,skilled_forgery,29,29
data/processed/train/genuine/original_33_6.png,data/processed/train/forged/forgeries_33_3.png,0,skilled_forgery,33,33
data/processed/train/genuine/original_11_13.png,data/processed/train/genuine/original_11_5.png,1,genuine_genuine,11,11
data/processed/train/genuine/original_18_8.png,data/processed/train/forged/forgeries_18_5.png,0,skilled_forgery,18,18
data/processed/train/genuine/original_24_3.png,data/processed/train/forged/forgeries_24_24.png,0,skilled_forgery,24,24
data/processed/train/genuine/original_2_10.png,data/processed/train/genuine/original_2_9.png,1,genuine_genuine,2,2
data/processed/train/genuine/original_24_23.png,data/processed/train/forged/forgeries_24_12.png,0,skilled_forgery,24,24
data/processed/train/genuine/original_29_21.png,data/processed/train/forged/forgeries_29_9.png,0,skilled_forgery,29,29
data/processed/train/genuine/original_28_7.png,data/processed/train/genuine/original_30_7.png,0,random_forgery,28,30
data/processed/train/genuine/original_1_3.png,data/processed/train/genuine/original_9_21.png,0,random_forgery,1,9
data/processed/train/genuine/original_23_23.png,data/processed/train/genuine/original_23_7.png,1,genuine_genuine,23,23
data/processed/train/genuine/original_23_15.png,data/processed/train/forged/forgeries_23_13.png,0,skilled_forgery,23,23
data/processed/train/genuine/original_33_11.png,data/processed/train/forged/forgeries_33_12.png,0,skilled_forgery,33,33
data/processed/train/genuine/original_18_22.png,data/processed/train/genuine/original_18_6.png,1,genuine_genuine,18,18
data/processed/train/genuine/original_35_1.png,data/processed/train/genuine/original_5_6.png,0,random_forgery,35,5
data/processed/train/genuine/original_3_13.png,data/processed/train/genuine/original_3_16.png,1,genuine_genuine,3,3
data/processed/train/genuine/original_2_14.png,data/processed/train/genuine/original_2_9.png,1,genuine_genuine,2,2
data/processed/train/genuine/original_23_5.png,data/processed/train/genuine/original_29_7.png,0,random_forgery,23,29
data/processed/train/genuine/original_17_18.png,data/processed/train/genuine/original_17_5.png,1,genuine_genuine,17,17
data/processed/train/genuine/original_33_12.png,data/processed/train/genuine/original_1_11.png,0,random_forgery,33,1
data/processed/train/genuine/original_26_24.png,data/processed/train/genuine/original_26_5.png,1,genuine_genuine,26,26
data/processed/train/genuine/original_3_18.png,data/processed/train/genuine/original_28_13.png,0,random_forgery,3,28
data/processed/train/genuine/original_35_17.png,data/processed/train/genuine/original_35_7.png,1,genuine_genuine,35,35
data/processed/train/genuine/original_33_1.png,data/processed/train/genuine/original_25_24.png,0,random_forgery,33,25
data/processed/train/genuine/original_16_12.png,data/processed/train/genuine/original_16_15.png,1,genuine_genuine,16,16
data/processed/train/genuine/original_26_11.png,data/processed/train/genuine/original_26_8.png,1,genuine_genuine,26,26
data/processed/train/genuine/original_13_13.png,data/processed/train/forged/forgeries_13_21.png,0,skilled_forgery,13,13
data/processed/train/genuine/original_6_1.png,data/processed/train/genuine/original_1_7.png,0,random_forgery,6,1
data/processed/train/genuine/original_5_11.png,data/processed/train/genuine/original_30_23.png,0,random_forgery,5,30
data/processed/train/genuine/original_14_19.png,data/processed/train/genuine/original_14_2.png,1,genuine_genuine,14,14
data/processed/train/genuine/original_24_15.png,data/processed/train/genuine/original_22_9.png,0,random_forgery,24,22
data/processed/train/genuine/original_24_5.png,data/processed/train/genuine/original_34_8.png,0,random_forgery,24,34
data/processed/train/genuine/original_8_13.png,data/processed/train/genuine/original_19_21.png,0,random_forgery,8,19
data/processed/train/genuine/original_6_9.png,data/processed/train/forged/forgeries_6_7.png,0,skilled_forgery,6,6
data/processed/train/genuine/original_1_15.png,data/processed/train/genuine/original_8_6.png,0,random_forgery,1,8
data/processed/train/genuine/original_26_10.png,data/processed/train/genuine/original_26_4.png,1,genuine_genuine,26,26
data/processed/train/genuine/original_11_23.png,data/processed/train/genuine/original_11_9.png,1,genuine_genuine,11,11
data/processed/train/genuine/original_18_1.png,data/processed/train/genuine/original_18_9.png,1,genuine_genuine,18,18
data/processed/train/genuine/original_11_8.png,data/processed/train/genuine/original_17_22.png,0,random_forgery,11,17
data/processed/train/genuine/original_1_12.png,data/processed/train/genuine/original_1_3.png,1,genuine_genuine,1,1
data/processed/train/genuine/original_7_21.png,data/processed/train/forged/forgeries_7_21.png,0,skilled_forgery,7,7
data/processed/train/genuine/original_3_7.png,data/processed/train/genuine/original_32_23.png,0,random_forgery,3,32
data/processed/train/genuine/original_35_15.png,data/processed/train/forged/forgeries_35_21.png,0,skilled_forgery,35,35
data/processed/train/genuine/original_26_3.png,data/processed/train/genuine/original_12_15.png,0,random_forgery,26,12
data/processed/train/genuine/original_22_12.png,data/processed/train/genuine/original_22_4.png,1,genuine_genuine,22,22
data/processed/train/genuine/original_29_19.png,data/processed/train/forged/forgeries_29_17.png,0,skilled_forgery,29,29
data/processed/train/genuine/original_2_19.png,data/processed/train/forged/forgeries_2_6.png,0,skilled_forgery,2,2
data/processed/train/genuine/original_11_19.png,data/processed/train/forged/forgeries_11_17.png,0,skilled_forgery,11,11
data/processed/train/genuine/original_20_1.png,data/processed/train/genuine/original_20_6.png,1,genuine_genuine,20,20
data/processed/train/genuine/original_12_18.png,data/processed/train/genuine/original_12_20.png,1,genuine_genuine,12,12
data/processed/train/genuine/original_2_3.png,data/processed/train/forged/forgeries_2_22.png,0,skilled_forgery,2,2
data/processed/train/genuine/original_31_18.png,data/processed/train/forged/forgeries_31_1.png,0,skilled_forgery,31,31
data/processed/train/genuine/original_18_3.png,data/processed/train/genuine/original_17_15.png,0,random_forgery,18,17
data/processed/train/genuine/original_3_15.png,data/processed/train/genuine/original_3_19.png,1,genuine_genuine,3,3
data/processed/train/genuine/original_32_12.png,data/processed/train/genuine/original_32_13.png,1,genuine_genuine,32,32
data/processed/train/genuine/original_27_24.png,data/processed/train/forged/forgeries_27_18.png,0,skilled_forgery,27,27
data/processed/train/genuine/original_1_19.png,data/processed/train/forged/forgeries_1_18.png,0,skilled_forgery,1,1
data/processed/train/genuine/original_4_4.png,data/processed/train/genuine/original_4_8.png,1,genuine_genuine,4,4
data/processed/train/genuine/original_21_4.png,data/processed/train/genuine/original_16_11.png,0,random_forgery,21,16
data/processed/train/genuine/original_18_1.png,data/processed/train/genuine/original_18_20.png,1,genuine_genuine,18,18
data/processed/train/genuine/original_10_16.png,data/processed/train/forged/forgeries_10_10.png,0,skilled_forgery,10,10
data/processed/train/genuine/original_8_18.png,data/processed/train/genuine/original_8_20.png,1,genuine_genuine,8,8
data/processed/train/genuine/original_18_14.png,data/processed/train/genuine/original_18_20.png,1,genuine_genuine,18,18
data/processed/train/genuine/original_20_3.png,data/processed/train/genuine/original_14_7.png,0,random_forgery,20,14
data/processed/train/genuine/original_8_11.png,data/processed/train/forged/forgeries_8_14.png,0,skilled_forgery,8,8
data/processed/train/genuine/original_17_7.png,data/processed/train/genuine/original_29_17.png,0,random_forgery,17,29
data/processed/train/genuine/original_4_15.png,data/processed/train/genuine/original_3_19.png,0,random_forgery,4,3
data/processed/train/genuine/original_23_18.png,data/processed/train/genuine/original_23_20.png,1,genuine_genuine,23,23
data/processed/train/genuine/original_5_23.png,data/processed/train/genuine/original_17_2.png,0,random_forgery,5,17
data/processed/train/genuine/original_22_9.png,data/processed/train/genuine/original_34_8.png,0,random_forgery,22,34
data/processed/train/genuine/original_1_15.png,data/processed/train/genuine/original_1_23.png,1,genuine_genuine,1,1
data/processed/train/genuine/original_25_15.png,data/processed/train/forged/forgeries_25_5.png,0,skilled_forgery,25,25
data/processed/train/genuine/original_21_22.png,data/processed/train/genuine/original_21_5.png,1,genuine_genuine,21,21
data/processed/train/genuine/original_12_13.png,data/processed/train/genuine/original_12_7.png,1,genuine_genuine,12,12
data/processed/train/genuine/original_15_14.png,data/processed/train/genuine/original_15_6.png,1,genuine_genuine,15,15
data/processed/train/genuine/original_12_12.png,data/processed/train/genuine/original_28_23.png,0,random_forgery,12,28
data/processed/train/genuine/original_13_11.png,data/processed/train/genuine/original_13_2.png,1,genuine_genuine,13,13
data/processed/train/genuine/original_29_19.png,data/processed/train/genuine/original_29_4.png,1,genuine_genuine,29,29
data/processed/train/genuine/original_4_9.png,data/processed/train/genuine/original_26_9.png,0,random_forgery,4,26
data/processed/train/genuine/original_15_14.png,data/processed/train/genuine/original_15_3.png,1,genuine_genuine,15,15
data/processed/train/genuine/original_26_15.png,data/processed/train/forged/forgeries_26_17.png,0,skilled_forgery,26,26
data/processed/train/genuine/original_33_14.png,data/processed/train/genuine/original_33_7.png,1,genuine_genuine,33,33
data/processed/train/genuine/original_8_13.png,data/processed/train/genuine/original_8_9.png,1,genuine_genuine,8,8
data/processed/train/genuine/original_22_17.png,data/processed/train/forged/forgeries_22_5.png,0,skilled_forgery,22,22
data/processed/train/genuine/original_20_12.png,data/processed/train/forged/forgeries_20_13.png,0,skilled_forgery,20,20
data/processed/train/genuine/original_1_8.png,data/processed/train/genuine/original_31_18.png,0,random_forgery,1,31
data/processed/train/genuine/original_13_15.png,data/processed/train/forged/forgeries_13_13.png,0,skilled_forgery,13,13
data/processed/train/genuine/original_25_20.png,data/processed/train/genuine/original_18_7.png,0,random_forgery,25,18
data/processed/train/genuine/original_22_24.png,data/processed/train/genuine/original_35_5.png,0,random_forgery,22,35
data/processed/train/genuine/original_16_1.png,data/processed/train/genuine/original_16_14.png,1,genuine_genuine,16,16
data/processed/train/genuine/original_22_23.png,data/processed/train/genuine/original_22_7.png,1,genuine_genuine,22,22
data/processed/train/genuine/original_11_10.png,data/processed/train/genuine/original_11_12.png,1,genuine_genuine,11,11
data/processed/train/genuine/original_7_19.png,data/processed/train/forged/forgeries_7_20.png,0,skilled_forgery,7,7
data/processed/train/genuine/original_31_14.png,data/processed/train/forged/forgeries_31_9.png,0,skilled_forgery,31,31
data/processed/train/genuine/original_7_22.png,data/processed/train/genuine/original_11_6.png,0,random_forgery,7,11
data/processed/train/genuine/original_5_18.png,data/processed/train/forged/forgeries_5_13.png,0,skilled_forgery,5,5
data/processed/train/genuine/original_14_10.png,data/processed/train/genuine/original_14_7.png,1,genuine_genuine,14,14
data/processed/train/genuine/original_2_18.png,data/processed/train/genuine/original_2_21.png,1,genuine_genuine,2,2
data/processed/train/genuine/original_32_13.png,data/processed/train/genuine/original_32_17.png,1,genuine_genuine,32,32
data/processed/train/genuine/original_35_23.png,data/processed/train/genuine/original_35_8.png,1,genuine_genuine,35,35
data/processed/train/genuine/original_34_10.png,data/processed/train/genuine/original_34_23.png,1,genuine_genuine,34,34
data/processed/train/genuine/original_29_23.png,data/processed/train/forged/forgeries_29_24.png,0,skilled_forgery,29,29
data/processed/train/genuine/original_17_16.png,data/processed/train/genuine/original_32_7.png,0,random_forgery,17,32
data/processed/train/genuine/original_4_11.png,data/processed/train/forged/forgeries_4_12.png,0,skilled_forgery,4,4
data/processed/train/genuine/original_32_1.png,data/processed/train/forged/forgeries_32_11.png,0,skilled_forgery,32,32
data/processed/train/genuine/original_3_10.png,data/processed/train/genuine/original_3_15.png,1,genuine_genuine,3,3
data/processed/train/genuine/original_19_14.png,data/processed/train/genuine/original_7_20.png,0,random_forgery,19,7
data/processed/train/genuine/original_12_16.png,data/processed/train/genuine/original_18_23.png,0,random_forgery,12,18
data/processed/train/genuine/original_23_14.png,data/processed/train/forged/forgeries_23_11.png,0,skilled_forgery,23,23
data/processed/train/genuine/original_14_21.png,data/processed/train/genuine/original_14_23.png,1,genuine_genuine,14,14
data/processed/train/genuine/original_29_8.png,data/processed/train/forged/forgeries_29_22.png,0,skilled_forgery,29,29
data/processed/train/genuine/original_24_1.png,data/processed/train/forged/forgeries_24_12.png,0,skilled_forgery,24,24
data/processed/train/genuine/original_15_3.png,data/processed/train/genuine/original_11_20.png,0,random_forgery,15,11
data/processed/train/genuine/original_30_19.png,data/processed/train/genuine/original_30_23.png,1,genuine_genuine,30,30
data/processed/train/genuine/original_1_23.png,data/processed/train/genuine/original_20_23.png,0,random_forgery,1,20
data/processed/train/genuine/original_21_6.png,data/processed/train/genuine/original_21_9.png,1,genuine_genuine,21,21
data/processed/train/genuine/original_32_12.png,data/processed/train/genuine/original_32_9.png,1,genuine_genuine,32,32
data/processed/train/genuine/original_11_17.png,data/processed/train/genuine/original_11_24.png,1,genuine_genuine,11,11
data/processed/train/genuine/original_14_17.png,data/processed/train/genuine/original_14_7.png,1,genuine_genuine,14,14
data/processed/train/genuine/original_22_13.png,data/processed/train/forged/forgeries_22_21.png,0,skilled_forgery,22,22
data/processed/train/genuine/original_8_1.png,data/processed/train/genuine/original_8_24.png,1,genuine_genuine,8,8
data/processed/train/genuine/original_11_15.png,data/processed/train/forged/forgeries_11_24.png,0,skilled_forgery,11,11
data/processed/train/genuine/original_10_2.png,data/processed/train/genuine/original_10_20.png,1,genuine_genuine,10,10
data/processed/train/genuine/original_4_14.png,data/processed/train/genuine/original_4_5.png,1,genuine_genuine,4,4
data/processed/train/genuine/original_18_23.png,data/processed/train/forged/forgeries_18_2.png,0,skilled_forgery,18,18
data/processed/train/genuine/original_15_24.png,data/processed/train/forged/forgeries_15_22.png,0,skilled_forgery,15,15
data/processed/train/genuine/original_16_1.png,data/processed/train/genuine/original_16_17.png,1,genuine_genuine,16,16
data/processed/train/genuine/original_25_12.png,data/processed/train/forged/forgeries_25_3.png,0,skilled_forgery,25,25
data/processed/train/genuine/original_18_16.png,data/processed/train/genuine/original_18_20.png,1,genuine_genuine,18,18
data/processed/train/genuine/original_7_22.png,data/processed/train/genuine/original_7_24.png,1,genuine_genuine,7,7
data/processed/train/genuine/original_4_5.png,data/processed/train/forged/forgeries_4_24.png,0,skilled_forgery,4,4
data/processed/train/genuine/original_6_17.png,data/processed/train/genuine/original_34_20.png,0,random_forgery,6,34
data/processed/train/genuine/original_14_14.png,data/processed/train/genuine/original_14_8.png,1,genuine_genuine,14,14
data/processed/train/genuine/original_6_13.png,data/processed/train/genuine/original_6_7.png,1,genuine_genuine,6,6
data/processed/train/genuine/original_17_4.png,data/processed/train/genuine/original_14_14.png,0,random_forgery,17,14
data/processed/train/genuine/original_4_20.png,data/processed/train/genuine/original_4_7.png,1,genuine_genuine,4,4
data/processed/train/genuine/original_11_16.png,data/processed/train/forged/forgeries_11_18.png,0,skilled_forgery,11,11
data/processed/train/genuine/original_22_2.png,data/processed/train/genuine/original_22_5.png,1,genuine_genuine,22,22
data/processed/train/genuine/original_24_21.png,data/processed/train/genuine/original_24_6.png,1,genuine_genuine,24,24
data/processed/train/genuine/original_19_15.png,data/processed/train/genuine/original_19_6.png,1,genuine_genuine,19,19
data/processed/train/genuine/original_16_13.png,data/processed/train/genuine/original_16_20.png,1,genuine_genuine,16,16
data/processed/train/genuine/original_29_19.png,data/processed/train/forged/forgeries_29_14.png,0,skilled_forgery,29,29
data/processed/train/genuine/original_13_6.png,data/processed/train/genuine/original_33_22.png,0,random_forgery,13,33
data/processed/train/genuine/original_25_3.png,data/processed/train/forged/forgeries_25_22.png,0,skilled_forgery,25,25
data/processed/train/genuine/original_15_10.png,data/processed/train/genuine/original_15_4.png,1,genuine_genuine,15,15
data/processed/train/genuine/original_35_21.png,data/processed/train/genuine/original_25_7.png,0,random_forgery,35,25
data/processed/train/genuine/original_17_1.png,data/processed/train/genuine/original_17_8.png,1,genuine_genuine,17,17
data/processed/train/genuine/original_31_7.png,data/processed/train/forged/forgeries_31_16.png,0,skilled_forgery,31,31
data/processed/train/genuine/original_30_16.png,data/processed/train/genuine/original_21_5.png,0,random_forgery,30,21
data/processed/train/genuine/original_5_3.png,data/processed/train/forged/forgeries_5_16.png,0,skilled_forgery,5,5
data/processed/train/genuine/original_8_2.png,data/processed/train/genuine/original_8_22.png,1,genuine_genuine,8,8
data/processed/train/genuine/original_20_3.png,data/processed/train/forged/forgeries_20_12.png,0,skilled_forgery,20,20
data/processed/train/genuine/original_6_17.png,data/processed/train/genuine/original_6_21.png,1,genuine_genuine,6,6
data/processed/train/genuine/original_17_5.png,data/processed/train/genuine/original_26_24.png,0,random_forgery,17,26
data/processed/train/genuine/original_25_22.png,data/processed/train/forged/forgeries_25_9.png,0,skilled_forgery,25,25
data/processed/train/genuine/original_8_21.png,data/processed/train/genuine/original_8_5.png,1,genuine_genuine,8,8
data/processed/train/genuine/original_27_14.png,data/processed/train/forged/forgeries_27_1.png,0,skilled_forgery,27,27
data/processed/train/genuine/original_22_24.png,data/processed/train/forged/forgeries_22_7.png,0,skilled_forgery,22,22
data/processed/train/genuine/original_29_21.png,data/processed/train/genuine/original_30_7.png,0,random_forgery,29,30
data/processed/train/genuine/original_5_1.png,data/processed/train/genuine/original_5_6.png,1,genuine_genuine,5,5
data/processed/train/genuine/original_26_6.png,data/processed/train/forged/forgeries_26_4.png,0,skilled_forgery,26,26
data/processed/train/genuine/original_15_16.png,data/processed/train/genuine/original_15_24.png,1,genuine_genuine,15,15
data/processed/train/genuine/original_27_3.png,data/processed/train/genuine/original_29_3.png,0,random_forgery,27,29
data/processed/train/genuine/original_19_14.png,data/processed/train/forged/forgeries_19_12.png,0,skilled_forgery,19,19
data/processed/train/genuine/original_12_16.png,data/processed/train/genuine/original_12_19.png,1,genuine_genuine,12,12
data/processed/train/genuine/original_27_10.png,data/processed/train/genuine/original_27_18.png,1,genuine_genuine,27,27
data/processed/train/genuine/original_4_22.png,data/processed/train/forged/forgeries_4_8.png,0,skilled_forgery,4,4
data/processed/train/genuine/original_2_10.png,data/processed/train/genuine/original_2_16.png,1,genuine_genuine,2,2
data/processed/train/genuine/original_11_22.png,data/processed/train/genuine/original_21_10.png,0,random_forgery,11,21
data/processed/train/genuine/original_33_12.png,data/processed/train/genuine/original_33_13.png,1,genuine_genuine,33,33
data/processed/train/genuine/original_6_11.png,data/processed/train/forged/forgeries_6_14.png,0,skilled_forgery,6,6
data/processed/train/genuine/original_1_12.png,data/processed/train/genuine/original_1_17.png,1,genuine_genuine,1,1
data/processed/train/genuine/original_9_8.png,data/processed/train/forged/forgeries_9_19.png,0,skilled_forgery,9,9
data/processed/train/genuine/original_18_16.png,data/processed/train/forged/forgeries_18_18.png,0,skilled_forgery,18,18
data/processed/train/genuine/original_31_16.png,data/processed/train/forged/forgeries_31_18.png,0,skilled_forgery,31,31
data/processed/train/genuine/original_22_2.png,data/processed/train/genuine/original_22_22.png,1,genuine_genuine,22,22
data/processed/train/genuine/original_7_20.png,data/processed/train/genuine/original_7_8.png,1,genuine_genuine,7,7
data/processed/train/genuine/original_19_7.png,data/processed/train/genuine/original_13_23.png,0,random_forgery,19,13
data/processed/train/genuine/original_5_10.png,data/processed/train/genuine/original_5_2.png,1,genuine_genuine,5,5
data/processed/train/genuine/original_31_12.png,data/processed/train/forged/forgeries_31_23.png,0,skilled_forgery,31,31
data/processed/train/genuine/original_10_22.png,data/processed/train/genuine/original_15_23.png,0,random_forgery,10,15
data/processed/train/genuine/original_31_6.png,data/processed/train/forged/forgeries_31_12.png,0,skilled_forgery,31,31
data/processed/train/genuine/original_25_5.png,data/processed/train/forged/forgeries_25_13.png,0,skilled_forgery,25,25
data/processed/train/genuine/original_9_21.png,data/processed/train/genuine/original_9_3.png,1,genuine_genuine,9,9
data/processed/train/genuine/original_22_13.png,data/processed/train/genuine/original_22_7.png,1,genuine_genuine,22,22
data/processed/train/genuine/original_23_18.png,data/processed/train/genuine/original_18_23.png,0,random_forgery,23,18
data/processed/train/genuine/original_32_1.png,data/processed/train/genuine/original_32_24.png,1,genuine_genuine,32,32
data/processed/train/genuine/original_17_8.png,data/processed/train/forged/forgeries_17_3.png,0,skilled_forgery,17,17
data/processed/train/genuine/original_34_2.png,data/processed/train/genuine/original_34_9.png,1,genuine_genuine,34,34
data/processed/train/genuine/original_17_13.png,data/processed/train/forged/forgeries_17_12.png,0,skilled_forgery,17,17
data/processed/train/genuine/original_2_13.png,data/processed/train/genuine/original_2_21.png,1,genuine_genuine,2,2
data/processed/train/genuine/original_32_15.png,data/processed/train/genuine/original_32_5.png,1,genuine_genuine,32,32
data/processed/train/genuine/original_8_12.png,data/processed/train/forged/forgeries_8_5.png,0,skilled_forgery,8,8
data/processed/train/genuine/original_6_12.png,data/processed/train/genuine/original_6_5.png,1,genuine_genuine,6,6
data/processed/train/genuine/original_6_22.png,data/processed/train/genuine/original_19_14.png,0,random_forgery,6,19
data/processed/train/genuine/original_28_2.png,data/processed/train/genuine/original_13_10.png,0,random_forgery,28,13
data/processed/train/genuine/original_30_17.png,data/processed/train/forged/forgeries_30_14.png,0,skilled_forgery,30,30
data/processed/train/genuine/original_28_17.png,data/processed/train/genuine/original_35_14.png,0,random_forgery,28,35
data/processed/train/genuine/original_21_15.png,data/processed/train/genuine/original_21_21.png,1,genuine_genuine,21,21
data/processed/train/genuine/original_22_1.png,data/processed/train/genuine/original_22_18.png,1,genuine_genuine,22,22
data/processed/train/genuine/original_24_12.png,data/processed/train/forged/forgeries_24_22.png,0,skilled_forgery,24,24
data/processed/train/genuine/original_33_14.png,data/processed/train/genuine/original_33_18.png,1,genuine_genuine,33,33
data/processed/train/genuine/original_18_15.png,data/processed/train/genuine/original_35_23.png,0,random_forgery,18,35
data/processed/train/genuine/original_35_13.png,data/processed/train/genuine/original_35_6.png,1,genuine_genuine,35,35
data/processed/train/genuine/original_14_3.png,data/processed/train/genuine/original_14_8.png,1,genuine_genuine,14,14
data/processed/train/genuine/original_29_13.png,data/processed/train/genuine/original_29_6.png,1,genuine_genuine,29,29
data/processed/train/genuine/original_14_1.png,data/processed/train/genuine/original_14_23.png,1,genuine_genuine,14,14
data/processed/train/genuine/original_19_24.png,data/processed/train/genuine/original_19_3.png,1,genuine_genuine,19,19
data/processed/train/genuine/original_35_20.png,data/processed/train/forged/forgeries_35_6.png,0,skilled_forgery,35,35
data/processed/train/genuine/original_10_14.png,data/processed/train/genuine/original_10_6.png,1,genuine_genuine,10,10
data/processed/train/genuine/original_33_14.png,data/processed/train/genuine/original_33_23.png,1,genuine_genuine,33,33
data/processed/train/genuine/original_14_18.png,data/processed/train/genuine/original_14_9.png,1,genuine_genuine,14,14
data/processed/train/genuine/original_5_16.png,data/processed/train/genuine/original_5_9.png,1,genuine_genuine,5,5
data/processed/train/genuine/original_29_12.png,data/processed/train/forged/forgeries_29_3.png,0,skilled_forgery,29,29
data/processed/train/genuine/original_25_1.png,data/processed/train/genuine/original_25_16.png,1,genuine_genuine,25,25
data/processed/train/genuine/original_26_11.png,data/processed/train/forged/forgeries_26_19.png,0,skilled_forgery,26,26
data/processed/train/genuine/original_23_14.png,data/processed/train/genuine/original_23_18.png,1,genuine_genuine,23,23
data/processed/train/genuine/original_23_1.png,data/processed/train/genuine/original_23_14.png,1,genuine_genuine,23,23
data/processed/train/genuine/original_4_6.png,data/processed/train/genuine/original_4_7.png,1,genuine_genuine,4,4
data/processed/train/genuine/original_3_18.png,data/processed/train/forged/forgeries_3_12.png,0,skilled_forgery,3,3
data/processed/train/genuine/original_29_21.png,data/processed/train/genuine/original_29_6.png,1,genuine_genuine,29,29
data/processed/train/genuine/original_7_18.png,data/processed/train/genuine/original_28_18.png,0,random_forgery,7,28
data/processed/train/genuine/original_21_16.png,data/processed/train/genuine/original_21_24.png,1,genuine_genuine,21,21
data/processed/train/genuine/original_23_23.png,data/processed/train/genuine/original_23_5.png,1,genuine_genuine,23,23
data/processed/train/genuine/original_35_19.png,data/processed/train/forged/forgeries_35_9.png,0,skilled_forgery,35,35
data/processed/train/genuine/original_15_17.png,data/processed/train/forged/forgeries_15_16.png,0,skilled_forgery,15,15
data/processed/train/genuine/original_34_13.png,data/processed/train/genuine/original_32_4.png,0,random_forgery,34,32
data/processed/train/genuine/original_19_22.png,data/processed/train/genuine/original_19_5.png,1,genuine_genuine,19,19
data/processed/train/genuine/original_35_9.png,data/processed/train/forged/forgeries_35_22.png,0,skilled_forgery,35,35
data/processed/train/genuine/original_27_13.png,data/processed/train/genuine/original_31_23.png,0,random_forgery,27,31
data/processed/train/genuine/original_25_5.png,data/processed/train/forged/forgeries_25_10.png,0,skilled_forgery,25,25
data/processed/train/genuine/original_35_10.png,data/processed/train/forged/forgeries_35_9.png,0,skilled_forgery,35,35
data/processed/train/genuine/original_14_16.png,data/processed/train/genuine/original_14_8.png,1,genuine_genuine,14,14
data/processed/train/genuine/original_27_21.png,data/processed/train/genuine/original_27_23.png,1,genuine_genuine,27,27
data/processed/train/genuine/original_27_23.png,data/processed/train/genuine/original_19_22.png,0,random_forgery,27,19
data/processed/train/genuine/original_29_16.png,data/processed/train/genuine/original_29_8.png,1,genuine_genuine,29,29
data/processed/train/genuine/original_3_4.png,data/processed/train/genuine/original_26_16.png,0,random_forgery,3,26
data/processed/train/genuine/original_2_21.png,data/processed/train/forged/forgeries_2_6.png,0,skilled_forgery,2,2
data/processed/train/genuine/original_25_12.png,data/processed/train/genuine/original_25_16.png,1,genuine_genuine,25,25
data/processed/train/genuine/original_13_5.png,data/processed/train/genuine/original_13_7.png,1,genuine_genuine,13,13
data/processed/train/genuine/original_23_11.png,data/processed/train/genuine/original_23_17.png,1,genuine_genuine,23,23
data/processed/train/genuine/original_35_22.png,data/processed/train/genuine/original_20_21.png,0,random_forgery,35,20
data/processed/train/genuine/original_34_17.png,data/processed/train/genuine/original_21_6.png,0,random_forgery,34,21
data/processed/train/genuine/original_2_13.png,data/processed/train/genuine/original_15_3.png,0,random_forgery,2,15
data/processed/train/genuine/original_35_11.png,data/processed/train/genuine/original_35_23.png,1,genuine_genuine,35,35
data/processed/train/genuine/original_3_22.png,data/processed/train/genuine/original_3_6.png,1,genuine_genuine,3,3
data/processed/train/genuine/original_14_22.png,data/processed/train/forged/forgeries_14_17.png,0,skilled_forgery,14,14
data/processed/train/genuine/original_10_19.png,data/processed/train/forged/forgeries_10_16.png,0,skilled_forgery,10,10
data/processed/train/genuine/original_5_10.png,data/processed/train/genuine/original_5_7.png,1,genuine_genuine,5,5
data/processed/train/genuine/original_8_7.png,data/processed/train/forged/forgeries_8_18.png,0,skilled_forgery,8,8
data/processed/train/genuine/original_28_15.png,data/processed/train/genuine/original_28_24.png,1,genuine_genuine,28,28
data/processed/train/genuine/original_30_13.png,data/processed/train/genuine/original_30_15.png,1,genuine_genuine,30,30
data/processed/train/genuine/original_23_18.png,data/processed/train/genuine/original_23_21.png,1,genuine_genuine,23,23
data/processed/train/genuine/original_26_20.png,data/processed/train/forged/forgeries_26_22.png,0,skilled_forgery,26,26
data/processed/train/genuine/original_11_10.png,data/processed/train/forged/forgeries_11_24.png,0,skilled_forgery,11,11
data/processed/train/genuine/original_25_20.png,data/processed/train/forged/forgeries_25_6.png,0,skilled_forgery,25,25
data/processed/train/genuine/original_34_13.png,data/processed/train/forged/forgeries_34_2.png,0,skilled_forgery,34,34
data/processed/train/genuine/original_24_13.png,data/processed/train/forged/forgeries_24_11.png,0,skilled_forgery,24,24
data/processed/train/genuine/original_4_19.png,data/processed/train/genuine/original_18_20.png,0,random_forgery,4,18
data/processed/train/genuine/original_16_22.png,data/processed/train/genuine/original_16_3.png,1,genuine_genuine,16,16
data/processed/train/genuine/original_24_1.png,data/processed/train/genuine/original_24_18.png,1,genuine_genuine,24,24
data/processed/train/genuine/original_15_21.png,data/processed/train/genuine/original_15_22.png,1,genuine_genuine,15,15
data/processed/train/genuine/original_14_6.png,data/processed/train/forged/forgeries_14_19.png,0,skilled_forgery,14,14
data/processed/train/genuine/original_16_13.png,data/processed/train/genuine/original_7_17.png,0,random_forgery,16,7
data/processed/train/genuine/original_7_5.png,data/processed/train/forged/forgeries_7_19.png,0,skilled_forgery,7,7
data/processed/train/genuine/original_26_18.png,data/processed/train/genuine/original_26_8.png,1,genuine_genuine,26,26
data/processed/train/genuine/original_26_14.png,data/processed/train/genuine/original_26_22.png,1,genuine_genuine,26,26
data/processed/train/genuine/original_7_23.png,data/processed/train/forged/forgeries_7_3.png,0,skilled_forgery,7,7
data/processed/train/genuine/original_13_12.png,data/processed/train/genuine/original_22_7.png,0,random_forgery,13,22
data/processed/train/genuine/original_10_9.png,data/processed/train/genuine/original_3_14.png,0,random_forgery,10,3
data/processed/train/genuine/original_21_13.png,data/processed/train/genuine/original_21_14.png,1,genuine_genuine,21,21
data/processed/train/genuine/original_10_24.png,data/processed/train/genuine/original_34_12.png,0,random_forgery,10,34
data/processed/train/genuine/original_19_17.png,data/processed/train/forged/forgeries_19_22.png,0,skilled_forgery,19,19
data/processed/train/genuine/original_6_15.png,data/processed/train/forged/forgeries_6_11.png,0,skilled_forgery,6,6
data/processed/train/genuine/original_11_4.png,data/processed/train/forged/forgeries_11_9.png,0,skilled_forgery,11,11
data/processed/train/genuine/original_10_5.png,data/processed/train/forged/forgeries_10_7.png,0,skilled_forgery,10,10
data/processed/train/genuine/original_29_18.png,data/processed/train/genuine/original_29_23.png,1,genuine_genuine,29,29
data/processed/train/genuine/original_16_22.png,data/processed/train/forged/forgeries_16_3.png,0,skilled_forgery,16,16
data/processed/train/genuine/original_26_22.png,data/processed/train/forged/forgeries_26_6.png,0,skilled_forgery,26,26
data/processed/train/genuine/original_13_3.png,data/processed/train/genuine/original_13_4.png,1,genuine_genuine,13,13
data/processed/train/genuine/original_19_13.png,data/processed/train/forged/forgeries_19_19.png,0,skilled_forgery,19,19
data/processed/train/genuine/original_21_24.png,data/processed/train/genuine/original_21_7.png,1,genuine_genuine,21,21
data/processed/train/genuine/original_33_19.png,data/processed/train/forged/forgeries_33_6.png,0,skilled_forgery,33,33
data/processed/train/genuine/original_20_14.png,data/processed/train/genuine/original_20_24.png,1,genuine_genuine,20,20
data/processed/train/genuine/original_34_2.png,data/processed/train/genuine/original_31_24.png,0,random_forgery,34,31
data/processed/train/genuine/original_19_23.png,data/processed/train/genuine/original_34_20.png,0,random_forgery,19,34
data/processed/train/genuine/original_26_10.png,data/processed/train/genuine/original_26_20.png,1,genuine_genuine,26,26
data/processed/train/genuine/original_11_19.png,data/processed/train/forged/forgeries_11_18.png,0,skilled_forgery,11,11
data/processed/train/genuine/original_7_16.png,data/processed/train/genuine/original_7_2.png,1,genuine_genuine,7,7
data/processed/train/genuine/original_23_15.png,data/processed/train/forged/forgeries_23_8.png,0,skilled_forgery,23,23
data/processed/train/genuine/original_14_6.png,data/processed/train/forged/forgeries_14_16.png,0,skilled_forgery,14,14
data/processed/train/genuine/original_22_12.png,data/processed/train/forged/forgeries_22_17.png,0,skilled_forgery,22,22
data/processed/train/genuine/original_23_17.png,data/processed/train/genuine/original_23_2.png,1,genuine_genuine,23,23
data/processed/train/genuine/original_30_23.png,data/processed/train/genuine/original_30_7.png,1,genuine_genuine,30,30
data/processed/train/genuine/original_32_21.png,data/processed/train/genuine/original_32_3.png,1,genuine_genuine,32,32
data/processed/train/genuine/original_19_4.png,data/processed/train/genuine/original_5_14.png,0,random_forgery,19,5
data/processed/train/genuine/original_30_10.png,data/processed/train/genuine/original_26_18.png,0,random_forgery,30,26
data/processed/train/genuine/original_20_14.png,data/processed/train/forged/forgeries_20_11.png,0,skilled_forgery,20,20
data/processed/train/genuine/original_17_14.png,data/processed/train/genuine/original_17_20.png,1,genuine_genuine,17,17
data/processed/train/genuine/original_9_17.png,data/processed/train/genuine/original_9_23.png,1,genuine_genuine,9,9
data/processed/train/genuine/original_31_22.png,data/processed/train/genuine/original_31_6.png,1,genuine_genuine,31,31
data/processed/train/genuine/original_14_22.png,data/processed/train/genuine/original_14_8.png,1,genuine_genuine,14,14
data/processed/train/genuine/original_4_11.png,data/processed/train/genuine/original_4_8.png,1,genuine_genuine,4,4
data/processed/train/genuine/original_1_2.png,data/processed/train/genuine/original_1_21.png,1,genuine_genuine,1,1
data/processed/train/genuine/original_5_21.png,data/processed/train/forged/forgeries_5_14.png,0,skilled_forgery,5,5
data/processed/train/genuine/original_11_15.png,data/processed/train/forged/forgeries_11_5.png,0,skilled_forgery,11,11
data/processed/train/genuine/original_6_2.png,data/processed/train/forged/forgeries_6_8.png,0,skilled_forgery,6,6
data/processed/train/genuine/original_12_5.png,data/processed/train/forged/forgeries_12_13.png,0,skilled_forgery,12,12
data/processed/train/genuine/original_9_12.png,data/processed/train/genuine/original_9_3.png,1,genuine_genuine,9,9
data/processed/train/genuine/original_20_18.png,data/processed/train/forged/forgeries_20_24.png,0,skilled_forgery,20,20
data/processed/train/genuine/original_32_18.png,data/processed/train/forged/forgeries_32_21.png,0,skilled_forgery,32,32
data/processed/train/genuine/original_8_16.png,data/processed/train/forged/forgeries_8_2.png,0,skilled_forgery,8,8
data/processed/train/genuine/original_17_20.png,data/processed/train/genuine/original_28_8.png,0,random_forgery,17,28
data/processed/train/genuine/original_25_23.png,data/processed/train/genuine/original_25_6.png,1,genuine_genuine,25,25
data/processed/train/genuine/original_22_1.png,data/processed/train/genuine/original_22_4.png,1,genuine_genuine,22,22
data/processed/train/genuine/original_2_17.png,data/processed/train/genuine/original_2_24.png,1,genuine_genuine,2,2
data/processed/train/genuine/original_1_13.png,data/processed/train/forged/forgeries_1_7.png,0,skilled_forgery,1,1
data/processed/train/genuine/original_11_15.png,data/processed/train/genuine/original_11_23.png,1,genuine_genuine,11,11
data/processed/train/genuine/original_30_10.png,data/processed/train/genuine/original_30_23.png,1,genuine_genuine,30,30
data/processed/train/genuine/original_28_17.png,data/processed/train/genuine/original_31_20.png,0,random_forgery,28,31
data/processed/train/genuine/original_8_5.png,data/processed/train/genuine/original_8_8.png,1,genuine_genuine,8,8
data/processed/train/genuine/original_4_19.png,data/processed/train/forged/forgeries_4_12.png,0,skilled_forgery,4,4
data/processed/train/genuine/original_19_17.png,data/processed/train/genuine/original_18_18.png,0,random_forgery,19,18
data/processed/train/genuine/original_4_8.png,data/processed/train/genuine/original_4_9.png,1,genuine_genuine,4,4
data/processed/train/genuine/original_28_10.png,data/processed/train/genuine/original_28_17.png,1,genuine_genuine,28,28
data/processed/train/genuine/original_13_6.png,data/processed/train/genuine/original_6_1.png,0,random_forgery,13,6
data/processed/train/genuine/original_20_21.png,data/processed/train/genuine/original_26_12.png,0,random_forgery,20,26
data/processed/train/genuine/original_1_7.png,data/processed/train/forged/forgeries_1_23.png,0,skilled_forgery,1,1
data/processed/train/genuine/original_15_23.png,data/processed/train/genuine/original_15_6.png,1,genuine_genuine,15,15
data/processed/train/genuine/original_34_1.png,data/processed/train/genuine/original_23_9.png,0,random_forgery,34,23
data/processed/train/genuine/original_8_18.png,data/processed/train/genuine/original_8_22.png,1,genuine_genuine,8,8
data/processed/train/genuine/original_15_14.png,data/processed/train/forged/forgeries_15_24.png,0,skilled_forgery,15,15
data/processed/train/genuine/original_20_1.png,data/processed/train/genuine/original_24_19.png,0,random_forgery,20,24
data/processed/train/genuine/original_20_15.png,data/processed/train/genuine/original_20_23.png,1,genuine_genuine,20,20
data/processed/train/genuine/original_32_11.png,data/processed/train/genuine/original_3_15.png,0,random_forgery,32,3
data/processed/train/genuine/original_29_14.png,data/processed/train/forged/forgeries_29_24.png,0,skilled_forgery,29,29
data/processed/train/genuine/original_2_24.png,data/processed/train/genuine/original_7_2.png,0,random_forgery,2,7
data/processed/train/genuine/original_2_8.png,data/processed/train/forged/forgeries_2_3.png,0,skilled_forgery,2,2
data/processed/train/genuine/original_5_23.png,data/processed/train/genuine/original_5_7.png,1,genuine_genuine,5,5
data/processed/train/genuine/original_24_23.png,data/processed/train/genuine/original_24_9.png,1,genuine_genuine,24,24
data/processed/train/genuine/original_25_20.png,data/processed/train/genuine/original_25_23.png,1,genuine_genuine,25,25
data/processed/train/genuine/original_5_10.png,data/processed/train/genuine/original_28_3.png,0,random_forgery,5,28
data/processed/train/genuine/original_4_11.png,data/processed/train/forged/forgeries_4_10.png,0,skilled_forgery,4,4
data/processed/train/genuine/original_21_21.png,data/processed/train/genuine/original_27_21.png,0,random_forgery,21,27
data/processed/train/genuine/original_27_10.png,data/processed/train/genuine/original_27_9.png,1,genuine_genuine,27,27
data/processed/train/genuine/original_13_7.png,data/processed/train/genuine/original_14_4.png,0,random_forgery,13,14
data/processed/train/genuine/original_13_16.png,data/processed/train/genuine/original_13_2.png,1,genuine_genuine,13,13
data/processed/train/genuine/original_20_12.png,data/processed/train/forged/forgeries_20_19.png,0,skilled_forgery,20,20
data/processed/train/genuine/original_7_24.png,data/processed/train/genuine/original_7_6.png,1,genuine_genuine,7,7
data/processed/train/genuine/original_24_10.png,data/processed/train/forged/forgeries_24_15.png,0,skilled_forgery,24,24
data/processed/train/genuine/original_3_4.png,data/processed/train/forged/forgeries_3_19.png,0,skilled_forgery,3,3
data/processed/train/genuine/original_31_13.png,data/processed/train/genuine/original_31_22.png,1,genuine_genuine,31,31
data/processed/train/genuine/original_26_17.png,data/processed/train/genuine/original_26_21.png,1,genuine_genuine,26,26
data/processed/train/genuine/original_19_16.png,data/processed/train/forged/forgeries_19_21.png,0,skilled_forgery,19,19
data/processed/train/genuine/original_18_2.png,data/processed/train/forged/forgeries_18_11.png,0,skilled_forgery,18,18
data/processed/train/genuine/original_14_2.png,data/processed/train/genuine/original_14_22.png,1,genuine_genuine,14,14
data/processed/train/genuine/original_32_10.png,data/processed/train/genuine/original_32_19.png,1,genuine_genuine,32,32
data/processed/train/genuine/original_13_23.png,data/processed/train/genuine/original_13_3.png,1,genuine_genuine,13,13
data/processed/train/genuine/original_8_16.png,data/processed/train/forged/forgeries_8_19.png,0,skilled_forgery,8,8
data/processed/train/genuine/original_18_2.png,data/processed/train/genuine/original_18_3.png,1,genuine_genuine,18,18
data/processed/train/genuine/original_27_1.png,data/processed/train/genuine/original_27_5.png,1,genuine_genuine,27,27
data/processed/train/genuine/original_32_11.png,data/processed/train/genuine/original_17_9.png,0,random_forgery,32,17
data/processed/train/genuine/original_3_10.png,data/processed/train/genuine/original_3_11.png,1,genuine_genuine,3,3
data/processed/train/genuine/original_6_13.png,data/processed/train/forged/forgeries_6_6.png,0,skilled_forgery,6,6
data/processed/train/genuine/original_17_17.png,data/processed/train/genuine/original_17_9.png,1,genuine_genuine,17,17
data/processed/train/genuine/original_5_3.png,data/processed/train/genuine/original_23_5.png,0,random_forgery,5,23
data/processed/train/genuine/original_12_15.png,data/processed/train/genuine/original_27_18.png,0,random_forgery,12,27
data/processed/train/genuine/original_34_1.png,data/processed/train/forged/forgeries_34_18.png,0,skilled_forgery,34,34
data/processed/train/genuine/original_15_16.png,data/processed/train/genuine/original_34_20.png,0,random_forgery,15,34
data/processed/train/genuine/original_33_17.png,data/processed/train/genuine/original_14_7.png,0,random_forgery,33,14
data/processed/train/genuine/original_30_15.png,data/processed/train/forged/forgeries_30_12.png,0,skilled_forgery,30,30
data/processed/train/genuine/original_22_9.png,data/processed/train/forged/forgeries_22_14.png,0,skilled_forgery,22,22
data/processed/train/genuine/original_32_19.png,data/processed/train/genuine/original_32_7.png,1,genuine_genuine,32,32
data/processed/train/genuine/original_8_18.png,data/processed/train/forged/forgeries_8_5.png,0,skilled_forgery,8,8
data/processed/train/genuine/original_12_8.png,data/processed/train/genuine/original_29_3.png,0,random_forgery,12,29
data/processed/train/genuine/original_24_10.png,data/processed/train/genuine/original_24_24.png,1,genuine_genuine,24,24
data/processed/train/genuine/original_17_14.png,data/processed/train/genuine/original_17_24.png,1,genuine_genuine,17,17
data/processed/train/genuine/original_26_18.png,data/processed/train/genuine/original_26_23.png,1,genuine_genuine,26,26
data/processed/train/genuine/original_28_12.png,data/processed/train/genuine/original_28_15.png,1,genuine_genuine,28,28
data/processed/train/genuine/original_23_18.png,data/processed/train/genuine/original_23_7.png,1,genuine_genuine,23,23
data/processed/train/genuine/original_8_15.png,data/processed/train/genuine/original_20_21.png,0,random_forgery,8,20
data/processed/train/genuine/original_30_9.png,data/processed/train/forged/forgeries_30_22.png,0,skilled_forgery,30,30
data/processed/train/genuine/original_8_16.png,data/processed/train/genuine/original_8_4.png,1,genuine_genuine,8,8
data/processed/train/genuine/original_10_20.png,data/processed/train/forged/forgeries_10_4.png,0,skilled_forgery,10,10
data/processed/train/genuine/original_24_21.png,data/processed/train/genuine/original_24_3.png,1,genuine_genuine,24,24
data/processed/train/genuine/original_29_20.png,data/processed/train/genuine/original_29_5.png,1,genuine_genuine,29,29
data/processed/train/genuine/original_21_22.png,data/processed/train/genuine/original_21_6.png,1,genuine_genuine,21,21
data/processed/train/genuine/original_24_1.png,data/processed/train/genuine/original_24_6.png,1,genuine_genuine,24,24
data/processed/train/genuine/original_25_10.png,data/processed/train/genuine/original_25_19.png,1,genuine_genuine,25,25
data/processed/train/genuine/original_8_4.png,data/processed/train/forged/forgeries_8_24.png,0,skilled_forgery,8,8
data/processed/train/genuine/original_24_12.png,data/processed/train/forged/forgeries_24_15.png,0,skilled_forgery,24,24
data/processed/train/genuine/original_15_21.png,data/processed/train/forged/forgeries_15_4.png,0,skilled_forgery,15,15
data/processed/train/genuine/original_26_11.png,data/processed/train/genuine/original_26_21.png,1,genuine_genuine,26,26
data/processed/train/genuine/original_22_15.png,data/processed/train/forged/forgeries_22_13.png,0,skilled_forgery,22,22
data/processed/train/genuine/original_13_10.png,data/processed/train/genuine/original_7_15.png,0,random_forgery,13,7
data/processed/train/genuine/original_11_19.png,data/processed/train/genuine/original_11_7.png,1,genuine_genuine,11,11
data/processed/train/genuine/original_12_10.png,data/processed/train/genuine/original_12_5.png,1,genuine_genuine,12,12
data/processed/train/genuine/original_5_19.png,data/processed/train/genuine/original_5_22.png,1,genuine_genuine,5,5
data/processed/train/genuine/original_19_16.png,data/processed/train/genuine/original_34_19.png,0,random_forgery,19,34
data/processed/train/genuine/original_26_20.png,data/processed/train/genuine/original_26_22.png,1,genuine_genuine,26,26
data/processed/train/genuine/original_2_1.png,data/processed/train/forged/forgeries_2_11.png,0,skilled_forgery,2,2
data/processed/train/genuine/original_29_10.png,data/processed/train/genuine/original_29_11.png,1,genuine_genuine,29,29
data/processed/train/genuine/original_9_6.png,data/processed/train/genuine/original_13_10.png,0,random_forgery,9,13
data/processed/train/genuine/original_30_12.png,data/processed/train/genuine/original_8_5.png,0,random_forgery,30,8
data/processed/train/genuine/original_24_20.png,data/processed/train/genuine/original_24_4.png,1,genuine_genuine,24,24
data/processed/train/genuine/original_8_7.png,data/processed/train/forged/forgeries_8_17.png,0,skilled_forgery,8,8
data/processed/train/genuine/original_24_11.png,data/processed/train/genuine/original_24_4.png,1,genuine_genuine,24,24
data/processed/train/genuine/original_19_18.png,data/processed/train/genuine/original_19_22.png,1,genuine_genuine,19,19
data/processed/train/genuine/original_35_20.png,data/processed/train/forged/forgeries_35_15.png,0,skilled_forgery,35,35
data/processed/train/genuine/original_6_2.png,data/processed/train/forged/forgeries_6_18.png,0,skilled_forgery,6,6
data/processed/train/genuine/original_18_24.png,data/processed/train/genuine/original_18_5.png,1,genuine_genuine,18,18
data/processed/train/genuine/original_29_14.png,data/processed/train/genuine/original_29_17.png,1,genuine_genuine,29,29
data/processed/train/genuine/original_9_19.png,data/processed/train/genuine/original_9_5.png,1,genuine_genuine,9,9
data/processed/train/genuine/original_2_18.png,data/processed/train/forged/forgeries_2_15.png,0,skilled_forgery,2,2
data/processed/train/genuine/original_12_11.png,data/processed/train/genuine/original_4_9.png,0,random_forgery,12,4
data/processed/train/genuine/original_14_1.png,data/processed/train/genuine/original_14_19.png,1,genuine_genuine,14,14
data/processed/train/genuine/original_35_11.png,data/processed/train/genuine/original_35_16.png,1,genuine_genuine,35,35
data/processed/train/genuine/original_25_5.png,data/processed/train/forged/forgeries_25_5.png,0,skilled_forgery,25,25
data/processed/train/genuine/original_22_20.png,data/processed/train/genuine/original_22_3.png,1,genuine_genuine,22,22
data/processed/train/genuine/original_31_14.png,data/processed/train/genuine/original_31_22.png,1,genuine_genuine,31,31
data/processed/train/genuine/original_2_16.png,data/processed/train/forged/forgeries_2_4.png,0,skilled_forgery,2,2
data/processed/train/genuine/original_20_2.png,data/processed/train/genuine/original_20_4.png,1,genuine_genuine,20,20
data/processed/train/genuine/original_23_3.png,data/processed/train/forged/forgeries_23_24.png,0,skilled_forgery,23,23
data/processed/train/genuine/original_27_24.png,data/processed/train/genuine/original_12_3.png,0,random_forgery,27,12
data/processed/train/genuine/original_12_18.png,data/processed/train/genuine/original_20_23.png,0,random_forgery,12,20
data/processed/train/genuine/original_33_10.png,data/processed/train/genuine/original_33_4.png,1,genuine_genuine,33,33
data/processed/train/genuine/original_16_1.png,data/processed/train/genuine/original_16_2.png,1,genuine_genuine,16,16
data/processed/train/genuine/original_22_18.png,data/processed/train/genuine/original_22_21.png,1,genuine_genuine,22,22
data/processed/train/genuine/original_6_20.png,data/processed/train/genuine/original_6_22.png,1,genuine_genuine,6,6
data/processed/train/genuine/original_31_5.png,data/processed/train/forged/forgeries_31_9.png,0,skilled_forgery,31,31
data/processed/train/genuine/original_35_1.png,data/processed/train/genuine/original_35_12.png,1,genuine_genuine,35,35
data/processed/train/genuine/original_12_3.png,data/processed/train/forged/forgeries_12_3.png,0,skilled_forgery,12,12
data/processed/train/genuine/original_17_14.png,data/processed/train/genuine/original_17_16.png,1,genuine_genuine,17,17
data/processed/train/genuine/original_18_13.png,data/processed/train/genuine/original_18_22.png,1,genuine_genuine,18,18
data/processed/train/genuine/original_23_1.png,data/processed/train/genuine/original_23_13.png,1,genuine_genuine,23,23
data/processed/train/genuine/original_8_19.png,data/processed/train/genuine/original_8_7.png,1,genuine_genuine,8,8
data/processed/train/genuine/original_26_12.png,data/processed/train/genuine/original_13_9.png,0,random_forgery,26,13
data/processed/train/genuine/original_27_15.png,data/processed/train/genuine/original_27_23.png,1,genuine_genuine,27,27
data/processed/train/genuine/original_17_20.png,data/processed/train/forged/forgeries_17_23.png,0,skilled_forgery,17,17
data/processed/train/genuine/original_32_16.png,data/processed/train/genuine/original_32_23.png,1,genuine_genuine,32,32
data/processed/train/genuine/original_9_14.png,data/processed/train/forged/forgeries_9_11.png,0,skilled_forgery,9,9
data/processed/train/genuine/original_23_14.png,data/processed/train/forged/forgeries_23_13.png,0,skilled_forgery,23,23
data/processed/train/genuine/original_32_21.png,data/processed/train/genuine/original_32_8.png,1,genuine_genuine,32,32
data/processed/train/genuine/original_33_11.png,data/processed/train/genuine/original_33_22.png,1,genuine_genuine,33,33
data/processed/train/genuine/original_27_6.png,data/processed/train/forged/forgeries_27_20.png,0,skilled_forgery,27,27
data/processed/train/genuine/original_28_20.png,data/processed/train/genuine/original_28_22.png,1,genuine_genuine,28,28
data/processed/train/genuine/original_33_19.png,data/processed/train/forged/forgeries_33_4.png,0,skilled_forgery,33,33
data/processed/train/genuine/original_8_15.png,data/processed/train/genuine/original_8_17.png,1,genuine_genuine,8,8
data/processed/train/genuine/original_31_11.png,data/processed/train/genuine/original_31_7.png,1,genuine_genuine,31,31
data/processed/train/genuine/original_11_1.png,data/processed/train/genuine/original_11_5.png,1,genuine_genuine,11,11
data/processed/train/genuine/original_33_17.png,data/processed/train/genuine/original_33_5.png,1,genuine_genuine,33,33
data/processed/train/genuine/original_34_14.png,data/processed/train/forged/forgeries_34_17.png,0,skilled_forgery,34,34
data/processed/train/genuine/original_19_7.png,data/processed/train/genuine/original_29_7.png,0,random_forgery,19,29
data/processed/train/genuine/original_4_14.png,data/processed/train/genuine/original_4_18.png,1,genuine_genuine,4,4
data/processed/train/genuine/original_10_11.png,data/processed/train/genuine/original_10_16.png,1,genuine_genuine,10,10
data/processed/train/genuine/original_25_12.png,data/processed/train/genuine/original_25_18.png,1,genuine_genuine,25,25
data/processed/train/genuine/original_26_19.png,data/processed/train/forged/forgeries_26_7.png,0,skilled_forgery,26,26
data/processed/train/genuine/original_27_20.png,data/processed/train/forged/forgeries_27_1.png,0,skilled_forgery,27,27
data/processed/train/genuine/original_13_14.png,data/processed/train/genuine/original_25_3.png,0,random_forgery,13,25
data/processed/train/genuine/original_31_12.png,data/processed/train/forged/forgeries_31_3.png,0,skilled_forgery,31,31
data/processed/train/genuine/original_13_21.png,data/processed/train/genuine/original_13_9.png,1,genuine_genuine,13,13
data/processed/train/genuine/original_24_18.png,data/processed/train/genuine/original_24_23.png,1,genuine_genuine,24,24
data/processed/train/genuine/original_35_20.png,data/processed/train/genuine/original_35_6.png,1,genuine_genuine,35,35
data/processed/train/genuine/original_29_4.png,data/processed/train/forged/forgeries_29_23.png,0,skilled_forgery,29,29
data/processed/train/genuine/original_30_3.png,data/processed/train/genuine/original_30_7.png,1,genuine_genuine,30,30
data/processed/train/genuine/original_8_4.png,data/processed/train/genuine/original_8_9.png,1,genuine_genuine,8,8
data/processed/train/genuine/original_26_11.png,data/processed/train/genuine/original_26_16.png,1,genuine_genuine,26,26
data/processed/train/genuine/original_13_15.png,data/processed/train/genuine/original_13_8.png,1,genuine_genuine,13,13
data/processed/train/genuine/original_12_14.png,data/processed/train/genuine/original_12_15.png,1,genuine_genuine,12,12
data/processed/train/genuine/original_30_15.png,data/processed/train/genuine/original_14_9.png,0,random_forgery,30,14
data/processed/train/genuine/original_22_16.png,data/processed/train/forged/forgeries_22_1.png,0,skilled_forgery,22,22
data/processed/train/genuine/original_27_5.png,data/processed/train/genuine/original_27_8.png,1,genuine_genuine,27,27
data/processed/train/genuine/original_35_1.png,data/processed/train/forged/forgeries_35_6.png,0,skilled_forgery,35,35
data/processed/train/genuine/original_24_9.png,data/processed/train/genuine/original_20_1.png,0,random_forgery,24,20
data/processed/train/genuine/original_6_4.png,data/processed/train/genuine/original_6_5.png,1,genuine_genuine,6,6
data/processed/train/genuine/original_9_23.png,data/processed/train/genuine/original_31_3.png,0,random_forgery,9,31
data/processed/train/genuine/original_7_1.png,data/processed/train/genuine/original_7_20.png,1,genuine_genuine,7,7
data/processed/train/genuine/original_33_21.png,data/processed/train/genuine/original_33_22.png,1,genuine_genuine,33,33
data/processed/train/genuine/original_16_16.png,data/processed/train/genuine/original_16_23.png,1,genuine_genuine,16,16
data/processed/train/genuine/original_23_17.png,data/processed/train/genuine/original_23_22.png,1,genuine_genuine,23,23
data/processed/train/genuine/original_28_23.png,data/processed/train/forged/forgeries_28_6.png,0,skilled_forgery,28,28
data/processed/train/genuine/original_12_18.png,data/processed/train/genuine/original_23_2.png,0,random_forgery,12,23
data/processed/train/genuine/original_5_11.png,data/processed/train/genuine/original_5_21.png,1,genuine_genuine,5,5
data/processed/train/genuine/original_5_10.png,data/processed/train/genuine/original_5_15.png,1,genuine_genuine,5,5
data/processed/train/genuine/original_10_8.png,data/processed/train/forged/forgeries_10_7.png,0,skilled_forgery,10,10
data/processed/train/genuine/original_9_11.png,data/processed/train/genuine/original_9_15.png,1,genuine_genuine,9,9
data/processed/train/genuine/original_31_18.png,data/processed/train/genuine/original_31_2.png,1,genuine_genuine,31,31
data/processed/train/genuine/original_10_4.png,data/processed/train/genuine/original_11_21.png,0,random_forgery,10,11
data/processed/train/genuine/original_35_15.png,data/processed/train/genuine/original_35_21.png,1,genuine_genuine,35,35
data/processed/train/genuine/original_6_10.png,data/processed/train/forged/forgeries_6_11.png,0,skilled_forgery,6,6
data/processed/train/genuine/original_11_18.png,data/processed/train/forged/forgeries_11_4.png,0,skilled_forgery,11,11
data/processed/train/genuine/original_20_23.png,data/processed/train/genuine/original_4_4.png,0,random_forgery,20,4
data/processed/train/genuine/original_35_9.png,data/processed/train/forged/forgeries_35_1.png,0,skilled_forgery,35,35
data/processed/train/genuine/original_20_11.png,data/processed/train/forged/forgeries_20_17.png,0,skilled_forgery,20,20
data/processed/train/genuine/original_17_17.png,data/processed/train/genuine/original_23_10.png,0,random_forgery,17,23
data/processed/train/genuine/original_17_8.png,data/processed/train/forged/forgeries_17_14.png,0,skilled_forgery,17,17
data/processed/train/genuine/original_25_21.png,data/processed/train/forged/forgeries_25_4.png,0,skilled_forgery,25,25
data/processed/train/genuine/original_23_6.png,data/processed/train/genuine/original_23_7.png,1,genuine_genuine,23,23
data/processed/train/genuine/original_15_4.png,data/processed/train/forged/forgeries_15_4.png,0,skilled_forgery,15,15
data/processed/train/genuine/original_21_14.png,data/processed/train/genuine/original_21_21.png,1,genuine_genuine,21,21
data/processed/train/genuine/original_25_20.png,data/processed/train/genuine/original_25_6.png,1,genuine_genuine,25,25
data/processed/train/genuine/original_35_20.png,data/processed/train/genuine/original_35_7.png,1,genuine_genuine,35,35
data/processed/train/genuine/original_35_16.png,data/processed/train/genuine/original_15_3.png,0,random_forgery,35,15
data/processed/train/genuine/original_9_4.png,data/processed/train/genuine/original_9_9.png,1,genuine_genuine,9,9
data/processed/train/genuine/original_26_10.png,data/processed/train/genuine/original_2_16.png,0,random_forgery,26,2
data/processed/train/genuine/original_9_3.png,data/processed/train/genuine/original_5_15.png,0,random_forgery,9,5
data/processed/train/genuine/original_26_10.png,data/processed/train/forged/forgeries_26_12.png,0,skilled_forgery,26,26
data/processed/train/genuine/original_13_19.png,data/processed/train/genuine/original_35_12.png,0,random_forgery,13,35
data/processed/train/genuine/original_32_16.png,data/processed/train/genuine/original_32_7.png,1,genuine_genuine,32,32
data/processed/train/genuine/original_9_7.png,data/processed/train/genuine/original_18_5.png,0,random_forgery,9,18
data/processed/train/genuine/original_9_21.png,data/processed/train/genuine/original_21_21.png,0,random_forgery,9,21
data/processed/train/genuine/original_5_1.png,data/processed/train/forged/forgeries_5_17.png,0,skilled_forgery,5,5
data/processed/train/genuine/original_30_11.png,data/processed/train/genuine/original_30_15.png,1,genuine_genuine,30,30
data/processed/train/genuine/original_12_14.png,data/processed/train/genuine/original_12_17.png,1,genuine_genuine,12,12
data/processed/train/genuine/original_2_21.png,data/processed/train/forged/forgeries_2_2.png,0,skilled_forgery,2,2
data/processed/train/genuine/original_30_8.png,data/processed/train/genuine/original_24_17.png,0,random_forgery,30,24
data/processed/train/genuine/original_24_2.png,data/processed/train/genuine/original_24_3.png,1,genuine_genuine,24,24
data/processed/train/genuine/original_33_19.png,data/processed/train/forged/forgeries_33_3.png,0,skilled_forgery,33,33
data/processed/train/genuine/original_6_22.png,data/processed/train/genuine/original_6_8.png,1,genuine_genuine,6,6
data/processed/train/genuine/original_1_14.png,data/processed/train/forged/forgeries_1_2.png,0,skilled_forgery,1,1
data/processed/train/genuine/original_6_14.png,data/processed/train/genuine/original_6_7.png,1,genuine_genuine,6,6
data/processed/train/genuine/original_31_3.png,data/processed/train/forged/forgeries_31_8.png,0,skilled_forgery,31,31
data/processed/train/genuine/original_8_4.png,data/processed/train/genuine/original_8_7.png,1,genuine_genuine,8,8
data/processed/train/genuine/original_7_1.png,data/processed/train/forged/forgeries_7_20.png,0,skilled_forgery,7,7
data/processed/train/genuine/original_10_14.png,data/processed/train/genuine/original_10_2.png,1,genuine_genuine,10,10
data/processed/train/genuine/original_27_24.png,data/processed/train/genuine/original_27_8.png,1,genuine_genuine,27,27
data/processed/train/genuine/original_2_16.png,data/processed/train/genuine/original_30_3.png,0,random_forgery,2,30
data/processed/train/genuine/original_21_4.png,data/processed/train/genuine/original_2_12.png,0,random_forgery,21,2
data/processed/train/genuine/original_25_17.png,data/processed/train/genuine/original_25_20.png,1,genuine_genuine,25,25
data/processed/train/genuine/original_28_12.png,data/processed/train/genuine/original_28_8.png,1,genuine_genuine,28,28
data/processed/train/genuine/original_14_18.png,data/processed/train/forged/forgeries_14_4.png,0,skilled_forgery,14,14
data/processed/train/genuine/original_13_19.png,data/processed/train/genuine/original_13_3.png,1,genuine_genuine,13,13
data/processed/train/genuine/original_20_10.png,data/processed/train/genuine/original_20_23.png,1,genuine_genuine,20,20
data/processed/train/genuine/original_3_10.png,data/processed/train/genuine/original_3_13.png,1,genuine_genuine,3,3
data/processed/train/genuine/original_14_17.png,data/processed/train/genuine/original_14_5.png,1,genuine_genuine,14,14
data/processed/train/genuine/original_15_20.png,data/processed/train/genuine/original_15_6.png,1,genuine_genuine,15,15
data/processed/train/genuine/original_5_3.png,data/processed/train/forged/forgeries_5_17.png,0,skilled_forgery,5,5
data/processed/train/genuine/original_23_14.png,data/processed/train/genuine/original_23_8.png,1,genuine_genuine,23,23
data/processed/train/genuine/original_15_1.png,data/processed/train/genuine/original_28_1.png,0,random_forgery,15,28
data/processed/train/genuine/original_2_14.png,data/processed/train/genuine/original_2_24.png,1,genuine_genuine,2,2
data/processed/train/genuine/original_34_8.png,data/processed/train/forged/forgeries_34_11.png,0,skilled_forgery,34,34
data/processed/train/genuine/original_23_20.png,data/processed/train/genuine/original_23_24.png,1,genuine_genuine,23,23
data/processed/train/genuine/original_34_13.png,data/processed/train/genuine/original_34_7.png,1,genuine_genuine,34,34
data/processed/train/genuine/original_31_20.png,data/processed/train/genuine/original_31_24.png,1,genuine_genuine,31,31
data/processed/train/genuine/original_4_17.png,data/processed/train/genuine/original_4_5.png,1,genuine_genuine,4,4
data/processed/train/genuine/original_9_7.png,data/processed/train/genuine/original_29_3.png,0,random_forgery,9,29
data/processed/train/genuine/original_26_12.png,data/processed/train/genuine/original_31_16.png,0,random_forgery,26,31
data/processed/train/genuine/original_23_24.png,data/processed/train/genuine/original_23_5.png,1,genuine_genuine,23,23
data/processed/train/genuine/original_29_10.png,data/processed/train/genuine/original_29_3.png,1,genuine_genuine,29,29
data/processed/train/genuine/original_27_16.png,data/processed/train/forged/forgeries_27_8.png,0,skilled_forgery,27,27
data/processed/train/genuine/original_32_16.png,data/processed/train/genuine/original_32_17.png,1,genuine_genuine,32,32
data/processed/train/genuine/original_17_14.png,data/processed/train/forged/forgeries_17_13.png,0,skilled_forgery,17,17
data/processed/train/genuine/original_7_22.png,data/processed/train/forged/forgeries_7_12.png,0,skilled_forgery,7,7
data/processed/train/genuine/original_12_18.png,data/processed/train/genuine/original_12_21.png,1,genuine_genuine,12,12
data/processed/train/genuine/original_24_1.png,data/processed/train/genuine/original_4_14.png,0,random_forgery,24,4
data/processed/train/genuine/original_35_11.png,data/processed/train/forged/forgeries_35_5.png,0,skilled_forgery,35,35
data/processed/train/genuine/original_1_20.png,data/processed/train/forged/forgeries_1_14.png,0,skilled_forgery,1,1
data/processed/train/genuine/original_29_22.png,data/processed/train/genuine/original_17_4.png,0,random_forgery,29,17
data/processed/train/genuine/original_18_18.png,data/processed/train/genuine/original_18_9.png,1,genuine_genuine,18,18
data/processed/train/genuine/original_3_16.png,data/processed/train/genuine/original_3_18.png,1,genuine_genuine,3,3
data/processed/train/genuine/original_26_1.png,data/processed/train/genuine/original_26_22.png,1,genuine_genuine,26,26
data/processed/train/genuine/original_31_11.png,data/processed/train/forged/forgeries_31_11.png,0,skilled_forgery,31,31
data/processed/train/genuine/original_32_2.png,data/processed/train/genuine/original_19_20.png,0,random_forgery,32,19
data/processed/train/genuine/original_16_13.png,data/processed/train/genuine/original_16_18.png,1,genuine_genuine,16,16
data/processed/train/genuine/original_5_24.png,data/processed/train/genuine/original_5_8.png,1,genuine_genuine,5,5
data/processed/train/genuine/original_9_1.png,data/processed/train/genuine/original_9_21.png,1,genuine_genuine,9,9
data/processed/train/genuine/original_29_11.png,data/processed/train/genuine/original_29_6.png,1,genuine_genuine,29,29
data/processed/train/genuine/original_21_14.png,data/processed/train/genuine/original_21_5.png,1,genuine_genuine,21,21
data/processed/train/genuine/original_28_11.png,data/processed/train/genuine/original_34_16.png,0,random_forgery,28,34
data/processed/train/genuine/original_11_22.png,data/processed/train/genuine/original_10_2.png,0,random_forgery,11,10
data/processed/train/genuine/original_10_5.png,data/processed/train/genuine/original_10_7.png,1,genuine_genuine,10,10
data/processed/train/genuine/original_21_18.png,data/processed/train/genuine/original_21_24.png,1,genuine_genuine,21,21
data/processed/train/genuine/original_28_16.png,data/processed/train/genuine/original_28_24.png,1,genuine_genuine,28,28
data/processed/train/genuine/original_4_1.png,data/processed/train/forged/forgeries_4_20.png,0,skilled_forgery,4,4
data/processed/train/genuine/original_35_22.png,data/processed/train/genuine/original_35_7.png,1,genuine_genuine,35,35
data/processed/train/genuine/original_9_1.png,data/processed/train/genuine/original_9_12.png,1,genuine_genuine,9,9
data/processed/train/genuine/original_30_2.png,data/processed/train/genuine/original_30_4.png,1,genuine_genuine,30,30
data/processed/train/genuine/original_18_18.png,data/processed/train/forged/forgeries_18_12.png,0,skilled_forgery,18,18
data/processed/train/genuine/original_25_16.png,data/processed/train/genuine/original_5_20.png,0,random_forgery,25,5
data/processed/train/genuine/original_7_13.png,data/processed/train/genuine/original_7_14.png,1,genuine_genuine,7,7
data/processed/train/genuine/original_33_2.png,data/processed/train/genuine/original_33_7.png,1,genuine_genuine,33,33
data/processed/train/genuine/original_24_13.png,data/processed/train/genuine/original_24_3.png,1,genuine_genuine,24,24
data/processed/train/genuine/original_22_17.png,data/processed/train/forged/forgeries_22_7.png,0,skilled_forgery,22,22
data/processed/train/genuine/original_3_24.png,data/processed/train/genuine/original_5_10.png,0,random_forgery,3,5
data/processed/train/genuine/original_28_6.png,data/processed/train/forged/forgeries_28_19.png,0,skilled_forgery,28,28
data/processed/train/genuine/original_9_7.png,data/processed/train/forged/forgeries_9_11.png,0,skilled_forgery,9,9
data/processed/train/genuine/original_10_19.png,data/processed/train/forged/forgeries_10_24.png,0,skilled_forgery,10,10
data/processed/train/genuine/original_32_3.png,data/processed/train/forged/forgeries_32_1.png,0,skilled_forgery,32,32
data/processed/train/genuine/original_22_8.png,data/processed/train/genuine/original_22_9.png,1,genuine_genuine,22,22
data/processed/train/genuine/original_24_10.png,data/processed/train/genuine/original_22_22.png,0,random_forgery,24,22
data/processed/train/genuine/original_20_20.png,data/processed/train/genuine/original_20_8.png,1,genuine_genuine,20,20
data/processed/train/genuine/original_16_18.png,data/processed/train/genuine/original_4_20.png,0,random_forgery,16,4
data/processed/train/genuine/original_35_14.png,data/processed/train/genuine/original_35_4.png,1,genuine_genuine,35,35
data/processed/train/genuine/original_3_23.png,data/processed/train/forged/forgeries_3_13.png,0,skilled_forgery,3,3
data/processed/train/genuine/original_18_23.png,data/processed/train/genuine/original_18_3.png,1,genuine_genuine,18,18
data/processed/train/genuine/original_23_11.png,data/processed/train/genuine/original_23_23.png,1,genuine_genuine,23,23
data/processed/train/genuine/original_32_24.png,data/processed/train/genuine/original_32_7.png,1,genuine_genuine,32,32
data/processed/train/genuine/original_3_14.png,data/processed/train/genuine/original_3_3.png,1,genuine_genuine,3,3
data/processed/train/genuine/original_33_12.png,data/processed/train/forged/forgeries_33_7.png,0,skilled_forgery,33,33
data/processed/train/genuine/original_11_1.png,data/processed/train/forged/forgeries_11_20.png,0,skilled_forgery,11,11
data/processed/train/genuine/original_35_13.png,data/processed/train/genuine/original_35_4.png,1,genuine_genuine,35,35
data/processed/train/genuine/original_33_1.png,data/processed/train/genuine/original_33_23.png,1,genuine_genuine,33,33
data/processed/train/genuine/original_4_22.png,data/processed/train/genuine/original_4_24.png,1,genuine_genuine,4,4
data/processed/train/genuine/original_5_11.png,data/processed/train/forged/forgeries_5_24.png,0,skilled_forgery,5,5
data/processed/train/genuine/original_28_13.png,data/processed/train/genuine/original_28_16.png,1,genuine_genuine,28,28
data/processed/train/genuine/original_21_16.png,data/processed/train/forged/forgeries_21_20.png,0,skilled_forgery,21,21
data/processed/train/genuine/original_27_15.png,data/processed/train/genuine/original_27_9.png,1,genuine_genuine,27,27
data/processed/train/genuine/original_11_12.png,data/processed/train/forged/forgeries_11_16.png,0,skilled_forgery,11,11
data/processed/train/genuine/original_31_12.png,data/processed/train/forged/forgeries_31_6.png,0,skilled_forgery,31,31
data/processed/train/genuine/original_8_20.png,data/processed/train/genuine/original_8_8.png,1,genuine_genuine,8,8
data/processed/train/genuine/original_27_23.png,data/processed/train/forged/forgeries_27_24.png,0,skilled_forgery,27,27
data/processed/train/genuine/original_10_17.png,data/processed/train/genuine/original_10_6.png,1,genuine_genuine,10,10
data/processed/train/genuine/original_23_8.png,data/processed/train/genuine/original_27_5.png,0,random_forgery,23,27
data/processed/train/genuine/original_34_23.png,data/processed/train/forged/forgeries_34_4.png,0,skilled_forgery,34,34
data/processed/train/genuine/original_15_1.png,data/processed/train/genuine/original_15_21.png,1,genuine_genuine,15,15
data/processed/train/genuine/original_33_14.png,data/processed/train/forged/forgeries_33_14.png,0,skilled_forgery,33,33
data/processed/train/genuine/original_16_11.png,data/processed/train/genuine/original_16_7.png,1,genuine_genuine,16,16
data/processed/train/genuine/original_12_1.png,data/processed/train/genuine/original_12_12.png,1,genuine_genuine,12,12
data/processed/train/genuine/original_2_1.png,data/processed/train/genuine/original_2_8.png,1,genuine_genuine,2,2
data/processed/train/genuine/original_14_11.png,data/processed/train/genuine/original_27_10.png,0,random_forgery,14,27
data/processed/train/genuine/original_31_13.png,data/processed/train/forged/forgeries_31_12.png,0,skilled_forgery,31,31
data/processed/train/genuine/original_10_15.png,data/processed/train/genuine/original_10_8.png,1,genuine_genuine,10,10
data/processed/train/genuine/original_21_14.png,data/processed/train/genuine/original_21_23.png,1,genuine_genuine,21,21
data/processed/train/genuine/original_1_1.png,data/processed/train/genuine/original_1_16.png,1,genuine_genuine,1,1
data/processed/train/genuine/original_3_20.png,data/processed/train/genuine/original_15_16.png,0,random_forgery,3,15
data/processed/train/genuine/original_28_4.png,data/processed/train/forged/forgeries_28_16.png,0,skilled_forgery,28,28
data/processed/train/genuine/original_34_16.png,data/processed/train/genuine/original_1_3.png,0,random_forgery,34,1
data/processed/train/genuine/original_30_13.png,data/processed/train/forged/forgeries_30_9.png,0,skilled_forgery,30,30
data/processed/train/genuine/original_10_22.png,data/processed/train/genuine/original_31_7.png,0,random_forgery,10,31
data/processed/train/genuine/original_19_18.png,data/processed/train/genuine/original_19_9.png,1,genuine_genuine,19,19
data/processed/train/genuine/original_10_3.png,data/processed/train/genuine/original_10_6.png,1,genuine_genuine,10,10
data/processed/train/genuine/original_15_16.png,data/processed/train/forged/forgeries_15_18.png,0,skilled_forgery,15,15
data/processed/train/genuine/original_32_13.png,data/processed/train/genuine/original_18_9.png,0,random_forgery,32,18
data/processed/train/genuine/original_4_13.png,data/processed/train/genuine/original_4_14.png,1,genuine_genuine,4,4
data/processed/train/genuine/original_29_14.png,data/processed/train/genuine/original_29_9.png,1,genuine_genuine,29,29
data/processed/train/genuine/original_12_15.png,data/processed/train/genuine/original_12_6.png,1,genuine_genuine,12,12
data/processed/train/genuine/original_27_11.png,data/processed/train/genuine/original_27_13.png,1,genuine_genuine,27,27
data/processed/train/genuine/original_10_4.png,data/processed/train/genuine/original_21_22.png,0,random_forgery,10,21
data/processed/train/genuine/original_19_19.png,data/processed/train/forged/forgeries_19_16.png,0,skilled_forgery,19,19
data/processed/train/genuine/original_25_19.png,data/processed/train/genuine/original_24_17.png,0,random_forgery,25,24
data/processed/train/genuine/original_29_10.png,data/processed/train/genuine/original_29_20.png,1,genuine_genuine,29,29
data/processed/train/genuine/original_6_9.png,data/processed/train/forged/forgeries_6_12.png,0,skilled_forgery,6,6
data/processed/train/genuine/original_35_18.png,data/processed/train/genuine/original_9_19.png,0,random_forgery,35,9
data/processed/train/genuine/original_16_23.png,data/processed/train/genuine/original_16_5.png,1,genuine_genuine,16,16
data/processed/train/genuine/original_26_13.png,data/processed/train/genuine/original_26_2.png,1,genuine_genuine,26,26
data/processed/train/genuine/original_15_10.png,data/processed/train/genuine/original_15_14.png,1,genuine_genuine,15,15
data/processed/train/genuine/original_14_13.png,data/processed/train/genuine/original_14_6.png,1,genuine_genuine,14,14
data/processed/train/genuine/original_23_18.png,data/processed/train/genuine/original_23_9.png,1,genuine_genuine,23,23
data/processed/train/genuine/original_10_16.png,data/processed/train/genuine/original_10_7.png,1,genuine_genuine,10,10
data/processed/train/genuine/original_29_14.png,data/processed/train/forged/forgeries_29_18.png,0,skilled_forgery,29,29
data/processed/train/genuine/original_5_20.png,data/processed/train/genuine/original_5_21.png,1,genuine_genuine,5,5
data/processed/train/genuine/original_9_9.png,data/processed/train/forged/forgeries_9_17.png,0,skilled_forgery,9,9
data/processed/train/genuine/original_24_20.png,data/processed/train/genuine/original_24_22.png,1,genuine_genuine,24,24
data/processed/train/genuine/original_11_12.png,data/processed/train/genuine/original_11_4.png,1,genuine_genuine,11,11
data/processed/train/genuine/original_28_12.png,data/processed/train/genuine/original_28_17.png,1,genuine_genuine,28,28
data/processed/train/genuine/original_5_8.png,data/processed/train/genuine/original_5_9.png,1,genuine_genuine,5,5
data/processed/train/genuine/original_11_12.png,data/processed/train/genuine/original_11_9.png,1,genuine_genuine,11,11
data/processed/train/genuine/original_10_15.png,data/processed/train/genuine/original_10_23.png,1,genuine_genuine,10,10
data/processed/train/genuine/original_9_7.png,data/processed/train/forged/forgeries_9_13.png,0,skilled_forgery,9,9
data/processed/train/genuine/original_28_3.png,data/processed/train/genuine/original_28_4.png,1,genuine_genuine,28,28
data/processed/train/genuine/original_13_2.png,data/processed/train/genuine/original_1_2.png,0,random_forgery,13,1
data/processed/train/genuine/original_31_18.png,data/processed/train/genuine/original_32_24.png,0,random_forgery,31,32
data/processed/train/genuine/original_4_10.png,data/processed/train/forged/forgeries_4_21.png,0,skilled_forgery,4,4
data/processed/train/genuine/original_33_10.png,data/processed/train/genuine/original_33_15.png,1,genuine_genuine,33,33
data/processed/train/genuine/original_16_8.png,data/processed/train/genuine/original_8_5.png,0,random_forgery,16,8
data/processed/train/genuine/original_12_24.png,data/processed/train/genuine/original_35_13.png,0,random_forgery,12,35
data/processed/train/genuine/original_19_16.png,data/processed/train/forged/forgeries_19_7.png,0,skilled_forgery,19,19
data/processed/train/genuine/original_21_23.png,data/processed/train/forged/forgeries_21_1.png,0,skilled_forgery,21,21
data/processed/train/genuine/original_6_23.png,data/processed/train/genuine/original_6_8.png,1,genuine_genuine,6,6
data/processed/train/genuine/original_28_6.png,data/processed/train/forged/forgeries_28_16.png,0,skilled_forgery,28,28
data/processed/train/genuine/original_22_15.png,data/processed/train/genuine/original_22_23.png,1,genuine_genuine,22,22
data/processed/train/genuine/original_25_1.png,data/processed/train/forged/forgeries_25_14.png,0,skilled_forgery,25,25
data/processed/train/genuine/original_25_9.png,data/processed/train/forged/forgeries_25_22.png,0,skilled_forgery,25,25
data/processed/train/genuine/original_35_15.png,data/processed/train/forged/forgeries_35_15.png,0,skilled_forgery,35,35
data/processed/train/genuine/original_15_20.png,data/processed/train/genuine/original_2_16.png,0,random_forgery,15,2
data/processed/train/genuine/original_2_18.png,data/processed/train/genuine/original_9_11.png,0,random_forgery,2,9
data/processed/train/genuine/original_10_19.png,data/processed/train/genuine/original_10_4.png,1,genuine_genuine,10,10
data/processed/train/genuine/original_9_17.png,data/processed/train/genuine/original_9_7.png,1,genuine_genuine,9,9
data/processed/train/genuine/original_30_23.png,data/processed/train/genuine/original_19_9.png,0,random_forgery,30,19
data/processed/train/genuine/original_7_16.png,data/processed/train/genuine/original_1_3.png,0,random_forgery,7,1
data/processed/train/genuine/original_28_13.png,data/processed/train/genuine/original_28_17.png,1,genuine_genuine,28,28
data/processed/train/genuine/original_10_10.png,data/processed/train/genuine/original_10_12.png,1,genuine_genuine,10,10
data/processed/train/genuine/original_17_20.png,data/processed/train/genuine/original_17_5.png,1,genuine_genuine,17,17
data/processed/train/genuine/original_35_1.png,data/processed/train/genuine/original_35_4.png,1,genuine_genuine,35,35
data/processed/train/genuine/original_5_6.png,data/processed/train/genuine/original_15_7.png,0,random_forgery,5,15
data/processed/train/genuine/original_26_12.png,data/processed/train/genuine/original_26_17.png,1,genuine_genuine,26,26
data/processed/train/genuine/original_18_12.png,data/processed/train/genuine/original_18_15.png,1,genuine_genuine,18,18
data/processed/train/genuine/original_5_1.png,data/processed/train/forged/forgeries_5_7.png,0,skilled_forgery,5,5
data/processed/train/genuine/original_19_20.png,data/processed/train/genuine/original_25_22.png,0,random_forgery,19,25
data/processed/train/genuine/original_29_12.png,data/processed/train/genuine/original_29_4.png,1,genuine_genuine,29,29
data/processed/train/genuine/original_6_3.png,data/processed/train/genuine/original_25_3.png,0,random_forgery,6,25
data/processed/train/genuine/original_2_2.png,data/processed/train/forged/forgeries_2_10.png,0,skilled_forgery,2,2
data/processed/train/genuine/original_17_22.png,data/processed/train/genuine/original_17_24.png,1,genuine_genuine,17,17
data/processed/train/genuine/original_16_1.png,data/processed/train/forged/forgeries_16_16.png,0,skilled_forgery,16,16
data/processed/train/genuine/original_29_13.png,data/processed/train/forged/forgeries_29_20.png,0,skilled_forgery,29,29
data/processed/train/genuine/original_29_22.png,data/processed/train/genuine/original_29_9.png,1,genuine_genuine,29,29
data/processed/train/genuine/original_31_17.png,data/processed/train/forged/forgeries_31_19.png,0,skilled_forgery,31,31
data/processed/train/genuine/original_29_13.png,data/processed/train/genuine/original_29_7.png,1,genuine_genuine,29,29
data/processed/train/genuine/original_6_17.png,data/processed/train/forged/forgeries_6_3.png,0,skilled_forgery,6,6
data/processed/train/genuine/original_29_16.png,data/processed/train/genuine/original_29_23.png,1,genuine_genuine,29,29
data/processed/train/genuine/original_7_21.png,data/processed/train/genuine/original_7_5.png,1,genuine_genuine,7,7
data/processed/train/genuine/original_17_18.png,data/processed/train/forged/forgeries_17_22.png,0,skilled_forgery,17,17
data/processed/train/genuine/original_29_14.png,data/processed/train/genuine/original_29_21.png,1,genuine_genuine,29,29
data/processed/train/genuine/original_35_4.png,data/processed/train/forged/forgeries_35_1.png,0,skilled_forgery,35,35
data/processed/train/genuine/original_28_13.png,data/processed/train/genuine/original_28_15.png,1,genuine_genuine,28,28
data/processed/train/genuine/original_3_1.png,data/processed/train/genuine/original_11_17.png,0,random_forgery,3,11
data/processed/train/genuine/original_17_20.png,data/processed/train/genuine/original_17_21.png,1,genuine_genuine,17,17
data/processed/train/genuine/original_14_11.png,data/processed/train/genuine/original_14_12.png,1,genuine_genuine,14,14
data/processed/train/genuine/original_33_1.png,data/processed/train/forged/forgeries_33_17.png,0,skilled_forgery,33,33
data/processed/train/genuine/original_16_19.png,data/processed/train/genuine/original_16_21.png,1,genuine_genuine,16,16
data/processed/train/genuine/original_32_17.png,data/processed/train/genuine/original_32_18.png,1,genuine_genuine,32,32
data/processed/train/genuine/original_14_8.png,data/processed/train/forged/forgeries_14_9.png,0,skilled_forgery,14,14
data/processed/train/genuine/original_7_13.png,data/processed/train/genuine/original_7_18.png,1,genuine_genuine,7,7
data/processed/train/genuine/original_27_11.png,data/processed/train/genuine/original_27_2.png,1,genuine_genuine,27,27
data/processed/train/genuine/original_11_14.png,data/processed/train/genuine/original_7_18.png,0,random_forgery,11,7
data/processed/train/genuine/original_32_20.png,data/processed/train/genuine/original_32_23.png,1,genuine_genuine,32,32
data/processed/train/genuine/original_13_12.png,data/processed/train/genuine/original_13_16.png,1,genuine_genuine,13,13
data/processed/train/genuine/original_27_8.png,data/processed/train/genuine/original_27_9.png,1,genuine_genuine,27,27
data/processed/train/genuine/original_31_18.png,data/processed/train/genuine/original_31_7.png,1,genuine_genuine,31,31
data/processed/train/genuine/original_5_8.png,data/processed/train/genuine/original_25_22.png,0,random_forgery,5,25
data/processed/train/genuine/original_10_19.png,data/processed/train/genuine/original_10_5.png,1,genuine_genuine,10,10
data/processed/train/genuine/original_11_19.png,data/processed/train/genuine/original_11_3.png,1,genuine_genuine,11,11
data/processed/train/genuine/original_18_18.png,data/processed/train/forged/forgeries_18_23.png,0,skilled_forgery,18,18
data/processed/train/genuine/original_26_9.png,data/processed/train/genuine/original_13_14.png,0,random_forgery,26,13
data/processed/train/genuine/original_23_24.png,data/processed/train/forged/forgeries_23_8.png,0,skilled_forgery,23,23
data/processed/train/genuine/original_9_15.png,data/processed/train/genuine/original_9_9.png,1,genuine_genuine,9,9
data/processed/train/genuine/original_34_4.png,data/processed/train/genuine/original_13_10.png,0,random_forgery,34,13
data/processed/train/genuine/original_34_11.png,data/processed/train/forged/forgeries_34_17.png,0,skilled_forgery,34,34
data/processed/train/genuine/original_6_6.png,data/processed/train/forged/forgeries_6_8.png,0,skilled_forgery,6,6
data/processed/train/genuine/original_30_23.png,data/processed/train/genuine/original_32_17.png,0,random_forgery,30,32
data/processed/train/genuine/original_11_12.png,data/processed/train/genuine/original_11_14.png,1,genuine_genuine,11,11
data/processed/train/genuine/original_11_13.png,data/processed/train/genuine/original_11_6.png,1,genuine_genuine,11,11
data/processed/train/genuine/original_12_3.png,data/processed/train/forged/forgeries_12_7.png,0,skilled_forgery,12,12
data/processed/train/genuine/original_34_14.png,data/processed/train/forged/forgeries_34_20.png,0,skilled_forgery,34,34
data/processed/train/genuine/original_28_11.png,data/processed/train/forged/forgeries_28_16.png,0,skilled_forgery,28,28
data/processed/train/genuine/original_20_10.png,data/processed/train/genuine/original_20_5.png,1,genuine_genuine,20,20
data/processed/train/genuine/original_22_13.png,data/processed/train/genuine/original_28_9.png,0,random_forgery,22,28
data/processed/train/genuine/original_6_2.png,data/processed/train/genuine/original_6_3.png,1,genuine_genuine,6,6
data/processed/train/genuine/original_10_3.png,data/processed/train/forged/forgeries_10_24.png,0,skilled_forgery,10,10
data/processed/train/genuine/original_30_17.png,data/processed/train/genuine/original_30_4.png,1,genuine_genuine,30,30
data/processed/train/genuine/original_7_18.png,data/processed/train/genuine/original_7_8.png,1,genuine_genuine,7,7
data/processed/train/genuine/original_15_6.png,data/processed/train/forged/forgeries_15_18.png,0,skilled_forgery,15,15
data/processed/train/genuine/original_2_11.png,data/processed/train/forged/forgeries_2_9.png,0,skilled_forgery,2,2
data/processed/train/genuine/original_3_6.png,data/processed/train/forged/forgeries_3_14.png,0,skilled_forgery,3,3
data/processed/train/genuine/original_15_21.png,data/processed/train/genuine/original_15_4.png,1,genuine_genuine,15,15
data/processed/train/genuine/original_16_18.png,data/processed/train/genuine/original_16_3.png,1,genuine_genuine,16,16
data/processed/train/genuine/original_35_15.png,data/processed/train/forged/forgeries_35_18.png,0,skilled_forgery,35,35
data/processed/train/genuine/original_12_7.png,data/processed/train/genuine/original_11_24.png,0,random_forgery,12,11
data/processed/train/genuine/original_32_18.png,data/processed/train/genuine/original_32_6.png,1,genuine_genuine,32,32
data/processed/train/genuine/original_14_2.png,data/processed/train/forged/forgeries_14_24.png,0,skilled_forgery,14,14
data/processed/train/genuine/original_14_22.png,data/processed/train/genuine/original_9_9.png,0,random_forgery,14,9
data/processed/train/genuine/original_22_5.png,data/processed/train/genuine/original_22_8.png,1,genuine_genuine,22,22
data/processed/train/genuine/original_9_13.png,data/processed/train/genuine/original_19_1.png,0,random_forgery,9,19
data/processed/train/genuine/original_23_19.png,data/processed/train/genuine/original_1_14.png,0,random_forgery,23,1
data/processed/train/genuine/original_6_16.png,data/processed/train/genuine/original_6_19.png,1,genuine_genuine,6,6
data/processed/train/genuine/original_16_13.png,data/processed/train/genuine/original_16_15.png,1,genuine_genuine,16,16
data/processed/train/genuine/original_21_6.png,data/processed/train/forged/forgeries_21_10.png,0,skilled_forgery,21,21
data/processed/train/genuine/original_27_14.png,data/processed/train/genuine/original_27_7.png,1,genuine_genuine,27,27
data/processed/train/genuine/original_26_17.png,data/processed/train/genuine/original_26_4.png,1,genuine_genuine,26,26
data/processed/train/genuine/original_5_20.png,data/processed/train/genuine/original_5_6.png,1,genuine_genuine,5,5
data/processed/train/genuine/original_33_18.png,data/processed/train/genuine/original_1_2.png,0,random_forgery,33,1
data/processed/train/genuine/original_2_12.png,data/processed/train/genuine/original_2_13.png,1,genuine_genuine,2,2
data/processed/train/genuine/original_5_19.png,data/processed/train/genuine/original_5_20.png,1,genuine_genuine,5,5
data/processed/train/genuine/original_31_20.png,data/processed/train/genuine/original_32_11.png,0,random_forgery,31,32
data/processed/train/genuine/original_14_7.png,data/processed/train/genuine/original_25_17.png,0,random_forgery,14,25
data/processed/train/genuine/original_28_1.png,data/processed/train/genuine/original_5_19.png,0,random_forgery,28,5
data/processed/train/genuine/original_14_24.png,data/processed/train/genuine/original_14_4.png,1,genuine_genuine,14,14
data/processed/train/genuine/original_14_22.png,data/processed/train/genuine/original_14_3.png,1,genuine_genuine,14,14
data/processed/train/genuine/original_2_22.png,data/processed/train/forged/forgeries_2_1.png,0,skilled_forgery,2,2
data/processed/train/genuine/original_20_2.png,data/processed/train/forged/forgeries_20_5.png,0,skilled_forgery,20,20
data/processed/train/genuine/original_5_8.png,data/processed/train/forged/forgeries_5_12.png,0,skilled_forgery,5,5
data/processed/train/genuine/original_32_14.png,data/processed/train/genuine/original_32_16.png,1,genuine_genuine,32,32
data/processed/train/genuine/original_12_20.png,data/processed/train/genuine/original_12_22.png,1,genuine_genuine,12,12
data/processed/train/genuine/original_25_21.png,data/processed/train/genuine/original_25_4.png,1,genuine_genuine,25,25
data/processed/train/genuine/original_6_13.png,data/processed/train/genuine/original_6_8.png,1,genuine_genuine,6,6
data/processed/train/genuine/original_23_12.png,data/processed/train/genuine/original_4_12.png,0,random_forgery,23,4
data/processed/train/genuine/original_33_11.png,data/processed/train/genuine/original_33_3.png,1,genuine_genuine,33,33
data/processed/train/genuine/original_29_7.png,data/processed/train/genuine/original_29_8.png,1,genuine_genuine,29,29
data/processed/train/genuine/original_2_17.png,data/processed/train/genuine/original_12_22.png,0,random_forgery,2,12
data/processed/train/genuine/original_3_11.png,data/processed/train/genuine/original_3_5.png,1,genuine_genuine,3,3
data/processed/train/genuine/original_29_11.png,data/processed/train/genuine/original_29_17.png,1,genuine_genuine,29,29
data/processed/train/genuine/original_3_11.png,data/processed/train/genuine/original_3_12.png,1,genuine_genuine,3,3
data/processed/train/genuine/original_20_11.png,data/processed/train/genuine/original_29_19.png,0,random_forgery,20,29
data/processed/train/genuine/original_12_9.png,data/processed/train/forged/forgeries_12_16.png,0,skilled_forgery,12,12
data/processed/train/genuine/original_22_1.png,data/processed/train/genuine/original_22_16.png,1,genuine_genuine,22,22
data/processed/train/genuine/original_18_22.png,data/processed/train/genuine/original_18_3.png,1,genuine_genuine,18,18
data/processed/train/genuine/original_15_12.png,data/processed/train/genuine/original_15_15.png,1,genuine_genuine,15,15
data/processed/train/genuine/original_6_3.png,data/processed/train/genuine/original_6_9.png,1,genuine_genuine,6,6
data/processed/train/genuine/original_4_8.png,data/processed/train/forged/forgeries_4_10.png,0,skilled_forgery,4,4
data/processed/train/genuine/original_5_17.png,data/processed/train/genuine/original_5_18.png,1,genuine_genuine,5,5
data/processed/train/genuine/original_30_18.png,data/processed/train/genuine/original_30_19.png,1,genuine_genuine,30,30
data/processed/train/genuine/original_25_18.png,data/processed/train/genuine/original_25_5.png,1,genuine_genuine,25,25
data/processed/train/genuine/original_7_11.png,data/processed/train/forged/forgeries_7_19.png,0,skilled_forgery,7,7
data/processed/train/genuine/original_25_14.png,data/processed/train/forged/forgeries_25_2.png,0,skilled_forgery,25,25
data/processed/train/genuine/original_6_21.png,data/processed/train/genuine/original_6_24.png,1,genuine_genuine,6,6
data/processed/train/genuine/original_19_20.png,data/processed/train/genuine/original_19_3.png,1,genuine_genuine,19,19
data/processed/train/genuine/original_26_22.png,data/processed/train/forged/forgeries_26_21.png,0,skilled_forgery,26,26
data/processed/train/genuine/original_25_2.png,data/processed/train/genuine/original_25_6.png,1,genuine_genuine,25,25
data/processed/train/genuine/original_17_6.png,data/processed/train/genuine/original_2_19.png,0,random_forgery,17,2
data/processed/train/genuine/original_29_8.png,data/processed/train/genuine/original_29_9.png,1,genuine_genuine,29,29
data/processed/train/genuine/original_25_24.png,data/processed/train/genuine/original_25_3.png,1,genuine_genuine,25,25
data/processed/train/genuine/original_23_20.png,data/processed/train/genuine/original_28_11.png,0,random_forgery,23,28
data/processed/train/genuine/original_23_10.png,data/processed/train/genuine/original_23_5.png,1,genuine_genuine,23,23
data/processed/train/genuine/original_5_18.png,data/processed/train/genuine/original_5_5.png,1,genuine_genuine,5,5
data/processed/train/genuine/original_16_18.png,data/processed/train/forged/forgeries_16_12.png,0,skilled_forgery,16,16
data/processed/train/genuine/original_23_19.png,data/processed/train/genuine/original_23_8.png,1,genuine_genuine,23,23
data/processed/train/genuine/original_35_1.png,data/processed/train/genuine/original_35_2.png,1,genuine_genuine,35,35
data/processed/train/genuine/original_24_12.png,data/processed/train/genuine/original_24_23.png,1,genuine_genuine,24,24
data/processed/train/genuine/original_20_14.png,data/processed/train/genuine/original_28_21.png,0,random_forgery,20,28
data/processed/train/genuine/original_31_24.png,data/processed/train/genuine/original_14_1.png,0,random_forgery,31,14
data/processed/train/genuine/original_16_17.png,data/processed/train/genuine/original_16_18.png,1,genuine_genuine,16,16
data/processed/train/genuine/original_7_17.png,data/processed/train/genuine/original_7_19.png,1,genuine_genuine,7,7
data/processed/train/genuine/original_8_11.png,data/processed/train/genuine/original_8_5.png,1,genuine_genuine,8,8
data/processed/train/genuine/original_31_13.png,data/processed/train/genuine/original_31_18.png,1,genuine_genuine,31,31
data/processed/train/genuine/original_28_21.png,data/processed/train/forged/forgeries_28_9.png,0,skilled_forgery,28,28
data/processed/train/genuine/original_19_1.png,data/processed/train/genuine/original_19_6.png,1,genuine_genuine,19,19
data/processed/train/genuine/original_24_11.png,data/processed/train/genuine/original_24_23.png,1,genuine_genuine,24,24
data/processed/train/genuine/original_11_23.png,data/processed/train/genuine/original_9_17.png,0,random_forgery,11,9
data/processed/train/genuine/original_32_16.png,data/processed/train/forged/forgeries_32_17.png,0,skilled_forgery,32,32
data/processed/train/genuine/original_34_4.png,data/processed/train/forged/forgeries_34_21.png,0,skilled_forgery,34,34
data/processed/train/genuine/original_1_15.png,data/processed/train/genuine/original_1_24.png,1,genuine_genuine,1,1
data/processed/train/genuine/original_8_8.png,data/processed/train/forged/forgeries_8_5.png,0,skilled_forgery,8,8
data/processed/train/genuine/original_21_19.png,data/processed/train/forged/forgeries_21_23.png,0,skilled_forgery,21,21
data/processed/train/genuine/original_14_1.png,data/processed/train/genuine/original_26_4.png,0,random_forgery,14,26
data/processed/train/genuine/original_10_1.png,data/processed/train/genuine/original_10_9.png,1,genuine_genuine,10,10
data/processed/train/genuine/original_31_7.png,data/processed/train/forged/forgeries_31_1.png,0,skilled_forgery,31,31
data/processed/train/genuine/original_9_3.png,data/processed/train/forged/forgeries_9_22.png,0,skilled_forgery,9,9
data/processed/train/genuine/original_13_11.png,data/processed/train/genuine/original_13_9.png,1,genuine_genuine,13,13
data/processed/train/genuine/original_5_22.png,data/processed/train/forged/forgeries_5_9.png,0,skilled_forgery,5,5
data/processed/train/genuine/original_13_14.png,data/processed/train/forged/forgeries_13_22.png,0,skilled_forgery,13,13
data/processed/train/genuine/original_23_15.png,data/processed/train/genuine/original_27_21.png,0,random_forgery,23,27
data/processed/train/genuine/original_26_21.png,data/processed/train/genuine/original_29_21.png,0,random_forgery,26,29
data/processed/train/genuine/original_29_21.png,data/processed/train/genuine/original_29_5.png,1,genuine_genuine,29,29
data/processed/train/genuine/original_24_3.png,data/processed/train/genuine/original_24_7.png,1,genuine_genuine,24,24
data/processed/train/genuine/original_11_10.png,data/processed/train/genuine/original_25_11.png,0,random_forgery,11,25
data/processed/train/genuine/original_16_24.png,data/processed/train/genuine/original_16_9.png,1,genuine_genuine,16,16
data/processed/train/genuine/original_19_20.png,data/processed/train/genuine/original_19_24.png,1,genuine_genuine,19,19
data/processed/train/genuine/original_34_12.png,data/processed/train/forged/forgeries_34_22.png,0,skilled_forgery,34,34
data/processed/train/genuine/original_8_21.png,data/processed/train/genuine/original_8_24.png,1,genuine_genuine,8,8
data/processed/train/genuine/original_16_19.png,data/processed/train/genuine/original_13_13.png,0,random_forgery,16,13
data/processed/train/genuine/original_30_15.png,data/processed/train/genuine/original_30_6.png,1,genuine_genuine,30,30
data/processed/train/genuine/original_19_1.png,data/processed/train/genuine/original_19_17.png,1,genuine_genuine,19,19
data/processed/train/genuine/original_28_24.png,data/processed/train/genuine/original_28_5.png,1,genuine_genuine,28,28
data/processed/train/genuine/original_6_6.png,data/processed/train/forged/forgeries_6_19.png,0,skilled_forgery,6,6
data/processed/train/genuine/original_2_14.png,data/processed/train/genuine/original_2_19.png,1,genuine_genuine,2,2
data/processed/train/genuine/original_19_17.png,data/processed/train/genuine/original_19_7.png,1,genuine_genuine,19,19
data/processed/train/genuine/original_34_16.png,data/processed/train/genuine/original_15_23.png,0,random_forgery,34,15
data/processed/train/genuine/original_8_13.png,data/processed/train/genuine/original_3_12.png,0,random_forgery,8,3
data/processed/train/genuine/original_4_11.png,data/processed/train/genuine/original_4_18.png,1,genuine_genuine,4,4
data/processed/train/genuine/original_8_17.png,data/processed/train/genuine/original_8_4.png,1,genuine_genuine,8,8
data/processed/train/genuine/original_4_11.png,data/processed/train/genuine/original_4_17.png,1,genuine_genuine,4,4
data/processed/train/genuine/original_6_16.png,data/processed/train/genuine/original_6_4.png,1,genuine_genuine,6,6
data/processed/train/genuine/original_21_2.png,data/processed/train/genuine/original_21_7.png,1,genuine_genuine,21,21
data/processed/train/genuine/original_32_16.png,data/processed/train/forged/forgeries_32_4.png,0,skilled_forgery,32,32
data/processed/train/genuine/original_7_6.png,data/processed/train/forged/forgeries_7_6.png,0,skilled_forgery,7,7
data/processed/train/genuine/original_9_14.png,data/processed/train/forged/forgeries_9_1.png,0,skilled_forgery,9,9
data/processed/train/genuine/original_5_1.png,data/processed/train/forged/forgeries_5_9.png,0,skilled_forgery,5,5
data/processed/train/genuine/original_16_15.png,data/processed/train/forged/forgeries_16_6.png,0,skilled_forgery,16,16
data/processed/train/genuine/original_31_21.png,data/processed/train/genuine/original_31_24.png,1,genuine_genuine,31,31
data/processed/train/genuine/original_6_6.png,data/processed/train/forged/forgeries_6_12.png,0,skilled_forgery,6,6
data/processed/train/genuine/original_10_5.png,data/processed/train/forged/forgeries_10_12.png,0,skilled_forgery,10,10
data/processed/train/genuine/original_14_12.png,data/processed/train/genuine/original_15_23.png,0,random_forgery,14,15
data/processed/train/genuine/original_10_22.png,data/processed/train/forged/forgeries_10_3.png,0,skilled_forgery,10,10
data/processed/train/genuine/original_4_17.png,data/processed/train/forged/forgeries_4_14.png,0,skilled_forgery,4,4
data/processed/train/genuine/original_34_7.png,data/processed/train/genuine/original_23_6.png,0,random_forgery,34,23
data/processed/train/genuine/original_28_11.png,data/processed/train/genuine/original_28_2.png,1,genuine_genuine,28,28
data/processed/train/genuine/original_35_17.png,data/processed/train/genuine/original_35_4.png,1,genuine_genuine,35,35
data/processed/train/genuine/original_4_1.png,data/processed/train/forged/forgeries_4_14.png,0,skilled_forgery,4,4
data/processed/train/genuine/original_16_12.png,data/processed/train/genuine/original_16_7.png,1,genuine_genuine,16,16
data/processed/train/genuine/original_4_15.png,data/processed/train/genuine/original_4_4.png,1,genuine_genuine,4,4
data/processed/train/genuine/original_10_9.png,data/processed/train/forged/forgeries_10_5.png,0,skilled_forgery,10,10
data/processed/train/genuine/original_19_20.png,data/processed/train/genuine/original_19_8.png,1,genuine_genuine,19,19
data/processed/train/genuine/original_18_2.png,data/processed/train/forged/forgeries_18_14.png,0,skilled_forgery,18,18
data/processed/train/genuine/original_33_18.png,data/processed/train/genuine/original_33_6.png,1,genuine_genuine,33,33
data/processed/train/genuine/original_28_21.png,data/processed/train/genuine/original_28_8.png,1,genuine_genuine,28,28
data/processed/train/genuine/original_20_11.png,data/processed/train/genuine/original_18_2.png,0,random_forgery,20,18
data/processed/train/genuine/original_18_13.png,data/processed/train/genuine/original_18_23.png,1,genuine_genuine,18,18
data/processed/train/genuine/original_31_16.png,data/processed/train/genuine/original_31_18.png,1,genuine_genuine,31,31
data/processed/train/genuine/original_1_10.png,data/processed/train/forged/forgeries_1_20.png,0,skilled_forgery,1,1
data/processed/train/genuine/original_23_19.png,data/processed/train/genuine/original_23_3.png,1,genuine_genuine,23,23
data/processed/train/genuine/original_23_13.png,data/processed/train/genuine/original_23_23.png,1,genuine_genuine,23,23
data/processed/train/genuine/original_23_15.png,data/processed/train/genuine/original_23_7.png,1,genuine_genuine,23,23
data/processed/train/genuine/original_28_12.png,data/processed/train/genuine/original_28_7.png,1,genuine_genuine,28,28
data/processed/train/genuine/original_30_13.png,data/processed/train/genuine/original_30_19.png,1,genuine_genuine,30,30
data/processed/train/genuine/original_18_4.png,data/processed/train/genuine/original_10_6.png,0,random_forgery,18,10
data/processed/train/genuine/original_17_16.png,data/processed/train/genuine/original_17_7.png,1,genuine_genuine,17,17
data/processed/train/genuine/original_1_16.png,data/processed/train/forged/forgeries_1_5.png,0,skilled_forgery,1,1
data/processed/train/genuine/original_2_16.png,data/processed/train/genuine/original_25_20.png,0,random_forgery,2,25
data/processed/train/genuine/original_29_23.png,data/processed/train/forged/forgeries_29_17.png,0,skilled_forgery,29,29
data/processed/train/genuine/original_7_14.png,data/processed/train/forged/forgeries_7_20.png,0,skilled_forgery,7,7
data/processed/train/genuine/original_29_3.png,data/processed/train/forged/forgeries_29_2.png,0,skilled_forgery,29,29
data/processed/train/genuine/original_12_10.png,data/processed/train/genuine/original_12_17.png,1,genuine_genuine,12,12
data/processed/train/genuine/original_28_17.png,data/processed/train/genuine/original_25_23.png,0,random_forgery,28,25
data/processed/train/genuine/original_33_22.png,data/processed/train/genuine/original_33_23.png,1,genuine_genuine,33,33
data/processed/train/genuine/original_4_13.png,data/processed/train/genuine/original_4_17.png,1,genuine_genuine,4,4
data/processed/train/genuine/original_15_19.png,data/processed/train/forged/forgeries_15_17.png,0,skilled_forgery,15,15
data/processed/train/genuine/original_8_11.png,data/processed/train/forged/forgeries_8_20.png,0,skilled_forgery,8,8
data/processed/train/genuine/original_35_15.png,data/processed/train/genuine/original_35_17.png,1,genuine_genuine,35,35
data/processed/train/genuine/original_8_2.png,data/processed/train/forged/forgeries_8_24.png,0,skilled_forgery,8,8
data/processed/train/genuine/original_9_7.png,data/processed/train/forged/forgeries_9_20.png,0,skilled_forgery,9,9
data/processed/train/genuine/original_5_3.png,data/processed/train/forged/forgeries_5_2.png,0,skilled_forgery,5,5
data/processed/train/genuine/original_35_3.png,data/processed/train/genuine/original_35_6.png,1,genuine_genuine,35,35
data/processed/train/genuine/original_6_2.png,data/processed/train/genuine/original_34_20.png,0,random_forgery,6,34
data/processed/train/genuine/original_2_11.png,data/processed/train/genuine/original_2_7.png,1,genuine_genuine,2,2
data/processed/train/genuine/original_6_22.png,data/processed/train/genuine/original_13_12.png,0,random_forgery,6,13
data/processed/train/genuine/original_23_11.png,data/processed/train/forged/forgeries_23_3.png,0,skilled_forgery,23,23
data/processed/train/genuine/original_17_8.png,data/processed/train/genuine/original_33_21.png,0,random_forgery,17,33
data/processed/train/genuine/original_16_16.png,data/processed/train/genuine/original_16_18.png,1,genuine_genuine,16,16
data/processed/train/genuine/original_18_16.png,data/processed/train/forged/forgeries_18_6.png,0,skilled_forgery,18,18
data/processed/train/genuine/original_10_2.png,data/processed/train/genuine/original_14_22.png,0,random_forgery,10,14
data/processed/train/genuine/original_16_24.png,data/processed/train/genuine/original_16_7.png,1,genuine_genuine,16,16
data/processed/train/genuine/original_4_11.png,data/processed/train/genuine/original_4_13.png,1,genuine_genuine,4,4
data/processed/train/genuine/original_20_1.png,data/processed/train/genuine/original_20_18.png,1,genuine_genuine,20,20
data/processed/train/genuine/original_3_12.png,data/processed/train/genuine/original_3_22.png,1,genuine_genuine,3,3
data/processed/train/genuine/original_17_2.png,data/processed/train/genuine/original_18_7.png,0,random_forgery,17,18
data/processed/train/genuine/original_12_6.png,data/processed/train/forged/forgeries_12_6.png,0,skilled_forgery,12,12
data/processed/train/genuine/original_11_15.png,data/processed/train/forged/forgeries_11_17.png,0,skilled_forgery,11,11
data/processed/train/genuine/original_31_22.png,data/processed/train/genuine/original_18_22.png,0,random_forgery,31,18
data/processed/train/genuine/original_32_11.png,data/processed/train/genuine/original_4_21.png,0,random_forgery,32,4
data/processed/train/genuine/original_18_18.png,data/processed/train/genuine/original_18_19.png,1,genuine_genuine,18,18
data/processed/train/genuine/original_22_23.png,data/processed/train/genuine/original_22_3.png,1,genuine_genuine,22,22
data/processed/train/genuine/original_22_15.png,data/processed/train/genuine/original_22_6.png,1,genuine_genuine,22,22
data/processed/train/genuine/original_30_10.png,data/processed/train/genuine/original_30_2.png,1,genuine_genuine,30,30
data/processed/train/genuine/original_24_1.png,data/processed/train/genuine/original_12_11.png,0,random_forgery,24,12
data/processed/train/genuine/original_6_1.png,data/processed/train/genuine/original_6_11.png,1,genuine_genuine,6,6
data/processed/train/genuine/original_2_5.png,data/processed/train/forged/forgeries_2_1.png,0,skilled_forgery,2,2
data/processed/train/genuine/original_2_12.png,data/processed/train/forged/forgeries_2_23.png,0,skilled_forgery,2,2
data/processed/train/genuine/original_1_10.png,data/processed/train/genuine/original_1_15.png,1,genuine_genuine,1,1
data/processed/train/genuine/original_12_16.png,data/processed/train/genuine/original_12_22.png,1,genuine_genuine,12,12
data/processed/train/genuine/original_16_12.png,data/processed/train/genuine/original_16_22.png,1,genuine_genuine,16,16
data/processed/train/genuine/original_6_15.png,data/processed/train/forged/forgeries_6_22.png,0,skilled_forgery,6,6
data/processed/train/genuine/original_8_6.png,data/processed/train/forged/forgeries_8_8.png,0,skilled_forgery,8,8
data/processed/train/genuine/original_5_17.png,data/processed/train/genuine/original_23_10.png,0,random_forgery,5,23
data/processed/train/genuine/original_25_6.png,data/processed/train/forged/forgeries_25_9.png,0,skilled_forgery,25,25
data/processed/train/genuine/original_3_24.png,data/processed/train/forged/forgeries_3_13.png,0,skilled_forgery,3,3
data/processed/train/genuine/original_20_12.png,data/processed/train/genuine/original_20_3.png,1,genuine_genuine,20,20
data/processed/train/genuine/original_32_13.png,data/processed/train/genuine/original_32_22.png,1,genuine_genuine,32,32
data/processed/train/genuine/original_3_19.png,data/processed/train/forged/forgeries_3_23.png,0,skilled_forgery,3,3
data/processed/train/genuine/original_13_18.png,data/processed/train/forged/forgeries_13_16.png,0,skilled_forgery,13,13
data/processed/train/genuine/original_11_14.png,data/processed/train/forged/forgeries_11_24.png,0,skilled_forgery,11,11
data/processed/train/genuine/original_17_11.png,data/processed/train/genuine/original_17_21.png,1,genuine_genuine,17,17
data/processed/train/genuine/original_3_22.png,data/processed/train/genuine/original_34_2.png,0,random_forgery,3,34
data/processed/train/genuine/original_16_17.png,data/processed/train/genuine/original_16_4.png,1,genuine_genuine,16,16
data/processed/train/genuine/original_8_8.png,data/processed/train/forged/forgeries_8_8.png,0,skilled_forgery,8,8
data/processed/train/genuine/original_16_1.png,data/processed/train/genuine/original_16_23.png,1,genuine_genuine,16,16
data/processed/train/genuine/original_23_2.png,data/processed/train/genuine/original_23_3.png,1,genuine_genuine,23,23
data/processed/train/genuine/original_32_5.png,data/processed/train/genuine/original_32_8.png,1,genuine_genuine,32,32
data/processed/train/genuine/original_24_15.png,data/processed/train/forged/forgeries_24_9.png,0,skilled_forgery,24,24
data/processed/train/genuine/original_16_9.png,data/processed/train/genuine/original_25_16.png,0,random_forgery,16,25
data/processed/train/genuine/original_5_16.png,data/processed/train/genuine/original_5_2.png,1,genuine_genuine,5,5
data/processed/train/genuine/original_15_20.png,data/processed/train/forged/forgeries_15_11.png,0,skilled_forgery,15,15
data/processed/train/genuine/original_11_12.png,data/processed/train/forged/forgeries_11_19.png,0,skilled_forgery,11,11
data/processed/train/genuine/original_12_14.png,data/processed/train/genuine/original_12_9.png,1,genuine_genuine,12,12
data/processed/train/genuine/original_26_11.png,data/processed/train/genuine/original_26_5.png,1,genuine_genuine,26,26
data/processed/train/genuine/original_30_7.png,data/processed/train/genuine/original_31_7.png,0,random_forgery,30,31
data/processed/train/genuine/original_7_11.png,data/processed/train/genuine/original_30_9.png,0,random_forgery,7,30
data/processed/train/genuine/original_28_7.png,data/processed/train/genuine/original_13_5.png,0,random_forgery,28,13
data/processed/train/genuine/original_13_18.png,data/processed/train/genuine/original_13_24.png,1,genuine_genuine,13,13
data/processed/train/genuine/original_11_5.png,data/processed/train/forged/forgeries_11_17.png,0,skilled_forgery,11,11
data/processed/train/genuine/original_35_21.png,data/processed/train/genuine/original_33_7.png,0,random_forgery,35,33
data/processed/train/genuine/original_11_15.png,data/processed/train/genuine/original_11_4.png,1,genuine_genuine,11,11
data/processed/train/genuine/original_5_15.png,data/processed/train/genuine/original_5_16.png,1,genuine_genuine,5,5
data/processed/train/genuine/original_24_14.png,data/processed/train/genuine/original_24_16.png,1,genuine_genuine,24,24
data/processed/train/genuine/original_16_6.png,data/processed/train/genuine/original_13_1.png,0,random_forgery,16,13
data/processed/train/genuine/original_19_2.png,data/processed/train/genuine/original_19_5.png,1,genuine_genuine,19,19
data/processed/train/genuine/original_23_19.png,data/processed/train/genuine/original_23_6.png,1,genuine_genuine,23,23
data/processed/train/genuine/original_3_17.png,data/processed/train/genuine/original_3_2.png,1,genuine_genuine,3,3
data/processed/train/genuine/original_26_23.png,data/processed/train/forged/forgeries_26_7.png,0,skilled_forgery,26,26
data/processed/train/genuine/original_34_2.png,data/processed/train/genuine/original_34_4.png,1,genuine_genuine,34,34
data/processed/train/genuine/original_33_8.png,data/processed/train/forged/forgeries_33_22.png,0,skilled_forgery,33,33
data/processed/train/genuine/original_9_13.png,data/processed/train/genuine/original_9_16.png,1,genuine_genuine,9,9
data/processed/train/genuine/original_17_14.png,data/processed/train/genuine/original_17_22.png,1,genuine_genuine,17,17
data/processed/train/genuine/original_14_13.png,data/processed/train/genuine/original_14_20.png,1,genuine_genuine,14,14
data/processed/train/genuine/original_18_14.png,data/processed/train/genuine/original_18_23.png,1,genuine_genuine,18,18
data/processed/train/genuine/original_29_21.png,data/processed/train/genuine/original_18_11.png,0,random_forgery,29,18
data/processed/train/genuine/original_29_1.png,data/processed/train/forged/forgeries_29_4.png,0,skilled_forgery,29,29
data/processed/train/genuine/original_9_16.png,data/processed/train/genuine/original_9_20.png,1,genuine_genuine,9,9
data/processed/train/genuine/original_34_16.png,data/processed/train/genuine/original_34_18.png,1,genuine_genuine,34,34
data/processed/train/genuine/original_29_20.png,data/processed/train/genuine/original_29_6.png,1,genuine_genuine,29,29
data/processed/train/genuine/original_23_13.png,data/processed/train/genuine/original_23_18.png,1,genuine_genuine,23,23
data/processed/train/genuine/original_35_15.png,data/processed/train/genuine/original_35_18.png,1,genuine_genuine,35,35
data/processed/train/genuine/original_23_10.png,data/processed/train/genuine/original_12_7.png,0,random_forgery,23,12
data/processed/train/genuine/original_31_13.png,data/processed/train/forged/forgeries_31_20.png,0,skilled_forgery,31,31
data/processed/train/genuine/original_31_1.png,data/processed/train/genuine/original_31_8.png,1,genuine_genuine,31,31
data/processed/train/genuine/original_13_14.png,data/processed/train/genuine/original_13_16.png,1,genuine_genuine,13,13
data/processed/train/genuine/original_26_1.png,data/processed/train/genuine/original_26_8.png,1,genuine_genuine,26,26
data/processed/train/genuine/original_9_22.png,data/processed/train/genuine/original_34_7.png,0,random_forgery,9,34
data/processed/train/genuine/original_2_2.png,data/processed/train/genuine/original_2_20.png,1,genuine_genuine,2,2
data/processed/train/genuine/original_21_24.png,data/processed/train/genuine/original_21_4.png,1,genuine_genuine,21,21
data/processed/train/genuine/original_20_24.png,data/processed/train/genuine/original_8_3.png,0,random_forgery,20,8
data/processed/train/genuine/original_26_12.png,data/processed/train/genuine/original_26_2.png,1,genuine_genuine,26,26
data/processed/train/genuine/original_7_21.png,data/processed/train/forged/forgeries_7_13.png,0,skilled_forgery,7,7
data/processed/train/genuine/original_20_21.png,data/processed/train/genuine/original_20_5.png,1,genuine_genuine,20,20
data/processed/train/genuine/original_6_2.png,data/processed/train/forged/forgeries_6_16.png,0,skilled_forgery,6,6
data/processed/train/genuine/original_15_16.png,data/processed/train/genuine/original_15_17.png,1,genuine_genuine,15,15
data/processed/train/genuine/original_23_10.png,data/processed/train/genuine/original_23_12.png,1,genuine_genuine,23,23
data/processed/train/genuine/original_24_17.png,data/processed/train/genuine/original_24_24.png,1,genuine_genuine,24,24
data/processed/train/genuine/original_33_9.png,data/processed/train/forged/forgeries_33_17.png,0,skilled_forgery,33,33
data/processed/train/genuine/original_11_1.png,data/processed/train/genuine/original_22_20.png,0,random_forgery,11,22
data/processed/train/genuine/original_12_11.png,data/processed/train/forged/forgeries_12_11.png,0,skilled_forgery,12,12
data/processed/train/genuine/original_11_17.png,data/processed/train/genuine/original_11_20.png,1,genuine_genuine,11,11
data/processed/train/genuine/original_10_8.png,data/processed/train/forged/forgeries_10_15.png,0,skilled_forgery,10,10
data/processed/train/genuine/original_17_10.png,data/processed/train/genuine/original_35_20.png,0,random_forgery,17,35
data/processed/train/genuine/original_22_4.png,data/processed/train/genuine/original_22_5.png,1,genuine_genuine,22,22
data/processed/train/genuine/original_12_14.png,data/processed/train/genuine/original_12_24.png,1,genuine_genuine,12,12
data/processed/train/genuine/original_10_17.png,data/processed/train/genuine/original_10_23.png,1,genuine_genuine,10,10
data/processed/train/genuine/original_29_19.png,data/processed/train/forged/forgeries_29_18.png,0,skilled_forgery,29,29
data/processed/train/genuine/original_17_20.png,data/processed/train/genuine/original_17_24.png,1,genuine_genuine,17,17
data/processed/train/genuine/original_22_11.png,data/processed/train/forged/forgeries_22_7.png,0,skilled_forgery,22,22
data/processed/train/genuine/original_26_20.png,data/processed/train/genuine/original_26_8.png,1,genuine_genuine,26,26
data/processed/train/genuine/original_8_20.png,data/processed/train/genuine/original_8_21.png,1,genuine_genuine,8,8
data/processed/train/genuine/original_27_14.png,data/processed/train/genuine/original_27_19.png,1,genuine_genuine,27,27
data/processed/train/genuine/original_31_16.png,data/processed/train/genuine/original_31_24.png,1,genuine_genuine,31,31
data/processed/train/genuine/original_10_18.png,data/processed/train/genuine/original_10_5.png,1,genuine_genuine,10,10
data/processed/train/genuine/original_31_14.png,data/processed/train/genuine/original_31_23.png,1,genuine_genuine,31,31
data/processed/train/genuine/original_19_11.png,data/processed/train/genuine/original_19_5.png,1,genuine_genuine,19,19
data/processed/train/genuine/original_15_10.png,data/processed/train/genuine/original_17_17.png,0,random_forgery,15,17
data/processed/train/genuine/original_34_3.png,data/processed/train/forged/forgeries_34_10.png,0,skilled_forgery,34,34
data/processed/train/genuine/original_1_19.png,data/processed/train/genuine/original_1_24.png,1,genuine_genuine,1,1
data/processed/train/genuine/original_35_15.png,data/processed/train/forged/forgeries_35_23.png,0,skilled_forgery,35,35
data/processed/train/genuine/original_12_22.png,data/processed/train/forged/forgeries_12_14.png,0,skilled_forgery,12,12
data/processed/train/genuine/original_6_24.png,data/processed/train/forged/forgeries_6_23.png,0,skilled_forgery,6,6
data/processed/train/genuine/original_3_11.png,data/processed/train/genuine/original_4_15.png,0,random_forgery,3,4
data/processed/train/genuine/original_12_22.png,data/processed/train/forged/forgeries_12_9.png,0,skilled_forgery,12,12
data/processed/train/genuine/original_15_10.png,data/processed/train/genuine/original_15_11.png,1,genuine_genuine,15,15
data/processed/train/genuine/original_14_11.png,data/processed/train/genuine/original_14_17.png,1,genuine_genuine,14,14
data/processed/train/genuine/original_24_18.png,data/processed/train/genuine/original_24_7.png,1,genuine_genuine,24,24
data/processed/train/genuine/original_33_13.png,data/processed/train/forged/forgeries_33_14.png,0,skilled_forgery,33,33
data/processed/train/genuine/original_6_1.png,data/processed/train/genuine/original_6_17.png,1,genuine_genuine,6,6
data/processed/train/genuine/original_24_17.png,data/processed/train/genuine/original_24_4.png,1,genuine_genuine,24,24
data/processed/train/genuine/original_2_4.png,data/processed/train/genuine/original_2_9.png,1,genuine_genuine,2,2
data/processed/train/genuine/original_32_23.png,data/processed/train/genuine/original_27_7.png,0,random_forgery,32,27
data/processed/train/genuine/original_22_20.png,data/processed/train/genuine/original_26_4.png,0,random_forgery,22,26
data/processed/train/genuine/original_31_17.png,data/processed/train/forged/forgeries_31_20.png,0,skilled_forgery,31,31
data/processed/train/genuine/original_2_20.png,data/processed/train/forged/forgeries_2_18.png,0,skilled_forgery,2,2
data/processed/train/genuine/original_1_3.png,data/processed/train/forged/forgeries_1_12.png,0,skilled_forgery,1,1
data/processed/train/genuine/original_11_2.png,data/processed/train/forged/forgeries_11_12.png,0,skilled_forgery,11,11
data/processed/train/genuine/original_21_11.png,data/processed/train/genuine/original_5_5.png,0,random_forgery,21,5
data/processed/train/genuine/original_22_4.png,data/processed/train/forged/forgeries_22_21.png,0,skilled_forgery,22,22
data/processed/train/genuine/original_4_10.png,data/processed/train/genuine/original_34_7.png,0,random_forgery,4,34
data/processed/train/genuine/original_16_12.png,data/processed/train/forged/forgeries_16_10.png,0,skilled_forgery,16,16
data/processed/train/genuine/original_13_2.png,data/processed/train/genuine/original_13_9.png,1,genuine_genuine,13,13
data/processed/train/genuine/original_19_18.png,data/processed/train/genuine/original_22_23.png,0,random_forgery,19,22
data/processed/train/genuine/original_12_22.png,data/processed/train/genuine/original_12_3.png,1,genuine_genuine,12,12
data/processed/train/genuine/original_23_9.png,data/processed/train/genuine/original_32_23.png,0,random_forgery,23,32
data/processed/train/genuine/original_14_10.png,data/processed/train/forged/forgeries_14_19.png,0,skilled_forgery,14,14
data/processed/train/genuine/original_11_15.png,data/processed/train/genuine/original_16_12.png,0,random_forgery,11,16
data/processed/train/genuine/original_12_24.png,data/processed/train/genuine/original_12_9.png,1,genuine_genuine,12,12
data/processed/train/genuine/original_28_11.png,data/processed/train/genuine/original_10_19.png,0,random_forgery,28,10
data/processed/train/genuine/original_16_9.png,data/processed/train/forged/forgeries_16_1.png,0,skilled_forgery,16,16
data/processed/train/genuine/original_25_16.png,data/processed/train/genuine/original_21_3.png,0,random_forgery,25,21
data/processed/train/genuine/original_6_20.png,data/processed/train/genuine/original_15_4.png,0,random_forgery,6,15
data/processed/train/genuine/original_7_15.png,data/processed/train/genuine/original_7_2.png,1,genuine_genuine,7,7
data/processed/train/genuine/original_13_6.png,data/processed/train/genuine/original_7_22.png,0,random_forgery,13,7
data/processed/train/genuine/original_10_24.png,data/processed/train/genuine/original_10_6.png,1,genuine_genuine,10,10
data/processed/train/genuine/original_4_5.png,data/processed/train/forged/forgeries_4_10.png,0,skilled_forgery,4,4
data/processed/train/genuine/original_6_9.png,data/processed/train/forged/forgeries_6_1.png,0,skilled_forgery,6,6
data/processed/train/genuine/original_34_7.png,data/processed/train/genuine/original_34_9.png,1,genuine_genuine,34,34
data/processed/train/genuine/original_10_2.png,data/processed/train/genuine/original_10_4.png,1,genuine_genuine,10,10
data/processed/train/genuine/original_18_24.png,data/processed/train/forged/forgeries_18_23.png,0,skilled_forgery,18,18
data/processed/train/genuine/original_11_13.png,data/processed/train/genuine/original_11_16.png,1,genuine_genuine,11,11
data/processed/train/genuine/original_30_6.png,data/processed/train/genuine/original_30_9.png,1,genuine_genuine,30,30
data/processed/train/genuine/original_29_16.png,data/processed/train/genuine/original_29_2.png,1,genuine_genuine,29,29
data/processed/train/genuine/original_18_11.png,data/processed/train/genuine/original_18_8.png,1,genuine_genuine,18,18
data/processed/train/genuine/original_2_17.png,data/processed/train/genuine/original_2_19.png,1,genuine_genuine,2,2
data/processed/train/genuine/original_1_11.png,data/processed/train/genuine/original_9_20.png,0,random_forgery,1,9
data/processed/train/genuine/original_9_14.png,data/processed/train/forged/forgeries_9_24.png,0,skilled_forgery,9,9
data/processed/train/genuine/original_4_22.png,data/processed/train/forged/forgeries_4_12.png,0,skilled_forgery,4,4
data/processed/train/genuine/original_23_15.png,data/processed/train/forged/forgeries_23_19.png,0,skilled_forgery,23,23
data/processed/train/genuine/original_18_1.png,data/processed/train/genuine/original_34_11.png,0,random_forgery,18,34
data/processed/train/genuine/original_26_22.png,data/processed/train/genuine/original_26_5.png,1,genuine_genuine,26,26
data/processed/train/genuine/original_1_2.png,data/processed/train/forged/forgeries_1_14.png,0,skilled_forgery,1,1
data/processed/train/genuine/original_24_12.png,data/processed/train/genuine/original_24_6.png,1,genuine_genuine,24,24
data/processed/train/genuine/original_21_22.png,data/processed/train/genuine/original_21_8.png,1,genuine_genuine,21,21
data/processed/train/genuine/original_13_10.png,data/processed/train/genuine/original_12_11.png,0,random_forgery,13,12
data/processed/train/genuine/original_3_16.png,data/processed/train/genuine/original_3_2.png,1,genuine_genuine,3,3
data/processed/train/genuine/original_4_5.png,data/processed/train/genuine/original_4_7.png,1,genuine_genuine,4,4
data/processed/train/genuine/original_8_9.png,data/processed/train/forged/forgeries_8_16.png,0,skilled_forgery,8,8
data/processed/train/genuine/original_4_10.png,data/processed/train/genuine/original_4_17.png,1,genuine_genuine,4,4
data/processed/train/genuine/original_2_4.png,data/processed/train/genuine/original_2_6.png,1,genuine_genuine,2,2
data/processed/train/genuine/original_5_7.png,data/processed/train/forged/forgeries_5_21.png,0,skilled_forgery,5,5
data/processed/train/genuine/original_5_14.png,data/processed/train/genuine/original_33_11.png,0,random_forgery,5,33
data/processed/train/genuine/original_20_5.png,data/processed/train/forged/forgeries_20_8.png,0,skilled_forgery,20,20
data/processed/train/genuine/original_29_11.png,data/processed/train/genuine/original_29_20.png,1,genuine_genuine,29,29
data/processed/train/genuine/original_17_17.png,data/processed/train/forged/forgeries_17_24.png,0,skilled_forgery,17,17
data/processed/train/genuine/original_22_22.png,data/processed/train/genuine/original_22_23.png,1,genuine_genuine,22,22
data/processed/train/genuine/original_32_7.png,data/processed/train/genuine/original_27_3.png,0,random_forgery,32,27
data/processed/train/genuine/original_15_9.png,data/processed/train/forged/forgeries_15_22.png,0,skilled_forgery,15,15
data/processed/train/genuine/original_4_5.png,data/processed/train/genuine/original_4_8.png,1,genuine_genuine,4,4
data/processed/train/genuine/original_24_7.png,data/processed/train/genuine/original_24_9.png,1,genuine_genuine,24,24
data/processed/train/genuine/original_17_1.png,data/processed/train/genuine/original_17_6.png,1,genuine_genuine,17,17
data/processed/train/genuine/original_10_18.png,data/processed/train/genuine/original_10_9.png,1,genuine_genuine,10,10
data/processed/train/genuine/original_1_10.png,data/processed/train/forged/forgeries_1_13.png,0,skilled_forgery,1,1
data/processed/train/genuine/original_16_1.png,data/processed/train/genuine/original_5_9.png,0,random_forgery,16,5
data/processed/train/genuine/original_15_24.png,data/processed/train/genuine/original_15_9.png,1,genuine_genuine,15,15
data/processed/train/genuine/original_21_19.png,data/processed/train/genuine/original_21_20.png,1,genuine_genuine,21,21
data/processed/train/genuine/original_5_10.png,data/processed/train/genuine/original_5_6.png,1,genuine_genuine,5,5
data/processed/train/genuine/original_16_13.png,data/processed/train/forged/forgeries_16_16.png,0,skilled_forgery,16,16
data/processed/train/genuine/original_23_15.png,data/processed/train/genuine/original_3_8.png,0,random_forgery,23,3
data/processed/train/genuine/original_31_11.png,data/processed/train/genuine/original_31_8.png,1,genuine_genuine,31,31
data/processed/train/genuine/original_16_13.png,data/processed/train/genuine/original_15_5.png,0,random_forgery,16,15
data/processed/train/genuine/original_7_22.png,data/processed/train/genuine/original_32_21.png,0,random_forgery,7,32
data/processed/train/genuine/original_33_7.png,data/processed/train/forged/forgeries_33_1.png,0,skilled_forgery,33,33
data/processed/train/genuine/original_34_14.png,data/processed/train/genuine/original_34_19.png,1,genuine_genuine,34,34
data/processed/train/genuine/original_23_19.png,data/processed/train/genuine/original_15_5.png,0,random_forgery,23,15
data/processed/train/genuine/original_14_18.png,data/processed/train/genuine/original_20_7.png,0,random_forgery,14,20
data/processed/train/genuine/original_35_6.png,data/processed/train/genuine/original_35_9.png,1,genuine_genuine,35,35
data/processed/train/genuine/original_10_13.png,data/processed/train/genuine/original_10_16.png,1,genuine_genuine,10,10
data/processed/train/genuine/original_35_11.png,data/processed/train/genuine/original_17_11.png,0,random_forgery,35,17
data/processed/train/genuine/original_35_18.png,data/processed/train/genuine/original_35_5.png,1,genuine_genuine,35,35
data/processed/train/genuine/original_1_19.png,data/processed/train/genuine/original_1_2.png,1,genuine_genuine,1,1
data/processed/train/genuine/original_7_9.png,data/processed/train/genuine/original_26_24.png,0,random_forgery,7,26
data/processed/train/genuine/original_8_22.png,data/processed/train/forged/forgeries_8_5.png,0,skilled_forgery,8,8
data/processed/train/genuine/original_25_19.png,data/processed/train/genuine/original_25_21.png,1,genuine_genuine,25,25
data/processed/train/genuine/original_16_10.png,data/processed/train/genuine/original_16_15.png,1,genuine_genuine,16,16
data/processed/train/genuine/original_2_17.png,data/processed/train/genuine/original_2_2.png,1,genuine_genuine,2,2
data/processed/train/genuine/original_4_10.png,data/processed/train/genuine/original_4_18.png,1,genuine_genuine,4,4
data/processed/train/genuine/original_33_24.png,data/processed/train/genuine/original_33_6.png,1,genuine_genuine,33,33
data/processed/train/genuine/original_4_5.png,data/processed/train/forged/forgeries_4_17.png,0,skilled_forgery,4,4
data/processed/train/genuine/original_1_14.png,data/processed/train/genuine/original_1_16.png,1,genuine_genuine,1,1
data/processed/train/genuine/original_33_1.png,data/processed/train/genuine/original_29_20.png,0,random_forgery,33,29
data/processed/train/genuine/original_23_13.png,data/processed/train/genuine/original_23_15.png,1,genuine_genuine,23,23
data/processed/train/genuine/original_3_17.png,data/processed/train/genuine/original_23_23.png,0,random_forgery,3,23
data/processed/train/genuine/original_8_17.png,data/processed/train/forged/forgeries_8_8.png,0,skilled_forgery,8,8
data/processed/train/genuine/original_34_14.png,data/processed/train/forged/forgeries_34_16.png,0,skilled_forgery,34,34
data/processed/train/genuine/original_9_23.png,data/processed/train/genuine/original_9_8.png,1,genuine_genuine,9,9
data/processed/train/genuine/original_20_10.png,data/processed/train/genuine/original_20_17.png,1,genuine_genuine,20,20
data/processed/train/genuine/original_4_23.png,data/processed/train/forged/forgeries_4_13.png,0,skilled_forgery,4,4
data/processed/train/genuine/original_16_21.png,data/processed/train/genuine/original_28_21.png,0,random_forgery,16,28
data/processed/train/genuine/original_17_2.png,data/processed/train/genuine/original_17_5.png,1,genuine_genuine,17,17
data/processed/train/genuine/original_28_17.png,data/processed/train/genuine/original_28_9.png,1,genuine_genuine,28,28
data/processed/train/genuine/original_18_14.png,data/processed/train/genuine/original_18_19.png,1,genuine_genuine,18,18
data/processed/train/genuine/original_22_11.png,data/processed/train/genuine/original_22_8.png,1,genuine_genuine,22,22
data/processed/train/genuine/original_2_1.png,data/processed/train/genuine/original_2_23.png,1,genuine_genuine,2,2
data/processed/train/genuine/original_18_11.png,data/processed/train/genuine/original_18_2.png,1,genuine_genuine,18,18
data/processed/train/genuine/original_30_15.png,data/processed/train/genuine/original_30_18.png,1,genuine_genuine,30,30
data/processed/train/genuine/original_9_2.png,data/processed/train/genuine/original_9_22.png,1,genuine_genuine,9,9
data/processed/train/genuine/original_10_20.png,data/processed/train/genuine/original_28_16.png,0,random_forgery,10,28
data/processed/train/genuine/original_21_6.png,data/processed/train/forged/forgeries_21_5.png,0,skilled_forgery,21,21
data/processed/train/genuine/original_5_18.png,data/processed/train/forged/forgeries_5_6.png,0,skilled_forgery,5,5
data/processed/train/genuine/original_16_17.png,data/processed/train/forged/forgeries_16_17.png,0,skilled_forgery,16,16
data/processed/train/genuine/original_7_10.png,data/processed/train/genuine/original_7_17.png,1,genuine_genuine,7,7
data/processed/train/genuine/original_12_17.png,data/processed/train/genuine/original_12_18.png,1,genuine_genuine,12,12
data/processed/train/genuine/original_18_1.png,data/processed/train/forged/forgeries_18_13.png,0,skilled_forgery,18,18
data/processed/train/genuine/original_23_12.png,data/processed/train/genuine/original_23_17.png,1,genuine_genuine,23,23
data/processed/train/genuine/original_21_17.png,data/processed/train/genuine/original_21_19.png,1,genuine_genuine,21,21
data/processed/train/genuine/original_16_5.png,data/processed/train/forged/forgeries_16_15.png,0,skilled_forgery,16,16
data/processed/train/genuine/original_30_18.png,data/processed/train/forged/forgeries_30_13.png,0,skilled_forgery,30,30
data/processed/train/genuine/original_14_12.png,data/processed/train/genuine/original_35_16.png,0,random_forgery,14,35
data/processed/train/genuine/original_5_12.png,data/processed/train/genuine/original_5_4.png,1,genuine_genuine,5,5
data/processed/train/genuine/original_28_21.png,data/processed/train/genuine/original_28_7.png,1,genuine_genuine,28,28
data/processed/train/genuine/original_17_17.png,data/processed/train/genuine/original_19_6.png,0,random_forgery,17,19
data/processed/train/genuine/original_14_15.png,data/processed/train/genuine/original_14_16.png,1,genuine_genuine,14,14
data/processed/train/genuine/original_31_8.png,data/processed/train/genuine/original_13_1.png,0,random_forgery,31,13
data/processed/train/genuine/original_19_4.png,data/processed/train/forged/forgeries_19_1.png,0,skilled_forgery,19,19
data/processed/train/genuine/original_7_5.png,data/processed/train/genuine/original_1_23.png,0,random_forgery,7,1
data/processed/train/genuine/original_7_7.png,data/processed/train/forged/forgeries_7_13.png,0,skilled_forgery,7,7
data/processed/train/genuine/original_8_14.png,data/processed/train/forged/forgeries_8_17.png,0,skilled_forgery,8,8
data/processed/train/genuine/original_31_8.png,data/processed/train/forged/forgeries_31_15.png,0,skilled_forgery,31,31
data/processed/train/genuine/original_6_18.png,data/processed/train/genuine/original_6_9.png,1,genuine_genuine,6,6
data/processed/train/genuine/original_15_14.png,data/processed/train/genuine/original_15_15.png,1,genuine_genuine,15,15
data/processed/train/genuine/original_16_24.png,data/processed/train/genuine/original_28_23.png,0,random_forgery,16,28
data/processed/train/genuine/original_14_14.png,data/processed/train/genuine/original_14_7.png,1,genuine_genuine,14,14
data/processed/train/genuine/original_12_19.png,data/processed/train/genuine/original_12_8.png,1,genuine_genuine,12,12
data/processed/train/genuine/original_30_1.png,data/processed/train/genuine/original_30_6.png,1,genuine_genuine,30,30
data/processed/train/genuine/original_6_2.png,data/processed/train/genuine/original_32_5.png,0,random_forgery,6,32
data/processed/train/genuine/original_18_20.png,data/processed/train/genuine/original_18_9.png,1,genuine_genuine,18,18
data/processed/train/genuine/original_8_5.png,data/processed/train/genuine/original_33_11.png,0,random_forgery,8,33
data/processed/train/genuine/original_23_7.png,data/processed/train/forged/forgeries_23_15.png,0,skilled_forgery,23,23
data/processed/train/genuine/original_30_20.png,data/processed/train/genuine/original_19_9.png,0,random_forgery,30,19
data/processed/train/genuine/original_27_1.png,data/processed/train/genuine/original_27_20.png,1,genuine_genuine,27,27
data/processed/train/genuine/original_12_15.png,data/processed/train/genuine/original_12_7.png,1,genuine_genuine,12,12
data/processed/train/genuine/original_4_1.png,data/processed/train/genuine/original_4_15.png,1,genuine_genuine,4,4
data/processed/train/genuine/original_26_23.png,data/processed/train/genuine/original_26_6.png,1,genuine_genuine,26,26
data/processed/train/genuine/original_4_24.png,data/processed/train/genuine/original_4_9.png,1,genuine_genuine,4,4
data/processed/train/genuine/original_20_15.png,data/processed/train/genuine/original_25_10.png,0,random_forgery,20,25
data/processed/train/genuine/original_9_22.png,data/processed/train/genuine/original_9_23.png,1,genuine_genuine,9,9
data/processed/train/genuine/original_21_19.png,data/processed/train/genuine/original_21_22.png,1,genuine_genuine,21,21
data/processed/train/genuine/original_1_24.png,data/processed/train/forged/forgeries_1_12.png,0,skilled_forgery,1,1
data/processed/train/genuine/original_7_19.png,data/processed/train/forged/forgeries_7_5.png,0,skilled_forgery,7,7
data/processed/train/genuine/original_9_1.png,data/processed/train/forged/forgeries_9_2.png,0,skilled_forgery,9,9
data/processed/train/genuine/original_1_10.png,data/processed/train/genuine/original_1_24.png,1,genuine_genuine,1,1
data/processed/train/genuine/original_22_16.png,data/processed/train/forged/forgeries_22_6.png,0,skilled_forgery,22,22
data/processed/train/genuine/original_4_17.png,data/processed/train/genuine/original_4_18.png,1,genuine_genuine,4,4
data/processed/train/genuine/original_28_12.png,data/processed/train/forged/forgeries_28_21.png,0,skilled_forgery,28,28
data/processed/train/genuine/original_30_9.png,data/processed/train/genuine/original_22_16.png,0,random_forgery,30,22
data/processed/train/genuine/original_27_13.png,data/processed/train/genuine/original_27_19.png,1,genuine_genuine,27,27
data/processed/train/genuine/original_13_21.png,data/processed/train/genuine/original_13_22.png,1,genuine_genuine,13,13
data/processed/train/genuine/original_33_22.png,data/processed/train/forged/forgeries_33_22.png,0,skilled_forgery,33,33
data/processed/train/genuine/original_3_22.png,data/processed/train/genuine/original_3_9.png,1,genuine_genuine,3,3
data/processed/train/genuine/original_20_22.png,data/processed/train/forged/forgeries_20_21.png,0,skilled_forgery,20,20
data/processed/train/genuine/original_24_6.png,data/processed/train/genuine/original_33_8.png,0,random_forgery,24,33
data/processed/train/genuine/original_21_21.png,data/processed/train/genuine/original_21_22.png,1,genuine_genuine,21,21
data/processed/train/genuine/original_10_12.png,data/processed/train/forged/forgeries_10_18.png,0,skilled_forgery,10,10
data/processed/train/genuine/original_6_17.png,data/processed/train/forged/forgeries_6_18.png,0,skilled_forgery,6,6
data/processed/train/genuine/original_14_6.png,data/processed/train/forged/forgeries_14_24.png,0,skilled_forgery,14,14
data/processed/train/genuine/original_33_6.png,data/processed/train/forged/forgeries_33_18.png,0,skilled_forgery,33,33
data/processed/train/genuine/original_19_11.png,data/processed/train/forged/forgeries_19_12.png,0,skilled_forgery,19,19
data/processed/train/genuine/original_22_6.png,data/processed/train/genuine/original_22_7.png,1,genuine_genuine,22,22
data/processed/train/genuine/original_9_17.png,data/processed/train/forged/forgeries_9_20.png,0,skilled_forgery,9,9
data/processed/train/genuine/original_4_10.png,data/processed/train/genuine/original_1_16.png,0,random_forgery,4,1
data/processed/train/genuine/original_16_16.png,data/processed/train/genuine/original_16_24.png,1,genuine_genuine,16,16
data/processed/train/genuine/original_6_15.png,data/processed/train/genuine/original_6_5.png,1,genuine_genuine,6,6
data/processed/train/genuine/original_14_18.png,data/processed/train/genuine/original_14_21.png,1,genuine_genuine,14,14
data/processed/train/genuine/original_3_18.png,data/processed/train/genuine/original_3_4.png,1,genuine_genuine,3,3
data/processed/train/genuine/original_32_16.png,data/processed/train/genuine/original_32_3.png,1,genuine_genuine,32,32
data/processed/train/genuine/original_26_17.png,data/processed/train/forged/forgeries_26_22.png,0,skilled_forgery,26,26
data/processed/train/genuine/original_21_20.png,data/processed/train/forged/forgeries_21_3.png,0,skilled_forgery,21,21
data/processed/train/genuine/original_30_22.png,data/processed/train/forged/forgeries_30_5.png,0,skilled_forgery,30,30
data/processed/train/genuine/original_1_17.png,data/processed/train/genuine/original_5_23.png,0,random_forgery,1,5
data/processed/train/genuine/original_25_6.png,data/processed/train/genuine/original_25_9.png,1,genuine_genuine,25,25
data/processed/train/genuine/original_28_20.png,data/processed/train/genuine/original_3_5.png,0,random_forgery,28,3
data/processed/train/genuine/original_16_20.png,data/processed/train/genuine/original_16_4.png,1,genuine_genuine,16,16
data/processed/train/genuine/original_7_14.png,data/processed/train/genuine/original_7_18.png,1,genuine_genuine,7,7
data/processed/train/genuine/original_8_14.png,data/processed/train/genuine/original_8_20.png,1,genuine_genuine,8,8
data/processed/train/genuine/original_5_2.png,data/processed/train/genuine/original_35_8.png,0,random_forgery,5,35
data/processed/train/genuine/original_35_16.png,data/processed/train/genuine/original_35_17.png,1,genuine_genuine,35,35
data/processed/train/genuine/original_18_15.png,data/processed/train/genuine/original_18_3.png,1,genuine_genuine,18,18
data/processed/train/genuine/original_29_18.png,data/processed/train/forged/forgeries_29_3.png,0,skilled_forgery,29,29
data/processed/train/genuine/original_18_3.png,data/processed/train/genuine/original_18_9.png,1,genuine_genuine,18,18
data/processed/train/genuine/original_34_6.png,data/processed/train/genuine/original_34_8.png,1,genuine_genuine,34,34
data/processed/train/genuine/original_31_11.png,data/processed/train/forged/forgeries_31_20.png,0,skilled_forgery,31,31
data/processed/train/genuine/original_2_11.png,data/processed/train/forged/forgeries_2_12.png,0,skilled_forgery,2,2
data/processed/train/genuine/original_32_12.png,data/processed/train/genuine/original_3_20.png,0,random_forgery,32,3
data/processed/train/genuine/original_28_5.png,data/processed/train/forged/forgeries_28_5.png,0,skilled_forgery,28,28
data/processed/train/genuine/original_26_14.png,data/processed/train/genuine/original_29_22.png,0,random_forgery,26,29
data/processed/train/genuine/original_6_12.png,data/processed/train/genuine/original_6_7.png,1,genuine_genuine,6,6
data/processed/train/genuine/original_3_9.png,data/processed/train/forged/forgeries_3_10.png,0,skilled_forgery,3,3
data/processed/train/genuine/original_17_11.png,data/processed/train/genuine/original_17_8.png,1,genuine_genuine,17,17
data/processed/train/genuine/original_14_2.png,data/processed/train/forged/forgeries_14_5.png,0,skilled_forgery,14,14
data/processed/train/genuine/original_17_17.png,data/processed/train/genuine/original_26_12.png,0,random_forgery,17,26
data/processed/train/genuine/original_32_18.png,data/processed/train/genuine/original_32_22.png,1,genuine_genuine,32,32
data/processed/train/genuine/original_25_14.png,data/processed/train/genuine/original_26_5.png,0,random_forgery,25,26
data/processed/train/genuine/original_4_14.png,data/processed/train/genuine/original_4_16.png,1,genuine_genuine,4,4
data/processed/train/genuine/original_13_22.png,data/processed/train/genuine/original_12_21.png,0,random_forgery,13,12
data/processed/train/genuine/original_14_19.png,data/processed/train/genuine/original_14_24.png,1,genuine_genuine,14,14
data/processed/train/genuine/original_33_17.png,data/processed/train/forged/forgeries_33_18.png,0,skilled_forgery,33,33
data/processed/train/genuine/original_33_23.png,data/processed/train/forged/forgeries_33_14.png,0,skilled_forgery,33,33
data/processed/train/genuine/original_7_14.png,data/processed/train/genuine/original_7_23.png,1,genuine_genuine,7,7
data/processed/train/genuine/original_18_24.png,data/processed/train/forged/forgeries_18_8.png,0,skilled_forgery,18,18
data/processed/train/genuine/original_14_5.png,data/processed/train/forged/forgeries_14_7.png,0,skilled_forgery,14,14
data/processed/train/genuine/original_24_18.png,data/processed/train/genuine/original_24_6.png,1,genuine_genuine,24,24
data/processed/train/genuine/original_14_24.png,data/processed/train/genuine/original_2_22.png,0,random_forgery,14,2
data/processed/train/genuine/original_24_8.png,data/processed/train/forged/forgeries_24_13.png,0,skilled_forgery,24,24
data/processed/train/genuine/original_9_13.png,data/processed/train/genuine/original_9_6.png,1,genuine_genuine,9,9
data/processed/train/genuine/original_26_13.png,data/processed/train/forged/forgeries_26_16.png,0,skilled_forgery,26,26
data/processed/train/genuine/original_15_19.png,data/processed/train/genuine/original_15_24.png,1,genuine_genuine,15,15
data/processed/train/genuine/original_21_8.png,data/processed/train/forged/forgeries_21_4.png,0,skilled_forgery,21,21
data/processed/train/genuine/original_4_12.png,data/processed/train/genuine/original_21_15.png,0,random_forgery,4,21
data/processed/train/genuine/original_22_16.png,data/processed/train/forged/forgeries_22_11.png,0,skilled_forgery,22,22
data/processed/train/genuine/original_7_15.png,data/processed/train/genuine/original_4_18.png,0,random_forgery,7,4
data/processed/train/genuine/original_30_20.png,data/processed/train/genuine/original_30_5.png,1,genuine_genuine,30,30
data/processed/train/genuine/original_30_15.png,data/processed/train/genuine/original_30_9.png,1,genuine_genuine,30,30
data/processed/train/genuine/original_34_18.png,data/processed/train/forged/forgeries_34_19.png,0,skilled_forgery,34,34
data/processed/train/genuine/original_13_20.png,data/processed/train/genuine/original_13_6.png,1,genuine_genuine,13,13
data/processed/train/genuine/original_13_12.png,data/processed/train/genuine/original_13_13.png,1,genuine_genuine,13,13
data/processed/train/genuine/original_29_22.png,data/processed/train/forged/forgeries_29_14.png,0,skilled_forgery,29,29
data/processed/train/genuine/original_20_13.png,data/processed/train/genuine/original_20_7.png,1,genuine_genuine,20,20
data/processed/train/genuine/original_4_13.png,data/processed/train/genuine/original_34_6.png,0,random_forgery,4,34
data/processed/train/genuine/original_5_24.png,data/processed/train/genuine/original_35_8.png,0,random_forgery,5,35
data/processed/train/genuine/original_1_6.png,data/processed/train/genuine/original_1_9.png,1,genuine_genuine,1,1
data/processed/train/genuine/original_32_5.png,data/processed/train/forged/forgeries_32_6.png,0,skilled_forgery,32,32
data/processed/train/genuine/original_21_6.png,data/processed/train/forged/forgeries_21_16.png,0,skilled_forgery,21,21
data/processed/train/genuine/original_11_5.png,data/processed/train/genuine/original_11_8.png,1,genuine_genuine,11,11
data/processed/train/genuine/original_29_12.png,data/processed/train/genuine/original_29_3.png,1,genuine_genuine,29,29
data/processed/train/genuine/original_4_13.png,data/processed/train/genuine/original_14_4.png,0,random_forgery,4,14
data/processed/train/genuine/original_4_12.png,data/processed/train/genuine/original_4_9.png,1,genuine_genuine,4,4
data/processed/train/genuine/original_25_3.png,data/processed/train/forged/forgeries_25_1.png,0,skilled_forgery,25,25
data/processed/train/genuine/original_19_10.png,data/processed/train/genuine/original_19_7.png,1,genuine_genuine,19,19
data/processed/train/genuine/original_13_8.png,data/processed/train/genuine/original_24_4.png,0,random_forgery,13,24
data/processed/train/genuine/original_5_15.png,data/processed/train/genuine/original_5_23.png,1,genuine_genuine,5,5
data/processed/train/genuine/original_29_1.png,data/processed/train/genuine/original_29_13.png,1,genuine_genuine,29,29
data/processed/train/genuine/original_22_15.png,data/processed/train/genuine/original_22_8.png,1,genuine_genuine,22,22
data/processed/train/genuine/original_31_14.png,data/processed/train/genuine/original_31_18.png,1,genuine_genuine,31,31
data/processed/train/genuine/original_17_17.png,data/processed/train/genuine/original_17_19.png,1,genuine_genuine,17,17
data/processed/train/genuine/original_23_11.png,data/processed/train/genuine/original_23_3.png,1,genuine_genuine,23,23
data/processed/train/genuine/original_7_11.png,data/processed/train/genuine/original_7_23.png,1,genuine_genuine,7,7
data/processed/train/genuine/original_18_23.png,data/processed/train/genuine/original_18_7.png,1,genuine_genuine,18,18
data/processed/train/genuine/original_23_14.png,data/processed/train/forged/forgeries_23_6.png,0,skilled_forgery,23,23
data/processed/train/genuine/original_27_8.png,data/processed/train/forged/forgeries_27_20.png,0,skilled_forgery,27,27
data/processed/train/genuine/original_10_22.png,data/processed/train/forged/forgeries_10_21.png,0,skilled_forgery,10,10
data/processed/train/genuine/original_10_3.png,data/processed/train/forged/forgeries_10_5.png,0,skilled_forgery,10,10
data/processed/train/genuine/original_3_21.png,data/processed/train/genuine/original_3_4.png,1,genuine_genuine,3,3
data/processed/train/genuine/original_27_4.png,data/processed/train/forged/forgeries_27_20.png,0,skilled_forgery,27,27
data/processed/train/genuine/original_22_11.png,data/processed/train/forged/forgeries_22_3.png,0,skilled_forgery,22,22
data/processed/train/genuine/original_5_20.png,data/processed/train/genuine/original_5_8.png,1,genuine_genuine,5,5
data/processed/train/genuine/original_27_11.png,data/processed/train/genuine/original_27_21.png,1,genuine_genuine,27,27
data/processed/train/genuine/original_34_17.png,data/processed/train/forged/forgeries_34_11.png,0,skilled_forgery,34,34
data/processed/train/genuine/original_7_10.png,data/processed/train/genuine/original_7_13.png,1,genuine_genuine,7,7
data/processed/train/genuine/original_17_21.png,data/processed/train/forged/forgeries_17_4.png,0,skilled_forgery,17,17
data/processed/train/genuine/original_20_15.png,data/processed/train/genuine/original_20_3.png,1,genuine_genuine,20,20
data/processed/train/genuine/original_17_14.png,data/processed/train/genuine/original_17_7.png,1,genuine_genuine,17,17
data/processed/train/genuine/original_10_24.png,data/processed/train/forged/forgeries_10_22.png,0,skilled_forgery,10,10
data/processed/train/genuine/original_24_19.png,data/processed/train/genuine/original_24_21.png,1,genuine_genuine,24,24
data/processed/train/genuine/original_2_22.png,data/processed/train/genuine/original_2_4.png,1,genuine_genuine,2,2
data/processed/train/genuine/original_15_14.png,data/processed/train/forged/forgeries_15_17.png,0,skilled_forgery,15,15
data/processed/train/genuine/original_9_18.png,data/processed/train/forged/forgeries_9_15.png,0,skilled_forgery,9,9
data/processed/train/genuine/original_16_24.png,data/processed/train/forged/forgeries_16_1.png,0,skilled_forgery,16,16
data/processed/train/genuine/original_16_15.png,data/processed/train/forged/forgeries_16_3.png,0,skilled_forgery,16,16
data/processed/train/genuine/original_5_14.png,data/processed/train/forged/forgeries_5_2.png,0,skilled_forgery,5,5
data/processed/train/genuine/original_14_22.png,data/processed/train/genuine/original_20_12.png,0,random_forgery,14,20
data/processed/train/genuine/original_10_16.png,data/processed/train/genuine/original_10_5.png,1,genuine_genuine,10,10
data/processed/train/genuine/original_7_1.png,data/processed/train/genuine/original_7_6.png,1,genuine_genuine,7,7
data/processed/train/genuine/original_11_14.png,data/processed/train/genuine/original_11_9.png,1,genuine_genuine,11,11
data/processed/train/genuine/original_22_18.png,data/processed/train/genuine/original_22_20.png,1,genuine_genuine,22,22
data/processed/train/genuine/original_9_12.png,data/processed/train/forged/forgeries_9_12.png,0,skilled_forgery,9,9
data/processed/train/genuine/original_12_14.png,data/processed/train/forged/forgeries_12_15.png,0,skilled_forgery,12,12
data/processed/train/genuine/original_27_23.png,data/processed/train/genuine/original_28_20.png,0,random_forgery,27,28
data/processed/train/genuine/original_24_23.png,data/processed/train/forged/forgeries_24_7.png,0,skilled_forgery,24,24
data/processed/train/genuine/original_2_11.png,data/processed/train/genuine/original_2_2.png,1,genuine_genuine,2,2
data/processed/train/genuine/original_16_10.png,data/processed/train/forged/forgeries_16_18.png,0,skilled_forgery,16,16
data/processed/train/genuine/original_18_12.png,data/processed/train/forged/forgeries_18_12.png,0,skilled_forgery,18,18
data/processed/train/genuine/original_29_20.png,data/processed/train/genuine/original_15_13.png,0,random_forgery,29,15
data/processed/train/genuine/original_21_1.png,data/processed/train/forged/forgeries_21_18.png,0,skilled_forgery,21,21
data/processed/train/genuine/original_22_8.png,data/processed/train/forged/forgeries_22_3.png,0,skilled_forgery,22,22
data/processed/train/genuine/original_27_16.png,data/processed/train/forged/forgeries_27_16.png,0,skilled_forgery,27,27
data/processed/train/genuine/original_11_14.png,data/processed/train/forged/forgeries_11_6.png,0,skilled_forgery,11,11
data/processed/train/genuine/original_30_16.png,data/processed/train/forged/forgeries_30_18.png,0,skilled_forgery,30,30
data/processed/train/genuine/original_31_11.png,data/processed/train/forged/forgeries_31_17.png,0,skilled_forgery,31,31
data/processed/train/genuine/original_6_10.png,data/processed/train/genuine/original_6_8.png,1,genuine_genuine,6,6
data/processed/train/genuine/original_34_24.png,data/processed/train/forged/forgeries_34_21.png,0,skilled_forgery,34,34
data/processed/train/genuine/original_26_5.png,data/processed/train/forged/forgeries_26_16.png,0,skilled_forgery,26,26
data/processed/train/genuine/original_15_20.png,data/processed/train/genuine/original_15_7.png,1,genuine_genuine,15,15
data/processed/train/genuine/original_14_2.png,data/processed/train/forged/forgeries_14_21.png,0,skilled_forgery,14,14
data/processed/train/genuine/original_24_17.png,data/processed/train/forged/forgeries_24_21.png,0,skilled_forgery,24,24
data/processed/train/genuine/original_8_11.png,data/processed/train/genuine/original_8_15.png,1,genuine_genuine,8,8
data/processed/train/genuine/original_10_14.png,data/processed/train/genuine/original_10_20.png,1,genuine_genuine,10,10
data/processed/train/genuine/original_7_11.png,data/processed/train/genuine/original_7_9.png,1,genuine_genuine,7,7
data/processed/train/genuine/original_25_22.png,data/processed/train/genuine/original_25_23.png,1,genuine_genuine,25,25
data/processed/train/genuine/original_6_3.png,data/processed/train/genuine/original_32_10.png,0,random_forgery,6,32
data/processed/train/genuine/original_17_10.png,data/processed/train/genuine/original_17_6.png,1,genuine_genuine,17,17
data/processed/train/genuine/original_20_16.png,data/processed/train/forged/forgeries_20_5.png,0,skilled_forgery,20,20
data/processed/train/genuine/original_25_13.png,data/processed/train/genuine/original_25_18.png,1,genuine_genuine,25,25
data/processed/train/genuine/original_32_22.png,data/processed/train/genuine/original_32_3.png,1,genuine_genuine,32,32
data/processed/train/genuine/original_25_6.png,data/processed/train/forged/forgeries_25_17.png,0,skilled_forgery,25,25
data/processed/train/genuine/original_12_17.png,data/processed/train/genuine/original_20_15.png,0,random_forgery,12,20
data/processed/train/genuine/original_9_16.png,data/processed/train/genuine/original_9_9.png,1,genuine_genuine,9,9
data/processed/train/genuine/original_18_1.png,data/processed/train/forged/forgeries_18_1.png,0,skilled_forgery,18,18
data/processed/train/genuine/original_31_15.png,data/processed/train/genuine/original_21_4.png,0,random_forgery,31,21
data/processed/train/genuine/original_25_21.png,data/processed/train/genuine/original_25_6.png,1,genuine_genuine,25,25
data/processed/train/genuine/original_6_11.png,data/processed/train/forged/forgeries_6_23.png,0,skilled_forgery,6,6
data/processed/train/genuine/original_24_22.png,data/processed/train/genuine/original_24_8.png,1,genuine_genuine,24,24
data/processed/train/genuine/original_30_6.png,data/processed/train/forged/forgeries_30_20.png,0,skilled_forgery,30,30
data/processed/train/genuine/original_21_19.png,data/processed/train/genuine/original_21_21.png,1,genuine_genuine,21,21
data/processed/train/genuine/original_17_6.png,data/processed/train/genuine/original_17_9.png,1,genuine_genuine,17,17
data/processed/train/genuine/original_22_12.png,data/processed/train/forged/forgeries_22_24.png,0,skilled_forgery,22,22
data/processed/train/genuine/original_23_15.png,data/processed/train/genuine/original_23_17.png,1,genuine_genuine,23,23
data/processed/train/genuine/original_7_11.png,data/processed/train/genuine/original_7_18.png,1,genuine_genuine,7,7
data/processed/train/genuine/original_13_5.png,data/processed/train/forged/forgeries_13_24.png,0,skilled_forgery,13,13
data/processed/train/genuine/original_12_10.png,data/processed/train/genuine/original_33_2.png,0,random_forgery,12,33
data/processed/train/genuine/original_34_19.png,data/processed/train/genuine/original_34_8.png,1,genuine_genuine,34,34
data/processed/train/genuine/original_6_24.png,data/processed/train/genuine/original_4_21.png,0,random_forgery,6,4
data/processed/train/genuine/original_22_10.png,data/processed/train/genuine/original_22_20.png,1,genuine_genuine,22,22
data/processed/train/genuine/original_21_1.png,data/processed/train/genuine/original_21_17.png,1,genuine_genuine,21,21
data/processed/train/genuine/original_5_1.png,data/processed/train/genuine/original_4_6.png,0,random_forgery,5,4
data/processed/train/genuine/original_10_19.png,data/processed/train/forged/forgeries_10_1.png,0,skilled_forgery,10,10
data/processed/train/genuine/original_19_2.png,data/processed/train/genuine/original_19_6.png,1,genuine_genuine,19,19
data/processed/train/genuine/original_14_15.png,data/processed/train/genuine/original_14_22.png,1,genuine_genuine,14,14
data/processed/train/genuine/original_1_22.png,data/processed/train/genuine/original_1_4.png,1,genuine_genuine,1,1
data/processed/train/genuine/original_35_17.png,data/processed/train/genuine/original_19_14.png,0,random_forgery,35,19
data/processed/train/genuine/original_35_22.png,data/processed/train/forged/forgeries_35_15.png,0,skilled_forgery,35,35
data/processed/train/genuine/original_5_6.png,data/processed/train/genuine/original_24_18.png,0,random_forgery,5,24
data/processed/train/genuine/original_28_11.png,data/processed/train/genuine/original_28_12.png,1,genuine_genuine,28,28
data/processed/train/genuine/original_27_5.png,data/processed/train/forged/forgeries_27_11.png,0,skilled_forgery,27,27
data/processed/train/genuine/original_12_10.png,data/processed/train/forged/forgeries_12_22.png,0,skilled_forgery,12,12
data/processed/train/genuine/original_20_3.png,data/processed/train/genuine/original_20_6.png,1,genuine_genuine,20,20
data/processed/train/genuine/original_27_3.png,data/processed/train/forged/forgeries_27_10.png,0,skilled_forgery,27,27
data/processed/train/genuine/original_12_2.png,data/processed/train/genuine/original_12_5.png,1,genuine_genuine,12,12
data/processed/train/genuine/original_30_10.png,data/processed/train/genuine/original_11_7.png,0,random_forgery,30,11
data/processed/train/genuine/original_11_23.png,data/processed/train/genuine/original_11_4.png,1,genuine_genuine,11,11
data/processed/train/genuine/original_19_12.png,data/processed/train/genuine/original_19_17.png,1,genuine_genuine,19,19
data/processed/train/genuine/original_17_18.png,data/processed/train/forged/forgeries_17_1.png,0,skilled_forgery,17,17
data/processed/train/genuine/original_34_2.png,data/processed/train/genuine/original_26_14.png,0,random_forgery,34,26
data/processed/train/genuine/original_12_15.png,data/processed/train/genuine/original_12_19.png,1,genuine_genuine,12,12
data/processed/train/genuine/original_14_18.png,data/processed/train/genuine/original_14_22.png,1,genuine_genuine,14,14
data/processed/train/genuine/original_26_11.png,data/processed/train/forged/forgeries_26_24.png,0,skilled_forgery,26,26
data/processed/train/genuine/original_31_10.png,data/processed/train/genuine/original_31_6.png,1,genuine_genuine,31,31
data/processed/train/genuine/original_3_9.png,data/processed/train/genuine/original_35_17.png,0,random_forgery,3,35
data/processed/train/genuine/original_14_2.png,data/processed/train/forged/forgeries_14_11.png,0,skilled_forgery,14,14
data/processed/train/genuine/original_28_10.png,data/processed/train/genuine/original_28_2.png,1,genuine_genuine,28,28
data/processed/train/genuine/original_17_10.png,data/processed/train/genuine/original_26_5.png,0,random_forgery,17,26
data/processed/train/genuine/original_10_14.png,data/processed/train/genuine/original_15_9.png,0,random_forgery,10,15
data/processed/train/genuine/original_11_16.png,data/processed/train/forged/forgeries_11_11.png,0,skilled_forgery,11,11
data/processed/train/genuine/original_25_24.png,data/processed/train/genuine/original_4_18.png,0,random_forgery,25,4
data/processed/train/genuine/original_20_12.png,data/processed/train/genuine/original_20_13.png,1,genuine_genuine,20,20
data/processed/train/genuine/original_1_22.png,data/processed/train/genuine/original_33_11.png,0,random_forgery,1,33
data/processed/train/genuine/original_9_1.png,data/processed/train/genuine/original_9_3.png,1,genuine_genuine,9,9
data/processed/train/genuine/original_33_19.png,data/processed/train/genuine/original_33_5.png,1,genuine_genuine,33,33
data/processed/train/genuine/original_19_17.png,data/processed/train/genuine/original_5_6.png,0,random_forgery,19,5
data/processed/train/genuine/original_23_4.png,data/processed/train/genuine/original_23_8.png,1,genuine_genuine,23,23
data/processed/train/genuine/original_16_23.png,data/processed/train/genuine/original_16_7.png,1,genuine_genuine,16,16
data/processed/train/genuine/original_32_16.png,data/processed/train/genuine/original_32_21.png,1,genuine_genuine,32,32
data/processed/train/genuine/original_13_14.png,data/processed/train/genuine/original_13_4.png,1,genuine_genuine,13,13
data/processed/train/genuine/original_12_21.png,data/processed/train/genuine/original_1_7.png,0,random_forgery,12,1
data/processed/train/genuine/original_18_1.png,data/processed/train/genuine/original_18_24.png,1,genuine_genuine,18,18
data/processed/train/genuine/original_22_5.png,data/processed/train/genuine/original_13_13.png,0,random_forgery,22,13
data/processed/train/genuine/original_17_17.png,data/processed/train/genuine/original_7_9.png,0,random_forgery,17,7
data/processed/train/genuine/original_12_11.png,data/processed/train/forged/forgeries_12_17.png,0,skilled_forgery,12,12
data/processed/train/genuine/original_20_11.png,data/processed/train/forged/forgeries_20_7.png,0,skilled_forgery,20,20
data/processed/train/genuine/original_3_11.png,data/processed/train/genuine/original_3_17.png,1,genuine_genuine,3,3
data/processed/train/genuine/original_3_11.png,data/processed/train/genuine/original_3_24.png,1,genuine_genuine,3,3
data/processed/train/genuine/original_33_22.png,data/processed/train/genuine/original_19_3.png,0,random_forgery,33,19
data/processed/train/genuine/original_29_16.png,data/processed/train/genuine/original_29_21.png,1,genuine_genuine,29,29
data/processed/train/genuine/original_11_19.png,data/processed/train/genuine/original_11_24.png,1,genuine_genuine,11,11
data/processed/train/genuine/original_14_13.png,data/processed/train/genuine/original_29_1.png,0,random_forgery,14,29
data/processed/train/genuine/original_5_24.png,data/processed/train/forged/forgeries_5_1.png,0,skilled_forgery,5,5
data/processed/train/genuine/original_18_3.png,data/processed/train/forged/forgeries_18_13.png,0,skilled_forgery,18,18
data/processed/train/genuine/original_13_11.png,data/processed/train/genuine/original_13_6.png,1,genuine_genuine,13,13
data/processed/train/genuine/original_34_3.png,data/processed/train/genuine/original_34_4.png,1,genuine_genuine,34,34
data/processed/train/genuine/original_12_23.png,data/processed/train/genuine/original_32_24.png,0,random_forgery,12,32
data/processed/train/genuine/original_22_23.png,data/processed/train/genuine/original_24_22.png,0,random_forgery,22,24
data/processed/train/genuine/original_24_2.png,data/processed/train/genuine/original_4_8.png,0,random_forgery,24,4
data/processed/train/genuine/original_32_16.png,data/processed/train/genuine/original_32_5.png,1,genuine_genuine,32,32
data/processed/train/genuine/original_30_7.png,data/processed/train/forged/forgeries_30_15.png,0,skilled_forgery,30,30
data/processed/train/genuine/original_31_7.png,data/processed/train/forged/forgeries_31_13.png,0,skilled_forgery,31,31
data/processed/train/genuine/original_34_16.png,data/processed/train/genuine/original_22_11.png,0,random_forgery,34,22
data/processed/train/genuine/original_6_2.png,data/processed/train/forged/forgeries_6_13.png,0,skilled_forgery,6,6
data/processed/train/genuine/original_19_5.png,data/processed/train/genuine/original_13_13.png,0,random_forgery,19,13
data/processed/train/genuine/original_11_4.png,data/processed/train/forged/forgeries_11_2.png,0,skilled_forgery,11,11
data/processed/train/genuine/original_31_13.png,data/processed/train/genuine/original_31_3.png,1,genuine_genuine,31,31
data/processed/train/genuine/original_2_11.png,data/processed/train/genuine/original_2_18.png,1,genuine_genuine,2,2
data/processed/train/genuine/original_32_18.png,data/processed/train/forged/forgeries_32_9.png,0,skilled_forgery,32,32
data/processed/train/genuine/original_24_3.png,data/processed/train/genuine/original_24_6.png,1,genuine_genuine,24,24
data/processed/train/genuine/original_16_15.png,data/processed/train/genuine/original_16_5.png,1,genuine_genuine,16,16
data/processed/train/genuine/original_27_20.png,data/processed/train/forged/forgeries_27_11.png,0,skilled_forgery,27,27
data/processed/train/genuine/original_28_1.png,data/processed/train/genuine/original_28_8.png,1,genuine_genuine,28,28
data/processed/train/genuine/original_21_6.png,data/processed/train/forged/forgeries_21_22.png,0,skilled_forgery,21,21
data/processed/train/genuine/original_29_21.png,data/processed/train/genuine/original_32_10.png,0,random_forgery,29,32
data/processed/train/genuine/original_16_22.png,data/processed/train/genuine/original_2_23.png,0,random_forgery,16,2
data/processed/train/genuine/original_19_15.png,data/processed/train/genuine/original_19_16.png,1,genuine_genuine,19,19
data/processed/train/genuine/original_20_7.png,data/processed/train/genuine/original_19_17.png,0,random_forgery,20,19
data/processed/train/genuine/original_26_24.png,data/processed/train/genuine/original_26_3.png,1,genuine_genuine,26,26
data/processed/train/genuine/original_28_22.png,data/processed/train/forged/forgeries_28_23.png,0,skilled_forgery,28,28
data/processed/train/genuine/original_22_22.png,data/processed/train/forged/forgeries_22_16.png,0,skilled_forgery,22,22
data/processed/train/genuine/original_10_4.png,data/processed/train/forged/forgeries_10_7.png,0,skilled_forgery,10,10
data/processed/train/genuine/original_34_20.png,data/processed/train/genuine/original_34_6.png,1,genuine_genuine,34,34
data/processed/train/genuine/original_16_1.png,data/processed/train/forged/forgeries_16_23.png,0,skilled_forgery,16,16
data/processed/train/genuine/original_18_21.png,data/processed/train/genuine/original_29_8.png,0,random_forgery,18,29
data/processed/train/genuine/original_12_24.png,data/processed/train/forged/forgeries_12_19.png,0,skilled_forgery,12,12
data/processed/train/genuine/original_35_15.png,data/processed/train/genuine/original_35_6.png,1,genuine_genuine,35,35
data/processed/train/genuine/original_30_16.png,data/processed/train/forged/forgeries_30_15.png,0,skilled_forgery,30,30
data/processed/train/genuine/original_8_19.png,data/processed/train/genuine/original_18_5.png,0,random_forgery,8,18
data/processed/train/genuine/original_17_4.png,data/processed/train/forged/forgeries_17_19.png,0,skilled_forgery,17,17
data/processed/train/genuine/original_16_3.png,data/processed/train/genuine/original_16_8.png,1,genuine_genuine,16,16
data/processed/train/genuine/original_7_14.png,data/processed/train/forged/forgeries_7_11.png,0,skilled_forgery,7,7
data/processed/train/genuine/original_6_1.png,data/processed/train/genuine/original_6_4.png,1,genuine_genuine,6,6
data/processed/train/genuine/original_18_1.png,data/processed/train/genuine/original_6_21.png,0,random_forgery,18,6
data/processed/train/genuine/original_15_20.png,data/processed/train/genuine/original_15_21.png,1,genuine_genuine,15,15
data/processed/train/genuine/original_9_11.png,data/processed/train/genuine/original_9_4.png,1,genuine_genuine,9,9
data/processed/train/genuine/original_10_13.png,data/processed/train/forged/forgeries_10_21.png,0,skilled_forgery,10,10
data/processed/train/genuine/original_22_12.png,data/processed/train/forged/forgeries_22_21.png,0,skilled_forgery,22,22
data/processed/train/genuine/original_33_23.png,data/processed/train/forged/forgeries_33_9.png,0,skilled_forgery,33,33
data/processed/train/genuine/original_32_20.png,data/processed/train/genuine/original_32_24.png,1,genuine_genuine,32,32
data/processed/train/genuine/original_31_3.png,data/processed/train/genuine/original_4_4.png,0,random_forgery,31,4
data/processed/train/genuine/original_15_12.png,data/processed/train/genuine/original_15_21.png,1,genuine_genuine,15,15
data/processed/train/genuine/original_13_1.png,data/processed/train/genuine/original_13_16.png,1,genuine_genuine,13,13
data/processed/train/genuine/original_16_14.png,data/processed/train/genuine/original_16_3.png,1,genuine_genuine,16,16
data/processed/train/genuine/original_4_24.png,data/processed/train/genuine/original_16_21.png,0,random_forgery,4,16
data/processed/train/genuine/original_3_4.png,data/processed/train/genuine/original_3_8.png,1,genuine_genuine,3,3
data/processed/train/genuine/original_30_15.png,data/processed/train/genuine/original_30_5.png,1,genuine_genuine,30,30
data/processed/train/genuine/original_32_11.png,data/processed/train/forged/forgeries_32_21.png,0,skilled_forgery,32,32
data/processed/train/genuine/original_23_24.png,data/processed/train/genuine/original_5_13.png,0,random_forgery,23,5
data/processed/train/genuine/original_29_17.png,data/processed/train/genuine/original_29_23.png,1,genuine_genuine,29,29
data/processed/train/genuine/original_15_6.png,data/processed/train/forged/forgeries_15_11.png,0,skilled_forgery,15,15
data/processed/train/genuine/original_7_10.png,data/processed/train/forged/forgeries_7_18.png,0,skilled_forgery,7,7
data/processed/train/genuine/original_10_2.png,data/processed/train/genuine/original_10_21.png,1,genuine_genuine,10,10
data/processed/train/genuine/original_9_16.png,data/processed/train/genuine/original_9_4.png,1,genuine_genuine,9,9
data/processed/train/genuine/original_21_22.png,data/processed/train/genuine/original_21_3.png,1,genuine_genuine,21,21
data/processed/train/genuine/original_8_17.png,data/processed/train/genuine/original_8_9.png,1,genuine_genuine,8,8
data/processed/train/genuine/original_7_14.png,data/processed/train/forged/forgeries_7_10.png,0,skilled_forgery,7,7
data/processed/train/genuine/original_20_13.png,data/processed/train/genuine/original_20_19.png,1,genuine_genuine,20,20
data/processed/train/genuine/original_4_16.png,data/processed/train/forged/forgeries_4_10.png,0,skilled_forgery,4,4
data/processed/train/genuine/original_13_10.png,data/processed/train/genuine/original_13_21.png,1,genuine_genuine,13,13
data/processed/train/genuine/original_8_5.png,data/processed/train/genuine/original_8_6.png,1,genuine_genuine,8,8
data/processed/train/genuine/original_21_1.png,data/processed/train/forged/forgeries_21_16.png,0,skilled_forgery,21,21
data/processed/train/genuine/original_25_1.png,data/processed/train/genuine/original_25_22.png,1,genuine_genuine,25,25
data/processed/train/genuine/original_7_10.png,data/processed/train/forged/forgeries_7_6.png,0,skilled_forgery,7,7
data/processed/train/genuine/original_8_23.png,data/processed/train/forged/forgeries_8_24.png,0,skilled_forgery,8,8
data/processed/train/genuine/original_35_18.png,data/processed/train/genuine/original_35_24.png,1,genuine_genuine,35,35
data/processed/train/genuine/original_13_14.png,data/processed/train/genuine/original_13_24.png,1,genuine_genuine,13,13
data/processed/train/genuine/original_4_7.png,data/processed/train/forged/forgeries_4_24.png,0,skilled_forgery,4,4
data/processed/train/genuine/original_3_18.png,data/processed/train/forged/forgeries_3_10.png,0,skilled_forgery,3,3
data/processed/train/genuine/original_29_14.png,data/processed/train/genuine/original_29_3.png,1,genuine_genuine,29,29
data/processed/train/genuine/original_16_6.png,data/processed/train/genuine/original_16_8.png,1,genuine_genuine,16,16
data/processed/train/genuine/original_9_8.png,data/processed/train/genuine/original_6_4.png,0,random_forgery,9,6
data/processed/train/genuine/original_12_21.png,data/processed/train/genuine/original_12_9.png,1,genuine_genuine,12,12
data/processed/train/genuine/original_31_14.png,data/processed/train/genuine/original_10_16.png,0,random_forgery,31,10
data/processed/train/genuine/original_10_2.png,data/processed/train/forged/forgeries_10_1.png,0,skilled_forgery,10,10
data/processed/train/genuine/original_13_20.png,data/processed/train/genuine/original_13_3.png,1,genuine_genuine,13,13
data/processed/train/genuine/original_26_12.png,data/processed/train/genuine/original_26_21.png,1,genuine_genuine,26,26
data/processed/train/genuine/original_26_2.png,data/processed/train/genuine/original_26_3.png,1,genuine_genuine,26,26
data/processed/train/genuine/original_17_11.png,data/processed/train/genuine/original_17_14.png,1,genuine_genuine,17,17
data/processed/train/genuine/original_20_11.png,data/processed/train/genuine/original_20_12.png,1,genuine_genuine,20,20
data/processed/train/genuine/original_16_21.png,data/processed/train/genuine/original_16_9.png,1,genuine_genuine,16,16
data/processed/train/genuine/original_1_15.png,data/processed/train/genuine/original_1_8.png,1,genuine_genuine,1,1
data/processed/train/genuine/original_32_19.png,data/processed/train/forged/forgeries_32_10.png,0,skilled_forgery,32,32
data/processed/train/genuine/original_29_1.png,data/processed/train/genuine/original_29_12.png,1,genuine_genuine,29,29
data/processed/train/genuine/original_25_1.png,data/processed/train/genuine/original_25_8.png,1,genuine_genuine,25,25
data/processed/train/genuine/original_11_7.png,data/processed/train/genuine/original_3_3.png,0,random_forgery,11,3
data/processed/train/genuine/original_6_18.png,data/processed/train/forged/forgeries_6_13.png,0,skilled_forgery,6,6
data/processed/train/genuine/original_28_13.png,data/processed/train/genuine/original_32_13.png,0,random_forgery,28,32
data/processed/train/genuine/original_34_5.png,data/processed/train/genuine/original_34_6.png,1,genuine_genuine,34,34
data/processed/train/genuine/original_15_13.png,data/processed/train/forged/forgeries_15_5.png,0,skilled_forgery,15,15
data/processed/train/genuine/original_1_17.png,data/processed/train/genuine/original_10_10.png,0,random_forgery,1,10
data/processed/train/genuine/original_9_12.png,data/processed/train/genuine/original_9_23.png,1,genuine_genuine,9,9
data/processed/train/genuine/original_32_5.png,data/processed/train/forged/forgeries_32_15.png,0,skilled_forgery,32,32
data/processed/train/genuine/original_24_10.png,data/processed/train/genuine/original_24_23.png,1,genuine_genuine,24,24
data/processed/train/genuine/original_20_16.png,data/processed/train/genuine/original_20_19.png,1,genuine_genuine,20,20
data/processed/train/genuine/original_12_14.png,data/processed/train/genuine/original_12_3.png,1,genuine_genuine,12,12
data/processed/train/genuine/original_23_3.png,data/processed/train/genuine/original_23_9.png,1,genuine_genuine,23,23
data/processed/train/genuine/original_31_15.png,data/processed/train/genuine/original_31_18.png,1,genuine_genuine,31,31
data/processed/train/genuine/original_4_8.png,data/processed/train/forged/forgeries_4_2.png,0,skilled_forgery,4,4
data/processed/train/genuine/original_31_10.png,data/processed/train/genuine/original_31_14.png,1,genuine_genuine,31,31
data/processed/train/genuine/original_24_12.png,data/processed/train/genuine/original_24_2.png,1,genuine_genuine,24,24
data/processed/train/genuine/original_16_13.png,data/processed/train/forged/forgeries_16_12.png,0,skilled_forgery,16,16
data/processed/train/genuine/original_7_7.png,data/processed/train/forged/forgeries_7_3.png,0,skilled_forgery,7,7
data/processed/train/genuine/original_4_21.png,data/processed/train/genuine/original_4_5.png,1,genuine_genuine,4,4
data/processed/train/genuine/original_23_17.png,data/processed/train/genuine/original_19_1.png,0,random_forgery,23,19
data/processed/train/genuine/original_34_24.png,data/processed/train/genuine/original_34_9.png,1,genuine_genuine,34,34
data/processed/train/genuine/original_2_13.png,data/processed/train/forged/forgeries_2_2.png,0,skilled_forgery,2,2
data/processed/train/genuine/original_18_11.png,data/processed/train/genuine/original_12_8.png,0,random_forgery,18,12
data/processed/train/genuine/original_1_6.png,data/processed/train/genuine/original_18_4.png,0,random_forgery,1,18
data/processed/train/genuine/original_8_16.png,data/processed/train/genuine/original_8_19.png,1,genuine_genuine,8,8
data/processed/train/genuine/original_13_17.png,data/processed/train/genuine/original_13_7.png,1,genuine_genuine,13,13
data/processed/train/genuine/original_5_21.png,data/processed/train/genuine/original_5_7.png,1,genuine_genuine,5,5
data/processed/train/genuine/original_14_14.png,data/processed/train/genuine/original_2_13.png,0,random_forgery,14,2
data/processed/train/genuine/original_7_23.png,data/processed/train/genuine/original_33_3.png,0,random_forgery,7,33
data/processed/train/genuine/original_4_22.png,data/processed/train/forged/forgeries_4_2.png,0,skilled_forgery,4,4
data/processed/train/genuine/original_9_11.png,data/processed/train/genuine/original_9_9.png,1,genuine_genuine,9,9
data/processed/train/genuine/original_11_17.png,data/processed/train/genuine/original_11_3.png,1,genuine_genuine,11,11
data/processed/train/genuine/original_7_16.png,data/processed/train/genuine/original_7_19.png,1,genuine_genuine,7,7
data/processed/train/genuine/original_31_22.png,data/processed/train/genuine/original_31_3.png,1,genuine_genuine,31,31
data/processed/train/genuine/original_6_9.png,data/processed/train/forged/forgeries_6_6.png,0,skilled_forgery,6,6
data/processed/train/genuine/original_8_11.png,data/processed/train/genuine/original_8_4.png,1,genuine_genuine,8,8
data/processed/train/genuine/original_5_21.png,data/processed/train/genuine/original_9_22.png,0,random_forgery,5,9
data/processed/train/genuine/original_7_18.png,data/processed/train/genuine/original_7_24.png,1,genuine_genuine,7,7
data/processed/train/genuine/original_14_23.png,data/processed/train/genuine/original_14_5.png,1,genuine_genuine,14,14
data/processed/train/genuine/original_19_6.png,data/processed/train/genuine/original_28_6.png,0,random_forgery,19,28
data/processed/train/genuine/original_30_10.png,data/processed/train/genuine/original_30_24.png,1,genuine_genuine,30,30
data/processed/train/genuine/original_23_20.png,data/processed/train/genuine/original_23_5.png,1,genuine_genuine,23,23
data/processed/train/genuine/original_4_11.png,data/processed/train/genuine/original_11_8.png,0,random_forgery,4,11
data/processed/train/genuine/original_12_21.png,data/processed/train/genuine/original_12_3.png,1,genuine_genuine,12,12
data/processed/train/genuine/original_19_3.png,data/processed/train/forged/forgeries_19_18.png,0,skilled_forgery,19,19
data/processed/train/genuine/original_25_6.png,data/processed/train/forged/forgeries_25_5.png,0,skilled_forgery,25,25
data/processed/train/genuine/original_17_13.png,data/processed/train/genuine/original_31_11.png,0,random_forgery,17,31
data/processed/train/genuine/original_26_13.png,data/processed/train/genuine/original_26_4.png,1,genuine_genuine,26,26
data/processed/train/genuine/original_31_20.png,data/processed/train/genuine/original_25_14.png,0,random_forgery,31,25
data/processed/train/genuine/original_3_22.png,data/processed/train/forged/forgeries_3_15.png,0,skilled_forgery,3,3
data/processed/train/genuine/original_4_10.png,data/processed/train/genuine/original_4_24.png,1,genuine_genuine,4,4
data/processed/train/genuine/original_6_19.png,data/processed/train/genuine/original_6_24.png,1,genuine_genuine,6,6
data/processed/train/genuine/original_4_1.png,data/processed/train/genuine/original_4_21.png,1,genuine_genuine,4,4
data/processed/train/genuine/original_34_23.png,data/processed/train/genuine/original_34_24.png,1,genuine_genuine,34,34
data/processed/train/genuine/original_7_4.png,data/processed/train/forged/forgeries_7_16.png,0,skilled_forgery,7,7
data/processed/train/genuine/original_4_11.png,data/processed/train/genuine/original_4_6.png,1,genuine_genuine,4,4
data/processed/train/genuine/original_27_6.png,data/processed/train/forged/forgeries_27_11.png,0,skilled_forgery,27,27
data/processed/train/genuine/original_3_16.png,data/processed/train/forged/forgeries_3_23.png,0,skilled_forgery,3,3
data/processed/train/genuine/original_27_20.png,data/processed/train/genuine/original_27_22.png,1,genuine_genuine,27,27
data/processed/train/genuine/original_27_11.png,data/processed/train/genuine/original_27_14.png,1,genuine_genuine,27,27
data/processed/train/genuine/original_15_19.png,data/processed/train/forged/forgeries_15_18.png,0,skilled_forgery,15,15
data/processed/train/genuine/original_19_15.png,data/processed/train/genuine/original_19_22.png,1,genuine_genuine,19,19
data/processed/train/genuine/original_30_19.png,data/processed/train/forged/forgeries_30_22.png,0,skilled_forgery,30,30
data/processed/train/genuine/original_9_20.png,data/processed/train/genuine/original_9_8.png,1,genuine_genuine,9,9
data/processed/train/genuine/original_16_16.png,data/processed/train/forged/forgeries_16_10.png,0,skilled_forgery,16,16
data/processed/train/genuine/original_18_1.png,data/processed/train/genuine/original_18_4.png,1,genuine_genuine,18,18
data/processed/train/genuine/original_30_20.png,data/processed/train/genuine/original_10_19.png,0,random_forgery,30,10
data/processed/train/genuine/original_30_18.png,data/processed/train/genuine/original_30_6.png,1,genuine_genuine,30,30
data/processed/train/genuine/original_18_10.png,data/processed/train/genuine/original_18_23.png,1,genuine_genuine,18,18
data/processed/train/genuine/original_8_13.png,data/processed/train/genuine/original_8_22.png,1,genuine_genuine,8,8
data/processed/train/genuine/original_3_7.png,data/processed/train/genuine/original_3_9.png,1,genuine_genuine,3,3
data/processed/train/genuine/original_2_21.png,data/processed/train/genuine/original_20_1.png,0,random_forgery,2,20
data/processed/train/genuine/original_28_13.png,data/processed/train/genuine/original_28_19.png,1,genuine_genuine,28,28
data/processed/train/genuine/original_3_7.png,data/processed/train/forged/forgeries_3_4.png,0,skilled_forgery,3,3
data/processed/train/genuine/original_22_18.png,data/processed/train/forged/forgeries_22_20.png,0,skilled_forgery,22,22
data/processed/train/genuine/original_25_24.png,data/processed/train/forged/forgeries_25_5.png,0,skilled_forgery,25,25
data/processed/train/genuine/original_31_22.png,data/processed/train/genuine/original_31_23.png,1,genuine_genuine,31,31
data/processed/train/genuine/original_35_16.png,data/processed/train/genuine/original_35_20.png,1,genuine_genuine,35,35
data/processed/train/genuine/original_34_18.png,data/processed/train/genuine/original_34_20.png,1,genuine_genuine,34,34
data/processed/train/genuine/original_9_11.png,data/processed/train/genuine/original_9_23.png,1,genuine_genuine,9,9
data/processed/train/genuine/original_30_10.png,data/processed/train/genuine/original_30_17.png,1,genuine_genuine,30,30
data/processed/train/genuine/original_34_4.png,data/processed/train/forged/forgeries_34_8.png,0,skilled_forgery,34,34
data/processed/train/genuine/original_7_2.png,data/processed/train/genuine/original_7_8.png,1,genuine_genuine,7,7
data/processed/train/genuine/original_18_21.png,data/processed/train/forged/forgeries_18_21.png,0,skilled_forgery,18,18
data/processed/train/genuine/original_11_1.png,data/processed/train/genuine/original_11_7.png,1,genuine_genuine,11,11
data/processed/train/genuine/original_2_5.png,data/processed/train/genuine/original_33_3.png,0,random_forgery,2,33
data/processed/train/genuine/original_14_1.png,data/processed/train/genuine/original_14_4.png,1,genuine_genuine,14,14
data/processed/train/genuine/original_17_16.png,data/processed/train/genuine/original_25_7.png,0,random_forgery,17,25
data/processed/train/genuine/original_21_21.png,data/processed/train/genuine/original_21_23.png,1,genuine_genuine,21,21
data/processed/train/genuine/original_21_17.png,data/processed/train/genuine/original_21_2.png,1,genuine_genuine,21,21
data/processed/train/genuine/original_33_15.png,data/processed/train/genuine/original_33_23.png,1,genuine_genuine,33,33
data/processed/train/genuine/original_7_12.png,data/processed/train/forged/forgeries_7_8.png,0,skilled_forgery,7,7
data/processed/train/genuine/original_6_23.png,data/processed/train/genuine/original_22_18.png,0,random_forgery,6,22
data/processed/train/genuine/original_35_18.png,data/processed/train/genuine/original_35_19.png,1,genuine_genuine,35,35
data/processed/train/genuine/original_12_10.png,data/processed/train/genuine/original_12_14.png,1,genuine_genuine,12,12
data/processed/train/genuine/original_30_21.png,data/processed/train/genuine/original_30_23.png,1,genuine_genuine,30,30
data/processed/train/genuine/original_21_14.png,data/processed/train/genuine/original_21_16.png,1,genuine_genuine,21,21
data/processed/train/genuine/original_19_10.png,data/processed/train/genuine/original_19_16.png,1,genuine_genuine,19,19
data/processed/train/genuine/original_10_17.png,data/processed/train/forged/forgeries_10_13.png,0,skilled_forgery,10,10
data/processed/train/genuine/original_20_17.png,data/processed/train/genuine/original_20_23.png,1,genuine_genuine,20,20
data/processed/train/genuine/original_17_6.png,data/processed/train/forged/forgeries_17_1.png,0,skilled_forgery,17,17
data/processed/train/genuine/original_20_12.png,data/processed/train/forged/forgeries_20_6.png,0,skilled_forgery,20,20
data/processed/train/genuine/original_9_13.png,data/processed/train/genuine/original_17_9.png,0,random_forgery,9,17
data/processed/train/genuine/original_21_17.png,data/processed/train/genuine/original_33_9.png,0,random_forgery,21,33
data/processed/train/genuine/original_28_18.png,data/processed/train/genuine/original_28_19.png,1,genuine_genuine,28,28
data/processed/train/genuine/original_23_11.png,data/processed/train/genuine/original_32_21.png,0,random_forgery,23,32
data/processed/train/genuine/original_16_15.png,data/processed/train/genuine/original_16_18.png,1,genuine_genuine,16,16
data/processed/train/genuine/original_16_19.png,data/processed/train/genuine/original_16_6.png,1,genuine_genuine,16,16
data/processed/train/genuine/original_30_3.png,data/processed/train/genuine/original_6_9.png,0,random_forgery,30,6
data/processed/train/genuine/original_8_3.png,data/processed/train/forged/forgeries_8_3.png,0,skilled_forgery,8,8
data/processed/train/genuine/original_32_1.png,data/processed/train/genuine/original_32_11.png,1,genuine_genuine,32,32
data/processed/train/genuine/original_22_3.png,data/processed/train/genuine/original_22_7.png,1,genuine_genuine,22,22
data/processed/train/genuine/original_21_21.png,data/processed/train/genuine/original_23_12.png,0,random_forgery,21,23
data/processed/train/genuine/original_35_17.png,data/processed/train/forged/forgeries_35_24.png,0,skilled_forgery,35,35
data/processed/train/genuine/original_35_13.png,data/processed/train/forged/forgeries_35_10.png,0,skilled_forgery,35,35
data/processed/train/genuine/original_7_12.png,data/processed/train/genuine/original_7_21.png,1,genuine_genuine,7,7
data/processed/train/genuine/original_28_4.png,data/processed/train/genuine/original_28_7.png,1,genuine_genuine,28,28
data/processed/train/genuine/original_23_18.png,data/processed/train/forged/forgeries_23_24.png,0,skilled_forgery,23,23
data/processed/train/genuine/original_12_11.png,data/processed/train/genuine/original_12_21.png,1,genuine_genuine,12,12
data/processed/train/genuine/original_8_16.png,data/processed/train/genuine/original_28_14.png,0,random_forgery,8,28
data/processed/train/genuine/original_22_13.png,data/processed/train/genuine/original_22_18.png,1,genuine_genuine,22,22
data/processed/train/genuine/original_32_5.png,data/processed/train/genuine/original_15_12.png,0,random_forgery,32,15
data/processed/train/genuine/original_31_21.png,data/processed/train/genuine/original_2_13.png,0,random_forgery,31,2
data/processed/train/genuine/original_3_24.png,data/processed/train/forged/forgeries_3_1.png,0,skilled_forgery,3,3
data/processed/train/genuine/original_5_20.png,data/processed/train/forged/forgeries_5_16.png,0,skilled_forgery,5,5
data/processed/train/genuine/original_22_21.png,data/processed/train/genuine/original_15_22.png,0,random_forgery,22,15
data/processed/train/genuine/original_15_20.png,data/processed/train/genuine/original_8_6.png,0,random_forgery,15,8
data/processed/train/genuine/original_9_11.png,data/processed/train/forged/forgeries_9_14.png,0,skilled_forgery,9,9
data/processed/train/genuine/original_3_4.png,data/processed/train/genuine/original_3_7.png,1,genuine_genuine,3,3
data/processed/train/genuine/original_34_15.png,data/processed/train/genuine/original_34_6.png,1,genuine_genuine,34,34
data/processed/train/genuine/original_1_3.png,data/processed/train/forged/forgeries_1_8.png,0,skilled_forgery,1,1
data/processed/train/genuine/original_33_2.png,data/processed/train/forged/forgeries_33_6.png,0,skilled_forgery,33,33
data/processed/train/genuine/original_3_19.png,data/processed/train/genuine/original_14_16.png,0,random_forgery,3,14
data/processed/train/genuine/original_12_13.png,data/processed/train/forged/forgeries_12_19.png,0,skilled_forgery,12,12
data/processed/train/genuine/original_9_15.png,data/processed/train/genuine/original_33_7.png,0,random_forgery,9,33
data/processed/train/genuine/original_3_12.png,data/processed/train/genuine/original_3_19.png,1,genuine_genuine,3,3
data/processed/train/genuine/original_12_17.png,data/processed/train/forged/forgeries_12_5.png,0,skilled_forgery,12,12
data/processed/train/genuine/original_5_13.png,data/processed/train/genuine/original_5_7.png,1,genuine_genuine,5,5
data/processed/train/genuine/original_7_21.png,data/processed/train/forged/forgeries_7_10.png,0,skilled_forgery,7,7
data/processed/train/genuine/original_10_15.png,data/processed/train/genuine/original_10_5.png,1,genuine_genuine,10,10
data/processed/train/genuine/original_21_16.png,data/processed/train/genuine/original_1_8.png,0,random_forgery,21,1
data/processed/train/genuine/original_6_9.png,data/processed/train/forged/forgeries_6_3.png,0,skilled_forgery,6,6
data/processed/train/genuine/original_14_13.png,data/processed/train/genuine/original_14_16.png,1,genuine_genuine,14,14
data/processed/train/genuine/original_30_17.png,data/processed/train/genuine/original_30_23.png,1,genuine_genuine,30,30
data/processed/train/genuine/original_29_8.png,data/processed/train/genuine/original_28_15.png,0,random_forgery,29,28
data/processed/train/genuine/original_19_14.png,data/processed/train/genuine/original_19_22.png,1,genuine_genuine,19,19
data/processed/train/genuine/original_20_10.png,data/processed/train/genuine/original_20_20.png,1,genuine_genuine,20,20
data/processed/train/genuine/original_16_4.png,data/processed/train/forged/forgeries_16_19.png,0,skilled_forgery,16,16
data/processed/train/genuine/original_15_20.png,data/processed/train/genuine/original_15_23.png,1,genuine_genuine,15,15
data/processed/train/genuine/original_1_23.png,data/processed/train/genuine/original_1_5.png,1,genuine_genuine,1,1
data/processed/train/genuine/original_30_11.png,data/processed/train/genuine/original_30_23.png,1,genuine_genuine,30,30
data/processed/train/genuine/original_27_20.png,data/processed/train/genuine/original_27_3.png,1,genuine_genuine,27,27
data/processed/train/genuine/original_14_15.png,data/processed/train/genuine/original_14_8.png,1,genuine_genuine,14,14
data/processed/train/genuine/original_18_16.png,data/processed/train/genuine/original_18_8.png,1,genuine_genuine,18,18
data/processed/train/genuine/original_1_5.png,data/processed/train/forged/forgeries_1_14.png,0,skilled_forgery,1,1
data/processed/train/genuine/original_18_4.png,data/processed/train/genuine/original_18_8.png,1,genuine_genuine,18,18
data/processed/train/genuine/original_22_11.png,data/processed/train/genuine/original_22_18.png,1,genuine_genuine,22,22
data/processed/train/genuine/original_3_20.png,data/processed/train/forged/forgeries_3_21.png,0,skilled_forgery,3,3
data/processed/train/genuine/original_3_22.png,data/processed/train/forged/forgeries_3_1.png,0,skilled_forgery,3,3
data/processed/train/genuine/original_32_13.png,data/processed/train/forged/forgeries_32_4.png,0,skilled_forgery,32,32
data/processed/train/genuine/original_1_10.png,data/processed/train/genuine/original_1_2.png,1,genuine_genuine,1,1
data/processed/train/genuine/original_9_21.png,data/processed/train/forged/forgeries_9_16.png,0,skilled_forgery,9,9
data/processed/train/genuine/original_27_14.png,data/processed/train/genuine/original_14_17.png,0,random_forgery,27,14
data/processed/train/genuine/original_28_18.png,data/processed/train/genuine/original_28_21.png,1,genuine_genuine,28,28
data/processed/train/genuine/original_19_17.png,data/processed/train/forged/forgeries_19_13.png,0,skilled_forgery,19,19
data/processed/train/genuine/original_29_5.png,data/processed/train/genuine/original_29_7.png,1,genuine_genuine,29,29
data/processed/train/genuine/original_24_18.png,data/processed/train/genuine/original_24_8.png,1,genuine_genuine,24,24
data/processed/train/genuine/original_4_16.png,data/processed/train/forged/forgeries_4_3.png,0,skilled_forgery,4,4
data/processed/train/genuine/original_16_16.png,data/processed/train/genuine/original_11_22.png,0,random_forgery,16,11
data/processed/train/genuine/original_32_11.png,data/processed/train/genuine/original_32_9.png,1,genuine_genuine,32,32
data/processed/train/genuine/original_30_19.png,data/processed/train/genuine/original_30_21.png,1,genuine_genuine,30,30
data/processed/train/genuine/original_15_9.png,data/processed/train/forged/forgeries_15_5.png,0,skilled_forgery,15,15
data/processed/train/genuine/original_30_21.png,data/processed/train/genuine/original_4_23.png,0,random_forgery,30,4
data/processed/train/genuine/original_30_23.png,data/processed/train/genuine/original_30_3.png,1,genuine_genuine,30,30
data/processed/train/genuine/original_15_14.png,data/processed/train/genuine/original_15_16.png,1,genuine_genuine,15,15
data/processed/train/genuine/original_7_22.png,data/processed/train/genuine/original_7_23.png,1,genuine_genuine,7,7
data/processed/train/genuine/original_22_13.png,data/processed/train/genuine/original_26_4.png,0,random_forgery,22,26
data/processed/train/genuine/original_33_22.png,data/processed/train/genuine/original_33_24.png,1,genuine_genuine,33,33
data/processed/train/genuine/original_26_15.png,data/processed/train/forged/forgeries_26_22.png,0,skilled_forgery,26,26
data/processed/train/genuine/original_1_4.png,data/processed/train/forged/forgeries_1_1.png,0,skilled_forgery,1,1
data/processed/train/genuine/original_2_23.png,data/processed/train/forged/forgeries_2_4.png,0,skilled_forgery,2,2
data/processed/train/genuine/original_8_1.png,data/processed/train/genuine/original_8_13.png,1,genuine_genuine,8,8
data/processed/train/genuine/original_24_14.png,data/processed/train/genuine/original_9_22.png,0,random_forgery,24,9
data/processed/train/genuine/original_1_11.png,data/processed/train/genuine/original_1_4.png,1,genuine_genuine,1,1
data/processed/train/genuine/original_33_16.png,data/processed/train/genuine/original_14_6.png,0,random_forgery,33,14
data/processed/train/genuine/original_28_17.png,data/processed/train/forged/forgeries_28_21.png,0,skilled_forgery,28,28
data/processed/train/genuine/original_22_1.png,data/processed/train/genuine/original_22_23.png,1,genuine_genuine,22,22
data/processed/train/genuine/original_7_4.png,data/processed/train/forged/forgeries_7_22.png,0,skilled_forgery,7,7
data/processed/train/genuine/original_8_16.png,data/processed/train/genuine/original_8_5.png,1,genuine_genuine,8,8
data/processed/train/genuine/original_20_19.png,data/processed/train/genuine/original_26_6.png,0,random_forgery,20,26
data/processed/train/genuine/original_17_17.png,data/processed/train/genuine/original_17_18.png,1,genuine_genuine,17,17
data/processed/train/genuine/original_30_4.png,data/processed/train/genuine/original_30_8.png,1,genuine_genuine,30,30
data/processed/train/genuine/original_26_7.png,data/processed/train/forged/forgeries_26_22.png,0,skilled_forgery,26,26
data/processed/train/genuine/original_20_23.png,data/processed/train/forged/forgeries_20_10.png,0,skilled_forgery,20,20
data/processed/train/genuine/original_9_10.png,data/processed/train/genuine/original_9_4.png,1,genuine_genuine,9,9
data/processed/train/genuine/original_13_6.png,data/processed/train/genuine/original_30_4.png,0,random_forgery,13,30
data/processed/train/genuine/original_31_4.png,data/processed/train/forged/forgeries_31_20.png,0,skilled_forgery,31,31
data/processed/train/genuine/original_35_13.png,data/processed/train/genuine/original_35_17.png,1,genuine_genuine,35,35
data/processed/train/genuine/original_29_17.png,data/processed/train/genuine/original_29_8.png,1,genuine_genuine,29,29
data/processed/train/genuine/original_13_7.png,data/processed/train/forged/forgeries_13_4.png,0,skilled_forgery,13,13
data/processed/train/genuine/original_29_18.png,data/processed/train/genuine/original_29_21.png,1,genuine_genuine,29,29
data/processed/train/genuine/original_16_10.png,data/processed/train/genuine/original_16_24.png,1,genuine_genuine,16,16
data/processed/train/genuine/original_32_12.png,data/processed/train/genuine/original_32_22.png,1,genuine_genuine,32,32
data/processed/train/genuine/original_30_19.png,data/processed/train/genuine/original_30_2.png,1,genuine_genuine,30,30
data/processed/train/genuine/original_25_11.png,data/processed/train/genuine/original_25_13.png,1,genuine_genuine,25,25
data/processed/train/genuine/original_19_8.png,data/processed/train/genuine/original_19_9.png,1,genuine_genuine,19,19
data/processed/train/genuine/original_28_2.png,data/processed/train/forged/forgeries_28_1.png,0,skilled_forgery,28,28
data/processed/train/genuine/original_6_15.png,data/processed/train/genuine/original_6_2.png,1,genuine_genuine,6,6
data/processed/train/genuine/original_10_18.png,data/processed/train/forged/forgeries_10_17.png,0,skilled_forgery,10,10
data/processed/train/genuine/original_26_1.png,data/processed/train/genuine/original_26_3.png,1,genuine_genuine,26,26
data/processed/train/genuine/original_3_18.png,data/processed/train/genuine/original_23_1.png,0,random_forgery,3,23
data/processed/train/genuine/original_7_7.png,data/processed/train/genuine/original_7_9.png,1,genuine_genuine,7,7
data/processed/train/genuine/original_12_10.png,data/processed/train/genuine/original_12_24.png,1,genuine_genuine,12,12
data/processed/train/genuine/original_16_21.png,data/processed/train/genuine/original_30_12.png,0,random_forgery,16,30
data/processed/train/genuine/original_10_16.png,data/processed/train/genuine/original_10_22.png,1,genuine_genuine,10,10
data/processed/train/genuine/original_13_2.png,data/processed/train/forged/forgeries_13_5.png,0,skilled_forgery,13,13
data/processed/train/genuine/original_2_12.png,data/processed/train/genuine/original_2_21.png,1,genuine_genuine,2,2
data/processed/train/genuine/original_23_14.png,data/processed/train/forged/forgeries_23_20.png,0,skilled_forgery,23,23
data/processed/train/genuine/original_24_18.png,data/processed/train/genuine/original_24_5.png,1,genuine_genuine,24,24
data/processed/train/genuine/original_10_11.png,data/processed/train/forged/forgeries_10_23.png,0,skilled_forgery,10,10
data/processed/train/genuine/original_1_13.png,data/processed/train/genuine/original_1_17.png,1,genuine_genuine,1,1
data/processed/train/genuine/original_4_21.png,data/processed/train/forged/forgeries_4_24.png,0,skilled_forgery,4,4
data/processed/train/genuine/original_17_10.png,data/processed/train/genuine/original_17_14.png,1,genuine_genuine,17,17
data/processed/train/genuine/original_21_18.png,data/processed/train/forged/forgeries_21_16.png,0,skilled_forgery,21,21
data/processed/train/genuine/original_12_19.png,data/processed/train/genuine/original_12_3.png,1,genuine_genuine,12,12
data/processed/train/genuine/original_20_1.png,data/processed/train/genuine/original_20_11.png,1,genuine_genuine,20,20
data/processed/train/genuine/original_35_11.png,data/processed/train/forged/forgeries_35_24.png,0,skilled_forgery,35,35
data/processed/train/genuine/original_28_22.png,data/processed/train/genuine/original_28_6.png,1,genuine_genuine,28,28
data/processed/train/genuine/original_16_2.png,data/processed/train/genuine/original_16_9.png,1,genuine_genuine,16,16
data/processed/train/genuine/original_19_21.png,data/processed/train/forged/forgeries_19_11.png,0,skilled_forgery,19,19
data/processed/train/genuine/original_10_3.png,data/processed/train/genuine/original_10_4.png,1,genuine_genuine,10,10
data/processed/train/genuine/original_29_18.png,data/processed/train/genuine/original_30_17.png,0,random_forgery,29,30
data/processed/train/genuine/original_16_5.png,data/processed/train/genuine/original_8_19.png,0,random_forgery,16,8
data/processed/train/genuine/original_22_10.png,data/processed/train/genuine/original_22_8.png,1,genuine_genuine,22,22
data/processed/train/genuine/original_5_1.png,data/processed/train/genuine/original_5_4.png,1,genuine_genuine,5,5
data/processed/train/genuine/original_28_7.png,data/processed/train/forged/forgeries_28_23.png,0,skilled_forgery,28,28
data/processed/train/genuine/original_35_1.png,data/processed/train/genuine/original_35_6.png,1,genuine_genuine,35,35
data/processed/train/genuine/original_15_18.png,data/processed/train/forged/forgeries_15_4.png,0,skilled_forgery,15,15
data/processed/train/genuine/original_14_4.png,data/processed/train/genuine/original_22_4.png,0,random_forgery,14,22
data/processed/train/genuine/original_10_18.png,data/processed/train/forged/forgeries_10_18.png,0,skilled_forgery,10,10
data/processed/train/genuine/original_22_3.png,data/processed/train/genuine/original_29_9.png,0,random_forgery,22,29
data/processed/train/genuine/original_31_11.png,data/processed/train/forged/forgeries_31_13.png,0,skilled_forgery,31,31
data/processed/train/genuine/original_4_6.png,data/processed/train/forged/forgeries_4_4.png,0,skilled_forgery,4,4
data/processed/train/genuine/original_29_18.png,data/processed/train/genuine/original_18_12.png,0,random_forgery,29,18
data/processed/train/genuine/original_25_20.png,data/processed/train/genuine/original_4_16.png,0,random_forgery,25,4
data/processed/train/genuine/original_11_3.png,data/processed/train/genuine/original_11_4.png,1,genuine_genuine,11,11
data/processed/train/genuine/original_34_20.png,data/processed/train/forged/forgeries_34_14.png,0,skilled_forgery,34,34
data/processed/train/genuine/original_12_16.png,data/processed/train/genuine/original_12_24.png,1,genuine_genuine,12,12
data/processed/train/genuine/original_14_2.png,data/processed/train/genuine/original_14_21.png,1,genuine_genuine,14,14
data/processed/train/genuine/original_6_10.png,data/processed/train/genuine/original_6_23.png,1,genuine_genuine,6,6
data/processed/train/genuine/original_18_20.png,data/processed/train/genuine/original_18_21.png,1,genuine_genuine,18,18
data/processed/train/genuine/original_4_2.png,data/processed/train/genuine/original_4_21.png,1,genuine_genuine,4,4
data/processed/train/genuine/original_12_20.png,data/processed/train/genuine/original_8_1.png,0,random_forgery,12,8
data/processed/train/genuine/original_16_19.png,data/processed/train/genuine/original_16_20.png,1,genuine_genuine,16,16
data/processed/train/genuine/original_31_14.png,data/processed/train/genuine/original_31_16.png,1,genuine_genuine,31,31
data/processed/train/genuine/original_32_5.png,data/processed/train/forged/forgeries_32_19.png,0,skilled_forgery,32,32
data/processed/train/genuine/original_1_23.png,data/processed/train/forged/forgeries_1_14.png,0,skilled_forgery,1,1
data/processed/train/genuine/original_35_15.png,data/processed/train/forged/forgeries_35_1.png,0,skilled_forgery,35,35
data/processed/train/genuine/original_9_13.png,data/processed/train/genuine/original_9_2.png,1,genuine_genuine,9,9
data/processed/train/genuine/original_35_19.png,data/processed/train/genuine/original_35_2.png,1,genuine_genuine,35,35
data/processed/train/genuine/original_1_11.png,data/processed/train/genuine/original_21_16.png,0,random_forgery,1,21
data/processed/train/genuine/original_33_12.png,data/processed/train/forged/forgeries_33_22.png,0,skilled_forgery,33,33
data/processed/train/genuine/original_27_4.png,data/processed/train/forged/forgeries_27_10.png,0,skilled_forgery,27,27
data/processed/train/genuine/original_1_15.png,data/processed/train/forged/forgeries_1_15.png,0,skilled_forgery,1,1
data/processed/train/genuine/original_5_5.png,data/processed/train/genuine/original_5_9.png,1,genuine_genuine,5,5
data/processed/train/genuine/original_35_20.png,data/processed/train/genuine/original_35_22.png,1,genuine_genuine,35,35
data/processed/train/genuine/original_16_10.png,data/processed/train/genuine/original_16_16.png,1,genuine_genuine,16,16
data/processed/train/genuine/original_33_24.png,data/processed/train/genuine/original_33_5.png,1,genuine_genuine,33,33
data/processed/train/genuine/original_31_13.png,data/processed/train/genuine/original_31_16.png,1,genuine_genuine,31,31
data/processed/train/genuine/original_33_18.png,data/processed/train/forged/forgeries_33_10.png,0,skilled_forgery,33,33
data/processed/train/genuine/original_29_15.png,data/processed/train/genuine/original_29_7.png,1,genuine_genuine,29,29
data/processed/train/genuine/original_4_22.png,data/processed/train/genuine/original_4_23.png,1,genuine_genuine,4,4
data/processed/train/genuine/original_3_1.png,data/processed/train/genuine/original_3_11.png,1,genuine_genuine,3,3
data/processed/train/genuine/original_32_13.png,data/processed/train/genuine/original_32_16.png,1,genuine_genuine,32,32
data/processed/train/genuine/original_9_17.png,data/processed/train/genuine/original_20_10.png,0,random_forgery,9,20
data/processed/train/genuine/original_33_21.png,data/processed/train/genuine/original_33_6.png,1,genuine_genuine,33,33
data/processed/train/genuine/original_14_2.png,data/processed/train/genuine/original_14_4.png,1,genuine_genuine,14,14
data/processed/train/genuine/original_30_16.png,data/processed/train/genuine/original_30_4.png,1,genuine_genuine,30,30
data/processed/train/genuine/original_8_17.png,data/processed/train/genuine/original_8_3.png,1,genuine_genuine,8,8
data/processed/train/genuine/original_4_22.png,data/processed/train/genuine/original_4_8.png,1,genuine_genuine,4,4
data/processed/train/genuine/original_9_15.png,data/processed/train/forged/forgeries_9_11.png,0,skilled_forgery,9,9
data/processed/train/genuine/original_25_9.png,data/processed/train/forged/forgeries_25_11.png,0,skilled_forgery,25,25
data/processed/train/genuine/original_32_9.png,data/processed/train/forged/forgeries_32_2.png,0,skilled_forgery,32,32
data/processed/train/genuine/original_26_4.png,data/processed/train/forged/forgeries_26_12.png,0,skilled_forgery,26,26
data/processed/train/genuine/original_1_2.png,data/processed/train/genuine/original_1_9.png,1,genuine_genuine,1,1
data/processed/train/genuine/original_30_6.png,data/processed/train/forged/forgeries_30_21.png,0,skilled_forgery,30,30
data/processed/train/genuine/original_32_21.png,data/processed/train/genuine/original_32_5.png,1,genuine_genuine,32,32
data/processed/train/genuine/original_5_19.png,data/processed/train/genuine/original_5_6.png,1,genuine_genuine,5,5
data/processed/train/genuine/original_14_16.png,data/processed/train/genuine/original_12_3.png,0,random_forgery,14,12
data/processed/train/genuine/original_10_19.png,data/processed/train/genuine/original_7_24.png,0,random_forgery,10,7
data/processed/train/genuine/original_2_22.png,data/processed/train/genuine/original_2_5.png,1,genuine_genuine,2,2
data/processed/train/genuine/original_22_23.png,data/processed/train/forged/forgeries_22_8.png,0,skilled_forgery,22,22
data/processed/train/genuine/original_20_18.png,data/processed/train/genuine/original_20_4.png,1,genuine_genuine,20,20
data/processed/train/genuine/original_31_19.png,data/processed/train/genuine/original_31_7.png,1,genuine_genuine,31,31
data/processed/train/genuine/original_21_13.png,data/processed/train/forged/forgeries_21_6.png,0,skilled_forgery,21,21
data/processed/train/genuine/original_20_22.png,data/processed/train/genuine/original_8_19.png,0,random_forgery,20,8
data/processed/train/genuine/original_21_22.png,data/processed/train/genuine/original_21_23.png,1,genuine_genuine,21,21
data/processed/train/genuine/original_6_13.png,data/processed/train/genuine/original_6_17.png,1,genuine_genuine,6,6
data/processed/train/genuine/original_3_14.png,data/processed/train/genuine/original_29_12.png,0,random_forgery,3,29
data/processed/train/genuine/original_14_7.png,data/processed/train/genuine/original_14_8.png,1,genuine_genuine,14,14
data/processed/train/genuine/original_12_22.png,data/processed/train/forged/forgeries_12_15.png,0,skilled_forgery,12,12
data/processed/train/genuine/original_25_16.png,data/processed/train/genuine/original_25_6.png,1,genuine_genuine,25,25
data/processed/train/genuine/original_8_19.png,data/processed/train/genuine/original_8_22.png,1,genuine_genuine,8,8
data/processed/train/genuine/original_25_11.png,data/processed/train/forged/forgeries_25_23.png,0,skilled_forgery,25,25
data/processed/train/genuine/original_25_3.png,data/processed/train/forged/forgeries_25_4.png,0,skilled_forgery,25,25
data/processed/train/genuine/original_19_13.png,data/processed/train/genuine/original_19_16.png,1,genuine_genuine,19,19
data/processed/train/genuine/original_8_22.png,data/processed/train/genuine/original_8_23.png,1,genuine_genuine,8,8
data/processed/train/genuine/original_34_16.png,data/processed/train/forged/forgeries_34_7.png,0,skilled_forgery,34,34
data/processed/train/genuine/original_27_15.png,data/processed/train/genuine/original_15_20.png,0,random_forgery,27,15
data/processed/train/genuine/original_12_13.png,data/processed/train/forged/forgeries_12_17.png,0,skilled_forgery,12,12
data/processed/train/genuine/original_10_20.png,data/processed/train/genuine/original_10_4.png,1,genuine_genuine,10,10
data/processed/train/genuine/original_15_23.png,data/processed/train/forged/forgeries_15_17.png,0,skilled_forgery,15,15
data/processed/train/genuine/original_18_21.png,data/processed/train/forged/forgeries_18_14.png,0,skilled_forgery,18,18
data/processed/train/genuine/original_10_5.png,data/processed/train/forged/forgeries_10_3.png,0,skilled_forgery,10,10
data/processed/train/genuine/original_11_22.png,data/processed/train/genuine/original_11_3.png,1,genuine_genuine,11,11
data/processed/train/genuine/original_17_5.png,data/processed/train/genuine/original_17_7.png,1,genuine_genuine,17,17
data/processed/train/genuine/original_13_17.png,data/processed/train/genuine/original_13_24.png,1,genuine_genuine,13,13
data/processed/train/genuine/original_21_18.png,data/processed/train/genuine/original_21_9.png,1,genuine_genuine,21,21
data/processed/train/genuine/original_33_6.png,data/processed/train/forged/forgeries_33_5.png,0,skilled_forgery,33,33
data/processed/train/genuine/original_8_12.png,data/processed/train/genuine/original_8_3.png,1,genuine_genuine,8,8
data/processed/train/genuine/original_18_14.png,data/processed/train/genuine/original_18_7.png,1,genuine_genuine,18,18
data/processed/train/genuine/original_13_22.png,data/processed/train/forged/forgeries_13_15.png,0,skilled_forgery,13,13
data/processed/train/genuine/original_22_16.png,data/processed/train/forged/forgeries_22_7.png,0,skilled_forgery,22,22
data/processed/train/genuine/original_1_12.png,data/processed/train/genuine/original_1_24.png,1,genuine_genuine,1,1
data/processed/train/genuine/original_22_8.png,data/processed/train/genuine/original_35_11.png,0,random_forgery,22,35
data/processed/train/genuine/original_2_20.png,data/processed/train/genuine/original_2_21.png,1,genuine_genuine,2,2
data/processed/train/genuine/original_7_12.png,data/processed/train/genuine/original_7_18.png,1,genuine_genuine,7,7
data/processed/train/genuine/original_19_11.png,data/processed/train/genuine/original_19_22.png,1,genuine_genuine,19,19
data/processed/train/genuine/original_7_23.png,data/processed/train/forged/forgeries_7_24.png,0,skilled_forgery,7,7
data/processed/train/genuine/original_4_19.png,data/processed/train/genuine/original_22_22.png,0,random_forgery,4,22
data/processed/train/genuine/original_3_1.png,data/processed/train/genuine/original_20_24.png,0,random_forgery,3,20
data/processed/train/genuine/original_18_10.png,data/processed/train/genuine/original_18_22.png,1,genuine_genuine,18,18
data/processed/train/genuine/original_1_11.png,data/processed/train/genuine/original_1_13.png,1,genuine_genuine,1,1
data/processed/train/genuine/original_17_20.png,data/processed/train/genuine/original_17_4.png,1,genuine_genuine,17,17
data/processed/train/genuine/original_23_4.png,data/processed/train/genuine/original_26_18.png,0,random_forgery,23,26
data/processed/train/genuine/original_9_1.png,data/processed/train/genuine/original_9_15.png,1,genuine_genuine,9,9
data/processed/train/genuine/original_24_6.png,data/processed/train/forged/forgeries_24_23.png,0,skilled_forgery,24,24
data/processed/train/genuine/original_29_12.png,data/processed/train/genuine/original_29_15.png,1,genuine_genuine,29,29
data/processed/train/genuine/original_29_10.png,data/processed/train/genuine/original_29_7.png,1,genuine_genuine,29,29
data/processed/train/genuine/original_17_18.png,data/processed/train/genuine/original_17_21.png,1,genuine_genuine,17,17
data/processed/train/genuine/original_4_18.png,data/processed/train/genuine/original_4_2.png,1,genuine_genuine,4,4
data/processed/train/genuine/original_10_8.png,data/processed/train/forged/forgeries_10_16.png,0,skilled_forgery,10,10
data/processed/train/genuine/original_18_18.png,data/processed/train/forged/forgeries_18_24.png,0,skilled_forgery,18,18
data/processed/train/genuine/original_8_9.png,data/processed/train/genuine/original_17_22.png,0,random_forgery,8,17
data/processed/train/genuine/original_6_12.png,data/processed/train/genuine/original_6_13.png,1,genuine_genuine,6,6
data/processed/train/genuine/original_16_16.png,data/processed/train/genuine/original_30_14.png,0,random_forgery,16,30
data/processed/train/genuine/original_15_16.png,data/processed/train/forged/forgeries_15_10.png,0,skilled_forgery,15,15
data/processed/train/genuine/original_30_18.png,data/processed/train/forged/forgeries_30_9.png,0,skilled_forgery,30,30
data/processed/train/genuine/original_32_3.png,data/processed/train/genuine/original_32_6.png,1,genuine_genuine,32,32
data/processed/train/genuine/original_28_22.png,data/processed/train/genuine/original_28_23.png,1,genuine_genuine,28,28
data/processed/train/genuine/original_26_16.png,data/processed/train/genuine/original_26_3.png,1,genuine_genuine,26,26
data/processed/train/genuine/original_29_11.png,data/processed/train/genuine/original_29_22.png,1,genuine_genuine,29,29
data/processed/train/genuine/original_8_2.png,data/processed/train/genuine/original_8_6.png,1,genuine_genuine,8,8
data/processed/train/genuine/original_29_5.png,data/processed/train/forged/forgeries_29_9.png,0,skilled_forgery,29,29
data/processed/train/genuine/original_18_5.png,data/processed/train/genuine/original_23_11.png,0,random_forgery,18,23
data/processed/train/genuine/original_13_1.png,data/processed/train/genuine/original_13_20.png,1,genuine_genuine,13,13
data/processed/train/genuine/original_30_2.png,data/processed/train/genuine/original_30_3.png,1,genuine_genuine,30,30
data/processed/train/genuine/original_11_14.png,data/processed/train/genuine/original_27_11.png,0,random_forgery,11,27
data/processed/train/genuine/original_21_12.png,data/processed/train/genuine/original_21_4.png,1,genuine_genuine,21,21
data/processed/train/genuine/original_31_14.png,data/processed/train/genuine/original_31_15.png,1,genuine_genuine,31,31
data/processed/train/genuine/original_29_24.png,data/processed/train/forged/forgeries_29_20.png,0,skilled_forgery,29,29
data/processed/train/genuine/original_20_16.png,data/processed/train/genuine/original_20_23.png,1,genuine_genuine,20,20
data/processed/train/genuine/original_14_3.png,data/processed/train/genuine/original_14_9.png,1,genuine_genuine,14,14
data/processed/train/genuine/original_24_15.png,data/processed/train/genuine/original_24_17.png,1,genuine_genuine,24,24
data/processed/train/genuine/original_15_10.png,data/processed/train/genuine/original_15_7.png,1,genuine_genuine,15,15
data/processed/train/genuine/original_26_10.png,data/processed/train/genuine/original_4_22.png,0,random_forgery,26,4
data/processed/train/genuine/original_14_10.png,data/processed/train/genuine/original_27_12.png,0,random_forgery,14,27
data/processed/train/genuine/original_13_15.png,data/processed/train/genuine/original_13_5.png,1,genuine_genuine,13,13
data/processed/train/genuine/original_33_19.png,data/processed/train/genuine/original_33_3.png,1,genuine_genuine,33,33
data/processed/train/genuine/original_15_21.png,data/processed/train/genuine/original_15_23.png,1,genuine_genuine,15,15
data/processed/train/genuine/original_30_17.png,data/processed/train/genuine/original_30_19.png,1,genuine_genuine,30,30
data/processed/train/genuine/original_7_18.png,data/processed/train/genuine/original_29_5.png,0,random_forgery,7,29
data/processed/train/genuine/original_29_16.png,data/processed/train/genuine/original_29_22.png,1,genuine_genuine,29,29
data/processed/train/genuine/original_35_1.png,data/processed/train/forged/forgeries_35_16.png,0,skilled_forgery,35,35
data/processed/train/genuine/original_11_14.png,data/processed/train/genuine/original_11_19.png,1,genuine_genuine,11,11
data/processed/train/genuine/original_33_2.png,data/processed/train/genuine/original_33_21.png,1,genuine_genuine,33,33
data/processed/train/genuine/original_7_13.png,data/processed/train/forged/forgeries_7_2.png,0,skilled_forgery,7,7
data/processed/train/genuine/original_32_17.png,data/processed/train/forged/forgeries_32_17.png,0,skilled_forgery,32,32
data/processed/train/genuine/original_25_4.png,data/processed/train/genuine/original_25_8.png,1,genuine_genuine,25,25
data/processed/train/genuine/original_15_1.png,data/processed/train/genuine/original_15_13.png,1,genuine_genuine,15,15
data/processed/train/genuine/original_20_23.png,data/processed/train/genuine/original_20_24.png,1,genuine_genuine,20,20
data/processed/train/genuine/original_1_22.png,data/processed/train/genuine/original_1_3.png,1,genuine_genuine,1,1
data/processed/train/genuine/original_6_1.png,data/processed/train/genuine/original_6_5.png,1,genuine_genuine,6,6
data/processed/train/genuine/original_9_21.png,data/processed/train/forged/forgeries_9_1.png,0,skilled_forgery,9,9
data/processed/train/genuine/original_1_8.png,data/processed/train/genuine/original_20_22.png,0,random_forgery,1,20
data/processed/train/genuine/original_5_13.png,data/processed/train/forged/forgeries_5_19.png,0,skilled_forgery,5,5
data/processed/train/genuine/original_19_9.png,data/processed/train/forged/forgeries_19_8.png,0,skilled_forgery,19,19
data/processed/train/genuine/original_7_22.png,data/processed/train/genuine/original_7_6.png,1,genuine_genuine,7,7
data/processed/train/genuine/original_2_20.png,data/processed/train/forged/forgeries_2_19.png,0,skilled_forgery,2,2
data/processed/train/genuine/original_3_11.png,data/processed/train/genuine/original_3_19.png,1,genuine_genuine,3,3
data/processed/train/genuine/original_3_11.png,data/processed/train/genuine/original_3_16.png,1,genuine_genuine,3,3
data/processed/train/genuine/original_21_13.png,data/processed/train/genuine/original_21_17.png,1,genuine_genuine,21,21
data/processed/train/genuine/original_23_4.png,data/processed/train/genuine/original_23_6.png,1,genuine_genuine,23,23
data/processed/train/genuine/original_12_12.png,data/processed/train/genuine/original_12_4.png,1,genuine_genuine,12,12
data/processed/train/genuine/original_33_13.png,data/processed/train/genuine/original_33_23.png,1,genuine_genuine,33,33
data/processed/train/genuine/original_30_14.png,data/processed/train/genuine/original_30_5.png,1,genuine_genuine,30,30
data/processed/train/genuine/original_33_22.png,data/processed/train/genuine/original_33_4.png,1,genuine_genuine,33,33
data/processed/train/genuine/original_9_1.png,data/processed/train/forged/forgeries_9_4.png,0,skilled_forgery,9,9
data/processed/train/genuine/original_27_24.png,data/processed/train/forged/forgeries_27_9.png,0,skilled_forgery,27,27
data/processed/train/genuine/original_34_24.png,data/processed/train/genuine/original_34_4.png,1,genuine_genuine,34,34
data/processed/train/genuine/original_6_23.png,data/processed/train/genuine/original_6_6.png,1,genuine_genuine,6,6
data/processed/train/genuine/original_31_2.png,data/processed/train/genuine/original_31_21.png,1,genuine_genuine,31,31
data/processed/train/genuine/original_6_23.png,data/processed/train/forged/forgeries_6_7.png,0,skilled_forgery,6,6
data/processed/train/genuine/original_11_24.png,data/processed/train/forged/forgeries_11_8.png,0,skilled_forgery,11,11
data/processed/train/genuine/original_15_11.png,data/processed/train/genuine/original_15_9.png,1,genuine_genuine,15,15
data/processed/train/genuine/original_7_23.png,data/processed/train/genuine/original_7_3.png,1,genuine_genuine,7,7
data/processed/train/genuine/original_19_12.png,data/processed/train/forged/forgeries_19_17.png,0,skilled_forgery,19,19
data/processed/train/genuine/original_6_12.png,data/processed/train/genuine/original_6_19.png,1,genuine_genuine,6,6
data/processed/train/genuine/original_16_2.png,data/processed/train/forged/forgeries_16_17.png,0,skilled_forgery,16,16
data/processed/train/genuine/original_23_8.png,data/processed/train/genuine/original_16_4.png,0,random_forgery,23,16
data/processed/train/genuine/original_19_11.png,data/processed/train/genuine/original_19_23.png,1,genuine_genuine,19,19
data/processed/train/genuine/original_4_3.png,data/processed/train/forged/forgeries_4_4.png,0,skilled_forgery,4,4
data/processed/train/genuine/original_29_22.png,data/processed/train/genuine/original_29_7.png,1,genuine_genuine,29,29
data/processed/train/genuine/original_25_11.png,data/processed/train/genuine/original_1_5.png,0,random_forgery,25,1
data/processed/train/genuine/original_26_13.png,data/processed/train/genuine/original_26_22.png,1,genuine_genuine,26,26
data/processed/train/genuine/original_7_22.png,data/processed/train/forged/forgeries_7_23.png,0,skilled_forgery,7,7
data/processed/train/genuine/original_28_9.png,data/processed/train/genuine/original_7_21.png,0,random_forgery,28,7
data/processed/train/genuine/original_13_22.png,data/processed/train/forged/forgeries_13_17.png,0,skilled_forgery,13,13
data/processed/train/genuine/original_13_15.png,data/processed/train/genuine/original_13_23.png,1,genuine_genuine,13,13
data/processed/train/genuine/original_35_11.png,data/processed/train/genuine/original_35_19.png,1,genuine_genuine,35,35
data/processed/train/genuine/original_17_16.png,data/processed/train/genuine/original_33_4.png,0,random_forgery,17,33
data/processed/train/genuine/original_35_2.png,data/processed/train/genuine/original_35_21.png,1,genuine_genuine,35,35
data/processed/train/genuine/original_5_11.png,data/processed/train/genuine/original_1_5.png,0,random_forgery,5,1
data/processed/train/genuine/original_25_23.png,data/processed/train/genuine/original_4_1.png,0,random_forgery,25,4
data/processed/train/genuine/original_34_11.png,data/processed/train/genuine/original_34_4.png,1,genuine_genuine,34,34
data/processed/train/genuine/original_4_7.png,data/processed/train/forged/forgeries_4_3.png,0,skilled_forgery,4,4
data/processed/train/genuine/original_32_1.png,data/processed/train/genuine/original_32_15.png,1,genuine_genuine,32,32
data/processed/train/genuine/original_20_23.png,data/processed/train/genuine/original_20_3.png,1,genuine_genuine,20,20
data/processed/train/genuine/original_9_11.png,data/processed/train/genuine/original_9_3.png,1,genuine_genuine,9,9
data/processed/train/genuine/original_14_11.png,data/processed/train/genuine/original_14_15.png,1,genuine_genuine,14,14
data/processed/train/genuine/original_20_11.png,data/processed/train/genuine/original_20_18.png,1,genuine_genuine,20,20
data/processed/train/genuine/original_22_21.png,data/processed/train/forged/forgeries_22_22.png,0,skilled_forgery,22,22
data/processed/train/genuine/original_26_13.png,data/processed/train/genuine/original_26_20.png,1,genuine_genuine,26,26
data/processed/train/genuine/original_8_19.png,data/processed/train/genuine/original_8_9.png,1,genuine_genuine,8,8
data/processed/train/genuine/original_26_10.png,data/processed/train/forged/forgeries_26_2.png,0,skilled_forgery,26,26
data/processed/train/genuine/original_30_24.png,data/processed/train/forged/forgeries_30_6.png,0,skilled_forgery,30,30
data/processed/train/genuine/original_5_22.png,data/processed/train/forged/forgeries_5_11.png,0,skilled_forgery,5,5
data/processed/train/genuine/original_16_20.png,data/processed/train/genuine/original_16_9.png,1,genuine_genuine,16,16
data/processed/train/genuine/original_33_10.png,data/processed/train/genuine/original_33_12.png,1,genuine_genuine,33,33
data/processed/train/genuine/original_22_5.png,data/processed/train/forged/forgeries_22_2.png,0,skilled_forgery,22,22
data/processed/train/genuine/original_2_20.png,data/processed/train/genuine/original_2_6.png,1,genuine_genuine,2,2
data/processed/train/genuine/original_26_10.png,data/processed/train/forged/forgeries_26_16.png,0,skilled_forgery,26,26
data/processed/train/genuine/original_12_9.png,data/processed/train/genuine/original_34_13.png,0,random_forgery,12,34
data/processed/train/genuine/original_17_23.png,data/processed/train/genuine/original_17_7.png,1,genuine_genuine,17,17
data/processed/train/genuine/original_28_24.png,data/processed/train/forged/forgeries_28_8.png,0,skilled_forgery,28,28
data/processed/train/genuine/original_24_23.png,data/processed/train/genuine/original_24_24.png,1,genuine_genuine,24,24
data/processed/train/genuine/original_18_11.png,data/processed/train/forged/forgeries_18_24.png,0,skilled_forgery,18,18
data/processed/train/genuine/original_1_1.png,data/processed/train/genuine/original_1_14.png,1,genuine_genuine,1,1
data/processed/train/genuine/original_6_4.png,data/processed/train/forged/forgeries_6_6.png,0,skilled_forgery,6,6
data/processed/train/genuine/original_25_15.png,data/processed/train/forged/forgeries_25_24.png,0,skilled_forgery,25,25
data/processed/train/genuine/original_25_4.png,data/processed/train/genuine/original_26_15.png,0,random_forgery,25,26
data/processed/train/genuine/original_9_17.png,data/processed/train/genuine/original_9_20.png,1,genuine_genuine,9,9
data/processed/train/genuine/original_33_10.png,data/processed/train/genuine/original_33_2.png,1,genuine_genuine,33,33
data/processed/train/genuine/original_19_16.png,data/processed/train/genuine/original_19_19.png,1,genuine_genuine,19,19
data/processed/train/genuine/original_13_15.png,data/processed/train/genuine/original_13_7.png,1,genuine_genuine,13,13
data/processed/train/genuine/original_31_23.png,data/processed/train/genuine/original_27_19.png,0,random_forgery,31,27
data/processed/train/genuine/original_7_18.png,data/processed/train/genuine/original_7_20.png,1,genuine_genuine,7,7
data/processed/train/genuine/original_4_11.png,data/processed/train/genuine/original_27_4.png,0,random_forgery,4,27
data/processed/train/genuine/original_29_1.png,data/processed/train/genuine/original_29_15.png,1,genuine_genuine,29,29
data/processed/train/genuine/original_9_9.png,data/processed/train/forged/forgeries_9_23.png,0,skilled_forgery,9,9
data/processed/train/genuine/original_5_20.png,data/processed/train/genuine/original_26_16.png,0,random_forgery,5,26
data/processed/train/genuine/original_31_3.png,data/processed/train/forged/forgeries_31_2.png,0,skilled_forgery,31,31
data/processed/train/genuine/original_9_11.png,data/processed/train/genuine/original_22_6.png,0,random_forgery,9,22
data/processed/train/genuine/original_13_19.png,data/processed/train/genuine/original_10_7.png,0,random_forgery,13,10
data/processed/train/genuine/original_26_15.png,data/processed/train/genuine/original_26_21.png,1,genuine_genuine,26,26
data/processed/train/genuine/original_33_23.png,data/processed/train/forged/forgeries_33_10.png,0,skilled_forgery,33,33
data/processed/train/genuine/original_35_18.png,data/processed/train/genuine/original_35_6.png,1,genuine_genuine,35,35
data/processed/train/genuine/original_20_20.png,data/processed/train/genuine/original_20_23.png,1,genuine_genuine,20,20
data/processed/train/genuine/original_9_21.png,data/processed/train/genuine/original_9_7.png,1,genuine_genuine,9,9
data/processed/train/genuine/original_4_21.png,data/processed/train/genuine/original_5_7.png,0,random_forgery,4,5
data/processed/train/genuine/original_28_17.png,data/processed/train/genuine/original_28_7.png,1,genuine_genuine,28,28
data/processed/train/genuine/original_1_17.png,data/processed/train/forged/forgeries_1_19.png,0,skilled_forgery,1,1
data/processed/train/genuine/original_29_24.png,data/processed/train/genuine/original_7_3.png,0,random_forgery,29,7
data/processed/train/genuine/original_15_24.png,data/processed/train/forged/forgeries_15_9.png,0,skilled_forgery,15,15
data/processed/train/genuine/original_19_24.png,data/processed/train/forged/forgeries_19_17.png,0,skilled_forgery,19,19
data/processed/train/genuine/original_13_21.png,data/processed/train/genuine/original_14_8.png,0,random_forgery,13,14
data/processed/train/genuine/original_14_14.png,data/processed/train/genuine/original_14_9.png,1,genuine_genuine,14,14
data/processed/train/genuine/original_2_16.png,data/processed/train/genuine/original_2_23.png,1,genuine_genuine,2,2
data/processed/train/genuine/original_26_21.png,data/processed/train/genuine/original_26_5.png,1,genuine_genuine,26,26
data/processed/train/genuine/original_28_19.png,data/processed/train/forged/forgeries_28_13.png,0,skilled_forgery,28,28
data/processed/train/genuine/original_35_17.png,data/processed/train/genuine/original_35_22.png,1,genuine_genuine,35,35
data/processed/train/genuine/original_6_15.png,data/processed/train/genuine/original_29_21.png,0,random_forgery,6,29
data/processed/train/genuine/original_20_14.png,data/processed/train/genuine/original_23_3.png,0,random_forgery,20,23
data/processed/train/genuine/original_15_19.png,data/processed/train/genuine/original_21_21.png,0,random_forgery,15,21
data/processed/train/genuine/original_21_13.png,data/processed/train/genuine/original_21_7.png,1,genuine_genuine,21,21
data/processed/train/genuine/original_25_2.png,data/processed/train/genuine/original_25_9.png,1,genuine_genuine,25,25
data/processed/train/genuine/original_16_10.png,data/processed/train/genuine/original_16_9.png,1,genuine_genuine,16,16
data/processed/train/genuine/original_33_23.png,data/processed/train/genuine/original_33_8.png,1,genuine_genuine,33,33
data/processed/train/genuine/original_9_18.png,data/processed/train/genuine/original_9_19.png,1,genuine_genuine,9,9
data/processed/train/genuine/original_24_4.png,data/processed/train/genuine/original_24_5.png,1,genuine_genuine,24,24
data/processed/train/genuine/original_3_24.png,data/processed/train/genuine/original_25_23.png,0,random_forgery,3,25
data/processed/train/genuine/original_3_16.png,data/processed/train/forged/forgeries_3_4.png,0,skilled_forgery,3,3
data/processed/train/genuine/original_12_14.png,data/processed/train/genuine/original_12_8.png,1,genuine_genuine,12,12
data/processed/train/genuine/original_33_19.png,data/processed/train/genuine/original_18_11.png,0,random_forgery,33,18
data/processed/train/genuine/original_34_4.png,data/processed/train/forged/forgeries_34_7.png,0,skilled_forgery,34,34
data/processed/train/genuine/original_19_13.png,data/processed/train/genuine/original_19_17.png,1,genuine_genuine,19,19
data/processed/train/genuine/original_3_22.png,data/processed/train/forged/forgeries_3_14.png,0,skilled_forgery,3,3
data/processed/train/genuine/original_3_8.png,data/processed/train/genuine/original_17_5.png,0,random_forgery,3,17
data/processed/train/genuine/original_13_10.png,data/processed/train/genuine/original_13_8.png,1,genuine_genuine,13,13
data/processed/train/genuine/original_2_13.png,data/processed/train/genuine/original_2_22.png,1,genuine_genuine,2,2
data/processed/train/genuine/original_21_5.png,data/processed/train/forged/forgeries_21_18.png,0,skilled_forgery,21,21
data/processed/train/genuine/original_15_14.png,data/processed/train/genuine/original_3_18.png,0,random_forgery,15,3
data/processed/train/genuine/original_23_1.png,data/processed/train/forged/forgeries_23_1.png,0,skilled_forgery,23,23
data/processed/train/genuine/original_27_12.png,data/processed/train/genuine/original_27_13.png,1,genuine_genuine,27,27
data/processed/train/genuine/original_30_23.png,data/processed/train/forged/forgeries_30_23.png,0,skilled_forgery,30,30
data/processed/train/genuine/original_20_4.png,data/processed/train/genuine/original_20_9.png,1,genuine_genuine,20,20
data/processed/train/genuine/original_6_12.png,data/processed/train/genuine/original_6_9.png,1,genuine_genuine,6,6
data/processed/train/genuine/original_22_17.png,data/processed/train/genuine/original_22_2.png,1,genuine_genuine,22,22
data/processed/train/genuine/original_10_1.png,data/processed/train/forged/forgeries_10_22.png,0,skilled_forgery,10,10
data/processed/train/genuine/original_26_16.png,data/processed/train/genuine/original_26_9.png,1,genuine_genuine,26,26
data/processed/train/genuine/original_11_13.png,data/processed/train/genuine/original_11_8.png,1,genuine_genuine,11,11
data/processed/train/genuine/original_3_12.png,data/processed/train/forged/forgeries_3_18.png,0,skilled_forgery,3,3
data/processed/train/genuine/original_11_11.png,data/processed/train/genuine/original_5_3.png,0,random_forgery,11,5
data/processed/train/genuine/original_20_3.png,data/processed/train/genuine/original_26_9.png,0,random_forgery,20,26
data/processed/train/genuine/original_29_1.png,data/processed/train/genuine/original_29_17.png,1,genuine_genuine,29,29
data/processed/train/genuine/original_20_12.png,data/processed/train/genuine/original_20_6.png,1,genuine_genuine,20,20
data/processed/train/genuine/original_27_3.png,data/processed/train/genuine/original_27_6.png,1,genuine_genuine,27,27
data/processed/train/genuine/original_29_17.png,data/processed/train/genuine/original_3_8.png,0,random_forgery,29,3
data/processed/train/genuine/original_5_23.png,data/processed/train/genuine/original_5_5.png,1,genuine_genuine,5,5
data/processed/train/genuine/original_24_13.png,data/processed/train/genuine/original_24_18.png,1,genuine_genuine,24,24
data/processed/train/genuine/original_31_11.png,data/processed/train/genuine/original_35_22.png,0,random_forgery,31,35
data/processed/train/genuine/original_3_19.png,data/processed/train/forged/forgeries_3_17.png,0,skilled_forgery,3,3
data/processed/train/genuine/original_25_19.png,data/processed/train/genuine/original_22_21.png,0,random_forgery,25,22
data/processed/train/genuine/original_9_12.png,data/processed/train/genuine/original_9_13.png,1,genuine_genuine,9,9
data/processed/train/genuine/original_12_2.png,data/processed/train/genuine/original_12_3.png,1,genuine_genuine,12,12
data/processed/train/genuine/original_30_5.png,data/processed/train/genuine/original_5_4.png,0,random_forgery,30,5
data/processed/train/genuine/original_15_18.png,data/processed/train/genuine/original_15_24.png,1,genuine_genuine,15,15
data/processed/train/genuine/original_33_22.png,data/processed/train/genuine/original_33_3.png,1,genuine_genuine,33,33
data/processed/train/genuine/original_30_5.png,data/processed/train/genuine/original_11_8.png,0,random_forgery,30,11
data/processed/train/genuine/original_2_14.png,data/processed/train/genuine/original_2_17.png,1,genuine_genuine,2,2
data/processed/train/genuine/original_31_8.png,data/processed/train/forged/forgeries_31_19.png,0,skilled_forgery,31,31
data/processed/train/genuine/original_31_13.png,data/processed/train/forged/forgeries_31_8.png,0,skilled_forgery,31,31
data/processed/train/genuine/original_8_1.png,data/processed/train/forged/forgeries_8_7.png,0,skilled_forgery,8,8
data/processed/train/genuine/original_30_17.png,data/processed/train/genuine/original_30_8.png,1,genuine_genuine,30,30
data/processed/train/genuine/original_24_4.png,data/processed/train/forged/forgeries_24_20.png,0,skilled_forgery,24,24
data/processed/train/genuine/original_11_7.png,data/processed/train/genuine/original_1_17.png,0,random_forgery,11,1
data/processed/train/genuine/original_4_2.png,data/processed/train/genuine/original_17_20.png,0,random_forgery,4,17
data/processed/train/genuine/original_23_13.png,data/processed/train/genuine/original_23_8.png,1,genuine_genuine,23,23
data/processed/train/genuine/original_34_11.png,data/processed/train/genuine/original_34_3.png,1,genuine_genuine,34,34
data/processed/train/genuine/original_3_12.png,data/processed/train/genuine/original_31_9.png,0,random_forgery,3,31
data/processed/train/genuine/original_21_14.png,data/processed/train/genuine/original_21_6.png,1,genuine_genuine,21,21
data/processed/train/genuine/original_12_11.png,data/processed/train/genuine/original_12_20.png,1,genuine_genuine,12,12
data/processed/train/genuine/original_32_18.png,data/processed/train/genuine/original_32_24.png,1,genuine_genuine,32,32
data/processed/train/genuine/original_26_7.png,data/processed/train/forged/forgeries_26_6.png,0,skilled_forgery,26,26
data/processed/train/genuine/original_1_21.png,data/processed/train/genuine/original_14_12.png,0,random_forgery,1,14
data/processed/train/genuine/original_1_19.png,data/processed/train/genuine/original_1_3.png,1,genuine_genuine,1,1
data/processed/train/genuine/original_5_6.png,data/processed/train/forged/forgeries_5_24.png,0,skilled_forgery,5,5
data/processed/train/genuine/original_33_9.png,data/processed/train/forged/forgeries_33_21.png,0,skilled_forgery,33,33
data/processed/train/genuine/original_3_3.png,data/processed/train/genuine/original_31_6.png,0,random_forgery,3,31
data/processed/train/genuine/original_29_18.png,data/processed/train/genuine/original_29_6.png,1,genuine_genuine,29,29
data/processed/train/genuine/original_29_3.png,data/processed/train/genuine/original_19_2.png,0,random_forgery,29,19
data/processed/train/genuine/original_13_8.png,data/processed/train/genuine/original_11_21.png,0,random_forgery,13,11
data/processed/train/genuine/original_23_22.png,data/processed/train/genuine/original_23_7.png,1,genuine_genuine,23,23
data/processed/train/genuine/original_30_16.png,data/processed/train/genuine/original_30_6.png,1,genuine_genuine,30,30
data/processed/train/genuine/original_20_22.png,data/processed/train/forged/forgeries_20_22.png,0,skilled_forgery,20,20
data/processed/train/genuine/original_19_17.png,data/processed/train/genuine/original_19_21.png,1,genuine_genuine,19,19
data/processed/train/genuine/original_30_22.png,data/processed/train/forged/forgeries_30_18.png,0,skilled_forgery,30,30
data/processed/train/genuine/original_6_22.png,data/processed/train/genuine/original_6_24.png,1,genuine_genuine,6,6
data/processed/train/genuine/original_35_8.png,data/processed/train/forged/forgeries_35_11.png,0,skilled_forgery,35,35
data/processed/train/genuine/original_4_8.png,data/processed/train/genuine/original_21_8.png,0,random_forgery,4,21
data/processed/train/genuine/original_24_13.png,data/processed/train/genuine/original_24_2.png,1,genuine_genuine,24,24
data/processed/train/genuine/original_12_21.png,data/processed/train/genuine/original_25_14.png,0,random_forgery,12,25
data/processed/train/genuine/original_20_10.png,data/processed/train/genuine/original_20_24.png,1,genuine_genuine,20,20
data/processed/train/genuine/original_9_22.png,data/processed/train/forged/forgeries_9_8.png,0,skilled_forgery,9,9
data/processed/train/genuine/original_18_15.png,data/processed/train/genuine/original_15_10.png,0,random_forgery,18,15
data/processed/train/genuine/original_9_4.png,data/processed/train/forged/forgeries_9_1.png,0,skilled_forgery,9,9
data/processed/train/genuine/original_7_18.png,data/processed/train/forged/forgeries_7_18.png,0,skilled_forgery,7,7
data/processed/train/genuine/original_33_8.png,data/processed/train/forged/forgeries_33_1.png,0,skilled_forgery,33,33
data/processed/train/genuine/original_22_17.png,data/processed/train/genuine/original_22_22.png,1,genuine_genuine,22,22
data/processed/train/genuine/original_18_6.png,data/processed/train/forged/forgeries_18_5.png,0,skilled_forgery,18,18
data/processed/train/genuine/original_28_13.png,data/processed/train/forged/forgeries_28_23.png,0,skilled_forgery,28,28
data/processed/train/genuine/original_34_15.png,data/processed/train/forged/forgeries_34_3.png,0,skilled_forgery,34,34
data/processed/train/genuine/original_33_9.png,data/processed/train/forged/forgeries_33_18.png,0,skilled_forgery,33,33
data/processed/train/genuine/original_23_1.png,data/processed/train/genuine/original_23_21.png,1,genuine_genuine,23,23
data/processed/train/genuine/original_30_10.png,data/processed/train/genuine/original_30_15.png,1,genuine_genuine,30,30
data/processed/train/genuine/original_17_12.png,data/processed/train/genuine/original_17_9.png,1,genuine_genuine,17,17
data/processed/train/genuine/original_17_13.png,data/processed/train/genuine/original_17_18.png,1,genuine_genuine,17,17
data/processed/train/genuine/original_2_3.png,data/processed/train/forged/forgeries_2_16.png,0,skilled_forgery,2,2
data/processed/train/genuine/original_34_15.png,data/processed/train/forged/forgeries_34_4.png,0,skilled_forgery,34,34
data/processed/train/genuine/original_22_15.png,data/processed/train/genuine/original_22_24.png,1,genuine_genuine,22,22
data/processed/train/genuine/original_24_1.png,data/processed/train/genuine/original_24_3.png,1,genuine_genuine,24,24
data/processed/train/genuine/original_29_5.png,data/processed/train/genuine/original_12_10.png,0,random_forgery,29,12
data/processed/train/genuine/original_8_3.png,data/processed/train/genuine/original_4_14.png,0,random_forgery,8,4
data/processed/train/genuine/original_4_15.png,data/processed/train/forged/forgeries_4_23.png,0,skilled_forgery,4,4
data/processed/train/genuine/original_13_7.png,data/processed/train/forged/forgeries_13_3.png,0,skilled_forgery,13,13
data/processed/train/genuine/original_26_22.png,data/processed/train/genuine/original_26_7.png,1,genuine_genuine,26,26
data/processed/train/genuine/original_7_21.png,data/processed/train/forged/forgeries_7_14.png,0,skilled_forgery,7,7
data/processed/train/genuine/original_24_22.png,data/processed/train/forged/forgeries_24_11.png,0,skilled_forgery,24,24
data/processed/train/genuine/original_22_12.png,data/processed/train/forged/forgeries_22_14.png,0,skilled_forgery,22,22
data/processed/train/genuine/original_19_2.png,data/processed/train/forged/forgeries_19_10.png,0,skilled_forgery,19,19
data/processed/train/genuine/original_3_4.png,data/processed/train/forged/forgeries_3_23.png,0,skilled_forgery,3,3
data/processed/train/genuine/original_32_15.png,data/processed/train/genuine/original_15_19.png,0,random_forgery,32,15
data/processed/train/genuine/original_8_10.png,data/processed/train/genuine/original_8_8.png,1,genuine_genuine,8,8
data/processed/train/genuine/original_24_11.png,data/processed/train/genuine/original_24_2.png,1,genuine_genuine,24,24
data/processed/train/genuine/original_12_1.png,data/processed/train/genuine/original_7_2.png,0,random_forgery,12,7
data/processed/train/genuine/original_30_12.png,data/processed/train/genuine/original_7_19.png,0,random_forgery,30,7
data/processed/train/genuine/original_9_18.png,data/processed/train/genuine/original_9_20.png,1,genuine_genuine,9,9
data/processed/train/genuine/original_23_12.png,data/processed/train/forged/forgeries_23_2.png,0,skilled_forgery,23,23
data/processed/train/genuine/original_12_15.png,data/processed/train/genuine/original_12_4.png,1,genuine_genuine,12,12
data/processed/train/genuine/original_20_4.png,data/processed/train/genuine/original_20_8.png,1,genuine_genuine,20,20
data/processed/train/genuine/original_3_17.png,data/processed/train/genuine/original_3_20.png,1,genuine_genuine,3,3
data/processed/train/genuine/original_15_14.png,data/processed/train/genuine/original_15_9.png,1,genuine_genuine,15,15
data/processed/train/genuine/original_23_7.png,data/processed/train/forged/forgeries_23_10.png,0,skilled_forgery,23,23
data/processed/train/genuine/original_3_1.png,data/processed/train/forged/forgeries_3_12.png,0,skilled_forgery,3,3
data/processed/train/genuine/original_28_13.png,data/processed/train/forged/forgeries_28_20.png,0,skilled_forgery,28,28
data/processed/train/genuine/original_23_1.png,data/processed/train/forged/forgeries_23_6.png,0,skilled_forgery,23,23
data/processed/train/genuine/original_5_24.png,data/processed/train/genuine/original_12_23.png,0,random_forgery,5,12
data/processed/train/genuine/original_15_23.png,data/processed/train/forged/forgeries_15_7.png,0,skilled_forgery,15,15
data/processed/train/genuine/original_21_13.png,data/processed/train/genuine/original_24_10.png,0,random_forgery,21,24
data/processed/train/genuine/original_5_8.png,data/processed/train/forged/forgeries_5_7.png,0,skilled_forgery,5,5
data/processed/train/genuine/original_29_1.png,data/processed/train/genuine/original_29_23.png,1,genuine_genuine,29,29
data/processed/train/genuine/original_24_6.png,data/processed/train/forged/forgeries_24_22.png,0,skilled_forgery,24,24
data/processed/train/genuine/original_8_1.png,data/processed/train/genuine/original_8_21.png,1,genuine_genuine,8,8
data/processed/train/genuine/original_7_10.png,data/processed/train/forged/forgeries_7_17.png,0,skilled_forgery,7,7
data/processed/train/genuine/original_25_11.png,data/processed/train/genuine/original_5_4.png,0,random_forgery,25,5
data/processed/train/genuine/original_13_13.png,data/processed/train/genuine/original_31_23.png,0,random_forgery,13,31
data/processed/train/genuine/original_30_19.png,data/processed/train/forged/forgeries_30_16.png,0,skilled_forgery,30,30
data/processed/train/genuine/original_21_1.png,data/processed/train/genuine/original_23_4.png,0,random_forgery,21,23
data/processed/train/genuine/original_24_16.png,data/processed/train/genuine/original_24_23.png,1,genuine_genuine,24,24
data/processed/train/genuine/original_1_21.png,data/processed/train/genuine/original_1_5.png,1,genuine_genuine,1,1
data/processed/train/genuine/original_10_17.png,data/processed/train/genuine/original_10_19.png,1,genuine_genuine,10,10
data/processed/train/genuine/original_26_4.png,data/processed/train/genuine/original_26_8.png,1,genuine_genuine,26,26
data/processed/train/genuine/original_20_23.png,data/processed/train/genuine/original_20_5.png,1,genuine_genuine,20,20
data/processed/train/genuine/original_32_4.png,data/processed/train/forged/forgeries_32_17.png,0,skilled_forgery,32,32
data/processed/train/genuine/original_13_17.png,data/processed/train/genuine/original_13_5.png,1,genuine_genuine,13,13
data/processed/train/genuine/original_17_17.png,data/processed/train/forged/forgeries_17_13.png,0,skilled_forgery,17,17
data/processed/train/genuine/original_29_9.png,data/processed/train/forged/forgeries_29_7.png,0,skilled_forgery,29,29
data/processed/train/genuine/original_9_20.png,data/processed/train/genuine/original_9_21.png,1,genuine_genuine,9,9
data/processed/train/genuine/original_7_16.png,data/processed/train/genuine/original_7_18.png,1,genuine_genuine,7,7
data/processed/train/genuine/original_19_19.png,data/processed/train/genuine/original_19_5.png,1,genuine_genuine,19,19
data/processed/train/genuine/original_6_11.png,data/processed/train/genuine/original_6_13.png,1,genuine_genuine,6,6
data/processed/train/genuine/original_32_14.png,data/processed/train/genuine/original_32_7.png,1,genuine_genuine,32,32
data/processed/train/genuine/original_26_9.png,data/processed/train/genuine/original_2_8.png,0,random_forgery,26,2
data/processed/train/genuine/original_4_10.png,data/processed/train/genuine/original_33_13.png,0,random_forgery,4,33
data/processed/train/genuine/original_27_3.png,data/processed/train/forged/forgeries_27_19.png,0,skilled_forgery,27,27
data/processed/train/genuine/original_12_13.png,data/processed/train/genuine/original_12_3.png,1,genuine_genuine,12,12
data/processed/train/genuine/original_13_24.png,data/processed/train/genuine/original_13_7.png,1,genuine_genuine,13,13
data/processed/train/genuine/original_31_18.png,data/processed/train/genuine/original_31_9.png,1,genuine_genuine,31,31
data/processed/train/genuine/original_19_17.png,data/processed/train/genuine/original_27_22.png,0,random_forgery,19,27
data/processed/train/genuine/original_25_11.png,data/processed/train/forged/forgeries_25_3.png,0,skilled_forgery,25,25
data/processed/train/genuine/original_20_12.png,data/processed/train/genuine/original_20_7.png,1,genuine_genuine,20,20
data/processed/train/genuine/original_7_18.png,data/processed/train/genuine/original_30_6.png,0,random_forgery,7,30
data/processed/train/genuine/original_24_12.png,data/processed/train/genuine/original_24_8.png,1,genuine_genuine,24,24
data/processed/train/genuine/original_28_1.png,data/processed/train/genuine/original_32_20.png,0,random_forgery,28,32
data/processed/train/genuine/original_20_19.png,data/processed/train/genuine/original_20_9.png,1,genuine_genuine,20,20
data/processed/train/genuine/original_31_11.png,data/processed/train/genuine/original_31_24.png,1,genuine_genuine,31,31
data/processed/train/genuine/original_3_11.png,data/processed/train/genuine/original_3_3.png,1,genuine_genuine,3,3
data/processed/train/genuine/original_3_21.png,data/processed/train/forged/forgeries_3_24.png,0,skilled_forgery,3,3
data/processed/train/genuine/original_13_10.png,data/processed/train/genuine/original_13_12.png,1,genuine_genuine,13,13
data/processed/train/genuine/original_10_15.png,data/processed/train/genuine/original_10_17.png,1,genuine_genuine,10,10
data/processed/train/genuine/original_7_15.png,data/processed/train/forged/forgeries_7_11.png,0,skilled_forgery,7,7
data/processed/train/genuine/original_17_19.png,data/processed/train/genuine/original_34_21.png,0,random_forgery,17,34
data/processed/train/genuine/original_22_2.png,data/processed/train/genuine/original_22_8.png,1,genuine_genuine,22,22
data/processed/train/genuine/original_34_12.png,data/processed/train/genuine/original_34_4.png,1,genuine_genuine,34,34
data/processed/train/genuine/original_23_24.png,data/processed/train/forged/forgeries_23_21.png,0,skilled_forgery,23,23
data/processed/train/genuine/original_14_11.png,data/processed/train/genuine/original_14_20.png,1,genuine_genuine,14,14
data/processed/train/genuine/original_12_13.png,data/processed/train/genuine/original_12_4.png,1,genuine_genuine,12,12
data/processed/train/genuine/original_25_18.png,data/processed/train/genuine/original_25_9.png,1,genuine_genuine,25,25
data/processed/train/genuine/original_8_21.png,data/processed/train/genuine/original_8_23.png,1,genuine_genuine,8,8
data/processed/train/genuine/original_1_2.png,data/processed/train/genuine/original_1_4.png,1,genuine_genuine,1,1
data/processed/train/genuine/original_9_23.png,data/processed/train/genuine/original_14_6.png,0,random_forgery,9,14
data/processed/train/genuine/original_35_21.png,data/processed/train/genuine/original_35_22.png,1,genuine_genuine,35,35
data/processed/train/genuine/original_10_21.png,data/processed/train/genuine/original_10_8.png,1,genuine_genuine,10,10
data/processed/train/genuine/original_8_21.png,data/processed/train/genuine/original_22_15.png,0,random_forgery,8,22
data/processed/train/genuine/original_13_12.png,data/processed/train/genuine/original_13_4.png,1,genuine_genuine,13,13
data/processed/train/genuine/original_10_6.png,data/processed/train/genuine/original_33_21.png,0,random_forgery,10,33
data/processed/train/genuine/original_33_18.png,data/processed/train/genuine/original_33_8.png,1,genuine_genuine,33,33
data/processed/train/genuine/original_3_9.png,data/processed/train/forged/forgeries_3_8.png,0,skilled_forgery,3,3
data/processed/train/genuine/original_17_12.png,data/processed/train/genuine/original_17_7.png,1,genuine_genuine,17,17
data/processed/train/genuine/original_5_12.png,data/processed/train/genuine/original_5_13.png,1,genuine_genuine,5,5
data/processed/train/genuine/original_12_14.png,data/processed/train/genuine/original_6_4.png,0,random_forgery,12,6
data/processed/train/genuine/original_6_4.png,data/processed/train/forged/forgeries_6_19.png,0,skilled_forgery,6,6
data/processed/train/genuine/original_21_5.png,data/processed/train/genuine/original_14_5.png,0,random_forgery,21,14
data/processed/train/genuine/original_2_17.png,data/processed/train/forged/forgeries_2_3.png,0,skilled_forgery,2,2
data/processed/train/genuine/original_18_12.png,data/processed/train/forged/forgeries_18_23.png,0,skilled_forgery,18,18
data/processed/train/genuine/original_6_15.png,data/processed/train/genuine/original_6_9.png,1,genuine_genuine,6,6
data/processed/train/genuine/original_26_6.png,data/processed/train/genuine/original_8_3.png,0,random_forgery,26,8
data/processed/train/genuine/original_18_24.png,data/processed/train/forged/forgeries_18_21.png,0,skilled_forgery,18,18
data/processed/train/genuine/original_19_11.png,data/processed/train/forged/forgeries_19_5.png,0,skilled_forgery,19,19
data/processed/train/genuine/original_20_10.png,data/processed/train/forged/forgeries_20_13.png,0,skilled_forgery,20,20
data/processed/train/genuine/original_8_23.png,data/processed/train/genuine/original_32_14.png,0,random_forgery,8,32
data/processed/train/genuine/original_20_21.png,data/processed/train/genuine/original_20_4.png,1,genuine_genuine,20,20
data/processed/train/genuine/original_14_23.png,data/processed/train/genuine/original_14_4.png,1,genuine_genuine,14,14
data/processed/train/genuine/original_10_9.png,data/processed/train/genuine/original_35_16.png,0,random_forgery,10,35
data/processed/train/genuine/original_4_12.png,data/processed/train/genuine/original_4_23.png,1,genuine_genuine,4,4
data/processed/train/genuine/original_34_18.png,data/processed/train/genuine/original_1_19.png,0,random_forgery,34,1
data/processed/train/genuine/original_20_20.png,data/processed/train/genuine/original_20_4.png,1,genuine_genuine,20,20
data/processed/train/genuine/original_5_13.png,data/processed/train/genuine/original_33_8.png,0,random_forgery,5,33
data/processed/train/genuine/original_14_3.png,data/processed/train/forged/forgeries_14_21.png,0,skilled_forgery,14,14
data/processed/train/genuine/original_23_22.png,data/processed/train/forged/forgeries_23_12.png,0,skilled_forgery,23,23
data/processed/train/genuine/original_8_2.png,data/processed/train/forged/forgeries_8_21.png,0,skilled_forgery,8,8
data/processed/train/genuine/original_11_22.png,data/processed/train/forged/forgeries_11_22.png,0,skilled_forgery,11,11
data/processed/train/genuine/original_18_15.png,data/processed/train/genuine/original_18_5.png,1,genuine_genuine,18,18
data/processed/train/genuine/original_24_11.png,data/processed/train/forged/forgeries_24_14.png,0,skilled_forgery,24,24
data/processed/train/genuine/original_34_16.png,data/processed/train/forged/forgeries_34_3.png,0,skilled_forgery,34,34
data/processed/train/genuine/original_20_1.png,data/processed/train/genuine/original_20_16.png,1,genuine_genuine,20,20
data/processed/train/genuine/original_17_1.png,data/processed/train/forged/forgeries_17_10.png,0,skilled_forgery,17,17
data/processed/train/genuine/original_16_10.png,data/processed/train/genuine/original_16_20.png,1,genuine_genuine,16,16
data/processed/train/genuine/original_17_10.png,data/processed/train/genuine/original_17_16.png,1,genuine_genuine,17,17
data/processed/train/genuine/original_5_18.png,data/processed/train/genuine/original_5_19.png,1,genuine_genuine,5,5
data/processed/train/genuine/original_4_2.png,data/processed/train/genuine/original_4_24.png,1,genuine_genuine,4,4
data/processed/train/genuine/original_15_3.png,data/processed/train/genuine/original_25_15.png,0,random_forgery,15,25
data/processed/train/genuine/original_21_24.png,data/processed/train/forged/forgeries_21_15.png,0,skilled_forgery,21,21
data/processed/train/genuine/original_24_16.png,data/processed/train/genuine/original_7_12.png,0,random_forgery,24,7
data/processed/train/genuine/original_11_11.png,data/processed/train/genuine/original_11_22.png,1,genuine_genuine,11,11
data/processed/train/genuine/original_29_22.png,data/processed/train/genuine/original_29_5.png,1,genuine_genuine,29,29
data/processed/train/genuine/original_28_11.png,data/processed/train/genuine/original_28_22.png,1,genuine_genuine,28,28
data/processed/train/genuine/original_15_12.png,data/processed/train/genuine/original_15_18.png,1,genuine_genuine,15,15
data/processed/train/genuine/original_35_11.png,data/processed/train/genuine/original_35_12.png,1,genuine_genuine,35,35
data/processed/train/genuine/original_16_1.png,data/processed/train/forged/forgeries_16_9.png,0,skilled_forgery,16,16
data/processed/train/genuine/original_25_3.png,data/processed/train/genuine/original_25_4.png,1,genuine_genuine,25,25
data/processed/train/genuine/original_21_17.png,data/processed/train/genuine/original_21_4.png,1,genuine_genuine,21,21
data/processed/train/genuine/original_21_19.png,data/processed/train/forged/forgeries_21_7.png,0,skilled_forgery,21,21
data/processed/train/genuine/original_10_6.png,data/processed/train/genuine/original_10_8.png,1,genuine_genuine,10,10
data/processed/train/genuine/original_35_23.png,data/processed/train/forged/forgeries_35_17.png,0,skilled_forgery,35,35
data/processed/train/genuine/original_5_1.png,data/processed/train/genuine/original_22_8.png,0,random_forgery,5,22
data/processed/train/genuine/original_10_15.png,data/processed/train/genuine/original_10_16.png,1,genuine_genuine,10,10
data/processed/train/genuine/original_33_12.png,data/processed/train/genuine/original_33_7.png,1,genuine_genuine,33,33
data/processed/train/genuine/original_14_13.png,data/processed/train/genuine/original_14_17.png,1,genuine_genuine,14,14
data/processed/train/genuine/original_10_15.png,data/processed/train/forged/forgeries_10_4.png,0,skilled_forgery,10,10
data/processed/train/genuine/original_19_22.png,data/processed/train/forged/forgeries_19_17.png,0,skilled_forgery,19,19
data/processed/train/genuine/original_16_17.png,data/processed/train/genuine/original_16_22.png,1,genuine_genuine,16,16
data/processed/train/genuine/original_3_11.png,data/processed/train/genuine/original_3_21.png,1,genuine_genuine,3,3
data/processed/train/genuine/original_15_23.png,data/processed/train/forged/forgeries_15_6.png,0,skilled_forgery,15,15
data/processed/train/genuine/original_8_5.png,data/processed/train/genuine/original_3_14.png,0,random_forgery,8,3
data/processed/train/genuine/original_15_24.png,data/processed/train/forged/forgeries_15_7.png,0,skilled_forgery,15,15
data/processed/train/genuine/original_21_20.png,data/processed/train/genuine/original_21_9.png,1,genuine_genuine,21,21
data/processed/train/genuine/original_8_5.png,data/processed/train/genuine/original_8_9.png,1,genuine_genuine,8,8
data/processed/train/genuine/original_20_9.png,data/processed/train/genuine/original_5_16.png,0,random_forgery,20,5
data/processed/train/genuine/original_13_23.png,data/processed/train/genuine/original_28_23.png,0,random_forgery,13,28
data/processed/train/genuine/original_8_21.png,data/processed/train/genuine/original_20_8.png,0,random_forgery,8,20
data/processed/train/genuine/original_4_21.png,data/processed/train/forged/forgeries_4_10.png,0,skilled_forgery,4,4
data/processed/train/genuine/original_21_9.png,data/processed/train/genuine/original_28_10.png,0,random_forgery,21,28
data/processed/train/genuine/original_12_12.png,data/processed/train/genuine/original_19_22.png,0,random_forgery,12,19
data/processed/train/genuine/original_17_5.png,data/processed/train/genuine/original_17_8.png,1,genuine_genuine,17,17
data/processed/train/genuine/original_35_12.png,data/processed/train/forged/forgeries_35_2.png,0,skilled_forgery,35,35
data/processed/train/genuine/original_13_18.png,data/processed/train/forged/forgeries_13_8.png,0,skilled_forgery,13,13
data/processed/train/genuine/original_32_18.png,data/processed/train/genuine/original_1_4.png,0,random_forgery,32,1
data/processed/train/genuine/original_35_2.png,data/processed/train/forged/forgeries_35_12.png,0,skilled_forgery,35,35
data/processed/train/genuine/original_16_16.png,data/processed/train/forged/forgeries_16_2.png,0,skilled_forgery,16,16
data/processed/train/genuine/original_19_13.png,data/processed/train/genuine/original_5_7.png,0,random_forgery,19,5
data/processed/train/genuine/original_5_12.png,data/processed/train/genuine/original_28_17.png,0,random_forgery,5,28
data/processed/train/genuine/original_8_15.png,data/processed/train/genuine/original_8_24.png,1,genuine_genuine,8,8
data/processed/train/genuine/original_26_18.png,data/processed/train/genuine/original_26_6.png,1,genuine_genuine,26,26
data/processed/train/genuine/original_15_15.png,data/processed/train/genuine/original_27_5.png,0,random_forgery,15,27
data/processed/train/genuine/original_5_11.png,data/processed/train/genuine/original_5_16.png,1,genuine_genuine,5,5
data/processed/train/genuine/original_17_24.png,data/processed/train/forged/forgeries_17_13.png,0,skilled_forgery,17,17
data/processed/train/genuine/original_1_10.png,data/processed/train/forged/forgeries_1_7.png,0,skilled_forgery,1,1
data/processed/train/genuine/original_14_17.png,data/processed/train/genuine/original_31_1.png,0,random_forgery,14,31
data/processed/train/genuine/original_34_11.png,data/processed/train/genuine/original_34_7.png,1,genuine_genuine,34,34
data/processed/train/genuine/original_33_18.png,data/processed/train/genuine/original_35_24.png,0,random_forgery,33,35
data/processed/train/genuine/original_3_2.png,data/processed/train/genuine/original_3_6.png,1,genuine_genuine,3,3
data/processed/train/genuine/original_12_11.png,data/processed/train/forged/forgeries_12_21.png,0,skilled_forgery,12,12
data/processed/train/genuine/original_26_16.png,data/processed/train/forged/forgeries_26_11.png,0,skilled_forgery,26,26
data/processed/train/genuine/original_4_23.png,data/processed/train/genuine/original_4_24.png,1,genuine_genuine,4,4
data/processed/train/genuine/original_8_9.png,data/processed/train/forged/forgeries_8_6.png,0,skilled_forgery,8,8
data/processed/train/genuine/original_8_8.png,data/processed/train/genuine/original_8_9.png,1,genuine_genuine,8,8
data/processed/train/genuine/original_15_17.png,data/processed/train/genuine/original_15_23.png,1,genuine_genuine,15,15
data/processed/train/genuine/original_29_10.png,data/processed/train/genuine/original_29_5.png,1,genuine_genuine,29,29
data/processed/train/genuine/original_24_9.png,data/processed/train/genuine/original_12_1.png,0,random_forgery,24,12
data/processed/train/genuine/original_12_20.png,data/processed/train/forged/forgeries_12_19.png,0,skilled_forgery,12,12
data/processed/train/genuine/original_14_9.png,data/processed/train/forged/forgeries_14_22.png,0,skilled_forgery,14,14
data/processed/train/genuine/original_7_10.png,data/processed/train/genuine/original_7_9.png,1,genuine_genuine,7,7
data/processed/train/genuine/original_19_11.png,data/processed/train/genuine/original_19_18.png,1,genuine_genuine,19,19
data/processed/train/genuine/original_14_15.png,data/processed/train/forged/forgeries_14_9.png,0,skilled_forgery,14,14
data/processed/train/genuine/original_14_11.png,data/processed/train/forged/forgeries_14_18.png,0,skilled_forgery,14,14
data/processed/train/genuine/original_5_20.png,data/processed/train/forged/forgeries_5_10.png,0,skilled_forgery,5,5
data/processed/train/genuine/original_5_5.png,data/processed/train/forged/forgeries_5_16.png,0,skilled_forgery,5,5
data/processed/train/genuine/original_23_1.png,data/processed/train/genuine/original_23_5.png,1,genuine_genuine,23,23
data/processed/train/genuine/original_6_16.png,data/processed/train/forged/forgeries_6_9.png,0,skilled_forgery,6,6
data/processed/train/genuine/original_10_13.png,data/processed/train/genuine/original_10_6.png,1,genuine_genuine,10,10
data/processed/train/genuine/original_9_2.png,data/processed/train/forged/forgeries_9_21.png,0,skilled_forgery,9,9
data/processed/train/genuine/original_13_1.png,data/processed/train/genuine/original_13_9.png,1,genuine_genuine,13,13
data/processed/train/genuine/original_18_11.png,data/processed/train/genuine/original_18_9.png,1,genuine_genuine,18,18
data/processed/train/genuine/original_7_8.png,data/processed/train/genuine/original_4_24.png,0,random_forgery,7,4
data/processed/train/genuine/original_8_19.png,data/processed/train/genuine/original_8_23.png,1,genuine_genuine,8,8
data/processed/train/genuine/original_17_5.png,data/processed/train/forged/forgeries_17_12.png,0,skilled_forgery,17,17
data/processed/train/genuine/original_30_1.png,data/processed/train/genuine/original_30_5.png,1,genuine_genuine,30,30
data/processed/train/genuine/original_23_23.png,data/processed/train/forged/forgeries_23_8.png,0,skilled_forgery,23,23
data/processed/train/genuine/original_27_18.png,data/processed/train/genuine/original_27_6.png,1,genuine_genuine,27,27
data/processed/train/genuine/original_31_1.png,data/processed/train/forged/forgeries_31_9.png,0,skilled_forgery,31,31
data/processed/train/genuine/original_2_8.png,data/processed/train/genuine/original_10_23.png,0,random_forgery,2,10
data/processed/train/genuine/original_4_10.png,data/processed/train/genuine/original_4_2.png,1,genuine_genuine,4,4
data/processed/train/genuine/original_1_18.png,data/processed/train/genuine/original_1_9.png,1,genuine_genuine,1,1
data/processed/train/genuine/original_30_5.png,data/processed/train/forged/forgeries_30_22.png,0,skilled_forgery,30,30
data/processed/train/genuine/original_21_11.png,data/processed/train/genuine/original_21_24.png,1,genuine_genuine,21,21
data/processed/train/genuine/original_21_16.png,data/processed/train/genuine/original_21_6.png,1,genuine_genuine,21,21
data/processed/train/genuine/original_2_5.png,data/processed/train/genuine/original_2_6.png,1,genuine_genuine,2,2
data/processed/train/genuine/original_26_8.png,data/processed/train/genuine/original_11_1.png,0,random_forgery,26,11
data/processed/train/genuine/original_9_17.png,data/processed/train/forged/forgeries_9_21.png,0,skilled_forgery,9,9
data/processed/train/genuine/original_16_7.png,data/processed/train/forged/forgeries_16_16.png,0,skilled_forgery,16,16
data/processed/train/genuine/original_21_16.png,data/processed/train/genuine/original_19_16.png,0,random_forgery,21,19
data/processed/train/genuine/original_20_22.png,data/processed/train/genuine/original_20_24.png,1,genuine_genuine,20,20
data/processed/train/genuine/original_19_21.png,data/processed/train/genuine/original_19_5.png,1,genuine_genuine,19,19
data/processed/train/genuine/original_10_11.png,data/processed/train/genuine/original_10_12.png,1,genuine_genuine,10,10
data/processed/train/genuine/original_2_12.png,data/processed/train/forged/forgeries_2_9.png,0,skilled_forgery,2,2
data/processed/train/genuine/original_30_12.png,data/processed/train/genuine/original_30_3.png,1,genuine_genuine,30,30
data/processed/train/genuine/original_28_23.png,data/processed/train/genuine/original_13_19.png,0,random_forgery,28,13
data/processed/train/genuine/original_27_11.png,data/processed/train/genuine/original_27_4.png,1,genuine_genuine,27,27
data/processed/train/genuine/original_10_17.png,data/processed/train/genuine/original_10_2.png,1,genuine_genuine,10,10
data/processed/train/genuine/original_30_4.png,data/processed/train/genuine/original_30_5.png,1,genuine_genuine,30,30
data/processed/train/genuine/original_19_14.png,data/processed/train/genuine/original_19_15.png,1,genuine_genuine,19,19
data/processed/train/genuine/original_21_21.png,data/processed/train/forged/forgeries_21_16.png,0,skilled_forgery,21,21
data/processed/train/genuine/original_19_15.png,data/processed/train/genuine/original_19_3.png,1,genuine_genuine,19,19
data/processed/train/genuine/original_5_14.png,data/processed/train/genuine/original_5_2.png,1,genuine_genuine,5,5
data/processed/train/genuine/original_13_2.png,data/processed/train/genuine/original_13_5.png,1,genuine_genuine,13,13
data/processed/train/genuine/original_21_15.png,data/processed/train/genuine/original_21_6.png,1,genuine_genuine,21,21
data/processed/train/genuine/original_23_9.png,data/processed/train/forged/forgeries_23_1.png,0,skilled_forgery,23,23
data/processed/train/genuine/original_21_11.png,data/processed/train/genuine/original_5_17.png,0,random_forgery,21,5
data/processed/train/genuine/original_10_23.png,data/processed/train/genuine/original_9_15.png,0,random_forgery,10,9
data/processed/train/genuine/original_14_1.png,data/processed/train/genuine/original_14_20.png,1,genuine_genuine,14,14
data/processed/train/genuine/original_5_4.png,data/processed/train/forged/forgeries_5_1.png,0,skilled_forgery,5,5
data/processed/train/genuine/original_18_20.png,data/processed/train/forged/forgeries_18_7.png,0,skilled_forgery,18,18
data/processed/train/genuine/original_16_5.png,data/processed/train/forged/forgeries_16_2.png,0,skilled_forgery,16,16
data/processed/train/genuine/original_20_13.png,data/processed/train/genuine/original_20_21.png,1,genuine_genuine,20,20
data/processed/train/genuine/original_10_1.png,data/processed/train/genuine/original_10_4.png,1,genuine_genuine,10,10
data/processed/train/genuine/original_2_13.png,data/processed/train/genuine/original_2_19.png,1,genuine_genuine,2,2
data/processed/train/genuine/original_33_5.png,data/processed/train/genuine/original_2_22.png,0,random_forgery,33,2
data/processed/train/genuine/original_1_12.png,data/processed/train/genuine/original_1_9.png,1,genuine_genuine,1,1
data/processed/train/genuine/original_10_13.png,data/processed/train/forged/forgeries_10_17.png,0,skilled_forgery,10,10
data/processed/train/genuine/original_17_10.png,data/processed/train/genuine/original_17_22.png,1,genuine_genuine,17,17
data/processed/train/genuine/original_10_1.png,data/processed/train/genuine/original_10_5.png,1,genuine_genuine,10,10
data/processed/train/genuine/original_26_21.png,data/processed/train/genuine/original_26_7.png,1,genuine_genuine,26,26
data/processed/train/genuine/original_21_17.png,data/processed/train/forged/forgeries_21_14.png,0,skilled_forgery,21,21
data/processed/train/genuine/original_27_8.png,data/processed/train/forged/forgeries_27_15.png,0,skilled_forgery,27,27
data/processed/train/genuine/original_33_19.png,data/processed/train/genuine/original_33_24.png,1,genuine_genuine,33,33
data/processed/train/genuine/original_9_21.png,data/processed/train/genuine/original_9_4.png,1,genuine_genuine,9,9
data/processed/train/genuine/original_31_13.png,data/processed/train/genuine/original_34_18.png,0,random_forgery,31,34
data/processed/train/genuine/original_14_21.png,data/processed/train/genuine/original_14_22.png,1,genuine_genuine,14,14
data/processed/train/genuine/original_24_18.png,data/processed/train/genuine/original_14_9.png,0,random_forgery,24,14
data/processed/train/genuine/original_10_2.png,data/processed/train/forged/forgeries_10_7.png,0,skilled_forgery,10,10
data/processed/train/genuine/original_21_2.png,data/processed/train/forged/forgeries_21_23.png,0,skilled_forgery,21,21
data/processed/train/genuine/original_11_3.png,data/processed/train/forged/forgeries_11_2.png,0,skilled_forgery,11,11
data/processed/train/genuine/original_6_1.png,data/processed/train/genuine/original_6_14.png,1,genuine_genuine,6,6
data/processed/train/genuine/original_11_16.png,data/processed/train/genuine/original_11_8.png,1,genuine_genuine,11,11
data/processed/train/genuine/original_6_6.png,data/processed/train/forged/forgeries_6_3.png,0,skilled_forgery,6,6
data/processed/train/genuine/original_13_14.png,data/processed/train/genuine/original_13_23.png,1,genuine_genuine,13,13
data/processed/train/genuine/original_11_21.png,data/processed/train/forged/forgeries_11_5.png,0,skilled_forgery,11,11
data/processed/train/genuine/original_17_22.png,data/processed/train/forged/forgeries_17_16.png,0,skilled_forgery,17,17
data/processed/train/genuine/original_12_15.png,data/processed/train/genuine/original_33_11.png,0,random_forgery,12,33
data/processed/train/genuine/original_35_23.png,data/processed/train/forged/forgeries_35_18.png,0,skilled_forgery,35,35
data/processed/train/genuine/original_14_18.png,data/processed/train/genuine/original_14_5.png,1,genuine_genuine,14,14
data/processed/train/genuine/original_28_22.png,data/processed/train/genuine/original_28_7.png,1,genuine_genuine,28,28
data/processed/train/genuine/original_8_13.png,data/processed/train/forged/forgeries_8_17.png,0,skilled_forgery,8,8
data/processed/train/genuine/original_30_22.png,data/processed/train/genuine/original_30_23.png,1,genuine_genuine,30,30
data/processed/train/genuine/original_18_8.png,data/processed/train/genuine/original_13_12.png,0,random_forgery,18,13
data/processed/train/genuine/original_27_16.png,data/processed/train/genuine/original_27_21.png,1,genuine_genuine,27,27
data/processed/train/genuine/original_27_16.png,data/processed/train/genuine/original_27_19.png,1,genuine_genuine,27,27
data/processed/train/genuine/original_10_14.png,data/processed/train/forged/forgeries_10_6.png,0,skilled_forgery,10,10
data/processed/train/genuine/original_21_3.png,data/processed/train/forged/forgeries_21_17.png,0,skilled_forgery,21,21
data/processed/train/genuine/original_11_20.png,data/processed/train/forged/forgeries_11_18.png,0,skilled_forgery,11,11
data/processed/train/genuine/original_6_20.png,data/processed/train/genuine/original_4_12.png,0,random_forgery,6,4
data/processed/train/genuine/original_32_12.png,data/processed/train/genuine/original_32_16.png,1,genuine_genuine,32,32
data/processed/train/genuine/original_20_17.png,data/processed/train/genuine/original_20_4.png,1,genuine_genuine,20,20
data/processed/train/genuine/original_2_21.png,data/processed/train/genuine/original_2_9.png,1,genuine_genuine,2,2
data/processed/train/genuine/original_1_12.png,data/processed/train/genuine/original_1_19.png,1,genuine_genuine,1,1
data/processed/train/genuine/original_25_3.png,data/processed/train/genuine/original_25_7.png,1,genuine_genuine,25,25
data/processed/train/genuine/original_34_1.png,data/processed/train/genuine/original_34_15.png,1,genuine_genuine,34,34
data/processed/train/genuine/original_20_23.png,data/processed/train/genuine/original_13_6.png,0,random_forgery,20,13
data/processed/train/genuine/original_9_20.png,data/processed/train/genuine/original_9_3.png,1,genuine_genuine,9,9
data/processed/train/genuine/original_33_6.png,data/processed/train/genuine/original_33_8.png,1,genuine_genuine,33,33
data/processed/train/genuine/original_7_16.png,data/processed/train/forged/forgeries_7_15.png,0,skilled_forgery,7,7
data/processed/train/genuine/original_29_11.png,data/processed/train/forged/forgeries_29_2.png,0,skilled_forgery,29,29
data/processed/train/genuine/original_2_6.png,data/processed/train/genuine/original_28_5.png,0,random_forgery,2,28
data/processed/train/genuine/original_17_1.png,data/processed/train/genuine/original_17_15.png,1,genuine_genuine,17,17
data/processed/train/genuine/original_32_19.png,data/processed/train/forged/forgeries_32_2.png,0,skilled_forgery,32,32
data/processed/train/genuine/original_7_5.png,data/processed/train/genuine/original_7_9.png,1,genuine_genuine,7,7
data/processed/train/genuine/original_23_13.png,data/processed/train/genuine/original_23_24.png,1,genuine_genuine,23,23
data/processed/train/genuine/original_21_10.png,data/processed/train/genuine/original_21_18.png,1,genuine_genuine,21,21
data/processed/train/genuine/original_9_22.png,data/processed/train/genuine/original_9_3.png,1,genuine_genuine,9,9
data/processed/train/genuine/original_13_14.png,data/processed/train/genuine/original_13_3.png,1,genuine_genuine,13,13
data/processed/train/genuine/original_27_13.png,data/processed/train/genuine/original_27_16.png,1,genuine_genuine,27,27
data/processed/train/genuine/original_24_17.png,data/processed/train/genuine/original_24_5.png,1,genuine_genuine,24,24
data/processed/train/genuine/original_2_22.png,data/processed/train/forged/forgeries_2_18.png,0,skilled_forgery,2,2
data/processed/train/genuine/original_1_9.png,data/processed/train/forged/forgeries_1_19.png,0,skilled_forgery,1,1
data/processed/train/genuine/original_25_22.png,data/processed/train/forged/forgeries_25_3.png,0,skilled_forgery,25,25
data/processed/train/genuine/original_27_6.png,data/processed/train/forged/forgeries_27_7.png,0,skilled_forgery,27,27
data/processed/train/genuine/original_2_16.png,data/processed/train/forged/forgeries_2_13.png,0,skilled_forgery,2,2
data/processed/train/genuine/original_5_16.png,data/processed/train/genuine/original_4_22.png,0,random_forgery,5,4
data/processed/train/genuine/original_27_14.png,data/processed/train/genuine/original_27_9.png,1,genuine_genuine,27,27
data/processed/train/genuine/original_34_17.png,data/processed/train/forged/forgeries_34_1.png,0,skilled_forgery,34,34
data/processed/train/genuine/original_8_14.png,data/processed/train/genuine/original_8_23.png,1,genuine_genuine,8,8
data/processed/train/genuine/original_1_8.png,data/processed/train/genuine/original_30_5.png,0,random_forgery,1,30
data/processed/train/genuine/original_33_13.png,data/processed/train/genuine/original_33_3.png,1,genuine_genuine,33,33
data/processed/train/genuine/original_26_20.png,data/processed/train/forged/forgeries_26_15.png,0,skilled_forgery,26,26
data/processed/train/genuine/original_15_15.png,data/processed/train/genuine/original_15_3.png,1,genuine_genuine,15,15
data/processed/train/genuine/original_26_10.png,data/processed/train/genuine/original_26_12.png,1,genuine_genuine,26,26
data/processed/train/genuine/original_5_9.png,data/processed/train/forged/forgeries_5_20.png,0,skilled_forgery,5,5
data/processed/train/genuine/original_8_20.png,data/processed/train/genuine/original_8_23.png,1,genuine_genuine,8,8
data/processed/train/genuine/original_10_11.png,data/processed/train/genuine/original_10_22.png,1,genuine_genuine,10,10
data/processed/train/genuine/original_31_24.png,data/processed/train/forged/forgeries_31_18.png,0,skilled_forgery,31,31
data/processed/train/genuine/original_16_15.png,data/processed/train/forged/forgeries_16_24.png,0,skilled_forgery,16,16
data/processed/train/genuine/original_9_12.png,data/processed/train/forged/forgeries_9_18.png,0,skilled_forgery,9,9
data/processed/train/genuine/original_4_14.png,data/processed/train/genuine/original_4_21.png,1,genuine_genuine,4,4
data/processed/train/genuine/original_5_8.png,data/processed/train/forged/forgeries_5_21.png,0,skilled_forgery,5,5
data/processed/train/genuine/original_1_11.png,data/processed/train/genuine/original_1_18.png,1,genuine_genuine,1,1
data/processed/train/genuine/original_8_24.png,data/processed/train/genuine/original_19_22.png,0,random_forgery,8,19
data/processed/train/genuine/original_20_20.png,data/processed/train/genuine/original_20_24.png,1,genuine_genuine,20,20
data/processed/train/genuine/original_22_4.png,data/processed/train/forged/forgeries_22_17.png,0,skilled_forgery,22,22
data/processed/train/genuine/original_2_3.png,data/processed/train/genuine/original_2_9.png,1,genuine_genuine,2,2
data/processed/train/genuine/original_7_23.png,data/processed/train/genuine/original_7_8.png,1,genuine_genuine,7,7
data/processed/train/genuine/original_9_20.png,data/processed/train/genuine/original_9_9.png,1,genuine_genuine,9,9
data/processed/train/genuine/original_13_5.png,data/processed/train/genuine/original_11_20.png,0,random_forgery,13,11
data/processed/train/genuine/original_17_16.png,data/processed/train/forged/forgeries_17_16.png,0,skilled_forgery,17,17
data/processed/train/genuine/original_32_23.png,data/processed/train/forged/forgeries_32_23.png,0,skilled_forgery,32,32
data/processed/train/genuine/original_2_24.png,data/processed/train/genuine/original_26_24.png,0,random_forgery,2,26
data/processed/train/genuine/original_6_20.png,data/processed/train/genuine/original_29_15.png,0,random_forgery,6,29
data/processed/train/genuine/original_23_24.png,data/processed/train/forged/forgeries_23_5.png,0,skilled_forgery,23,23
data/processed/train/genuine/original_32_2.png,data/processed/train/forged/forgeries_32_23.png,0,skilled_forgery,32,32
data/processed/train/genuine/original_29_17.png,data/processed/train/forged/forgeries_29_16.png,0,skilled_forgery,29,29
data/processed/train/genuine/original_5_6.png,data/processed/train/forged/forgeries_5_23.png,0,skilled_forgery,5,5
data/processed/train/genuine/original_15_13.png,data/processed/train/forged/forgeries_15_15.png,0,skilled_forgery,15,15
data/processed/train/genuine/original_3_15.png,data/processed/train/genuine/original_3_7.png,1,genuine_genuine,3,3
data/processed/train/genuine/original_23_10.png,data/processed/train/forged/forgeries_23_23.png,0,skilled_forgery,23,23
data/processed/train/genuine/original_31_5.png,data/processed/train/forged/forgeries_31_14.png,0,skilled_forgery,31,31
data/processed/train/genuine/original_34_12.png,data/processed/train/genuine/original_34_24.png,1,genuine_genuine,34,34
data/processed/train/genuine/original_20_19.png,data/processed/train/genuine/original_20_20.png,1,genuine_genuine,20,20
data/processed/train/genuine/original_28_15.png,data/processed/train/genuine/original_28_18.png,1,genuine_genuine,28,28
data/processed/train/genuine/original_23_12.png,data/processed/train/genuine/original_23_4.png,1,genuine_genuine,23,23
data/processed/train/genuine/original_22_10.png,data/processed/train/genuine/original_22_12.png,1,genuine_genuine,22,22
data/processed/train/genuine/original_25_6.png,data/processed/train/forged/forgeries_25_6.png,0,skilled_forgery,25,25
data/processed/train/genuine/original_21_13.png,data/processed/train/genuine/original_34_11.png,0,random_forgery,21,34
data/processed/train/genuine/original_27_3.png,data/processed/train/forged/forgeries_27_17.png,0,skilled_forgery,27,27
data/processed/train/genuine/original_13_2.png,data/processed/train/forged/forgeries_13_24.png,0,skilled_forgery,13,13
data/processed/train/genuine/original_24_20.png,data/processed/train/genuine/original_24_7.png,1,genuine_genuine,24,24
data/processed/train/genuine/original_6_5.png,data/processed/train/genuine/original_6_9.png,1,genuine_genuine,6,6
data/processed/train/genuine/original_10_10.png,data/processed/train/genuine/original_10_3.png,1,genuine_genuine,10,10
data/processed/train/genuine/original_19_16.png,data/processed/train/genuine/original_22_4.png,0,random_forgery,19,22
data/processed/train/genuine/original_5_18.png,data/processed/train/genuine/original_5_20.png,1,genuine_genuine,5,5
data/processed/train/genuine/original_27_19.png,data/processed/train/genuine/original_27_5.png,1,genuine_genuine,27,27
data/processed/train/genuine/original_1_20.png,data/processed/train/forged/forgeries_1_1.png,0,skilled_forgery,1,1
data/processed/train/genuine/original_6_15.png,data/processed/train/genuine/original_6_4.png,1,genuine_genuine,6,6
data/processed/train/genuine/original_15_13.png,data/processed/train/genuine/original_27_9.png,0,random_forgery,15,27
data/processed/train/genuine/original_10_10.png,data/processed/train/genuine/original_10_18.png,1,genuine_genuine,10,10
data/processed/train/genuine/original_2_19.png,data/processed/train/genuine/original_2_7.png,1,genuine_genuine,2,2
data/processed/train/genuine/original_17_1.png,data/processed/train/genuine/original_17_22.png,1,genuine_genuine,17,17
data/processed/train/genuine/original_6_24.png,data/processed/train/forged/forgeries_6_17.png,0,skilled_forgery,6,6
data/processed/train/genuine/original_35_5.png,data/processed/train/genuine/original_28_14.png,0,random_forgery,35,28
data/processed/train/genuine/original_10_11.png,data/processed/train/forged/forgeries_10_9.png,0,skilled_forgery,10,10
data/processed/train/genuine/original_14_19.png,data/processed/train/forged/forgeries_14_1.png,0,skilled_forgery,14,14
data/processed/train/genuine/original_25_11.png,data/processed/train/genuine/original_25_4.png,1,genuine_genuine,25,25
data/processed/train/genuine/original_10_24.png,data/processed/train/genuine/original_10_5.png,1,genuine_genuine,10,10
data/processed/train/genuine/original_30_1.png,data/processed/train/forged/forgeries_30_9.png,0,skilled_forgery,30,30
data/processed/train/genuine/original_16_7.png,data/processed/train/forged/forgeries_16_23.png,0,skilled_forgery,16,16
data/processed/train/genuine/original_20_21.png,data/processed/train/genuine/original_20_8.png,1,genuine_genuine,20,20
data/processed/train/genuine/original_20_20.png,data/processed/train/forged/forgeries_20_23.png,0,skilled_forgery,20,20
data/processed/train/genuine/original_19_21.png,data/processed/train/genuine/original_5_5.png,0,random_forgery,19,5
data/processed/train/genuine/original_34_13.png,data/processed/train/genuine/original_34_9.png,1,genuine_genuine,34,34
data/processed/train/genuine/original_8_1.png,data/processed/train/genuine/original_12_23.png,0,random_forgery,8,12
data/processed/train/genuine/original_33_21.png,data/processed/train/genuine/original_29_8.png,0,random_forgery,33,29
data/processed/train/genuine/original_31_21.png,data/processed/train/forged/forgeries_31_1.png,0,skilled_forgery,31,31
data/processed/train/genuine/original_8_1.png,data/processed/train/genuine/original_8_7.png,1,genuine_genuine,8,8
data/processed/train/genuine/original_17_4.png,data/processed/train/forged/forgeries_17_11.png,0,skilled_forgery,17,17
data/processed/train/genuine/original_17_23.png,data/processed/train/forged/forgeries_17_19.png,0,skilled_forgery,17,17
data/processed/train/genuine/original_6_16.png,data/processed/train/genuine/original_6_23.png,1,genuine_genuine,6,6
data/processed/train/genuine/original_23_13.png,data/processed/train/genuine/original_23_14.png,1,genuine_genuine,23,23
data/processed/train/genuine/original_5_24.png,data/processed/train/genuine/original_5_5.png,1,genuine_genuine,5,5
data/processed/train/genuine/original_1_1.png,data/processed/train/genuine/original_1_17.png,1,genuine_genuine,1,1
data/processed/train/genuine/original_2_11.png,data/processed/train/genuine/original_2_21.png,1,genuine_genuine,2,2
data/processed/train/genuine/original_5_10.png,data/processed/train/genuine/original_5_19.png,1,genuine_genuine,5,5
data/processed/train/genuine/original_11_13.png,data/processed/train/forged/forgeries_11_6.png,0,skilled_forgery,11,11
data/processed/train/genuine/original_26_9.png,data/processed/train/forged/forgeries_26_17.png,0,skilled_forgery,26,26
data/processed/train/genuine/original_24_7.png,data/processed/train/forged/forgeries_24_24.png,0,skilled_forgery,24,24
data/processed/train/genuine/original_24_21.png,data/processed/train/forged/forgeries_24_14.png,0,skilled_forgery,24,24
data/processed/train/genuine/original_32_15.png,data/processed/train/genuine/original_32_8.png,1,genuine_genuine,32,32
data/processed/train/genuine/original_7_15.png,data/processed/train/genuine/original_7_17.png,1,genuine_genuine,7,7
data/processed/train/genuine/original_3_13.png,data/processed/train/genuine/original_3_5.png,1,genuine_genuine,3,3
data/processed/train/genuine/original_35_4.png,data/processed/train/genuine/original_11_2.png,0,random_forgery,35,11
data/processed/train/genuine/original_27_10.png,data/processed/train/genuine/original_27_5.png,1,genuine_genuine,27,27
data/processed/train/genuine/original_19_20.png,data/processed/train/genuine/original_19_21.png,1,genuine_genuine,19,19
data/processed/train/genuine/original_17_24.png,data/processed/train/forged/forgeries_17_22.png,0,skilled_forgery,17,17
data/processed/train/genuine/original_1_14.png,data/processed/train/genuine/original_5_18.png,0,random_forgery,1,5
data/processed/train/genuine/original_17_3.png,data/processed/train/genuine/original_17_8.png,1,genuine_genuine,17,17
data/processed/train/genuine/original_6_6.png,data/processed/train/forged/forgeries_6_1.png,0,skilled_forgery,6,6
data/processed/train/genuine/original_16_14.png,data/processed/train/genuine/original_16_24.png,1,genuine_genuine,16,16
data/processed/train/genuine/original_12_21.png,data/processed/train/forged/forgeries_12_23.png,0,skilled_forgery,12,12
data/processed/train/genuine/original_1_21.png,data/processed/train/genuine/original_1_4.png,1,genuine_genuine,1,1
data/processed/train/genuine/original_22_13.png,data/processed/train/genuine/original_22_4.png,1,genuine_genuine,22,22
data/processed/train/genuine/original_8_10.png,data/processed/train/genuine/original_8_6.png,1,genuine_genuine,8,8
data/processed/train/genuine/original_11_5.png,data/processed/train/genuine/original_11_7.png,1,genuine_genuine,11,11
data/processed/train/genuine/original_22_10.png,data/processed/train/genuine/original_6_20.png,0,random_forgery,22,6
data/processed/train/genuine/original_10_14.png,data/processed/train/genuine/original_10_5.png,1,genuine_genuine,10,10
data/processed/train/genuine/original_7_16.png,data/processed/train/genuine/original_7_21.png,1,genuine_genuine,7,7
data/processed/train/genuine/original_7_24.png,data/processed/train/genuine/original_7_7.png,1,genuine_genuine,7,7
data/processed/train/genuine/original_1_14.png,data/processed/train/genuine/original_1_7.png,1,genuine_genuine,1,1
data/processed/train/genuine/original_33_7.png,data/processed/train/genuine/original_15_13.png,0,random_forgery,33,15
data/processed/train/genuine/original_20_24.png,data/processed/train/genuine/original_20_3.png,1,genuine_genuine,20,20
data/processed/train/genuine/original_27_1.png,data/processed/train/forged/forgeries_27_18.png,0,skilled_forgery,27,27
data/processed/train/genuine/original_22_13.png,data/processed/train/genuine/original_1_2.png,0,random_forgery,22,1
data/processed/train/genuine/original_27_11.png,data/processed/train/genuine/original_27_20.png,1,genuine_genuine,27,27
data/processed/train/genuine/original_23_1.png,data/processed/train/genuine/original_23_3.png,1,genuine_genuine,23,23
data/processed/train/genuine/original_7_15.png,data/processed/train/genuine/original_7_21.png,1,genuine_genuine,7,7
data/processed/train/genuine/original_4_20.png,data/processed/train/genuine/original_4_4.png,1,genuine_genuine,4,4
data/processed/train/genuine/original_5_22.png,data/processed/train/forged/forgeries_5_23.png,0,skilled_forgery,5,5
data/processed/train/genuine/original_15_6.png,data/processed/train/genuine/original_15_8.png,1,genuine_genuine,15,15
data/processed/train/genuine/original_15_12.png,data/processed/train/genuine/original_15_16.png,1,genuine_genuine,15,15
data/processed/train/genuine/original_2_18.png,data/processed/train/forged/forgeries_2_3.png,0,skilled_forgery,2,2
data/processed/train/genuine/original_32_1.png,data/processed/train/genuine/original_32_14.png,1,genuine_genuine,32,32
data/processed/train/genuine/original_8_19.png,data/processed/train/genuine/original_8_5.png,1,genuine_genuine,8,8
data/processed/train/genuine/original_31_20.png,data/processed/train/genuine/original_31_21.png,1,genuine_genuine,31,31
data/processed/train/genuine/original_34_10.png,data/processed/train/forged/forgeries_34_17.png,0,skilled_forgery,34,34
data/processed/train/genuine/original_19_19.png,data/processed/train/genuine/original_13_24.png,0,random_forgery,19,13
data/processed/train/genuine/original_13_6.png,data/processed/train/genuine/original_29_18.png,0,random_forgery,13,29
data/processed/train/genuine/original_12_16.png,data/processed/train/forged/forgeries_12_10.png,0,skilled_forgery,12,12
data/processed/train/genuine/original_18_15.png,data/processed/train/forged/forgeries_18_7.png,0,skilled_forgery,18,18
data/processed/train/genuine/original_26_11.png,data/processed/train/forged/forgeries_26_20.png,0,skilled_forgery,26,26
data/processed/train/genuine/original_32_19.png,data/processed/train/genuine/original_32_9.png,1,genuine_genuine,32,32
data/processed/train/genuine/original_34_22.png,data/processed/train/forged/forgeries_34_11.png,0,skilled_forgery,34,34
data/processed/train/genuine/original_23_23.png,data/processed/train/forged/forgeries_23_18.png,0,skilled_forgery,23,23
data/processed/train/genuine/original_2_19.png,data/processed/train/genuine/original_2_20.png,1,genuine_genuine,2,2
data/processed/train/genuine/original_34_9.png,data/processed/train/genuine/original_24_10.png,0,random_forgery,34,24
data/processed/train/genuine/original_5_13.png,data/processed/train/genuine/original_5_8.png,1,genuine_genuine,5,5
data/processed/train/genuine/original_31_10.png,data/processed/train/genuine/original_29_7.png,0,random_forgery,31,29
data/processed/train/genuine/original_6_21.png,data/processed/train/forged/forgeries_6_22.png,0,skilled_forgery,6,6
data/processed/train/genuine/original_2_11.png,data/processed/train/forged/forgeries_2_7.png,0,skilled_forgery,2,2
data/processed/train/genuine/original_6_15.png,data/processed/train/genuine/original_6_17.png,1,genuine_genuine,6,6
data/processed/train/genuine/original_5_21.png,data/processed/train/forged/forgeries_5_6.png,0,skilled_forgery,5,5
data/processed/train/genuine/original_1_1.png,data/processed/train/genuine/original_12_21.png,0,random_forgery,1,12
data/processed/train/genuine/original_2_10.png,data/processed/train/genuine/original_2_12.png,1,genuine_genuine,2,2
data/processed/train/genuine/original_31_10.png,data/processed/train/genuine/original_31_12.png,1,genuine_genuine,31,31
data/processed/train/genuine/original_5_3.png,data/processed/train/genuine/original_5_9.png,1,genuine_genuine,5,5
data/processed/train/genuine/original_32_15.png,data/processed/train/genuine/original_18_23.png,0,random_forgery,32,18
data/processed/train/genuine/original_14_9.png,data/processed/train/forged/forgeries_14_15.png,0,skilled_forgery,14,14
data/processed/train/genuine/original_12_12.png,data/processed/train/genuine/original_12_24.png,1,genuine_genuine,12,12
data/processed/train/genuine/original_12_20.png,data/processed/train/genuine/original_12_5.png,1,genuine_genuine,12,12
data/processed/train/genuine/original_9_5.png,data/processed/train/genuine/original_9_6.png,1,genuine_genuine,9,9
data/processed/train/genuine/original_30_3.png,data/processed/train/genuine/original_4_7.png,0,random_forgery,30,4
data/processed/train/genuine/original_15_24.png,data/processed/train/genuine/original_5_9.png,0,random_forgery,15,5
data/processed/train/genuine/original_32_16.png,data/processed/train/forged/forgeries_32_15.png,0,skilled_forgery,32,32
data/processed/train/genuine/original_19_13.png,data/processed/train/genuine/original_19_19.png,1,genuine_genuine,19,19
data/processed/train/genuine/original_3_14.png,data/processed/train/genuine/original_33_3.png,0,random_forgery,3,33
data/processed/train/genuine/original_13_1.png,data/processed/train/genuine/original_13_4.png,1,genuine_genuine,13,13
data/processed/train/genuine/original_14_14.png,data/processed/train/genuine/original_17_24.png,0,random_forgery,14,17
data/processed/train/genuine/original_14_11.png,data/processed/train/genuine/original_14_9.png,1,genuine_genuine,14,14
data/processed/train/genuine/original_8_12.png,data/processed/train/forged/forgeries_8_23.png,0,skilled_forgery,8,8
data/processed/train/genuine/original_18_1.png,data/processed/train/genuine/original_18_19.png,1,genuine_genuine,18,18
data/processed/train/genuine/original_7_11.png,data/processed/train/genuine/original_7_6.png,1,genuine_genuine,7,7
data/processed/train/genuine/original_28_17.png,data/processed/train/genuine/original_28_21.png,1,genuine_genuine,28,28
data/processed/train/genuine/original_27_16.png,data/processed/train/forged/forgeries_27_9.png,0,skilled_forgery,27,27
data/processed/train/genuine/original_13_2.png,data/processed/train/forged/forgeries_13_6.png,0,skilled_forgery,13,13
data/processed/train/genuine/original_24_2.png,data/processed/train/genuine/original_12_6.png,0,random_forgery,24,12
data/processed/train/genuine/original_21_12.png,data/processed/train/forged/forgeries_21_1.png,0,skilled_forgery,21,21
data/processed/train/genuine/original_21_11.png,data/processed/train/genuine/original_21_12.png,1,genuine_genuine,21,21
data/processed/train/genuine/original_31_19.png,data/processed/train/genuine/original_5_23.png,0,random_forgery,31,5
data/processed/train/genuine/original_34_2.png,data/processed/train/genuine/original_34_7.png,1,genuine_genuine,34,34
data/processed/train/genuine/original_23_12.png,data/processed/train/genuine/original_23_16.png,1,genuine_genuine,23,23
data/processed/train/genuine/original_3_4.png,data/processed/train/forged/forgeries_3_24.png,0,skilled_forgery,3,3
data/processed/train/genuine/original_22_15.png,data/processed/train/forged/forgeries_22_3.png,0,skilled_forgery,22,22
data/processed/train/genuine/original_30_10.png,data/processed/train/genuine/original_32_5.png,0,random_forgery,30,32
data/processed/train/genuine/original_12_6.png,data/processed/train/forged/forgeries_12_12.png,0,skilled_forgery,12,12
data/processed/train/genuine/original_11_19.png,data/processed/train/genuine/original_11_22.png,1,genuine_genuine,11,11
data/processed/train/genuine/original_18_5.png,data/processed/train/genuine/original_7_12.png,0,random_forgery,18,7
data/processed/train/genuine/original_23_16.png,data/processed/train/genuine/original_21_21.png,0,random_forgery,23,21
data/processed/train/genuine/original_28_24.png,data/processed/train/forged/forgeries_28_5.png,0,skilled_forgery,28,28
data/processed/train/genuine/original_26_24.png,data/processed/train/genuine/original_26_4.png,1,genuine_genuine,26,26
data/processed/train/genuine/original_20_13.png,data/processed/train/genuine/original_20_8.png,1,genuine_genuine,20,20
data/processed/train/genuine/original_10_13.png,data/processed/train/genuine/original_10_15.png,1,genuine_genuine,10,10
data/processed/train/genuine/original_6_21.png,data/processed/train/genuine/original_6_23.png,1,genuine_genuine,6,6
data/processed/train/genuine/original_1_2.png,data/processed/train/forged/forgeries_1_21.png,0,skilled_forgery,1,1
data/processed/train/genuine/original_23_1.png,data/processed/train/genuine/original_23_11.png,1,genuine_genuine,23,23
data/processed/train/genuine/original_8_8.png,data/processed/train/genuine/original_12_2.png,0,random_forgery,8,12
data/processed/train/genuine/original_1_20.png,data/processed/train/genuine/original_1_24.png,1,genuine_genuine,1,1
data/processed/train/genuine/original_21_21.png,data/processed/train/genuine/original_34_3.png,0,random_forgery,21,34
data/processed/train/genuine/original_12_18.png,data/processed/train/forged/forgeries_12_21.png,0,skilled_forgery,12,12
data/processed/train/genuine/original_30_24.png,data/processed/train/genuine/original_30_3.png,1,genuine_genuine,30,30
data/processed/train/genuine/original_21_23.png,data/processed/train/genuine/original_21_3.png,1,genuine_genuine,21,21
data/processed/train/genuine/original_16_9.png,data/processed/train/forged/forgeries_16_9.png,0,skilled_forgery,16,16
data/processed/train/genuine/original_25_3.png,data/processed/train/forged/forgeries_25_16.png,0,skilled_forgery,25,25
data/processed/train/genuine/original_3_11.png,data/processed/train/genuine/original_3_9.png,1,genuine_genuine,3,3
data/processed/train/genuine/original_17_13.png,data/processed/train/genuine/original_17_17.png,1,genuine_genuine,17,17
data/processed/train/genuine/original_24_9.png,data/processed/train/forged/forgeries_24_19.png,0,skilled_forgery,24,24
data/processed/train/genuine/original_27_11.png,data/processed/train/genuine/original_18_1.png,0,random_forgery,27,18
data/processed/train/genuine/original_3_2.png,data/processed/train/genuine/original_3_23.png,1,genuine_genuine,3,3
data/processed/train/genuine/original_20_13.png,data/processed/train/forged/forgeries_20_10.png,0,skilled_forgery,20,20
data/processed/train/genuine/original_13_16.png,data/processed/train/genuine/original_13_23.png,1,genuine_genuine,13,13
data/processed/train/genuine/original_13_12.png,data/processed/train/genuine/original_34_8.png,0,random_forgery,13,34
data/processed/train/genuine/original_8_22.png,data/processed/train/forged/forgeries_8_19.png,0,skilled_forgery,8,8
data/processed/train/genuine/original_32_4.png,data/processed/train/genuine/original_26_17.png,0,random_forgery,32,26
data/processed/train/genuine/original_8_18.png,data/processed/train/forged/forgeries_8_9.png,0,skilled_forgery,8,8
data/processed/train/genuine/original_24_24.png,data/processed/train/forged/forgeries_24_5.png,0,skilled_forgery,24,24
data/processed/train/genuine/original_15_19.png,data/processed/train/genuine/original_15_22.png,1,genuine_genuine,15,15
data/processed/train/genuine/original_29_18.png,data/processed/train/genuine/original_29_2.png,1,genuine_genuine,29,29
data/processed/train/genuine/original_11_16.png,data/processed/train/genuine/original_14_2.png,0,random_forgery,11,14
data/processed/train/genuine/original_23_8.png,data/processed/train/forged/forgeries_23_13.png,0,skilled_forgery,23,23
data/processed/train/genuine/original_22_1.png,data/processed/train/forged/forgeries_22_12.png,0,skilled_forgery,22,22
data/processed/train/genuine/original_18_12.png,data/processed/train/genuine/original_9_16.png,0,random_forgery,18,9
data/processed/train/genuine/original_18_12.png,data/processed/train/genuine/original_18_24.png,1,genuine_genuine,18,18
data/processed/train/genuine/original_26_4.png,data/processed/train/genuine/original_26_6.png,1,genuine_genuine,26,26
data/processed/train/genuine/original_33_17.png,data/processed/train/forged/forgeries_33_22.png,0,skilled_forgery,33,33
data/processed/train/genuine/original_20_1.png,data/processed/train/genuine/original_20_23.png,1,genuine_genuine,20,20
data/processed/train/genuine/original_5_7.png,data/processed/train/forged/forgeries_5_1.png,0,skilled_forgery,5,5
data/processed/train/genuine/original_35_6.png,data/processed/train/forged/forgeries_35_4.png,0,skilled_forgery,35,35
data/processed/train/genuine/original_23_10.png,data/processed/train/genuine/original_16_17.png,0,random_forgery,23,16
data/processed/train/genuine/original_24_15.png,data/processed/train/genuine/original_24_8.png,1,genuine_genuine,24,24
data/processed/train/genuine/original_2_9.png,data/processed/train/forged/forgeries_2_14.png,0,skilled_forgery,2,2
data/processed/train/genuine/original_31_22.png,data/processed/train/genuine/original_34_21.png,0,random_forgery,31,34
data/processed/train/genuine/original_25_19.png,data/processed/train/forged/forgeries_25_2.png,0,skilled_forgery,25,25
data/processed/train/genuine/original_26_12.png,data/processed/train/genuine/original_26_13.png,1,genuine_genuine,26,26
data/processed/train/genuine/original_18_14.png,data/processed/train/forged/forgeries_18_24.png,0,skilled_forgery,18,18
data/processed/train/genuine/original_30_21.png,data/processed/train/forged/forgeries_30_3.png,0,skilled_forgery,30,30
data/processed/train/genuine/original_22_20.png,data/processed/train/genuine/original_22_9.png,1,genuine_genuine,22,22
data/processed/train/genuine/original_24_20.png,data/processed/train/genuine/original_2_8.png,0,random_forgery,24,2
data/processed/train/genuine/original_24_18.png,data/processed/train/genuine/original_24_9.png,1,genuine_genuine,24,24
data/processed/train/genuine/original_22_2.png,data/processed/train/genuine/original_31_1.png,0,random_forgery,22,31
data/processed/train/genuine/original_18_16.png,data/processed/train/genuine/original_18_5.png,1,genuine_genuine,18,18
data/processed/train/genuine/original_33_14.png,data/processed/train/genuine/original_32_5.png,0,random_forgery,33,32
data/processed/train/genuine/original_23_13.png,data/processed/train/genuine/original_23_3.png,1,genuine_genuine,23,23
data/processed/train/genuine/original_22_19.png,data/processed/train/forged/forgeries_22_14.png,0,skilled_forgery,22,22
data/processed/train/genuine/original_4_16.png,data/processed/train/genuine/original_4_2.png,1,genuine_genuine,4,4
data/processed/train/genuine/original_22_23.png,data/processed/train/genuine/original_22_9.png,1,genuine_genuine,22,22
data/processed/train/genuine/original_15_12.png,data/processed/train/genuine/original_15_19.png,1,genuine_genuine,15,15
data/processed/train/genuine/original_6_11.png,data/processed/train/genuine/original_6_15.png,1,genuine_genuine,6,6
data/processed/train/genuine/original_17_13.png,data/processed/train/genuine/original_17_4.png,1,genuine_genuine,17,17
data/processed/train/genuine/original_25_15.png,data/processed/train/genuine/original_22_2.png,0,random_forgery,25,22
data/processed/train/genuine/original_3_5.png,data/processed/train/genuine/original_5_6.png,0,random_forgery,3,5
data/processed/train/genuine/original_1_14.png,data/processed/train/genuine/original_1_2.png,1,genuine_genuine,1,1
data/processed/train/genuine/original_4_1.png,data/processed/train/genuine/original_4_24.png,1,genuine_genuine,4,4
data/processed/train/genuine/original_20_11.png,data/processed/train/genuine/original_5_13.png,0,random_forgery,20,5
data/processed/train/genuine/original_7_12.png,data/processed/train/genuine/original_7_8.png,1,genuine_genuine,7,7
data/processed/train/genuine/original_6_18.png,data/processed/train/forged/forgeries_6_5.png,0,skilled_forgery,6,6
data/processed/train/genuine/original_32_19.png,data/processed/train/forged/forgeries_32_11.png,0,skilled_forgery,32,32
data/processed/train/genuine/original_34_19.png,data/processed/train/genuine/original_9_3.png,0,random_forgery,34,9
data/processed/train/genuine/original_23_6.png,data/processed/train/forged/forgeries_23_22.png,0,skilled_forgery,23,23
data/processed/train/genuine/original_27_2.png,data/processed/train/forged/forgeries_27_21.png,0,skilled_forgery,27,27
data/processed/train/genuine/original_24_19.png,data/processed/train/genuine/original_24_7.png,1,genuine_genuine,24,24
data/processed/train/genuine/original_17_18.png,data/processed/train/genuine/original_7_21.png,0,random_forgery,17,7
data/processed/train/genuine/original_7_23.png,data/processed/train/forged/forgeries_7_4.png,0,skilled_forgery,7,7
data/processed/train/genuine/original_22_14.png,data/processed/train/genuine/original_33_15.png,0,random_forgery,22,33
data/processed/train/genuine/original_9_17.png,data/processed/train/genuine/original_9_6.png,1,genuine_genuine,9,9
data/processed/train/genuine/original_10_9.png,data/processed/train/forged/forgeries_10_2.png,0,skilled_forgery,10,10
data/processed/train/genuine/original_3_19.png,data/processed/train/genuine/original_25_21.png,0,random_forgery,3,25
data/processed/train/genuine/original_35_2.png,data/processed/train/forged/forgeries_35_7.png,0,skilled_forgery,35,35
data/processed/train/genuine/original_2_11.png,data/processed/train/forged/forgeries_2_6.png,0,skilled_forgery,2,2
data/processed/train/genuine/original_22_11.png,data/processed/train/genuine/original_15_16.png,0,random_forgery,22,15
data/processed/train/genuine/original_4_17.png,data/processed/train/genuine/original_21_14.png,0,random_forgery,4,21
data/processed/train/genuine/original_33_15.png,data/processed/train/genuine/original_33_8.png,1,genuine_genuine,33,33
data/processed/train/genuine/original_29_24.png,data/processed/train/genuine/original_29_5.png,1,genuine_genuine,29,29
data/processed/train/genuine/original_12_13.png,data/processed/train/genuine/original_12_5.png,1,genuine_genuine,12,12
data/processed/train/genuine/original_12_12.png,data/processed/train/genuine/original_1_21.png,0,random_forgery,12,1
data/processed/train/genuine/original_33_14.png,data/processed/train/genuine/original_33_9.png,1,genuine_genuine,33,33
data/processed/train/genuine/original_13_24.png,data/processed/train/forged/forgeries_13_18.png,0,skilled_forgery,13,13
data/processed/train/genuine/original_14_14.png,data/processed/train/genuine/original_14_21.png,1,genuine_genuine,14,14
data/processed/train/genuine/original_27_14.png,data/processed/train/genuine/original_27_24.png,1,genuine_genuine,27,27
data/processed/train/genuine/original_29_19.png,data/processed/train/forged/forgeries_29_3.png,0,skilled_forgery,29,29
data/processed/train/genuine/original_16_17.png,data/processed/train/forged/forgeries_16_8.png,0,skilled_forgery,16,16
data/processed/train/genuine/original_7_15.png,data/processed/train/genuine/original_7_20.png,1,genuine_genuine,7,7
data/processed/train/genuine/original_33_13.png,data/processed/train/genuine/original_33_22.png,1,genuine_genuine,33,33
data/processed/train/genuine/original_11_19.png,data/processed/train/forged/forgeries_11_14.png,0,skilled_forgery,11,11
data/processed/train/genuine/original_10_11.png,data/processed/train/genuine/original_22_5.png,0,random_forgery,10,22
data/processed/train/genuine/original_3_21.png,data/processed/train/forged/forgeries_3_8.png,0,skilled_forgery,3,3
data/processed/train/genuine/original_12_5.png,data/processed/train/genuine/original_3_22.png,0,random_forgery,12,3
data/processed/train/genuine/original_23_22.png,data/processed/train/genuine/original_23_6.png,1,genuine_genuine,23,23
data/processed/train/genuine/original_4_17.png,data/processed/train/forged/forgeries_4_10.png,0,skilled_forgery,4,4
data/processed/train/genuine/original_18_10.png,data/processed/train/genuine/original_18_17.png,1,genuine_genuine,18,18
data/processed/train/genuine/original_3_16.png,data/processed/train/genuine/original_3_4.png,1,genuine_genuine,3,3
data/processed/train/genuine/original_22_19.png,data/processed/train/genuine/original_3_13.png,0,random_forgery,22,3
data/processed/train/genuine/original_12_4.png,data/processed/train/genuine/original_12_7.png,1,genuine_genuine,12,12
data/processed/train/genuine/original_15_9.png,data/processed/train/forged/forgeries_15_11.png,0,skilled_forgery,15,15
data/processed/train/genuine/original_28_18.png,data/processed/train/genuine/original_28_7.png,1,genuine_genuine,28,28
data/processed/train/genuine/original_30_12.png,data/processed/train/genuine/original_30_16.png,1,genuine_genuine,30,30
data/processed/train/genuine/original_31_10.png,data/processed/train/genuine/original_31_9.png,1,genuine_genuine,31,31
data/processed/train/genuine/original_21_5.png,data/processed/train/genuine/original_21_7.png,1,genuine_genuine,21,21
data/processed/train/genuine/original_2_16.png,data/processed/train/genuine/original_2_5.png,1,genuine_genuine,2,2
data/processed/train/genuine/original_21_13.png,data/processed/train/genuine/original_21_5.png,1,genuine_genuine,21,21
data/processed/train/genuine/original_1_1.png,data/processed/train/genuine/original_1_13.png,1,genuine_genuine,1,1
data/processed/train/genuine/original_19_19.png,data/processed/train/forged/forgeries_19_3.png,0,skilled_forgery,19,19
data/processed/train/genuine/original_19_18.png,data/processed/train/genuine/original_19_4.png,1,genuine_genuine,19,19
data/processed/train/genuine/original_24_13.png,data/processed/train/genuine/original_13_22.png,0,random_forgery,24,13
data/processed/train/genuine/original_18_15.png,data/processed/train/forged/forgeries_18_18.png,0,skilled_forgery,18,18
data/processed/train/genuine/original_16_22.png,data/processed/train/genuine/original_23_6.png,0,random_forgery,16,23
data/processed/train/genuine/original_20_20.png,data/processed/train/genuine/original_34_15.png,0,random_forgery,20,34
data/processed/train/genuine/original_13_22.png,data/processed/train/genuine/original_1_13.png,0,random_forgery,13,1
data/processed/train/genuine/original_18_21.png,data/processed/train/genuine/original_18_24.png,1,genuine_genuine,18,18
data/processed/train/genuine/original_32_3.png,data/processed/train/genuine/original_32_8.png,1,genuine_genuine,32,32
data/processed/train/genuine/original_30_7.png,data/processed/train/genuine/original_32_1.png,0,random_forgery,30,32
data/processed/train/genuine/original_20_3.png,data/processed/train/genuine/original_21_8.png,0,random_forgery,20,21
data/processed/train/genuine/original_6_2.png,data/processed/train/genuine/original_6_20.png,1,genuine_genuine,6,6
data/processed/train/genuine/original_17_8.png,data/processed/train/genuine/original_7_23.png,0,random_forgery,17,7
data/processed/train/genuine/original_34_15.png,data/processed/train/forged/forgeries_34_24.png,0,skilled_forgery,34,34
data/processed/train/genuine/original_16_12.png,data/processed/train/genuine/original_16_4.png,1,genuine_genuine,16,16
data/processed/train/genuine/original_26_12.png,data/processed/train/genuine/original_35_6.png,0,random_forgery,26,35
data/processed/train/genuine/original_11_22.png,data/processed/train/forged/forgeries_11_6.png,0,skilled_forgery,11,11
data/processed/train/genuine/original_8_17.png,data/processed/train/forged/forgeries_8_10.png,0,skilled_forgery,8,8
data/processed/train/genuine/original_14_15.png,data/processed/train/forged/forgeries_14_8.png,0,skilled_forgery,14,14
data/processed/train/genuine/original_28_5.png,data/processed/train/forged/forgeries_28_9.png,0,skilled_forgery,28,28
data/processed/train/genuine/original_8_11.png,data/processed/train/genuine/original_8_24.png,1,genuine_genuine,8,8
data/processed/train/genuine/original_4_3.png,data/processed/train/forged/forgeries_4_6.png,0,skilled_forgery,4,4
data/processed/train/genuine/original_3_14.png,data/processed/train/genuine/original_3_16.png,1,genuine_genuine,3,3
data/processed/train/genuine/original_34_14.png,data/processed/train/genuine/original_34_17.png,1,genuine_genuine,34,34
data/processed/train/genuine/original_18_1.png,data/processed/train/genuine/original_18_10.png,1,genuine_genuine,18,18
data/processed/train/genuine/original_18_3.png,data/processed/train/genuine/original_18_7.png,1,genuine_genuine,18,18
data/processed/train/genuine/original_34_16.png,data/processed/train/genuine/original_34_19.png,1,genuine_genuine,34,34
data/processed/train/genuine/original_10_16.png,data/processed/train/forged/forgeries_10_20.png,0,skilled_forgery,10,10
data/processed/train/genuine/original_16_14.png,data/processed/train/genuine/original_16_15.png,1,genuine_genuine,16,16
data/processed/train/genuine/original_8_19.png,data/processed/train/genuine/original_10_15.png,0,random_forgery,8,10
data/processed/train/genuine/original_8_14.png,data/processed/train/forged/forgeries_8_7.png,0,skilled_forgery,8,8
data/processed/train/genuine/original_1_21.png,data/processed/train/forged/forgeries_1_6.png,0,skilled_forgery,1,1
data/processed/train/genuine/original_6_5.png,data/processed/train/genuine/original_32_19.png,0,random_forgery,6,32
data/processed/train/genuine/original_20_21.png,data/processed/train/forged/forgeries_20_16.png,0,skilled_forgery,20,20
data/processed/train/genuine/original_19_12.png,data/processed/train/genuine/original_19_15.png,1,genuine_genuine,19,19
data/processed/train/genuine/original_21_22.png,data/processed/train/genuine/original_16_17.png,0,random_forgery,21,16
data/processed/train/genuine/original_3_9.png,data/processed/train/forged/forgeries_3_6.png,0,skilled_forgery,3,3
data/processed/train/genuine/original_23_20.png,data/processed/train/forged/forgeries_23_13.png,0,skilled_forgery,23,23
data/processed/train/genuine/original_27_17.png,data/processed/train/genuine/original_27_22.png,1,genuine_genuine,27,27
data/processed/train/genuine/original_3_18.png,data/processed/train/forged/forgeries_3_21.png,0,skilled_forgery,3,3
data/processed/train/genuine/original_4_11.png,data/processed/train/genuine/original_4_22.png,1,genuine_genuine,4,4
data/processed/train/genuine/original_1_11.png,data/processed/train/genuine/original_1_17.png,1,genuine_genuine,1,1
data/processed/train/genuine/original_27_13.png,data/processed/train/genuine/original_27_2.png,1,genuine_genuine,27,27
data/processed/train/genuine/original_9_24.png,data/processed/train/genuine/original_9_6.png,1,genuine_genuine,9,9
data/processed/train/genuine/original_22_21.png,data/processed/train/genuine/original_22_23.png,1,genuine_genuine,22,22
data/processed/train/genuine/original_24_1.png,data/processed/train/genuine/original_24_15.png,1,genuine_genuine,24,24
data/processed/train/genuine/original_33_17.png,data/processed/train/genuine/original_33_9.png,1,genuine_genuine,33,33
data/processed/train/genuine/original_26_2.png,data/processed/train/forged/forgeries_26_22.png,0,skilled_forgery,26,26
data/processed/train/genuine/original_4_3.png,data/processed/train/genuine/original_4_9.png,1,genuine_genuine,4,4
data/processed/train/genuine/original_7_6.png,data/processed/train/genuine/original_30_2.png,0,random_forgery,7,30
data/processed/train/genuine/original_3_1.png,data/processed/train/genuine/original_28_1.png,0,random_forgery,3,28
data/processed/train/genuine/original_4_14.png,data/processed/train/genuine/original_4_17.png,1,genuine_genuine,4,4
data/processed/train/genuine/original_34_13.png,data/processed/train/genuine/original_34_22.png,1,genuine_genuine,34,34
data/processed/train/genuine/original_34_14.png,data/processed/train/genuine/original_34_6.png,1,genuine_genuine,34,34
data/processed/train/genuine/original_13_20.png,data/processed/train/genuine/original_13_21.png,1,genuine_genuine,13,13
data/processed/train/genuine/original_11_6.png,data/processed/train/forged/forgeries_11_5.png,0,skilled_forgery,11,11
data/processed/train/genuine/original_23_5.png,data/processed/train/forged/forgeries_23_7.png,0,skilled_forgery,23,23
data/processed/train/genuine/original_8_23.png,data/processed/train/genuine/original_8_4.png,1,genuine_genuine,8,8
data/processed/train/genuine/original_4_15.png,data/processed/train/genuine/original_10_20.png,0,random_forgery,4,10
data/processed/train/genuine/original_21_15.png,data/processed/train/genuine/original_12_1.png,0,random_forgery,21,12
data/processed/train/genuine/original_11_2.png,data/processed/train/genuine/original_11_22.png,1,genuine_genuine,11,11
data/processed/train/genuine/original_13_19.png,data/processed/train/forged/forgeries_13_4.png,0,skilled_forgery,13,13
data/processed/train/genuine/original_11_2.png,data/processed/train/genuine/original_11_7.png,1,genuine_genuine,11,11
data/processed/train/genuine/original_27_17.png,data/processed/train/genuine/original_27_4.png,1,genuine_genuine,27,27
data/processed/train/genuine/original_8_17.png,data/processed/train/genuine/original_15_10.png,0,random_forgery,8,15
data/processed/train/genuine/original_31_23.png,data/processed/train/genuine/original_31_4.png,1,genuine_genuine,31,31
data/processed/train/genuine/original_29_20.png,data/processed/train/genuine/original_7_2.png,0,random_forgery,29,7
data/processed/train/genuine/original_34_12.png,data/processed/train/genuine/original_23_2.png,0,random_forgery,34,23
data/processed/train/genuine/original_32_11.png,data/processed/train/genuine/original_32_19.png,1,genuine_genuine,32,32
data/processed/train/genuine/original_9_11.png,data/processed/train/genuine/original_9_6.png,1,genuine_genuine,9,9
data/processed/train/genuine/original_14_15.png,data/processed/train/genuine/original_14_3.png,1,genuine_genuine,14,14
data/processed/train/genuine/original_32_1.png,data/processed/train/forged/forgeries_32_8.png,0,skilled_forgery,32,32
data/processed/train/genuine/original_28_20.png,data/processed/train/genuine/original_28_3.png,1,genuine_genuine,28,28
data/processed/train/genuine/original_30_10.png,data/processed/train/genuine/original_30_19.png,1,genuine_genuine,30,30
data/processed/train/genuine/original_30_11.png,data/processed/train/genuine/original_30_16.png,1,genuine_genuine,30,30
data/processed/train/genuine/original_3_6.png,data/processed/train/genuine/original_3_8.png,1,genuine_genuine,3,3
data/processed/train/genuine/original_6_18.png,data/processed/train/forged/forgeries_6_17.png,0,skilled_forgery,6,6
data/processed/train/genuine/original_15_14.png,data/processed/train/forged/forgeries_15_5.png,0,skilled_forgery,15,15
data/processed/train/genuine/original_28_15.png,data/processed/train/forged/forgeries_28_24.png,0,skilled_forgery,28,28
data/processed/train/genuine/original_28_9.png,data/processed/train/forged/forgeries_28_7.png,0,skilled_forgery,28,28
data/processed/train/genuine/original_31_21.png,data/processed/train/forged/forgeries_31_2.png,0,skilled_forgery,31,31
data/processed/train/genuine/original_1_19.png,data/processed/train/genuine/original_1_23.png,1,genuine_genuine,1,1
data/processed/train/genuine/original_5_7.png,data/processed/train/forged/forgeries_5_22.png,0,skilled_forgery,5,5
data/processed/train/genuine/original_25_15.png,data/processed/train/genuine/original_25_16.png,1,genuine_genuine,25,25
data/processed/train/genuine/original_13_11.png,data/processed/train/forged/forgeries_13_4.png,0,skilled_forgery,13,13
data/processed/train/genuine/original_7_1.png,data/processed/train/genuine/original_7_13.png,1,genuine_genuine,7,7
data/processed/train/genuine/original_32_12.png,data/processed/train/genuine/original_2_20.png,0,random_forgery,32,2
data/processed/train/genuine/original_22_5.png,data/processed/train/forged/forgeries_22_11.png,0,skilled_forgery,22,22
data/processed/train/genuine/original_30_20.png,data/processed/train/genuine/original_30_22.png,1,genuine_genuine,30,30
data/processed/train/genuine/original_5_16.png,data/processed/train/forged/forgeries_5_3.png,0,skilled_forgery,5,5
data/processed/train/genuine/original_6_23.png,data/processed/train/genuine/original_18_6.png,0,random_forgery,6,18
data/processed/train/genuine/original_2_19.png,data/processed/train/forged/forgeries_2_16.png,0,skilled_forgery,2,2
data/processed/train/genuine/original_26_15.png,data/processed/train/genuine/original_26_19.png,1,genuine_genuine,26,26
data/processed/train/genuine/original_1_12.png,data/processed/train/forged/forgeries_1_6.png,0,skilled_forgery,1,1
data/processed/train/genuine/original_1_23.png,data/processed/train/forged/forgeries_1_20.png,0,skilled_forgery,1,1
data/processed/train/genuine/original_2_15.png,data/processed/train/genuine/original_2_3.png,1,genuine_genuine,2,2
data/processed/train/genuine/original_24_19.png,data/processed/train/genuine/original_24_22.png,1,genuine_genuine,24,24
data/processed/train/genuine/original_16_7.png,data/processed/train/genuine/original_12_12.png,0,random_forgery,16,12
data/processed/train/genuine/original_5_8.png,data/processed/train/forged/forgeries_5_2.png,0,skilled_forgery,5,5
data/processed/train/genuine/original_11_17.png,data/processed/train/forged/forgeries_11_23.png,0,skilled_forgery,11,11
data/processed/train/genuine/original_34_18.png,data/processed/train/genuine/original_17_16.png,0,random_forgery,34,17
data/processed/train/genuine/original_6_11.png,data/processed/train/forged/forgeries_6_18.png,0,skilled_forgery,6,6
data/processed/train/genuine/original_27_1.png,data/processed/train/genuine/original_27_19.png,1,genuine_genuine,27,27
data/processed/train/genuine/original_17_13.png,data/processed/train/genuine/original_17_9.png,1,genuine_genuine,17,17
data/processed/train/genuine/original_29_8.png,data/processed/train/forged/forgeries_29_5.png,0,skilled_forgery,29,29
data/processed/train/genuine/original_5_12.png,data/processed/train/genuine/original_5_22.png,1,genuine_genuine,5,5
data/processed/train/genuine/original_24_17.png,data/processed/train/forged/forgeries_24_19.png,0,skilled_forgery,24,24
data/processed/train/genuine/original_5_4.png,data/processed/train/genuine/original_5_9.png,1,genuine_genuine,5,5
data/processed/train/genuine/original_34_16.png,data/processed/train/forged/forgeries_34_24.png,0,skilled_forgery,34,34
data/processed/train/genuine/original_2_20.png,data/processed/train/genuine/original_3_23.png,0,random_forgery,2,3
data/processed/train/genuine/original_8_4.png,data/processed/train/forged/forgeries_8_6.png,0,skilled_forgery,8,8
data/processed/train/genuine/original_7_21.png,data/processed/train/genuine/original_7_3.png,1,genuine_genuine,7,7
data/processed/train/genuine/original_34_18.png,data/processed/train/genuine/original_26_24.png,0,random_forgery,34,26
data/processed/train/genuine/original_10_17.png,data/processed/train/forged/forgeries_10_8.png,0,skilled_forgery,10,10
data/processed/train/genuine/original_11_17.png,data/processed/train/genuine/original_11_21.png,1,genuine_genuine,11,11
data/processed/train/genuine/original_21_10.png,data/processed/train/genuine/original_28_9.png,0,random_forgery,21,28
data/processed/train/genuine/original_5_13.png,data/processed/train/genuine/original_26_3.png,0,random_forgery,5,26
data/processed/train/genuine/original_26_17.png,data/processed/train/forged/forgeries_26_8.png,0,skilled_forgery,26,26
data/processed/train/genuine/original_34_7.png,data/processed/train/genuine/original_16_2.png,0,random_forgery,34,16
data/processed/train/genuine/original_9_6.png,data/processed/train/genuine/original_9_9.png,1,genuine_genuine,9,9
data/processed/train/genuine/original_11_4.png,data/processed/train/genuine/original_11_5.png,1,genuine_genuine,11,11
data/processed/train/genuine/original_18_16.png,data/processed/train/genuine/original_18_3.png,1,genuine_genuine,18,18
data/processed/train/genuine/original_30_24.png,data/processed/train/forged/forgeries_30_3.png,0,skilled_forgery,30,30
data/processed/train/genuine/original_5_10.png,data/processed/train/genuine/original_5_12.png,1,genuine_genuine,5,5
data/processed/train/genuine/original_33_13.png,data/processed/train/genuine/original_33_2.png,1,genuine_genuine,33,33
data/processed/train/genuine/original_12_4.png,data/processed/train/genuine/original_12_9.png,1,genuine_genuine,12,12
data/processed/train/genuine/original_19_23.png,data/processed/train/genuine/original_32_15.png,0,random_forgery,19,32
data/processed/train/genuine/original_24_24.png,data/processed/train/forged/forgeries_24_18.png,0,skilled_forgery,24,24
data/processed/train/genuine/original_12_4.png,data/processed/train/forged/forgeries_12_17.png,0,skilled_forgery,12,12
data/processed/train/genuine/original_14_5.png,data/processed/train/forged/forgeries_14_12.png,0,skilled_forgery,14,14
data/processed/train/genuine/original_30_18.png,data/processed/train/genuine/original_30_9.png,1,genuine_genuine,30,30
data/processed/train/genuine/original_34_5.png,data/processed/train/forged/forgeries_34_12.png,0,skilled_forgery,34,34
data/processed/train/genuine/original_16_1.png,data/processed/train/genuine/original_16_3.png,1,genuine_genuine,16,16
data/processed/train/genuine/original_21_1.png,data/processed/train/genuine/original_21_5.png,1,genuine_genuine,21,21
data/processed/train/genuine/original_25_8.png,data/processed/train/genuine/original_16_21.png,0,random_forgery,25,16
data/processed/train/genuine/original_1_16.png,data/processed/train/forged/forgeries_1_15.png,0,skilled_forgery,1,1
data/processed/train/genuine/original_21_10.png,data/processed/train/genuine/original_21_6.png,1,genuine_genuine,21,21
data/processed/train/genuine/original_13_1.png,data/processed/train/genuine/original_13_17.png,1,genuine_genuine,13,13
data/processed/train/genuine/original_7_2.png,data/processed/train/genuine/original_7_5.png,1,genuine_genuine,7,7
data/processed/train/genuine/original_24_23.png,data/processed/train/genuine/original_24_3.png,1,genuine_genuine,24,24
data/processed/train/genuine/original_21_17.png,data/processed/train/genuine/original_21_20.png,1,genuine_genuine,21,21
data/processed/train/genuine/original_33_22.png,data/processed/train/forged/forgeries_33_19.png,0,skilled_forgery,33,33
data/processed/train/genuine/original_14_13.png,data/processed/train/genuine/original_14_9.png,1,genuine_genuine,14,14
data/processed/train/genuine/original_1_13.png,data/processed/train/genuine/original_19_11.png,0,random_forgery,1,19
data/processed/train/genuine/original_14_12.png,data/processed/train/genuine/original_14_7.png,1,genuine_genuine,14,14
data/processed/train/genuine/original_14_5.png,data/processed/train/genuine/original_10_12.png,0,random_forgery,14,10
data/processed/train/genuine/original_12_10.png,data/processed/train/genuine/original_24_21.png,0,random_forgery,12,24
data/processed/train/genuine/original_33_4.png,data/processed/train/genuine/original_33_6.png,1,genuine_genuine,33,33
data/processed/train/genuine/original_32_6.png,data/processed/train/genuine/original_32_7.png,1,genuine_genuine,32,32
data/processed/train/genuine/original_3_19.png,data/processed/train/genuine/original_3_7.png,1,genuine_genuine,3,3
data/processed/train/genuine/original_11_9.png,data/processed/train/forged/forgeries_11_3.png,0,skilled_forgery,11,11
data/processed/train/genuine/original_22_23.png,data/processed/train/genuine/original_18_13.png,0,random_forgery,22,18
data/processed/train/genuine/original_5_10.png,data/processed/train/genuine/original_5_8.png,1,genuine_genuine,5,5
data/processed/train/genuine/original_1_16.png,data/processed/train/forged/forgeries_1_13.png,0,skilled_forgery,1,1
data/processed/train/genuine/original_34_22.png,data/processed/train/genuine/original_9_5.png,0,random_forgery,34,9
data/processed/train/genuine/original_24_6.png,data/processed/train/forged/forgeries_24_17.png,0,skilled_forgery,24,24
data/processed/train/genuine/original_12_5.png,data/processed/train/forged/forgeries_12_11.png,0,skilled_forgery,12,12
data/processed/train/genuine/original_16_13.png,data/processed/train/genuine/original_16_6.png,1,genuine_genuine,16,16
data/processed/train/genuine/original_5_17.png,data/processed/train/genuine/original_5_20.png,1,genuine_genuine,5,5
data/processed/train/genuine/original_18_21.png,data/processed/train/genuine/original_18_9.png,1,genuine_genuine,18,18
data/processed/train/genuine/original_7_3.png,data/processed/train/forged/forgeries_7_3.png,0,skilled_forgery,7,7
data/processed/train/genuine/original_27_15.png,data/processed/train/genuine/original_27_18.png,1,genuine_genuine,27,27
data/processed/train/genuine/original_20_18.png,data/processed/train/forged/forgeries_20_4.png,0,skilled_forgery,20,20
data/processed/train/genuine/original_30_12.png,data/processed/train/genuine/original_30_13.png,1,genuine_genuine,30,30
data/processed/train/genuine/original_16_6.png,data/processed/train/forged/forgeries_16_7.png,0,skilled_forgery,16,16
data/processed/train/genuine/original_5_13.png,data/processed/train/genuine/original_5_23.png,1,genuine_genuine,5,5
data/processed/train/genuine/original_9_14.png,data/processed/train/genuine/original_9_22.png,1,genuine_genuine,9,9
data/processed/train/genuine/original_1_7.png,data/processed/train/forged/forgeries_1_6.png,0,skilled_forgery,1,1
data/processed/train/genuine/original_33_19.png,data/processed/train/genuine/original_33_23.png,1,genuine_genuine,33,33
data/processed/train/genuine/original_20_22.png,data/processed/train/forged/forgeries_20_15.png,0,skilled_forgery,20,20
data/processed/train/genuine/original_20_4.png,data/processed/train/forged/forgeries_20_12.png,0,skilled_forgery,20,20
data/processed/train/genuine/original_20_19.png,data/processed/train/genuine/original_20_5.png,1,genuine_genuine,20,20
data/processed/train/genuine/original_29_15.png,data/processed/train/forged/forgeries_29_23.png,0,skilled_forgery,29,29
data/processed/train/genuine/original_9_21.png,data/processed/train/forged/forgeries_9_15.png,0,skilled_forgery,9,9
data/processed/train/genuine/original_31_12.png,data/processed/train/genuine/original_31_23.png,1,genuine_genuine,31,31
data/processed/train/genuine/original_33_19.png,data/processed/train/genuine/original_33_6.png,1,genuine_genuine,33,33
data/processed/train/genuine/original_15_11.png,data/processed/train/genuine/original_15_6.png,1,genuine_genuine,15,15
data/processed/train/genuine/original_28_11.png,data/processed/train/genuine/original_28_3.png,1,genuine_genuine,28,28
data/processed/train/genuine/original_6_15.png,data/processed/train/forged/forgeries_6_17.png,0,skilled_forgery,6,6
data/processed/train/genuine/original_2_19.png,data/processed/train/genuine/original_2_22.png,1,genuine_genuine,2,2
data/processed/train/genuine/original_1_14.png,data/processed/train/forged/forgeries_1_9.png,0,skilled_forgery,1,1
data/processed/train/genuine/original_30_13.png,data/processed/train/genuine/original_30_5.png,1,genuine_genuine,30,30
data/processed/train/genuine/original_35_20.png,data/processed/train/forged/forgeries_35_12.png,0,skilled_forgery,35,35
data/processed/train/genuine/original_18_5.png,data/processed/train/genuine/original_20_21.png,0,random_forgery,18,20
data/processed/train/genuine/original_29_6.png,data/processed/train/forged/forgeries_29_20.png,0,skilled_forgery,29,29
data/processed/train/genuine/original_34_17.png,data/processed/train/forged/forgeries_34_19.png,0,skilled_forgery,34,34
data/processed/train/genuine/original_4_12.png,data/processed/train/forged/forgeries_4_4.png,0,skilled_forgery,4,4
data/processed/train/genuine/original_26_21.png,data/processed/train/genuine/original_26_6.png,1,genuine_genuine,26,26
data/processed/train/genuine/original_13_21.png,data/processed/train/genuine/original_13_7.png,1,genuine_genuine,13,13
data/processed/train/genuine/original_9_11.png,data/processed/train/genuine/original_9_20.png,1,genuine_genuine,9,9
data/processed/train/genuine/original_32_3.png,data/processed/train/forged/forgeries_32_5.png,0,skilled_forgery,32,32
data/processed/train/genuine/original_33_21.png,data/processed/train/forged/forgeries_33_2.png,0,skilled_forgery,33,33
data/processed/train/genuine/original_25_1.png,data/processed/train/forged/forgeries_25_10.png,0,skilled_forgery,25,25
data/processed/train/genuine/original_27_22.png,data/processed/train/forged/forgeries_27_1.png,0,skilled_forgery,27,27
data/processed/train/genuine/original_18_8.png,data/processed/train/forged/forgeries_18_16.png,0,skilled_forgery,18,18
data/processed/train/genuine/original_23_17.png,data/processed/train/forged/forgeries_23_7.png,0,skilled_forgery,23,23
data/processed/train/genuine/original_13_14.png,data/processed/train/genuine/original_13_15.png,1,genuine_genuine,13,13
data/processed/train/genuine/original_18_10.png,data/processed/train/genuine/original_18_7.png,1,genuine_genuine,18,18
data/processed/train/genuine/original_34_11.png,data/processed/train/forged/forgeries_34_4.png,0,skilled_forgery,34,34
data/processed/train/genuine/original_5_19.png,data/processed/train/genuine/original_5_2.png,1,genuine_genuine,5,5
data/processed/train/genuine/original_26_4.png,data/processed/train/forged/forgeries_26_3.png,0,skilled_forgery,26,26
data/processed/train/genuine/original_26_8.png,data/processed/train/forged/forgeries_26_11.png,0,skilled_forgery,26,26
data/processed/train/genuine/original_22_19.png,data/processed/train/genuine/original_22_20.png,1,genuine_genuine,22,22
data/processed/train/genuine/original_33_18.png,data/processed/train/forged/forgeries_33_18.png,0,skilled_forgery,33,33
data/processed/train/genuine/original_19_4.png,data/processed/train/genuine/original_19_6.png,1,genuine_genuine,19,19
data/processed/train/genuine/original_18_10.png,data/processed/train/genuine/original_18_20.png,1,genuine_genuine,18,18
data/processed/train/genuine/original_25_21.png,data/processed/train/genuine/original_25_24.png,1,genuine_genuine,25,25
data/processed/train/genuine/original_18_2.png,data/processed/train/genuine/original_23_24.png,0,random_forgery,18,23
data/processed/train/genuine/original_2_1.png,data/processed/train/genuine/original_2_18.png,1,genuine_genuine,2,2
data/processed/train/genuine/original_31_15.png,data/processed/train/genuine/original_31_20.png,1,genuine_genuine,31,31
data/processed/train/genuine/original_20_20.png,data/processed/train/forged/forgeries_20_14.png,0,skilled_forgery,20,20
data/processed/train/genuine/original_16_14.png,data/processed/train/genuine/original_13_22.png,0,random_forgery,16,13
data/processed/train/genuine/original_27_12.png,data/processed/train/genuine/original_27_8.png,1,genuine_genuine,27,27
data/processed/train/genuine/original_30_10.png,data/processed/train/genuine/original_30_9.png,1,genuine_genuine,30,30
data/processed/train/genuine/original_30_16.png,data/processed/train/genuine/original_30_21.png,1,genuine_genuine,30,30
data/processed/train/genuine/original_17_12.png,data/processed/train/genuine/original_35_11.png,0,random_forgery,17,35
data/processed/train/genuine/original_35_13.png,data/processed/train/genuine/original_35_24.png,1,genuine_genuine,35,35
data/processed/train/genuine/original_12_2.png,data/processed/train/forged/forgeries_12_22.png,0,skilled_forgery,12,12
data/processed/train/genuine/original_15_17.png,data/processed/train/genuine/original_15_7.png,1,genuine_genuine,15,15
data/processed/train/genuine/original_11_14.png,data/processed/train/genuine/original_11_7.png,1,genuine_genuine,11,11
data/processed/train/genuine/original_5_18.png,data/processed/train/genuine/original_5_23.png,1,genuine_genuine,5,5
data/processed/train/genuine/original_22_14.png,data/processed/train/forged/forgeries_22_16.png,0,skilled_forgery,22,22
data/processed/train/genuine/original_19_23.png,data/processed/train/genuine/original_19_24.png,1,genuine_genuine,19,19
data/processed/train/genuine/original_17_1.png,data/processed/train/genuine/original_17_9.png,1,genuine_genuine,17,17
data/processed/train/genuine/original_3_14.png,data/processed/train/genuine/original_3_5.png,1,genuine_genuine,3,3
data/processed/train/genuine/original_10_18.png,data/processed/train/genuine/original_10_2.png,1,genuine_genuine,10,10
data/processed/train/genuine/original_2_10.png,data/processed/train/genuine/original_2_15.png,1,genuine_genuine,2,2
data/processed/train/genuine/original_10_15.png,data/processed/train/genuine/original_10_3.png,1,genuine_genuine,10,10
data/processed/train/genuine/original_20_12.png,data/processed/train/genuine/original_20_21.png,1,genuine_genuine,20,20
data/processed/train/genuine/original_1_10.png,data/processed/train/forged/forgeries_1_18.png,0,skilled_forgery,1,1
data/processed/train/genuine/original_12_13.png,data/processed/train/forged/forgeries_12_6.png,0,skilled_forgery,12,12
data/processed/train/genuine/original_22_5.png,data/processed/train/genuine/original_22_9.png,1,genuine_genuine,22,22
data/processed/train/genuine/original_31_2.png,data/processed/train/genuine/original_31_23.png,1,genuine_genuine,31,31
data/processed/train/genuine/original_9_10.png,data/processed/train/forged/forgeries_9_17.png,0,skilled_forgery,9,9
data/processed/train/genuine/original_19_5.png,data/processed/train/forged/forgeries_19_14.png,0,skilled_forgery,19,19
data/processed/train/genuine/original_32_19.png,data/processed/train/genuine/original_32_24.png,1,genuine_genuine,32,32
data/processed/train/genuine/original_7_1.png,data/processed/train/genuine/original_7_14.png,1,genuine_genuine,7,7
data/processed/train/genuine/original_19_11.png,data/processed/train/genuine/original_19_8.png,1,genuine_genuine,19,19
data/processed/train/genuine/original_12_12.png,data/processed/train/genuine/original_25_19.png,0,random_forgery,12,25
data/processed/train/genuine/original_5_22.png,data/processed/train/forged/forgeries_5_7.png,0,skilled_forgery,5,5
data/processed/train/genuine/original_1_14.png,data/processed/train/genuine/original_1_22.png,1,genuine_genuine,1,1
data/processed/train/genuine/original_7_20.png,data/processed/train/genuine/original_7_5.png,1,genuine_genuine,7,7
data/processed/train/genuine/original_20_22.png,data/processed/train/genuine/original_3_15.png,0,random_forgery,20,3
data/processed/train/genuine/original_27_22.png,data/processed/train/genuine/original_32_6.png,0,random_forgery,27,32
data/processed/train/genuine/original_20_1.png,data/processed/train/forged/forgeries_20_16.png,0,skilled_forgery,20,20
data/processed/train/genuine/original_1_15.png,data/processed/train/genuine/original_1_17.png,1,genuine_genuine,1,1
data/processed/train/genuine/original_31_20.png,data/processed/train/genuine/original_31_22.png,1,genuine_genuine,31,31
data/processed/train/genuine/original_32_17.png,data/processed/train/forged/forgeries_32_16.png,0,skilled_forgery,32,32
data/processed/train/genuine/original_20_6.png,data/processed/train/forged/forgeries_20_18.png,0,skilled_forgery,20,20
data/processed/train/genuine/original_25_15.png,data/processed/train/genuine/original_25_5.png,1,genuine_genuine,25,25
data/processed/train/genuine/original_7_4.png,data/processed/train/forged/forgeries_7_11.png,0,skilled_forgery,7,7
data/processed/train/genuine/original_22_11.png,data/processed/train/genuine/original_1_24.png,0,random_forgery,22,1
data/processed/train/genuine/original_14_11.png,data/processed/train/forged/forgeries_14_23.png,0,skilled_forgery,14,14
data/processed/train/genuine/original_16_12.png,data/processed/train/forged/forgeries_16_3.png,0,skilled_forgery,16,16
data/processed/train/genuine/original_27_8.png,data/processed/train/genuine/original_33_4.png,0,random_forgery,27,33
data/processed/train/genuine/original_28_3.png,data/processed/train/genuine/original_25_2.png,0,random_forgery,28,25
data/processed/train/genuine/original_2_20.png,data/processed/train/genuine/original_5_24.png,0,random_forgery,2,5
data/processed/train/genuine/original_18_22.png,data/processed/train/genuine/original_18_24.png,1,genuine_genuine,18,18
data/processed/train/genuine/original_15_2.png,data/processed/train/genuine/original_15_3.png,1,genuine_genuine,15,15
data/processed/train/genuine/original_4_15.png,data/processed/train/forged/forgeries_4_4.png,0,skilled_forgery,4,4
data/processed/train/genuine/original_28_8.png,data/processed/train/forged/forgeries_28_22.png,0,skilled_forgery,28,28
data/processed/train/genuine/original_20_12.png,data/processed/train/genuine/original_20_2.png,1,genuine_genuine,20,20
data/processed/train/genuine/original_21_16.png,data/processed/train/genuine/original_22_10.png,0,random_forgery,21,22
data/processed/train/genuine/original_17_5.png,data/processed/train/forged/forgeries_17_5.png,0,skilled_forgery,17,17
data/processed/train/genuine/original_5_21.png,data/processed/train/forged/forgeries_5_15.png,0,skilled_forgery,5,5
data/processed/train/genuine/original_10_11.png,data/processed/train/genuine/original_24_10.png,0,random_forgery,10,24
data/processed/train/genuine/original_16_1.png,data/processed/train/genuine/original_20_3.png,0,random_forgery,16,20
data/processed/train/genuine/original_5_13.png,data/processed/train/forged/forgeries_5_9.png,0,skilled_forgery,5,5
data/processed/train/genuine/original_17_22.png,data/processed/train/genuine/original_17_6.png,1,genuine_genuine,17,17
data/processed/train/genuine/original_12_20.png,data/processed/train/forged/forgeries_12_3.png,0,skilled_forgery,12,12
data/processed/train/genuine/original_2_18.png,data/processed/train/forged/forgeries_2_5.png,0,skilled_forgery,2,2
data/processed/train/genuine/original_26_9.png,data/processed/train/genuine/original_34_16.png,0,random_forgery,26,34
data/processed/train/genuine/original_5_24.png,data/processed/train/genuine/original_5_3.png,1,genuine_genuine,5,5
data/processed/train/genuine/original_21_21.png,data/processed/train/forged/forgeries_21_24.png,0,skilled_forgery,21,21
data/processed/train/genuine/original_22_21.png,data/processed/train/genuine/original_22_7.png,1,genuine_genuine,22,22
data/processed/train/genuine/original_20_17.png,data/processed/train/genuine/original_5_14.png,0,random_forgery,20,5
data/processed/train/genuine/original_7_13.png,data/processed/train/genuine/original_7_5.png,1,genuine_genuine,7,7
data/processed/train/genuine/original_9_24.png,data/processed/train/genuine/original_21_18.png,0,random_forgery,9,21
data/processed/train/genuine/original_3_10.png,data/processed/train/genuine/original_3_6.png,1,genuine_genuine,3,3
data/processed/train/genuine/original_31_1.png,data/processed/train/genuine/original_31_23.png,1,genuine_genuine,31,31
data/processed/train/genuine/original_18_6.png,data/processed/train/genuine/original_18_9.png,1,genuine_genuine,18,18
data/processed/train/genuine/original_12_20.png,data/processed/train/forged/forgeries_12_11.png,0,skilled_forgery,12,12
data/processed/train/genuine/original_31_22.png,data/processed/train/forged/forgeries_31_20.png,0,skilled_forgery,31,31
data/processed/train/genuine/original_2_18.png,data/processed/train/genuine/original_17_23.png,0,random_forgery,2,17
data/processed/train/genuine/original_5_12.png,data/processed/train/genuine/original_5_19.png,1,genuine_genuine,5,5
data/processed/train/genuine/original_25_24.png,data/processed/train/genuine/original_25_8.png,1,genuine_genuine,25,25
data/processed/train/genuine/original_24_11.png,data/processed/train/forged/forgeries_24_1.png,0,skilled_forgery,24,24
data/processed/train/genuine/original_35_17.png,data/processed/train/genuine/original_35_3.png,1,genuine_genuine,35,35
data/processed/train/genuine/original_1_22.png,data/processed/train/genuine/original_20_12.png,0,random_forgery,1,20
data/processed/train/genuine/original_30_1.png,data/processed/train/genuine/original_30_10.png,1,genuine_genuine,30,30
data/processed/train/genuine/original_9_5.png,data/processed/train/genuine/original_16_9.png,0,random_forgery,9,16
data/processed/train/genuine/original_8_12.png,data/processed/train/forged/forgeries_8_8.png,0,skilled_forgery,8,8
data/processed/train/genuine/original_31_19.png,data/processed/train/genuine/original_31_22.png,1,genuine_genuine,31,31
data/processed/train/genuine/original_25_2.png,data/processed/train/genuine/original_5_11.png,0,random_forgery,25,5
data/processed/train/genuine/original_19_9.png,data/processed/train/genuine/original_15_13.png,0,random_forgery,19,15
data/processed/train/genuine/original_24_1.png,data/processed/train/genuine/original_24_10.png,1,genuine_genuine,24,24
data/processed/train/genuine/original_18_10.png,data/processed/train/genuine/original_18_18.png,1,genuine_genuine,18,18
data/processed/train/genuine/original_30_4.png,data/processed/train/forged/forgeries_30_3.png,0,skilled_forgery,30,30
data/processed/train/genuine/original_21_6.png,data/processed/train/forged/forgeries_21_19.png,0,skilled_forgery,21,21
data/processed/train/genuine/original_23_17.png,data/processed/train/forged/forgeries_23_14.png,0,skilled_forgery,23,23
data/processed/train/genuine/original_32_22.png,data/processed/train/genuine/original_32_24.png,1,genuine_genuine,32,32
data/processed/train/genuine/original_32_5.png,data/processed/train/genuine/original_33_15.png,0,random_forgery,32,33
data/processed/train/genuine/original_7_19.png,data/processed/train/genuine/original_7_23.png,1,genuine_genuine,7,7
data/processed/train/genuine/original_12_9.png,data/processed/train/genuine/original_14_1.png,0,random_forgery,12,14
data/processed/train/genuine/original_2_3.png,data/processed/train/forged/forgeries_2_5.png,0,skilled_forgery,2,2
data/processed/train/genuine/original_13_21.png,data/processed/train/genuine/original_30_24.png,0,random_forgery,13,30
data/processed/train/genuine/original_3_24.png,data/processed/train/genuine/original_8_13.png,0,random_forgery,3,8
data/processed/train/genuine/original_29_19.png,data/processed/train/forged/forgeries_29_7.png,0,skilled_forgery,29,29
data/processed/train/genuine/original_19_12.png,data/processed/train/forged/forgeries_19_21.png,0,skilled_forgery,19,19
data/processed/train/genuine/original_1_14.png,data/processed/train/genuine/original_1_8.png,1,genuine_genuine,1,1
data/processed/train/genuine/original_1_13.png,data/processed/train/genuine/original_1_5.png,1,genuine_genuine,1,1
data/processed/train/genuine/original_22_15.png,data/processed/train/genuine/original_22_19.png,1,genuine_genuine,22,22
data/processed/train/genuine/original_13_3.png,data/processed/train/genuine/original_24_21.png,0,random_forgery,13,24
data/processed/train/genuine/original_10_17.png,data/processed/train/forged/forgeries_10_21.png,0,skilled_forgery,10,10
data/processed/train/genuine/original_18_20.png,data/processed/train/forged/forgeries_18_14.png,0,skilled_forgery,18,18
data/processed/train/genuine/original_32_2.png,data/processed/train/forged/forgeries_32_8.png,0,skilled_forgery,32,32
data/processed/train/genuine/original_29_11.png,data/processed/train/genuine/original_18_6.png,0,random_forgery,29,18
data/processed/train/genuine/original_6_18.png,data/processed/train/genuine/original_6_5.png,1,genuine_genuine,6,6
data/processed/train/genuine/original_17_24.png,data/processed/train/genuine/original_8_18.png,0,random_forgery,17,8
data/processed/train/genuine/original_29_1.png,data/processed/train/genuine/original_1_5.png,0,random_forgery,29,1
data/processed/train/genuine/original_18_22.png,data/processed/train/forged/forgeries_18_2.png,0,skilled_forgery,18,18
data/processed/train/genuine/original_33_15.png,data/processed/train/genuine/original_33_20.png,1,genuine_genuine,33,33
data/processed/train/genuine/original_33_12.png,data/processed/train/forged/forgeries_33_18.png,0,skilled_forgery,33,33
data/processed/train/genuine/original_17_11.png,data/processed/train/forged/forgeries_17_14.png,0,skilled_forgery,17,17
data/processed/train/genuine/original_12_16.png,data/processed/train/genuine/original_12_2.png,1,genuine_genuine,12,12
data/processed/train/genuine/original_6_17.png,data/processed/train/genuine/original_6_6.png,1,genuine_genuine,6,6
data/processed/train/genuine/original_34_20.png,data/processed/train/forged/forgeries_34_17.png,0,skilled_forgery,34,34
data/processed/train/genuine/original_29_5.png,data/processed/train/forged/forgeries_29_7.png,0,skilled_forgery,29,29
data/processed/train/genuine/original_26_8.png,data/processed/train/forged/forgeries_26_3.png,0,skilled_forgery,26,26
data/processed/train/genuine/original_31_20.png,data/processed/train/forged/forgeries_31_11.png,0,skilled_forgery,31,31
data/processed/train/genuine/original_24_7.png,data/processed/train/forged/forgeries_24_3.png,0,skilled_forgery,24,24
data/processed/train/genuine/original_30_8.png,data/processed/train/forged/forgeries_30_22.png,0,skilled_forgery,30,30
data/processed/train/genuine/original_21_13.png,data/processed/train/genuine/original_21_21.png,1,genuine_genuine,21,21
data/processed/train/genuine/original_15_16.png,data/processed/train/forged/forgeries_15_19.png,0,skilled_forgery,15,15
data/processed/train/genuine/original_28_10.png,data/processed/train/genuine/original_28_5.png,1,genuine_genuine,28,28
data/processed/train/genuine/original_21_18.png,data/processed/train/genuine/original_21_2.png,1,genuine_genuine,21,21
data/processed/train/genuine/original_34_10.png,data/processed/train/forged/forgeries_34_23.png,0,skilled_forgery,34,34
data/processed/train/genuine/original_5_10.png,data/processed/train/forged/forgeries_5_23.png,0,skilled_forgery,5,5
data/processed/train/genuine/original_33_14.png,data/processed/train/genuine/original_33_24.png,1,genuine_genuine,33,33
data/processed/train/genuine/original_3_10.png,data/processed/train/genuine/original_14_17.png,0,random_forgery,3,14
data/processed/train/genuine/original_11_15.png,data/processed/train/genuine/original_11_17.png,1,genuine_genuine,11,11
data/processed/train/genuine/original_25_17.png,data/processed/train/genuine/original_33_12.png,0,random_forgery,25,33
data/processed/train/genuine/original_28_22.png,data/processed/train/forged/forgeries_28_9.png,0,skilled_forgery,28,28
data/processed/train/genuine/original_30_23.png,data/processed/train/forged/forgeries_30_20.png,0,skilled_forgery,30,30
data/processed/train/genuine/original_1_13.png,data/processed/train/genuine/original_5_13.png,0,random_forgery,1,5
data/processed/train/genuine/original_31_1.png,data/processed/train/genuine/original_31_19.png,1,genuine_genuine,31,31
data/processed/train/genuine/original_32_11.png,data/processed/train/genuine/original_32_14.png,1,genuine_genuine,32,32
data/processed/train/genuine/original_4_20.png,data/processed/train/forged/forgeries_4_24.png,0,skilled_forgery,4,4
data/processed/train/genuine/original_4_24.png,data/processed/train/genuine/original_4_7.png,1,genuine_genuine,4,4
data/processed/train/genuine/original_22_17.png,data/processed/train/genuine/original_22_7.png,1,genuine_genuine,22,22
data/processed/train/genuine/original_20_2.png,data/processed/train/genuine/original_6_14.png,0,random_forgery,20,6
data/processed/train/genuine/original_2_1.png,data/processed/train/genuine/original_2_14.png,1,genuine_genuine,2,2
data/processed/train/genuine/original_33_10.png,data/processed/train/genuine/original_33_5.png,1,genuine_genuine,33,33
data/processed/train/genuine/original_34_16.png,data/processed/train/genuine/original_34_24.png,1,genuine_genuine,34,34
data/processed/train/genuine/original_25_4.png,data/processed/train/genuine/original_6_9.png,0,random_forgery,25,6
data/processed/train/genuine/original_28_12.png,data/processed/train/genuine/original_28_13.png,1,genuine_genuine,28,28
data/processed/train/genuine/original_4_7.png,data/processed/train/forged/forgeries_4_21.png,0,skilled_forgery,4,4
data/processed/train/genuine/original_27_18.png,data/processed/train/genuine/original_27_23.png,1,genuine_genuine,27,27
data/processed/train/genuine/original_16_4.png,data/processed/train/genuine/original_16_7.png,1,genuine_genuine,16,16
data/processed/train/genuine/original_7_13.png,data/processed/train/genuine/original_7_21.png,1,genuine_genuine,7,7
data/processed/train/genuine/original_33_11.png,data/processed/train/genuine/original_33_24.png,1,genuine_genuine,33,33
data/processed/train/genuine/original_3_22.png,data/processed/train/genuine/original_33_14.png,0,random_forgery,3,33
data/processed/train/genuine/original_13_18.png,data/processed/train/forged/forgeries_13_19.png,0,skilled_forgery,13,13
data/processed/train/genuine/original_17_2.png,data/processed/train/genuine/original_17_24.png,1,genuine_genuine,17,17
data/processed/train/genuine/original_25_8.png,data/processed/train/forged/forgeries_25_7.png,0,skilled_forgery,25,25
data/processed/train/genuine/original_13_22.png,data/processed/train/genuine/original_13_8.png,1,genuine_genuine,13,13
data/processed/train/genuine/original_7_18.png,data/processed/train/genuine/original_7_23.png,1,genuine_genuine,7,7
data/processed/train/genuine/original_31_7.png,data/processed/train/forged/forgeries_31_24.png,0,skilled_forgery,31,31
data/processed/train/genuine/original_12_13.png,data/processed/train/genuine/original_12_14.png,1,genuine_genuine,12,12
data/processed/train/genuine/original_3_21.png,data/processed/train/genuine/original_3_7.png,1,genuine_genuine,3,3
data/processed/train/genuine/original_11_21.png,data/processed/train/genuine/original_2_1.png,0,random_forgery,11,2
data/processed/train/genuine/original_3_3.png,data/processed/train/genuine/original_3_4.png,1,genuine_genuine,3,3
data/processed/train/genuine/original_21_11.png,data/processed/train/genuine/original_21_17.png,1,genuine_genuine,21,21
data/processed/train/genuine/original_14_18.png,data/processed/train/genuine/original_14_7.png,1,genuine_genuine,14,14
data/processed/train/genuine/original_15_8.png,data/processed/train/forged/forgeries_15_15.png,0,skilled_forgery,15,15
data/processed/train/genuine/original_15_15.png,data/processed/train/genuine/original_11_23.png,0,random_forgery,15,11
data/processed/train/genuine/original_4_13.png,data/processed/train/forged/forgeries_4_6.png,0,skilled_forgery,4,4
data/processed/train/genuine/original_20_15.png,data/processed/train/genuine/original_11_5.png,0,random_forgery,20,11
data/processed/train/genuine/original_2_13.png,data/processed/train/genuine/original_2_4.png,1,genuine_genuine,2,2
data/processed/train/genuine/original_35_1.png,data/processed/train/genuine/original_35_10.png,1,genuine_genuine,35,35
data/processed/train/genuine/original_14_10.png,data/processed/train/genuine/original_14_24.png,1,genuine_genuine,14,14
data/processed/train/genuine/original_24_3.png,data/processed/train/genuine/original_3_19.png,0,random_forgery,24,3
data/processed/train/genuine/original_32_15.png,data/processed/train/genuine/original_32_19.png,1,genuine_genuine,32,32
data/processed/train/genuine/original_6_20.png,data/processed/train/genuine/original_6_3.png,1,genuine_genuine,6,6
data/processed/train/genuine/original_2_14.png,data/processed/train/genuine/original_28_7.png,0,random_forgery,2,28
data/processed/train/genuine/original_17_10.png,data/processed/train/genuine/original_17_23.png,1,genuine_genuine,17,17
data/processed/train/genuine/original_3_1.png,data/processed/train/genuine/original_2_3.png,0,random_forgery,3,2
data/processed/train/genuine/original_24_13.png,data/processed/train/genuine/original_24_23.png,1,genuine_genuine,24,24
data/processed/train/genuine/original_35_7.png,data/processed/train/forged/forgeries_35_24.png,0,skilled_forgery,35,35
data/processed/train/genuine/original_15_17.png,data/processed/train/genuine/original_15_8.png,1,genuine_genuine,15,15
data/processed/train/genuine/original_10_21.png,data/processed/train/genuine/original_10_23.png,1,genuine_genuine,10,10
data/processed/train/genuine/original_23_15.png,data/processed/train/genuine/original_23_3.png,1,genuine_genuine,23,23
data/processed/train/genuine/original_3_6.png,data/processed/train/genuine/original_3_9.png,1,genuine_genuine,3,3
data/processed/train/genuine/original_7_18.png,data/processed/train/genuine/original_7_7.png,1,genuine_genuine,7,7
data/processed/train/genuine/original_19_2.png,data/processed/train/forged/forgeries_19_5.png,0,skilled_forgery,19,19
data/processed/train/genuine/original_8_19.png,data/processed/train/genuine/original_29_9.png,0,random_forgery,8,29
data/processed/train/genuine/original_34_1.png,data/processed/train/genuine/original_34_12.png,1,genuine_genuine,34,34
data/processed/train/genuine/original_35_20.png,data/processed/train/forged/forgeries_35_4.png,0,skilled_forgery,35,35
data/processed/train/genuine/original_11_12.png,data/processed/train/genuine/original_11_3.png,1,genuine_genuine,11,11
data/processed/train/genuine/original_20_1.png,data/processed/train/genuine/original_20_8.png,1,genuine_genuine,20,20
data/processed/train/genuine/original_13_19.png,data/processed/train/genuine/original_13_21.png,1,genuine_genuine,13,13
data/processed/train/genuine/original_7_23.png,data/processed/train/genuine/original_7_5.png,1,genuine_genuine,7,7
data/processed/train/genuine/original_32_15.png,data/processed/train/genuine/original_32_9.png,1,genuine_genuine,32,32
data/processed/train/genuine/original_5_11.png,data/processed/train/genuine/original_5_8.png,1,genuine_genuine,5,5
data/processed/train/genuine/original_13_17.png,data/processed/train/forged/forgeries_13_2.png,0,skilled_forgery,13,13
data/processed/train/genuine/original_18_12.png,data/processed/train/genuine/original_18_23.png,1,genuine_genuine,18,18
data/processed/train/genuine/original_35_9.png,data/processed/train/genuine/original_12_4.png,0,random_forgery,35,12
data/processed/train/genuine/original_32_10.png,data/processed/train/genuine/original_32_16.png,1,genuine_genuine,32,32
data/processed/train/genuine/original_3_16.png,data/processed/train/genuine/original_3_6.png,1,genuine_genuine,3,3
data/processed/train/genuine/original_9_24.png,data/processed/train/forged/forgeries_9_2.png,0,skilled_forgery,9,9
data/processed/train/genuine/original_34_10.png,data/processed/train/genuine/original_34_24.png,1,genuine_genuine,34,34
data/processed/train/genuine/original_14_14.png,data/processed/train/genuine/original_5_6.png,0,random_forgery,14,5
data/processed/train/genuine/original_26_17.png,data/processed/train/genuine/original_26_18.png,1,genuine_genuine,26,26
data/processed/train/genuine/original_10_15.png,data/processed/train/forged/forgeries_10_14.png,0,skilled_forgery,10,10
data/processed/train/genuine/original_28_6.png,data/processed/train/genuine/original_11_17.png,0,random_forgery,28,11
data/processed/train/genuine/original_1_5.png,data/processed/train/genuine/original_35_18.png,0,random_forgery,1,35
data/processed/train/genuine/original_11_17.png,data/processed/train/genuine/original_11_7.png,1,genuine_genuine,11,11
data/processed/train/genuine/original_10_6.png,data/processed/train/genuine/original_10_7.png,1,genuine_genuine,10,10
data/processed/train/genuine/original_5_15.png,data/processed/train/genuine/original_5_22.png,1,genuine_genuine,5,5
data/processed/train/genuine/original_21_24.png,data/processed/train/genuine/original_27_23.png,0,random_forgery,21,27
data/processed/train/genuine/original_11_17.png,data/processed/train/genuine/original_11_22.png,1,genuine_genuine,11,11
data/processed/train/genuine/original_9_1.png,data/processed/train/genuine/original_9_17.png,1,genuine_genuine,9,9
data/processed/train/genuine/original_19_7.png,data/processed/train/forged/forgeries_19_21.png,0,skilled_forgery,19,19
data/processed/train/genuine/original_14_4.png,data/processed/train/forged/forgeries_14_1.png,0,skilled_forgery,14,14
data/processed/train/genuine/original_10_21.png,data/processed/train/genuine/original_10_5.png,1,genuine_genuine,10,10
data/processed/train/genuine/original_20_16.png,data/processed/train/genuine/original_20_24.png,1,genuine_genuine,20,20
data/processed/train/genuine/original_22_10.png,data/processed/train/genuine/original_22_3.png,1,genuine_genuine,22,22
data/processed/train/genuine/original_8_18.png,data/processed/train/genuine/original_8_19.png,1,genuine_genuine,8,8
data/processed/train/genuine/original_15_24.png,data/processed/train/genuine/original_15_3.png,1,genuine_genuine,15,15
data/processed/train/genuine/original_8_9.png,data/processed/train/forged/forgeries_8_22.png,0,skilled_forgery,8,8
data/processed/train/genuine/original_9_13.png,data/processed/train/forged/forgeries_9_8.png,0,skilled_forgery,9,9
data/processed/train/genuine/original_35_16.png,data/processed/train/forged/forgeries_35_7.png,0,skilled_forgery,35,35
data/processed/train/genuine/original_12_1.png,data/processed/train/genuine/original_12_5.png,1,genuine_genuine,12,12
data/processed/train/genuine/original_1_23.png,data/processed/train/forged/forgeries_1_7.png,0,skilled_forgery,1,1
data/processed/train/genuine/original_29_24.png,data/processed/train/forged/forgeries_29_22.png,0,skilled_forgery,29,29
data/processed/train/genuine/original_10_13.png,data/processed/train/genuine/original_10_8.png,1,genuine_genuine,10,10
data/processed/train/genuine/original_23_21.png,data/processed/train/forged/forgeries_23_21.png,0,skilled_forgery,23,23
data/processed/train/genuine/original_9_22.png,data/processed/train/genuine/original_9_6.png,1,genuine_genuine,9,9
data/processed/train/genuine/original_10_1.png,data/processed/train/genuine/original_10_14.png,1,genuine_genuine,10,10
data/processed/train/genuine/original_11_21.png,data/processed/train/genuine/original_27_12.png,0,random_forgery,11,27
data/processed/train/genuine/original_15_9.png,data/processed/train/genuine/original_34_1.png,0,random_forgery,15,34
data/processed/train/genuine/original_26_8.png,data/processed/train/genuine/original_21_9.png,0,random_forgery,26,21
data/processed/train/genuine/original_18_16.png,data/processed/train/forged/forgeries_18_23.png,0,skilled_forgery,18,18
data/processed/train/genuine/original_3_6.png,data/processed/train/forged/forgeries_3_22.png,0,skilled_forgery,3,3
data/processed/train/genuine/original_6_14.png,data/processed/train/genuine/original_25_23.png,0,random_forgery,6,25
data/processed/train/genuine/original_35_12.png,data/processed/train/genuine/original_19_18.png,0,random_forgery,35,19
data/processed/train/genuine/original_26_20.png,data/processed/train/forged/forgeries_26_9.png,0,skilled_forgery,26,26
data/processed/train/genuine/original_23_12.png,data/processed/train/genuine/original_10_17.png,0,random_forgery,23,10
data/processed/train/genuine/original_11_23.png,data/processed/train/genuine/original_11_6.png,1,genuine_genuine,11,11
data/processed/train/genuine/original_8_18.png,data/processed/train/genuine/original_8_8.png,1,genuine_genuine,8,8
data/processed/train/genuine/original_35_19.png,data/processed/train/genuine/original_35_21.png,1,genuine_genuine,35,35
data/processed/train/genuine/original_3_3.png,data/processed/train/genuine/original_3_9.png,1,genuine_genuine,3,3
data/processed/train/genuine/original_29_17.png,data/processed/train/genuine/original_29_4.png,1,genuine_genuine,29,29
data/processed/train/genuine/original_14_20.png,data/processed/train/genuine/original_14_8.png,1,genuine_genuine,14,14
data/processed/train/genuine/original_14_11.png,data/processed/train/genuine/original_14_8.png,1,genuine_genuine,14,14
data/processed/train/genuine/original_34_11.png,data/processed/train/genuine/original_34_16.png,1,genuine_genuine,34,34
data/processed/train/genuine/original_27_17.png,data/processed/train/genuine/original_23_14.png,0,random_forgery,27,23
data/processed/train/genuine/original_21_5.png,data/processed/train/forged/forgeries_21_17.png,0,skilled_forgery,21,21
data/processed/train/genuine/original_19_22.png,data/processed/train/genuine/original_19_23.png,1,genuine_genuine,19,19
data/processed/train/genuine/original_6_22.png,data/processed/train/genuine/original_8_9.png,0,random_forgery,6,8
data/processed/train/genuine/original_13_13.png,data/processed/train/genuine/original_13_2.png,1,genuine_genuine,13,13
data/processed/train/genuine/original_32_19.png,data/processed/train/genuine/original_32_4.png,1,genuine_genuine,32,32
data/processed/train/genuine/original_3_10.png,data/processed/train/forged/forgeries_3_5.png,0,skilled_forgery,3,3
data/processed/train/genuine/original_31_7.png,data/processed/train/genuine/original_14_6.png,0,random_forgery,31,14
data/processed/train/genuine/original_19_20.png,data/processed/train/forged/forgeries_19_8.png,0,skilled_forgery,19,19
data/processed/train/genuine/original_28_7.png,data/processed/train/genuine/original_28_9.png,1,genuine_genuine,28,28
data/processed/train/genuine/original_30_22.png,data/processed/train/genuine/original_30_7.png,1,genuine_genuine,30,30
data/processed/train/genuine/original_24_19.png,data/processed/train/genuine/original_24_2.png,1,genuine_genuine,24,24
data/processed/train/genuine/original_2_19.png,data/processed/train/forged/forgeries_2_7.png,0,skilled_forgery,2,2
data/processed/train/genuine/original_31_7.png,data/processed/train/genuine/original_31_8.png,1,genuine_genuine,31,31
data/processed/train/genuine/original_6_14.png,data/processed/train/genuine/original_18_3.png,0,random_forgery,6,18
data/processed/train/genuine/original_9_13.png,data/processed/train/genuine/original_9_14.png,1,genuine_genuine,9,9
data/processed/train/genuine/original_2_20.png,data/processed/train/forged/forgeries_2_1.png,0,skilled_forgery,2,2
data/processed/train/genuine/original_26_5.png,data/processed/train/genuine/original_34_20.png,0,random_forgery,26,34
data/processed/train/genuine/original_14_14.png,data/processed/train/genuine/original_14_6.png,1,genuine_genuine,14,14
data/processed/train/genuine/original_17_12.png,data/processed/train/genuine/original_17_19.png,1,genuine_genuine,17,17
data/processed/train/genuine/original_10_15.png,data/processed/train/forged/forgeries_10_12.png,0,skilled_forgery,10,10
data/processed/train/genuine/original_26_21.png,data/processed/train/genuine/original_11_5.png,0,random_forgery,26,11
data/processed/train/genuine/original_13_17.png,data/processed/train/genuine/original_13_6.png,1,genuine_genuine,13,13
data/processed/train/genuine/original_7_7.png,data/processed/train/forged/forgeries_7_6.png,0,skilled_forgery,7,7
data/processed/train/genuine/original_18_16.png,data/processed/train/forged/forgeries_18_9.png,0,skilled_forgery,18,18
data/processed/train/genuine/original_27_12.png,data/processed/train/genuine/original_27_3.png,1,genuine_genuine,27,27
data/processed/train/genuine/original_24_17.png,data/processed/train/forged/forgeries_24_2.png,0,skilled_forgery,24,24
data/processed/train/genuine/original_1_15.png,data/processed/train/genuine/original_8_18.png,0,random_forgery,1,8
data/processed/train/genuine/original_11_17.png,data/processed/train/genuine/original_11_5.png,1,genuine_genuine,11,11
data/processed/train/genuine/original_27_12.png,data/processed/train/genuine/original_23_8.png,0,random_forgery,27,23
data/processed/train/genuine/original_4_14.png,data/processed/train/genuine/original_4_7.png,1,genuine_genuine,4,4
data/processed/train/genuine/original_23_18.png,data/processed/train/genuine/original_30_24.png,0,random_forgery,23,30
data/processed/train/genuine/original_27_1.png,data/processed/train/genuine/original_27_16.png,1,genuine_genuine,27,27
data/processed/train/genuine/original_18_1.png,data/processed/train/genuine/original_18_22.png,1,genuine_genuine,18,18
data/processed/train/genuine/original_18_1.png,data/processed/train/genuine/original_18_23.png,1,genuine_genuine,18,18
data/processed/train/genuine/original_25_21.png,data/processed/train/genuine/original_25_3.png,1,genuine_genuine,25,25
data/processed/train/genuine/original_10_18.png,data/processed/train/genuine/original_25_18.png,0,random_forgery,10,25
data/processed/train/genuine/original_35_16.png,data/processed/train/genuine/original_12_23.png,0,random_forgery,35,12
data/processed/train/genuine/original_31_2.png,data/processed/train/genuine/original_31_24.png,1,genuine_genuine,31,31
data/processed/train/genuine/original_7_19.png,data/processed/train/forged/forgeries_7_9.png,0,skilled_forgery,7,7
data/processed/train/genuine/original_13_5.png,data/processed/train/forged/forgeries_13_7.png,0,skilled_forgery,13,13
data/processed/train/genuine/original_19_19.png,data/processed/train/genuine/original_19_9.png,1,genuine_genuine,19,19
data/processed/train/genuine/original_27_14.png,data/processed/train/genuine/original_27_2.png,1,genuine_genuine,27,27
data/processed/train/genuine/original_22_14.png,data/processed/train/forged/forgeries_22_2.png,0,skilled_forgery,22,22
data/processed/train/genuine/original_25_12.png,data/processed/train/genuine/original_33_13.png,0,random_forgery,25,33
data/processed/train/genuine/original_29_24.png,data/processed/train/genuine/original_29_9.png,1,genuine_genuine,29,29
data/processed/train/genuine/original_10_12.png,data/processed/train/genuine/original_10_20.png,1,genuine_genuine,10,10
data/processed/train/genuine/original_23_16.png,data/processed/train/genuine/original_23_9.png,1,genuine_genuine,23,23
data/processed/train/genuine/original_11_22.png,data/processed/train/genuine/original_15_8.png,0,random_forgery,11,15
data/processed/train/genuine/original_22_12.png,data/processed/train/genuine/original_22_17.png,1,genuine_genuine,22,22
data/processed/train/genuine/original_26_1.png,data/processed/train/genuine/original_4_2.png,0,random_forgery,26,4
data/processed/train/genuine/original_1_15.png,data/processed/train/genuine/original_1_3.png,1,genuine_genuine,1,1
data/processed/train/genuine/original_31_12.png,data/processed/train/genuine/original_31_9.png,1,genuine_genuine,31,31
data/processed/train/genuine/original_26_15.png,data/processed/train/genuine/original_22_3.png,0,random_forgery,26,22
data/processed/train/genuine/original_14_19.png,data/processed/train/genuine/original_14_4.png,1,genuine_genuine,14,14
data/processed/train/genuine/original_35_18.png,data/processed/train/genuine/original_35_8.png,1,genuine_genuine,35,35
data/processed/train/genuine/original_32_13.png,data/processed/train/genuine/original_32_20.png,1,genuine_genuine,32,32
data/processed/train/genuine/original_27_12.png,data/processed/train/genuine/original_8_20.png,0,random_forgery,27,8
data/processed/train/genuine/original_29_1.png,data/processed/train/genuine/original_30_11.png,0,random_forgery,29,30
data/processed/train/genuine/original_29_16.png,data/processed/train/genuine/original_10_7.png,0,random_forgery,29,10
data/processed/train/genuine/original_8_14.png,data/processed/train/genuine/original_8_18.png,1,genuine_genuine,8,8
data/processed/train/genuine/original_8_15.png,data/processed/train/forged/forgeries_8_3.png,0,skilled_forgery,8,8
data/processed/train/genuine/original_28_11.png,data/processed/train/genuine/original_28_24.png,1,genuine_genuine,28,28
data/processed/train/genuine/original_5_24.png,data/processed/train/forged/forgeries_5_17.png,0,skilled_forgery,5,5
data/processed/train/genuine/original_5_14.png,data/processed/train/genuine/original_5_24.png,1,genuine_genuine,5,5
data/processed/train/genuine/original_10_12.png,data/processed/train/genuine/original_25_5.png,0,random_forgery,10,25
data/processed/train/genuine/original_20_20.png,data/processed/train/genuine/original_20_22.png,1,genuine_genuine,20,20
data/processed/train/genuine/original_7_13.png,data/processed/train/genuine/original_7_3.png,1,genuine_genuine,7,7
data/processed/train/genuine/original_35_15.png,data/processed/train/forged/forgeries_35_8.png,0,skilled_forgery,35,35
data/processed/train/genuine/original_27_11.png,data/processed/train/genuine/original_27_8.png,1,genuine_genuine,27,27
data/processed/train/genuine/original_3_15.png,data/processed/train/genuine/original_3_17.png,1,genuine_genuine,3,3
data/processed/train/genuine/original_25_12.png,data/processed/train/genuine/original_25_17.png,1,genuine_genuine,25,25
data/processed/train/genuine/original_34_16.png,data/processed/train/forged/forgeries_34_8.png,0,skilled_forgery,34,34
data/processed/train/genuine/original_26_14.png,data/processed/train/forged/forgeries_26_7.png,0,skilled_forgery,26,26
data/processed/train/genuine/original_10_1.png,data/processed/train/genuine/original_10_24.png,1,genuine_genuine,10,10
data/processed/train/genuine/original_17_2.png,data/processed/train/genuine/original_18_11.png,0,random_forgery,17,18
data/processed/train/genuine/original_34_24.png,data/processed/train/forged/forgeries_34_7.png,0,skilled_forgery,34,34
data/processed/train/genuine/original_24_1.png,data/processed/train/genuine/original_4_20.png,0,random_forgery,24,4
data/processed/train/genuine/original_7_1.png,data/processed/train/genuine/original_7_19.png,1,genuine_genuine,7,7
data/processed/train/genuine/original_11_19.png,data/processed/train/forged/forgeries_11_9.png,0,skilled_forgery,11,11
data/processed/train/genuine/original_15_9.png,data/processed/train/genuine/original_35_4.png,0,random_forgery,15,35
data/processed/train/genuine/original_34_13.png,data/processed/train/genuine/original_34_21.png,1,genuine_genuine,34,34
data/processed/train/genuine/original_34_1.png,data/processed/train/genuine/original_34_22.png,1,genuine_genuine,34,34
data/processed/train/genuine/original_16_12.png,data/processed/train/forged/forgeries_16_17.png,0,skilled_forgery,16,16
data/processed/train/genuine/original_17_1.png,data/processed/train/forged/forgeries_17_8.png,0,skilled_forgery,17,17
data/processed/train/genuine/original_32_6.png,data/processed/train/forged/forgeries_32_7.png,0,skilled_forgery,32,32
data/processed/train/genuine/original_31_10.png,data/processed/train/genuine/original_31_15.png,1,genuine_genuine,31,31
data/processed/train/genuine/original_6_15.png,data/processed/train/genuine/original_6_19.png,1,genuine_genuine,6,6
data/processed/train/genuine/original_18_11.png,data/processed/train/genuine/original_18_20.png,1,genuine_genuine,18,18
data/processed/train/genuine/original_20_23.png,data/processed/train/forged/forgeries_20_2.png,0,skilled_forgery,20,20
data/processed/train/genuine/original_10_11.png,data/processed/train/genuine/original_10_19.png,1,genuine_genuine,10,10
data/processed/train/genuine/original_20_23.png,data/processed/train/forged/forgeries_20_4.png,0,skilled_forgery,20,20
data/processed/train/genuine/original_15_19.png,data/processed/train/forged/forgeries_15_8.png,0,skilled_forgery,15,15
data/processed/train/genuine/original_18_22.png,data/processed/train/genuine/original_18_8.png,1,genuine_genuine,18,18
data/processed/train/genuine/original_3_16.png,data/processed/train/forged/forgeries_3_7.png,0,skilled_forgery,3,3
data/processed/train/genuine/original_1_1.png,data/processed/train/genuine/original_1_8.png,1,genuine_genuine,1,1
data/processed/train/genuine/original_12_22.png,data/processed/train/forged/forgeries_12_6.png,0,skilled_forgery,12,12
data/processed/train/genuine/original_29_22.png,data/processed/train/genuine/original_13_14.png,0,random_forgery,29,13
data/processed/train/genuine/original_2_16.png,data/processed/train/genuine/original_2_21.png,1,genuine_genuine,2,2
data/processed/train/genuine/original_3_15.png,data/processed/train/genuine/original_3_22.png,1,genuine_genuine,3,3
data/processed/train/genuine/original_18_2.png,data/processed/train/genuine/original_18_9.png,1,genuine_genuine,18,18
data/processed/train/genuine/original_27_17.png,data/processed/train/genuine/original_27_5.png,1,genuine_genuine,27,27
data/processed/train/genuine/original_13_12.png,data/processed/train/genuine/original_13_22.png,1,genuine_genuine,13,13
data/processed/train/genuine/original_6_23.png,data/processed/train/genuine/original_6_5.png,1,genuine_genuine,6,6
data/processed/train/genuine/original_32_14.png,data/processed/train/genuine/original_32_2.png,1,genuine_genuine,32,32
data/processed/train/genuine/original_34_20.png,data/processed/train/genuine/original_34_8.png,1,genuine_genuine,34,34
data/processed/train/genuine/original_27_23.png,data/processed/train/forged/forgeries_27_5.png,0,skilled_forgery,27,27
data/processed/train/genuine/original_35_5.png,data/processed/train/genuine/original_13_7.png,0,random_forgery,35,13
data/processed/train/genuine/original_10_14.png,data/processed/train/genuine/original_10_19.png,1,genuine_genuine,10,10
data/processed/train/genuine/original_2_21.png,data/processed/train/genuine/original_35_12.png,0,random_forgery,2,35
data/processed/train/genuine/original_7_14.png,data/processed/train/genuine/original_7_5.png,1,genuine_genuine,7,7
data/processed/train/genuine/original_2_16.png,data/processed/train/forged/forgeries_2_22.png,0,skilled_forgery,2,2
data/processed/train/genuine/original_22_18.png,data/processed/train/genuine/original_22_4.png,1,genuine_genuine,22,22
data/processed/train/genuine/original_25_19.png,data/processed/train/genuine/original_25_4.png,1,genuine_genuine,25,25
data/processed/train/genuine/original_13_12.png,data/processed/train/forged/forgeries_13_15.png,0,skilled_forgery,13,13
data/processed/train/genuine/original_17_9.png,data/processed/train/forged/forgeries_17_3.png,0,skilled_forgery,17,17
data/processed/train/genuine/original_14_20.png,data/processed/train/genuine/original_21_23.png,0,random_forgery,14,21
data/processed/train/genuine/original_33_3.png,data/processed/train/genuine/original_17_15.png,0,random_forgery,33,17
data/processed/train/genuine/original_20_16.png,data/processed/train/forged/forgeries_20_4.png,0,skilled_forgery,20,20
data/processed/train/genuine/original_15_3.png,data/processed/train/genuine/original_14_9.png,0,random_forgery,15,14
data/processed/train/genuine/original_34_5.png,data/processed/train/forged/forgeries_34_4.png,0,skilled_forgery,34,34
data/processed/train/genuine/original_30_18.png,data/processed/train/genuine/original_30_7.png,1,genuine_genuine,30,30
data/processed/train/genuine/original_21_10.png,data/processed/train/genuine/original_21_16.png,1,genuine_genuine,21,21
data/processed/train/genuine/original_32_16.png,data/processed/train/genuine/original_32_6.png,1,genuine_genuine,32,32
data/processed/train/genuine/original_19_3.png,data/processed/train/genuine/original_23_24.png,0,random_forgery,19,23
data/processed/train/genuine/original_26_1.png,data/processed/train/genuine/original_26_13.png,1,genuine_genuine,26,26
data/processed/train/genuine/original_27_18.png,data/processed/train/genuine/original_27_5.png,1,genuine_genuine,27,27
data/processed/train/genuine/original_9_23.png,data/processed/train/genuine/original_9_6.png,1,genuine_genuine,9,9
data/processed/train/genuine/original_13_23.png,data/processed/train/forged/forgeries_13_16.png,0,skilled_forgery,13,13
data/processed/train/genuine/original_8_4.png,data/processed/train/genuine/original_3_14.png,0,random_forgery,8,3
data/processed/train/genuine/original_13_11.png,data/processed/train/genuine/original_13_12.png,1,genuine_genuine,13,13
data/processed/train/genuine/original_25_1.png,data/processed/train/genuine/original_25_21.png,1,genuine_genuine,25,25
data/processed/train/genuine/original_26_14.png,data/processed/train/genuine/original_26_16.png,1,genuine_genuine,26,26
data/processed/train/genuine/original_26_10.png,data/processed/train/genuine/original_26_6.png,1,genuine_genuine,26,26
data/processed/train/genuine/original_19_18.png,data/processed/train/genuine/original_35_23.png,0,random_forgery,19,35
data/processed/train/genuine/original_18_21.png,data/processed/train/forged/forgeries_18_6.png,0,skilled_forgery,18,18
data/processed/train/genuine/original_10_24.png,data/processed/train/forged/forgeries_10_13.png,0,skilled_forgery,10,10
data/processed/train/genuine/original_25_9.png,data/processed/train/forged/forgeries_25_17.png,0,skilled_forgery,25,25
data/processed/train/genuine/original_20_1.png,data/processed/train/genuine/original_20_21.png,1,genuine_genuine,20,20
data/processed/train/genuine/original_13_17.png,data/processed/train/genuine/original_13_20.png,1,genuine_genuine,13,13
data/processed/train/genuine/original_34_7.png,data/processed/train/genuine/original_2_22.png,0,random_forgery,34,2
data/processed/train/genuine/original_33_23.png,data/processed/train/forged/forgeries_33_15.png,0,skilled_forgery,33,33
data/processed/train/genuine/original_28_16.png,data/processed/train/genuine/original_28_17.png,1,genuine_genuine,28,28
data/processed/train/genuine/original_23_15.png,data/processed/train/genuine/original_23_22.png,1,genuine_genuine,23,23
data/processed/train/genuine/original_35_11.png,data/processed/train/genuine/original_35_20.png,1,genuine_genuine,35,35
data/processed/train/genuine/original_4_14.png,data/processed/train/genuine/original_4_4.png,1,genuine_genuine,4,4
data/processed/train/genuine/original_29_15.png,data/processed/train/forged/forgeries_29_7.png,0,skilled_forgery,29,29
data/processed/train/genuine/original_6_4.png,data/processed/train/genuine/original_6_8.png,1,genuine_genuine,6,6
data/processed/train/genuine/original_16_9.png,data/processed/train/forged/forgeries_16_8.png,0,skilled_forgery,16,16
data/processed/train/genuine/original_7_12.png,data/processed/train/genuine/original_7_5.png,1,genuine_genuine,7,7
data/processed/train/genuine/original_17_10.png,data/processed/train/genuine/original_28_6.png,0,random_forgery,17,28
data/processed/train/genuine/original_27_2.png,data/processed/train/forged/forgeries_27_4.png,0,skilled_forgery,27,27
data/processed/train/genuine/original_20_14.png,data/processed/train/genuine/original_20_5.png,1,genuine_genuine,20,20
data/processed/train/genuine/original_13_10.png,data/processed/train/genuine/original_13_23.png,1,genuine_genuine,13,13
data/processed/train/genuine/original_8_16.png,data/processed/train/forged/forgeries_8_22.png,0,skilled_forgery,8,8
data/processed/train/genuine/original_24_24.png,data/processed/train/forged/forgeries_24_14.png,0,skilled_forgery,24,24
data/processed/train/genuine/original_32_2.png,data/processed/train/genuine/original_32_8.png,1,genuine_genuine,32,32
data/processed/train/genuine/original_24_12.png,data/processed/train/genuine/original_21_10.png,0,random_forgery,24,21
data/processed/train/genuine/original_19_24.png,data/processed/train/genuine/original_9_13.png,0,random_forgery,19,9
data/processed/train/genuine/original_34_7.png,data/processed/train/genuine/original_34_8.png,1,genuine_genuine,34,34
data/processed/train/genuine/original_28_17.png,data/processed/train/forged/forgeries_28_16.png,0,skilled_forgery,28,28
data/processed/train/genuine/original_29_1.png,data/processed/train/genuine/original_29_10.png,1,genuine_genuine,29,29
data/processed/train/genuine/original_7_16.png,data/processed/train/forged/forgeries_7_21.png,0,skilled_forgery,7,7
data/processed/train/genuine/original_12_7.png,data/processed/train/forged/forgeries_12_3.png,0,skilled_forgery,12,12
data/processed/train/genuine/original_33_22.png,data/processed/train/genuine/original_33_6.png,1,genuine_genuine,33,33
data/processed/train/genuine/original_19_20.png,data/processed/train/genuine/original_19_7.png,1,genuine_genuine,19,19
data/processed/train/genuine/original_9_11.png,data/processed/train/forged/forgeries_9_6.png,0,skilled_forgery,9,9
data/processed/train/genuine/original_31_18.png,data/processed/train/genuine/original_31_6.png,1,genuine_genuine,31,31
data/processed/train/genuine/original_4_16.png,data/processed/train/genuine/original_4_5.png,1,genuine_genuine,4,4
data/processed/train/genuine/original_28_14.png,data/processed/train/forged/forgeries_28_4.png,0,skilled_forgery,28,28
data/processed/train/genuine/original_30_20.png,data/processed/train/forged/forgeries_30_10.png,0,skilled_forgery,30,30
data/processed/train/genuine/original_16_22.png,data/processed/train/genuine/original_16_23.png,1,genuine_genuine,16,16
data/processed/train/genuine/original_32_5.png,data/processed/train/forged/forgeries_32_14.png,0,skilled_forgery,32,32
data/processed/train/genuine/original_24_1.png,data/processed/train/genuine/original_8_17.png,0,random_forgery,24,8
data/processed/train/genuine/original_32_21.png,data/processed/train/forged/forgeries_32_19.png,0,skilled_forgery,32,32
data/processed/train/genuine/original_7_13.png,data/processed/train/forged/forgeries_7_18.png,0,skilled_forgery,7,7
data/processed/train/genuine/original_21_21.png,data/processed/train/forged/forgeries_21_5.png,0,skilled_forgery,21,21
data/processed/train/genuine/original_14_2.png,data/processed/train/genuine/original_10_6.png,0,random_forgery,14,10
data/processed/train/genuine/original_20_20.png,data/processed/train/forged/forgeries_20_19.png,0,skilled_forgery,20,20
data/processed/train/genuine/original_9_3.png,data/processed/train/genuine/original_9_4.png,1,genuine_genuine,9,9
data/processed/train/genuine/original_12_15.png,data/processed/train/genuine/original_12_17.png,1,genuine_genuine,12,12
data/processed/train/genuine/original_1_22.png,data/processed/train/genuine/original_1_5.png,1,genuine_genuine,1,1
data/processed/train/genuine/original_35_17.png,data/processed/train/genuine/original_35_24.png,1,genuine_genuine,35,35
data/processed/train/genuine/original_7_19.png,data/processed/train/genuine/original_7_2.png,1,genuine_genuine,7,7
data/processed/train/genuine/original_10_12.png,data/processed/train/genuine/original_10_16.png,1,genuine_genuine,10,10
data/processed/train/genuine/original_10_8.png,data/processed/train/forged/forgeries_10_5.png,0,skilled_forgery,10,10
data/processed/train/genuine/original_32_1.png,data/processed/train/forged/forgeries_32_22.png,0,skilled_forgery,32,32
data/processed/train/genuine/original_15_15.png,data/processed/train/genuine/original_15_23.png,1,genuine_genuine,15,15
data/processed/train/genuine/original_23_10.png,data/processed/train/forged/forgeries_23_22.png,0,skilled_forgery,23,23
data/processed/train/genuine/original_32_6.png,data/processed/train/genuine/original_32_8.png,1,genuine_genuine,32,32
data/processed/train/genuine/original_5_16.png,data/processed/train/genuine/original_34_3.png,0,random_forgery,5,34
data/processed/train/genuine/original_35_13.png,data/processed/train/genuine/original_35_23.png,1,genuine_genuine,35,35
data/processed/train/genuine/original_26_8.png,data/processed/train/forged/forgeries_26_10.png,0,skilled_forgery,26,26
data/processed/train/genuine/original_35_4.png,data/processed/train/genuine/original_35_8.png,1,genuine_genuine,35,35
data/processed/train/genuine/original_15_13.png,data/processed/train/genuine/original_15_6.png,1,genuine_genuine,15,15
data/processed/train/genuine/original_6_21.png,data/processed/train/genuine/original_6_6.png,1,genuine_genuine,6,6
data/processed/train/genuine/original_2_2.png,data/processed/train/genuine/original_2_4.png,1,genuine_genuine,2,2
data/processed/train/genuine/original_25_14.png,data/processed/train/genuine/original_25_8.png,1,genuine_genuine,25,25
data/processed/train/genuine/original_20_8.png,data/processed/train/forged/forgeries_20_10.png,0,skilled_forgery,20,20
data/processed/train/genuine/original_33_17.png,data/processed/train/genuine/original_33_2.png,1,genuine_genuine,33,33
data/processed/train/genuine/original_18_13.png,data/processed/train/forged/forgeries_18_24.png,0,skilled_forgery,18,18
data/processed/train/genuine/original_5_11.png,data/processed/train/genuine/original_5_23.png,1,genuine_genuine,5,5
data/processed/train/genuine/original_28_16.png,data/processed/train/genuine/original_28_4.png,1,genuine_genuine,28,28
data/processed/train/genuine/original_15_22.png,data/processed/train/genuine/original_7_16.png,0,random_forgery,15,7
data/processed/train/genuine/original_4_22.png,data/processed/train/genuine/original_12_22.png,0,random_forgery,4,12
data/processed/train/genuine/original_1_20.png,data/processed/train/genuine/original_1_6.png,1,genuine_genuine,1,1
data/processed/train/genuine/original_19_19.png,data/processed/train/genuine/original_3_20.png,0,random_forgery,19,3
data/processed/train/genuine/original_27_10.png,data/processed/train/genuine/original_27_14.png,1,genuine_genuine,27,27
data/processed/train/genuine/original_21_12.png,data/processed/train/genuine/original_21_2.png,1,genuine_genuine,21,21
data/processed/train/genuine/original_15_16.png,data/processed/train/genuine/original_15_6.png,1,genuine_genuine,15,15
data/processed/train/genuine/original_22_8.png,data/processed/train/forged/forgeries_22_16.png,0,skilled_forgery,22,22
data/processed/train/genuine/original_11_19.png,data/processed/train/genuine/original_24_14.png,0,random_forgery,11,24
data/processed/train/genuine/original_27_5.png,data/processed/train/genuine/original_27_7.png,1,genuine_genuine,27,27
data/processed/train/genuine/original_20_1.png,data/processed/train/genuine/original_8_16.png,0,random_forgery,20,8
data/processed/train/genuine/original_31_12.png,data/processed/train/genuine/original_31_3.png,1,genuine_genuine,31,31
data/processed/train/genuine/original_27_2.png,data/processed/train/genuine/original_27_6.png,1,genuine_genuine,27,27
data/processed/train/genuine/original_10_17.png,data/processed/train/genuine/original_10_20.png,1,genuine_genuine,10,10
data/processed/train/genuine/original_29_10.png,data/processed/train/genuine/original_29_2.png,1,genuine_genuine,29,29
data/processed/train/genuine/original_19_18.png,data/processed/train/genuine/original_19_6.png,1,genuine_genuine,19,19
data/processed/train/genuine/original_14_4.png,data/processed/train/forged/forgeries_14_10.png,0,skilled_forgery,14,14
data/processed/train/genuine/original_30_23.png,data/processed/train/forged/forgeries_30_12.png,0,skilled_forgery,30,30
data/processed/train/genuine/original_31_1.png,data/processed/train/genuine/original_10_7.png,0,random_forgery,31,10
data/processed/train/genuine/original_3_16.png,data/processed/train/genuine/original_3_5.png,1,genuine_genuine,3,3
data/processed/train/genuine/original_18_14.png,data/processed/train/genuine/original_18_4.png,1,genuine_genuine,18,18
data/processed/train/genuine/original_25_3.png,data/processed/train/genuine/original_25_8.png,1,genuine_genuine,25,25
data/processed/train/genuine/original_30_16.png,data/processed/train/genuine/original_30_3.png,1,genuine_genuine,30,30
data/processed/train/genuine/original_27_24.png,data/processed/train/genuine/original_23_16.png,0,random_forgery,27,23
data/processed/train/genuine/original_9_11.png,data/processed/train/genuine/original_19_4.png,0,random_forgery,9,19
data/processed/train/genuine/original_23_12.png,data/processed/train/forged/forgeries_23_4.png,0,skilled_forgery,23,23
data/processed/train/genuine/original_10_24.png,data/processed/train/forged/forgeries_10_4.png,0,skilled_forgery,10,10
data/processed/train/genuine/original_6_23.png,data/processed/train/genuine/original_22_4.png,0,random_forgery,6,22
data/processed/train/genuine/original_33_1.png,data/processed/train/genuine/original_33_16.png,1,genuine_genuine,33,33
data/processed/train/genuine/original_21_3.png,data/processed/train/forged/forgeries_21_10.png,0,skilled_forgery,21,21
data/processed/train/genuine/original_16_13.png,data/processed/train/genuine/original_16_14.png,1,genuine_genuine,16,16
data/processed/train/genuine/original_1_3.png,data/processed/train/forged/forgeries_1_1.png,0,skilled_forgery,1,1
data/processed/train/genuine/original_25_13.png,data/processed/train/genuine/original_25_20.png,1,genuine_genuine,25,25
data/processed/train/genuine/original_8_23.png,data/processed/train/forged/forgeries_8_5.png,0,skilled_forgery,8,8
data/processed/train/genuine/original_23_13.png,data/processed/train/genuine/original_23_16.png,1,genuine_genuine,23,23
data/processed/train/genuine/original_12_13.png,data/processed/train/genuine/original_1_7.png,0,random_forgery,12,1
data/processed/train/genuine/original_14_4.png,data/processed/train/genuine/original_24_5.png,0,random_forgery,14,24
data/processed/train/genuine/original_22_11.png,data/processed/train/genuine/original_14_24.png,0,random_forgery,22,14
data/processed/train/genuine/original_20_2.png,data/processed/train/forged/forgeries_20_19.png,0,skilled_forgery,20,20
data/processed/train/genuine/original_3_10.png,data/processed/train/genuine/original_3_20.png,1,genuine_genuine,3,3
data/processed/train/genuine/original_17_12.png,data/processed/train/genuine/original_17_17.png,1,genuine_genuine,17,17
data/processed/train/genuine/original_35_8.png,data/processed/train/genuine/original_35_9.png,1,genuine_genuine,35,35
data/processed/train/genuine/original_3_1.png,data/processed/train/genuine/original_3_22.png,1,genuine_genuine,3,3
data/processed/train/genuine/original_32_23.png,data/processed/train/genuine/original_32_6.png,1,genuine_genuine,32,32
data/processed/train/genuine/original_12_10.png,data/processed/train/genuine/original_12_6.png,1,genuine_genuine,12,12
data/processed/train/genuine/original_11_11.png,data/processed/train/genuine/original_11_15.png,1,genuine_genuine,11,11
data/processed/train/genuine/original_19_17.png,data/processed/train/genuine/original_19_6.png,1,genuine_genuine,19,19
data/processed/train/genuine/original_17_2.png,data/processed/train/forged/forgeries_17_13.png,0,skilled_forgery,17,17
data/processed/train/genuine/original_8_13.png,data/processed/train/genuine/original_8_2.png,1,genuine_genuine,8,8
data/processed/train/genuine/original_15_3.png,data/processed/train/forged/forgeries_15_21.png,0,skilled_forgery,15,15
data/processed/train/genuine/original_28_1.png,data/processed/train/genuine/original_28_14.png,1,genuine_genuine,28,28
data/processed/train/genuine/original_1_21.png,data/processed/train/forged/forgeries_1_11.png,0,skilled_forgery,1,1
data/processed/train/genuine/original_14_10.png,data/processed/train/genuine/original_14_17.png,1,genuine_genuine,14,14
data/processed/train/genuine/original_20_15.png,data/processed/train/genuine/original_20_5.png,1,genuine_genuine,20,20
data/processed/train/genuine/original_6_12.png,data/processed/train/genuine/original_6_3.png,1,genuine_genuine,6,6
data/processed/train/genuine/original_34_6.png,data/processed/train/forged/forgeries_34_14.png,0,skilled_forgery,34,34
data/processed/train/genuine/original_17_9.png,data/processed/train/forged/forgeries_17_23.png,0,skilled_forgery,17,17
data/processed/train/genuine/original_12_12.png,data/processed/train/genuine/original_12_14.png,1,genuine_genuine,12,12
data/processed/train/genuine/original_3_5.png,data/processed/train/genuine/original_3_8.png,1,genuine_genuine,3,3
data/processed/train/genuine/original_3_10.png,data/processed/train/forged/forgeries_3_20.png,0,skilled_forgery,3,3
data/processed/train/genuine/original_6_1.png,data/processed/train/forged/forgeries_6_19.png,0,skilled_forgery,6,6
data/processed/train/genuine/original_21_18.png,data/processed/train/genuine/original_21_19.png,1,genuine_genuine,21,21
data/processed/train/genuine/original_22_17.png,data/processed/train/forged/forgeries_22_24.png,0,skilled_forgery,22,22
data/processed/train/genuine/original_12_16.png,data/processed/train/genuine/original_12_6.png,1,genuine_genuine,12,12
data/processed/train/genuine/original_33_11.png,data/processed/train/forged/forgeries_33_3.png,0,skilled_forgery,33,33
data/processed/train/genuine/original_3_17.png,data/processed/train/forged/forgeries_3_17.png,0,skilled_forgery,3,3
data/processed/train/genuine/original_12_10.png,data/processed/train/genuine/original_12_16.png,1,genuine_genuine,12,12
data/processed/train/genuine/original_32_7.png,data/processed/train/forged/forgeries_32_23.png,0,skilled_forgery,32,32
data/processed/train/genuine/original_13_10.png,data/processed/train/genuine/original_13_6.png,1,genuine_genuine,13,13
data/processed/train/genuine/original_15_3.png,data/processed/train/forged/forgeries_15_2.png,0,skilled_forgery,15,15
data/processed/train/genuine/original_27_12.png,data/processed/train/forged/forgeries_27_14.png,0,skilled_forgery,27,27
data/processed/train/genuine/original_29_6.png,data/processed/train/genuine/original_29_8.png,1,genuine_genuine,29,29
data/processed/train/genuine/original_33_5.png,data/processed/train/genuine/original_33_9.png,1,genuine_genuine,33,33
data/processed/train/genuine/original_7_2.png,data/processed/train/forged/forgeries_7_19.png,0,skilled_forgery,7,7
data/processed/train/genuine/original_7_20.png,data/processed/train/genuine/original_7_22.png,1,genuine_genuine,7,7
data/processed/train/genuine/original_1_11.png,data/processed/train/genuine/original_33_4.png,0,random_forgery,1,33
data/processed/train/genuine/original_7_10.png,data/processed/train/genuine/original_7_19.png,1,genuine_genuine,7,7
data/processed/train/genuine/original_4_15.png,data/processed/train/genuine/original_4_19.png,1,genuine_genuine,4,4
data/processed/train/genuine/original_14_23.png,data/processed/train/genuine/original_13_23.png,0,random_forgery,14,13
data/processed/train/genuine/original_13_7.png,data/processed/train/forged/forgeries_13_10.png,0,skilled_forgery,13,13
data/processed/train/genuine/original_20_4.png,data/processed/train/genuine/original_32_9.png,0,random_forgery,20,32
data/processed/train/genuine/original_29_17.png,data/processed/train/forged/forgeries_29_12.png,0,skilled_forgery,29,29
data/processed/train/genuine/original_8_10.png,data/processed/train/genuine/original_8_7.png,1,genuine_genuine,8,8
data/processed/train/genuine/original_2_1.png,data/processed/train/forged/forgeries_2_9.png,0,skilled_forgery,2,2
data/processed/train/genuine/original_32_5.png,data/processed/train/forged/forgeries_32_4.png,0,skilled_forgery,32,32
data/processed/train/genuine/original_35_21.png,data/processed/train/genuine/original_35_4.png,1,genuine_genuine,35,35
data/processed/train/genuine/original_28_10.png,data/processed/train/genuine/original_28_20.png,1,genuine_genuine,28,28
data/processed/train/genuine/original_1_20.png,data/processed/train/genuine/original_1_9.png,1,genuine_genuine,1,1
data/processed/train/genuine/original_20_1.png,data/processed/train/genuine/original_20_3.png,1,genuine_genuine,20,20
data/processed/train/genuine/original_1_15.png,data/processed/train/genuine/original_1_20.png,1,genuine_genuine,1,1
data/processed/train/genuine/original_27_20.png,data/processed/train/genuine/original_27_24.png,1,genuine_genuine,27,27
data/processed/train/genuine/original_23_9.png,data/processed/train/genuine/original_32_21.png,0,random_forgery,23,32
data/processed/train/genuine/original_23_12.png,data/processed/train/genuine/original_23_3.png,1,genuine_genuine,23,23
data/processed/train/genuine/original_8_14.png,data/processed/train/genuine/original_8_24.png,1,genuine_genuine,8,8
data/processed/train/genuine/original_8_10.png,data/processed/train/genuine/original_31_12.png,0,random_forgery,8,31
data/processed/train/genuine/original_10_23.png,data/processed/train/forged/forgeries_10_2.png,0,skilled_forgery,10,10
data/processed/train/genuine/original_1_13.png,data/processed/train/genuine/original_1_9.png,1,genuine_genuine,1,1
data/processed/train/genuine/original_30_7.png,data/processed/train/genuine/original_30_9.png,1,genuine_genuine,30,30
data/processed/train/genuine/original_5_23.png,data/processed/train/forged/forgeries_5_24.png,0,skilled_forgery,5,5
data/processed/train/genuine/original_33_16.png,data/processed/train/genuine/original_33_2.png,1,genuine_genuine,33,33
data/processed/train/genuine/original_25_18.png,data/processed/train/forged/forgeries_25_11.png,0,skilled_forgery,25,25
data/processed/train/genuine/original_17_10.png,data/processed/train/genuine/original_17_17.png,1,genuine_genuine,17,17
data/processed/train/genuine/original_20_1.png,data/processed/train/genuine/original_20_13.png,1,genuine_genuine,20,20
data/processed/train/genuine/original_28_4.png,data/processed/train/genuine/original_15_13.png,0,random_forgery,28,15
data/processed/train/genuine/original_8_11.png,data/processed/train/genuine/original_8_12.png,1,genuine_genuine,8,8
data/processed/train/genuine/original_35_1.png,data/processed/train/genuine/original_35_14.png,1,genuine_genuine,35,35
data/processed/train/genuine/original_15_20.png,data/processed/train/genuine/original_34_23.png,0,random_forgery,15,34
data/processed/train/genuine/original_24_10.png,data/processed/train/genuine/original_24_19.png,1,genuine_genuine,24,24
data/processed/train/genuine/original_27_8.png,data/processed/train/forged/forgeries_27_19.png,0,skilled_forgery,27,27
data/processed/train/genuine/original_7_13.png,data/processed/train/genuine/original_7_9.png,1,genuine_genuine,7,7
data/processed/train/genuine/original_31_21.png,data/processed/train/forged/forgeries_31_18.png,0,skilled_forgery,31,31
data/processed/train/genuine/original_4_4.png,data/processed/train/genuine/original_4_6.png,1,genuine_genuine,4,4
data/processed/train/genuine/original_9_18.png,data/processed/train/genuine/original_9_2.png,1,genuine_genuine,9,9
data/processed/train/genuine/original_25_24.png,data/processed/train/genuine/original_25_6.png,1,genuine_genuine,25,25
data/processed/train/genuine/original_25_22.png,data/processed/train/genuine/original_25_9.png,1,genuine_genuine,25,25
data/processed/train/genuine/original_7_13.png,data/processed/train/forged/forgeries_7_15.png,0,skilled_forgery,7,7
data/processed/train/genuine/original_33_15.png,data/processed/train/genuine/original_33_7.png,1,genuine_genuine,33,33
data/processed/train/genuine/original_22_5.png,data/processed/train/genuine/original_22_6.png,1,genuine_genuine,22,22
data/processed/train/genuine/original_24_16.png,data/processed/train/genuine/original_24_21.png,1,genuine_genuine,24,24
data/processed/train/genuine/original_20_1.png,data/processed/train/genuine/original_20_20.png,1,genuine_genuine,20,20
data/processed/train/genuine/original_23_19.png,data/processed/train/genuine/original_23_5.png,1,genuine_genuine,23,23
data/processed/train/genuine/original_6_14.png,data/processed/train/genuine/original_6_3.png,1,genuine_genuine,6,6
data/processed/train/genuine/original_24_15.png,data/processed/train/forged/forgeries_24_6.png,0,skilled_forgery,24,24
data/processed/train/genuine/original_35_2.png,data/processed/train/forged/forgeries_35_6.png,0,skilled_forgery,35,35
data/processed/train/genuine/original_17_9.png,data/processed/train/genuine/original_2_22.png,0,random_forgery,17,2
data/processed/train/genuine/original_26_15.png,data/processed/train/forged/forgeries_26_15.png,0,skilled_forgery,26,26
data/processed/train/genuine/original_23_19.png,data/processed/train/genuine/original_17_7.png,0,random_forgery,23,17
data/processed/train/genuine/original_14_11.png,data/processed/train/genuine/original_14_18.png,1,genuine_genuine,14,14
data/processed/train/genuine/original_4_13.png,data/processed/train/genuine/original_17_1.png,0,random_forgery,4,17
data/processed/train/genuine/original_2_16.png,data/processed/train/genuine/original_2_2.png,1,genuine_genuine,2,2
data/processed/train/genuine/original_29_12.png,data/processed/train/genuine/original_29_16.png,1,genuine_genuine,29,29
data/processed/train/genuine/original_4_12.png,data/processed/train/genuine/original_4_6.png,1,genuine_genuine,4,4
data/processed/train/genuine/original_35_6.png,data/processed/train/genuine/original_7_18.png,0,random_forgery,35,7
data/processed/train/genuine/original_6_10.png,data/processed/train/genuine/original_6_13.png,1,genuine_genuine,6,6
data/processed/train/genuine/original_7_20.png,data/processed/train/genuine/original_12_3.png,0,random_forgery,7,12
data/processed/train/genuine/original_25_21.png,data/processed/train/genuine/original_25_23.png,1,genuine_genuine,25,25
data/processed/train/genuine/original_28_16.png,data/processed/train/forged/forgeries_28_12.png,0,skilled_forgery,28,28
data/processed/train/genuine/original_2_20.png,data/processed/train/forged/forgeries_2_8.png,0,skilled_forgery,2,2
data/processed/train/genuine/original_33_12.png,data/processed/train/genuine/original_33_14.png,1,genuine_genuine,33,33
data/processed/train/genuine/original_2_19.png,data/processed/train/genuine/original_2_21.png,1,genuine_genuine,2,2
data/processed/train/genuine/original_17_17.png,data/processed/train/genuine/original_17_22.png,1,genuine_genuine,17,17
data/processed/train/genuine/original_23_13.png,data/processed/train/genuine/original_23_21.png,1,genuine_genuine,23,23
data/processed/train/genuine/original_19_11.png,data/processed/train/genuine/original_19_19.png,1,genuine_genuine,19,19
data/processed/train/genuine/original_22_4.png,data/processed/train/forged/forgeries_22_2.png,0,skilled_forgery,22,22
data/processed/train/genuine/original_23_21.png,data/processed/train/forged/forgeries_23_14.png,0,skilled_forgery,23,23
data/processed/train/genuine/original_27_1.png,data/processed/train/genuine/original_13_6.png,0,random_forgery,27,13
data/processed/train/genuine/original_23_20.png,data/processed/train/genuine/original_7_19.png,0,random_forgery,23,7
data/processed/train/genuine/original_30_12.png,data/processed/train/genuine/original_30_4.png,1,genuine_genuine,30,30
data/processed/train/genuine/original_2_15.png,data/processed/train/genuine/original_2_4.png,1,genuine_genuine,2,2
data/processed/train/genuine/original_28_15.png,data/processed/train/forged/forgeries_28_21.png,0,skilled_forgery,28,28
data/processed/train/genuine/original_27_24.png,data/processed/train/genuine/original_34_11.png,0,random_forgery,27,34
data/processed/train/genuine/original_6_13.png,data/processed/train/genuine/original_6_20.png,1,genuine_genuine,6,6
data/processed/train/genuine/original_13_21.png,data/processed/train/genuine/original_13_24.png,1,genuine_genuine,13,13
data/processed/train/genuine/original_29_17.png,data/processed/train/forged/forgeries_29_3.png,0,skilled_forgery,29,29
data/processed/train/genuine/original_35_13.png,data/processed/train/forged/forgeries_35_9.png,0,skilled_forgery,35,35
data/processed/train/genuine/original_11_2.png,data/processed/train/genuine/original_11_4.png,1,genuine_genuine,11,11
data/processed/train/genuine/original_14_17.png,data/processed/train/genuine/original_14_8.png,1,genuine_genuine,14,14
data/processed/train/genuine/original_1_11.png,data/processed/train/genuine/original_1_5.png,1,genuine_genuine,1,1
data/processed/train/genuine/original_29_5.png,data/processed/train/genuine/original_17_18.png,0,random_forgery,29,17
data/processed/train/genuine/original_25_6.png,data/processed/train/genuine/original_25_8.png,1,genuine_genuine,25,25
data/processed/train/genuine/original_13_11.png,data/processed/train/forged/forgeries_13_11.png,0,skilled_forgery,13,13
data/processed/train/genuine/original_15_23.png,data/processed/train/genuine/original_15_8.png,1,genuine_genuine,15,15
data/processed/train/genuine/original_26_16.png,data/processed/train/genuine/original_26_6.png,1,genuine_genuine,26,26
data/processed/train/genuine/original_7_20.png,data/processed/train/genuine/original_30_18.png,0,random_forgery,7,30
data/processed/train/genuine/original_11_11.png,data/processed/train/genuine/original_11_24.png,1,genuine_genuine,11,11
data/processed/train/genuine/original_1_16.png,data/processed/train/genuine/original_1_6.png,1,genuine_genuine,1,1
data/processed/train/genuine/original_22_14.png,data/processed/train/genuine/original_22_15.png,1,genuine_genuine,22,22
data/processed/train/genuine/original_24_24.png,data/processed/train/forged/forgeries_24_6.png,0,skilled_forgery,24,24
data/processed/train/genuine/original_5_10.png,data/processed/train/forged/forgeries_5_3.png,0,skilled_forgery,5,5
data/processed/train/genuine/original_5_18.png,data/processed/train/genuine/original_5_6.png,1,genuine_genuine,5,5
data/processed/train/genuine/original_32_10.png,data/processed/train/genuine/original_32_22.png,1,genuine_genuine,32,32
data/processed/train/genuine/original_14_22.png,data/processed/train/genuine/original_23_8.png,0,random_forgery,14,23
data/processed/train/genuine/original_20_14.png,data/processed/train/forged/forgeries_20_17.png,0,skilled_forgery,20,20
data/processed/train/genuine/original_22_17.png,data/processed/train/forged/forgeries_22_12.png,0,skilled_forgery,22,22
data/processed/train/genuine/original_12_16.png,data/processed/train/forged/forgeries_12_7.png,0,skilled_forgery,12,12
data/processed/train/genuine/original_28_9.png,data/processed/train/genuine/original_4_12.png,0,random_forgery,28,4
data/processed/train/genuine/original_23_17.png,data/processed/train/forged/forgeries_23_17.png,0,skilled_forgery,23,23
data/processed/train/genuine/original_22_1.png,data/processed/train/forged/forgeries_22_19.png,0,skilled_forgery,22,22
data/processed/train/genuine/original_11_17.png,data/processed/train/genuine/original_11_6.png,1,genuine_genuine,11,11
data/processed/train/genuine/original_34_2.png,data/processed/train/genuine/original_34_20.png,1,genuine_genuine,34,34
data/processed/train/genuine/original_16_3.png,data/processed/train/forged/forgeries_16_22.png,0,skilled_forgery,16,16
data/processed/train/genuine/original_2_11.png,data/processed/train/genuine/original_2_14.png,1,genuine_genuine,2,2
data/processed/train/genuine/original_2_24.png,data/processed/train/genuine/original_34_3.png,0,random_forgery,2,34
data/processed/train/genuine/original_20_11.png,data/processed/train/forged/forgeries_20_1.png,0,skilled_forgery,20,20
data/processed/train/genuine/original_10_1.png,data/processed/train/genuine/original_33_13.png,0,random_forgery,10,33
data/processed/train/genuine/original_32_5.png,data/processed/train/genuine/original_32_9.png,1,genuine_genuine,32,32
data/processed/train/genuine/original_21_10.png,data/processed/train/forged/forgeries_21_2.png,0,skilled_forgery,21,21
data/processed/train/genuine/original_6_8.png,data/processed/train/forged/forgeries_6_21.png,0,skilled_forgery,6,6
data/processed/train/genuine/original_4_23.png,data/processed/train/forged/forgeries_4_20.png,0,skilled_forgery,4,4
data/processed/train/genuine/original_31_4.png,data/processed/train/genuine/original_34_1.png,0,random_forgery,31,34
data/processed/train/genuine/original_35_23.png,data/processed/train/forged/forgeries_35_13.png,0,skilled_forgery,35,35
data/processed/train/genuine/original_34_16.png,data/processed/train/forged/forgeries_34_16.png,0,skilled_forgery,34,34
data/processed/train/genuine/original_17_17.png,data/processed/train/genuine/original_17_6.png,1,genuine_genuine,17,17
data/processed/train/genuine/original_23_20.png,data/processed/train/genuine/original_23_22.png,1,genuine_genuine,23,23
data/processed/train/genuine/original_18_8.png,data/processed/train/genuine/original_13_23.png,0,random_forgery,18,13
data/processed/train/genuine/original_14_20.png,data/processed/train/genuine/original_32_23.png,0,random_forgery,14,32
data/processed/train/genuine/original_8_11.png,data/processed/train/genuine/original_16_15.png,0,random_forgery,8,16
data/processed/train/genuine/original_6_19.png,data/processed/train/genuine/original_6_9.png,1,genuine_genuine,6,6
data/processed/train/genuine/original_15_3.png,data/processed/train/genuine/original_15_5.png,1,genuine_genuine,15,15
data/processed/train/genuine/original_17_15.png,data/processed/train/genuine/original_17_23.png,1,genuine_genuine,17,17
data/processed/train/genuine/original_1_2.png,data/processed/train/genuine/original_1_3.png,1,genuine_genuine,1,1
data/processed/train/genuine/original_10_10.png,data/processed/train/genuine/original_10_8.png,1,genuine_genuine,10,10
data/processed/train/genuine/original_35_13.png,data/processed/train/forged/forgeries_35_20.png,0,skilled_forgery,35,35
data/processed/train/genuine/original_24_24.png,data/processed/train/genuine/original_24_9.png,1,genuine_genuine,24,24
data/processed/train/genuine/original_16_22.png,data/processed/train/genuine/original_16_8.png,1,genuine_genuine,16,16
data/processed/train/genuine/original_33_15.png,data/processed/train/genuine/original_14_21.png,0,random_forgery,33,14
data/processed/train/genuine/original_17_2.png,data/processed/train/genuine/original_17_21.png,1,genuine_genuine,17,17
data/processed/train/genuine/original_33_6.png,data/processed/train/genuine/original_29_9.png,0,random_forgery,33,29
data/processed/train/genuine/original_16_7.png,data/processed/train/forged/forgeries_16_24.png,0,skilled_forgery,16,16
data/processed/train/genuine/original_34_12.png,data/processed/train/genuine/original_34_22.png,1,genuine_genuine,34,34
data/processed/train/genuine/original_28_11.png,data/processed/train/forged/forgeries_28_17.png,0,skilled_forgery,28,28
data/processed/train/genuine/original_10_10.png,data/processed/train/genuine/original_10_14.png,1,genuine_genuine,10,10
data/processed/train/genuine/original_34_17.png,data/processed/train/genuine/original_34_19.png,1,genuine_genuine,34,34
data/processed/train/genuine/original_6_19.png,data/processed/train/genuine/original_8_2.png,0,random_forgery,6,8
data/processed/train/genuine/original_3_13.png,data/processed/train/genuine/original_3_24.png,1,genuine_genuine,3,3
data/processed/train/genuine/original_10_12.png,data/processed/train/genuine/original_28_12.png,0,random_forgery,10,28
data/processed/train/genuine/original_8_13.png,data/processed/train/genuine/original_15_6.png,0,random_forgery,8,15
data/processed/train/genuine/original_25_2.png,data/processed/train/genuine/original_33_14.png,0,random_forgery,25,33
data/processed/train/genuine/original_7_19.png,data/processed/train/forged/forgeries_7_10.png,0,skilled_forgery,7,7
data/processed/train/genuine/original_9_12.png,data/processed/train/genuine/original_9_2.png,1,genuine_genuine,9,9
data/processed/train/genuine/original_12_3.png,data/processed/train/forged/forgeries_12_21.png,0,skilled_forgery,12,12
data/processed/train/genuine/original_7_22.png,data/processed/train/genuine/original_14_11.png,0,random_forgery,7,14
data/processed/train/genuine/original_23_16.png,data/processed/train/genuine/original_23_5.png,1,genuine_genuine,23,23
data/processed/train/genuine/original_17_20.png,data/processed/train/forged/forgeries_17_11.png,0,skilled_forgery,17,17
data/processed/train/genuine/original_2_16.png,data/processed/train/genuine/original_2_6.png,1,genuine_genuine,2,2
data/processed/train/genuine/original_8_3.png,data/processed/train/forged/forgeries_8_21.png,0,skilled_forgery,8,8
data/processed/train/genuine/original_34_7.png,data/processed/train/forged/forgeries_34_18.png,0,skilled_forgery,34,34
data/processed/train/genuine/original_18_11.png,data/processed/train/genuine/original_18_3.png,1,genuine_genuine,18,18
data/processed/train/genuine/original_23_13.png,data/processed/train/forged/forgeries_23_11.png,0,skilled_forgery,23,23
data/processed/train/genuine/original_34_16.png,data/processed/train/genuine/original_19_14.png,0,random_forgery,34,19
data/processed/train/genuine/original_6_8.png,data/processed/train/genuine/original_6_9.png,1,genuine_genuine,6,6
data/processed/train/genuine/original_15_22.png,data/processed/train/forged/forgeries_15_15.png,0,skilled_forgery,15,15
data/processed/train/genuine/original_30_9.png,data/processed/train/forged/forgeries_30_24.png,0,skilled_forgery,30,30
data/processed/train/genuine/original_18_23.png,data/processed/train/genuine/original_12_18.png,0,random_forgery,18,12
data/processed/train/genuine/original_31_22.png,data/processed/train/forged/forgeries_31_21.png,0,skilled_forgery,31,31
data/processed/train/genuine/original_27_1.png,data/processed/train/genuine/original_27_21.png,1,genuine_genuine,27,27
data/processed/train/genuine/original_3_18.png,data/processed/train/genuine/original_24_17.png,0,random_forgery,3,24
data/processed/train/genuine/original_28_14.png,data/processed/train/genuine/original_28_15.png,1,genuine_genuine,28,28
data/processed/train/genuine/original_31_4.png,data/processed/train/genuine/original_22_18.png,0,random_forgery,31,22
data/processed/train/genuine/original_25_20.png,data/processed/train/genuine/original_25_5.png,1,genuine_genuine,25,25
data/processed/train/genuine/original_25_4.png,data/processed/train/genuine/original_25_6.png,1,genuine_genuine,25,25
data/processed/train/genuine/original_21_24.png,data/processed/train/genuine/original_21_6.png,1,genuine_genuine,21,21
data/processed/train/genuine/original_10_1.png,data/processed/train/genuine/original_10_19.png,1,genuine_genuine,10,10
data/processed/train/genuine/original_16_15.png,data/processed/train/genuine/original_16_20.png,1,genuine_genuine,16,16
data/processed/train/genuine/original_26_3.png,data/processed/train/genuine/original_16_8.png,0,random_forgery,26,16
data/processed/train/genuine/original_29_16.png,data/processed/train/genuine/original_11_17.png,0,random_forgery,29,11
data/processed/train/genuine/original_24_1.png,data/processed/train/genuine/original_24_20.png,1,genuine_genuine,24,24
data/processed/train/genuine/original_29_11.png,data/processed/train/genuine/original_29_9.png,1,genuine_genuine,29,29
data/processed/train/genuine/original_9_15.png,data/processed/train/genuine/original_9_20.png,1,genuine_genuine,9,9
data/processed/train/genuine/original_2_23.png,data/processed/train/forged/forgeries_2_23.png,0,skilled_forgery,2,2
data/processed/train/genuine/original_20_17.png,data/processed/train/genuine/original_20_9.png,1,genuine_genuine,20,20
data/processed/train/genuine/original_16_16.png,data/processed/train/genuine/original_16_9.png,1,genuine_genuine,16,16
data/processed/train/genuine/original_18_6.png,data/processed/train/genuine/original_34_18.png,0,random_forgery,18,34
data/processed/train/genuine/original_34_8.png,data/processed/train/forged/forgeries_34_20.png,0,skilled_forgery,34,34
data/processed/train/genuine/original_19_16.png,data/processed/train/genuine/original_19_24.png,1,genuine_genuine,19,19
data/processed/train/genuine/original_30_13.png,data/processed/train/genuine/original_11_1.png,0,random_forgery,30,11
data/processed/train/genuine/original_2_19.png,data/processed/train/genuine/original_2_3.png,1,genuine_genuine,2,2
data/processed/train/genuine/original_20_8.png,data/processed/train/forged/forgeries_20_8.png,0,skilled_forgery,20,20
data/processed/train/genuine/original_23_5.png,data/processed/train/genuine/original_23_7.png,1,genuine_genuine,23,23
data/processed/train/genuine/original_17_13.png,data/processed/train/forged/forgeries_17_22.png,0,skilled_forgery,17,17
data/processed/train/genuine/original_6_1.png,data/processed/train/genuine/original_6_20.png,1,genuine_genuine,6,6
data/processed/train/genuine/original_22_10.png,data/processed/train/genuine/original_22_18.png,1,genuine_genuine,22,22
data/processed/train/genuine/original_9_6.png,data/processed/train/genuine/original_20_14.png,0,random_forgery,9,20
data/processed/train/genuine/original_3_6.png,data/processed/train/forged/forgeries_3_18.png,0,skilled_forgery,3,3
data/processed/train/genuine/original_17_5.png,data/processed/train/forged/forgeries_17_9.png,0,skilled_forgery,17,17
data/processed/train/genuine/original_31_21.png,data/processed/train/genuine/original_31_9.png,1,genuine_genuine,31,31
data/processed/train/genuine/original_25_13.png,data/processed/train/genuine/original_25_9.png,1,genuine_genuine,25,25
data/processed/train/genuine/original_16_24.png,data/processed/train/forged/forgeries_16_20.png,0,skilled_forgery,16,16
data/processed/train/genuine/original_18_4.png,data/processed/train/forged/forgeries_18_24.png,0,skilled_forgery,18,18
data/processed/train/genuine/original_31_5.png,data/processed/train/genuine/original_31_9.png,1,genuine_genuine,31,31
data/processed/train/genuine/original_29_23.png,data/processed/train/genuine/original_29_3.png,1,genuine_genuine,29,29
data/processed/train/genuine/original_15_14.png,data/processed/train/genuine/original_15_18.png,1,genuine_genuine,15,15
data/processed/train/genuine/original_22_5.png,data/processed/train/forged/forgeries_22_16.png,0,skilled_forgery,22,22
data/processed/train/genuine/original_16_10.png,data/processed/train/forged/forgeries_16_15.png,0,skilled_forgery,16,16
data/processed/train/genuine/original_11_15.png,data/processed/train/forged/forgeries_11_3.png,0,skilled_forgery,11,11
data/processed/train/genuine/original_21_21.png,data/processed/train/forged/forgeries_21_4.png,0,skilled_forgery,21,21
data/processed/train/genuine/original_27_22.png,data/processed/train/genuine/original_27_8.png,1,genuine_genuine,27,27
data/processed/train/genuine/original_24_11.png,data/processed/train/forged/forgeries_24_23.png,0,skilled_forgery,24,24
data/processed/train/genuine/original_9_1.png,data/processed/train/genuine/original_9_6.png,1,genuine_genuine,9,9
data/processed/train/genuine/original_2_12.png,data/processed/train/genuine/original_2_23.png,1,genuine_genuine,2,2
data/processed/train/genuine/original_11_7.png,data/processed/train/genuine/original_5_17.png,0,random_forgery,11,5
data/processed/train/genuine/original_14_5.png,data/processed/train/genuine/original_18_7.png,0,random_forgery,14,18
data/processed/train/genuine/original_21_10.png,data/processed/train/forged/forgeries_21_18.png,0,skilled_forgery,21,21
data/processed/train/genuine/original_13_22.png,data/processed/train/genuine/original_13_3.png,1,genuine_genuine,13,13
data/processed/train/genuine/original_9_12.png,data/processed/train/forged/forgeries_9_13.png,0,skilled_forgery,9,9
data/processed/train/genuine/original_35_12.png,data/processed/train/genuine/original_35_7.png,1,genuine_genuine,35,35
data/processed/train/genuine/original_16_3.png,data/processed/train/genuine/original_26_24.png,0,random_forgery,16,26
data/processed/train/genuine/original_27_20.png,data/processed/train/genuine/original_27_8.png,1,genuine_genuine,27,27
data/processed/train/genuine/original_28_20.png,data/processed/train/genuine/original_28_8.png,1,genuine_genuine,28,28
data/processed/train/genuine/original_31_15.png,data/processed/train/genuine/original_31_7.png,1,genuine_genuine,31,31
data/processed/train/genuine/original_24_15.png,data/processed/train/genuine/original_24_5.png,1,genuine_genuine,24,24
data/processed/train/genuine/original_31_3.png,data/processed/train/genuine/original_31_9.png,1,genuine_genuine,31,31
data/processed/train/genuine/original_7_16.png,data/processed/train/genuine/original_7_23.png,1,genuine_genuine,7,7
data/processed/train/genuine/original_19_21.png,data/processed/train/genuine/original_2_11.png,0,random_forgery,19,2
data/processed/train/genuine/original_14_13.png,data/processed/train/genuine/original_18_8.png,0,random_forgery,14,18
data/processed/train/genuine/original_18_1.png,data/processed/train/genuine/original_18_21.png,1,genuine_genuine,18,18
data/processed/train/genuine/original_15_11.png,data/processed/train/genuine/original_15_12.png,1,genuine_genuine,15,15
data/processed/train/genuine/original_12_13.png,data/processed/train/genuine/original_25_24.png,0,random_forgery,12,25
data/processed/train/genuine/original_35_16.png,data/processed/train/genuine/original_18_2.png,0,random_forgery,35,18
data/processed/train/genuine/original_19_21.png,data/processed/train/genuine/original_19_8.png,1,genuine_genuine,19,19
data/processed/train/genuine/original_13_5.png,data/processed/train/forged/forgeries_13_23.png,0,skilled_forgery,13,13
data/processed/train/genuine/original_25_21.png,data/processed/train/genuine/original_11_14.png,0,random_forgery,25,11
data/processed/train/genuine/original_20_12.png,data/processed/train/genuine/original_20_9.png,1,genuine_genuine,20,20
data/processed/train/genuine/original_24_7.png,data/processed/train/forged/forgeries_24_1.png,0,skilled_forgery,24,24
data/processed/train/genuine/original_20_1.png,data/processed/train/genuine/original_13_7.png,0,random_forgery,20,13
data/processed/train/genuine/original_3_10.png,data/processed/train/genuine/original_3_12.png,1,genuine_genuine,3,3
data/processed/train/genuine/original_5_21.png,data/processed/train/genuine/original_5_23.png,1,genuine_genuine,5,5
data/processed/train/genuine/original_5_16.png,data/processed/train/genuine/original_5_22.png,1,genuine_genuine,5,5
data/processed/train/genuine/original_5_23.png,data/processed/train/genuine/original_10_23.png,0,random_forgery,5,10
data/processed/train/genuine/original_34_10.png,data/processed/train/genuine/original_34_3.png,1,genuine_genuine,34,34
data/processed/train/genuine/original_20_14.png,data/processed/train/forged/forgeries_20_6.png,0,skilled_forgery,20,20
data/processed/train/genuine/original_29_22.png,data/processed/train/genuine/original_29_24.png,1,genuine_genuine,29,29
data/processed/train/genuine/original_24_11.png,data/processed/train/forged/forgeries_24_7.png,0,skilled_forgery,24,24
data/processed/train/genuine/original_28_3.png,data/processed/train/forged/forgeries_28_7.png,0,skilled_forgery,28,28
data/processed/train/genuine/original_24_19.png,data/processed/train/genuine/original_6_12.png,0,random_forgery,24,6
data/processed/train/genuine/original_27_1.png,data/processed/train/genuine/original_14_4.png,0,random_forgery,27,14
data/processed/train/genuine/original_25_16.png,data/processed/train/genuine/original_32_11.png,0,random_forgery,25,32
data/processed/train/genuine/original_35_19.png,data/processed/train/genuine/original_35_24.png,1,genuine_genuine,35,35
data/processed/train/genuine/original_28_13.png,data/processed/train/forged/forgeries_28_19.png,0,skilled_forgery,28,28
data/processed/train/genuine/original_7_18.png,data/processed/train/forged/forgeries_7_16.png,0,skilled_forgery,7,7
data/processed/train/genuine/original_12_7.png,data/processed/train/genuine/original_35_5.png,0,random_forgery,12,35
data/processed/train/genuine/original_26_18.png,data/processed/train/genuine/original_26_21.png,1,genuine_genuine,26,26
data/processed/train/genuine/original_29_20.png,data/processed/train/genuine/original_29_21.png,1,genuine_genuine,29,29
data/processed/train/genuine/original_16_14.png,data/processed/train/genuine/original_17_4.png,0,random_forgery,16,17
data/processed/train/genuine/original_15_18.png,data/processed/train/genuine/original_15_4.png,1,genuine_genuine,15,15
data/processed/train/genuine/original_4_18.png,data/processed/train/forged/forgeries_4_11.png,0,skilled_forgery,4,4
data/processed/train/genuine/original_28_5.png,data/processed/train/genuine/original_8_3.png,0,random_forgery,28,8
data/processed/train/genuine/original_5_17.png,data/processed/train/forged/forgeries_5_17.png,0,skilled_forgery,5,5
data/processed/train/genuine/original_9_14.png,data/processed/train/genuine/original_35_4.png,0,random_forgery,9,35
data/processed/train/genuine/original_18_6.png,data/processed/train/genuine/original_27_4.png,0,random_forgery,18,27
data/processed/train/genuine/original_31_16.png,data/processed/train/genuine/original_10_6.png,0,random_forgery,31,10
data/processed/train/genuine/original_25_19.png,data/processed/train/genuine/original_25_7.png,1,genuine_genuine,25,25
data/processed/train/genuine/original_2_8.png,data/processed/train/forged/forgeries_2_21.png,0,skilled_forgery,2,2
data/processed/train/genuine/original_22_18.png,data/processed/train/genuine/original_19_18.png,0,random_forgery,22,19
data/processed/train/genuine/original_12_4.png,data/processed/train/forged/forgeries_12_22.png,0,skilled_forgery,12,12
data/processed/train/genuine/original_35_12.png,data/processed/train/genuine/original_35_14.png,1,genuine_genuine,35,35
data/processed/train/genuine/original_13_13.png,data/processed/train/genuine/original_13_19.png,1,genuine_genuine,13,13
data/processed/train/genuine/original_1_5.png,data/processed/train/genuine/original_1_8.png,1,genuine_genuine,1,1
data/processed/train/genuine/original_5_21.png,data/processed/train/forged/forgeries_5_1.png,0,skilled_forgery,5,5
data/processed/train/genuine/original_35_10.png,data/processed/train/genuine/original_35_20.png,1,genuine_genuine,35,35
data/processed/train/genuine/original_11_15.png,data/processed/train/genuine/original_27_20.png,0,random_forgery,11,27
data/processed/train/genuine/original_21_16.png,data/processed/train/genuine/original_21_22.png,1,genuine_genuine,21,21
data/processed/train/genuine/original_14_5.png,data/processed/train/forged/forgeries_14_3.png,0,skilled_forgery,14,14
data/processed/train/genuine/original_19_10.png,data/processed/train/genuine/original_19_21.png,1,genuine_genuine,19,19
data/processed/train/genuine/original_18_15.png,data/processed/train/genuine/original_18_23.png,1,genuine_genuine,18,18
data/processed/train/genuine/original_24_4.png,data/processed/train/forged/forgeries_24_6.png,0,skilled_forgery,24,24
data/processed/train/genuine/original_11_8.png,data/processed/train/genuine/original_8_13.png,0,random_forgery,11,8
data/processed/train/genuine/original_8_14.png,data/processed/train/genuine/original_8_3.png,1,genuine_genuine,8,8
data/processed/train/genuine/original_10_4.png,data/processed/train/genuine/original_10_9.png,1,genuine_genuine,10,10
data/processed/train/genuine/original_10_13.png,data/processed/train/genuine/original_10_24.png,1,genuine_genuine,10,10
data/processed/train/genuine/original_2_14.png,data/processed/train/genuine/original_28_15.png,0,random_forgery,2,28
data/processed/train/genuine/original_27_9.png,data/processed/train/genuine/original_18_10.png,0,random_forgery,27,18
data/processed/train/genuine/original_20_14.png,data/processed/train/genuine/original_20_7.png,1,genuine_genuine,20,20
data/processed/train/genuine/original_4_20.png,data/processed/train/genuine/original_4_23.png,1,genuine_genuine,4,4
data/processed/train/genuine/original_10_1.png,data/processed/train/forged/forgeries_10_1.png,0,skilled_forgery,10,10
data/processed/train/genuine/original_19_11.png,data/processed/train/forged/forgeries_19_20.png,0,skilled_forgery,19,19
data/processed/train/genuine/original_25_1.png,data/processed/train/genuine/original_25_6.png,1,genuine_genuine,25,25
data/processed/train/genuine/original_14_18.png,data/processed/train/genuine/original_14_19.png,1,genuine_genuine,14,14
data/processed/train/genuine/original_32_8.png,data/processed/train/forged/forgeries_32_1.png,0,skilled_forgery,32,32
data/processed/train/genuine/original_10_10.png,data/processed/train/genuine/original_10_22.png,1,genuine_genuine,10,10
data/processed/train/genuine/original_12_1.png,data/processed/train/genuine/original_12_14.png,1,genuine_genuine,12,12
data/processed/train/genuine/original_16_23.png,data/processed/train/genuine/original_12_8.png,0,random_forgery,16,12
data/processed/train/genuine/original_1_15.png,data/processed/train/genuine/original_1_5.png,1,genuine_genuine,1,1
data/processed/train/genuine/original_3_10.png,data/processed/train/genuine/original_3_16.png,1,genuine_genuine,3,3
data/processed/train/genuine/original_32_8.png,data/processed/train/genuine/original_27_20.png,0,random_forgery,32,27
data/processed/train/genuine/original_20_1.png,data/processed/train/genuine/original_20_9.png,1,genuine_genuine,20,20
data/processed/train/genuine/original_19_3.png,data/processed/train/forged/forgeries_19_17.png,0,skilled_forgery,19,19
data/processed/train/genuine/original_17_7.png,data/processed/train/forged/forgeries_17_5.png,0,skilled_forgery,17,17
data/processed/train/genuine/original_19_21.png,data/processed/train/forged/forgeries_19_2.png,0,skilled_forgery,19,19
data/processed/train/genuine/original_23_14.png,data/processed/train/genuine/original_2_2.png,0,random_forgery,23,2
data/processed/train/genuine/original_5_24.png,data/processed/train/forged/forgeries_5_22.png,0,skilled_forgery,5,5
data/processed/train/genuine/original_11_1.png,data/processed/train/forged/forgeries_11_3.png,0,skilled_forgery,11,11
data/processed/train/genuine/original_26_1.png,data/processed/train/forged/forgeries_26_24.png,0,skilled_forgery,26,26
data/processed/train/genuine/original_32_21.png,data/processed/train/genuine/original_32_22.png,1,genuine_genuine,32,32
data/processed/train/genuine/original_19_10.png,data/processed/train/genuine/original_19_13.png,1,genuine_genuine,19,19
data/processed/train/genuine/original_10_14.png,data/processed/train/forged/forgeries_10_7.png,0,skilled_forgery,10,10
data/processed/train/genuine/original_9_5.png,data/processed/train/forged/forgeries_9_16.png,0,skilled_forgery,9,9
data/processed/train/genuine/original_32_12.png,data/processed/train/genuine/original_32_19.png,1,genuine_genuine,32,32
data/processed/train/genuine/original_25_16.png,data/processed/train/genuine/original_25_9.png,1,genuine_genuine,25,25
data/processed/train/genuine/original_23_13.png,data/processed/train/forged/forgeries_23_21.png,0,skilled_forgery,23,23
data/processed/train/genuine/original_26_6.png,data/processed/train/genuine/original_26_7.png,1,genuine_genuine,26,26
data/processed/train/genuine/original_23_14.png,data/processed/train/genuine/original_23_22.png,1,genuine_genuine,23,23
data/processed/train/genuine/original_32_5.png,data/processed/train/genuine/original_6_21.png,0,random_forgery,32,6
data/processed/train/genuine/original_33_1.png,data/processed/train/genuine/original_33_18.png,1,genuine_genuine,33,33
data/processed/train/genuine/original_4_1.png,data/processed/train/genuine/original_28_16.png,0,random_forgery,4,28
data/processed/train/genuine/original_14_10.png,data/processed/train/forged/forgeries_14_8.png,0,skilled_forgery,14,14
data/processed/train/genuine/original_1_6.png,data/processed/train/genuine/original_1_8.png,1,genuine_genuine,1,1
data/processed/train/genuine/original_27_10.png,data/processed/train/genuine/original_27_19.png,1,genuine_genuine,27,27
data/processed/train/genuine/original_11_3.png,data/processed/train/genuine/original_11_5.png,1,genuine_genuine,11,11
data/processed/train/genuine/original_6_15.png,data/processed/train/genuine/original_6_7.png,1,genuine_genuine,6,6
data/processed/train/genuine/original_4_19.png,data/processed/train/genuine/original_4_24.png,1,genuine_genuine,4,4
data/processed/train/genuine/original_13_16.png,data/processed/train/genuine/original_13_9.png,1,genuine_genuine,13,13
data/processed/train/genuine/original_24_12.png,data/processed/train/genuine/original_24_15.png,1,genuine_genuine,24,24
data/processed/train/genuine/original_3_15.png,data/processed/train/genuine/original_3_6.png,1,genuine_genuine,3,3
data/processed/train/genuine/original_19_18.png,data/processed/train/forged/forgeries_19_6.png,0,skilled_forgery,19,19
data/processed/train/genuine/original_32_7.png,data/processed/train/genuine/original_34_11.png,0,random_forgery,32,34
data/processed/train/genuine/original_17_18.png,data/processed/train/genuine/original_30_12.png,0,random_forgery,17,30
data/processed/train/genuine/original_27_9.png,data/processed/train/forged/forgeries_27_6.png,0,skilled_forgery,27,27
data/processed/train/genuine/original_2_2.png,data/processed/train/genuine/original_2_22.png,1,genuine_genuine,2,2
data/processed/train/genuine/original_8_14.png,data/processed/train/genuine/original_1_11.png,0,random_forgery,8,1
data/processed/train/genuine/original_2_12.png,data/processed/train/genuine/original_2_18.png,1,genuine_genuine,2,2
data/processed/train/genuine/original_20_24.png,data/processed/train/genuine/original_31_12.png,0,random_forgery,20,31
data/processed/train/genuine/original_29_18.png,data/processed/train/genuine/original_29_4.png,1,genuine_genuine,29,29
data/processed/train/genuine/original_29_3.png,data/processed/train/genuine/original_27_4.png,0,random_forgery,29,27
data/processed/train/genuine/original_28_10.png,data/processed/train/forged/forgeries_28_20.png,0,skilled_forgery,28,28
data/processed/train/genuine/original_5_21.png,data/processed/train/genuine/original_5_8.png,1,genuine_genuine,5,5
data/processed/train/genuine/original_32_4.png,data/processed/train/genuine/original_19_22.png,0,random_forgery,32,19
data/processed/train/genuine/original_25_13.png,data/processed/train/forged/forgeries_25_2.png,0,skilled_forgery,25,25
data/processed/train/genuine/original_14_20.png,data/processed/train/genuine/original_27_8.png,0,random_forgery,14,27
data/processed/train/genuine/original_35_19.png,data/processed/train/genuine/original_5_21.png,0,random_forgery,35,5
data/processed/train/genuine/original_1_12.png,data/processed/train/genuine/original_1_22.png,1,genuine_genuine,1,1
data/processed/train/genuine/original_24_8.png,data/processed/train/forged/forgeries_24_18.png,0,skilled_forgery,24,24
data/processed/train/genuine/original_24_1.png,data/processed/train/genuine/original_24_2.png,1,genuine_genuine,24,24
data/processed/train/genuine/original_20_16.png,data/processed/train/forged/forgeries_20_15.png,0,skilled_forgery,20,20
data/processed/train/genuine/original_24_8.png,data/processed/train/genuine/original_18_11.png,0,random_forgery,24,18
data/processed/train/genuine/original_22_19.png,data/processed/train/genuine/original_22_6.png,1,genuine_genuine,22,22
data/processed/train/genuine/original_30_13.png,data/processed/train/genuine/original_30_9.png,1,genuine_genuine,30,30
data/processed/train/genuine/original_34_1.png,data/processed/train/genuine/original_31_24.png,0,random_forgery,34,31
data/processed/train/genuine/original_26_15.png,data/processed/train/genuine/original_26_8.png,1,genuine_genuine,26,26
data/processed/train/genuine/original_33_20.png,data/processed/train/genuine/original_33_4.png,1,genuine_genuine,33,33
data/processed/train/genuine/original_8_24.png,data/processed/train/forged/forgeries_8_20.png,0,skilled_forgery,8,8
data/processed/train/genuine/original_28_1.png,data/processed/train/genuine/original_32_15.png,0,random_forgery,28,32
data/processed/train/genuine/original_27_20.png,data/processed/train/genuine/original_9_13.png,0,random_forgery,27,9
data/processed/train/genuine/original_34_22.png,data/processed/train/genuine/original_34_8.png,1,genuine_genuine,34,34
data/processed/train/genuine/original_27_19.png,data/processed/train/genuine/original_27_8.png,1,genuine_genuine,27,27
data/processed/train/genuine/original_2_16.png,data/processed/train/genuine/original_20_18.png,0,random_forgery,2,20
data/processed/train/genuine/original_13_16.png,data/processed/train/genuine/original_13_8.png,1,genuine_genuine,13,13
data/processed/train/genuine/original_4_12.png,data/processed/train/genuine/original_4_17.png,1,genuine_genuine,4,4
data/processed/train/genuine/original_7_4.png,data/processed/train/forged/forgeries_7_19.png,0,skilled_forgery,7,7
data/processed/train/genuine/original_2_11.png,data/processed/train/genuine/original_2_9.png,1,genuine_genuine,2,2
data/processed/train/genuine/original_35_16.png,data/processed/train/genuine/original_35_24.png,1,genuine_genuine,35,35
data/processed/train/genuine/original_32_21.png,data/processed/train/genuine/original_32_23.png,1,genuine_genuine,32,32
data/processed/train/genuine/original_9_24.png,data/processed/train/genuine/original_4_15.png,0,random_forgery,9,4
data/processed/train/genuine/original_26_3.png,data/processed/train/forged/forgeries_26_14.png,0,skilled_forgery,26,26
data/processed/train/genuine/original_34_22.png,data/processed/train/forged/forgeries_34_10.png,0,skilled_forgery,34,34
data/processed/train/genuine/original_33_7.png,data/processed/train/genuine/original_29_4.png,0,random_forgery,33,29
data/processed/train/genuine/original_27_17.png,data/processed/train/genuine/original_27_9.png,1,genuine_genuine,27,27
data/processed/train/genuine/original_13_2.png,data/processed/train/forged/forgeries_13_11.png,0,skilled_forgery,13,13
data/processed/train/genuine/original_33_16.png,data/processed/train/genuine/original_10_15.png,0,random_forgery,33,10
data/processed/train/genuine/original_4_16.png,data/processed/train/genuine/original_4_24.png,1,genuine_genuine,4,4
data/processed/train/genuine/original_14_11.png,data/processed/train/genuine/original_14_21.png,1,genuine_genuine,14,14
data/processed/train/genuine/original_33_11.png,data/processed/train/forged/forgeries_33_20.png,0,skilled_forgery,33,33
data/processed/train/genuine/original_33_13.png,data/processed/train/genuine/original_33_5.png,1,genuine_genuine,33,33
data/processed/train/genuine/original_28_2.png,data/processed/train/genuine/original_28_9.png,1,genuine_genuine,28,28
data/processed/train/genuine/original_17_5.png,data/processed/train/forged/forgeries_17_11.png,0,skilled_forgery,17,17
data/processed/train/genuine/original_1_10.png,data/processed/train/genuine/original_1_7.png,1,genuine_genuine,1,1
data/processed/train/genuine/original_4_15.png,data/processed/train/genuine/original_4_7.png,1,genuine_genuine,4,4
data/processed/train/genuine/original_8_11.png,data/processed/train/genuine/original_33_1.png,0,random_forgery,8,33
data/processed/train/genuine/original_30_11.png,data/processed/train/genuine/original_30_14.png,1,genuine_genuine,30,30
data/processed/train/genuine/original_34_14.png,data/processed/train/genuine/original_34_3.png,1,genuine_genuine,34,34
data/processed/train/genuine/original_10_1.png,data/processed/train/genuine/original_10_11.png,1,genuine_genuine,10,10
data/processed/train/genuine/original_23_12.png,data/processed/train/genuine/original_23_19.png,1,genuine_genuine,23,23
data/processed/train/genuine/original_16_17.png,data/processed/train/genuine/original_16_7.png,1,genuine_genuine,16,16
data/processed/train/genuine/original_9_11.png,data/processed/train/genuine/original_9_13.png,1,genuine_genuine,9,9
data/processed/train/genuine/original_10_22.png,data/processed/train/genuine/original_10_6.png,1,genuine_genuine,10,10
data/processed/train/genuine/original_25_19.png,data/processed/train/forged/forgeries_25_4.png,0,skilled_forgery,25,25
data/processed/train/genuine/original_27_13.png,data/processed/train/genuine/original_27_22.png,1,genuine_genuine,27,27
data/processed/train/genuine/original_1_23.png,data/processed/train/genuine/original_1_3.png,1,genuine_genuine,1,1
data/processed/train/genuine/original_22_21.png,data/processed/train/genuine/original_22_6.png,1,genuine_genuine,22,22
data/processed/train/genuine/original_12_15.png,data/processed/train/genuine/original_12_9.png,1,genuine_genuine,12,12
data/processed/train/genuine/original_16_2.png,data/processed/train/genuine/original_16_23.png,1,genuine_genuine,16,16
data/processed/train/genuine/original_19_5.png,data/processed/train/forged/forgeries_19_2.png,0,skilled_forgery,19,19
data/processed/train/genuine/original_21_1.png,data/processed/train/genuine/original_28_5.png,0,random_forgery,21,28
data/processed/train/genuine/original_32_19.png,data/processed/train/genuine/original_32_5.png,1,genuine_genuine,32,32
data/processed/train/genuine/original_2_19.png,data/processed/train/genuine/original_2_2.png,1,genuine_genuine,2,2
data/processed/train/genuine/original_24_14.png,data/processed/train/genuine/original_24_6.png,1,genuine_genuine,24,24
data/processed/train/genuine/original_18_2.png,data/processed/train/genuine/original_18_21.png,1,genuine_genuine,18,18
data/processed/train/genuine/original_5_8.png,data/processed/train/forged/forgeries_5_6.png,0,skilled_forgery,5,5
data/processed/train/genuine/original_8_10.png,data/processed/train/genuine/original_8_24.png,1,genuine_genuine,8,8
data/processed/train/genuine/original_6_1.png,data/processed/train/forged/forgeries_6_16.png,0,skilled_forgery,6,6
data/processed/train/genuine/original_1_16.png,data/processed/train/genuine/original_1_22.png,1,genuine_genuine,1,1
data/processed/train/genuine/original_32_17.png,data/processed/train/genuine/original_32_20.png,1,genuine_genuine,32,32
data/processed/train/genuine/original_8_18.png,data/processed/train/genuine/original_8_21.png,1,genuine_genuine,8,8
data/processed/train/genuine/original_14_20.png,data/processed/train/genuine/original_21_11.png,0,random_forgery,14,21
data/processed/train/genuine/original_6_4.png,data/processed/train/forged/forgeries_6_1.png,0,skilled_forgery,6,6
data/processed/train/genuine/original_17_4.png,data/processed/train/genuine/original_17_8.png,1,genuine_genuine,17,17
data/processed/train/genuine/original_11_19.png,data/processed/train/genuine/original_11_2.png,1,genuine_genuine,11,11
data/processed/train/genuine/original_25_9.png,data/processed/train/forged/forgeries_25_20.png,0,skilled_forgery,25,25
data/processed/train/genuine/original_3_3.png,data/processed/train/forged/forgeries_3_20.png,0,skilled_forgery,3,3
data/processed/train/genuine/original_11_19.png,data/processed/train/genuine/original_11_4.png,1,genuine_genuine,11,11
data/processed/train/genuine/original_14_5.png,data/processed/train/forged/forgeries_14_1.png,0,skilled_forgery,14,14
data/processed/train/genuine/original_29_21.png,data/processed/train/genuine/original_35_9.png,0,random_forgery,29,35
data/processed/train/genuine/original_8_15.png,data/processed/train/genuine/original_8_18.png,1,genuine_genuine,8,8
data/processed/train/genuine/original_34_1.png,data/processed/train/genuine/original_34_20.png,1,genuine_genuine,34,34
data/processed/train/genuine/original_32_7.png,data/processed/train/forged/forgeries_32_2.png,0,skilled_forgery,32,32
data/processed/train/genuine/original_1_2.png,data/processed/train/genuine/original_1_20.png,1,genuine_genuine,1,1
data/processed/train/genuine/original_20_19.png,data/processed/train/genuine/original_20_4.png,1,genuine_genuine,20,20
data/processed/train/genuine/original_17_1.png,data/processed/train/genuine/original_17_12.png,1,genuine_genuine,17,17
data/processed/train/genuine/original_31_11.png,data/processed/train/genuine/original_31_17.png,1,genuine_genuine,31,31
data/processed/train/genuine/original_6_4.png,data/processed/train/genuine/original_16_13.png,0,random_forgery,6,16
data/processed/train/genuine/original_23_15.png,data/processed/train/genuine/original_23_9.png,1,genuine_genuine,23,23
data/processed/train/genuine/original_17_1.png,data/processed/train/genuine/original_17_14.png,1,genuine_genuine,17,17
data/processed/train/genuine/original_35_5.png,data/processed/train/genuine/original_2_16.png,0,random_forgery,35,2
data/processed/train/genuine/original_31_24.png,data/processed/train/genuine/original_14_17.png,0,random_forgery,31,14
data/processed/train/genuine/original_24_18.png,data/processed/train/forged/forgeries_24_9.png,0,skilled_forgery,24,24
data/processed/train/genuine/original_23_20.png,data/processed/train/genuine/original_1_22.png,0,random_forgery,23,1
data/processed/train/genuine/original_16_13.png,data/processed/train/genuine/original_16_9.png,1,genuine_genuine,16,16
data/processed/train/genuine/original_3_9.png,data/processed/train/genuine/original_9_23.png,0,random_forgery,3,9
data/processed/train/genuine/original_23_15.png,data/processed/train/forged/forgeries_23_6.png,0,skilled_forgery,23,23
data/processed/train/genuine/original_6_14.png,data/processed/train/genuine/original_6_20.png,1,genuine_genuine,6,6
data/processed/train/genuine/original_3_19.png,data/processed/train/genuine/original_3_21.png,1,genuine_genuine,3,3
data/processed/train/genuine/original_19_20.png,data/processed/train/genuine/original_19_6.png,1,genuine_genuine,19,19
data/processed/train/genuine/original_25_12.png,data/processed/train/genuine/original_25_23.png,1,genuine_genuine,25,25
data/processed/train/genuine/original_5_6.png,data/processed/train/forged/forgeries_5_21.png,0,skilled_forgery,5,5
data/processed/train/genuine/original_28_8.png,data/processed/train/forged/forgeries_28_2.png,0,skilled_forgery,28,28
data/processed/train/genuine/original_6_6.png,data/processed/train/genuine/original_6_8.png,1,genuine_genuine,6,6
data/processed/train/genuine/original_28_2.png,data/processed/train/forged/forgeries_28_19.png,0,skilled_forgery,28,28
data/processed/train/genuine/original_10_23.png,data/processed/train/genuine/original_10_4.png,1,genuine_genuine,10,10
data/processed/train/genuine/original_30_7.png,data/processed/train/forged/forgeries_30_17.png,0,skilled_forgery,30,30
data/processed/train/genuine/original_20_9.png,data/processed/train/genuine/original_17_1.png,0,random_forgery,20,17
data/processed/train/genuine/original_24_24.png,data/processed/train/genuine/original_24_4.png,1,genuine_genuine,24,24
data/processed/train/genuine/original_2_11.png,data/processed/train/genuine/original_2_12.png,1,genuine_genuine,2,2
data/processed/train/genuine/original_24_17.png,data/processed/train/genuine/original_24_20.png,1,genuine_genuine,24,24
data/processed/train/genuine/original_11_14.png,data/processed/train/genuine/original_11_2.png,1,genuine_genuine,11,11
data/processed/train/genuine/original_16_1.png,data/processed/train/genuine/original_28_19.png,0,random_forgery,16,28
data/processed/train/genuine/original_1_6.png,data/processed/train/genuine/original_10_23.png,0,random_forgery,1,10
data/processed/train/genuine/original_25_22.png,data/processed/train/genuine/original_21_3.png,0,random_forgery,25,21
data/processed/train/genuine/original_10_12.png,data/processed/train/genuine/original_10_14.png,1,genuine_genuine,10,10
data/processed/train/genuine/original_14_22.png,data/processed/train/genuine/original_14_9.png,1,genuine_genuine,14,14
data/processed/train/genuine/original_28_18.png,data/processed/train/genuine/original_28_6.png,1,genuine_genuine,28,28
data/processed/train/genuine/original_28_11.png,data/processed/train/forged/forgeries_28_21.png,0,skilled_forgery,28,28
data/processed/train/genuine/original_4_12.png,data/processed/train/genuine/original_4_3.png,1,genuine_genuine,4,4
data/processed/train/genuine/original_26_19.png,data/processed/train/genuine/original_26_24.png,1,genuine_genuine,26,26
data/processed/train/genuine/original_25_17.png,data/processed/train/genuine/original_25_18.png,1,genuine_genuine,25,25
data/processed/train/genuine/original_5_3.png,data/processed/train/genuine/original_5_5.png,1,genuine_genuine,5,5
data/processed/train/genuine/original_13_17.png,data/processed/train/genuine/original_13_21.png,1,genuine_genuine,13,13
data/processed/train/genuine/original_33_13.png,data/processed/train/genuine/original_35_11.png,0,random_forgery,33,35
data/processed/train/genuine/original_18_19.png,data/processed/train/forged/forgeries_18_13.png,0,skilled_forgery,18,18
data/processed/train/genuine/original_26_6.png,data/processed/train/genuine/original_26_8.png,1,genuine_genuine,26,26
data/processed/train/genuine/original_11_15.png,data/processed/train/forged/forgeries_11_8.png,0,skilled_forgery,11,11
data/processed/train/genuine/original_17_10.png,data/processed/train/genuine/original_17_21.png,1,genuine_genuine,17,17
data/processed/train/genuine/original_14_3.png,data/processed/train/genuine/original_14_7.png,1,genuine_genuine,14,14
data/processed/train/genuine/original_13_22.png,data/processed/train/genuine/original_13_9.png,1,genuine_genuine,13,13
data/processed/train/genuine/original_16_7.png,data/processed/train/genuine/original_32_11.png,0,random_forgery,16,32
data/processed/train/genuine/original_7_4.png,data/processed/train/forged/forgeries_7_20.png,0,skilled_forgery,7,7
data/processed/train/genuine/original_10_16.png,data/processed/train/genuine/original_10_23.png,1,genuine_genuine,10,10
data/processed/train/genuine/original_33_11.png,data/processed/train/forged/forgeries_33_4.png,0,skilled_forgery,33,33
data/processed/train/genuine/original_34_19.png,data/processed/train/genuine/original_34_4.png,1,genuine_genuine,34,34
data/processed/train/genuine/original_32_1.png,data/processed/train/genuine/original_32_17.png,1,genuine_genuine,32,32
data/processed/train/genuine/original_16_6.png,data/processed/train/genuine/original_34_6.png,0,random_forgery,16,34
data/processed/train/genuine/original_21_15.png,data/processed/train/forged/forgeries_21_15.png,0,skilled_forgery,21,21
data/processed/train/genuine/original_31_19.png,data/processed/train/forged/forgeries_31_19.png,0,skilled_forgery,31,31
data/processed/train/genuine/original_13_14.png,data/processed/train/genuine/original_13_21.png,1,genuine_genuine,13,13
data/processed/train/genuine/original_3_21.png,data/processed/train/genuine/original_3_6.png,1,genuine_genuine,3,3
data/processed/train/genuine/original_34_22.png,data/processed/train/genuine/original_30_16.png,0,random_forgery,34,30
data/processed/train/genuine/original_17_24.png,data/processed/train/genuine/original_17_7.png,1,genuine_genuine,17,17
data/processed/train/genuine/original_22_20.png,data/processed/train/genuine/original_22_4.png,1,genuine_genuine,22,22
data/processed/train/genuine/original_22_16.png,data/processed/train/genuine/original_22_21.png,1,genuine_genuine,22,22
data/processed/train/genuine/original_23_1.png,data/processed/train/genuine/original_23_16.png,1,genuine_genuine,23,23
data/processed/train/genuine/original_12_14.png,data/processed/train/forged/forgeries_12_10.png,0,skilled_forgery,12,12
data/processed/train/genuine/original_2_21.png,data/processed/train/forged/forgeries_2_10.png,0,skilled_forgery,2,2
data/processed/train/genuine/original_33_3.png,data/processed/train/genuine/original_33_7.png,1,genuine_genuine,33,33
data/processed/train/genuine/original_21_13.png,data/processed/train/genuine/original_21_19.png,1,genuine_genuine,21,21
data/processed/train/genuine/original_31_23.png,data/processed/train/genuine/original_31_3.png,1,genuine_genuine,31,31
data/processed/train/genuine/original_8_20.png,data/processed/train/forged/forgeries_8_2.png,0,skilled_forgery,8,8
data/processed/train/genuine/original_18_2.png,data/processed/train/genuine/original_18_8.png,1,genuine_genuine,18,18
data/processed/train/genuine/original_3_22.png,data/processed/train/forged/forgeries_3_6.png,0,skilled_forgery,3,3
data/processed/train/genuine/original_20_5.png,data/processed/train/forged/forgeries_20_16.png,0,skilled_forgery,20,20
data/processed/train/genuine/original_18_17.png,data/processed/train/genuine/original_18_6.png,1,genuine_genuine,18,18
data/processed/train/genuine/original_26_16.png,data/processed/train/genuine/original_29_16.png,0,random_forgery,26,29
data/processed/train/genuine/original_28_22.png,data/processed/train/forged/forgeries_28_16.png,0,skilled_forgery,28,28
data/processed/train/genuine/original_35_6.png,data/processed/train/forged/forgeries_35_9.png,0,skilled_forgery,35,35
data/processed/train/genuine/original_25_21.png,data/processed/train/forged/forgeries_25_22.png,0,skilled_forgery,25,25
data/processed/train/genuine/original_27_13.png,data/processed/train/genuine/original_27_20.png,1,genuine_genuine,27,27
data/processed/train/genuine/original_35_23.png,data/processed/train/genuine/original_35_6.png,1,genuine_genuine,35,35
data/processed/train/genuine/original_28_19.png,data/processed/train/genuine/original_28_7.png,1,genuine_genuine,28,28
data/processed/train/genuine/original_27_21.png,data/processed/train/genuine/original_27_8.png,1,genuine_genuine,27,27
data/processed/train/genuine/original_23_13.png,data/processed/train/genuine/original_23_2.png,1,genuine_genuine,23,23
data/processed/train/genuine/original_5_17.png,data/processed/train/genuine/original_5_21.png,1,genuine_genuine,5,5
data/processed/train/genuine/original_18_7.png,data/processed/train/genuine/original_6_19.png,0,random_forgery,18,6
data/processed/train/genuine/original_29_19.png,data/processed/train/genuine/original_29_3.png,1,genuine_genuine,29,29
data/processed/train/genuine/original_18_1.png,data/processed/train/genuine/original_18_11.png,1,genuine_genuine,18,18
data/processed/train/genuine/original_1_1.png,data/processed/train/genuine/original_1_2.png,1,genuine_genuine,1,1
data/processed/train/genuine/original_24_14.png,data/processed/train/genuine/original_24_21.png,1,genuine_genuine,24,24
data/processed/train/genuine/original_2_13.png,data/processed/train/genuine/original_23_13.png,0,random_forgery,2,23
data/processed/train/genuine/original_20_20.png,data/processed/train/forged/forgeries_20_13.png,0,skilled_forgery,20,20
data/processed/train/genuine/original_20_10.png,data/processed/train/genuine/original_20_4.png,1,genuine_genuine,20,20
data/processed/train/genuine/original_30_19.png,data/processed/train/genuine/original_30_8.png,1,genuine_genuine,30,30
data/processed/train/genuine/original_17_7.png,data/processed/train/genuine/original_17_9.png,1,genuine_genuine,17,17
data/processed/train/genuine/original_20_20.png,data/processed/train/forged/forgeries_20_9.png,0,skilled_forgery,20,20
data/processed/train/genuine/original_21_20.png,data/processed/train/genuine/original_9_6.png,0,random_forgery,21,9
data/processed/train/genuine/original_30_21.png,data/processed/train/genuine/original_30_6.png,1,genuine_genuine,30,30
data/processed/train/genuine/original_32_23.png,data/processed/train/forged/forgeries_32_8.png,0,skilled_forgery,32,32
data/processed/train/genuine/original_1_19.png,data/processed/train/genuine/original_1_5.png,1,genuine_genuine,1,1
data/processed/train/genuine/original_16_11.png,data/processed/train/genuine/original_26_21.png,0,random_forgery,16,26
data/processed/train/genuine/original_9_21.png,data/processed/train/genuine/original_9_22.png,1,genuine_genuine,9,9
data/processed/train/genuine/original_23_24.png,data/processed/train/genuine/original_23_4.png,1,genuine_genuine,23,23
data/processed/train/genuine/original_7_4.png,data/processed/train/genuine/original_23_7.png,0,random_forgery,7,23
data/processed/train/genuine/original_19_3.png,data/processed/train/genuine/original_19_6.png,1,genuine_genuine,19,19
data/processed/train/genuine/original_8_20.png,data/processed/train/forged/forgeries_8_6.png,0,skilled_forgery,8,8
data/processed/train/genuine/original_5_21.png,data/processed/train/forged/forgeries_5_24.png,0,skilled_forgery,5,5
data/processed/train/genuine/original_4_7.png,data/processed/train/genuine/original_25_6.png,0,random_forgery,4,25
data/processed/train/genuine/original_3_5.png,data/processed/train/genuine/original_3_7.png,1,genuine_genuine,3,3
data/processed/train/genuine/original_31_12.png,data/processed/train/genuine/original_14_22.png,0,random_forgery,31,14
data/processed/train/genuine/original_34_7.png,data/processed/train/forged/forgeries_34_19.png,0,skilled_forgery,34,34
data/processed/train/genuine/original_10_1.png,data/processed/train/genuine/original_33_12.png,0,random_forgery,10,33
data/processed/train/genuine/original_9_18.png,data/processed/train/genuine/original_9_21.png,1,genuine_genuine,9,9
data/processed/train/genuine/original_10_13.png,data/processed/train/genuine/original_30_9.png,0,random_forgery,10,30
data/processed/train/genuine/original_22_1.png,data/processed/train/genuine/original_22_5.png,1,genuine_genuine,22,22
data/processed/train/genuine/original_11_15.png,data/processed/train/forged/forgeries_11_2.png,0,skilled_forgery,11,11
data/processed/train/genuine/original_4_11.png,data/processed/train/genuine/original_4_23.png,1,genuine_genuine,4,4
data/processed/train/genuine/original_2_13.png,data/processed/train/genuine/original_2_18.png,1,genuine_genuine,2,2
data/processed/train/genuine/original_7_15.png,data/processed/train/forged/forgeries_7_4.png,0,skilled_forgery,7,7
data/processed/train/genuine/original_30_22.png,data/processed/train/genuine/original_6_11.png,0,random_forgery,30,6
data/processed/train/genuine/original_30_23.png,data/processed/train/forged/forgeries_30_22.png,0,skilled_forgery,30,30
data/processed/train/genuine/original_33_23.png,data/processed/train/forged/forgeries_33_24.png,0,skilled_forgery,33,33
data/processed/train/genuine/original_4_15.png,data/processed/train/genuine/original_4_24.png,1,genuine_genuine,4,4
data/processed/train/genuine/original_21_3.png,data/processed/train/genuine/original_21_9.png,1,genuine_genuine,21,21
data/processed/train/genuine/original_35_12.png,data/processed/train/genuine/original_1_3.png,0,random_forgery,35,1
data/processed/train/genuine/original_28_7.png,data/processed/train/forged/forgeries_28_3.png,0,skilled_forgery,28,28
data/processed/train/genuine/original_5_17.png,data/processed/train/genuine/original_5_23.png,1,genuine_genuine,5,5
data/processed/train/genuine/original_13_11.png,data/processed/train/genuine/original_13_21.png,1,genuine_genuine,13,13
data/processed/train/genuine/original_22_11.png,data/processed/train/genuine/original_22_6.png,1,genuine_genuine,22,22
data/processed/train/genuine/original_18_19.png,data/processed/train/forged/forgeries_18_7.png,0,skilled_forgery,18,18
data/processed/train/genuine/original_34_11.png,data/processed/train/genuine/original_34_23.png,1,genuine_genuine,34,34
data/processed/train/genuine/original_9_2.png,data/processed/train/genuine/original_15_11.png,0,random_forgery,9,15
data/processed/train/genuine/original_25_10.png,data/processed/train/genuine/original_25_24.png,1,genuine_genuine,25,25
data/processed/train/genuine/original_35_11.png,data/processed/train/genuine/original_35_17.png,1,genuine_genuine,35,35
data/processed/train/genuine/original_23_12.png,data/processed/train/genuine/original_23_18.png,1,genuine_genuine,23,23
data/processed/train/genuine/original_28_3.png,data/processed/train/genuine/original_28_8.png,1,genuine_genuine,28,28
data/processed/train/genuine/original_9_12.png,data/processed/train/genuine/original_9_14.png,1,genuine_genuine,9,9
data/processed/train/genuine/original_32_11.png,data/processed/train/genuine/original_32_13.png,1,genuine_genuine,32,32
data/processed/train/genuine/original_6_16.png,data/processed/train/genuine/original_19_3.png,0,random_forgery,6,19
data/processed/train/genuine/original_14_21.png,data/processed/train/genuine/original_8_13.png,0,random_forgery,14,8
data/processed/train/genuine/original_28_3.png,data/processed/train/genuine/original_28_5.png,1,genuine_genuine,28,28
data/processed/train/genuine/original_33_17.png,data/processed/train/genuine/original_33_4.png,1,genuine_genuine,33,33
data/processed/train/genuine/original_8_6.png,data/processed/train/forged/forgeries_8_2.png,0,skilled_forgery,8,8
data/processed/train/genuine/original_19_14.png,data/processed/train/genuine/original_19_21.png,1,genuine_genuine,19,19
data/processed/train/genuine/original_16_22.png,data/processed/train/forged/forgeries_16_20.png,0,skilled_forgery,16,16
data/processed/train/genuine/original_9_7.png,data/processed/train/forged/forgeries_9_4.png,0,skilled_forgery,9,9
data/processed/train/genuine/original_27_12.png,data/processed/train/forged/forgeries_27_12.png,0,skilled_forgery,27,27
data/processed/train/genuine/original_28_14.png,data/processed/train/genuine/original_28_18.png,1,genuine_genuine,28,28
data/processed/train/genuine/original_22_6.png,data/processed/train/genuine/original_25_16.png,0,random_forgery,22,25
data/processed/train/genuine/original_4_4.png,data/processed/train/genuine/original_7_4.png,0,random_forgery,4,7
data/processed/train/genuine/original_22_2.png,data/processed/train/genuine/original_22_20.png,1,genuine_genuine,22,22
data/processed/train/genuine/original_5_11.png,data/processed/train/genuine/original_5_17.png,1,genuine_genuine,5,5
data/processed/train/genuine/original_32_18.png,data/processed/train/forged/forgeries_32_11.png,0,skilled_forgery,32,32
data/processed/train/genuine/original_12_18.png,data/processed/train/forged/forgeries_12_18.png,0,skilled_forgery,12,12
data/processed/train/genuine/original_12_22.png,data/processed/train/genuine/original_12_24.png,1,genuine_genuine,12,12
data/processed/train/genuine/original_34_3.png,data/processed/train/genuine/original_22_10.png,0,random_forgery,34,22
data/processed/train/genuine/original_16_8.png,data/processed/train/genuine/original_16_9.png,1,genuine_genuine,16,16
data/processed/train/genuine/original_8_13.png,data/processed/train/genuine/original_8_3.png,1,genuine_genuine,8,8
data/processed/train/genuine/original_9_4.png,data/processed/train/forged/forgeries_9_15.png,0,skilled_forgery,9,9
data/processed/train/genuine/original_16_3.png,data/processed/train/genuine/original_16_9.png,1,genuine_genuine,16,16
data/processed/train/genuine/original_34_23.png,data/processed/train/genuine/original_34_5.png,1,genuine_genuine,34,34
data/processed/train/genuine/original_12_1.png,data/processed/train/genuine/original_12_9.png,1,genuine_genuine,12,12
data/processed/train/genuine/original_29_1.png,data/processed/train/genuine/original_29_9.png,1,genuine_genuine,29,29
data/processed/train/genuine/original_34_20.png,data/processed/train/forged/forgeries_34_7.png,0,skilled_forgery,34,34
data/processed/train/genuine/original_11_1.png,data/processed/train/genuine/original_3_17.png,0,random_forgery,11,3
data/processed/train/genuine/original_19_21.png,data/processed/train/genuine/original_19_6.png,1,genuine_genuine,19,19
data/processed/train/genuine/original_14_18.png,data/processed/train/genuine/original_14_20.png,1,genuine_genuine,14,14
data/processed/train/genuine/original_17_16.png,data/processed/train/genuine/original_17_2.png,1,genuine_genuine,17,17
data/processed/train/genuine/original_13_3.png,data/processed/train/forged/forgeries_13_2.png,0,skilled_forgery,13,13
data/processed/train/genuine/original_26_15.png,data/processed/train/genuine/original_26_22.png,1,genuine_genuine,26,26
data/processed/train/genuine/original_14_20.png,data/processed/train/forged/forgeries_14_8.png,0,skilled_forgery,14,14
data/processed/train/genuine/original_7_5.png,data/processed/train/genuine/original_7_6.png,1,genuine_genuine,7,7
data/processed/train/genuine/original_24_12.png,data/processed/train/genuine/original_24_22.png,1,genuine_genuine,24,24
data/processed/train/genuine/original_23_17.png,data/processed/train/genuine/original_23_8.png,1,genuine_genuine,23,23
data/processed/train/genuine/original_33_13.png,data/processed/train/genuine/original_18_20.png,0,random_forgery,33,18
data/processed/train/genuine/original_28_1.png,data/processed/train/genuine/original_28_10.png,1,genuine_genuine,28,28
data/processed/train/genuine/original_24_13.png,data/processed/train/genuine/original_23_10.png,0,random_forgery,24,23
data/processed/train/genuine/original_5_1.png,data/processed/train/genuine/original_5_22.png,1,genuine_genuine,5,5
data/processed/train/genuine/original_4_13.png,data/processed/train/genuine/original_4_22.png,1,genuine_genuine,4,4
data/processed/train/genuine/original_16_16.png,data/processed/train/genuine/original_16_21.png,1,genuine_genuine,16,16
data/processed/train/genuine/original_7_1.png,data/processed/train/forged/forgeries_7_18.png,0,skilled_forgery,7,7
data/processed/train/genuine/original_30_1.png,data/processed/train/genuine/original_30_21.png,1,genuine_genuine,30,30
data/processed/train/genuine/original_32_2.png,data/processed/train/forged/forgeries_32_10.png,0,skilled_forgery,32,32
data/processed/train/genuine/original_26_13.png,data/processed/train/forged/forgeries_26_11.png,0,skilled_forgery,26,26
data/processed/train/genuine/original_11_20.png,data/processed/train/genuine/original_31_19.png,0,random_forgery,11,31
data/processed/train/genuine/original_4_24.png,data/processed/train/genuine/original_4_3.png,1,genuine_genuine,4,4
data/processed/train/genuine/original_7_24.png,data/processed/train/genuine/original_17_3.png,0,random_forgery,7,17
data/processed/train/genuine/original_32_19.png,data/processed/train/genuine/original_32_3.png,1,genuine_genuine,32,32
data/processed/train/genuine/original_6_15.png,data/processed/train/genuine/original_6_16.png,1,genuine_genuine,6,6
data/processed/train/genuine/original_29_12.png,data/processed/train/forged/forgeries_29_8.png,0,skilled_forgery,29,29
data/processed/train/genuine/original_4_3.png,data/processed/train/forged/forgeries_4_21.png,0,skilled_forgery,4,4
data/processed/train/genuine/original_5_22.png,data/processed/train/genuine/original_5_5.png,1,genuine_genuine,5,5
data/processed/train/genuine/original_24_4.png,data/processed/train/genuine/original_21_2.png,0,random_forgery,24,21
data/processed/train/genuine/original_18_15.png,data/processed/train/forged/forgeries_18_15.png,0,skilled_forgery,18,18
data/processed/train/genuine/original_16_9.png,data/processed/train/genuine/original_8_14.png,0,random_forgery,16,8
data/processed/train/genuine/original_22_13.png,data/processed/train/genuine/original_22_6.png,1,genuine_genuine,22,22
data/processed/train/genuine/original_21_13.png,data/processed/train/forged/forgeries_21_4.png,0,skilled_forgery,21,21
data/processed/train/genuine/original_6_24.png,data/processed/train/forged/forgeries_6_10.png,0,skilled_forgery,6,6
data/processed/train/genuine/original_3_15.png,data/processed/train/forged/forgeries_3_20.png,0,skilled_forgery,3,3
data/processed/train/genuine/original_11_23.png,data/processed/train/genuine/original_31_22.png,0,random_forgery,11,31
data/processed/train/genuine/original_25_2.png,data/processed/train/genuine/original_25_3.png,1,genuine_genuine,25,25
data/processed/train/genuine/original_20_20.png,data/processed/train/genuine/original_20_6.png,1,genuine_genuine,20,20
data/processed/train/genuine/original_10_18.png,data/processed/train/forged/forgeries_10_13.png,0,skilled_forgery,10,10
data/processed/train/genuine/original_18_6.png,data/processed/train/genuine/original_18_7.png,1,genuine_genuine,18,18
data/processed/train/genuine/original_8_18.png,data/processed/train/genuine/original_8_4.png,1,genuine_genuine,8,8
data/processed/train/genuine/original_15_10.png,data/processed/train/genuine/original_15_20.png,1,genuine_genuine,15,15
data/processed/train/genuine/original_8_1.png,data/processed/train/genuine/original_8_18.png,1,genuine_genuine,8,8
data/processed/train/genuine/original_22_20.png,data/processed/train/genuine/original_22_6.png,1,genuine_genuine,22,22
data/processed/train/genuine/original_2_18.png,data/processed/train/genuine/original_2_8.png,1,genuine_genuine,2,2
data/processed/train/genuine/original_16_2.png,data/processed/train/genuine/original_3_20.png,0,random_forgery,16,3
data/processed/train/genuine/original_7_11.png,data/processed/train/genuine/original_7_16.png,1,genuine_genuine,7,7
data/processed/train/genuine/original_23_2.png,data/processed/train/genuine/original_32_16.png,0,random_forgery,23,32
data/processed/train/genuine/original_15_2.png,data/processed/train/genuine/original_27_3.png,0,random_forgery,15,27
data/processed/train/genuine/original_18_9.png,data/processed/train/genuine/original_13_11.png,0,random_forgery,18,13
data/processed/train/genuine/original_34_16.png,data/processed/train/genuine/original_34_7.png,1,genuine_genuine,34,34
data/processed/train/genuine/original_15_11.png,data/processed/train/genuine/original_29_16.png,0,random_forgery,15,29
data/processed/train/genuine/original_10_17.png,data/processed/train/genuine/original_10_7.png,1,genuine_genuine,10,10
data/processed/train/genuine/original_19_21.png,data/processed/train/forged/forgeries_19_22.png,0,skilled_forgery,19,19
data/processed/train/genuine/original_34_12.png,data/processed/train/genuine/original_34_18.png,1,genuine_genuine,34,34
data/processed/train/genuine/original_1_10.png,data/processed/train/genuine/original_1_18.png,1,genuine_genuine,1,1
data/processed/train/genuine/original_9_4.png,data/processed/train/genuine/original_9_5.png,1,genuine_genuine,9,9
data/processed/train/genuine/original_29_6.png,data/processed/train/genuine/original_29_9.png,1,genuine_genuine,29,29
data/processed/train/genuine/original_22_18.png,data/processed/train/genuine/original_22_5.png,1,genuine_genuine,22,22
data/processed/train/genuine/original_11_20.png,data/processed/train/genuine/original_1_6.png,0,random_forgery,11,1
data/processed/train/genuine/original_3_20.png,data/processed/train/forged/forgeries_3_22.png,0,skilled_forgery,3,3
data/processed/train/genuine/original_19_15.png,data/processed/train/genuine/original_19_8.png,1,genuine_genuine,19,19
data/processed/train/genuine/original_17_22.png,data/processed/train/genuine/original_30_4.png,0,random_forgery,17,30
data/processed/train/genuine/original_24_11.png,data/processed/train/genuine/original_24_15.png,1,genuine_genuine,24,24
data/processed/train/genuine/original_20_9.png,data/processed/train/forged/forgeries_20_2.png,0,skilled_forgery,20,20
data/processed/train/genuine/original_13_1.png,data/processed/train/genuine/original_26_3.png,0,random_forgery,13,26
data/processed/train/genuine/original_10_14.png,data/processed/train/genuine/original_10_4.png,1,genuine_genuine,10,10
data/processed/train/genuine/original_17_9.png,data/processed/train/forged/forgeries_17_24.png,0,skilled_forgery,17,17
data/processed/train/genuine/original_31_10.png,data/processed/train/genuine/original_4_8.png,0,random_forgery,31,4
data/processed/train/genuine/original_10_20.png,data/processed/train/genuine/original_10_23.png,1,genuine_genuine,10,10
data/processed/train/genuine/original_26_12.png,data/processed/train/genuine/original_26_15.png,1,genuine_genuine,26,26
data/processed/train/genuine/original_13_15.png,data/processed/train/forged/forgeries_13_14.png,0,skilled_forgery,13,13
data/processed/train/genuine/original_27_10.png,data/processed/train/genuine/original_27_17.png,1,genuine_genuine,27,27
data/processed/train/genuine/original_21_2.png,data/processed/train/genuine/original_21_5.png,1,genuine_genuine,21,21
data/processed/train/genuine/original_7_9.png,data/processed/train/forged/forgeries_7_20.png,0,skilled_forgery,7,7
data/processed/train/genuine/original_13_21.png,data/processed/train/forged/forgeries_13_5.png,0,skilled_forgery,13,13
data/processed/train/genuine/original_20_12.png,data/processed/train/genuine/original_20_8.png,1,genuine_genuine,20,20
data/processed/train/genuine/original_25_23.png,data/processed/train/forged/forgeries_25_11.png,0,skilled_forgery,25,25
data/processed/train/genuine/original_2_10.png,data/processed/train/genuine/original_9_16.png,0,random_forgery,2,9
data/processed/train/genuine/original_8_1.png,data/processed/train/forged/forgeries_8_10.png,0,skilled_forgery,8,8
data/processed/train/genuine/original_28_11.png,data/processed/train/genuine/original_23_21.png,0,random_forgery,28,23
data/processed/train/genuine/original_4_11.png,data/processed/train/genuine/original_4_4.png,1,genuine_genuine,4,4
data/processed/train/genuine/original_1_24.png,data/processed/train/genuine/original_1_7.png,1,genuine_genuine,1,1
data/processed/train/genuine/original_26_20.png,data/processed/train/genuine/original_26_6.png,1,genuine_genuine,26,26
data/processed/train/genuine/original_8_12.png,data/processed/train/genuine/original_14_13.png,0,random_forgery,8,14
data/processed/train/genuine/original_35_10.png,data/processed/train/genuine/original_35_8.png,1,genuine_genuine,35,35
data/processed/train/genuine/original_15_7.png,data/processed/train/genuine/original_15_9.png,1,genuine_genuine,15,15
data/processed/train/genuine/original_10_23.png,data/processed/train/genuine/original_10_24.png,1,genuine_genuine,10,10
data/processed/train/genuine/original_9_17.png,data/processed/train/forged/forgeries_9_5.png,0,skilled_forgery,9,9
data/processed/train/genuine/original_4_1.png,data/processed/train/genuine/original_4_19.png,1,genuine_genuine,4,4
data/processed/train/genuine/original_12_1.png,data/processed/train/genuine/original_12_20.png,1,genuine_genuine,12,12
data/processed/train/genuine/original_9_5.png,data/processed/train/forged/forgeries_9_13.png,0,skilled_forgery,9,9
data/processed/train/genuine/original_23_23.png,data/processed/train/genuine/original_23_8.png,1,genuine_genuine,23,23
data/processed/train/genuine/original_28_13.png,data/processed/train/genuine/original_28_6.png,1,genuine_genuine,28,28
data/processed/train/genuine/original_6_14.png,data/processed/train/genuine/original_6_8.png,1,genuine_genuine,6,6
data/processed/train/genuine/original_30_15.png,data/processed/train/forged/forgeries_30_14.png,0,skilled_forgery,30,30
data/processed/train/genuine/original_19_16.png,data/processed/train/forged/forgeries_19_20.png,0,skilled_forgery,19,19
data/processed/train/genuine/original_3_14.png,data/processed/train/genuine/original_3_7.png,1,genuine_genuine,3,3
data/processed/train/genuine/original_21_5.png,data/processed/train/genuine/original_21_8.png,1,genuine_genuine,21,21
data/processed/train/genuine/original_2_16.png,data/processed/train/genuine/original_7_22.png,0,random_forgery,2,7
data/processed/train/genuine/original_17_2.png,data/processed/train/forged/forgeries_17_3.png,0,skilled_forgery,17,17
data/processed/train/genuine/original_25_19.png,data/processed/train/genuine/original_25_24.png,1,genuine_genuine,25,25
data/processed/train/genuine/original_22_6.png,data/processed/train/forged/forgeries_22_18.png,0,skilled_forgery,22,22
data/processed/train/genuine/original_15_10.png,data/processed/train/forged/forgeries_15_8.png,0,skilled_forgery,15,15
data/processed/train/genuine/original_35_16.png,data/processed/train/genuine/original_35_23.png,1,genuine_genuine,35,35
data/processed/train/genuine/original_10_10.png,data/processed/train/genuine/original_6_21.png,0,random_forgery,10,6
data/processed/train/genuine/original_20_19.png,data/processed/train/genuine/original_10_14.png,0,random_forgery,20,10
data/processed/train/genuine/original_18_16.png,data/processed/train/forged/forgeries_18_16.png,0,skilled_forgery,18,18
data/processed/train/genuine/original_9_12.png,data/processed/train/genuine/original_9_22.png,1,genuine_genuine,9,9
data/processed/train/genuine/original_15_16.png,data/processed/train/genuine/original_15_4.png,1,genuine_genuine,15,15
data/processed/train/genuine/original_11_15.png,data/processed/train/genuine/original_11_24.png,1,genuine_genuine,11,11
data/processed/train/genuine/original_33_11.png,data/processed/train/genuine/original_33_9.png,1,genuine_genuine,33,33
data/processed/train/genuine/original_33_9.png,data/processed/train/genuine/original_32_4.png,0,random_forgery,33,32
data/processed/train/genuine/original_18_12.png,data/processed/train/genuine/original_18_16.png,1,genuine_genuine,18,18
data/processed/train/genuine/original_24_15.png,data/processed/train/genuine/original_1_8.png,0,random_forgery,24,1
data/processed/train/genuine/original_23_7.png,data/processed/train/forged/forgeries_23_22.png,0,skilled_forgery,23,23
data/processed/train/genuine/original_10_4.png,data/processed/train/forged/forgeries_10_24.png,0,skilled_forgery,10,10
data/processed/train/genuine/original_24_2.png,data/processed/train/forged/forgeries_24_22.png,0,skilled_forgery,24,24
data/processed/train/genuine/original_15_2.png,data/processed/train/genuine/original_30_23.png,0,random_forgery,15,30
data/processed/train/genuine/original_28_13.png,data/processed/train/forged/forgeries_28_14.png,0,skilled_forgery,28,28
data/processed/train/genuine/original_7_11.png,data/processed/train/genuine/original_7_22.png,1,genuine_genuine,7,7
data/processed/train/genuine/original_17_18.png,data/processed/train/genuine/original_17_4.png,1,genuine_genuine,17,17
data/processed/train/genuine/original_5_13.png,data/processed/train/genuine/original_5_2.png,1,genuine_genuine,5,5
data/processed/train/genuine/original_13_11.png,data/processed/train/genuine/original_14_9.png,0,random_forgery,13,14
data/processed/train/genuine/original_13_11.png,data/processed/train/genuine/original_27_18.png,0,random_forgery,13,27
data/processed/train/genuine/original_22_9.png,data/processed/train/forged/forgeries_22_11.png,0,skilled_forgery,22,22
data/processed/train/genuine/original_8_15.png,data/processed/train/genuine/original_8_22.png,1,genuine_genuine,8,8
data/processed/train/genuine/original_25_10.png,data/processed/train/genuine/original_25_16.png,1,genuine_genuine,25,25
data/processed/train/genuine/original_18_16.png,data/processed/train/forged/forgeries_18_19.png,0,skilled_forgery,18,18
data/processed/train/genuine/original_23_16.png,data/processed/train/genuine/original_23_20.png,1,genuine_genuine,23,23
data/processed/train/genuine/original_21_21.png,data/processed/train/genuine/original_21_5.png,1,genuine_genuine,21,21
data/processed/train/genuine/original_2_2.png,data/processed/train/genuine/original_2_21.png,1,genuine_genuine,2,2
data/processed/train/genuine/original_24_4.png,data/processed/train/forged/forgeries_24_13.png,0,skilled_forgery,24,24
data/processed/train/genuine/original_12_16.png,data/processed/train/genuine/original_12_21.png,1,genuine_genuine,12,12
data/processed/train/genuine/original_27_2.png,data/processed/train/genuine/original_27_3.png,1,genuine_genuine,27,27
data/processed/train/genuine/original_24_24.png,data/processed/train/genuine/original_24_7.png,1,genuine_genuine,24,24
data/processed/train/genuine/original_19_16.png,data/processed/train/genuine/original_25_17.png,0,random_forgery,19,25
data/processed/train/genuine/original_16_23.png,data/processed/train/forged/forgeries_16_16.png,0,skilled_forgery,16,16
data/processed/train/genuine/original_31_12.png,data/processed/train/genuine/original_31_22.png,1,genuine_genuine,31,31
data/processed/train/genuine/original_18_3.png,data/processed/train/genuine/original_10_4.png,0,random_forgery,18,10
data/processed/train/genuine/original_34_16.png,data/processed/train/genuine/original_34_3.png,1,genuine_genuine,34,34
data/processed/train/genuine/original_2_4.png,data/processed/train/forged/forgeries_2_16.png,0,skilled_forgery,2,2
data/processed/train/genuine/original_30_5.png,data/processed/train/genuine/original_8_8.png,0,random_forgery,30,8
data/processed/train/genuine/original_2_18.png,data/processed/train/genuine/original_2_22.png,1,genuine_genuine,2,2
data/processed/train/genuine/original_26_20.png,data/processed/train/genuine/original_26_23.png,1,genuine_genuine,26,26
data/processed/train/genuine/original_15_21.png,data/processed/train/genuine/original_15_6.png,1,genuine_genuine,15,15
data/processed/train/genuine/original_19_10.png,data/processed/train/genuine/original_28_21.png,0,random_forgery,19,28
data/processed/train/genuine/original_33_1.png,data/processed/train/genuine/original_33_20.png,1,genuine_genuine,33,33
data/processed/train/genuine/original_1_17.png,data/processed/train/forged/forgeries_1_15.png,0,skilled_forgery,1,1
data/processed/train/genuine/original_5_11.png,data/processed/train/genuine/original_5_24.png,1,genuine_genuine,5,5
data/processed/train/genuine/original_16_16.png,data/processed/train/genuine/original_31_7.png,0,random_forgery,16,31
data/processed/train/genuine/original_25_9.png,data/processed/train/genuine/original_29_17.png,0,random_forgery,25,29
data/processed/train/genuine/original_8_19.png,data/processed/train/genuine/original_27_12.png,0,random_forgery,8,27
data/processed/train/genuine/original_2_13.png,data/processed/train/genuine/original_2_20.png,1,genuine_genuine,2,2
data/processed/train/genuine/original_19_8.png,data/processed/train/genuine/original_6_13.png,0,random_forgery,19,6
data/processed/train/genuine/original_6_10.png,data/processed/train/genuine/original_6_4.png,1,genuine_genuine,6,6
data/processed/train/genuine/original_2_15.png,data/processed/train/forged/forgeries_2_20.png,0,skilled_forgery,2,2
data/processed/train/genuine/original_28_16.png,data/processed/train/genuine/original_28_23.png,1,genuine_genuine,28,28
data/processed/train/genuine/original_28_2.png,data/processed/train/genuine/original_28_24.png,1,genuine_genuine,28,28
data/processed/train/genuine/original_35_9.png,data/processed/train/forged/forgeries_35_5.png,0,skilled_forgery,35,35
data/processed/train/genuine/original_21_13.png,data/processed/train/genuine/original_21_3.png,1,genuine_genuine,21,21
data/processed/train/genuine/original_9_15.png,data/processed/train/genuine/original_22_21.png,0,random_forgery,9,22
data/processed/train/genuine/original_22_1.png,data/processed/train/genuine/original_22_7.png,1,genuine_genuine,22,22
data/processed/train/genuine/original_30_11.png,data/processed/train/genuine/original_30_2.png,1,genuine_genuine,30,30
data/processed/train/genuine/original_35_22.png,data/processed/train/forged/forgeries_35_21.png,0,skilled_forgery,35,35
data/processed/train/genuine/original_32_20.png,data/processed/train/genuine/original_32_22.png,1,genuine_genuine,32,32
data/processed/train/genuine/original_14_13.png,data/processed/train/genuine/original_14_15.png,1,genuine_genuine,14,14
data/processed/train/genuine/original_32_12.png,data/processed/train/forged/forgeries_32_2.png,0,skilled_forgery,32,32
data/processed/train/genuine/original_35_10.png,data/processed/train/genuine/original_35_17.png,1,genuine_genuine,35,35
data/processed/train/genuine/original_6_17.png,data/processed/train/genuine/original_6_3.png,1,genuine_genuine,6,6
data/processed/train/genuine/original_12_9.png,data/processed/train/genuine/original_1_6.png,0,random_forgery,12,1
data/processed/train/genuine/original_33_21.png,data/processed/train/forged/forgeries_33_17.png,0,skilled_forgery,33,33
data/processed/train/genuine/original_21_20.png,data/processed/train/genuine/original_21_4.png,1,genuine_genuine,21,21
data/processed/train/genuine/original_25_14.png,data/processed/train/genuine/original_25_16.png,1,genuine_genuine,25,25
data/processed/train/genuine/original_21_17.png,data/processed/train/genuine/original_21_3.png,1,genuine_genuine,21,21
data/processed/train/genuine/original_35_1.png,data/processed/train/genuine/original_18_5.png,0,random_forgery,35,18
data/processed/train/genuine/original_31_11.png,data/processed/train/genuine/original_31_13.png,1,genuine_genuine,31,31
data/processed/train/genuine/original_31_10.png,data/processed/train/genuine/original_31_17.png,1,genuine_genuine,31,31
data/processed/train/genuine/original_19_3.png,data/processed/train/genuine/original_19_9.png,1,genuine_genuine,19,19
data/processed/train/genuine/original_34_1.png,data/processed/train/genuine/original_34_9.png,1,genuine_genuine,34,34
data/processed/train/genuine/original_17_16.png,data/processed/train/genuine/original_17_22.png,1,genuine_genuine,17,17
data/processed/train/genuine/original_11_13.png,data/processed/train/genuine/original_11_14.png,1,genuine_genuine,11,11
data/processed/train/genuine/original_33_1.png,data/processed/train/genuine/original_33_12.png,1,genuine_genuine,33,33
data/processed/train/genuine/original_20_11.png,data/processed/train/genuine/original_20_2.png,1,genuine_genuine,20,20
data/processed/train/genuine/original_1_6.png,data/processed/train/forged/forgeries_1_23.png,0,skilled_forgery,1,1
data/processed/train/genuine/original_13_13.png,data/processed/train/genuine/original_13_5.png,1,genuine_genuine,13,13
data/processed/train/genuine/original_1_14.png,data/processed/train/genuine/original_1_15.png,1,genuine_genuine,1,1
data/processed/train/genuine/original_19_20.png,data/processed/train/genuine/original_19_22.png,1,genuine_genuine,19,19
data/processed/train/genuine/original_13_14.png,data/processed/train/genuine/original_13_6.png,1,genuine_genuine,13,13
data/processed/train/genuine/original_27_4.png,data/processed/train/genuine/original_27_6.png,1,genuine_genuine,27,27
data/processed/train/genuine/original_27_17.png,data/processed/train/genuine/original_31_19.png,0,random_forgery,27,31
data/processed/train/genuine/original_9_6.png,data/processed/train/forged/forgeries_9_20.png,0,skilled_forgery,9,9
data/processed/train/genuine/original_10_2.png,data/processed/train/forged/forgeries_10_3.png,0,skilled_forgery,10,10
data/processed/train/genuine/original_32_1.png,data/processed/train/genuine/original_20_15.png,0,random_forgery,32,20
data/processed/train/genuine/original_28_10.png,data/processed/train/forged/forgeries_28_1.png,0,skilled_forgery,28,28
data/processed/train/genuine/original_8_12.png,data/processed/train/genuine/original_14_24.png,0,random_forgery,8,14
data/processed/train/genuine/original_5_11.png,data/processed/train/genuine/original_3_17.png,0,random_forgery,5,3
data/processed/train/genuine/original_27_23.png,data/processed/train/genuine/original_27_5.png,1,genuine_genuine,27,27
data/processed/train/genuine/original_26_20.png,data/processed/train/forged/forgeries_26_11.png,0,skilled_forgery,26,26
data/processed/train/genuine/original_32_9.png,data/processed/train/forged/forgeries_32_10.png,0,skilled_forgery,32,32
data/processed/train/genuine/original_22_16.png,data/processed/train/forged/forgeries_22_23.png,0,skilled_forgery,22,22
data/processed/train/genuine/original_7_15.png,data/processed/train/genuine/original_7_22.png,1,genuine_genuine,7,7
data/processed/train/genuine/original_2_2.png,data/processed/train/genuine/original_14_7.png,0,random_forgery,2,14
data/processed/train/genuine/original_17_19.png,data/processed/train/genuine/original_17_6.png,1,genuine_genuine,17,17
data/processed/train/genuine/original_29_1.png,data/processed/train/genuine/original_29_2.png,1,genuine_genuine,29,29
data/processed/train/genuine/original_27_1.png,data/processed/train/forged/forgeries_27_24.png,0,skilled_forgery,27,27
data/processed/train/genuine/original_30_19.png,data/processed/train/genuine/original_16_9.png,0,random_forgery,30,16
data/processed/train/genuine/original_21_4.png,data/processed/train/forged/forgeries_21_8.png,0,skilled_forgery,21,21
data/processed/train/genuine/original_15_24.png,data/processed/train/genuine/original_2_12.png,0,random_forgery,15,2
data/processed/train/genuine/original_28_2.png,data/processed/train/genuine/original_28_23.png,1,genuine_genuine,28,28
data/processed/train/genuine/original_34_12.png,data/processed/train/genuine/original_34_9.png,1,genuine_genuine,34,34
data/processed/train/genuine/original_33_16.png,data/processed/train/genuine/original_33_24.png,1,genuine_genuine,33,33
data/processed/train/genuine/original_34_15.png,data/processed/train/genuine/original_34_2.png,1,genuine_genuine,34,34
data/processed/train/genuine/original_15_18.png,data/processed/train/genuine/original_15_8.png,1,genuine_genuine,15,15
data/processed/train/genuine/original_24_20.png,data/processed/train/genuine/original_34_12.png,0,random_forgery,24,34
data/processed/train/genuine/original_1_15.png,data/processed/train/forged/forgeries_1_7.png,0,skilled_forgery,1,1
data/processed/train/genuine/original_23_7.png,data/processed/train/forged/forgeries_23_9.png,0,skilled_forgery,23,23
data/processed/train/genuine/original_15_3.png,data/processed/train/genuine/original_15_9.png,1,genuine_genuine,15,15
data/processed/train/genuine/original_33_17.png,data/processed/train/genuine/original_33_8.png,1,genuine_genuine,33,33
data/processed/train/genuine/original_16_11.png,data/processed/train/genuine/original_16_5.png,1,genuine_genuine,16,16
data/processed/train/genuine/original_22_17.png,data/processed/train/genuine/original_21_9.png,0,random_forgery,22,21
data/processed/train/genuine/original_29_21.png,data/processed/train/forged/forgeries_29_5.png,0,skilled_forgery,29,29
data/processed/train/genuine/original_10_9.png,data/processed/train/forged/forgeries_10_12.png,0,skilled_forgery,10,10
data/processed/train/genuine/original_7_15.png,data/processed/train/genuine/original_7_19.png,1,genuine_genuine,7,7
data/processed/train/genuine/original_13_1.png,data/processed/train/genuine/original_22_13.png,0,random_forgery,13,22
data/processed/train/genuine/original_28_21.png,data/processed/train/genuine/original_28_24.png,1,genuine_genuine,28,28
data/processed/train/genuine/original_26_12.png,data/processed/train/genuine/original_26_20.png,1,genuine_genuine,26,26
data/processed/train/genuine/original_9_20.png,data/processed/train/forged/forgeries_9_1.png,0,skilled_forgery,9,9
data/processed/train/genuine/original_20_20.png,data/processed/train/genuine/original_20_7.png,1,genuine_genuine,20,20
data/processed/train/genuine/original_16_11.png,data/processed/train/genuine/original_16_14.png,1,genuine_genuine,16,16
data/processed/train/genuine/original_27_12.png,data/processed/train/forged/forgeries_27_20.png,0,skilled_forgery,27,27
data/processed/train/genuine/original_14_2.png,data/processed/train/genuine/original_14_7.png,1,genuine_genuine,14,14
data/processed/train/genuine/original_22_9.png,data/processed/train/genuine/original_30_18.png,0,random_forgery,22,30
data/processed/train/genuine/original_17_19.png,data/processed/train/genuine/original_17_8.png,1,genuine_genuine,17,17
data/processed/train/genuine/original_4_16.png,data/processed/train/genuine/original_19_11.png,0,random_forgery,4,19
data/processed/train/genuine/original_13_8.png,data/processed/train/forged/forgeries_13_24.png,0,skilled_forgery,13,13
data/processed/train/genuine/original_20_3.png,data/processed/train/genuine/original_33_22.png,0,random_forgery,20,33
data/processed/train/genuine/original_26_13.png,data/processed/train/genuine/original_13_7.png,0,random_forgery,26,13
data/processed/train/genuine/original_27_9.png,data/processed/train/forged/forgeries_27_4.png,0,skilled_forgery,27,27
data/processed/train/genuine/original_12_12.png,data/processed/train/genuine/original_12_7.png,1,genuine_genuine,12,12
data/processed/train/genuine/original_15_1.png,data/processed/train/genuine/original_15_10.png,1,genuine_genuine,15,15
data/processed/train/genuine/original_10_12.png,data/processed/train/genuine/original_10_21.png,1,genuine_genuine,10,10
data/processed/train/genuine/original_5_14.png,data/processed/train/genuine/original_5_19.png,1,genuine_genuine,5,5
data/processed/train/genuine/original_11_1.png,data/processed/train/genuine/original_11_11.png,1,genuine_genuine,11,11
data/processed/train/genuine/original_17_23.png,data/processed/train/genuine/original_17_24.png,1,genuine_genuine,17,17
data/processed/train/genuine/original_35_13.png,data/processed/train/genuine/original_35_15.png,1,genuine_genuine,35,35
data/processed/train/genuine/original_21_21.png,data/processed/train/genuine/original_21_7.png,1,genuine_genuine,21,21
data/processed/train/genuine/original_20_15.png,data/processed/train/genuine/original_20_6.png,1,genuine_genuine,20,20
data/processed/train/genuine/original_15_6.png,data/processed/train/genuine/original_7_18.png,0,random_forgery,15,7
data/processed/train/genuine/original_15_15.png,data/processed/train/genuine/original_15_16.png,1,genuine_genuine,15,15
data/processed/train/genuine/original_8_12.png,data/processed/train/genuine/original_8_16.png,1,genuine_genuine,8,8
data/processed/train/genuine/original_6_10.png,data/processed/train/genuine/original_6_16.png,1,genuine_genuine,6,6
data/processed/train/genuine/original_20_12.png,data/processed/train/genuine/original_19_16.png,0,random_forgery,20,19
data/processed/train/genuine/original_31_10.png,data/processed/train/genuine/original_31_8.png,1,genuine_genuine,31,31
data/processed/train/genuine/original_11_19.png,data/processed/train/forged/forgeries_11_4.png,0,skilled_forgery,11,11
data/processed/train/genuine/original_28_14.png,data/processed/train/genuine/original_28_4.png,1,genuine_genuine,28,28
data/processed/train/genuine/original_3_7.png,data/processed/train/genuine/original_6_10.png,0,random_forgery,3,6
data/processed/train/genuine/original_28_18.png,data/processed/train/genuine/original_28_5.png,1,genuine_genuine,28,28
data/processed/train/genuine/original_10_11.png,data/processed/train/genuine/original_30_2.png,0,random_forgery,10,30
data/processed/train/genuine/original_11_24.png,data/processed/train/forged/forgeries_11_18.png,0,skilled_forgery,11,11
data/processed/train/genuine/original_26_14.png,data/processed/train/genuine/original_26_15.png,1,genuine_genuine,26,26
data/processed/train/genuine/original_12_23.png,data/processed/train/forged/forgeries_12_14.png,0,skilled_forgery,12,12
data/processed/train/genuine/original_10_22.png,data/processed/train/genuine/original_10_8.png,1,genuine_genuine,10,10
data/processed/train/genuine/original_19_15.png,data/processed/train/forged/forgeries_19_8.png,0,skilled_forgery,19,19
data/processed/train/genuine/original_19_8.png,data/processed/train/genuine/original_6_23.png,0,random_forgery,19,6
data/processed/train/genuine/original_11_20.png,data/processed/train/genuine/original_11_8.png,1,genuine_genuine,11,11
data/processed/train/genuine/original_27_16.png,data/processed/train/genuine/original_27_7.png,1,genuine_genuine,27,27
data/processed/train/genuine/original_14_24.png,data/processed/train/forged/forgeries_14_24.png,0,skilled_forgery,14,14
data/processed/train/genuine/original_6_11.png,data/processed/train/genuine/original_6_5.png,1,genuine_genuine,6,6
data/processed/train/genuine/original_5_16.png,data/processed/train/genuine/original_5_4.png,1,genuine_genuine,5,5
data/processed/train/genuine/original_35_2.png,data/processed/train/genuine/original_35_23.png,1,genuine_genuine,35,35
data/processed/train/genuine/original_28_19.png,data/processed/train/genuine/original_28_6.png,1,genuine_genuine,28,28
data/processed/train/genuine/original_3_2.png,data/processed/train/genuine/original_3_22.png,1,genuine_genuine,3,3
data/processed/train/genuine/original_6_1.png,data/processed/train/genuine/original_6_9.png,1,genuine_genuine,6,6
data/processed/train/genuine/original_20_18.png,data/processed/train/genuine/original_20_24.png,1,genuine_genuine,20,20
data/processed/train/genuine/original_19_8.png,data/processed/train/genuine/original_25_3.png,0,random_forgery,19,25
data/processed/train/genuine/original_25_15.png,data/processed/train/genuine/original_25_21.png,1,genuine_genuine,25,25
data/processed/train/genuine/original_15_4.png,data/processed/train/forged/forgeries_15_15.png,0,skilled_forgery,15,15
data/processed/train/genuine/original_9_18.png,data/processed/train/forged/forgeries_9_14.png,0,skilled_forgery,9,9
data/processed/train/genuine/original_15_17.png,data/processed/train/genuine/original_15_19.png,1,genuine_genuine,15,15
data/processed/train/genuine/original_5_10.png,data/processed/train/forged/forgeries_5_9.png,0,skilled_forgery,5,5
data/processed/train/genuine/original_13_10.png,data/processed/train/genuine/original_13_19.png,1,genuine_genuine,13,13
data/processed/train/genuine/original_10_14.png,data/processed/train/genuine/original_28_13.png,0,random_forgery,10,28
data/processed/train/genuine/original_17_15.png,data/processed/train/forged/forgeries_17_10.png,0,skilled_forgery,17,17
data/processed/train/genuine/original_33_13.png,data/processed/train/genuine/original_33_15.png,1,genuine_genuine,33,33
data/processed/train/genuine/original_3_21.png,data/processed/train/genuine/original_3_9.png,1,genuine_genuine,3,3
data/processed/train/genuine/original_26_1.png,data/processed/train/genuine/original_26_14.png,1,genuine_genuine,26,26
data/processed/train/genuine/original_11_15.png,data/processed/train/genuine/original_13_8.png,0,random_forgery,11,13
data/processed/train/genuine/original_24_13.png,data/processed/train/genuine/original_2_19.png,0,random_forgery,24,2
data/processed/train/genuine/original_32_19.png,data/processed/train/genuine/original_12_6.png,0,random_forgery,32,12
data/processed/train/genuine/original_6_3.png,data/processed/train/forged/forgeries_6_11.png,0,skilled_forgery,6,6
data/processed/train/genuine/original_32_1.png,data/processed/train/genuine/original_6_10.png,0,random_forgery,32,6
data/processed/train/genuine/original_24_23.png,data/processed/train/genuine/original_24_4.png,1,genuine_genuine,24,24
data/processed/train/genuine/original_17_12.png,data/processed/train/genuine/original_35_6.png,0,random_forgery,17,35
data/processed/train/genuine/original_14_24.png,data/processed/train/forged/forgeries_14_11.png,0,skilled_forgery,14,14
data/processed/train/genuine/original_5_14.png,data/processed/train/genuine/original_5_3.png,1,genuine_genuine,5,5
data/processed/train/genuine/original_21_11.png,data/processed/train/genuine/original_21_9.png,1,genuine_genuine,21,21
data/processed/train/genuine/original_27_8.png,data/processed/train/genuine/original_15_1.png,0,random_forgery,27,15
data/processed/train/genuine/original_20_19.png,data/processed/train/genuine/original_20_7.png,1,genuine_genuine,20,20
data/processed/train/genuine/original_34_3.png,data/processed/train/genuine/original_12_17.png,0,random_forgery,34,12
data/processed/train/genuine/original_18_19.png,data/processed/train/forged/forgeries_18_11.png,0,skilled_forgery,18,18
data/processed/train/genuine/original_10_6.png,data/processed/train/genuine/original_10_9.png,1,genuine_genuine,10,10
data/processed/train/genuine/original_13_13.png,data/processed/train/forged/forgeries_13_18.png,0,skilled_forgery,13,13
data/processed/train/genuine/original_27_23.png,data/processed/train/genuine/original_27_9.png,1,genuine_genuine,27,27
data/processed/train/genuine/original_9_17.png,data/processed/train/forged/forgeries_9_13.png,0,skilled_forgery,9,9
data/processed/train/genuine/original_27_19.png,data/processed/train/forged/forgeries_27_1.png,0,skilled_forgery,27,27
data/processed/train/genuine/original_33_20.png,data/processed/train/forged/forgeries_33_19.png,0,skilled_forgery,33,33
data/processed/train/genuine/original_26_10.png,data/processed/train/genuine/original_26_8.png,1,genuine_genuine,26,26
data/processed/train/genuine/original_31_11.png,data/processed/train/genuine/original_35_3.png,0,random_forgery,31,35
data/processed/train/genuine/original_14_21.png,data/processed/train/genuine/original_14_4.png,1,genuine_genuine,14,14
data/processed/train/genuine/original_30_4.png,data/processed/train/forged/forgeries_30_6.png,0,skilled_forgery,30,30
data/processed/train/genuine/original_1_18.png,data/processed/train/forged/forgeries_1_18.png,0,skilled_forgery,1,1
data/processed/train/genuine/original_20_7.png,data/processed/train/forged/forgeries_20_9.png,0,skilled_forgery,20,20
data/processed/train/genuine/original_2_12.png,data/processed/train/forged/forgeries_2_18.png,0,skilled_forgery,2,2
data/processed/train/genuine/original_24_8.png,data/processed/train/genuine/original_19_22.png,0,random_forgery,24,19
data/processed/train/genuine/original_14_12.png,data/processed/train/genuine/original_14_20.png,1,genuine_genuine,14,14
data/processed/train/genuine/original_16_17.png,data/processed/train/forged/forgeries_16_7.png,0,skilled_forgery,16,16
data/processed/train/genuine/original_15_22.png,data/processed/train/genuine/original_15_24.png,1,genuine_genuine,15,15
data/processed/train/genuine/original_18_11.png,data/processed/train/forged/forgeries_18_4.png,0,skilled_forgery,18,18
data/processed/train/genuine/original_19_10.png,data/processed/train/genuine/original_19_11.png,1,genuine_genuine,19,19
data/processed/train/genuine/original_19_15.png,data/processed/train/genuine/original_19_23.png,1,genuine_genuine,19,19
data/processed/train/genuine/original_12_10.png,data/processed/train/genuine/original_12_8.png,1,genuine_genuine,12,12
data/processed/train/genuine/original_20_13.png,data/processed/train/genuine/original_20_15.png,1,genuine_genuine,20,20
data/processed/train/genuine/original_24_14.png,data/processed/train/genuine/original_24_5.png,1,genuine_genuine,24,24
data/processed/train/genuine/original_28_12.png,data/processed/train/genuine/original_28_3.png,1,genuine_genuine,28,28
data/processed/train/genuine/original_14_22.png,data/processed/train/forged/forgeries_14_20.png,0,skilled_forgery,14,14
data/processed/train/genuine/original_27_2.png,data/processed/train/genuine/original_27_22.png,1,genuine_genuine,27,27
data/processed/train/genuine/original_35_8.png,data/processed/train/genuine/original_25_20.png,0,random_forgery,35,25
data/processed/train/genuine/original_34_2.png,data/processed/train/genuine/original_34_3.png,1,genuine_genuine,34,34
data/processed/train/genuine/original_28_24.png,data/processed/train/forged/forgeries_28_2.png,0,skilled_forgery,28,28
data/processed/train/genuine/original_29_23.png,data/processed/train/forged/forgeries_29_10.png,0,skilled_forgery,29,29
data/processed/train/genuine/original_32_10.png,data/processed/train/genuine/original_32_7.png,1,genuine_genuine,32,32
data/processed/train/genuine/original_33_20.png,data/processed/train/genuine/original_33_23.png,1,genuine_genuine,33,33
data/processed/train/genuine/original_32_13.png,data/processed/train/genuine/original_32_6.png,1,genuine_genuine,32,32
data/processed/train/genuine/original_12_20.png,data/processed/train/genuine/original_12_4.png,1,genuine_genuine,12,12
data/processed/train/genuine/original_18_21.png,data/processed/train/forged/forgeries_18_4.png,0,skilled_forgery,18,18
data/processed/train/genuine/original_5_12.png,data/processed/train/genuine/original_5_14.png,1,genuine_genuine,5,5
data/processed/train/genuine/original_32_3.png,data/processed/train/forged/forgeries_32_21.png,0,skilled_forgery,32,32
data/processed/train/genuine/original_30_16.png,data/processed/train/genuine/original_19_11.png,0,random_forgery,30,19
data/processed/train/genuine/original_14_22.png,data/processed/train/genuine/original_7_21.png,0,random_forgery,14,7
data/processed/train/genuine/original_7_1.png,data/processed/train/forged/forgeries_7_22.png,0,skilled_forgery,7,7
data/processed/train/genuine/original_25_21.png,data/processed/train/forged/forgeries_25_10.png,0,skilled_forgery,25,25
data/processed/train/genuine/original_31_16.png,data/processed/train/forged/forgeries_31_13.png,0,skilled_forgery,31,31
data/processed/train/genuine/original_4_22.png,data/processed/train/genuine/original_21_17.png,0,random_forgery,4,21
data/processed/train/genuine/original_29_10.png,data/processed/train/genuine/original_29_18.png,1,genuine_genuine,29,29
data/processed/train/genuine/original_12_24.png,data/processed/train/genuine/original_12_6.png,1,genuine_genuine,12,12
data/processed/train/genuine/original_28_20.png,data/processed/train/forged/forgeries_28_2.png,0,skilled_forgery,28,28
data/processed/train/genuine/original_24_14.png,data/processed/train/genuine/original_24_7.png,1,genuine_genuine,24,24
data/processed/train/genuine/original_29_20.png,data/processed/train/genuine/original_29_9.png,1,genuine_genuine,29,29
data/processed/train/genuine/original_3_7.png,data/processed/train/genuine/original_26_5.png,0,random_forgery,3,26
data/processed/train/genuine/original_16_13.png,data/processed/train/genuine/original_16_19.png,1,genuine_genuine,16,16
data/processed/train/genuine/original_29_6.png,data/processed/train/forged/forgeries_29_12.png,0,skilled_forgery,29,29
data/processed/train/genuine/original_20_19.png,data/processed/train/forged/forgeries_20_19.png,0,skilled_forgery,20,20
data/processed/train/genuine/original_19_10.png,data/processed/train/forged/forgeries_19_19.png,0,skilled_forgery,19,19
data/processed/train/genuine/original_3_3.png,data/processed/train/forged/forgeries_3_4.png,0,skilled_forgery,3,3
data/processed/train/genuine/original_21_3.png,data/processed/train/forged/forgeries_21_22.png,0,skilled_forgery,21,21
data/processed/train/genuine/original_25_13.png,data/processed/train/genuine/original_21_1.png,0,random_forgery,25,21
data/processed/train/genuine/original_5_16.png,data/processed/train/genuine/original_5_19.png,1,genuine_genuine,5,5
data/processed/train/genuine/original_30_1.png,data/processed/train/forged/forgeries_30_6.png,0,skilled_forgery,30,30
data/processed/train/genuine/original_24_10.png,data/processed/train/genuine/original_24_7.png,1,genuine_genuine,24,24
data/processed/train/genuine/original_28_24.png,data/processed/train/genuine/original_28_9.png,1,genuine_genuine,28,28
data/processed/train/genuine/original_4_2.png,data/processed/train/genuine/original_4_5.png,1,genuine_genuine,4,4
data/processed/train/genuine/original_33_13.png,data/processed/train/forged/forgeries_33_16.png,0,skilled_forgery,33,33
data/processed/train/genuine/original_20_1.png,data/processed/train/forged/forgeries_20_22.png,0,skilled_forgery,20,20
data/processed/train/genuine/original_1_14.png,data/processed/train/genuine/original_7_16.png,0,random_forgery,1,7
data/processed/train/genuine/original_25_1.png,data/processed/train/genuine/original_9_17.png,0,random_forgery,25,9
data/processed/train/genuine/original_23_16.png,data/processed/train/genuine/original_4_5.png,0,random_forgery,23,4
data/processed/train/genuine/original_19_1.png,data/processed/train/genuine/original_19_19.png,1,genuine_genuine,19,19
data/processed/train/genuine/original_1_16.png,data/processed/train/genuine/original_1_4.png,1,genuine_genuine,1,1
data/processed/train/genuine/original_17_12.png,data/processed/train/genuine/original_17_14.png,1,genuine_genuine,17,17
data/processed/train/genuine/original_12_3.png,data/processed/train/genuine/original_20_23.png,0,random_forgery,12,20
data/processed/train/genuine/original_11_16.png,data/processed/train/genuine/original_5_12.png,0,random_forgery,11,5
data/processed/train/genuine/original_21_8.png,data/processed/train/genuine/original_3_9.png,0,random_forgery,21,3
data/processed/train/genuine/original_30_2.png,data/processed/train/genuine/original_30_5.png,1,genuine_genuine,30,30
data/processed/train/genuine/original_20_4.png,data/processed/train/forged/forgeries_20_9.png,0,skilled_forgery,20,20
data/processed/train/genuine/original_17_4.png,data/processed/train/genuine/original_17_9.png,1,genuine_genuine,17,17
data/processed/train/genuine/original_34_17.png,data/processed/train/genuine/original_34_5.png,1,genuine_genuine,34,34
data/processed/train/genuine/original_25_20.png,data/processed/train/genuine/original_12_7.png,0,random_forgery,25,12
data/processed/train/genuine/original_9_4.png,data/processed/train/genuine/original_29_9.png,0,random_forgery,9,29
data/processed/train/genuine/original_11_24.png,data/processed/train/forged/forgeries_11_22.png,0,skilled_forgery,11,11
data/processed/train/genuine/original_29_20.png,data/processed/train/forged/forgeries_29_13.png,0,skilled_forgery,29,29
data/processed/train/genuine/original_8_13.png,data/processed/train/genuine/original_8_7.png,1,genuine_genuine,8,8
data/processed/train/genuine/original_16_4.png,data/processed/train/genuine/original_26_6.png,0,random_forgery,16,26
data/processed/train/genuine/original_7_6.png,data/processed/train/forged/forgeries_7_4.png,0,skilled_forgery,7,7
data/processed/train/genuine/original_4_19.png,data/processed/train/forged/forgeries_4_10.png,0,skilled_forgery,4,4
data/processed/train/genuine/original_6_18.png,data/processed/train/forged/forgeries_6_14.png,0,skilled_forgery,6,6
data/processed/train/genuine/original_31_22.png,data/processed/train/genuine/original_3_9.png,0,random_forgery,31,3
data/processed/train/genuine/original_14_23.png,data/processed/train/genuine/original_14_6.png,1,genuine_genuine,14,14
data/processed/train/genuine/original_14_15.png,data/processed/train/genuine/original_34_2.png,0,random_forgery,14,34
data/processed/train/genuine/original_19_12.png,data/processed/train/forged/forgeries_19_4.png,0,skilled_forgery,19,19
data/processed/train/genuine/original_21_16.png,data/processed/train/genuine/original_21_9.png,1,genuine_genuine,21,21
data/processed/train/genuine/original_28_18.png,data/processed/train/forged/forgeries_28_3.png,0,skilled_forgery,28,28
data/processed/train/genuine/original_1_9.png,data/processed/train/genuine/original_19_4.png,0,random_forgery,1,19
data/processed/train/genuine/original_30_2.png,data/processed/train/forged/forgeries_30_18.png,0,skilled_forgery,30,30
data/processed/train/genuine/original_23_3.png,data/processed/train/genuine/original_21_24.png,0,random_forgery,23,21
data/processed/train/genuine/original_9_17.png,data/processed/train/genuine/original_31_6.png,0,random_forgery,9,31
data/processed/train/genuine/original_27_18.png,data/processed/train/genuine/original_13_15.png,0,random_forgery,27,13
data/processed/train/genuine/original_27_20.png,data/processed/train/forged/forgeries_27_9.png,0,skilled_forgery,27,27
data/processed/train/genuine/original_14_14.png,data/processed/train/genuine/original_14_5.png,1,genuine_genuine,14,14
data/processed/train/genuine/original_30_16.png,data/processed/train/genuine/original_30_7.png,1,genuine_genuine,30,30
data/processed/train/genuine/original_4_11.png,data/processed/train/forged/forgeries_4_14.png,0,skilled_forgery,4,4
data/processed/train/genuine/original_7_5.png,data/processed/train/genuine/original_19_6.png,0,random_forgery,7,19
data/processed/train/genuine/original_2_1.png,data/processed/train/forged/forgeries_2_7.png,0,skilled_forgery,2,2
data/processed/train/genuine/original_15_18.png,data/processed/train/genuine/original_32_8.png,0,random_forgery,15,32
data/processed/train/genuine/original_21_7.png,data/processed/train/forged/forgeries_21_10.png,0,skilled_forgery,21,21
data/processed/train/genuine/original_7_15.png,data/processed/train/genuine/original_7_23.png,1,genuine_genuine,7,7
data/processed/train/genuine/original_33_1.png,data/processed/train/genuine/original_33_15.png,1,genuine_genuine,33,33
data/processed/train/genuine/original_26_21.png,data/processed/train/forged/forgeries_26_17.png,0,skilled_forgery,26,26
data/processed/train/genuine/original_19_18.png,data/processed/train/genuine/original_19_24.png,1,genuine_genuine,19,19
data/processed/train/genuine/original_17_16.png,data/processed/train/forged/forgeries_17_15.png,0,skilled_forgery,17,17
data/processed/train/genuine/original_15_4.png,data/processed/train/genuine/original_15_8.png,1,genuine_genuine,15,15
data/processed/train/genuine/original_22_4.png,data/processed/train/forged/forgeries_22_12.png,0,skilled_forgery,22,22
data/processed/train/genuine/original_7_21.png,data/processed/train/genuine/original_7_8.png,1,genuine_genuine,7,7
data/processed/train/genuine/original_29_12.png,data/processed/train/genuine/original_29_2.png,1,genuine_genuine,29,29
data/processed/train/genuine/original_25_20.png,data/processed/train/forged/forgeries_25_12.png,0,skilled_forgery,25,25
data/processed/train/genuine/original_5_7.png,data/processed/train/genuine/original_5_8.png,1,genuine_genuine,5,5
data/processed/train/genuine/original_3_14.png,data/processed/train/forged/forgeries_3_20.png,0,skilled_forgery,3,3
data/processed/train/genuine/original_24_20.png,data/processed/train/genuine/original_24_3.png,1,genuine_genuine,24,24
data/processed/train/genuine/original_26_6.png,data/processed/train/forged/forgeries_26_5.png,0,skilled_forgery,26,26
data/processed/train/genuine/original_13_21.png,data/processed/train/genuine/original_13_5.png,1,genuine_genuine,13,13
data/processed/train/genuine/original_17_13.png,data/processed/train/genuine/original_17_14.png,1,genuine_genuine,17,17
data/processed/train/genuine/original_9_19.png,data/processed/train/genuine/original_9_24.png,1,genuine_genuine,9,9
data/processed/train/genuine/original_14_12.png,data/processed/train/forged/forgeries_14_19.png,0,skilled_forgery,14,14
data/processed/train/genuine/original_26_1.png,data/processed/train/forged/forgeries_26_23.png,0,skilled_forgery,26,26
data/processed/train/genuine/original_2_16.png,data/processed/train/genuine/original_24_4.png,0,random_forgery,2,24
data/processed/train/genuine/original_6_22.png,data/processed/train/forged/forgeries_6_13.png,0,skilled_forgery,6,6
data/processed/train/genuine/original_34_16.png,data/processed/train/genuine/original_34_5.png,1,genuine_genuine,34,34
data/processed/train/genuine/original_6_2.png,data/processed/train/forged/forgeries_6_19.png,0,skilled_forgery,6,6
data/processed/train/genuine/original_26_9.png,data/processed/train/genuine/original_28_11.png,0,random_forgery,26,28
data/processed/train/genuine/original_17_16.png,data/processed/train/forged/forgeries_17_7.png,0,skilled_forgery,17,17
data/processed/train/genuine/original_31_10.png,data/processed/train/genuine/original_31_2.png,1,genuine_genuine,31,31
data/processed/train/genuine/original_32_4.png,data/processed/train/genuine/original_16_5.png,0,random_forgery,32,16
data/processed/train/genuine/original_18_20.png,data/processed/train/genuine/original_6_19.png,0,random_forgery,18,6
data/processed/train/genuine/original_26_11.png,data/processed/train/genuine/original_26_24.png,1,genuine_genuine,26,26
data/processed/train/genuine/original_2_12.png,data/processed/train/forged/forgeries_2_20.png,0,skilled_forgery,2,2
data/processed/train/genuine/original_17_18.png,data/processed/train/genuine/original_17_6.png,1,genuine_genuine,17,17
data/processed/train/genuine/original_30_3.png,data/processed/train/genuine/original_30_9.png,1,genuine_genuine,30,30
data/processed/train/genuine/original_24_21.png,data/processed/train/genuine/original_14_10.png,0,random_forgery,24,14
data/processed/train/genuine/original_34_11.png,data/processed/train/genuine/original_34_8.png,1,genuine_genuine,34,34
data/processed/train/genuine/original_15_22.png,data/processed/train/genuine/original_15_4.png,1,genuine_genuine,15,15
data/processed/train/genuine/original_33_24.png,data/processed/train/genuine/original_33_8.png,1,genuine_genuine,33,33
data/processed/train/genuine/original_18_15.png,data/processed/train/genuine/original_18_18.png,1,genuine_genuine,18,18
data/processed/train/genuine/original_12_23.png,data/processed/train/genuine/original_12_24.png,1,genuine_genuine,12,12
data/processed/train/genuine/original_32_22.png,data/processed/train/genuine/original_7_13.png,0,random_forgery,32,7
data/processed/train/genuine/original_14_5.png,data/processed/train/genuine/original_14_6.png,1,genuine_genuine,14,14
data/processed/train/genuine/original_15_5.png,data/processed/train/genuine/original_15_8.png,1,genuine_genuine,15,15
data/processed/train/genuine/original_5_23.png,data/processed/train/genuine/original_5_9.png,1,genuine_genuine,5,5
data/processed/train/genuine/original_20_7.png,data/processed/train/genuine/original_32_5.png,0,random_forgery,20,32
data/processed/train/genuine/original_17_10.png,data/processed/train/genuine/original_17_7.png,1,genuine_genuine,17,17
data/processed/train/genuine/original_31_5.png,data/processed/train/genuine/original_31_6.png,1,genuine_genuine,31,31
data/processed/train/genuine/original_22_7.png,data/processed/train/forged/forgeries_22_8.png,0,skilled_forgery,22,22
data/processed/train/genuine/original_16_5.png,data/processed/train/genuine/original_16_8.png,1,genuine_genuine,16,16
data/processed/train/genuine/original_32_3.png,data/processed/train/genuine/original_26_10.png,0,random_forgery,32,26
data/processed/train/genuine/original_18_16.png,data/processed/train/genuine/original_22_14.png,0,random_forgery,18,22
data/processed/train/genuine/original_9_21.png,data/processed/train/genuine/original_29_6.png,0,random_forgery,9,29
data/processed/train/genuine/original_14_20.png,data/processed/train/forged/forgeries_14_23.png,0,skilled_forgery,14,14
data/processed/train/genuine/original_29_3.png,data/processed/train/genuine/original_19_16.png,0,random_forgery,29,19
data/processed/train/genuine/original_1_4.png,data/processed/train/genuine/original_1_5.png,1,genuine_genuine,1,1
data/processed/train/genuine/original_23_3.png,data/processed/train/forged/forgeries_23_18.png,0,skilled_forgery,23,23
data/processed/train/genuine/original_13_15.png,data/processed/train/genuine/original_13_3.png,1,genuine_genuine,13,13
data/processed/train/genuine/original_34_11.png,data/processed/train/forged/forgeries_34_22.png,0,skilled_forgery,34,34
data/processed/train/genuine/original_9_1.png,data/processed/train/genuine/original_9_19.png,1,genuine_genuine,9,9
data/processed/train/genuine/original_1_12.png,data/processed/train/genuine/original_1_13.png,1,genuine_genuine,1,1
data/processed/train/genuine/original_30_16.png,data/processed/train/genuine/original_30_20.png,1,genuine_genuine,30,30
data/processed/train/genuine/original_2_1.png,data/processed/train/genuine/original_2_15.png,1,genuine_genuine,2,2
data/processed/train/genuine/original_21_4.png,data/processed/train/forged/forgeries_21_19.png,0,skilled_forgery,21,21
data/processed/train/genuine/original_26_1.png,data/processed/train/genuine/original_7_11.png,0,random_forgery,26,7
data/processed/train/genuine/original_4_13.png,data/processed/train/genuine/original_4_21.png,1,genuine_genuine,4,4
data/processed/train/genuine/original_3_16.png,data/processed/train/genuine/original_3_17.png,1,genuine_genuine,3,3
data/processed/train/genuine/original_29_14.png,data/processed/train/genuine/original_29_8.png,1,genuine_genuine,29,29
data/processed/train/genuine/original_27_4.png,data/processed/train/genuine/original_1_14.png,0,random_forgery,27,1
data/processed/train/genuine/original_29_5.png,data/processed/train/genuine/original_33_5.png,0,random_forgery,29,33
data/processed/train/genuine/original_31_18.png,data/processed/train/forged/forgeries_31_17.png,0,skilled_forgery,31,31
data/processed/train/genuine/original_22_17.png,data/processed/train/genuine/original_22_8.png,1,genuine_genuine,22,22
data/processed/train/genuine/original_30_24.png,data/processed/train/genuine/original_30_9.png,1,genuine_genuine,30,30
data/processed/train/genuine/original_33_6.png,data/processed/train/genuine/original_33_7.png,1,genuine_genuine,33,33
data/processed/train/genuine/original_34_2.png,data/processed/train/genuine/original_34_21.png,1,genuine_genuine,34,34
data/processed/train/genuine/original_23_16.png,data/processed/train/forged/forgeries_23_4.png,0,skilled_forgery,23,23
data/processed/train/genuine/original_17_7.png,data/processed/train/genuine/original_10_17.png,0,random_forgery,17,10
data/processed/train/genuine/original_16_9.png,data/processed/train/forged/forgeries_16_24.png,0,skilled_forgery,16,16
data/processed/train/genuine/original_35_24.png,data/processed/train/forged/forgeries_35_24.png,0,skilled_forgery,35,35
data/processed/train/genuine/original_7_12.png,data/processed/train/genuine/original_34_14.png,0,random_forgery,7,34
data/processed/train/genuine/original_25_19.png,data/processed/train/forged/forgeries_25_1.png,0,skilled_forgery,25,25
data/processed/train/genuine/original_28_17.png,data/processed/train/genuine/original_28_24.png,1,genuine_genuine,28,28
data/processed/train/genuine/original_13_12.png,data/processed/train/forged/forgeries_13_8.png,0,skilled_forgery,13,13
data/processed/train/genuine/original_30_10.png,data/processed/train/forged/forgeries_30_12.png,0,skilled_forgery,30,30
data/processed/train/genuine/original_23_21.png,data/processed/train/genuine/original_23_3.png,1,genuine_genuine,23,23
data/processed/train/genuine/original_29_22.png,data/processed/train/forged/forgeries_29_4.png,0,skilled_forgery,29,29
data/processed/train/genuine/original_22_10.png,data/processed/train/genuine/original_22_6.png,1,genuine_genuine,22,22
data/processed/train/genuine/original_6_14.png,data/processed/train/genuine/original_6_4.png,1,genuine_genuine,6,6
data/processed/train/genuine/original_6_9.png,data/processed/train/genuine/original_11_13.png,0,random_forgery,6,11
data/processed/train/genuine/original_12_6.png,data/processed/train/forged/forgeries_12_5.png,0,skilled_forgery,12,12
data/processed/train/genuine/original_8_12.png,data/processed/train/genuine/original_8_7.png,1,genuine_genuine,8,8
data/processed/train/genuine/original_7_10.png,data/processed/train/genuine/original_7_15.png,1,genuine_genuine,7,7
data/processed/train/genuine/original_27_18.png,data/processed/train/genuine/original_27_7.png,1,genuine_genuine,27,27
data/processed/train/genuine/original_27_11.png,data/processed/train/forged/forgeries_27_6.png,0,skilled_forgery,27,27
data/processed/train/genuine/original_20_5.png,data/processed/train/genuine/original_20_7.png,1,genuine_genuine,20,20
data/processed/train/genuine/original_24_6.png,data/processed/train/forged/forgeries_24_16.png,0,skilled_forgery,24,24
data/processed/train/genuine/original_32_3.png,data/processed/train/forged/forgeries_32_10.png,0,skilled_forgery,32,32
data/processed/train/genuine/original_4_4.png,data/processed/train/forged/forgeries_4_11.png,0,skilled_forgery,4,4
data/processed/train/genuine/original_35_23.png,data/processed/train/forged/forgeries_35_15.png,0,skilled_forgery,35,35
data/processed/train/genuine/original_8_22.png,data/processed/train/genuine/original_12_16.png,0,random_forgery,8,12
data/processed/train/genuine/original_17_18.png,data/processed/train/genuine/original_17_20.png,1,genuine_genuine,17,17
data/processed/train/genuine/original_5_22.png,data/processed/train/forged/forgeries_5_17.png,0,skilled_forgery,5,5
data/processed/train/genuine/original_3_23.png,data/processed/train/genuine/original_3_24.png,1,genuine_genuine,3,3
data/processed/train/genuine/original_8_23.png,data/processed/train/forged/forgeries_8_19.png,0,skilled_forgery,8,8
data/processed/train/genuine/original_21_22.png,data/processed/train/forged/forgeries_21_18.png,0,skilled_forgery,21,21
data/processed/train/genuine/original_15_24.png,data/processed/train/genuine/original_15_5.png,1,genuine_genuine,15,15
data/processed/train/genuine/original_9_15.png,data/processed/train/genuine/original_9_2.png,1,genuine_genuine,9,9
data/processed/train/genuine/original_24_23.png,data/processed/train/genuine/original_24_6.png,1,genuine_genuine,24,24
data/processed/train/genuine/original_3_16.png,data/processed/train/genuine/original_3_20.png,1,genuine_genuine,3,3
data/processed/train/genuine/original_1_8.png,data/processed/train/genuine/original_1_9.png,1,genuine_genuine,1,1
data/processed/train/genuine/original_30_20.png,data/processed/train/genuine/original_10_20.png,0,random_forgery,30,10
data/processed/train/genuine/original_18_16.png,data/processed/train/genuine/original_18_22.png,1,genuine_genuine,18,18
data/processed/train/genuine/original_25_12.png,data/processed/train/forged/forgeries_25_11.png,0,skilled_forgery,25,25
data/processed/train/genuine/original_22_5.png,data/processed/train/forged/forgeries_22_6.png,0,skilled_forgery,22,22
data/processed/train/genuine/original_19_1.png,data/processed/train/genuine/original_19_8.png,1,genuine_genuine,19,19
data/processed/train/genuine/original_17_19.png,data/processed/train/forged/forgeries_17_3.png,0,skilled_forgery,17,17
data/processed/train/genuine/original_26_10.png,data/processed/train/genuine/original_26_13.png,1,genuine_genuine,26,26
data/processed/train/genuine/original_5_10.png,data/processed/train/forged/forgeries_5_1.png,0,skilled_forgery,5,5
data/processed/train/genuine/original_13_21.png,data/processed/train/forged/forgeries_13_20.png,0,skilled_forgery,13,13
data/processed/train/genuine/original_18_14.png,data/processed/train/genuine/original_5_2.png,0,random_forgery,18,5
data/processed/train/genuine/original_27_21.png,data/processed/train/genuine/original_27_7.png,1,genuine_genuine,27,27
data/processed/train/genuine/original_15_12.png,data/processed/train/forged/forgeries_15_16.png,0,skilled_forgery,15,15
data/processed/train/genuine/original_34_10.png,data/processed/train/genuine/original_34_22.png,1,genuine_genuine,34,34
data/processed/train/genuine/original_32_18.png,data/processed/train/forged/forgeries_32_6.png,0,skilled_forgery,32,32
data/processed/train/genuine/original_15_6.png,data/processed/train/forged/forgeries_15_14.png,0,skilled_forgery,15,15
data/processed/train/genuine/original_32_22.png,data/processed/train/forged/forgeries_32_3.png,0,skilled_forgery,32,32
data/processed/train/genuine/original_26_17.png,data/processed/train/genuine/original_26_6.png,1,genuine_genuine,26,26
data/processed/train/genuine/original_11_22.png,data/processed/train/genuine/original_15_16.png,0,random_forgery,11,15
data/processed/train/genuine/original_10_13.png,data/processed/train/genuine/original_10_20.png,1,genuine_genuine,10,10
data/processed/train/genuine/original_31_14.png,data/processed/train/genuine/original_31_8.png,1,genuine_genuine,31,31
data/processed/train/genuine/original_31_15.png,data/processed/train/genuine/original_31_21.png,1,genuine_genuine,31,31
data/processed/train/genuine/original_18_20.png,data/processed/train/genuine/original_18_4.png,1,genuine_genuine,18,18
data/processed/train/genuine/original_21_23.png,data/processed/train/genuine/original_21_7.png,1,genuine_genuine,21,21
data/processed/train/genuine/original_33_2.png,data/processed/train/genuine/original_33_8.png,1,genuine_genuine,33,33
data/processed/train/genuine/original_26_19.png,data/processed/train/genuine/original_26_4.png,1,genuine_genuine,26,26
data/processed/train/genuine/original_5_9.png,data/processed/train/genuine/original_35_4.png,0,random_forgery,5,35
data/processed/train/genuine/original_27_1.png,data/processed/train/forged/forgeries_27_21.png,0,skilled_forgery,27,27
data/processed/train/genuine/original_5_24.png,data/processed/train/genuine/original_21_3.png,0,random_forgery,5,21
data/processed/train/genuine/original_14_13.png,data/processed/train/genuine/original_14_14.png,1,genuine_genuine,14,14
data/processed/train/genuine/original_19_1.png,data/processed/train/genuine/original_19_7.png,1,genuine_genuine,19,19
data/processed/train/genuine/original_18_12.png,data/processed/train/forged/forgeries_18_14.png,0,skilled_forgery,18,18
data/processed/train/genuine/original_7_15.png,data/processed/train/genuine/original_7_24.png,1,genuine_genuine,7,7
data/processed/train/genuine/original_29_21.png,data/processed/train/genuine/original_29_8.png,1,genuine_genuine,29,29
data/processed/train/genuine/original_16_14.png,data/processed/train/genuine/original_11_20.png,0,random_forgery,16,11
data/processed/train/genuine/original_22_3.png,data/processed/train/forged/forgeries_22_17.png,0,skilled_forgery,22,22
data/processed/train/genuine/original_12_10.png,data/processed/train/genuine/original_34_22.png,0,random_forgery,12,34
data/processed/train/genuine/original_33_11.png,data/processed/train/genuine/original_33_12.png,1,genuine_genuine,33,33
data/processed/train/genuine/original_34_19.png,data/processed/train/forged/forgeries_34_7.png,0,skilled_forgery,34,34
data/processed/train/genuine/original_3_17.png,data/processed/train/forged/forgeries_3_3.png,0,skilled_forgery,3,3
data/processed/train/genuine/original_29_19.png,data/processed/train/genuine/original_29_2.png,1,genuine_genuine,29,29
data/processed/train/genuine/original_4_7.png,data/processed/train/forged/forgeries_4_9.png,0,skilled_forgery,4,4
data/processed/train/genuine/original_12_13.png,data/processed/train/genuine/original_12_16.png,1,genuine_genuine,12,12
data/processed/train/genuine/original_19_3.png,data/processed/train/forged/forgeries_19_7.png,0,skilled_forgery,19,19
data/processed/train/genuine/original_30_17.png,data/processed/train/genuine/original_30_20.png,1,genuine_genuine,30,30
data/processed/train/genuine/original_23_7.png,data/processed/train/genuine/original_23_9.png,1,genuine_genuine,23,23
data/processed/train/genuine/original_12_20.png,data/processed/train/genuine/original_12_24.png,1,genuine_genuine,12,12
data/processed/train/genuine/original_21_1.png,data/processed/train/genuine/original_21_8.png,1,genuine_genuine,21,21
data/processed/train/genuine/original_32_17.png,data/processed/train/genuine/original_32_6.png,1,genuine_genuine,32,32
data/processed/train/genuine/original_29_23.png,data/processed/train/forged/forgeries_29_7.png,0,skilled_forgery,29,29
data/processed/train/genuine/original_21_12.png,data/processed/train/forged/forgeries_21_9.png,0,skilled_forgery,21,21
data/processed/train/genuine/original_7_1.png,data/processed/train/genuine/original_7_23.png,1,genuine_genuine,7,7
data/processed/train/genuine/original_26_22.png,data/processed/train/forged/forgeries_26_23.png,0,skilled_forgery,26,26
data/processed/train/genuine/original_25_24.png,data/processed/train/forged/forgeries_25_16.png,0,skilled_forgery,25,25
data/processed/train/genuine/original_35_10.png,data/processed/train/forged/forgeries_35_22.png,0,skilled_forgery,35,35
data/processed/train/genuine/original_30_5.png,data/processed/train/genuine/original_30_8.png,1,genuine_genuine,30,30
data/processed/train/genuine/original_29_12.png,data/processed/train/genuine/original_29_19.png,1,genuine_genuine,29,29
data/processed/train/genuine/original_15_24.png,data/processed/train/genuine/original_15_8.png,1,genuine_genuine,15,15
data/processed/train/genuine/original_14_1.png,data/processed/train/genuine/original_14_21.png,1,genuine_genuine,14,14
data/processed/train/genuine/original_20_1.png,data/processed/train/forged/forgeries_20_12.png,0,skilled_forgery,20,20
data/processed/train/genuine/original_4_17.png,data/processed/train/genuine/original_4_8.png,1,genuine_genuine,4,4
data/processed/train/genuine/original_9_24.png,data/processed/train/genuine/original_9_5.png,1,genuine_genuine,9,9
data/processed/train/genuine/original_27_23.png,data/processed/train/genuine/original_27_7.png,1,genuine_genuine,27,27
data/processed/train/genuine/original_32_7.png,data/processed/train/forged/forgeries_32_8.png,0,skilled_forgery,32,32
data/processed/train/genuine/original_10_3.png,data/processed/train/genuine/original_10_8.png,1,genuine_genuine,10,10
data/processed/train/genuine/original_34_10.png,data/processed/train/forged/forgeries_34_13.png,0,skilled_forgery,34,34
data/processed/train/genuine/original_7_11.png,data/processed/train/genuine/original_7_21.png,1,genuine_genuine,7,7
data/processed/train/genuine/original_14_7.png,data/processed/train/forged/forgeries_14_16.png,0,skilled_forgery,14,14
data/processed/train/genuine/original_20_13.png,data/processed/train/genuine/original_20_22.png,1,genuine_genuine,20,20
data/processed/train/genuine/original_24_17.png,data/processed/train/forged/forgeries_24_1.png,0,skilled_forgery,24,24
data/processed/train/genuine/original_31_12.png,data/processed/train/genuine/original_32_22.png,0,random_forgery,31,32
data/processed/train/genuine/original_24_19.png,data/processed/train/forged/forgeries_24_24.png,0,skilled_forgery,24,24
data/processed/train/genuine/original_33_15.png,data/processed/train/genuine/original_33_21.png,1,genuine_genuine,33,33
data/processed/train/genuine/original_12_24.png,data/processed/train/genuine/original_12_5.png,1,genuine_genuine,12,12
data/processed/train/genuine/original_20_3.png,data/processed/train/forged/forgeries_20_11.png,0,skilled_forgery,20,20
data/processed/train/genuine/original_9_13.png,data/processed/train/genuine/original_8_15.png,0,random_forgery,9,8
data/processed/train/genuine/original_23_11.png,data/processed/train/forged/forgeries_23_6.png,0,skilled_forgery,23,23
data/processed/train/genuine/original_14_16.png,data/processed/train/genuine/original_14_4.png,1,genuine_genuine,14,14
data/processed/train/genuine/original_12_20.png,data/processed/train/genuine/original_12_6.png,1,genuine_genuine,12,12
data/processed/train/genuine/original_17_10.png,data/processed/train/genuine/original_17_19.png,1,genuine_genuine,17,17
data/processed/train/genuine/original_26_18.png,data/processed/train/genuine/original_26_20.png,1,genuine_genuine,26,26
data/processed/train/genuine/original_1_21.png,data/processed/train/forged/forgeries_1_1.png,0,skilled_forgery,1,1
data/processed/train/genuine/original_33_3.png,data/processed/train/genuine/original_33_9.png,1,genuine_genuine,33,33
data/processed/train/genuine/original_21_19.png,data/processed/train/genuine/original_21_9.png,1,genuine_genuine,21,21
data/processed/train/genuine/original_27_4.png,data/processed/train/genuine/original_27_9.png,1,genuine_genuine,27,27
data/processed/train/genuine/original_17_14.png,data/processed/train/forged/forgeries_17_5.png,0,skilled_forgery,17,17
data/processed/train/genuine/original_20_9.png,data/processed/train/genuine/original_14_14.png,0,random_forgery,20,14
data/processed/train/genuine/original_34_13.png,data/processed/train/genuine/original_34_14.png,1,genuine_genuine,34,34
data/processed/train/genuine/original_28_8.png,data/processed/train/genuine/original_24_9.png,0,random_forgery,28,24
data/processed/train/genuine/original_33_15.png,data/processed/train/genuine/original_10_18.png,0,random_forgery,33,10
data/processed/train/genuine/original_22_6.png,data/processed/train/genuine/original_1_18.png,0,random_forgery,22,1
data/processed/train/genuine/original_18_12.png,data/processed/train/genuine/original_18_19.png,1,genuine_genuine,18,18
data/processed/train/genuine/original_15_11.png,data/processed/train/genuine/original_15_13.png,1,genuine_genuine,15,15
data/processed/train/genuine/original_34_3.png,data/processed/train/forged/forgeries_34_12.png,0,skilled_forgery,34,34
data/processed/train/genuine/original_21_5.png,data/processed/train/genuine/original_19_12.png,0,random_forgery,21,19
data/processed/train/genuine/original_18_8.png,data/processed/train/genuine/original_4_13.png,0,random_forgery,18,4
data/processed/train/genuine/original_31_4.png,data/processed/train/genuine/original_31_5.png,1,genuine_genuine,31,31
data/processed/train/genuine/original_9_16.png,data/processed/train/forged/forgeries_9_4.png,0,skilled_forgery,9,9
data/processed/train/genuine/original_16_1.png,data/processed/train/genuine/original_16_21.png,1,genuine_genuine,16,16
data/processed/train/genuine/original_11_20.png,data/processed/train/genuine/original_11_5.png,1,genuine_genuine,11,11
data/processed/train/genuine/original_7_21.png,data/processed/train/genuine/original_7_24.png,1,genuine_genuine,7,7
data/processed/train/genuine/original_9_21.png,data/processed/train/genuine/original_15_17.png,0,random_forgery,9,15
data/processed/train/genuine/original_22_2.png,data/processed/train/forged/forgeries_22_4.png,0,skilled_forgery,22,22
data/processed/train/genuine/original_5_5.png,data/processed/train/forged/forgeries_5_15.png,0,skilled_forgery,5,5
data/processed/train/genuine/original_1_16.png,data/processed/train/genuine/original_1_20.png,1,genuine_genuine,1,1
data/processed/train/genuine/original_22_3.png,data/processed/train/genuine/original_25_6.png,0,random_forgery,22,25
data/processed/train/genuine/original_30_12.png,data/processed/train/genuine/original_30_19.png,1,genuine_genuine,30,30
data/processed/train/genuine/original_7_21.png,data/processed/train/forged/forgeries_7_7.png,0,skilled_forgery,7,7
data/processed/train/genuine/original_22_21.png,data/processed/train/forged/forgeries_22_10.png,0,skilled_forgery,22,22
data/processed/train/genuine/original_7_4.png,data/processed/train/forged/forgeries_7_7.png,0,skilled_forgery,7,7
data/processed/train/genuine/original_8_10.png,data/processed/train/forged/forgeries_8_6.png,0,skilled_forgery,8,8
data/processed/train/genuine/original_34_3.png,data/processed/train/genuine/original_34_6.png,1,genuine_genuine,34,34
data/processed/train/genuine/original_22_9.png,data/processed/train/genuine/original_7_13.png,0,random_forgery,22,7
data/processed/train/genuine/original_28_23.png,data/processed/train/genuine/original_28_6.png,1,genuine_genuine,28,28
data/processed/train/genuine/original_28_11.png,data/processed/train/genuine/original_28_7.png,1,genuine_genuine,28,28
data/processed/train/genuine/original_16_15.png,data/processed/train/genuine/original_16_9.png,1,genuine_genuine,16,16
data/processed/train/genuine/original_7_22.png,data/processed/train/genuine/original_20_14.png,0,random_forgery,7,20
data/processed/train/genuine/original_25_17.png,data/processed/train/genuine/original_25_24.png,1,genuine_genuine,25,25
data/processed/train/genuine/original_7_14.png,data/processed/train/genuine/original_7_17.png,1,genuine_genuine,7,7
data/processed/train/genuine/original_28_13.png,data/processed/train/genuine/original_28_3.png,1,genuine_genuine,28,28
data/processed/train/genuine/original_29_16.png,data/processed/train/genuine/original_29_17.png,1,genuine_genuine,29,29
data/processed/train/genuine/original_16_15.png,data/processed/train/forged/forgeries_16_15.png,0,skilled_forgery,16,16
data/processed/train/genuine/original_14_9.png,data/processed/train/forged/forgeries_14_11.png,0,skilled_forgery,14,14
data/processed/train/genuine/original_17_2.png,data/processed/train/genuine/original_3_6.png,0,random_forgery,17,3
data/processed/train/genuine/original_22_4.png,data/processed/train/forged/forgeries_22_4.png,0,skilled_forgery,22,22
data/processed/train/genuine/original_26_14.png,data/processed/train/forged/forgeries_26_24.png,0,skilled_forgery,26,26
data/processed/train/genuine/original_17_23.png,data/processed/train/forged/forgeries_17_7.png,0,skilled_forgery,17,17
data/processed/train/genuine/original_22_15.png,data/processed/train/genuine/original_22_16.png,1,genuine_genuine,22,22
data/processed/train/genuine/original_21_12.png,data/processed/train/genuine/original_5_24.png,0,random_forgery,21,5
data/processed/train/genuine/original_11_24.png,data/processed/train/genuine/original_11_9.png,1,genuine_genuine,11,11
data/processed/train/genuine/original_23_1.png,data/processed/train/forged/forgeries_23_13.png,0,skilled_forgery,23,23
data/processed/train/genuine/original_1_4.png,data/processed/train/genuine/original_1_9.png,1,genuine_genuine,1,1
data/processed/train/genuine/original_21_13.png,data/processed/train/genuine/original_21_6.png,1,genuine_genuine,21,21
data/processed/train/genuine/original_17_3.png,data/processed/train/genuine/original_17_7.png,1,genuine_genuine,17,17
data/processed/train/genuine/original_27_15.png,data/processed/train/genuine/original_23_24.png,0,random_forgery,27,23
data/processed/train/genuine/original_6_16.png,data/processed/train/genuine/original_6_20.png,1,genuine_genuine,6,6
data/processed/train/genuine/original_10_23.png,data/processed/train/genuine/original_10_6.png,1,genuine_genuine,10,10
data/processed/train/genuine/original_14_6.png,data/processed/train/forged/forgeries_14_13.png,0,skilled_forgery,14,14
data/processed/train/genuine/original_24_10.png,data/processed/train/genuine/original_24_22.png,1,genuine_genuine,24,24
data/processed/train/genuine/original_3_12.png,data/processed/train/genuine/original_3_23.png,1,genuine_genuine,3,3
data/processed/train/genuine/original_27_19.png,data/processed/train/genuine/original_27_20.png,1,genuine_genuine,27,27
data/processed/train/genuine/original_33_15.png,data/processed/train/genuine/original_33_5.png,1,genuine_genuine,33,33
data/processed/train/genuine/original_20_23.png,data/processed/train/genuine/original_20_8.png,1,genuine_genuine,20,20
data/processed/train/genuine/original_17_10.png,data/processed/train/forged/forgeries_17_12.png,0,skilled_forgery,17,17
data/processed/train/genuine/original_33_18.png,data/processed/train/genuine/original_33_7.png,1,genuine_genuine,33,33
data/processed/train/genuine/original_35_20.png,data/processed/train/genuine/original_35_3.png,1,genuine_genuine,35,35
data/processed/train/genuine/original_25_11.png,data/processed/train/genuine/original_25_7.png,1,genuine_genuine,25,25
data/processed/train/genuine/original_10_7.png,data/processed/train/genuine/original_20_8.png,0,random_forgery,10,20
data/processed/train/genuine/original_23_8.png,data/processed/train/genuine/original_26_10.png,0,random_forgery,23,26
data/processed/train/genuine/original_6_14.png,data/processed/train/genuine/original_6_5.png,1,genuine_genuine,6,6
data/processed/train/genuine/original_19_14.png,data/processed/train/genuine/original_19_18.png,1,genuine_genuine,19,19
data/processed/train/genuine/original_33_10.png,data/processed/train/genuine/original_33_24.png,1,genuine_genuine,33,33
data/processed/train/genuine/original_10_22.png,data/processed/train/forged/forgeries_10_14.png,0,skilled_forgery,10,10
data/processed/train/genuine/original_33_21.png,data/processed/train/genuine/original_33_7.png,1,genuine_genuine,33,33
data/processed/train/genuine/original_34_18.png,data/processed/train/genuine/original_34_9.png,1,genuine_genuine,34,34
data/processed/train/genuine/original_24_21.png,data/processed/train/genuine/original_24_5.png,1,genuine_genuine,24,24
data/processed/train/genuine/original_33_8.png,data/processed/train/genuine/original_11_3.png,0,random_forgery,33,11
data/processed/train/genuine/original_31_14.png,data/processed/train/genuine/original_31_24.png,1,genuine_genuine,31,31
data/processed/train/genuine/original_5_15.png,data/processed/train/genuine/original_14_12.png,0,random_forgery,5,14
data/processed/train/genuine/original_30_12.png,data/processed/train/genuine/original_30_7.png,1,genuine_genuine,30,30
data/processed/train/genuine/original_30_23.png,data/processed/train/forged/forgeries_30_15.png,0,skilled_forgery,30,30
data/processed/train/genuine/original_4_12.png,data/processed/train/genuine/original_4_14.png,1,genuine_genuine,4,4
data/processed/train/genuine/original_13_16.png,data/processed/train/forged/forgeries_13_16.png,0,skilled_forgery,13,13
data/processed/train/genuine/original_12_14.png,data/processed/train/genuine/original_16_11.png,0,random_forgery,12,16
data/processed/train/genuine/original_24_14.png,data/processed/train/genuine/original_24_3.png,1,genuine_genuine,24,24
data/processed/train/genuine/original_30_15.png,data/processed/train/genuine/original_30_2.png,1,genuine_genuine,30,30
data/processed/train/genuine/original_7_24.png,data/processed/train/genuine/original_6_8.png,0,random_forgery,7,6
data/processed/train/genuine/original_23_19.png,data/processed/train/genuine/original_6_19.png,0,random_forgery,23,6
data/processed/train/genuine/original_11_19.png,data/processed/train/genuine/original_11_6.png,1,genuine_genuine,11,11
data/processed/train/genuine/original_35_14.png,data/processed/train/forged/forgeries_35_19.png,0,skilled_forgery,35,35
data/processed/train/genuine/original_25_14.png,data/processed/train/genuine/original_25_6.png,1,genuine_genuine,25,25
data/processed/train/genuine/original_22_13.png,data/processed/train/genuine/original_22_5.png,1,genuine_genuine,22,22
data/processed/train/genuine/original_11_7.png,data/processed/train/forged/forgeries_11_19.png,0,skilled_forgery,11,11
data/processed/train/genuine/original_30_12.png,data/processed/train/forged/forgeries_30_1.png,0,skilled_forgery,30,30
data/processed/train/genuine/original_5_1.png,data/processed/train/genuine/original_16_19.png,0,random_forgery,5,16
data/processed/train/genuine/original_30_21.png,data/processed/train/genuine/original_18_23.png,0,random_forgery,30,18
data/processed/train/genuine/original_9_21.png,data/processed/train/genuine/original_9_9.png,1,genuine_genuine,9,9
data/processed/train/genuine/original_32_19.png,data/processed/train/forged/forgeries_32_6.png,0,skilled_forgery,32,32
data/processed/train/genuine/original_21_1.png,data/processed/train/genuine/original_35_1.png,0,random_forgery,21,35
data/processed/train/genuine/original_9_19.png,data/processed/train/forged/forgeries_9_19.png,0,skilled_forgery,9,9
data/processed/train/genuine/original_1_3.png,data/processed/train/forged/forgeries_1_16.png,0,skilled_forgery,1,1
data/processed/train/genuine/original_26_19.png,data/processed/train/genuine/original_26_20.png,1,genuine_genuine,26,26
data/processed/train/genuine/original_24_4.png,data/processed/train/forged/forgeries_24_22.png,0,skilled_forgery,24,24
data/processed/train/genuine/original_4_14.png,data/processed/train/genuine/original_4_19.png,1,genuine_genuine,4,4
data/processed/train/genuine/original_19_17.png,data/processed/train/genuine/original_19_19.png,1,genuine_genuine,19,19
data/processed/train/genuine/original_28_21.png,data/processed/train/genuine/original_28_3.png,1,genuine_genuine,28,28
data/processed/train/genuine/original_12_10.png,data/processed/train/genuine/original_12_20.png,1,genuine_genuine,12,12
data/processed/train/genuine/original_25_12.png,data/processed/train/genuine/original_25_5.png,1,genuine_genuine,25,25
data/processed/train/genuine/original_20_13.png,data/processed/train/forged/forgeries_20_20.png,0,skilled_forgery,20,20
data/processed/train/genuine/original_12_12.png,data/processed/train/genuine/original_12_19.png,1,genuine_genuine,12,12
data/processed/train/genuine/original_1_17.png,data/processed/train/genuine/original_1_3.png,1,genuine_genuine,1,1
data/processed/train/genuine/original_16_12.png,data/processed/train/forged/forgeries_16_11.png,0,skilled_forgery,16,16
data/processed/train/genuine/original_23_3.png,data/processed/train/forged/forgeries_23_2.png,0,skilled_forgery,23,23
data/processed/train/genuine/original_31_6.png,data/processed/train/forged/forgeries_31_9.png,0,skilled_forgery,31,31
data/processed/train/genuine/original_30_16.png,data/processed/train/forged/forgeries_30_22.png,0,skilled_forgery,30,30
data/processed/train/genuine/original_5_1.png,data/processed/train/genuine/original_5_21.png,1,genuine_genuine,5,5
data/processed/train/genuine/original_32_7.png,data/processed/train/genuine/original_14_17.png,0,random_forgery,32,14
data/processed/train/genuine/original_31_11.png,data/processed/train/genuine/original_31_16.png,1,genuine_genuine,31,31
data/processed/train/genuine/original_33_14.png,data/processed/train/genuine/original_33_21.png,1,genuine_genuine,33,33
data/processed/train/genuine/original_6_15.png,data/processed/train/forged/forgeries_6_21.png,0,skilled_forgery,6,6
data/processed/train/genuine/original_6_13.png,data/processed/train/genuine/original_6_9.png,1,genuine_genuine,6,6
data/processed/train/genuine/original_27_8.png,data/processed/train/forged/forgeries_27_22.png,0,skilled_forgery,27,27
data/processed/train/genuine/original_18_14.png,data/processed/train/genuine/original_18_5.png,1,genuine_genuine,18,18
data/processed/train/genuine/original_3_2.png,data/processed/train/genuine/original_3_7.png,1,genuine_genuine,3,3
data/processed/train/genuine/original_27_12.png,data/processed/train/genuine/original_18_4.png,0,random_forgery,27,18
data/processed/train/genuine/original_33_13.png,data/processed/train/genuine/original_9_1.png,0,random_forgery,33,9
data/processed/train/genuine/original_9_23.png,data/processed/train/genuine/original_9_24.png,1,genuine_genuine,9,9
data/processed/train/genuine/original_4_20.png,data/processed/train/genuine/original_4_22.png,1,genuine_genuine,4,4
data/processed/train/genuine/original_10_14.png,data/processed/train/forged/forgeries_10_5.png,0,skilled_forgery,10,10
data/processed/train/genuine/original_26_13.png,data/processed/train/forged/forgeries_26_13.png,0,skilled_forgery,26,26
data/processed/train/genuine/original_26_23.png,data/processed/train/genuine/original_26_24.png,1,genuine_genuine,26,26
data/processed/train/genuine/original_29_15.png,data/processed/train/forged/forgeries_29_9.png,0,skilled_forgery,29,29
data/processed/train/genuine/original_18_12.png,data/processed/train/genuine/original_18_8.png,1,genuine_genuine,18,18
data/processed/train/genuine/original_15_3.png,data/processed/train/genuine/original_15_7.png,1,genuine_genuine,15,15
data/processed/train/genuine/original_16_6.png,data/processed/train/forged/forgeries_16_4.png,0,skilled_forgery,16,16
data/processed/train/genuine/original_35_12.png,data/processed/train/genuine/original_35_2.png,1,genuine_genuine,35,35
data/processed/train/genuine/original_19_1.png,data/processed/train/genuine/original_19_23.png,1,genuine_genuine,19,19
data/processed/train/genuine/original_21_18.png,data/processed/train/genuine/original_5_5.png,0,random_forgery,21,5
data/processed/train/genuine/original_35_13.png,data/processed/train/genuine/original_35_18.png,1,genuine_genuine,35,35
data/processed/train/genuine/original_22_21.png,data/processed/train/forged/forgeries_22_12.png,0,skilled_forgery,22,22
data/processed/train/genuine/original_21_11.png,data/processed/train/genuine/original_21_8.png,1,genuine_genuine,21,21
data/processed/train/genuine/original_31_15.png,data/processed/train/genuine/original_31_4.png,1,genuine_genuine,31,31
data/processed/train/genuine/original_22_12.png,data/processed/train/genuine/original_22_15.png,1,genuine_genuine,22,22
data/processed/train/genuine/original_10_20.png,data/processed/train/genuine/original_10_22.png,1,genuine_genuine,10,10
data/processed/train/genuine/original_6_2.png,data/processed/train/forged/forgeries_6_3.png,0,skilled_forgery,6,6
data/processed/train/genuine/original_18_13.png,data/processed/train/forged/forgeries_18_20.png,0,skilled_forgery,18,18
data/processed/train/genuine/original_15_4.png,data/processed/train/forged/forgeries_15_24.png,0,skilled_forgery,15,15
data/processed/train/genuine/original_26_14.png,data/processed/train/forged/forgeries_26_3.png,0,skilled_forgery,26,26
data/processed/train/genuine/original_14_12.png,data/processed/train/genuine/original_14_15.png,1,genuine_genuine,14,14
data/processed/train/genuine/original_16_7.png,data/processed/train/genuine/original_3_7.png,0,random_forgery,16,3
data/processed/train/genuine/original_4_16.png,data/processed/train/genuine/original_35_21.png,0,random_forgery,4,35
data/processed/train/genuine/original_2_18.png,data/processed/train/genuine/original_2_9.png,1,genuine_genuine,2,2
data/processed/train/genuine/original_9_20.png,data/processed/train/genuine/original_9_5.png,1,genuine_genuine,9,9
data/processed/train/genuine/original_11_17.png,data/processed/train/forged/forgeries_11_6.png,0,skilled_forgery,11,11
data/processed/train/genuine/original_29_15.png,data/processed/train/genuine/original_29_4.png,1,genuine_genuine,29,29
data/processed/train/genuine/original_35_15.png,data/processed/train/genuine/original_35_16.png,1,genuine_genuine,35,35
data/processed/train/genuine/original_18_12.png,data/processed/train/genuine/original_34_1.png,0,random_forgery,18,34
data/processed/train/genuine/original_14_17.png,data/processed/train/forged/forgeries_14_4.png,0,skilled_forgery,14,14
data/processed/train/genuine/original_21_20.png,data/processed/train/forged/forgeries_21_7.png,0,skilled_forgery,21,21
data/processed/train/genuine/original_24_22.png,data/processed/train/genuine/original_7_8.png,0,random_forgery,24,7
data/processed/train/genuine/original_30_24.png,data/processed/train/genuine/original_2_24.png,0,random_forgery,30,2
data/processed/train/genuine/original_21_3.png,data/processed/train/forged/forgeries_21_16.png,0,skilled_forgery,21,21
data/processed/train/genuine/original_26_24.png,data/processed/train/genuine/original_5_23.png,0,random_forgery,26,5
data/processed/train/genuine/original_4_10.png,data/processed/train/genuine/original_4_7.png,1,genuine_genuine,4,4
data/processed/train/genuine/original_11_5.png,data/processed/train/forged/forgeries_11_4.png,0,skilled_forgery,11,11
data/processed/train/genuine/original_1_7.png,data/processed/train/genuine/original_6_16.png,0,random_forgery,1,6
data/processed/train/genuine/original_24_2.png,data/processed/train/forged/forgeries_24_10.png,0,skilled_forgery,24,24
data/processed/train/genuine/original_30_14.png,data/processed/train/genuine/original_30_20.png,1,genuine_genuine,30,30
data/processed/train/genuine/original_2_5.png,data/processed/train/forged/forgeries_2_11.png,0,skilled_forgery,2,2
data/processed/train/genuine/original_14_4.png,data/processed/train/genuine/original_12_8.png,0,random_forgery,14,12
data/processed/train/genuine/original_25_12.png,data/processed/train/genuine/original_20_6.png,0,random_forgery,25,20
data/processed/train/genuine/original_29_13.png,data/processed/train/genuine/original_29_4.png,1,genuine_genuine,29,29
data/processed/train/genuine/original_33_2.png,data/processed/train/genuine/original_33_3.png,1,genuine_genuine,33,33
data/processed/train/genuine/original_32_14.png,data/processed/train/genuine/original_7_2.png,0,random_forgery,32,7
data/processed/train/genuine/original_11_17.png,data/processed/train/forged/forgeries_11_22.png,0,skilled_forgery,11,11
data/processed/train/genuine/original_20_9.png,data/processed/train/forged/forgeries_20_18.png,0,skilled_forgery,20,20
data/processed/train/genuine/original_13_21.png,data/processed/train/genuine/original_13_3.png,1,genuine_genuine,13,13
data/processed/train/genuine/original_15_15.png,data/processed/train/forged/forgeries_15_17.png,0,skilled_forgery,15,15
data/processed/train/genuine/original_18_17.png,data/processed/train/genuine/original_18_21.png,1,genuine_genuine,18,18
data/processed/train/genuine/original_1_14.png,data/processed/train/forged/forgeries_1_12.png,0,skilled_forgery,1,1
data/processed/train/genuine/original_11_11.png,data/processed/train/forged/forgeries_11_9.png,0,skilled_forgery,11,11
data/processed/train/genuine/original_8_11.png,data/processed/train/genuine/original_8_22.png,1,genuine_genuine,8,8
data/processed/train/genuine/original_8_10.png,data/processed/train/genuine/original_8_22.png,1,genuine_genuine,8,8
data/processed/train/genuine/original_2_17.png,data/processed/train/genuine/original_2_3.png,1,genuine_genuine,2,2
data/processed/train/genuine/original_23_10.png,data/processed/train/forged/forgeries_23_9.png,0,skilled_forgery,23,23
data/processed/train/genuine/original_35_7.png,data/processed/train/genuine/original_10_7.png,0,random_forgery,35,10
data/processed/train/genuine/original_2_11.png,data/processed/train/forged/forgeries_2_23.png,0,skilled_forgery,2,2
data/processed/train/genuine/original_16_24.png,data/processed/train/forged/forgeries_16_11.png,0,skilled_forgery,16,16
data/processed/train/genuine/original_1_11.png,data/processed/train/forged/forgeries_1_10.png,0,skilled_forgery,1,1
data/processed/train/genuine/original_17_2.png,data/processed/train/genuine/original_17_8.png,1,genuine_genuine,17,17
data/processed/train/genuine/original_22_15.png,data/processed/train/genuine/original_22_9.png,1,genuine_genuine,22,22
data/processed/train/genuine/original_26_2.png,data/processed/train/genuine/original_1_3.png,0,random_forgery,26,1
data/processed/train/genuine/original_34_8.png,data/processed/train/forged/forgeries_34_15.png,0,skilled_forgery,34,34
data/processed/train/genuine/original_29_21.png,data/processed/train/genuine/original_23_19.png,0,random_forgery,29,23
data/processed/train/genuine/original_1_18.png,data/processed/train/genuine/original_16_8.png,0,random_forgery,1,16
data/processed/train/genuine/original_35_3.png,data/processed/train/genuine/original_35_5.png,1,genuine_genuine,35,35
data/processed/train/genuine/original_21_19.png,data/processed/train/genuine/original_23_21.png,0,random_forgery,21,23
data/processed/train/genuine/original_28_15.png,data/processed/train/forged/forgeries_28_14.png,0,skilled_forgery,28,28
data/processed/train/genuine/original_14_23.png,data/processed/train/forged/forgeries_14_3.png,0,skilled_forgery,14,14
data/processed/train/genuine/original_2_17.png,data/processed/train/genuine/original_10_10.png,0,random_forgery,2,10
data/processed/train/genuine/original_30_2.png,data/processed/train/genuine/original_30_9.png,1,genuine_genuine,30,30
data/processed/train/genuine/original_8_2.png,data/processed/train/forged/forgeries_8_10.png,0,skilled_forgery,8,8
data/processed/train/genuine/original_14_23.png,data/processed/train/forged/forgeries_14_23.png,0,skilled_forgery,14,14
data/processed/train/genuine/original_32_17.png,data/processed/train/genuine/original_32_4.png,1,genuine_genuine,32,32
data/processed/train/genuine/original_33_1.png,data/processed/train/genuine/original_24_14.png,0,random_forgery,33,24
data/processed/train/genuine/original_15_18.png,data/processed/train/genuine/original_15_6.png,1,genuine_genuine,15,15
data/processed/train/genuine/original_25_13.png,data/processed/train/genuine/original_6_18.png,0,random_forgery,25,6
data/processed/train/genuine/original_6_1.png,data/processed/train/genuine/original_32_14.png,0,random_forgery,6,32
data/processed/train/genuine/original_6_5.png,data/processed/train/genuine/original_6_6.png,1,genuine_genuine,6,6
data/processed/train/genuine/original_19_2.png,data/processed/train/genuine/original_13_18.png,0,random_forgery,19,13
data/processed/train/genuine/original_23_12.png,data/processed/train/forged/forgeries_23_20.png,0,skilled_forgery,23,23
data/processed/train/genuine/original_35_11.png,data/processed/train/genuine/original_25_4.png,0,random_forgery,35,25
data/processed/train/genuine/original_11_16.png,data/processed/train/genuine/original_11_3.png,1,genuine_genuine,11,11
data/processed/train/genuine/original_6_12.png,data/processed/train/genuine/original_6_23.png,1,genuine_genuine,6,6
data/processed/train/genuine/original_31_20.png,data/processed/train/genuine/original_31_8.png,1,genuine_genuine,31,31
data/processed/train/genuine/original_21_5.png,data/processed/train/genuine/original_21_9.png,1,genuine_genuine,21,21
data/processed/train/genuine/original_26_17.png,data/processed/train/genuine/original_26_8.png,1,genuine_genuine,26,26
data/processed/train/genuine/original_14_10.png,data/processed/train/genuine/original_30_2.png,0,random_forgery,14,30
data/processed/train/genuine/original_23_22.png,data/processed/train/genuine/original_6_17.png,0,random_forgery,23,6
data/processed/train/genuine/original_11_21.png,data/processed/train/genuine/original_3_24.png,0,random_forgery,11,3
data/processed/train/genuine/original_32_2.png,data/processed/train/genuine/original_32_24.png,1,genuine_genuine,32,32
data/processed/train/genuine/original_28_21.png,data/processed/train/genuine/original_28_4.png,1,genuine_genuine,28,28
data/processed/train/genuine/original_27_11.png,data/processed/train/genuine/original_27_5.png,1,genuine_genuine,27,27
data/processed/train/genuine/original_33_3.png,data/processed/train/forged/forgeries_33_20.png,0,skilled_forgery,33,33
data/processed/train/genuine/original_31_23.png,data/processed/train/forged/forgeries_31_16.png,0,skilled_forgery,31,31
data/processed/train/genuine/original_6_17.png,data/processed/train/genuine/original_23_2.png,0,random_forgery,6,23
data/processed/train/genuine/original_7_13.png,data/processed/train/genuine/original_7_17.png,1,genuine_genuine,7,7
data/processed/train/genuine/original_9_5.png,data/processed/train/genuine/original_9_7.png,1,genuine_genuine,9,9
data/processed/train/genuine/original_29_15.png,data/processed/train/genuine/original_8_15.png,0,random_forgery,29,8
data/processed/train/genuine/original_3_22.png,data/processed/train/genuine/original_3_5.png,1,genuine_genuine,3,3
data/processed/train/genuine/original_19_11.png,data/processed/train/forged/forgeries_19_13.png,0,skilled_forgery,19,19
data/processed/train/genuine/original_26_16.png,data/processed/train/forged/forgeries_26_23.png,0,skilled_forgery,26,26
data/processed/train/genuine/original_23_15.png,data/processed/train/forged/forgeries_23_9.png,0,skilled_forgery,23,23
data/processed/train/genuine/original_6_12.png,data/processed/train/genuine/original_6_16.png,1,genuine_genuine,6,6
data/processed/train/genuine/original_6_13.png,data/processed/train/genuine/original_6_5.png,1,genuine_genuine,6,6
data/processed/train/genuine/original_21_6.png,data/processed/train/genuine/original_21_8.png,1,genuine_genuine,21,21
data/processed/train/genuine/original_15_18.png,data/processed/train/genuine/original_15_7.png,1,genuine_genuine,15,15
data/processed/train/genuine/original_35_20.png,data/processed/train/forged/forgeries_35_19.png,0,skilled_forgery,35,35
data/processed/train/genuine/original_26_14.png,data/processed/train/genuine/original_27_20.png,0,random_forgery,26,27
data/processed/train/genuine/original_26_8.png,data/processed/train/genuine/original_15_5.png,0,random_forgery,26,15
data/processed/train/genuine/original_28_8.png,data/processed/train/genuine/original_28_9.png,1,genuine_genuine,28,28
data/processed/train/genuine/original_6_12.png,data/processed/train/forged/forgeries_6_16.png,0,skilled_forgery,6,6
data/processed/train/genuine/original_10_11.png,data/processed/train/genuine/original_10_24.png,1,genuine_genuine,10,10
data/processed/train/genuine/original_24_11.png,data/processed/train/genuine/original_24_7.png,1,genuine_genuine,24,24
data/processed/train/genuine/original_15_15.png,data/processed/train/genuine/original_15_21.png,1,genuine_genuine,15,15
data/processed/train/genuine/original_1_21.png,data/processed/train/genuine/original_1_24.png,1,genuine_genuine,1,1
data/processed/train/genuine/original_1_17.png,data/processed/train/genuine/original_1_18.png,1,genuine_genuine,1,1
data/processed/train/genuine/original_4_10.png,data/processed/train/forged/forgeries_4_24.png,0,skilled_forgery,4,4
data/processed/train/genuine/original_30_22.png,data/processed/train/genuine/original_30_8.png,1,genuine_genuine,30,30
data/processed/train/genuine/original_34_7.png,data/processed/train/forged/forgeries_34_7.png,0,skilled_forgery,34,34
data/processed/train/genuine/original_21_21.png,data/processed/train/genuine/original_21_9.png,1,genuine_genuine,21,21
data/processed/train/genuine/original_12_23.png,data/processed/train/genuine/original_12_4.png,1,genuine_genuine,12,12
data/processed/train/genuine/original_26_19.png,data/processed/train/genuine/original_3_14.png,0,random_forgery,26,3
data/processed/train/genuine/original_8_5.png,data/processed/train/genuine/original_7_2.png,0,random_forgery,8,7
data/processed/train/genuine/original_22_13.png,data/processed/train/forged/forgeries_22_20.png,0,skilled_forgery,22,22
data/processed/train/genuine/original_2_1.png,data/processed/train/genuine/original_2_3.png,1,genuine_genuine,2,2
data/processed/train/genuine/original_6_2.png,data/processed/train/genuine/original_18_1.png,0,random_forgery,6,18
data/processed/train/genuine/original_16_2.png,data/processed/train/forged/forgeries_16_8.png,0,skilled_forgery,16,16
data/processed/train/genuine/original_24_5.png,data/processed/train/genuine/original_24_9.png,1,genuine_genuine,24,24
data/processed/train/genuine/original_26_12.png,data/processed/train/genuine/original_26_7.png,1,genuine_genuine,26,26
data/processed/train/genuine/original_16_15.png,data/processed/train/forged/forgeries_16_8.png,0,skilled_forgery,16,16
data/processed/train/genuine/original_27_5.png,data/processed/train/forged/forgeries_27_2.png,0,skilled_forgery,27,27
data/processed/train/genuine/original_7_11.png,data/processed/train/genuine/original_30_5.png,0,random_forgery,7,30
data/processed/train/genuine/original_17_14.png,data/processed/train/genuine/original_17_2.png,1,genuine_genuine,17,17
data/processed/train/genuine/original_27_17.png,data/processed/train/genuine/original_27_20.png,1,genuine_genuine,27,27
data/processed/train/genuine/original_15_2.png,data/processed/train/forged/forgeries_15_12.png,0,skilled_forgery,15,15
data/processed/train/genuine/original_21_21.png,data/processed/train/genuine/original_21_24.png,1,genuine_genuine,21,21
data/processed/train/genuine/original_26_15.png,data/processed/train/genuine/original_14_23.png,0,random_forgery,26,14
data/processed/train/genuine/original_4_1.png,data/processed/train/genuine/original_4_10.png,1,genuine_genuine,4,4
data/processed/train/genuine/original_29_21.png,data/processed/train/genuine/original_29_23.png,1,genuine_genuine,29,29
data/processed/train/genuine/original_7_1.png,data/processed/train/genuine/original_7_24.png,1,genuine_genuine,7,7
data/processed/train/genuine/original_6_13.png,data/processed/train/genuine/original_6_22.png,1,genuine_genuine,6,6
data/processed/train/genuine/original_21_17.png,data/processed/train/forged/forgeries_21_11.png,0,skilled_forgery,21,21
data/processed/train/genuine/original_18_19.png,data/processed/train/genuine/original_18_21.png,1,genuine_genuine,18,18
data/processed/train/genuine/original_31_2.png,data/processed/train/genuine/original_6_11.png,0,random_forgery,31,6
data/processed/train/genuine/original_22_21.png,data/processed/train/genuine/original_16_17.png,0,random_forgery,22,16
data/processed/train/genuine/original_17_19.png,data/processed/train/forged/forgeries_17_20.png,0,skilled_forgery,17,17
data/processed/train/genuine/original_6_23.png,data/processed/train/genuine/original_6_24.png,1,genuine_genuine,6,6
data/processed/train/genuine/original_31_22.png,data/processed/train/genuine/original_31_5.png,1,genuine_genuine,31,31
data/processed/train/genuine/original_6_1.png,data/processed/train/genuine/original_6_19.png,1,genuine_genuine,6,6
data/processed/train/genuine/original_11_1.png,data/processed/train/genuine/original_11_6.png,1,genuine_genuine,11,11
data/processed/train/genuine/original_28_10.png,data/processed/train/genuine/original_28_22.png,1,genuine_genuine,28,28
data/processed/train/genuine/original_7_12.png,data/processed/train/forged/forgeries_7_19.png,0,skilled_forgery,7,7
data/processed/train/genuine/original_6_16.png,data/processed/train/genuine/original_6_21.png,1,genuine_genuine,6,6
data/processed/train/genuine/original_27_1.png,data/processed/train/genuine/original_27_23.png,1,genuine_genuine,27,27
data/processed/train/genuine/original_22_3.png,data/processed/train/forged/forgeries_22_14.png,0,skilled_forgery,22,22
data/processed/train/genuine/original_30_10.png,data/processed/train/forged/forgeries_30_4.png,0,skilled_forgery,30,30
data/processed/train/genuine/original_29_9.png,data/processed/train/forged/forgeries_29_23.png,0,skilled_forgery,29,29
data/processed/train/genuine/original_32_1.png,data/processed/train/genuine/original_32_8.png,1,genuine_genuine,32,32
data/processed/train/genuine/original_1_5.png,data/processed/train/forged/forgeries_1_11.png,0,skilled_forgery,1,1
data/processed/train/genuine/original_4_6.png,data/processed/train/genuine/original_24_8.png,0,random_forgery,4,24
data/processed/train/genuine/original_26_11.png,data/processed/train/genuine/original_26_7.png,1,genuine_genuine,26,26
data/processed/train/genuine/original_29_17.png,data/processed/train/genuine/original_29_21.png,1,genuine_genuine,29,29
data/processed/train/genuine/original_16_5.png,data/processed/train/forged/forgeries_16_16.png,0,skilled_forgery,16,16
data/processed/train/genuine/original_27_16.png,data/processed/train/genuine/original_27_17.png,1,genuine_genuine,27,27
data/processed/train/genuine/original_16_23.png,data/processed/train/forged/forgeries_16_21.png,0,skilled_forgery,16,16
data/processed/train/genuine/original_31_7.png,data/processed/train/forged/forgeries_31_20.png,0,skilled_forgery,31,31
data/processed/train/genuine/original_29_16.png,data/processed/train/genuine/original_29_19.png,1,genuine_genuine,29,29
data/processed/train/genuine/original_5_14.png,data/processed/train/genuine/original_5_5.png,1,genuine_genuine,5,5
data/processed/train/genuine/original_18_17.png,data/processed/train/genuine/original_18_22.png,1,genuine_genuine,18,18
data/processed/train/genuine/original_1_18.png,data/processed/train/genuine/original_32_10.png,0,random_forgery,1,32
data/processed/train/genuine/original_5_13.png,data/processed/train/genuine/original_5_21.png,1,genuine_genuine,5,5
data/processed/train/genuine/original_31_14.png,data/processed/train/genuine/original_31_7.png,1,genuine_genuine,31,31
data/processed/train/genuine/original_26_22.png,data/processed/train/genuine/original_26_9.png,1,genuine_genuine,26,26
data/processed/train/genuine/original_32_1.png,data/processed/train/forged/forgeries_32_14.png,0,skilled_forgery,32,32
data/processed/train/genuine/original_29_15.png,data/processed/train/genuine/original_29_3.png,1,genuine_genuine,29,29
data/processed/train/genuine/original_13_14.png,data/processed/train/forged/forgeries_13_18.png,0,skilled_forgery,13,13
data/processed/train/genuine/original_18_23.png,data/processed/train/genuine/original_18_8.png,1,genuine_genuine,18,18
data/processed/train/genuine/original_3_16.png,data/processed/train/genuine/original_3_3.png,1,genuine_genuine,3,3
data/processed/train/genuine/original_7_1.png,data/processed/train/genuine/original_7_21.png,1,genuine_genuine,7,7
data/processed/train/genuine/original_14_7.png,data/processed/train/genuine/original_34_24.png,0,random_forgery,14,34
data/processed/train/genuine/original_11_19.png,data/processed/train/genuine/original_1_15.png,0,random_forgery,11,1
data/processed/train/genuine/original_25_16.png,data/processed/train/genuine/original_25_2.png,1,genuine_genuine,25,25
data/processed/train/genuine/original_26_10.png,data/processed/train/genuine/original_26_15.png,1,genuine_genuine,26,26
data/processed/train/genuine/original_17_14.png,data/processed/train/forged/forgeries_17_18.png,0,skilled_forgery,17,17
data/processed/train/genuine/original_6_11.png,data/processed/train/forged/forgeries_6_22.png,0,skilled_forgery,6,6
data/processed/train/genuine/original_5_23.png,data/processed/train/genuine/original_5_8.png,1,genuine_genuine,5,5
data/processed/train/genuine/original_25_17.png,data/processed/train/genuine/original_25_7.png,1,genuine_genuine,25,25
data/processed/train/genuine/original_25_10.png,data/processed/train/genuine/original_25_9.png,1,genuine_genuine,25,25
data/processed/train/genuine/original_8_21.png,data/processed/train/forged/forgeries_8_11.png,0,skilled_forgery,8,8
data/processed/train/genuine/original_31_5.png,data/processed/train/genuine/original_31_7.png,1,genuine_genuine,31,31
data/processed/train/genuine/original_23_5.png,data/processed/train/genuine/original_17_3.png,0,random_forgery,23,17
data/processed/train/genuine/original_5_19.png,data/processed/train/genuine/original_30_12.png,0,random_forgery,5,30
data/processed/train/genuine/original_32_1.png,data/processed/train/genuine/original_32_7.png,1,genuine_genuine,32,32
data/processed/train/genuine/original_14_12.png,data/processed/train/genuine/original_14_3.png,1,genuine_genuine,14,14
data/processed/train/genuine/original_13_8.png,data/processed/train/forged/forgeries_13_21.png,0,skilled_forgery,13,13
data/processed/train/genuine/original_31_23.png,data/processed/train/forged/forgeries_31_22.png,0,skilled_forgery,31,31
data/processed/train/genuine/original_10_13.png,data/processed/train/forged/forgeries_10_18.png,0,skilled_forgery,10,10
data/processed/train/genuine/original_35_14.png,data/processed/train/genuine/original_35_19.png,1,genuine_genuine,35,35
data/processed/train/genuine/original_29_16.png,data/processed/train/genuine/original_22_24.png,0,random_forgery,29,22
data/processed/train/genuine/original_31_24.png,data/processed/train/genuine/original_31_4.png,1,genuine_genuine,31,31
data/processed/train/genuine/original_17_6.png,data/processed/train/forged/forgeries_17_7.png,0,skilled_forgery,17,17
data/processed/train/genuine/original_19_6.png,data/processed/train/forged/forgeries_19_20.png,0,skilled_forgery,19,19
data/processed/train/genuine/original_14_15.png,data/processed/train/genuine/original_14_6.png,1,genuine_genuine,14,14
data/processed/train/genuine/original_13_7.png,data/processed/train/genuine/original_15_17.png,0,random_forgery,13,15
data/processed/train/genuine/original_28_17.png,data/processed/train/genuine/original_28_5.png,1,genuine_genuine,28,28
data/processed/train/genuine/original_13_12.png,data/processed/train/genuine/original_13_3.png,1,genuine_genuine,13,13
data/processed/train/genuine/original_23_1.png,data/processed/train/genuine/original_23_8.png,1,genuine_genuine,23,23
data/processed/train/genuine/original_26_13.png,data/processed/train/genuine/original_26_15.png,1,genuine_genuine,26,26
data/processed/train/genuine/original_15_6.png,data/processed/train/forged/forgeries_15_9.png,0,skilled_forgery,15,15
data/processed/train/genuine/original_17_24.png,data/processed/train/forged/forgeries_17_9.png,0,skilled_forgery,17,17
data/processed/train/genuine/original_33_14.png,data/processed/train/genuine/original_33_3.png,1,genuine_genuine,33,33
data/processed/train/genuine/original_26_15.png,data/processed/train/genuine/original_26_20.png,1,genuine_genuine,26,26
data/processed/train/genuine/original_2_11.png,data/processed/train/genuine/original_31_12.png,0,random_forgery,2,31
data/processed/train/genuine/original_5_15.png,data/processed/train/genuine/original_5_3.png,1,genuine_genuine,5,5
data/processed/train/genuine/original_30_14.png,data/processed/train/genuine/original_30_23.png,1,genuine_genuine,30,30
data/processed/train/genuine/original_28_19.png,data/processed/train/forged/forgeries_28_18.png,0,skilled_forgery,28,28
data/processed/train/genuine/original_4_12.png,data/processed/train/forged/forgeries_4_5.png,0,skilled_forgery,4,4
data/processed/train/genuine/original_22_1.png,data/processed/train/genuine/original_14_19.png,0,random_forgery,22,14
data/processed/train/genuine/original_19_19.png,data/processed/train/genuine/original_19_21.png,1,genuine_genuine,19,19
data/processed/train/genuine/original_35_2.png,data/processed/train/forged/forgeries_35_5.png,0,skilled_forgery,35,35
data/processed/train/genuine/original_1_13.png,data/processed/train/genuine/original_1_22.png,1,genuine_genuine,1,1
data/processed/train/genuine/original_13_13.png,data/processed/train/genuine/original_13_23.png,1,genuine_genuine,13,13
data/processed/train/genuine/original_13_6.png,data/processed/train/forged/forgeries_13_18.png,0,skilled_forgery,13,13
data/processed/train/genuine/original_3_4.png,data/processed/train/genuine/original_3_5.png,1,genuine_genuine,3,3
data/processed/train/genuine/original_8_15.png,data/processed/train/forged/forgeries_8_24.png,0,skilled_forgery,8,8
data/processed/train/genuine/original_2_15.png,data/processed/train/forged/forgeries_2_21.png,0,skilled_forgery,2,2
data/processed/train/genuine/original_10_12.png,data/processed/train/genuine/original_10_15.png,1,genuine_genuine,10,10
data/processed/train/genuine/original_14_5.png,data/processed/train/genuine/original_14_9.png,1,genuine_genuine,14,14
data/processed/train/genuine/original_3_16.png,data/processed/train/forged/forgeries_3_1.png,0,skilled_forgery,3,3
data/processed/train/genuine/original_3_1.png,data/processed/train/genuine/original_3_15.png,1,genuine_genuine,3,3
data/processed/train/genuine/original_9_12.png,data/processed/train/genuine/original_9_17.png,1,genuine_genuine,9,9
data/processed/train/genuine/original_15_1.png,data/processed/train/genuine/original_21_16.png,0,random_forgery,15,21
data/processed/train/genuine/original_15_1.png,data/processed/train/forged/forgeries_15_14.png,0,skilled_forgery,15,15
data/processed/train/genuine/original_27_13.png,data/processed/train/genuine/original_27_9.png,1,genuine_genuine,27,27
data/processed/train/genuine/original_14_15.png,data/processed/train/forged/forgeries_14_19.png,0,skilled_forgery,14,14
data/processed/train/genuine/original_4_24.png,data/processed/train/genuine/original_4_6.png,1,genuine_genuine,4,4
data/processed/train/genuine/original_11_21.png,data/processed/train/genuine/original_11_3.png,1,genuine_genuine,11,11
data/processed/train/genuine/original_9_17.png,data/processed/train/genuine/original_9_3.png,1,genuine_genuine,9,9
data/processed/train/genuine/original_4_4.png,data/processed/train/forged/forgeries_4_15.png,0,skilled_forgery,4,4
data/processed/train/genuine/original_17_2.png,data/processed/train/genuine/original_17_7.png,1,genuine_genuine,17,17
data/processed/train/genuine/original_30_16.png,data/processed/train/forged/forgeries_30_14.png,0,skilled_forgery,30,30
data/processed/train/genuine/original_13_14.png,data/processed/train/genuine/original_13_18.png,1,genuine_genuine,13,13
data/processed/train/genuine/original_4_17.png,data/processed/train/forged/forgeries_4_20.png,0,skilled_forgery,4,4
data/processed/train/genuine/original_4_21.png,data/processed/train/forged/forgeries_4_5.png,0,skilled_forgery,4,4
data/processed/train/genuine/original_13_11.png,data/processed/train/genuine/original_13_19.png,1,genuine_genuine,13,13
data/processed/train/genuine/original_8_2.png,data/processed/train/genuine/original_21_21.png,0,random_forgery,8,21
data/processed/train/genuine/original_20_19.png,data/processed/train/genuine/original_20_21.png,1,genuine_genuine,20,20
data/processed/train/genuine/original_7_2.png,data/processed/train/genuine/original_7_20.png,1,genuine_genuine,7,7
data/processed/train/genuine/original_33_20.png,data/processed/train/genuine/original_33_22.png,1,genuine_genuine,33,33
data/processed/train/genuine/original_22_16.png,data/processed/train/genuine/original_22_6.png,1,genuine_genuine,22,22
data/processed/train/genuine/original_3_22.png,data/processed/train/forged/forgeries_3_11.png,0,skilled_forgery,3,3
data/processed/train/genuine/original_8_22.png,data/processed/train/genuine/original_8_7.png,1,genuine_genuine,8,8
data/processed/train/genuine/original_5_11.png,data/processed/train/genuine/original_5_2.png,1,genuine_genuine,5,5
data/processed/train/genuine/original_31_18.png,data/processed/train/genuine/original_31_4.png,1,genuine_genuine,31,31
data/processed/train/genuine/original_32_20.png,data/processed/train/genuine/original_32_21.png,1,genuine_genuine,32,32
data/processed/train/genuine/original_3_13.png,data/processed/train/genuine/original_3_23.png,1,genuine_genuine,3,3
data/processed/train/genuine/original_33_3.png,data/processed/train/forged/forgeries_33_6.png,0,skilled_forgery,33,33
data/processed/train/genuine/original_34_17.png,data/processed/train/forged/forgeries_34_14.png,0,skilled_forgery,34,34
data/processed/train/genuine/original_19_17.png,data/processed/train/genuine/original_28_17.png,0,random_forgery,19,28
data/processed/train/genuine/original_33_20.png,data/processed/train/genuine/original_33_21.png,1,genuine_genuine,33,33
data/processed/train/genuine/original_16_1.png,data/processed/train/genuine/original_16_15.png,1,genuine_genuine,16,16
data/processed/train/genuine/original_25_14.png,data/processed/train/genuine/original_5_6.png,0,random_forgery,25,5
data/processed/train/genuine/original_29_22.png,data/processed/train/genuine/original_29_8.png,1,genuine_genuine,29,29
data/processed/train/genuine/original_5_1.png,data/processed/train/genuine/original_5_12.png,1,genuine_genuine,5,5
data/processed/train/genuine/original_7_4.png,data/processed/train/genuine/original_7_8.png,1,genuine_genuine,7,7
data/processed/train/genuine/original_13_22.png,data/processed/train/forged/forgeries_13_18.png,0,skilled_forgery,13,13
data/processed/train/genuine/original_34_10.png,data/processed/train/genuine/original_34_17.png,1,genuine_genuine,34,34
data/processed/train/genuine/original_25_1.png,data/processed/train/genuine/original_16_23.png,0,random_forgery,25,16
data/processed/train/genuine/original_29_12.png,data/processed/train/genuine/original_27_1.png,0,random_forgery,29,27
data/processed/train/genuine/original_6_2.png,data/processed/train/genuine/original_6_7.png,1,genuine_genuine,6,6
data/processed/train/genuine/original_11_3.png,data/processed/train/forged/forgeries_11_6.png,0,skilled_forgery,11,11
data/processed/train/genuine/original_8_19.png,data/processed/train/forged/forgeries_8_22.png,0,skilled_forgery,8,8
data/processed/train/genuine/original_16_7.png,data/processed/train/forged/forgeries_16_4.png,0,skilled_forgery,16,16
data/processed/train/genuine/original_35_17.png,data/processed/train/genuine/original_35_5.png,1,genuine_genuine,35,35
data/processed/train/genuine/original_3_19.png,data/processed/train/forged/forgeries_3_1.png,0,skilled_forgery,3,3
data/processed/train/genuine/original_22_23.png,data/processed/train/genuine/original_23_10.png,0,random_forgery,22,23
data/processed/train/genuine/original_9_20.png,data/processed/train/genuine/original_9_4.png,1,genuine_genuine,9,9
data/processed/train/genuine/original_3_17.png,data/processed/train/genuine/original_3_7.png,1,genuine_genuine,3,3
data/processed/train/genuine/original_30_21.png,data/processed/train/genuine/original_25_13.png,0,random_forgery,30,25
data/processed/train/genuine/original_2_20.png,data/processed/train/forged/forgeries_2_4.png,0,skilled_forgery,2,2
data/processed/train/genuine/original_30_17.png,data/processed/train/genuine/original_30_6.png,1,genuine_genuine,30,30
data/processed/train/genuine/original_23_16.png,data/processed/train/genuine/original_23_2.png,1,genuine_genuine,23,23
data/processed/train/genuine/original_4_5.png,data/processed/train/forged/forgeries_4_23.png,0,skilled_forgery,4,4
data/processed/train/genuine/original_24_1.png,data/processed/train/genuine/original_24_9.png,1,genuine_genuine,24,24
data/processed/train/genuine/original_32_23.png,data/processed/train/genuine/original_32_3.png,1,genuine_genuine,32,32
data/processed/train/genuine/original_22_6.png,data/processed/train/genuine/original_9_12.png,0,random_forgery,22,9
data/processed/train/genuine/original_13_7.png,data/processed/train/forged/forgeries_13_14.png,0,skilled_forgery,13,13
data/processed/train/genuine/original_10_15.png,data/processed/train/genuine/original_10_19.png,1,genuine_genuine,10,10
data/processed/train/genuine/original_25_15.png,data/processed/train/genuine/original_25_24.png,1,genuine_genuine,25,25
data/processed/train/genuine/original_4_12.png,data/processed/train/genuine/original_17_22.png,0,random_forgery,4,17
data/processed/train/genuine/original_9_4.png,data/processed/train/genuine/original_9_8.png,1,genuine_genuine,9,9
data/processed/train/genuine/original_34_24.png,data/processed/train/forged/forgeries_34_20.png,0,skilled_forgery,34,34
data/processed/train/genuine/original_9_2.png,data/processed/train/genuine/original_21_21.png,0,random_forgery,9,21
data/processed/train/genuine/original_8_24.png,data/processed/train/genuine/original_8_8.png,1,genuine_genuine,8,8
data/processed/train/genuine/original_26_1.png,data/processed/train/genuine/original_26_24.png,1,genuine_genuine,26,26
data/processed/train/genuine/original_32_1.png,data/processed/train/genuine/original_32_16.png,1,genuine_genuine,32,32
data/processed/train/genuine/original_15_23.png,data/processed/train/genuine/original_15_7.png,1,genuine_genuine,15,15
data/processed/train/genuine/original_19_5.png,data/processed/train/genuine/original_32_24.png,0,random_forgery,19,32
data/processed/train/genuine/original_16_2.png,data/processed/train/genuine/original_16_6.png,1,genuine_genuine,16,16
data/processed/train/genuine/original_5_11.png,data/processed/train/forged/forgeries_5_2.png,0,skilled_forgery,5,5
data/processed/train/genuine/original_22_22.png,data/processed/train/genuine/original_22_9.png,1,genuine_genuine,22,22
data/processed/train/genuine/original_15_8.png,data/processed/train/forged/forgeries_15_21.png,0,skilled_forgery,15,15
data/processed/train/genuine/original_14_21.png,data/processed/train/forged/forgeries_14_12.png,0,skilled_forgery,14,14
data/processed/train/genuine/original_16_17.png,data/processed/train/genuine/original_16_9.png,1,genuine_genuine,16,16
data/processed/train/genuine/original_23_12.png,data/processed/train/forged/forgeries_23_1.png,0,skilled_forgery,23,23
data/processed/train/genuine/original_7_10.png,data/processed/train/genuine/original_15_14.png,0,random_forgery,7,15
data/processed/train/genuine/original_33_21.png,data/processed/train/genuine/original_20_7.png,0,random_forgery,33,20
data/processed/train/genuine/original_28_9.png,data/processed/train/forged/forgeries_28_20.png,0,skilled_forgery,28,28
data/processed/train/genuine/original_29_10.png,data/processed/train/genuine/original_12_14.png,0,random_forgery,29,12
data/processed/train/genuine/original_13_11.png,data/processed/train/genuine/original_13_23.png,1,genuine_genuine,13,13
data/processed/train/genuine/original_22_14.png,data/processed/train/genuine/original_22_8.png,1,genuine_genuine,22,22
data/processed/train/genuine/original_24_20.png,data/processed/train/forged/forgeries_24_13.png,0,skilled_forgery,24,24
data/processed/train/genuine/original_3_19.png,data/processed/train/genuine/original_3_5.png,1,genuine_genuine,3,3
data/processed/train/genuine/original_26_16.png,data/processed/train/genuine/original_26_7.png,1,genuine_genuine,26,26
data/processed/train/genuine/original_26_14.png,data/processed/train/forged/forgeries_26_13.png,0,skilled_forgery,26,26
data/processed/train/genuine/original_15_14.png,data/processed/train/genuine/original_15_23.png,1,genuine_genuine,15,15
data/processed/train/genuine/original_14_16.png,data/processed/train/genuine/original_14_6.png,1,genuine_genuine,14,14
data/processed/train/genuine/original_25_18.png,data/processed/train/forged/forgeries_25_4.png,0,skilled_forgery,25,25
data/processed/train/genuine/original_23_12.png,data/processed/train/forged/forgeries_23_15.png,0,skilled_forgery,23,23
data/processed/train/genuine/original_21_21.png,data/processed/train/genuine/original_21_8.png,1,genuine_genuine,21,21
data/processed/train/genuine/original_5_19.png,data/processed/train/genuine/original_33_16.png,0,random_forgery,5,33
data/processed/train/genuine/original_29_10.png,data/processed/train/genuine/original_29_17.png,1,genuine_genuine,29,29
data/processed/train/genuine/original_34_19.png,data/processed/train/genuine/original_20_10.png,0,random_forgery,34,20
data/processed/train/genuine/original_27_13.png,data/processed/train/genuine/original_27_14.png,1,genuine_genuine,27,27
data/processed/train/genuine/original_15_23.png,data/processed/train/genuine/original_2_9.png,0,random_forgery,15,2
data/processed/train/genuine/original_23_24.png,data/processed/train/genuine/original_23_8.png,1,genuine_genuine,23,23
data/processed/train/genuine/original_22_24.png,data/processed/train/forged/forgeries_22_20.png,0,skilled_forgery,22,22
data/processed/train/genuine/original_33_14.png,data/processed/train/forged/forgeries_33_21.png,0,skilled_forgery,33,33
data/processed/train/genuine/original_9_16.png,data/processed/train/forged/forgeries_9_18.png,0,skilled_forgery,9,9
data/processed/train/genuine/original_15_13.png,data/processed/train/genuine/original_15_3.png,1,genuine_genuine,15,15
data/processed/train/genuine/original_4_10.png,data/processed/train/genuine/original_4_16.png,1,genuine_genuine,4,4
data/processed/train/genuine/original_22_2.png,data/processed/train/genuine/original_11_18.png,0,random_forgery,22,11
data/processed/train/genuine/original_33_1.png,data/processed/train/genuine/original_33_2.png,1,genuine_genuine,33,33
data/processed/train/genuine/original_18_22.png,data/processed/train/genuine/original_18_9.png,1,genuine_genuine,18,18
data/processed/train/genuine/original_11_5.png,data/processed/train/genuine/original_14_15.png,0,random_forgery,11,14
data/processed/train/genuine/original_9_19.png,data/processed/train/genuine/original_9_9.png,1,genuine_genuine,9,9
data/processed/train/genuine/original_16_19.png,data/processed/train/genuine/original_16_24.png,1,genuine_genuine,16,16
data/processed/train/genuine/original_22_22.png,data/processed/train/genuine/original_22_6.png,1,genuine_genuine,22,22
data/processed/train/genuine/original_15_3.png,data/processed/train/forged/forgeries_15_22.png,0,skilled_forgery,15,15
data/processed/train/genuine/original_34_6.png,data/processed/train/forged/forgeries_34_13.png,0,skilled_forgery,34,34
data/processed/train/genuine/original_1_22.png,data/processed/train/genuine/original_1_6.png,1,genuine_genuine,1,1
data/processed/train/genuine/original_32_14.png,data/processed/train/forged/forgeries_32_5.png,0,skilled_forgery,32,32
data/processed/train/genuine/original_34_13.png,data/processed/train/genuine/original_34_2.png,1,genuine_genuine,34,34
data/processed/train/genuine/original_21_7.png,data/processed/train/forged/forgeries_21_8.png,0,skilled_forgery,21,21
data/processed/train/genuine/original_4_21.png,data/processed/train/genuine/original_4_7.png,1,genuine_genuine,4,4
data/processed/train/genuine/original_16_1.png,data/processed/train/genuine/original_16_18.png,1,genuine_genuine,16,16
data/processed/train/genuine/original_9_14.png,data/processed/train/genuine/original_9_23.png,1,genuine_genuine,9,9
data/processed/train/genuine/original_4_20.png,data/processed/train/forged/forgeries_4_1.png,0,skilled_forgery,4,4
data/processed/train/genuine/original_9_23.png,data/processed/train/genuine/original_9_4.png,1,genuine_genuine,9,9
data/processed/train/genuine/original_4_13.png,data/processed/train/genuine/original_8_12.png,0,random_forgery,4,8
data/processed/train/genuine/original_32_20.png,data/processed/train/genuine/original_11_8.png,0,random_forgery,32,11
data/processed/train/genuine/original_20_13.png,data/processed/train/forged/forgeries_20_3.png,0,skilled_forgery,20,20
data/processed/train/genuine/original_21_11.png,data/processed/train/genuine/original_21_23.png,1,genuine_genuine,21,21
data/processed/train/genuine/original_13_3.png,data/processed/train/forged/forgeries_13_4.png,0,skilled_forgery,13,13
data/processed/train/genuine/original_17_16.png,data/processed/train/genuine/original_8_2.png,0,random_forgery,17,8
data/processed/train/genuine/original_17_16.png,data/processed/train/forged/forgeries_17_5.png,0,skilled_forgery,17,17
data/processed/train/genuine/original_31_6.png,data/processed/train/genuine/original_5_22.png,0,random_forgery,31,5
data/processed/train/genuine/original_29_6.png,data/processed/train/forged/forgeries_29_17.png,0,skilled_forgery,29,29
data/processed/train/genuine/original_28_11.png,data/processed/train/genuine/original_25_1.png,0,random_forgery,28,25
data/processed/train/genuine/original_31_3.png,data/processed/train/forged/forgeries_31_23.png,0,skilled_forgery,31,31
data/processed/train/genuine/original_23_18.png,data/processed/train/genuine/original_23_24.png,1,genuine_genuine,23,23
data/processed/train/genuine/original_35_5.png,data/processed/train/genuine/original_35_6.png,1,genuine_genuine,35,35
data/processed/train/genuine/original_34_1.png,data/processed/train/genuine/original_34_16.png,1,genuine_genuine,34,34
data/processed/train/genuine/original_10_15.png,data/processed/train/genuine/original_10_22.png,1,genuine_genuine,10,10
data/processed/train/genuine/original_35_10.png,data/processed/train/genuine/original_35_16.png,1,genuine_genuine,35,35
data/processed/train/genuine/original_20_13.png,data/processed/train/forged/forgeries_20_7.png,0,skilled_forgery,20,20
data/processed/train/genuine/original_21_11.png,data/processed/train/forged/forgeries_21_3.png,0,skilled_forgery,21,21
data/processed/train/genuine/original_10_20.png,data/processed/train/genuine/original_10_5.png,1,genuine_genuine,10,10
data/processed/train/genuine/original_30_18.png,data/processed/train/forged/forgeries_30_11.png,0,skilled_forgery,30,30
data/processed/train/genuine/original_7_24.png,data/processed/train/genuine/original_26_6.png,0,random_forgery,7,26
data/processed/train/genuine/original_28_12.png,data/processed/train/forged/forgeries_28_16.png,0,skilled_forgery,28,28
data/processed/train/genuine/original_31_2.png,data/processed/train/forged/forgeries_31_6.png,0,skilled_forgery,31,31
data/processed/train/genuine/original_35_2.png,data/processed/train/genuine/original_35_8.png,1,genuine_genuine,35,35
data/processed/train/genuine/original_5_21.png,data/processed/train/genuine/original_5_9.png,1,genuine_genuine,5,5
data/processed/train/genuine/original_12_24.png,data/processed/train/forged/forgeries_12_22.png,0,skilled_forgery,12,12
data/processed/train/genuine/original_11_10.png,data/processed/train/forged/forgeries_11_16.png,0,skilled_forgery,11,11
data/processed/train/genuine/original_25_14.png,data/processed/train/genuine/original_12_9.png,0,random_forgery,25,12
data/processed/train/genuine/original_14_10.png,data/processed/train/genuine/original_14_22.png,1,genuine_genuine,14,14
data/processed/train/genuine/original_8_11.png,data/processed/train/forged/forgeries_8_13.png,0,skilled_forgery,8,8
data/processed/train/genuine/original_1_15.png,data/processed/train/genuine/original_1_21.png,1,genuine_genuine,1,1
data/processed/train/genuine/original_6_13.png,data/processed/train/genuine/original_6_2.png,1,genuine_genuine,6,6
data/processed/train/genuine/original_13_16.png,data/processed/train/genuine/original_13_24.png,1,genuine_genuine,13,13
data/processed/train/genuine/original_13_1.png,data/processed/train/genuine/original_13_5.png,1,genuine_genuine,13,13
data/processed/train/genuine/original_19_24.png,data/processed/train/forged/forgeries_19_18.png,0,skilled_forgery,19,19
data/processed/train/genuine/original_11_8.png,data/processed/train/forged/forgeries_11_14.png,0,skilled_forgery,11,11
data/processed/train/genuine/original_7_22.png,data/processed/train/genuine/original_22_1.png,0,random_forgery,7,22
data/processed/train/genuine/original_14_10.png,data/processed/train/genuine/original_21_6.png,0,random_forgery,14,21
data/processed/train/genuine/original_21_3.png,data/processed/train/genuine/original_21_6.png,1,genuine_genuine,21,21
data/processed/train/genuine/original_31_16.png,data/processed/train/genuine/original_31_20.png,1,genuine_genuine,31,31
data/processed/train/genuine/original_31_21.png,data/processed/train/genuine/original_31_7.png,1,genuine_genuine,31,31
data/processed/train/genuine/original_19_10.png,data/processed/train/forged/forgeries_19_11.png,0,skilled_forgery,19,19
data/processed/train/genuine/original_32_11.png,data/processed/train/genuine/original_3_17.png,0,random_forgery,32,3
data/processed/train/genuine/original_4_20.png,data/processed/train/forged/forgeries_4_19.png,0,skilled_forgery,4,4
data/processed/train/genuine/original_25_11.png,data/processed/train/genuine/original_25_18.png,1,genuine_genuine,25,25
data/processed/train/genuine/original_23_16.png,data/processed/train/forged/forgeries_23_13.png,0,skilled_forgery,23,23
data/processed/train/genuine/original_9_22.png,data/processed/train/forged/forgeries_9_6.png,0,skilled_forgery,9,9
data/processed/train/genuine/original_10_13.png,data/processed/train/genuine/original_9_24.png,0,random_forgery,10,9
data/processed/train/genuine/original_19_1.png,data/processed/train/genuine/original_19_18.png,1,genuine_genuine,19,19
data/processed/train/genuine/original_13_24.png,data/processed/train/forged/forgeries_13_23.png,0,skilled_forgery,13,13
data/processed/train/genuine/original_20_14.png,data/processed/train/genuine/original_17_7.png,0,random_forgery,20,17
data/processed/train/genuine/original_13_6.png,data/processed/train/forged/forgeries_13_14.png,0,skilled_forgery,13,13
data/processed/train/genuine/original_33_3.png,data/processed/train/forged/forgeries_33_10.png,0,skilled_forgery,33,33
data/processed/train/genuine/original_34_4.png,data/processed/train/genuine/original_34_6.png,1,genuine_genuine,34,34
data/processed/train/genuine/original_16_24.png,data/processed/train/genuine/original_31_6.png,0,random_forgery,16,31
data/processed/train/genuine/original_22_2.png,data/processed/train/forged/forgeries_22_11.png,0,skilled_forgery,22,22
data/processed/train/genuine/original_4_11.png,data/processed/train/forged/forgeries_4_22.png,0,skilled_forgery,4,4
data/processed/train/genuine/original_34_1.png,data/processed/train/genuine/original_34_5.png,1,genuine_genuine,34,34
data/processed/train/genuine/original_3_21.png,data/processed/train/forged/forgeries_3_13.png,0,skilled_forgery,3,3
data/processed/train/genuine/original_15_5.png,data/processed/train/forged/forgeries_15_11.png,0,skilled_forgery,15,15
data/processed/train/genuine/original_3_13.png,data/processed/train/genuine/original_3_9.png,1,genuine_genuine,3,3
data/processed/train/genuine/original_11_1.png,data/processed/train/genuine/original_11_13.png,1,genuine_genuine,11,11
data/processed/train/genuine/original_3_17.png,data/processed/train/forged/forgeries_3_6.png,0,skilled_forgery,3,3
data/processed/train/genuine/original_7_17.png,data/processed/train/genuine/original_7_20.png,1,genuine_genuine,7,7
data/processed/train/genuine/original_8_18.png,data/processed/train/genuine/original_8_2.png,1,genuine_genuine,8,8
data/processed/train/genuine/original_18_7.png,data/processed/train/genuine/original_18_9.png,1,genuine_genuine,18,18
data/processed/train/genuine/original_22_11.png,data/processed/train/genuine/original_13_13.png,0,random_forgery,22,13
data/processed/train/genuine/original_26_18.png,data/processed/train/forged/forgeries_26_15.png,0,skilled_forgery,26,26
data/processed/train/genuine/original_10_4.png,data/processed/train/genuine/original_25_18.png,0,random_forgery,10,25
data/processed/train/genuine/original_28_20.png,data/processed/train/genuine/original_14_14.png,0,random_forgery,28,14
data/processed/train/genuine/original_20_18.png,data/processed/train/forged/forgeries_20_20.png,0,skilled_forgery,20,20
data/processed/train/genuine/original_35_5.png,data/processed/train/genuine/original_35_7.png,1,genuine_genuine,35,35
data/processed/train/genuine/original_13_18.png,data/processed/train/genuine/original_2_18.png,0,random_forgery,13,2
data/processed/train/genuine/original_1_24.png,data/processed/train/forged/forgeries_1_11.png,0,skilled_forgery,1,1
data/processed/train/genuine/original_12_16.png,data/processed/train/forged/forgeries_12_9.png,0,skilled_forgery,12,12
data/processed/train/genuine/original_18_10.png,data/processed/train/genuine/original_18_19.png,1,genuine_genuine,18,18
data/processed/train/genuine/original_21_18.png,data/processed/train/genuine/original_21_22.png,1,genuine_genuine,21,21
data/processed/train/genuine/original_8_23.png,data/processed/train/forged/forgeries_8_22.png,0,skilled_forgery,8,8
data/processed/train/genuine/original_29_23.png,data/processed/train/genuine/original_31_7.png,0,random_forgery,29,31
data/processed/train/genuine/original_24_20.png,data/processed/train/forged/forgeries_24_15.png,0,skilled_forgery,24,24
data/processed/train/genuine/original_8_3.png,data/processed/train/genuine/original_8_6.png,1,genuine_genuine,8,8
data/processed/train/genuine/original_30_3.png,data/processed/train/genuine/original_18_19.png,0,random_forgery,30,18
data/processed/train/genuine/original_1_13.png,data/processed/train/genuine/original_1_8.png,1,genuine_genuine,1,1
data/processed/train/genuine/original_10_1.png,data/processed/train/genuine/original_10_6.png,1,genuine_genuine,10,10
data/processed/train/genuine/original_29_24.png,data/processed/train/genuine/original_29_7.png,1,genuine_genuine,29,29
data/processed/train/genuine/original_10_21.png,data/processed/train/forged/forgeries_10_24.png,0,skilled_forgery,10,10
data/processed/train/genuine/original_29_8.png,data/processed/train/forged/forgeries_29_20.png,0,skilled_forgery,29,29
data/processed/train/genuine/original_7_13.png,data/processed/train/forged/forgeries_7_20.png,0,skilled_forgery,7,7
data/processed/train/genuine/original_30_3.png,data/processed/train/genuine/original_30_4.png,1,genuine_genuine,30,30
data/processed/train/genuine/original_12_17.png,data/processed/train/genuine/original_12_24.png,1,genuine_genuine,12,12
data/processed/train/genuine/original_3_13.png,data/processed/train/forged/forgeries_3_13.png,0,skilled_forgery,3,3
data/processed/train/genuine/original_26_18.png,data/processed/train/genuine/original_26_19.png,1,genuine_genuine,26,26
data/processed/train/genuine/original_27_10.png,data/processed/train/genuine/original_27_13.png,1,genuine_genuine,27,27
data/processed/train/genuine/original_35_19.png,data/processed/train/genuine/original_3_18.png,0,random_forgery,35,3
data/processed/train/genuine/original_1_10.png,data/processed/train/forged/forgeries_1_15.png,0,skilled_forgery,1,1
data/processed/train/genuine/original_16_11.png,data/processed/train/genuine/original_16_13.png,1,genuine_genuine,16,16
data/processed/train/genuine/original_25_2.png,data/processed/train/genuine/original_25_4.png,1,genuine_genuine,25,25
data/processed/train/genuine/original_25_21.png,data/processed/train/forged/forgeries_25_7.png,0,skilled_forgery,25,25
data/processed/train/genuine/original_15_10.png,data/processed/train/genuine/original_15_23.png,1,genuine_genuine,15,15
data/processed/train/genuine/original_17_10.png,data/processed/train/forged/forgeries_17_4.png,0,skilled_forgery,17,17
data/processed/train/genuine/original_34_19.png,data/processed/train/forged/forgeries_34_19.png,0,skilled_forgery,34,34
data/processed/train/genuine/original_6_17.png,data/processed/train/genuine/original_6_23.png,1,genuine_genuine,6,6
data/processed/train/genuine/original_34_11.png,data/processed/train/genuine/original_2_21.png,0,random_forgery,34,2
data/processed/train/genuine/original_16_2.png,data/processed/train/genuine/original_16_24.png,1,genuine_genuine,16,16
data/processed/train/genuine/original_31_15.png,data/processed/train/genuine/original_31_3.png,1,genuine_genuine,31,31
data/processed/train/genuine/original_1_21.png,data/processed/train/forged/forgeries_1_23.png,0,skilled_forgery,1,1
data/processed/train/genuine/original_26_19.png,data/processed/train/genuine/original_26_5.png,1,genuine_genuine,26,26
data/processed/train/genuine/original_30_18.png,data/processed/train/genuine/original_30_23.png,1,genuine_genuine,30,30
data/processed/train/genuine/original_7_11.png,data/processed/train/genuine/original_7_13.png,1,genuine_genuine,7,7
data/processed/train/genuine/original_23_11.png,data/processed/train/genuine/original_23_9.png,1,genuine_genuine,23,23
data/processed/train/genuine/original_16_11.png,data/processed/train/forged/forgeries_16_21.png,0,skilled_forgery,16,16
data/processed/train/genuine/original_33_12.png,data/processed/train/genuine/original_33_24.png,1,genuine_genuine,33,33
data/processed/train/genuine/original_27_24.png,data/processed/train/forged/forgeries_27_10.png,0,skilled_forgery,27,27
data/processed/train/genuine/original_34_5.png,data/processed/train/forged/forgeries_34_20.png,0,skilled_forgery,34,34
data/processed/train/genuine/original_17_24.png,data/processed/train/genuine/original_17_5.png,1,genuine_genuine,17,17
data/processed/train/genuine/original_33_24.png,data/processed/train/forged/forgeries_33_16.png,0,skilled_forgery,33,33
data/processed/train/genuine/original_24_8.png,data/processed/train/genuine/original_28_10.png,0,random_forgery,24,28
data/processed/train/genuine/original_31_1.png,data/processed/train/genuine/original_31_5.png,1,genuine_genuine,31,31
data/processed/train/genuine/original_34_18.png,data/processed/train/genuine/original_34_2.png,1,genuine_genuine,34,34
data/processed/train/genuine/original_30_18.png,data/processed/train/forged/forgeries_30_6.png,0,skilled_forgery,30,30
data/processed/train/genuine/original_12_18.png,data/processed/train/genuine/original_12_4.png,1,genuine_genuine,12,12
data/processed/train/genuine/original_35_23.png,data/processed/train/genuine/original_35_5.png,1,genuine_genuine,35,35
data/processed/train/genuine/original_28_13.png,data/processed/train/genuine/original_28_22.png,1,genuine_genuine,28,28
data/processed/train/genuine/original_20_8.png,data/processed/train/genuine/original_35_3.png,0,random_forgery,20,35
data/processed/train/genuine/original_21_21.png,data/processed/train/genuine/original_9_15.png,0,random_forgery,21,9
data/processed/train/genuine/original_17_19.png,data/processed/train/forged/forgeries_17_9.png,0,skilled_forgery,17,17
data/processed/train/genuine/original_27_6.png,data/processed/train/forged/forgeries_27_22.png,0,skilled_forgery,27,27
data/processed/train/genuine/original_34_9.png,data/processed/train/forged/forgeries_34_5.png,0,skilled_forgery,34,34
data/processed/train/genuine/original_27_21.png,data/processed/train/genuine/original_27_4.png,1,genuine_genuine,27,27
data/processed/train/genuine/original_21_12.png,data/processed/train/genuine/original_19_3.png,0,random_forgery,21,19
data/processed/train/genuine/original_4_15.png,data/processed/train/genuine/original_33_9.png,0,random_forgery,4,33
data/processed/train/genuine/original_18_10.png,data/processed/train/genuine/original_18_3.png,1,genuine_genuine,18,18
data/processed/train/genuine/original_19_18.png,data/processed/train/genuine/original_19_5.png,1,genuine_genuine,19,19
data/processed/train/genuine/original_20_15.png,data/processed/train/genuine/original_20_21.png,1,genuine_genuine,20,20
data/processed/train/genuine/original_13_5.png,data/processed/train/forged/forgeries_13_12.png,0,skilled_forgery,13,13
data/processed/train/genuine/original_30_19.png,data/processed/train/genuine/original_4_14.png,0,random_forgery,30,4
data/processed/train/genuine/original_13_10.png,data/processed/train/forged/forgeries_13_14.png,0,skilled_forgery,13,13
data/processed/train/genuine/original_4_22.png,data/processed/train/genuine/original_4_4.png,1,genuine_genuine,4,4
data/processed/train/genuine/original_18_17.png,data/processed/train/genuine/original_18_7.png,1,genuine_genuine,18,18
data/processed/train/genuine/original_17_12.png,data/processed/train/genuine/original_17_6.png,1,genuine_genuine,17,17
data/processed/train/genuine/original_12_12.png,data/processed/train/genuine/original_12_9.png,1,genuine_genuine,12,12
data/processed/train/genuine/original_33_16.png,data/processed/train/genuine/original_33_20.png,1,genuine_genuine,33,33
data/processed/train/genuine/original_19_10.png,data/processed/train/genuine/original_19_24.png,1,genuine_genuine,19,19
data/processed/train/genuine/original_31_22.png,data/processed/train/forged/forgeries_31_9.png,0,skilled_forgery,31,31
data/processed/train/genuine/original_9_14.png,data/processed/train/genuine/original_23_5.png,0,random_forgery,9,23
data/processed/train/genuine/original_34_5.png,data/processed/train/forged/forgeries_34_22.png,0,skilled_forgery,34,34
data/processed/train/genuine/original_14_12.png,data/processed/train/genuine/original_14_18.png,1,genuine_genuine,14,14
data/processed/train/genuine/original_28_3.png,data/processed/train/genuine/original_19_18.png,0,random_forgery,28,19
data/processed/train/genuine/original_5_11.png,data/processed/train/genuine/original_5_19.png,1,genuine_genuine,5,5
data/processed/train/genuine/original_23_17.png,data/processed/train/genuine/original_23_3.png,1,genuine_genuine,23,23
data/processed/train/genuine/original_4_9.png,data/processed/train/forged/forgeries_4_13.png,0,skilled_forgery,4,4
data/processed/train/genuine/original_4_12.png,data/processed/train/genuine/original_4_19.png,1,genuine_genuine,4,4
data/processed/train/genuine/original_13_17.png,data/processed/train/genuine/original_28_24.png,0,random_forgery,13,28
data/processed/train/genuine/original_17_19.png,data/processed/train/genuine/original_17_4.png,1,genuine_genuine,17,17
data/processed/train/genuine/original_33_9.png,data/processed/train/forged/forgeries_33_12.png,0,skilled_forgery,33,33
data/processed/train/genuine/original_25_18.png,data/processed/train/genuine/original_25_7.png,1,genuine_genuine,25,25
data/processed/train/genuine/original_24_20.png,data/processed/train/genuine/original_24_23.png,1,genuine_genuine,24,24
data/processed/train/genuine/original_21_19.png,data/processed/train/forged/forgeries_21_8.png,0,skilled_forgery,21,21
data/processed/train/genuine/original_25_1.png,data/processed/train/genuine/original_25_23.png,1,genuine_genuine,25,25
data/processed/train/genuine/original_32_15.png,data/processed/train/genuine/original_32_3.png,1,genuine_genuine,32,32
data/processed/train/genuine/original_29_15.png,data/processed/train/genuine/original_29_8.png,1,genuine_genuine,29,29
data/processed/train/genuine/original_25_2.png,data/processed/train/forged/forgeries_25_22.png,0,skilled_forgery,25,25
data/processed/train/genuine/original_33_2.png,data/processed/train/forged/forgeries_33_15.png,0,skilled_forgery,33,33
data/processed/train/genuine/original_4_18.png,data/processed/train/genuine/original_4_9.png,1,genuine_genuine,4,4
data/processed/train/genuine/original_18_4.png,data/processed/train/genuine/original_18_7.png,1,genuine_genuine,18,18
data/processed/train/genuine/original_15_18.png,data/processed/train/genuine/original_16_14.png,0,random_forgery,15,16
data/processed/train/genuine/original_28_15.png,data/processed/train/genuine/original_28_2.png,1,genuine_genuine,28,28
data/processed/train/genuine/original_31_13.png,data/processed/train/genuine/original_16_22.png,0,random_forgery,31,16
data/processed/train/genuine/original_24_7.png,data/processed/train/genuine/original_15_11.png,0,random_forgery,24,15
data/processed/train/genuine/original_13_14.png,data/processed/train/forged/forgeries_13_15.png,0,skilled_forgery,13,13
data/processed/train/genuine/original_11_1.png,data/processed/train/genuine/original_11_18.png,1,genuine_genuine,11,11
data/processed/train/genuine/original_31_19.png,data/processed/train/genuine/original_31_9.png,1,genuine_genuine,31,31
data/processed/train/genuine/original_3_1.png,data/processed/train/genuine/original_3_13.png,1,genuine_genuine,3,3
data/processed/train/genuine/original_3_19.png,data/processed/train/genuine/original_32_15.png,0,random_forgery,3,32
data/processed/train/genuine/original_4_19.png,data/processed/train/genuine/original_4_7.png,1,genuine_genuine,4,4
data/processed/train/genuine/original_31_7.png,data/processed/train/genuine/original_31_9.png,1,genuine_genuine,31,31
data/processed/train/genuine/original_24_20.png,data/processed/train/genuine/original_24_6.png,1,genuine_genuine,24,24
data/processed/train/genuine/original_2_4.png,data/processed/train/genuine/original_2_7.png,1,genuine_genuine,2,2
data/processed/train/genuine/original_20_17.png,data/processed/train/genuine/original_20_18.png,1,genuine_genuine,20,20
data/processed/train/genuine/original_11_22.png,data/processed/train/forged/forgeries_11_16.png,0,skilled_forgery,11,11
data/processed/train/genuine/original_2_7.png,data/processed/train/forged/forgeries_2_20.png,0,skilled_forgery,2,2
data/processed/train/genuine/original_1_22.png,data/processed/train/forged/forgeries_1_5.png,0,skilled_forgery,1,1
data/processed/train/genuine/original_32_16.png,data/processed/train/genuine/original_32_20.png,1,genuine_genuine,32,32
data/processed/train/genuine/original_28_13.png,data/processed/train/genuine/original_28_21.png,1,genuine_genuine,28,28
data/processed/train/genuine/original_28_2.png,data/processed/train/genuine/original_7_11.png,0,random_forgery,28,7
data/processed/train/genuine/original_26_19.png,data/processed/train/genuine/original_1_6.png,0,random_forgery,26,1
data/processed/train/genuine/original_2_18.png,data/processed/train/genuine/original_2_7.png,1,genuine_genuine,2,2
data/processed/train/genuine/original_18_18.png,data/processed/train/forged/forgeries_18_8.png,0,skilled_forgery,18,18
data/processed/train/genuine/original_17_18.png,data/processed/train/genuine/original_33_16.png,0,random_forgery,17,33
data/processed/train/genuine/original_6_10.png,data/processed/train/genuine/original_6_19.png,1,genuine_genuine,6,6
data/processed/train/genuine/original_28_4.png,data/processed/train/forged/forgeries_28_8.png,0,skilled_forgery,28,28
data/processed/train/genuine/original_9_18.png,data/processed/train/genuine/original_9_5.png,1,genuine_genuine,9,9
data/processed/train/genuine/original_8_20.png,data/processed/train/genuine/original_8_22.png,1,genuine_genuine,8,8
data/processed/train/genuine/original_15_17.png,data/processed/train/genuine/original_15_18.png,1,genuine_genuine,15,15
data/processed/train/genuine/original_11_18.png,data/processed/train/genuine/original_11_6.png,1,genuine_genuine,11,11
data/processed/train/genuine/original_15_13.png,data/processed/train/genuine/original_23_6.png,0,random_forgery,15,23
data/processed/train/genuine/original_18_13.png,data/processed/train/genuine/original_18_5.png,1,genuine_genuine,18,18
data/processed/train/genuine/original_27_17.png,data/processed/train/genuine/original_1_12.png,0,random_forgery,27,1
data/processed/train/genuine/original_27_8.png,data/processed/train/genuine/original_17_7.png,0,random_forgery,27,17
data/processed/train/genuine/original_14_11.png,data/processed/train/forged/forgeries_14_6.png,0,skilled_forgery,14,14
data/processed/train/genuine/original_22_24.png,data/processed/train/forged/forgeries_22_11.png,0,skilled_forgery,22,22
data/processed/train/genuine/original_11_18.png,data/processed/train/genuine/original_11_21.png,1,genuine_genuine,11,11
data/processed/train/genuine/original_15_22.png,data/processed/train/genuine/original_15_8.png,1,genuine_genuine,15,15
data/processed/train/genuine/original_11_7.png,data/processed/train/forged/forgeries_11_2.png,0,skilled_forgery,11,11
data/processed/train/genuine/original_30_21.png,data/processed/train/forged/forgeries_30_10.png,0,skilled_forgery,30,30
data/processed/train/genuine/original_12_3.png,data/processed/train/genuine/original_17_12.png,0,random_forgery,12,17
data/processed/train/genuine/original_31_9.png,data/processed/train/forged/forgeries_31_10.png,0,skilled_forgery,31,31
data/processed/train/genuine/original_10_24.png,data/processed/train/genuine/original_3_13.png,0,random_forgery,10,3
data/processed/train/genuine/original_7_15.png,data/processed/train/genuine/original_7_9.png,1,genuine_genuine,7,7
data/processed/train/genuine/original_21_21.png,data/processed/train/forged/forgeries_21_22.png,0,skilled_forgery,21,21
data/processed/train/genuine/original_30_11.png,data/processed/train/forged/forgeries_30_15.png,0,skilled_forgery,30,30
data/processed/train/genuine/original_15_21.png,data/processed/train/forged/forgeries_15_17.png,0,skilled_forgery,15,15
data/processed/train/genuine/original_17_7.png,data/processed/train/genuine/original_17_8.png,1,genuine_genuine,17,17
data/processed/train/genuine/original_16_16.png,data/processed/train/genuine/original_16_22.png,1,genuine_genuine,16,16
data/processed/train/genuine/original_34_12.png,data/processed/train/genuine/original_7_13.png,0,random_forgery,34,7
data/processed/train/genuine/original_33_21.png,data/processed/train/forged/forgeries_33_24.png,0,skilled_forgery,33,33
data/processed/train/genuine/original_2_24.png,data/processed/train/genuine/original_2_4.png,1,genuine_genuine,2,2
data/processed/train/genuine/original_31_1.png,data/processed/train/genuine/original_31_7.png,1,genuine_genuine,31,31
data/processed/train/genuine/original_12_15.png,data/processed/train/genuine/original_12_24.png,1,genuine_genuine,12,12
data/processed/train/genuine/original_24_17.png,data/processed/train/genuine/original_24_8.png,1,genuine_genuine,24,24
data/processed/train/genuine/original_2_5.png,data/processed/train/genuine/original_30_1.png,0,random_forgery,2,30
data/processed/train/genuine/original_30_24.png,data/processed/train/genuine/original_30_8.png,1,genuine_genuine,30,30
data/processed/train/genuine/original_27_2.png,data/processed/train/genuine/original_27_21.png,1,genuine_genuine,27,27
data/processed/train/genuine/original_2_12.png,data/processed/train/genuine/original_2_24.png,1,genuine_genuine,2,2
data/processed/train/genuine/original_33_12.png,data/processed/train/genuine/original_33_18.png,1,genuine_genuine,33,33
data/processed/train/genuine/original_3_15.png,data/processed/train/genuine/original_3_3.png,1,genuine_genuine,3,3
data/processed/train/genuine/original_25_2.png,data/processed/train/genuine/original_25_22.png,1,genuine_genuine,25,25
data/processed/train/genuine/original_26_24.png,data/processed/train/genuine/original_26_9.png,1,genuine_genuine,26,26
data/processed/train/genuine/original_3_15.png,data/processed/train/genuine/original_3_8.png,1,genuine_genuine,3,3
data/processed/train/genuine/original_9_5.png,data/processed/train/forged/forgeries_9_4.png,0,skilled_forgery,9,9
data/processed/train/genuine/original_32_15.png,data/processed/train/genuine/original_14_5.png,0,random_forgery,32,14
data/processed/train/genuine/original_27_4.png,data/processed/train/forged/forgeries_27_3.png,0,skilled_forgery,27,27
data/processed/train/genuine/original_9_20.png,data/processed/train/forged/forgeries_9_23.png,0,skilled_forgery,9,9
data/processed/train/genuine/original_32_14.png,data/processed/train/genuine/original_32_5.png,1,genuine_genuine,32,32
data/processed/train/genuine/original_20_11.png,data/processed/train/genuine/original_20_24.png,1,genuine_genuine,20,20
data/processed/train/genuine/original_31_19.png,data/processed/train/genuine/original_28_17.png,0,random_forgery,31,28
data/processed/train/genuine/original_13_12.png,data/processed/train/genuine/original_28_23.png,0,random_forgery,13,28
data/processed/train/genuine/original_4_10.png,data/processed/train/genuine/original_4_9.png,1,genuine_genuine,4,4
data/processed/train/genuine/original_4_4.png,data/processed/train/forged/forgeries_4_8.png,0,skilled_forgery,4,4
data/processed/train/genuine/original_13_3.png,data/processed/train/genuine/original_13_7.png,1,genuine_genuine,13,13
data/processed/train/genuine/original_9_16.png,data/processed/train/genuine/original_9_17.png,1,genuine_genuine,9,9
data/processed/train/genuine/original_35_22.png,data/processed/train/forged/forgeries_35_17.png,0,skilled_forgery,35,35
data/processed/train/genuine/original_19_10.png,data/processed/train/genuine/original_19_14.png,1,genuine_genuine,19,19
data/processed/train/genuine/original_25_17.png,data/processed/train/genuine/original_25_6.png,1,genuine_genuine,25,25
data/processed/train/genuine/original_13_22.png,data/processed/train/forged/forgeries_13_19.png,0,skilled_forgery,13,13
data/processed/train/genuine/original_4_24.png,data/processed/train/genuine/original_4_8.png,1,genuine_genuine,4,4
data/processed/train/genuine/original_15_13.png,data/processed/train/forged/forgeries_15_19.png,0,skilled_forgery,15,15
data/processed/train/genuine/original_20_22.png,data/processed/train/genuine/original_20_4.png,1,genuine_genuine,20,20
data/processed/train/genuine/original_18_14.png,data/processed/train/genuine/original_18_24.png,1,genuine_genuine,18,18
data/processed/train/genuine/original_20_24.png,data/processed/train/forged/forgeries_20_10.png,0,skilled_forgery,20,20
data/processed/train/genuine/original_1_3.png,data/processed/train/genuine/original_13_11.png,0,random_forgery,1,13
data/processed/train/genuine/original_7_21.png,data/processed/train/genuine/original_7_4.png,1,genuine_genuine,7,7
data/processed/train/genuine/original_11_3.png,data/processed/train/genuine/original_8_9.png,0,random_forgery,11,8
data/processed/train/genuine/original_2_18.png,data/processed/train/genuine/original_2_5.png,1,genuine_genuine,2,2
data/processed/train/genuine/original_12_3.png,data/processed/train/forged/forgeries_12_13.png,0,skilled_forgery,12,12
data/processed/train/genuine/original_20_16.png,data/processed/train/genuine/original_20_20.png,1,genuine_genuine,20,20
data/processed/train/genuine/original_23_17.png,data/processed/train/genuine/original_10_12.png,0,random_forgery,23,10
data/processed/train/genuine/original_18_16.png,data/processed/train/genuine/original_18_9.png,1,genuine_genuine,18,18
data/processed/train/genuine/original_20_24.png,data/processed/train/genuine/original_20_4.png,1,genuine_genuine,20,20
data/processed/train/genuine/original_16_8.png,data/processed/train/genuine/original_18_3.png,0,random_forgery,16,18
data/processed/train/genuine/original_20_11.png,data/processed/train/forged/forgeries_20_13.png,0,skilled_forgery,20,20
data/processed/train/genuine/original_10_21.png,data/processed/train/genuine/original_29_11.png,0,random_forgery,10,29
data/processed/train/genuine/original_33_5.png,data/processed/train/genuine/original_33_8.png,1,genuine_genuine,33,33
data/processed/train/genuine/original_31_5.png,data/processed/train/genuine/original_27_3.png,0,random_forgery,31,27
data/processed/train/genuine/original_2_19.png,data/processed/train/genuine/original_2_23.png,1,genuine_genuine,2,2
data/processed/train/genuine/original_34_10.png,data/processed/train/genuine/original_34_21.png,1,genuine_genuine,34,34
data/processed/train/genuine/original_33_21.png,data/processed/train/genuine/original_33_23.png,1,genuine_genuine,33,33
data/processed/train/genuine/original_34_20.png,data/processed/train/genuine/original_34_5.png,1,genuine_genuine,34,34
data/processed/train/genuine/original_31_7.png,data/processed/train/forged/forgeries_31_5.png,0,skilled_forgery,31,31
data/processed/train/genuine/original_19_16.png,data/processed/train/genuine/original_19_2.png,1,genuine_genuine,19,19
data/processed/train/genuine/original_8_23.png,data/processed/train/forged/forgeries_8_6.png,0,skilled_forgery,8,8
data/processed/train/genuine/original_15_13.png,data/processed/train/forged/forgeries_15_16.png,0,skilled_forgery,15,15
data/processed/train/genuine/original_25_10.png,data/processed/train/genuine/original_25_14.png,1,genuine_genuine,25,25
data/processed/train/genuine/original_6_3.png,data/processed/train/forged/forgeries_6_1.png,0,skilled_forgery,6,6
data/processed/train/genuine/original_14_9.png,data/processed/train/forged/forgeries_14_9.png,0,skilled_forgery,14,14
data/processed/train/genuine/original_30_11.png,data/processed/train/genuine/original_30_5.png,1,genuine_genuine,30,30
data/processed/train/genuine/original_21_10.png,data/processed/train/forged/forgeries_21_13.png,0,skilled_forgery,21,21
data/processed/train/genuine/original_12_22.png,data/processed/train/forged/forgeries_12_1.png,0,skilled_forgery,12,12
data/processed/train/genuine/original_10_8.png,data/processed/train/genuine/original_9_20.png,0,random_forgery,10,9
data/processed/train/genuine/original_27_11.png,data/processed/train/forged/forgeries_27_4.png,0,skilled_forgery,27,27
data/processed/train/genuine/original_12_17.png,data/processed/train/forged/forgeries_12_6.png,0,skilled_forgery,12,12
data/processed/train/genuine/original_29_24.png,data/processed/train/genuine/original_29_3.png,1,genuine_genuine,29,29
data/processed/train/genuine/original_12_14.png,data/processed/train/genuine/original_12_4.png,1,genuine_genuine,12,12
data/processed/train/genuine/original_26_22.png,data/processed/train/genuine/original_26_23.png,1,genuine_genuine,26,26
data/processed/train/genuine/original_16_6.png,data/processed/train/genuine/original_16_9.png,1,genuine_genuine,16,16
data/processed/train/genuine/original_32_22.png,data/processed/train/forged/forgeries_32_9.png,0,skilled_forgery,32,32
data/processed/train/genuine/original_21_10.png,data/processed/train/genuine/original_21_20.png,1,genuine_genuine,21,21
data/processed/train/genuine/original_33_13.png,data/processed/train/genuine/original_33_18.png,1,genuine_genuine,33,33
data/processed/train/genuine/original_11_14.png,data/processed/train/genuine/original_12_1.png,0,random_forgery,11,12
data/processed/train/genuine/original_21_10.png,data/processed/train/genuine/original_21_7.png,1,genuine_genuine,21,21
data/processed/train/genuine/original_21_20.png,data/processed/train/genuine/original_21_24.png,1,genuine_genuine,21,21
data/processed/train/genuine/original_25_18.png,data/processed/train/forged/forgeries_25_7.png,0,skilled_forgery,25,25
data/processed/train/genuine/original_23_17.png,data/processed/train/forged/forgeries_23_13.png,0,skilled_forgery,23,23
data/processed/train/genuine/original_26_15.png,data/processed/train/genuine/original_26_16.png,1,genuine_genuine,26,26
data/processed/train/genuine/original_21_5.png,data/processed/train/genuine/original_9_24.png,0,random_forgery,21,9
data/processed/train/genuine/original_2_23.png,data/processed/train/forged/forgeries_2_9.png,0,skilled_forgery,2,2
data/processed/train/genuine/original_29_8.png,data/processed/train/forged/forgeries_29_11.png,0,skilled_forgery,29,29
data/processed/train/genuine/original_13_15.png,data/processed/train/genuine/original_11_2.png,0,random_forgery,13,11
data/processed/train/genuine/original_23_21.png,data/processed/train/genuine/original_23_7.png,1,genuine_genuine,23,23
data/processed/train/genuine/original_19_12.png,data/processed/train/genuine/original_19_9.png,1,genuine_genuine,19,19
data/processed/train/genuine/original_17_3.png,data/processed/train/genuine/original_17_4.png,1,genuine_genuine,17,17
data/processed/train/genuine/original_11_23.png,data/processed/train/genuine/original_11_8.png,1,genuine_genuine,11,11
data/processed/train/genuine/original_16_4.png,data/processed/train/genuine/original_14_22.png,0,random_forgery,16,14
data/processed/train/genuine/original_6_13.png,data/processed/train/forged/forgeries_6_19.png,0,skilled_forgery,6,6
data/processed/train/genuine/original_17_4.png,data/processed/train/genuine/original_7_12.png,0,random_forgery,17,7
data/processed/train/genuine/original_28_16.png,data/processed/train/forged/forgeries_28_22.png,0,skilled_forgery,28,28
data/processed/train/genuine/original_8_13.png,data/processed/train/genuine/original_8_4.png,1,genuine_genuine,8,8
data/processed/train/genuine/original_18_2.png,data/processed/train/forged/forgeries_18_17.png,0,skilled_forgery,18,18
data/processed/train/genuine/original_19_2.png,data/processed/train/genuine/original_3_17.png,0,random_forgery,19,3
data/processed/train/genuine/original_19_16.png,data/processed/train/genuine/original_11_5.png,0,random_forgery,19,11
data/processed/train/genuine/original_15_21.png,data/processed/train/forged/forgeries_15_3.png,0,skilled_forgery,15,15
data/processed/train/genuine/original_12_17.png,data/processed/train/genuine/original_12_8.png,1,genuine_genuine,12,12
data/processed/train/genuine/original_13_10.png,data/processed/train/genuine/original_13_9.png,1,genuine_genuine,13,13
data/processed/train/genuine/original_19_11.png,data/processed/train/genuine/original_19_20.png,1,genuine_genuine,19,19
data/processed/train/genuine/original_6_14.png,data/processed/train/genuine/original_6_19.png,1,genuine_genuine,6,6
data/processed/train/genuine/original_10_5.png,data/processed/train/genuine/original_10_9.png,1,genuine_genuine,10,10
data/processed/train/genuine/original_19_17.png,data/processed/train/genuine/original_19_3.png,1,genuine_genuine,19,19
data/processed/train/genuine/original_2_8.png,data/processed/train/genuine/original_17_13.png,0,random_forgery,2,17
data/processed/train/genuine/original_31_22.png,data/processed/train/genuine/original_31_24.png,1,genuine_genuine,31,31
data/processed/train/genuine/original_30_8.png,data/processed/train/genuine/original_30_9.png,1,genuine_genuine,30,30
data/processed/train/genuine/original_20_13.png,data/processed/train/forged/forgeries_20_19.png,0,skilled_forgery,20,20
data/processed/train/genuine/original_4_11.png,data/processed/train/forged/forgeries_4_17.png,0,skilled_forgery,4,4
data/processed/train/genuine/original_18_10.png,data/processed/train/genuine/original_18_6.png,1,genuine_genuine,18,18
data/processed/train/genuine/original_28_14.png,data/processed/train/genuine/original_1_18.png,0,random_forgery,28,1
data/processed/train/genuine/original_19_13.png,data/processed/train/genuine/original_19_4.png,1,genuine_genuine,19,19
data/processed/train/genuine/original_16_23.png,data/processed/train/genuine/original_16_4.png,1,genuine_genuine,16,16
data/processed/train/genuine/original_10_23.png,data/processed/train/genuine/original_10_8.png,1,genuine_genuine,10,10
data/processed/train/genuine/original_9_4.png,data/processed/train/genuine/original_9_7.png,1,genuine_genuine,9,9
data/processed/train/genuine/original_7_12.png,data/processed/train/genuine/original_7_17.png,1,genuine_genuine,7,7
data/processed/train/genuine/original_28_3.png,data/processed/train/forged/forgeries_28_22.png,0,skilled_forgery,28,28
data/processed/train/genuine/original_3_11.png,data/processed/train/genuine/original_16_8.png,0,random_forgery,3,16
data/processed/train/genuine/original_23_20.png,data/processed/train/genuine/original_23_6.png,1,genuine_genuine,23,23
data/processed/train/genuine/original_5_22.png,data/processed/train/genuine/original_5_8.png,1,genuine_genuine,5,5
data/processed/train/genuine/original_10_3.png,data/processed/train/forged/forgeries_10_12.png,0,skilled_forgery,10,10
data/processed/train/genuine/original_11_22.png,data/processed/train/genuine/original_11_7.png,1,genuine_genuine,11,11
data/processed/train/genuine/original_30_10.png,data/processed/train/genuine/original_30_14.png,1,genuine_genuine,30,30
data/processed/train/genuine/original_31_12.png,data/processed/train/genuine/original_31_24.png,1,genuine_genuine,31,31
data/processed/train/genuine/original_31_10.png,data/processed/train/forged/forgeries_31_16.png,0,skilled_forgery,31,31
data/processed/train/genuine/original_16_12.png,data/processed/train/genuine/original_16_13.png,1,genuine_genuine,16,16
data/processed/train/genuine/original_25_15.png,data/processed/train/genuine/original_25_2.png,1,genuine_genuine,25,25
data/processed/train/genuine/original_32_13.png,data/processed/train/genuine/original_3_24.png,0,random_forgery,32,3
data/processed/train/genuine/original_21_12.png,data/processed/train/genuine/original_26_22.png,0,random_forgery,21,26
data/processed/train/genuine/original_17_21.png,data/processed/train/forged/forgeries_17_11.png,0,skilled_forgery,17,17
data/processed/train/genuine/original_11_5.png,data/processed/train/forged/forgeries_11_18.png,0,skilled_forgery,11,11
data/processed/train/genuine/original_25_16.png,data/processed/train/genuine/original_25_5.png,1,genuine_genuine,25,25
data/processed/train/genuine/original_26_24.png,data/processed/train/forged/forgeries_26_15.png,0,skilled_forgery,26,26
data/processed/train/genuine/original_9_9.png,data/processed/train/forged/forgeries_9_9.png,0,skilled_forgery,9,9
data/processed/train/genuine/original_12_16.png,data/processed/train/forged/forgeries_12_24.png,0,skilled_forgery,12,12
data/processed/train/genuine/original_28_10.png,data/processed/train/genuine/original_34_1.png,0,random_forgery,28,34
data/processed/train/genuine/original_13_16.png,data/processed/train/genuine/original_13_20.png,1,genuine_genuine,13,13
data/processed/train/genuine/original_11_16.png,data/processed/train/genuine/original_11_20.png,1,genuine_genuine,11,11
data/processed/train/genuine/original_9_4.png,data/processed/train/genuine/original_21_20.png,0,random_forgery,9,21
data/processed/train/genuine/original_35_22.png,data/processed/train/genuine/original_35_3.png,1,genuine_genuine,35,35
data/processed/train/genuine/original_31_13.png,data/processed/train/forged/forgeries_31_13.png,0,skilled_forgery,31,31
data/processed/train/genuine/original_8_6.png,data/processed/train/genuine/original_4_2.png,0,random_forgery,8,4
data/processed/train/genuine/original_3_1.png,data/processed/train/genuine/original_3_10.png,1,genuine_genuine,3,3
data/processed/train/genuine/original_7_19.png,data/processed/train/genuine/original_7_8.png,1,genuine_genuine,7,7
data/processed/train/genuine/original_17_2.png,data/processed/train/genuine/original_24_16.png,0,random_forgery,17,24
data/processed/train/genuine/original_14_1.png,data/processed/train/genuine/original_14_3.png,1,genuine_genuine,14,14
data/processed/train/genuine/original_16_1.png,data/processed/train/genuine/original_25_9.png,0,random_forgery,16,25
data/processed/train/genuine/original_9_23.png,data/processed/train/genuine/original_35_21.png,0,random_forgery,9,35
data/processed/train/genuine/original_2_6.png,data/processed/train/genuine/original_4_20.png,0,random_forgery,2,4
data/processed/train/genuine/original_20_20.png,data/processed/train/genuine/original_20_5.png,1,genuine_genuine,20,20
data/processed/train/genuine/original_32_18.png,data/processed/train/genuine/original_32_8.png,1,genuine_genuine,32,32
data/processed/train/genuine/original_16_14.png,data/processed/train/genuine/original_16_2.png,1,genuine_genuine,16,16
data/processed/train/genuine/original_22_12.png,data/processed/train/genuine/original_22_9.png,1,genuine_genuine,22,22
data/processed/train/genuine/original_15_1.png,data/processed/train/genuine/original_15_20.png,1,genuine_genuine,15,15
data/processed/train/genuine/original_19_23.png,data/processed/train/genuine/original_5_24.png,0,random_forgery,19,5
data/processed/train/genuine/original_21_12.png,data/processed/train/genuine/original_21_8.png,1,genuine_genuine,21,21
data/processed/train/genuine/original_30_10.png,data/processed/train/genuine/original_30_22.png,1,genuine_genuine,30,30
data/processed/train/genuine/original_7_2.png,data/processed/train/genuine/original_7_4.png,1,genuine_genuine,7,7
data/processed/train/genuine/original_16_1.png,data/processed/train/genuine/original_16_20.png,1,genuine_genuine,16,16
data/processed/train/genuine/original_21_10.png,data/processed/train/forged/forgeries_21_15.png,0,skilled_forgery,21,21
data/processed/train/genuine/original_27_23.png,data/processed/train/genuine/original_27_3.png,1,genuine_genuine,27,27
data/processed/train/genuine/original_13_17.png,data/processed/train/genuine/original_13_4.png,1,genuine_genuine,13,13
data/processed/train/genuine/original_35_12.png,data/processed/train/forged/forgeries_35_18.png,0,skilled_forgery,35,35
data/processed/train/genuine/original_1_22.png,data/processed/train/genuine/original_1_7.png,1,genuine_genuine,1,1
data/processed/train/genuine/original_9_15.png,data/processed/train/forged/forgeries_9_4.png,0,skilled_forgery,9,9
data/processed/train/genuine/original_27_17.png,data/processed/train/forged/forgeries_27_5.png,0,skilled_forgery,27,27
data/processed/train/genuine/original_26_12.png,data/processed/train/genuine/original_26_5.png,1,genuine_genuine,26,26
data/processed/train/genuine/original_34_17.png,data/processed/train/genuine/original_34_2.png,1,genuine_genuine,34,34
data/processed/train/genuine/original_4_19.png,data/processed/train/genuine/original_4_22.png,1,genuine_genuine,4,4
data/processed/train/genuine/original_14_6.png,data/processed/train/forged/forgeries_14_2.png,0,skilled_forgery,14,14
data/processed/train/genuine/original_25_23.png,data/processed/train/forged/forgeries_25_22.png,0,skilled_forgery,25,25
data/processed/train/genuine/original_16_17.png,data/processed/train/genuine/original_16_6.png,1,genuine_genuine,16,16
data/processed/train/genuine/original_24_13.png,data/processed/train/forged/forgeries_24_22.png,0,skilled_forgery,24,24
data/processed/train/genuine/original_23_14.png,data/processed/train/genuine/original_23_7.png,1,genuine_genuine,23,23
data/processed/train/genuine/original_18_9.png,data/processed/train/genuine/original_24_16.png,0,random_forgery,18,24
data/processed/train/genuine/original_6_8.png,data/processed/train/forged/forgeries_6_14.png,0,skilled_forgery,6,6
data/processed/train/genuine/original_32_15.png,data/processed/train/genuine/original_32_20.png,1,genuine_genuine,32,32
data/processed/train/genuine/original_4_24.png,data/processed/train/genuine/original_4_5.png,1,genuine_genuine,4,4
data/processed/train/genuine/original_32_1.png,data/processed/train/forged/forgeries_32_7.png,0,skilled_forgery,32,32
data/processed/train/genuine/original_1_22.png,data/processed/train/genuine/original_30_18.png,0,random_forgery,1,30
data/processed/train/genuine/original_4_2.png,data/processed/train/genuine/original_4_6.png,1,genuine_genuine,4,4
data/processed/train/genuine/original_30_21.png,data/processed/train/genuine/original_30_9.png,1,genuine_genuine,30,30
data/processed/train/genuine/original_1_5.png,data/processed/train/forged/forgeries_1_13.png,0,skilled_forgery,1,1
data/processed/train/genuine/original_10_18.png,data/processed/train/genuine/original_10_7.png,1,genuine_genuine,10,10
data/processed/train/genuine/original_15_15.png,data/processed/train/genuine/original_15_4.png,1,genuine_genuine,15,15
data/processed/train/genuine/original_21_13.png,data/processed/train/genuine/original_19_24.png,0,random_forgery,21,19
data/processed/train/genuine/original_14_3.png,data/processed/train/genuine/original_14_5.png,1,genuine_genuine,14,14
data/processed/train/genuine/original_9_12.png,data/processed/train/genuine/original_9_8.png,1,genuine_genuine,9,9
data/processed/train/genuine/original_16_17.png,data/processed/train/forged/forgeries_16_6.png,0,skilled_forgery,16,16
data/processed/train/genuine/original_28_10.png,data/processed/train/genuine/original_28_4.png,1,genuine_genuine,28,28
data/processed/train/genuine/original_3_10.png,data/processed/train/genuine/original_3_8.png,1,genuine_genuine,3,3
data/processed/train/genuine/original_23_20.png,data/processed/train/genuine/original_12_6.png,0,random_forgery,23,12
data/processed/train/genuine/original_17_6.png,data/processed/train/forged/forgeries_17_24.png,0,skilled_forgery,17,17
data/processed/train/genuine/original_31_14.png,data/processed/train/forged/forgeries_31_11.png,0,skilled_forgery,31,31
data/processed/train/genuine/original_35_14.png,data/processed/train/genuine/original_35_6.png,1,genuine_genuine,35,35
data/processed/train/genuine/original_11_20.png,data/processed/train/genuine/original_11_4.png,1,genuine_genuine,11,11
data/processed/train/genuine/original_24_11.png,data/processed/train/genuine/original_24_3.png,1,genuine_genuine,24,24
data/processed/train/genuine/original_12_1.png,data/processed/train/forged/forgeries_12_15.png,0,skilled_forgery,12,12
data/processed/train/genuine/original_27_1.png,data/processed/train/genuine/original_27_22.png,1,genuine_genuine,27,27
data/processed/train/genuine/original_22_13.png,data/processed/train/genuine/original_22_16.png,1,genuine_genuine,22,22
data/processed/train/genuine/original_11_13.png,data/processed/train/genuine/original_11_20.png,1,genuine_genuine,11,11
data/processed/train/genuine/original_31_2.png,data/processed/train/genuine/original_20_24.png,0,random_forgery,31,20
data/processed/train/genuine/original_32_16.png,data/processed/train/genuine/original_32_22.png,1,genuine_genuine,32,32
data/processed/train/genuine/original_17_21.png,data/processed/train/genuine/original_31_4.png,0,random_forgery,17,31
data/processed/train/genuine/original_26_10.png,data/processed/train/forged/forgeries_26_15.png,0,skilled_forgery,26,26
data/processed/train/genuine/original_3_14.png,data/processed/train/genuine/original_24_13.png,0,random_forgery,3,24
data/processed/train/genuine/original_33_11.png,data/processed/train/genuine/original_33_2.png,1,genuine_genuine,33,33
data/processed/train/genuine/original_22_24.png,data/processed/train/genuine/original_22_5.png,1,genuine_genuine,22,22
data/processed/train/genuine/original_13_1.png,data/processed/train/genuine/original_13_18.png,1,genuine_genuine,13,13
data/processed/train/genuine/original_16_14.png,data/processed/train/genuine/original_16_9.png,1,genuine_genuine,16,16
data/processed/train/genuine/original_31_2.png,data/processed/train/genuine/original_5_4.png,0,random_forgery,31,5
data/processed/train/genuine/original_8_16.png,data/processed/train/genuine/original_8_24.png,1,genuine_genuine,8,8
data/processed/train/genuine/original_31_4.png,data/processed/train/genuine/original_31_6.png,1,genuine_genuine,31,31
data/processed/train/genuine/original_18_5.png,data/processed/train/forged/forgeries_18_2.png,0,skilled_forgery,18,18
data/processed/train/genuine/original_21_1.png,data/processed/train/genuine/original_21_12.png,1,genuine_genuine,21,21
data/processed/train/genuine/original_29_14.png,data/processed/train/genuine/original_13_18.png,0,random_forgery,29,13
data/processed/train/genuine/original_14_23.png,data/processed/train/genuine/original_14_8.png,1,genuine_genuine,14,14
data/processed/train/genuine/original_35_3.png,data/processed/train/genuine/original_35_7.png,1,genuine_genuine,35,35
data/processed/train/genuine/original_10_20.png,data/processed/train/genuine/original_35_17.png,0,random_forgery,10,35
data/processed/train/genuine/original_28_15.png,data/processed/train/genuine/original_19_8.png,0,random_forgery,28,19
data/processed/train/genuine/original_3_21.png,data/processed/train/genuine/original_3_8.png,1,genuine_genuine,3,3
data/processed/train/genuine/original_14_1.png,data/processed/train/forged/forgeries_14_18.png,0,skilled_forgery,14,14
data/processed/train/genuine/original_6_14.png,data/processed/train/genuine/original_6_21.png,1,genuine_genuine,6,6
data/processed/train/genuine/original_2_24.png,data/processed/train/genuine/original_2_7.png,1,genuine_genuine,2,2
data/processed/train/genuine/original_13_11.png,data/processed/train/genuine/original_13_5.png,1,genuine_genuine,13,13
data/processed/train/genuine/original_6_15.png,data/processed/train/genuine/original_6_18.png,1,genuine_genuine,6,6
data/processed/train/genuine/original_19_5.png,data/processed/train/genuine/original_19_6.png,1,genuine_genuine,19,19
data/processed/train/genuine/original_33_4.png,data/processed/train/genuine/original_9_12.png,0,random_forgery,33,9
data/processed/train/genuine/original_14_15.png,data/processed/train/forged/forgeries_14_11.png,0,skilled_forgery,14,14
data/processed/train/genuine/original_7_22.png,data/processed/train/genuine/original_13_4.png,0,random_forgery,7,13
data/processed/train/genuine/original_25_12.png,data/processed/train/genuine/original_25_20.png,1,genuine_genuine,25,25
data/processed/train/genuine/original_22_24.png,data/processed/train/genuine/original_6_7.png,0,random_forgery,22,6
data/processed/train/genuine/original_29_20.png,data/processed/train/forged/forgeries_29_15.png,0,skilled_forgery,29,29
data/processed/train/genuine/original_20_3.png,data/processed/train/genuine/original_20_5.png,1,genuine_genuine,20,20
data/processed/train/genuine/original_3_1.png,data/processed/train/genuine/original_11_15.png,0,random_forgery,3,11
data/processed/train/genuine/original_35_8.png,data/processed/train/genuine/original_23_11.png,0,random_forgery,35,23
data/processed/train/genuine/original_23_12.png,data/processed/train/genuine/original_24_11.png,0,random_forgery,23,24
data/processed/train/genuine/original_33_16.png,data/processed/train/forged/forgeries_33_19.png,0,skilled_forgery,33,33
data/processed/train/genuine/original_8_15.png,data/processed/train/genuine/original_8_20.png,1,genuine_genuine,8,8
data/processed/train/genuine/original_11_7.png,data/processed/train/genuine/original_22_9.png,0,random_forgery,11,22
data/processed/train/genuine/original_31_16.png,data/processed/train/forged/forgeries_31_21.png,0,skilled_forgery,31,31
data/processed/train/genuine/original_30_24.png,data/processed/train/genuine/original_30_7.png,1,genuine_genuine,30,30
data/processed/train/genuine/original_34_7.png,data/processed/train/forged/forgeries_34_14.png,0,skilled_forgery,34,34
data/processed/train/genuine/original_6_1.png,data/processed/train/forged/forgeries_6_20.png,0,skilled_forgery,6,6
data/processed/train/genuine/original_2_1.png,data/processed/train/genuine/original_24_21.png,0,random_forgery,2,24
data/processed/train/genuine/original_13_15.png,data/processed/train/forged/forgeries_13_3.png,0,skilled_forgery,13,13
data/processed/train/genuine/original_15_16.png,data/processed/train/genuine/original_15_18.png,1,genuine_genuine,15,15
data/processed/train/genuine/original_20_13.png,data/processed/train/genuine/original_7_9.png,0,random_forgery,20,7
data/processed/train/genuine/original_10_2.png,data/processed/train/genuine/original_10_7.png,1,genuine_genuine,10,10
data/processed/train/genuine/original_33_17.png,data/processed/train/genuine/original_33_20.png,1,genuine_genuine,33,33
data/processed/train/genuine/original_24_14.png,data/processed/train/forged/forgeries_24_22.png,0,skilled_forgery,24,24
data/processed/train/genuine/original_29_14.png,data/processed/train/genuine/original_31_15.png,0,random_forgery,29,31
data/processed/train/genuine/original_17_17.png,data/processed/train/forged/forgeries_17_5.png,0,skilled_forgery,17,17
data/processed/train/genuine/original_17_4.png,data/processed/train/forged/forgeries_17_22.png,0,skilled_forgery,17,17
data/processed/train/genuine/original_33_12.png,data/processed/train/genuine/original_33_15.png,1,genuine_genuine,33,33
data/processed/train/genuine/original_14_4.png,data/processed/train/forged/forgeries_14_9.png,0,skilled_forgery,14,14
data/processed/train/genuine/original_27_14.png,data/processed/train/genuine/original_27_6.png,1,genuine_genuine,27,27
data/processed/train/genuine/original_1_8.png,data/processed/train/forged/forgeries_1_12.png,0,skilled_forgery,1,1
data/processed/train/genuine/original_32_3.png,data/processed/train/genuine/original_32_7.png,1,genuine_genuine,32,32
data/processed/train/genuine/original_14_12.png,data/processed/train/genuine/original_14_2.png,1,genuine_genuine,14,14
data/processed/train/genuine/original_12_1.png,data/processed/train/genuine/original_12_17.png,1,genuine_genuine,12,12
data/processed/train/genuine/original_1_16.png,data/processed/train/forged/forgeries_1_3.png,0,skilled_forgery,1,1
data/processed/train/genuine/original_14_1.png,data/processed/train/genuine/original_14_2.png,1,genuine_genuine,14,14
data/processed/train/genuine/original_22_18.png,data/processed/train/genuine/original_22_8.png,1,genuine_genuine,22,22
data/processed/train/genuine/original_24_3.png,data/processed/train/forged/forgeries_24_12.png,0,skilled_forgery,24,24
data/processed/train/genuine/original_18_13.png,data/processed/train/genuine/original_23_2.png,0,random_forgery,18,23
data/processed/train/genuine/original_27_15.png,data/processed/train/genuine/original_27_5.png,1,genuine_genuine,27,27
data/processed/train/genuine/original_26_20.png,data/processed/train/genuine/original_26_9.png,1,genuine_genuine,26,26
data/processed/train/genuine/original_16_13.png,data/processed/train/genuine/original_16_4.png,1,genuine_genuine,16,16
data/processed/train/genuine/original_9_11.png,data/processed/train/genuine/original_9_8.png,1,genuine_genuine,9,9
data/processed/train/genuine/original_29_23.png,data/processed/train/genuine/original_29_24.png,1,genuine_genuine,29,29
data/processed/train/genuine/original_12_12.png,data/processed/train/forged/forgeries_12_21.png,0,skilled_forgery,12,12
data/processed/train/genuine/original_9_6.png,data/processed/train/genuine/original_9_7.png,1,genuine_genuine,9,9
data/processed/train/genuine/original_8_14.png,data/processed/train/genuine/original_8_22.png,1,genuine_genuine,8,8
data/processed/train/genuine/original_28_1.png,data/processed/train/genuine/original_2_18.png,0,random_forgery,28,2
data/processed/train/genuine/original_30_21.png,data/processed/train/forged/forgeries_30_20.png,0,skilled_forgery,30,30
data/processed/train/genuine/original_24_15.png,data/processed/train/genuine/original_24_22.png,1,genuine_genuine,24,24
data/processed/train/genuine/original_35_12.png,data/processed/train/genuine/original_35_15.png,1,genuine_genuine,35,35
data/processed/train/genuine/original_12_2.png,data/processed/train/genuine/original_27_18.png,0,random_forgery,12,27
data/processed/train/genuine/original_28_10.png,data/processed/train/genuine/original_28_19.png,1,genuine_genuine,28,28
data/processed/train/genuine/original_21_10.png,data/processed/train/genuine/original_21_3.png,1,genuine_genuine,21,21
data/processed/train/genuine/original_16_14.png,data/processed/train/forged/forgeries_16_5.png,0,skilled_forgery,16,16
data/processed/train/genuine/original_4_15.png,data/processed/train/genuine/original_24_22.png,0,random_forgery,4,24
data/processed/train/genuine/original_29_10.png,data/processed/train/genuine/original_29_12.png,1,genuine_genuine,29,29
data/processed/train/genuine/original_1_2.png,data/processed/train/genuine/original_16_14.png,0,random_forgery,1,16
data/processed/train/genuine/original_18_24.png,data/processed/train/genuine/original_18_6.png,1,genuine_genuine,18,18
data/processed/train/genuine/original_21_7.png,data/processed/train/forged/forgeries_21_4.png,0,skilled_forgery,21,21
data/processed/train/genuine/original_30_8.png,data/processed/train/genuine/original_19_21.png,0,random_forgery,30,19
data/processed/train/genuine/original_23_2.png,data/processed/train/genuine/original_23_20.png,1,genuine_genuine,23,23
data/processed/train/genuine/original_4_18.png,data/processed/train/genuine/original_4_19.png,1,genuine_genuine,4,4
data/processed/train/genuine/original_14_4.png,data/processed/train/genuine/original_7_23.png,0,random_forgery,14,7
data/processed/train/genuine/original_27_8.png,data/processed/train/forged/forgeries_27_13.png,0,skilled_forgery,27,27
data/processed/train/genuine/original_1_19.png,data/processed/train/genuine/original_1_22.png,1,genuine_genuine,1,1
data/processed/train/genuine/original_14_13.png,data/processed/train/genuine/original_14_7.png,1,genuine_genuine,14,14
data/processed/train/genuine/original_30_11.png,data/processed/train/genuine/original_22_20.png,0,random_forgery,30,22
data/processed/train/genuine/original_18_5.png,data/processed/train/forged/forgeries_18_15.png,0,skilled_forgery,18,18
data/processed/train/genuine/original_18_1.png,data/processed/train/genuine/original_18_3.png,1,genuine_genuine,18,18
data/processed/train/genuine/original_15_20.png,data/processed/train/forged/forgeries_15_4.png,0,skilled_forgery,15,15
data/processed/train/genuine/original_34_7.png,data/processed/train/genuine/original_17_7.png,0,random_forgery,34,17
data/processed/train/genuine/original_20_17.png,data/processed/train/forged/forgeries_20_17.png,0,skilled_forgery,20,20
data/processed/train/genuine/original_17_19.png,data/processed/train/genuine/original_17_23.png,1,genuine_genuine,17,17
data/processed/train/genuine/original_14_1.png,data/processed/train/forged/forgeries_14_23.png,0,skilled_forgery,14,14
data/processed/train/genuine/original_5_12.png,data/processed/train/genuine/original_5_20.png,1,genuine_genuine,5,5
data/processed/train/genuine/original_19_13.png,data/processed/train/genuine/original_19_2.png,1,genuine_genuine,19,19
data/processed/train/genuine/original_30_18.png,data/processed/train/genuine/original_30_5.png,1,genuine_genuine,30,30
data/processed/train/genuine/original_33_11.png,data/processed/train/forged/forgeries_33_7.png,0,skilled_forgery,33,33
data/processed/train/genuine/original_11_9.png,data/processed/train/forged/forgeries_11_9.png,0,skilled_forgery,11,11
data/processed/train/genuine/original_22_19.png,data/processed/train/genuine/original_22_23.png,1,genuine_genuine,22,22
data/processed/train/genuine/original_33_4.png,data/processed/train/forged/forgeries_33_21.png,0,skilled_forgery,33,33
data/processed/train/genuine/original_9_23.png,data/processed/train/genuine/original_23_24.png,0,random_forgery,9,23
data/processed/train/genuine/original_32_16.png,data/processed/train/genuine/original_32_2.png,1,genuine_genuine,32,32
data/processed/train/genuine/original_2_5.png,data/processed/train/genuine/original_2_9.png,1,genuine_genuine,2,2
data/processed/train/genuine/original_4_19.png,data/processed/train/genuine/original_4_8.png,1,genuine_genuine,4,4
data/processed/train/genuine/original_4_15.png,data/processed/train/genuine/original_4_3.png,1,genuine_genuine,4,4
data/processed/train/genuine/original_19_15.png,data/processed/train/genuine/original_19_7.png,1,genuine_genuine,19,19
data/processed/train/genuine/original_26_10.png,data/processed/train/genuine/original_26_2.png,1,genuine_genuine,26,26
data/processed/train/genuine/original_11_11.png,data/processed/train/forged/forgeries_11_15.png,0,skilled_forgery,11,11
data/processed/train/genuine/original_4_14.png,data/processed/train/genuine/original_4_6.png,1,genuine_genuine,4,4
data/processed/train/genuine/original_3_1.png,data/processed/train/genuine/original_3_12.png,1,genuine_genuine,3,3
data/processed/train/genuine/original_24_10.png,data/processed/train/genuine/original_19_23.png,0,random_forgery,24,19
data/processed/train/genuine/original_18_4.png,data/processed/train/forged/forgeries_18_18.png,0,skilled_forgery,18,18
data/processed/train/genuine/original_1_17.png,data/processed/train/genuine/original_15_7.png,0,random_forgery,1,15
data/processed/train/genuine/original_27_12.png,data/processed/train/genuine/original_27_21.png,1,genuine_genuine,27,27
data/processed/train/genuine/original_29_18.png,data/processed/train/forged/forgeries_29_22.png,0,skilled_forgery,29,29
data/processed/train/genuine/original_19_5.png,data/processed/train/forged/forgeries_19_5.png,0,skilled_forgery,19,19
data/processed/train/genuine/original_5_10.png,data/processed/train/genuine/original_5_14.png,1,genuine_genuine,5,5
data/processed/train/genuine/original_29_11.png,data/processed/train/forged/forgeries_29_9.png,0,skilled_forgery,29,29
data/processed/train/genuine/original_17_1.png,data/processed/train/forged/forgeries_17_3.png,0,skilled_forgery,17,17
data/processed/train/genuine/original_1_13.png,data/processed/train/forged/forgeries_1_18.png,0,skilled_forgery,1,1
data/processed/train/genuine/original_19_1.png,data/processed/train/forged/forgeries_19_10.png,0,skilled_forgery,19,19
data/processed/train/genuine/original_11_18.png,data/processed/train/forged/forgeries_11_22.png,0,skilled_forgery,11,11
data/processed/train/genuine/original_24_5.png,data/processed/train/forged/forgeries_24_8.png,0,skilled_forgery,24,24
data/processed/train/genuine/original_26_1.png,data/processed/train/genuine/original_26_6.png,1,genuine_genuine,26,26
data/processed/train/genuine/original_23_10.png,data/processed/train/genuine/original_23_24.png,1,genuine_genuine,23,23
data/processed/train/genuine/original_25_11.png,data/processed/train/genuine/original_25_17.png,1,genuine_genuine,25,25
data/processed/train/genuine/original_19_22.png,data/processed/train/genuine/original_19_4.png,1,genuine_genuine,19,19
data/processed/train/genuine/original_18_14.png,data/processed/train/forged/forgeries_18_19.png,0,skilled_forgery,18,18
data/processed/train/genuine/original_18_20.png,data/processed/train/forged/forgeries_18_11.png,0,skilled_forgery,18,18
data/processed/train/genuine/original_22_14.png,data/processed/train/genuine/original_22_16.png,1,genuine_genuine,22,22
data/processed/train/genuine/original_16_21.png,data/processed/train/genuine/original_16_6.png,1,genuine_genuine,16,16
data/processed/train/genuine/original_28_16.png,data/processed/train/genuine/original_28_9.png,1,genuine_genuine,28,28
data/processed/train/genuine/original_17_14.png,data/processed/train/genuine/original_17_19.png,1,genuine_genuine,17,17
data/processed/train/genuine/original_27_21.png,data/processed/train/genuine/original_27_3.png,1,genuine_genuine,27,27
data/processed/train/genuine/original_26_17.png,data/processed/train/genuine/original_26_19.png,1,genuine_genuine,26,26
data/processed/train/genuine/original_30_15.png,data/processed/train/genuine/original_6_7.png,0,random_forgery,30,6
data/processed/train/genuine/original_31_18.png,data/processed/train/genuine/original_31_8.png,1,genuine_genuine,31,31
data/processed/train/genuine/original_12_9.png,data/processed/train/forged/forgeries_12_20.png,0,skilled_forgery,12,12
data/processed/train/genuine/original_12_10.png,data/processed/train/genuine/original_12_15.png,1,genuine_genuine,12,12
data/processed/train/genuine/original_9_18.png,data/processed/train/forged/forgeries_9_24.png,0,skilled_forgery,9,9
data/processed/train/genuine/original_19_24.png,data/processed/train/forged/forgeries_19_16.png,0,skilled_forgery,19,19
data/processed/train/genuine/original_21_23.png,data/processed/train/genuine/original_34_19.png,0,random_forgery,21,34
data/processed/train/genuine/original_23_24.png,data/processed/train/forged/forgeries_23_12.png,0,skilled_forgery,23,23
data/processed/train/genuine/original_6_20.png,data/processed/train/forged/forgeries_6_4.png,0,skilled_forgery,6,6
data/processed/train/genuine/original_12_12.png,data/processed/train/genuine/original_12_13.png,1,genuine_genuine,12,12
data/processed/train/genuine/original_14_20.png,data/processed/train/genuine/original_35_24.png,0,random_forgery,14,35
data/processed/train/genuine/original_25_19.png,data/processed/train/genuine/original_25_9.png,1,genuine_genuine,25,25
data/processed/train/genuine/original_33_3.png,data/processed/train/forged/forgeries_33_24.png,0,skilled_forgery,33,33
data/processed/train/genuine/original_25_11.png,data/processed/train/genuine/original_25_19.png,1,genuine_genuine,25,25
data/processed/train/genuine/original_32_13.png,data/processed/train/genuine/original_32_23.png,1,genuine_genuine,32,32
data/processed/train/genuine/original_2_1.png,data/processed/train/forged/forgeries_2_1.png,0,skilled_forgery,2,2
data/processed/train/genuine/original_1_24.png,data/processed/train/genuine/original_1_6.png,1,genuine_genuine,1,1
data/processed/train/genuine/original_9_12.png,data/processed/train/genuine/original_9_4.png,1,genuine_genuine,9,9
data/processed/train/genuine/original_35_13.png,data/processed/train/forged/forgeries_35_14.png,0,skilled_forgery,35,35
data/processed/train/genuine/original_23_16.png,data/processed/train/forged/forgeries_23_14.png,0,skilled_forgery,23,23
data/processed/train/genuine/original_33_24.png,data/processed/train/genuine/original_8_18.png,0,random_forgery,33,8
data/processed/train/genuine/original_6_23.png,data/processed/train/genuine/original_6_7.png,1,genuine_genuine,6,6
data/processed/train/genuine/original_19_20.png,data/processed/train/forged/forgeries_19_7.png,0,skilled_forgery,19,19
data/processed/train/genuine/original_11_10.png,data/processed/train/forged/forgeries_11_8.png,0,skilled_forgery,11,11
data/processed/train/genuine/original_2_2.png,data/processed/train/genuine/original_32_3.png,0,random_forgery,2,32
data/processed/train/genuine/original_14_13.png,data/processed/train/genuine/original_14_3.png,1,genuine_genuine,14,14
data/processed/train/genuine/original_17_11.png,data/processed/train/forged/forgeries_17_10.png,0,skilled_forgery,17,17
data/processed/train/genuine/original_20_8.png,data/processed/train/genuine/original_20_9.png,1,genuine_genuine,20,20
data/processed/train/genuine/original_35_2.png,data/processed/train/genuine/original_35_7.png,1,genuine_genuine,35,35
data/processed/train/genuine/original_4_11.png,data/processed/train/genuine/original_9_14.png,0,random_forgery,4,9
data/processed/train/genuine/original_25_9.png,data/processed/train/forged/forgeries_25_12.png,0,skilled_forgery,25,25
data/processed/train/genuine/original_14_11.png,data/processed/train/genuine/original_14_4.png,1,genuine_genuine,14,14
data/processed/train/genuine/original_9_21.png,data/processed/train/forged/forgeries_9_9.png,0,skilled_forgery,9,9
data/processed/train/genuine/original_14_4.png,data/processed/train/genuine/original_14_9.png,1,genuine_genuine,14,14
data/processed/train/genuine/original_12_6.png,data/processed/train/forged/forgeries_12_9.png,0,skilled_forgery,12,12
data/processed/train/genuine/original_18_14.png,data/processed/train/genuine/original_18_9.png,1,genuine_genuine,18,18
data/processed/train/genuine/original_25_15.png,data/processed/train/forged/forgeries_25_15.png,0,skilled_forgery,25,25
data/processed/train/genuine/original_34_11.png,data/processed/train/genuine/original_34_2.png,1,genuine_genuine,34,34
data/processed/train/genuine/original_18_2.png,data/processed/train/genuine/original_18_23.png,1,genuine_genuine,18,18
data/processed/train/genuine/original_24_14.png,data/processed/train/genuine/original_24_4.png,1,genuine_genuine,24,24
data/processed/train/genuine/original_11_19.png,data/processed/train/genuine/original_11_23.png,1,genuine_genuine,11,11
data/processed/train/genuine/original_1_16.png,data/processed/train/genuine/original_1_24.png,1,genuine_genuine,1,1
data/processed/train/genuine/original_26_16.png,data/processed/train/genuine/original_18_24.png,0,random_forgery,26,18
data/processed/train/genuine/original_35_14.png,data/processed/train/forged/forgeries_35_6.png,0,skilled_forgery,35,35
data/processed/train/genuine/original_20_11.png,data/processed/train/forged/forgeries_20_8.png,0,skilled_forgery,20,20
data/processed/train/genuine/original_12_8.png,data/processed/train/genuine/original_12_9.png,1,genuine_genuine,12,12
data/processed/train/genuine/original_25_1.png,data/processed/train/genuine/original_18_4.png,0,random_forgery,25,18
data/processed/train/genuine/original_16_15.png,data/processed/train/genuine/original_16_2.png,1,genuine_genuine,16,16
data/processed/train/genuine/original_26_16.png,data/processed/train/genuine/original_26_17.png,1,genuine_genuine,26,26
data/processed/train/genuine/original_34_4.png,data/processed/train/genuine/original_34_7.png,1,genuine_genuine,34,34
data/processed/train/genuine/original_22_14.png,data/processed/train/genuine/original_22_5.png,1,genuine_genuine,22,22
data/processed/train/genuine/original_26_3.png,data/processed/train/genuine/original_29_18.png,0,random_forgery,26,29
data/processed/train/genuine/original_23_17.png,data/processed/train/genuine/original_26_3.png,0,random_forgery,23,26
data/processed/train/genuine/original_32_23.png,data/processed/train/genuine/original_32_8.png,1,genuine_genuine,32,32
data/processed/train/genuine/original_7_5.png,data/processed/train/forged/forgeries_7_18.png,0,skilled_forgery,7,7
data/processed/train/genuine/original_15_13.png,data/processed/train/genuine/original_15_24.png,1,genuine_genuine,15,15
data/processed/train/genuine/original_24_13.png,data/processed/train/forged/forgeries_24_10.png,0,skilled_forgery,24,24
data/processed/train/genuine/original_1_24.png,data/processed/train/genuine/original_16_20.png,0,random_forgery,1,16
data/processed/train/genuine/original_35_12.png,data/processed/train/genuine/original_35_16.png,1,genuine_genuine,35,35
data/processed/train/genuine/original_34_16.png,data/processed/train/forged/forgeries_34_5.png,0,skilled_forgery,34,34
data/processed/train/genuine/original_14_2.png,data/processed/train/genuine/original_11_24.png,0,random_forgery,14,11
data/processed/train/genuine/original_9_10.png,data/processed/train/genuine/original_9_23.png,1,genuine_genuine,9,9
data/processed/train/genuine/original_12_1.png,data/processed/train/genuine/original_12_23.png,1,genuine_genuine,12,12
data/processed/train/genuine/original_19_20.png,data/processed/train/genuine/original_19_4.png,1,genuine_genuine,19,19
data/processed/train/genuine/original_1_19.png,data/processed/train/genuine/original_30_14.png,0,random_forgery,1,30
data/processed/train/genuine/original_15_17.png,data/processed/train/genuine/original_15_20.png,1,genuine_genuine,15,15
data/processed/train/genuine/original_14_16.png,data/processed/train/forged/forgeries_14_9.png,0,skilled_forgery,14,14
data/processed/train/genuine/original_23_17.png,data/processed/train/forged/forgeries_23_8.png,0,skilled_forgery,23,23
data/processed/train/genuine/original_6_12.png,data/processed/train/genuine/original_6_14.png,1,genuine_genuine,6,6
data/processed/train/genuine/original_26_3.png,data/processed/train/genuine/original_26_6.png,1,genuine_genuine,26,26
data/processed/train/genuine/original_16_19.png,data/processed/train/forged/forgeries_16_22.png,0,skilled_forgery,16,16
data/processed/train/genuine/original_8_11.png,data/processed/train/genuine/original_8_6.png,1,genuine_genuine,8,8
data/processed/train/genuine/original_24_12.png,data/processed/train/genuine/original_24_19.png,1,genuine_genuine,24,24
data/processed/train/genuine/original_30_13.png,data/processed/train/forged/forgeries_30_19.png,0,skilled_forgery,30,30
data/processed/train/genuine/original_11_10.png,data/processed/train/genuine/original_11_9.png,1,genuine_genuine,11,11
data/processed/train/genuine/original_12_7.png,data/processed/train/forged/forgeries_12_14.png,0,skilled_forgery,12,12
data/processed/train/genuine/original_8_19.png,data/processed/train/genuine/original_8_8.png,1,genuine_genuine,8,8
data/processed/train/genuine/original_12_15.png,data/processed/train/forged/forgeries_12_20.png,0,skilled_forgery,12,12
data/processed/train/genuine/original_34_12.png,data/processed/train/genuine/original_34_13.png,1,genuine_genuine,34,34
data/processed/train/genuine/original_15_1.png,data/processed/train/genuine/original_17_10.png,0,random_forgery,15,17
data/processed/train/genuine/original_34_17.png,data/processed/train/genuine/original_34_22.png,1,genuine_genuine,34,34
data/processed/train/genuine/original_32_24.png,data/processed/train/forged/forgeries_32_6.png,0,skilled_forgery,32,32
data/processed/train/genuine/original_18_8.png,data/processed/train/genuine/original_19_20.png,0,random_forgery,18,19
data/processed/train/genuine/original_21_4.png,data/processed/train/forged/forgeries_21_15.png,0,skilled_forgery,21,21
data/processed/train/genuine/original_2_2.png,data/processed/train/forged/forgeries_2_3.png,0,skilled_forgery,2,2
data/processed/train/genuine/original_30_6.png,data/processed/train/genuine/original_9_15.png,0,random_forgery,30,9
data/processed/train/genuine/original_11_24.png,data/processed/train/genuine/original_11_4.png,1,genuine_genuine,11,11
data/processed/train/genuine/original_26_19.png,data/processed/train/genuine/original_26_23.png,1,genuine_genuine,26,26
data/processed/train/genuine/original_18_9.png,data/processed/train/genuine/original_1_1.png,0,random_forgery,18,1
data/processed/train/genuine/original_16_4.png,data/processed/train/forged/forgeries_16_21.png,0,skilled_forgery,16,16
data/processed/train/genuine/original_22_22.png,data/processed/train/forged/forgeries_22_6.png,0,skilled_forgery,22,22
data/processed/train/genuine/original_31_12.png,data/processed/train/genuine/original_31_20.png,1,genuine_genuine,31,31
data/processed/train/genuine/original_5_1.png,data/processed/train/genuine/original_5_7.png,1,genuine_genuine,5,5
data/processed/train/genuine/original_16_15.png,data/processed/train/genuine/original_16_23.png,1,genuine_genuine,16,16
data/processed/train/genuine/original_20_14.png,data/processed/train/genuine/original_20_16.png,1,genuine_genuine,20,20
data/processed/train/genuine/original_9_24.png,data/processed/train/forged/forgeries_9_18.png,0,skilled_forgery,9,9
data/processed/train/genuine/original_11_3.png,data/processed/train/forged/forgeries_11_19.png,0,skilled_forgery,11,11
data/processed/train/genuine/original_10_5.png,data/processed/train/forged/forgeries_10_4.png,0,skilled_forgery,10,10
data/processed/train/genuine/original_10_13.png,data/processed/train/genuine/original_10_19.png,1,genuine_genuine,10,10
data/processed/train/genuine/original_25_22.png,data/processed/train/forged/forgeries_25_18.png,0,skilled_forgery,25,25
data/processed/train/genuine/original_23_1.png,data/processed/train/genuine/original_23_9.png,1,genuine_genuine,23,23
data/processed/train/genuine/original_22_24.png,data/processed/train/genuine/original_22_6.png,1,genuine_genuine,22,22
data/processed/train/genuine/original_28_4.png,data/processed/train/forged/forgeries_28_6.png,0,skilled_forgery,28,28
data/processed/train/genuine/original_13_15.png,data/processed/train/genuine/original_13_9.png,1,genuine_genuine,13,13
data/processed/train/genuine/original_34_1.png,data/processed/train/genuine/original_34_11.png,1,genuine_genuine,34,34
data/processed/train/genuine/original_9_18.png,data/processed/train/genuine/original_9_4.png,1,genuine_genuine,9,9
data/processed/train/genuine/original_8_11.png,data/processed/train/genuine/original_23_12.png,0,random_forgery,8,23
data/processed/train/genuine/original_17_17.png,data/processed/train/forged/forgeries_17_22.png,0,skilled_forgery,17,17
data/processed/train/genuine/original_12_10.png,data/processed/train/genuine/original_12_18.png,1,genuine_genuine,12,12
data/processed/train/genuine/original_8_11.png,data/processed/train/forged/forgeries_8_15.png,0,skilled_forgery,8,8
data/processed/train/genuine/original_31_12.png,data/processed/train/forged/forgeries_31_9.png,0,skilled_forgery,31,31
data/processed/train/genuine/original_21_6.png,data/processed/train/genuine/original_25_1.png,0,random_forgery,21,25
data/processed/train/genuine/original_8_2.png,data/processed/train/genuine/original_8_4.png,1,genuine_genuine,8,8
