image_1_path,image_2_path,label,pair_type,writer_1,writer_2
data/processed/train/genuine/original_12_22.png,data/processed/train/genuine/original_26_8.png,0,random_forgery,12,26
data/processed/train/genuine/original_8_20.png,data/processed/train/genuine/original_8_24.png,1,genuine_genuine,8,8
data/processed/train/genuine/original_24_21.png,data/processed/train/forged/forgeries_24_12.png,0,skilled_forgery,24,24
data/processed/validation/genuine/original_44_18.png,data/processed/validation/forged/forgeries_44_16.png,0,skilled_forgery,44,44
data/processed/train/genuine/original_25_21.png,data/processed/train/genuine/original_25_4.png,1,genuine_genuine,25,25
data/processed/train/genuine/original_11_9.png,data/processed/validation/genuine/original_38_6.png,0,random_forgery,11,38
data/processed/train/genuine/original_7_18.png,data/processed/train/genuine/original_7_5.png,1,genuine_genuine,7,7
data/processed/validation/genuine/original_37_15.png,data/processed/validation/forged/forgeries_37_7.png,0,skilled_forgery,37,37
data/processed/train/genuine/original_24_12.png,data/processed/train/genuine/original_24_16.png,1,genuine_genuine,24,24
data/processed/train/genuine/original_11_15.png,data/processed/train/forged/forgeries_11_20.png,0,skilled_forgery,11,11
data/processed/train/genuine/original_5_12.png,data/processed/train/genuine/original_5_3.png,1,genuine_genuine,5,5
data/processed/validation/genuine/original_45_22.png,data/processed/validation/genuine/original_45_8.png,1,genuine_genuine,45,45
data/processed/train/genuine/original_10_5.png,data/processed/train/genuine/original_24_24.png,0,random_forgery,10,24
data/processed/train/genuine/original_3_18.png,data/processed/train/genuine/original_20_5.png,0,random_forgery,3,20
data/processed/train/genuine/original_24_22.png,data/processed/train/genuine/original_24_23.png,1,genuine_genuine,24,24
data/processed/train/genuine/original_4_12.png,data/processed/train/forged/forgeries_4_22.png,0,skilled_forgery,4,4
data/processed/train/genuine/original_26_14.png,data/processed/train/genuine/original_26_18.png,1,genuine_genuine,26,26
data/processed/train/genuine/original_9_24.png,data/processed/train/forged/forgeries_9_21.png,0,skilled_forgery,9,9
data/processed/train/genuine/original_22_7.png,data/processed/train/genuine/original_9_18.png,0,random_forgery,22,9
data/processed/train/genuine/original_25_9.png,data/processed/train/forged/forgeries_25_23.png,0,skilled_forgery,25,25
data/processed/train/genuine/original_11_14.png,data/processed/train/genuine/original_11_16.png,1,genuine_genuine,11,11
data/processed/train/genuine/original_2_23.png,data/processed/train/genuine/original_2_6.png,1,genuine_genuine,2,2
data/processed/train/genuine/original_22_21.png,data/processed/train/forged/forgeries_22_12.png,0,skilled_forgery,22,22
data/processed/validation/genuine/original_38_17.png,data/processed/validation/genuine/original_38_3.png,1,genuine_genuine,38,38
data/processed/train/genuine/original_14_10.png,data/processed/train/genuine/original_14_11.png,1,genuine_genuine,14,14
data/processed/validation/genuine/original_45_10.png,data/processed/validation/forged/forgeries_45_12.png,0,skilled_forgery,45,45
data/processed/validation/genuine/original_45_23.png,data/processed/train/genuine/original_12_3.png,0,random_forgery,45,12
data/processed/train/genuine/original_23_10.png,data/processed/validation/genuine/original_37_7.png,0,random_forgery,23,37
data/processed/validation/genuine/original_41_13.png,data/processed/validation/genuine/original_41_19.png,1,genuine_genuine,41,41
data/processed/train/genuine/original_6_20.png,data/processed/train/genuine/original_6_6.png,1,genuine_genuine,6,6
data/processed/train/genuine/original_7_3.png,data/processed/train/forged/forgeries_7_12.png,0,skilled_forgery,7,7
data/processed/train/genuine/original_18_20.png,data/processed/train/genuine/original_21_10.png,0,random_forgery,18,21
data/processed/train/genuine/original_21_15.png,data/processed/train/genuine/original_21_21.png,1,genuine_genuine,21,21
data/processed/train/genuine/original_22_18.png,data/processed/train/genuine/original_22_7.png,1,genuine_genuine,22,22
data/processed/train/genuine/original_15_11.png,data/processed/train/genuine/original_15_21.png,1,genuine_genuine,15,15
data/processed/train/genuine/original_15_13.png,data/processed/train/genuine/original_15_20.png,1,genuine_genuine,15,15
data/processed/train/genuine/original_27_11.png,data/processed/train/genuine/original_27_18.png,1,genuine_genuine,27,27
data/processed/train/genuine/original_2_11.png,data/processed/train/genuine/original_2_18.png,1,genuine_genuine,2,2
data/processed/train/genuine/original_20_21.png,data/processed/train/genuine/original_13_18.png,0,random_forgery,20,13
data/processed/train/genuine/original_18_17.png,data/processed/train/forged/forgeries_18_4.png,0,skilled_forgery,18,18
data/processed/train/genuine/original_11_12.png,data/processed/train/genuine/original_11_20.png,1,genuine_genuine,11,11
data/processed/validation/genuine/original_37_2.png,data/processed/validation/genuine/original_45_10.png,0,random_forgery,37,45
data/processed/validation/genuine/original_41_15.png,data/processed/validation/genuine/original_41_22.png,1,genuine_genuine,41,41
data/processed/train/genuine/original_23_21.png,data/processed/train/forged/forgeries_23_1.png,0,skilled_forgery,23,23
data/processed/validation/genuine/original_43_18.png,data/processed/validation/forged/forgeries_43_24.png,0,skilled_forgery,43,43
data/processed/train/genuine/original_21_19.png,data/processed/train/genuine/original_22_18.png,0,random_forgery,21,22
data/processed/train/genuine/original_4_13.png,data/processed/train/genuine/original_4_17.png,1,genuine_genuine,4,4
data/processed/train/genuine/original_4_20.png,data/processed/train/forged/forgeries_4_23.png,0,skilled_forgery,4,4
data/processed/train/genuine/original_10_18.png,data/processed/validation/genuine/original_37_10.png,0,random_forgery,10,37
data/processed/validation/genuine/original_39_16.png,data/processed/validation/genuine/original_39_5.png,1,genuine_genuine,39,39
data/processed/validation/genuine/original_38_4.png,data/processed/validation/forged/forgeries_38_14.png,0,skilled_forgery,38,38
data/processed/validation/genuine/original_41_24.png,data/processed/validation/forged/forgeries_41_20.png,0,skilled_forgery,41,41
data/processed/train/genuine/original_17_16.png,data/processed/train/genuine/original_17_3.png,1,genuine_genuine,17,17
data/processed/train/genuine/original_2_12.png,data/processed/train/genuine/original_7_24.png,0,random_forgery,2,7
data/processed/train/genuine/original_11_22.png,data/processed/train/genuine/original_11_9.png,1,genuine_genuine,11,11
data/processed/train/genuine/original_23_10.png,data/processed/train/genuine/original_23_23.png,1,genuine_genuine,23,23
data/processed/train/genuine/original_8_15.png,data/processed/train/genuine/original_8_5.png,1,genuine_genuine,8,8
data/processed/train/genuine/original_21_5.png,data/processed/train/forged/forgeries_21_20.png,0,skilled_forgery,21,21
data/processed/train/genuine/original_22_11.png,data/processed/train/genuine/original_22_13.png,1,genuine_genuine,22,22
data/processed/train/genuine/original_13_18.png,data/processed/train/genuine/original_3_12.png,0,random_forgery,13,3
data/processed/train/genuine/original_16_21.png,data/processed/train/genuine/original_18_13.png,0,random_forgery,16,18
data/processed/train/genuine/original_22_19.png,data/processed/train/forged/forgeries_22_7.png,0,skilled_forgery,22,22
data/processed/train/genuine/original_26_16.png,data/processed/train/genuine/original_26_9.png,1,genuine_genuine,26,26
data/processed/train/genuine/original_7_22.png,data/processed/train/forged/forgeries_7_4.png,0,skilled_forgery,7,7
data/processed/train/genuine/original_5_2.png,data/processed/train/genuine/original_23_22.png,0,random_forgery,5,23
data/processed/validation/genuine/original_38_2.png,data/processed/validation/forged/forgeries_38_3.png,0,skilled_forgery,38,38
data/processed/train/genuine/original_5_5.png,data/processed/train/forged/forgeries_5_16.png,0,skilled_forgery,5,5
data/processed/train/genuine/original_2_1.png,data/processed/train/genuine/original_2_8.png,1,genuine_genuine,2,2
data/processed/train/genuine/original_25_21.png,data/processed/train/forged/forgeries_25_22.png,0,skilled_forgery,25,25
data/processed/train/genuine/original_18_16.png,data/processed/train/forged/forgeries_18_2.png,0,skilled_forgery,18,18
data/processed/train/genuine/original_19_11.png,data/processed/validation/genuine/original_41_16.png,0,random_forgery,19,41
data/processed/train/genuine/original_14_17.png,data/processed/train/forged/forgeries_14_23.png,0,skilled_forgery,14,14
data/processed/validation/genuine/original_44_22.png,data/processed/validation/genuine/original_44_6.png,1,genuine_genuine,44,44
data/processed/train/genuine/original_11_13.png,data/processed/train/genuine/original_11_5.png,1,genuine_genuine,11,11
data/processed/validation/genuine/original_41_1.png,data/processed/validation/genuine/original_41_15.png,1,genuine_genuine,41,41
data/processed/train/genuine/original_26_11.png,data/processed/train/genuine/original_21_13.png,0,random_forgery,26,21
data/processed/train/genuine/original_4_12.png,data/processed/train/genuine/original_13_1.png,0,random_forgery,4,13
data/processed/train/genuine/original_25_14.png,data/processed/train/forged/forgeries_25_9.png,0,skilled_forgery,25,25
data/processed/train/genuine/original_24_20.png,data/processed/train/genuine/original_24_5.png,1,genuine_genuine,24,24
data/processed/train/genuine/original_12_10.png,data/processed/train/genuine/original_2_23.png,0,random_forgery,12,2
data/processed/validation/genuine/original_45_15.png,data/processed/validation/genuine/original_45_21.png,1,genuine_genuine,45,45
data/processed/train/genuine/original_27_17.png,data/processed/train/genuine/original_27_5.png,1,genuine_genuine,27,27
data/processed/validation/genuine/original_45_21.png,data/processed/validation/forged/forgeries_45_7.png,0,skilled_forgery,45,45
data/processed/validation/genuine/original_41_22.png,data/processed/validation/genuine/original_40_13.png,0,random_forgery,41,40
data/processed/validation/genuine/original_41_20.png,data/processed/train/genuine/original_18_7.png,0,random_forgery,41,18
data/processed/train/genuine/original_6_1.png,data/processed/train/genuine/original_6_17.png,1,genuine_genuine,6,6
data/processed/train/genuine/original_2_21.png,data/processed/train/genuine/original_2_23.png,1,genuine_genuine,2,2
data/processed/train/genuine/original_4_19.png,data/processed/train/forged/forgeries_4_11.png,0,skilled_forgery,4,4
data/processed/train/genuine/original_10_2.png,data/processed/train/genuine/original_10_22.png,1,genuine_genuine,10,10
data/processed/train/genuine/original_1_10.png,data/processed/train/genuine/original_19_7.png,0,random_forgery,1,19
data/processed/validation/genuine/original_41_23.png,data/processed/train/genuine/original_16_22.png,0,random_forgery,41,16
data/processed/train/genuine/original_20_11.png,data/processed/train/genuine/original_20_17.png,1,genuine_genuine,20,20
data/processed/train/genuine/original_10_11.png,data/processed/train/genuine/original_10_4.png,1,genuine_genuine,10,10
data/processed/validation/genuine/original_40_23.png,data/processed/validation/genuine/original_40_5.png,1,genuine_genuine,40,40
data/processed/train/genuine/original_20_15.png,data/processed/train/genuine/original_8_20.png,0,random_forgery,20,8
data/processed/train/genuine/original_24_17.png,data/processed/train/genuine/original_24_6.png,1,genuine_genuine,24,24
data/processed/train/genuine/original_20_21.png,data/processed/train/genuine/original_20_8.png,1,genuine_genuine,20,20
data/processed/validation/genuine/original_41_5.png,data/processed/validation/forged/forgeries_41_8.png,0,skilled_forgery,41,41
data/processed/train/genuine/original_14_1.png,data/processed/train/genuine/original_14_19.png,1,genuine_genuine,14,14
data/processed/train/genuine/original_11_14.png,data/processed/train/genuine/original_12_5.png,0,random_forgery,11,12
data/processed/train/genuine/original_19_20.png,data/processed/train/genuine/original_19_9.png,1,genuine_genuine,19,19
data/processed/validation/genuine/original_42_2.png,data/processed/validation/genuine/original_42_4.png,1,genuine_genuine,42,42
data/processed/train/genuine/original_23_20.png,data/processed/train/genuine/original_23_6.png,1,genuine_genuine,23,23
data/processed/train/genuine/original_7_2.png,data/processed/train/forged/forgeries_7_15.png,0,skilled_forgery,7,7
data/processed/train/genuine/original_21_22.png,data/processed/train/genuine/original_21_3.png,1,genuine_genuine,21,21
data/processed/train/genuine/original_4_3.png,data/processed/train/genuine/original_4_9.png,1,genuine_genuine,4,4
data/processed/train/genuine/original_9_18.png,data/processed/train/forged/forgeries_9_3.png,0,skilled_forgery,9,9
data/processed/train/genuine/original_20_1.png,data/processed/train/genuine/original_20_2.png,1,genuine_genuine,20,20
data/processed/train/genuine/original_11_22.png,data/processed/train/genuine/original_2_15.png,0,random_forgery,11,2
data/processed/train/genuine/original_22_16.png,data/processed/train/forged/forgeries_22_1.png,0,skilled_forgery,22,22
data/processed/train/genuine/original_18_11.png,data/processed/train/genuine/original_5_9.png,0,random_forgery,18,5
data/processed/train/genuine/original_19_3.png,data/processed/train/genuine/original_11_5.png,0,random_forgery,19,11
data/processed/train/genuine/original_3_15.png,data/processed/validation/genuine/original_40_18.png,0,random_forgery,3,40
data/processed/validation/genuine/original_37_15.png,data/processed/validation/genuine/original_39_15.png,0,random_forgery,37,39
data/processed/validation/genuine/original_39_5.png,data/processed/validation/genuine/original_39_8.png,1,genuine_genuine,39,39
data/processed/validation/genuine/original_43_2.png,data/processed/validation/genuine/original_43_23.png,1,genuine_genuine,43,43
data/processed/train/genuine/original_7_20.png,data/processed/validation/genuine/original_44_11.png,0,random_forgery,7,44
data/processed/validation/genuine/original_40_9.png,data/processed/validation/forged/forgeries_40_5.png,0,skilled_forgery,40,40
data/processed/train/genuine/original_12_15.png,data/processed/train/genuine/original_12_23.png,1,genuine_genuine,12,12
data/processed/validation/genuine/original_38_2.png,data/processed/validation/genuine/original_38_23.png,1,genuine_genuine,38,38
data/processed/train/genuine/original_9_5.png,data/processed/train/genuine/original_16_12.png,0,random_forgery,9,16
data/processed/train/genuine/original_4_23.png,data/processed/train/genuine/original_4_3.png,1,genuine_genuine,4,4
data/processed/train/genuine/original_3_14.png,data/processed/train/genuine/original_3_17.png,1,genuine_genuine,3,3
data/processed/train/genuine/original_23_12.png,data/processed/validation/genuine/original_38_6.png,0,random_forgery,23,38
data/processed/train/genuine/original_10_2.png,data/processed/validation/genuine/original_39_21.png,0,random_forgery,10,39
data/processed/train/genuine/original_13_17.png,data/processed/train/genuine/original_3_18.png,0,random_forgery,13,3
data/processed/train/genuine/original_22_2.png,data/processed/train/genuine/original_1_2.png,0,random_forgery,22,1
data/processed/train/genuine/original_19_1.png,data/processed/train/genuine/original_19_8.png,1,genuine_genuine,19,19
data/processed/train/genuine/original_16_13.png,data/processed/train/genuine/original_16_20.png,1,genuine_genuine,16,16
data/processed/train/genuine/original_22_19.png,data/processed/train/genuine/original_22_22.png,1,genuine_genuine,22,22
data/processed/train/genuine/original_18_13.png,data/processed/train/genuine/original_18_20.png,1,genuine_genuine,18,18
data/processed/train/genuine/original_17_17.png,data/processed/train/genuine/original_19_3.png,0,random_forgery,17,19
data/processed/validation/genuine/original_43_1.png,data/processed/validation/genuine/original_43_18.png,1,genuine_genuine,43,43
data/processed/train/genuine/original_11_13.png,data/processed/train/forged/forgeries_11_23.png,0,skilled_forgery,11,11
data/processed/train/genuine/original_25_16.png,data/processed/train/genuine/original_25_23.png,1,genuine_genuine,25,25
data/processed/train/genuine/original_24_23.png,data/processed/train/forged/forgeries_24_23.png,0,skilled_forgery,24,24
data/processed/train/genuine/original_1_11.png,data/processed/train/genuine/original_1_15.png,1,genuine_genuine,1,1
data/processed/validation/genuine/original_40_1.png,data/processed/validation/forged/forgeries_40_23.png,0,skilled_forgery,40,40
data/processed/validation/genuine/original_42_2.png,data/processed/validation/forged/forgeries_42_5.png,0,skilled_forgery,42,42
data/processed/train/genuine/original_1_22.png,data/processed/train/forged/forgeries_1_4.png,0,skilled_forgery,1,1
data/processed/train/genuine/original_18_16.png,data/processed/train/genuine/original_18_20.png,1,genuine_genuine,18,18
data/processed/train/genuine/original_2_11.png,data/processed/train/forged/forgeries_2_19.png,0,skilled_forgery,2,2
data/processed/validation/genuine/original_40_18.png,data/processed/validation/genuine/original_40_6.png,1,genuine_genuine,40,40
data/processed/train/genuine/original_12_5.png,data/processed/train/genuine/original_9_6.png,0,random_forgery,12,9
data/processed/validation/genuine/original_41_15.png,data/processed/validation/genuine/original_41_8.png,1,genuine_genuine,41,41
data/processed/validation/genuine/original_42_19.png,data/processed/validation/forged/forgeries_42_14.png,0,skilled_forgery,42,42
data/processed/train/genuine/original_12_22.png,data/processed/train/genuine/original_12_5.png,1,genuine_genuine,12,12
data/processed/validation/genuine/original_44_12.png,data/processed/validation/genuine/original_44_15.png,1,genuine_genuine,44,44
data/processed/train/genuine/original_14_23.png,data/processed/validation/genuine/original_45_18.png,0,random_forgery,14,45
data/processed/train/genuine/original_17_8.png,data/processed/train/forged/forgeries_17_2.png,0,skilled_forgery,17,17
data/processed/validation/genuine/original_40_2.png,data/processed/validation/forged/forgeries_40_15.png,0,skilled_forgery,40,40
data/processed/train/genuine/original_15_18.png,data/processed/train/genuine/original_11_2.png,0,random_forgery,15,11
data/processed/train/genuine/original_6_2.png,data/processed/train/forged/forgeries_6_21.png,0,skilled_forgery,6,6
data/processed/train/genuine/original_11_23.png,data/processed/train/forged/forgeries_11_6.png,0,skilled_forgery,11,11
data/processed/validation/genuine/original_37_6.png,data/processed/validation/forged/forgeries_37_21.png,0,skilled_forgery,37,37
data/processed/train/genuine/original_25_20.png,data/processed/train/genuine/original_25_23.png,1,genuine_genuine,25,25
data/processed/train/genuine/original_6_8.png,data/processed/train/genuine/original_9_8.png,0,random_forgery,6,9
data/processed/train/genuine/original_13_22.png,data/processed/train/genuine/original_21_7.png,0,random_forgery,13,21
data/processed/train/genuine/original_8_3.png,data/processed/train/forged/forgeries_8_3.png,0,skilled_forgery,8,8
data/processed/train/genuine/original_16_1.png,data/processed/train/genuine/original_16_13.png,1,genuine_genuine,16,16
data/processed/train/genuine/original_14_19.png,data/processed/train/forged/forgeries_14_19.png,0,skilled_forgery,14,14
data/processed/validation/genuine/original_45_11.png,data/processed/validation/forged/forgeries_45_22.png,0,skilled_forgery,45,45
data/processed/train/genuine/original_3_12.png,data/processed/train/genuine/original_16_7.png,0,random_forgery,3,16
data/processed/validation/genuine/original_38_4.png,data/processed/validation/genuine/original_38_9.png,1,genuine_genuine,38,38
data/processed/train/genuine/original_22_13.png,data/processed/train/forged/forgeries_22_15.png,0,skilled_forgery,22,22
data/processed/train/genuine/original_16_17.png,data/processed/train/genuine/original_16_4.png,1,genuine_genuine,16,16
data/processed/train/genuine/original_13_12.png,data/processed/train/forged/forgeries_13_9.png,0,skilled_forgery,13,13
data/processed/validation/genuine/original_39_2.png,data/processed/validation/forged/forgeries_39_9.png,0,skilled_forgery,39,39
data/processed/validation/genuine/original_37_17.png,data/processed/train/genuine/original_6_23.png,0,random_forgery,37,6
data/processed/validation/genuine/original_42_10.png,data/processed/validation/genuine/original_42_13.png,1,genuine_genuine,42,42
data/processed/train/genuine/original_4_11.png,data/processed/train/genuine/original_22_1.png,0,random_forgery,4,22
data/processed/validation/genuine/original_44_7.png,data/processed/validation/forged/forgeries_44_8.png,0,skilled_forgery,44,44
data/processed/validation/genuine/original_43_9.png,data/processed/validation/forged/forgeries_43_19.png,0,skilled_forgery,43,43
data/processed/train/genuine/original_22_18.png,data/processed/train/genuine/original_22_9.png,1,genuine_genuine,22,22
data/processed/train/genuine/original_13_11.png,data/processed/train/genuine/original_13_22.png,1,genuine_genuine,13,13
data/processed/train/genuine/original_6_11.png,data/processed/train/genuine/original_3_9.png,0,random_forgery,6,3
data/processed/train/genuine/original_15_10.png,data/processed/train/forged/forgeries_15_17.png,0,skilled_forgery,15,15
data/processed/train/genuine/original_15_10.png,data/processed/train/genuine/original_15_7.png,1,genuine_genuine,15,15
data/processed/train/genuine/original_8_4.png,data/processed/train/forged/forgeries_8_20.png,0,skilled_forgery,8,8
data/processed/validation/genuine/original_42_1.png,data/processed/validation/genuine/original_42_13.png,1,genuine_genuine,42,42
data/processed/train/genuine/original_18_22.png,data/processed/train/forged/forgeries_18_11.png,0,skilled_forgery,18,18
data/processed/train/genuine/original_13_14.png,data/processed/train/forged/forgeries_13_15.png,0,skilled_forgery,13,13
data/processed/train/genuine/original_20_11.png,data/processed/train/genuine/original_20_12.png,1,genuine_genuine,20,20
data/processed/train/genuine/original_20_17.png,data/processed/validation/genuine/original_39_7.png,0,random_forgery,20,39
data/processed/train/genuine/original_26_16.png,data/processed/train/genuine/original_26_20.png,1,genuine_genuine,26,26
data/processed/train/genuine/original_1_10.png,data/processed/train/genuine/original_1_2.png,1,genuine_genuine,1,1
data/processed/validation/genuine/original_39_19.png,data/processed/validation/genuine/original_39_22.png,1,genuine_genuine,39,39
data/processed/train/genuine/original_27_2.png,data/processed/train/genuine/original_27_3.png,1,genuine_genuine,27,27
data/processed/train/genuine/original_18_2.png,data/processed/train/genuine/original_18_21.png,1,genuine_genuine,18,18
data/processed/train/genuine/original_17_11.png,data/processed/train/genuine/original_17_17.png,1,genuine_genuine,17,17
data/processed/train/genuine/original_8_23.png,data/processed/validation/genuine/original_41_13.png,0,random_forgery,8,41
data/processed/validation/genuine/original_41_19.png,data/processed/validation/genuine/original_41_9.png,1,genuine_genuine,41,41
data/processed/train/genuine/original_26_17.png,data/processed/train/genuine/original_26_23.png,1,genuine_genuine,26,26
data/processed/validation/genuine/original_45_17.png,data/processed/validation/genuine/original_45_5.png,1,genuine_genuine,45,45
data/processed/train/genuine/original_9_22.png,data/processed/train/genuine/original_9_9.png,1,genuine_genuine,9,9
data/processed/train/genuine/original_5_13.png,data/processed/train/genuine/original_5_6.png,1,genuine_genuine,5,5
data/processed/train/genuine/original_21_13.png,data/processed/train/genuine/original_21_7.png,1,genuine_genuine,21,21
data/processed/train/genuine/original_15_10.png,data/processed/train/genuine/original_15_18.png,1,genuine_genuine,15,15
data/processed/train/genuine/original_24_10.png,data/processed/train/genuine/original_24_15.png,1,genuine_genuine,24,24
data/processed/validation/genuine/original_45_11.png,data/processed/validation/genuine/original_45_8.png,1,genuine_genuine,45,45
data/processed/train/genuine/original_12_2.png,data/processed/train/genuine/original_17_1.png,0,random_forgery,12,17
data/processed/validation/genuine/original_40_11.png,data/processed/validation/forged/forgeries_40_19.png,0,skilled_forgery,40,40
data/processed/train/genuine/original_17_1.png,data/processed/train/forged/forgeries_17_9.png,0,skilled_forgery,17,17
data/processed/train/genuine/original_10_18.png,data/processed/train/genuine/original_10_2.png,1,genuine_genuine,10,10
data/processed/train/genuine/original_5_19.png,data/processed/train/genuine/original_5_2.png,1,genuine_genuine,5,5
data/processed/train/genuine/original_11_15.png,data/processed/train/genuine/original_11_21.png,1,genuine_genuine,11,11
data/processed/validation/genuine/original_37_14.png,data/processed/validation/genuine/original_37_4.png,1,genuine_genuine,37,37
data/processed/train/genuine/original_14_6.png,data/processed/validation/genuine/original_44_6.png,0,random_forgery,14,44
data/processed/validation/genuine/original_44_14.png,data/processed/train/genuine/original_18_24.png,0,random_forgery,44,18
data/processed/train/genuine/original_3_4.png,data/processed/train/forged/forgeries_3_12.png,0,skilled_forgery,3,3
data/processed/train/genuine/original_17_23.png,data/processed/train/genuine/original_25_14.png,0,random_forgery,17,25
data/processed/train/genuine/original_23_21.png,data/processed/train/forged/forgeries_23_8.png,0,skilled_forgery,23,23
data/processed/train/genuine/original_22_9.png,data/processed/train/forged/forgeries_22_2.png,0,skilled_forgery,22,22
data/processed/train/genuine/original_17_3.png,data/processed/train/genuine/original_17_9.png,1,genuine_genuine,17,17
data/processed/train/genuine/original_22_6.png,data/processed/train/genuine/original_16_23.png,0,random_forgery,22,16
data/processed/validation/genuine/original_45_15.png,data/processed/train/genuine/original_24_4.png,0,random_forgery,45,24
data/processed/validation/genuine/original_43_17.png,data/processed/train/genuine/original_15_20.png,0,random_forgery,43,15
data/processed/train/genuine/original_5_14.png,data/processed/train/forged/forgeries_5_19.png,0,skilled_forgery,5,5
data/processed/train/genuine/original_4_13.png,data/processed/train/genuine/original_14_4.png,0,random_forgery,4,14
data/processed/validation/genuine/original_38_20.png,data/processed/validation/genuine/original_38_7.png,1,genuine_genuine,38,38
data/processed/train/genuine/original_9_6.png,data/processed/train/genuine/original_9_8.png,1,genuine_genuine,9,9
data/processed/train/genuine/original_20_20.png,data/processed/train/forged/forgeries_20_1.png,0,skilled_forgery,20,20
data/processed/train/genuine/original_18_14.png,data/processed/train/forged/forgeries_18_6.png,0,skilled_forgery,18,18
data/processed/train/genuine/original_9_5.png,data/processed/train/genuine/original_9_6.png,1,genuine_genuine,9,9
data/processed/train/genuine/original_4_15.png,data/processed/train/genuine/original_4_20.png,1,genuine_genuine,4,4
data/processed/validation/genuine/original_43_4.png,data/processed/validation/forged/forgeries_43_16.png,0,skilled_forgery,43,43
data/processed/train/genuine/original_25_23.png,data/processed/train/forged/forgeries_25_8.png,0,skilled_forgery,25,25
data/processed/train/genuine/original_13_2.png,data/processed/train/genuine/original_24_12.png,0,random_forgery,13,24
data/processed/validation/genuine/original_38_19.png,data/processed/validation/genuine/original_38_21.png,1,genuine_genuine,38,38
data/processed/train/genuine/original_12_15.png,data/processed/train/genuine/original_25_21.png,0,random_forgery,12,25
data/processed/train/genuine/original_1_19.png,data/processed/train/genuine/original_1_20.png,1,genuine_genuine,1,1
data/processed/train/genuine/original_23_8.png,data/processed/train/forged/forgeries_23_18.png,0,skilled_forgery,23,23
data/processed/train/genuine/original_22_23.png,data/processed/train/genuine/original_22_6.png,1,genuine_genuine,22,22
data/processed/train/genuine/original_24_24.png,data/processed/train/genuine/original_24_4.png,1,genuine_genuine,24,24
data/processed/train/genuine/original_20_16.png,data/processed/train/genuine/original_20_19.png,1,genuine_genuine,20,20
data/processed/train/genuine/original_27_12.png,data/processed/train/genuine/original_12_24.png,0,random_forgery,27,12
data/processed/train/genuine/original_13_20.png,data/processed/train/genuine/original_13_3.png,1,genuine_genuine,13,13
data/processed/train/genuine/original_20_12.png,data/processed/train/genuine/original_20_15.png,1,genuine_genuine,20,20
data/processed/train/genuine/original_8_17.png,data/processed/train/genuine/original_27_1.png,0,random_forgery,8,27
data/processed/train/genuine/original_22_17.png,data/processed/train/genuine/original_22_20.png,1,genuine_genuine,22,22
data/processed/train/genuine/original_10_12.png,data/processed/train/forged/forgeries_10_14.png,0,skilled_forgery,10,10
data/processed/train/genuine/original_15_1.png,data/processed/train/forged/forgeries_15_12.png,0,skilled_forgery,15,15
data/processed/validation/genuine/original_41_1.png,data/processed/validation/genuine/original_41_9.png,1,genuine_genuine,41,41
data/processed/train/genuine/original_21_4.png,data/processed/train/genuine/original_17_5.png,0,random_forgery,21,17
data/processed/train/genuine/original_16_24.png,data/processed/validation/genuine/original_40_24.png,0,random_forgery,16,40
data/processed/train/genuine/original_6_13.png,data/processed/train/genuine/original_25_17.png,0,random_forgery,6,25
data/processed/train/genuine/original_17_3.png,data/processed/validation/genuine/original_38_6.png,0,random_forgery,17,38
data/processed/train/genuine/original_9_10.png,data/processed/train/genuine/original_9_2.png,1,genuine_genuine,9,9
data/processed/train/genuine/original_21_4.png,data/processed/train/genuine/original_13_12.png,0,random_forgery,21,13
data/processed/train/genuine/original_21_18.png,data/processed/train/genuine/original_21_9.png,1,genuine_genuine,21,21
data/processed/validation/genuine/original_45_1.png,data/processed/train/genuine/original_18_22.png,0,random_forgery,45,18
data/processed/train/genuine/original_17_10.png,data/processed/train/forged/forgeries_17_13.png,0,skilled_forgery,17,17
data/processed/train/genuine/original_8_16.png,data/processed/train/genuine/original_8_3.png,1,genuine_genuine,8,8
data/processed/train/genuine/original_19_22.png,data/processed/train/forged/forgeries_19_23.png,0,skilled_forgery,19,19
data/processed/train/genuine/original_18_22.png,data/processed/train/genuine/original_18_9.png,1,genuine_genuine,18,18
data/processed/train/genuine/original_9_20.png,data/processed/train/forged/forgeries_9_2.png,0,skilled_forgery,9,9
data/processed/train/genuine/original_18_19.png,data/processed/train/genuine/original_18_3.png,1,genuine_genuine,18,18
data/processed/validation/genuine/original_38_4.png,data/processed/train/genuine/original_14_6.png,0,random_forgery,38,14
data/processed/train/genuine/original_17_24.png,data/processed/train/forged/forgeries_17_24.png,0,skilled_forgery,17,17
data/processed/validation/genuine/original_40_16.png,data/processed/validation/genuine/original_40_23.png,1,genuine_genuine,40,40
data/processed/validation/genuine/original_41_5.png,data/processed/validation/genuine/original_41_6.png,1,genuine_genuine,41,41
data/processed/train/genuine/original_2_2.png,data/processed/train/genuine/original_2_22.png,1,genuine_genuine,2,2
data/processed/validation/genuine/original_38_19.png,data/processed/train/genuine/original_17_17.png,0,random_forgery,38,17
data/processed/train/genuine/original_2_13.png,data/processed/train/genuine/original_2_8.png,1,genuine_genuine,2,2
data/processed/train/genuine/original_24_13.png,data/processed/train/genuine/original_24_21.png,1,genuine_genuine,24,24
data/processed/validation/genuine/original_41_3.png,data/processed/validation/forged/forgeries_41_22.png,0,skilled_forgery,41,41
data/processed/train/genuine/original_20_11.png,data/processed/train/forged/forgeries_20_12.png,0,skilled_forgery,20,20
data/processed/train/genuine/original_1_4.png,data/processed/train/forged/forgeries_1_20.png,0,skilled_forgery,1,1
data/processed/train/genuine/original_3_10.png,data/processed/train/forged/forgeries_3_1.png,0,skilled_forgery,3,3
data/processed/validation/genuine/original_45_12.png,data/processed/validation/genuine/original_41_7.png,0,random_forgery,45,41
data/processed/train/genuine/original_3_20.png,data/processed/train/forged/forgeries_3_17.png,0,skilled_forgery,3,3
data/processed/train/genuine/original_9_20.png,data/processed/train/genuine/original_9_24.png,1,genuine_genuine,9,9
data/processed/train/genuine/original_5_18.png,data/processed/train/genuine/original_9_18.png,0,random_forgery,5,9
data/processed/train/genuine/original_23_18.png,data/processed/train/genuine/original_23_21.png,1,genuine_genuine,23,23
data/processed/train/genuine/original_21_22.png,data/processed/train/genuine/original_21_23.png,1,genuine_genuine,21,21
data/processed/train/genuine/original_25_17.png,data/processed/train/genuine/original_9_18.png,0,random_forgery,25,9
data/processed/train/genuine/original_14_15.png,data/processed/train/forged/forgeries_14_2.png,0,skilled_forgery,14,14
data/processed/train/genuine/original_26_14.png,data/processed/train/genuine/original_26_16.png,1,genuine_genuine,26,26
data/processed/train/genuine/original_4_15.png,data/processed/train/genuine/original_4_24.png,1,genuine_genuine,4,4
data/processed/validation/genuine/original_44_17.png,data/processed/validation/genuine/original_44_21.png,1,genuine_genuine,44,44
data/processed/validation/genuine/original_41_21.png,data/processed/validation/genuine/original_41_5.png,1,genuine_genuine,41,41
data/processed/train/genuine/original_1_14.png,data/processed/train/genuine/original_1_2.png,1,genuine_genuine,1,1
data/processed/train/genuine/original_24_13.png,data/processed/train/forged/forgeries_24_18.png,0,skilled_forgery,24,24
data/processed/train/genuine/original_19_15.png,data/processed/train/forged/forgeries_19_9.png,0,skilled_forgery,19,19
data/processed/train/genuine/original_12_16.png,data/processed/train/genuine/original_12_8.png,1,genuine_genuine,12,12
data/processed/train/genuine/original_17_1.png,data/processed/train/genuine/original_17_11.png,1,genuine_genuine,17,17
data/processed/train/genuine/original_19_15.png,data/processed/train/genuine/original_19_9.png,1,genuine_genuine,19,19
data/processed/train/genuine/original_6_10.png,data/processed/train/forged/forgeries_6_14.png,0,skilled_forgery,6,6
data/processed/train/genuine/original_18_11.png,data/processed/train/genuine/original_8_15.png,0,random_forgery,18,8
data/processed/validation/genuine/original_40_11.png,data/processed/validation/genuine/original_40_2.png,1,genuine_genuine,40,40
data/processed/train/genuine/original_14_15.png,data/processed/train/genuine/original_14_6.png,1,genuine_genuine,14,14
data/processed/train/genuine/original_26_15.png,data/processed/train/forged/forgeries_26_23.png,0,skilled_forgery,26,26
data/processed/train/genuine/original_14_9.png,data/processed/validation/genuine/original_42_14.png,0,random_forgery,14,42
data/processed/train/genuine/original_1_12.png,data/processed/train/forged/forgeries_1_15.png,0,skilled_forgery,1,1
data/processed/train/genuine/original_9_12.png,data/processed/train/genuine/original_9_7.png,1,genuine_genuine,9,9
data/processed/train/genuine/original_19_17.png,data/processed/train/genuine/original_19_20.png,1,genuine_genuine,19,19
data/processed/train/genuine/original_26_18.png,data/processed/train/genuine/original_22_11.png,0,random_forgery,26,22
data/processed/train/genuine/original_17_21.png,data/processed/train/forged/forgeries_17_16.png,0,skilled_forgery,17,17
data/processed/train/genuine/original_1_17.png,data/processed/train/genuine/original_21_11.png,0,random_forgery,1,21
data/processed/validation/genuine/original_43_21.png,data/processed/validation/genuine/original_43_7.png,1,genuine_genuine,43,43
data/processed/validation/genuine/original_44_16.png,data/processed/validation/forged/forgeries_44_5.png,0,skilled_forgery,44,44
data/processed/train/genuine/original_26_12.png,data/processed/train/genuine/original_26_8.png,1,genuine_genuine,26,26
data/processed/train/genuine/original_24_9.png,data/processed/train/forged/forgeries_24_20.png,0,skilled_forgery,24,24
data/processed/train/genuine/original_17_12.png,data/processed/train/forged/forgeries_17_23.png,0,skilled_forgery,17,17
data/processed/train/genuine/original_21_3.png,data/processed/train/forged/forgeries_21_22.png,0,skilled_forgery,21,21
data/processed/train/genuine/original_7_13.png,data/processed/train/genuine/original_7_14.png,1,genuine_genuine,7,7
data/processed/train/genuine/original_10_19.png,data/processed/train/genuine/original_10_7.png,1,genuine_genuine,10,10
data/processed/train/genuine/original_24_4.png,data/processed/train/forged/forgeries_24_17.png,0,skilled_forgery,24,24
data/processed/train/genuine/original_26_4.png,data/processed/train/genuine/original_26_5.png,1,genuine_genuine,26,26
data/processed/train/genuine/original_15_21.png,data/processed/train/forged/forgeries_15_24.png,0,skilled_forgery,15,15
data/processed/train/genuine/original_3_17.png,data/processed/train/genuine/original_3_4.png,1,genuine_genuine,3,3
data/processed/validation/genuine/original_45_16.png,data/processed/validation/forged/forgeries_45_24.png,0,skilled_forgery,45,45
data/processed/validation/genuine/original_45_2.png,data/processed/validation/forged/forgeries_45_22.png,0,skilled_forgery,45,45
data/processed/train/genuine/original_5_18.png,data/processed/train/forged/forgeries_5_4.png,0,skilled_forgery,5,5
data/processed/validation/genuine/original_41_16.png,data/processed/validation/genuine/original_41_20.png,1,genuine_genuine,41,41
data/processed/train/genuine/original_25_5.png,data/processed/train/forged/forgeries_25_5.png,0,skilled_forgery,25,25
data/processed/validation/genuine/original_41_15.png,data/processed/train/genuine/original_4_9.png,0,random_forgery,41,4
data/processed/train/genuine/original_25_13.png,data/processed/train/forged/forgeries_25_20.png,0,skilled_forgery,25,25
data/processed/train/genuine/original_7_16.png,data/processed/train/forged/forgeries_7_9.png,0,skilled_forgery,7,7
data/processed/train/genuine/original_16_21.png,data/processed/train/genuine/original_17_21.png,0,random_forgery,16,17
data/processed/train/genuine/original_9_13.png,data/processed/train/forged/forgeries_9_20.png,0,skilled_forgery,9,9
data/processed/validation/genuine/original_40_20.png,data/processed/validation/forged/forgeries_40_12.png,0,skilled_forgery,40,40
data/processed/train/genuine/original_17_3.png,data/processed/train/forged/forgeries_17_5.png,0,skilled_forgery,17,17
data/processed/train/genuine/original_19_10.png,data/processed/train/genuine/original_19_2.png,1,genuine_genuine,19,19
data/processed/validation/genuine/original_41_17.png,data/processed/validation/forged/forgeries_41_12.png,0,skilled_forgery,41,41
data/processed/train/genuine/original_10_21.png,data/processed/train/genuine/original_10_8.png,1,genuine_genuine,10,10
data/processed/validation/genuine/original_39_15.png,data/processed/validation/genuine/original_39_19.png,1,genuine_genuine,39,39
data/processed/train/genuine/original_6_19.png,data/processed/train/genuine/original_6_6.png,1,genuine_genuine,6,6
data/processed/train/genuine/original_7_18.png,data/processed/train/forged/forgeries_7_10.png,0,skilled_forgery,7,7
data/processed/validation/genuine/original_43_23.png,data/processed/train/genuine/original_10_19.png,0,random_forgery,43,10
data/processed/train/genuine/original_3_14.png,data/processed/train/genuine/original_3_2.png,1,genuine_genuine,3,3
data/processed/validation/genuine/original_42_9.png,data/processed/validation/forged/forgeries_42_15.png,0,skilled_forgery,42,42
data/processed/train/genuine/original_4_17.png,data/processed/train/genuine/original_6_15.png,0,random_forgery,4,6
data/processed/train/genuine/original_3_6.png,data/processed/train/genuine/original_24_11.png,0,random_forgery,3,24
data/processed/train/genuine/original_1_12.png,data/processed/train/genuine/original_1_3.png,1,genuine_genuine,1,1
data/processed/train/genuine/original_4_3.png,data/processed/train/genuine/original_23_6.png,0,random_forgery,4,23
data/processed/train/genuine/original_7_14.png,data/processed/train/genuine/original_7_21.png,1,genuine_genuine,7,7
data/processed/train/genuine/original_17_1.png,data/processed/train/genuine/original_17_9.png,1,genuine_genuine,17,17
data/processed/train/genuine/original_19_1.png,data/processed/train/genuine/original_19_4.png,1,genuine_genuine,19,19
data/processed/train/genuine/original_24_10.png,data/processed/train/genuine/original_3_4.png,0,random_forgery,24,3
data/processed/train/genuine/original_6_22.png,data/processed/train/forged/forgeries_6_10.png,0,skilled_forgery,6,6
data/processed/validation/genuine/original_37_10.png,data/processed/validation/forged/forgeries_37_14.png,0,skilled_forgery,37,37
data/processed/train/genuine/original_20_24.png,data/processed/train/genuine/original_20_5.png,1,genuine_genuine,20,20
data/processed/validation/genuine/original_42_16.png,data/processed/validation/forged/forgeries_42_23.png,0,skilled_forgery,42,42
data/processed/validation/genuine/original_45_21.png,data/processed/train/genuine/original_19_22.png,0,random_forgery,45,19
data/processed/train/genuine/original_26_14.png,data/processed/train/genuine/original_26_2.png,1,genuine_genuine,26,26
data/processed/validation/genuine/original_37_22.png,data/processed/validation/genuine/original_37_5.png,1,genuine_genuine,37,37
data/processed/validation/genuine/original_41_23.png,data/processed/validation/genuine/original_41_7.png,1,genuine_genuine,41,41
data/processed/train/genuine/original_19_15.png,data/processed/train/forged/forgeries_19_11.png,0,skilled_forgery,19,19
data/processed/validation/genuine/original_41_5.png,data/processed/validation/forged/forgeries_41_11.png,0,skilled_forgery,41,41
data/processed/train/genuine/original_9_13.png,data/processed/train/genuine/original_9_18.png,1,genuine_genuine,9,9
data/processed/validation/genuine/original_45_14.png,data/processed/validation/forged/forgeries_45_5.png,0,skilled_forgery,45,45
data/processed/train/genuine/original_22_17.png,data/processed/train/forged/forgeries_22_17.png,0,skilled_forgery,22,22
data/processed/train/genuine/original_5_1.png,data/processed/train/forged/forgeries_5_23.png,0,skilled_forgery,5,5
data/processed/train/genuine/original_9_3.png,data/processed/train/genuine/original_9_6.png,1,genuine_genuine,9,9
data/processed/train/genuine/original_27_1.png,data/processed/train/genuine/original_7_10.png,0,random_forgery,27,7
data/processed/train/genuine/original_16_1.png,data/processed/train/genuine/original_16_17.png,1,genuine_genuine,16,16
data/processed/train/genuine/original_6_15.png,data/processed/train/genuine/original_6_4.png,1,genuine_genuine,6,6
data/processed/validation/genuine/original_42_21.png,data/processed/train/genuine/original_2_3.png,0,random_forgery,42,2
data/processed/train/genuine/original_16_6.png,data/processed/train/genuine/original_19_3.png,0,random_forgery,16,19
data/processed/train/genuine/original_16_13.png,data/processed/train/genuine/original_16_3.png,1,genuine_genuine,16,16
data/processed/validation/genuine/original_38_5.png,data/processed/validation/genuine/original_38_7.png,1,genuine_genuine,38,38
data/processed/train/genuine/original_13_15.png,data/processed/train/genuine/original_13_21.png,1,genuine_genuine,13,13
data/processed/train/genuine/original_2_8.png,data/processed/train/forged/forgeries_2_22.png,0,skilled_forgery,2,2
data/processed/train/genuine/original_19_10.png,data/processed/train/genuine/original_19_19.png,1,genuine_genuine,19,19
data/processed/train/genuine/original_23_18.png,data/processed/train/forged/forgeries_23_21.png,0,skilled_forgery,23,23
data/processed/validation/genuine/original_44_1.png,data/processed/train/genuine/original_2_12.png,0,random_forgery,44,2
data/processed/train/genuine/original_23_21.png,data/processed/train/genuine/original_23_4.png,1,genuine_genuine,23,23
data/processed/validation/genuine/original_44_15.png,data/processed/validation/genuine/original_44_2.png,1,genuine_genuine,44,44
data/processed/validation/genuine/original_38_24.png,data/processed/train/genuine/original_13_8.png,0,random_forgery,38,13
data/processed/train/genuine/original_20_6.png,data/processed/train/forged/forgeries_20_22.png,0,skilled_forgery,20,20
data/processed/train/genuine/original_4_12.png,data/processed/train/genuine/original_4_23.png,1,genuine_genuine,4,4
data/processed/validation/genuine/original_44_13.png,data/processed/train/genuine/original_3_11.png,0,random_forgery,44,3
data/processed/train/genuine/original_6_12.png,data/processed/train/genuine/original_15_17.png,0,random_forgery,6,15
data/processed/train/genuine/original_10_1.png,data/processed/train/genuine/original_10_20.png,1,genuine_genuine,10,10
data/processed/validation/genuine/original_39_20.png,data/processed/validation/genuine/original_39_9.png,1,genuine_genuine,39,39
data/processed/validation/genuine/original_44_11.png,data/processed/validation/genuine/original_44_20.png,1,genuine_genuine,44,44
data/processed/train/genuine/original_14_21.png,data/processed/train/genuine/original_21_18.png,0,random_forgery,14,21
data/processed/train/genuine/original_5_23.png,data/processed/train/genuine/original_5_3.png,1,genuine_genuine,5,5
data/processed/train/genuine/original_19_10.png,data/processed/train/genuine/original_19_13.png,1,genuine_genuine,19,19
data/processed/train/genuine/original_22_6.png,data/processed/train/genuine/original_4_7.png,0,random_forgery,22,4
data/processed/train/genuine/original_2_15.png,data/processed/train/genuine/original_19_11.png,0,random_forgery,2,19
data/processed/train/genuine/original_9_17.png,data/processed/train/genuine/original_9_9.png,1,genuine_genuine,9,9
data/processed/validation/genuine/original_38_16.png,data/processed/validation/forged/forgeries_38_12.png,0,skilled_forgery,38,38
data/processed/train/genuine/original_10_15.png,data/processed/train/genuine/original_10_23.png,1,genuine_genuine,10,10
data/processed/validation/genuine/original_41_16.png,data/processed/validation/genuine/original_41_2.png,1,genuine_genuine,41,41
data/processed/train/genuine/original_27_1.png,data/processed/train/genuine/original_27_19.png,1,genuine_genuine,27,27
data/processed/train/genuine/original_15_14.png,data/processed/train/genuine/original_15_20.png,1,genuine_genuine,15,15
data/processed/train/genuine/original_22_10.png,data/processed/train/forged/forgeries_22_13.png,0,skilled_forgery,22,22
data/processed/train/genuine/original_15_1.png,data/processed/train/genuine/original_15_11.png,1,genuine_genuine,15,15
data/processed/train/genuine/original_9_13.png,data/processed/train/genuine/original_9_15.png,1,genuine_genuine,9,9
data/processed/validation/genuine/original_37_7.png,data/processed/validation/genuine/original_40_16.png,0,random_forgery,37,40
data/processed/train/genuine/original_20_13.png,data/processed/train/genuine/original_20_15.png,1,genuine_genuine,20,20
data/processed/train/genuine/original_9_4.png,data/processed/train/forged/forgeries_9_9.png,0,skilled_forgery,9,9
data/processed/train/genuine/original_10_13.png,data/processed/train/genuine/original_10_4.png,1,genuine_genuine,10,10
data/processed/train/genuine/original_11_21.png,data/processed/train/genuine/original_11_7.png,1,genuine_genuine,11,11
data/processed/train/genuine/original_21_10.png,data/processed/train/genuine/original_21_21.png,1,genuine_genuine,21,21
data/processed/train/genuine/original_11_18.png,data/processed/train/forged/forgeries_11_15.png,0,skilled_forgery,11,11
data/processed/train/genuine/original_3_21.png,data/processed/train/forged/forgeries_3_10.png,0,skilled_forgery,3,3
data/processed/train/genuine/original_6_11.png,data/processed/train/genuine/original_6_4.png,1,genuine_genuine,6,6
data/processed/train/genuine/original_26_21.png,data/processed/train/genuine/original_26_5.png,1,genuine_genuine,26,26
data/processed/train/genuine/original_18_8.png,data/processed/train/forged/forgeries_18_13.png,0,skilled_forgery,18,18
data/processed/train/genuine/original_21_10.png,data/processed/train/genuine/original_21_11.png,1,genuine_genuine,21,21
data/processed/train/genuine/original_4_13.png,data/processed/train/forged/forgeries_4_19.png,0,skilled_forgery,4,4
data/processed/train/genuine/original_24_10.png,data/processed/train/genuine/original_24_17.png,1,genuine_genuine,24,24
data/processed/train/genuine/original_19_20.png,data/processed/train/genuine/original_19_8.png,1,genuine_genuine,19,19
data/processed/validation/genuine/original_37_18.png,data/processed/train/genuine/original_23_22.png,0,random_forgery,37,23
data/processed/train/genuine/original_24_7.png,data/processed/train/forged/forgeries_24_3.png,0,skilled_forgery,24,24
data/processed/validation/genuine/original_43_15.png,data/processed/validation/forged/forgeries_43_7.png,0,skilled_forgery,43,43
data/processed/train/genuine/original_13_1.png,data/processed/train/forged/forgeries_13_11.png,0,skilled_forgery,13,13
data/processed/train/genuine/original_20_2.png,data/processed/train/genuine/original_20_22.png,1,genuine_genuine,20,20
data/processed/train/genuine/original_16_14.png,data/processed/train/forged/forgeries_16_9.png,0,skilled_forgery,16,16
data/processed/train/genuine/original_16_12.png,data/processed/train/forged/forgeries_16_13.png,0,skilled_forgery,16,16
data/processed/train/genuine/original_15_15.png,data/processed/train/genuine/original_15_18.png,1,genuine_genuine,15,15
data/processed/train/genuine/original_25_16.png,data/processed/train/genuine/original_25_24.png,1,genuine_genuine,25,25
data/processed/train/genuine/original_5_6.png,data/processed/train/forged/forgeries_5_16.png,0,skilled_forgery,5,5
data/processed/train/genuine/original_2_17.png,data/processed/train/genuine/original_2_5.png,1,genuine_genuine,2,2
data/processed/train/genuine/original_14_8.png,data/processed/train/genuine/original_7_4.png,0,random_forgery,14,7
data/processed/train/genuine/original_15_17.png,data/processed/train/genuine/original_14_3.png,0,random_forgery,15,14
data/processed/validation/genuine/original_37_16.png,data/processed/validation/genuine/original_37_21.png,1,genuine_genuine,37,37
data/processed/validation/genuine/original_42_1.png,data/processed/validation/genuine/original_42_11.png,1,genuine_genuine,42,42
data/processed/train/genuine/original_1_3.png,data/processed/train/genuine/original_1_8.png,1,genuine_genuine,1,1
data/processed/train/genuine/original_21_17.png,data/processed/train/genuine/original_21_3.png,1,genuine_genuine,21,21
data/processed/train/genuine/original_19_12.png,data/processed/train/genuine/original_5_5.png,0,random_forgery,19,5
data/processed/validation/genuine/original_43_11.png,data/processed/validation/forged/forgeries_43_20.png,0,skilled_forgery,43,43
data/processed/train/genuine/original_7_10.png,data/processed/train/genuine/original_7_13.png,1,genuine_genuine,7,7
data/processed/train/genuine/original_15_4.png,data/processed/train/genuine/original_16_23.png,0,random_forgery,15,16
data/processed/train/genuine/original_6_6.png,data/processed/train/forged/forgeries_6_8.png,0,skilled_forgery,6,6
data/processed/validation/genuine/original_42_4.png,data/processed/train/genuine/original_14_10.png,0,random_forgery,42,14
data/processed/train/genuine/original_13_9.png,data/processed/train/genuine/original_19_9.png,0,random_forgery,13,19
data/processed/train/genuine/original_1_19.png,data/processed/train/genuine/original_1_9.png,1,genuine_genuine,1,1
data/processed/train/genuine/original_1_12.png,data/processed/train/genuine/original_1_19.png,1,genuine_genuine,1,1
data/processed/validation/genuine/original_43_11.png,data/processed/validation/genuine/original_43_12.png,1,genuine_genuine,43,43
data/processed/validation/genuine/original_41_24.png,data/processed/validation/forged/forgeries_41_3.png,0,skilled_forgery,41,41
data/processed/train/genuine/original_26_1.png,data/processed/train/genuine/original_26_2.png,1,genuine_genuine,26,26
data/processed/validation/genuine/original_43_23.png,data/processed/validation/genuine/original_43_24.png,1,genuine_genuine,43,43
data/processed/train/genuine/original_21_24.png,data/processed/train/genuine/original_2_24.png,0,random_forgery,21,2
data/processed/train/genuine/original_7_14.png,data/processed/train/genuine/original_7_4.png,1,genuine_genuine,7,7
data/processed/train/genuine/original_24_24.png,data/processed/train/genuine/original_3_20.png,0,random_forgery,24,3
data/processed/train/genuine/original_27_24.png,data/processed/train/forged/forgeries_27_4.png,0,skilled_forgery,27,27
data/processed/validation/genuine/original_41_21.png,data/processed/validation/genuine/original_41_23.png,1,genuine_genuine,41,41
data/processed/train/genuine/original_24_11.png,data/processed/train/genuine/original_9_3.png,0,random_forgery,24,9
data/processed/train/genuine/original_20_2.png,data/processed/train/forged/forgeries_20_6.png,0,skilled_forgery,20,20
data/processed/validation/genuine/original_42_17.png,data/processed/validation/forged/forgeries_42_15.png,0,skilled_forgery,42,42
data/processed/validation/genuine/original_45_2.png,data/processed/validation/forged/forgeries_45_17.png,0,skilled_forgery,45,45
data/processed/train/genuine/original_6_19.png,data/processed/train/forged/forgeries_6_5.png,0,skilled_forgery,6,6
data/processed/train/genuine/original_25_11.png,data/processed/train/genuine/original_25_24.png,1,genuine_genuine,25,25
data/processed/train/genuine/original_26_9.png,data/processed/train/forged/forgeries_26_14.png,0,skilled_forgery,26,26
data/processed/train/genuine/original_4_1.png,data/processed/train/genuine/original_4_13.png,1,genuine_genuine,4,4
data/processed/train/genuine/original_8_10.png,data/processed/train/genuine/original_8_16.png,1,genuine_genuine,8,8
data/processed/train/genuine/original_17_21.png,data/processed/train/genuine/original_8_16.png,0,random_forgery,17,8
data/processed/train/genuine/original_15_22.png,data/processed/train/genuine/original_15_24.png,1,genuine_genuine,15,15
data/processed/train/genuine/original_24_17.png,data/processed/train/forged/forgeries_24_13.png,0,skilled_forgery,24,24
data/processed/train/genuine/original_1_16.png,data/processed/train/genuine/original_6_23.png,0,random_forgery,1,6
data/processed/validation/genuine/original_43_22.png,data/processed/validation/genuine/original_43_9.png,1,genuine_genuine,43,43
data/processed/train/genuine/original_7_1.png,data/processed/train/genuine/original_7_9.png,1,genuine_genuine,7,7
data/processed/train/genuine/original_5_11.png,data/processed/train/genuine/original_5_13.png,1,genuine_genuine,5,5
data/processed/train/genuine/original_11_23.png,data/processed/train/genuine/original_17_10.png,0,random_forgery,11,17
data/processed/train/genuine/original_6_16.png,data/processed/train/genuine/original_6_5.png,1,genuine_genuine,6,6
data/processed/train/genuine/original_2_1.png,data/processed/validation/genuine/original_43_15.png,0,random_forgery,2,43
data/processed/train/genuine/original_19_13.png,data/processed/train/genuine/original_19_8.png,1,genuine_genuine,19,19
data/processed/validation/genuine/original_45_21.png,data/processed/validation/genuine/original_45_24.png,1,genuine_genuine,45,45
data/processed/train/genuine/original_9_12.png,data/processed/train/genuine/original_9_22.png,1,genuine_genuine,9,9
data/processed/train/genuine/original_8_20.png,data/processed/train/genuine/original_8_9.png,1,genuine_genuine,8,8
data/processed/train/genuine/original_7_11.png,data/processed/validation/genuine/original_43_18.png,0,random_forgery,7,43
data/processed/validation/genuine/original_41_13.png,data/processed/validation/forged/forgeries_41_3.png,0,skilled_forgery,41,41
data/processed/train/genuine/original_17_19.png,data/processed/train/forged/forgeries_17_10.png,0,skilled_forgery,17,17
data/processed/train/genuine/original_17_2.png,data/processed/train/genuine/original_17_24.png,1,genuine_genuine,17,17
data/processed/train/genuine/original_12_11.png,data/processed/train/genuine/original_12_22.png,1,genuine_genuine,12,12
data/processed/validation/genuine/original_39_14.png,data/processed/train/genuine/original_7_19.png,0,random_forgery,39,7
data/processed/train/genuine/original_11_14.png,data/processed/train/genuine/original_11_7.png,1,genuine_genuine,11,11
data/processed/validation/genuine/original_43_19.png,data/processed/validation/forged/forgeries_43_15.png,0,skilled_forgery,43,43
data/processed/train/genuine/original_8_20.png,data/processed/train/genuine/original_16_16.png,0,random_forgery,8,16
data/processed/train/genuine/original_16_1.png,data/processed/train/forged/forgeries_16_12.png,0,skilled_forgery,16,16
data/processed/train/genuine/original_5_16.png,data/processed/train/forged/forgeries_5_20.png,0,skilled_forgery,5,5
data/processed/train/genuine/original_20_15.png,data/processed/train/genuine/original_20_19.png,1,genuine_genuine,20,20
data/processed/train/genuine/original_20_22.png,data/processed/train/genuine/original_13_20.png,0,random_forgery,20,13
data/processed/train/genuine/original_9_5.png,data/processed/train/forged/forgeries_9_7.png,0,skilled_forgery,9,9
data/processed/train/genuine/original_1_2.png,data/processed/train/forged/forgeries_1_16.png,0,skilled_forgery,1,1
data/processed/validation/genuine/original_44_23.png,data/processed/validation/genuine/original_44_7.png,1,genuine_genuine,44,44
data/processed/validation/genuine/original_40_1.png,data/processed/validation/genuine/original_40_10.png,1,genuine_genuine,40,40
data/processed/train/genuine/original_16_10.png,data/processed/train/genuine/original_16_17.png,1,genuine_genuine,16,16
data/processed/train/genuine/original_13_10.png,data/processed/train/forged/forgeries_13_3.png,0,skilled_forgery,13,13
data/processed/train/genuine/original_25_18.png,data/processed/train/genuine/original_25_7.png,1,genuine_genuine,25,25
data/processed/train/genuine/original_19_21.png,data/processed/train/genuine/original_15_9.png,0,random_forgery,19,15
data/processed/train/genuine/original_26_3.png,data/processed/train/forged/forgeries_26_10.png,0,skilled_forgery,26,26
data/processed/validation/genuine/original_43_8.png,data/processed/validation/forged/forgeries_43_18.png,0,skilled_forgery,43,43
data/processed/validation/genuine/original_37_16.png,data/processed/validation/genuine/original_37_5.png,1,genuine_genuine,37,37
data/processed/train/genuine/original_9_9.png,data/processed/train/genuine/original_12_15.png,0,random_forgery,9,12
data/processed/validation/genuine/original_40_12.png,data/processed/validation/forged/forgeries_40_4.png,0,skilled_forgery,40,40
data/processed/train/genuine/original_24_17.png,data/processed/train/forged/forgeries_24_10.png,0,skilled_forgery,24,24
data/processed/train/genuine/original_14_18.png,data/processed/train/genuine/original_14_9.png,1,genuine_genuine,14,14
data/processed/validation/genuine/original_41_15.png,data/processed/validation/forged/forgeries_41_7.png,0,skilled_forgery,41,41
data/processed/validation/genuine/original_44_4.png,data/processed/train/genuine/original_8_14.png,0,random_forgery,44,8
data/processed/train/genuine/original_24_14.png,data/processed/train/genuine/original_9_4.png,0,random_forgery,24,9
data/processed/train/genuine/original_5_16.png,data/processed/train/forged/forgeries_5_18.png,0,skilled_forgery,5,5
data/processed/train/genuine/original_9_11.png,data/processed/train/forged/forgeries_9_18.png,0,skilled_forgery,9,9
data/processed/train/genuine/original_13_2.png,data/processed/train/genuine/original_13_9.png,1,genuine_genuine,13,13
data/processed/validation/genuine/original_44_5.png,data/processed/validation/forged/forgeries_44_20.png,0,skilled_forgery,44,44
data/processed/train/genuine/original_19_23.png,data/processed/train/genuine/original_19_9.png,1,genuine_genuine,19,19
data/processed/validation/genuine/original_37_22.png,data/processed/validation/forged/forgeries_37_12.png,0,skilled_forgery,37,37
data/processed/validation/genuine/original_41_12.png,data/processed/validation/genuine/original_41_4.png,1,genuine_genuine,41,41
data/processed/train/genuine/original_27_12.png,data/processed/train/genuine/original_27_15.png,1,genuine_genuine,27,27
data/processed/train/genuine/original_12_10.png,data/processed/train/genuine/original_12_4.png,1,genuine_genuine,12,12
data/processed/train/genuine/original_22_7.png,data/processed/train/forged/forgeries_22_16.png,0,skilled_forgery,22,22
data/processed/train/genuine/original_20_22.png,data/processed/train/forged/forgeries_20_24.png,0,skilled_forgery,20,20
data/processed/validation/genuine/original_37_19.png,data/processed/validation/genuine/original_37_20.png,1,genuine_genuine,37,37
data/processed/train/genuine/original_22_24.png,data/processed/train/genuine/original_7_10.png,0,random_forgery,22,7
data/processed/train/genuine/original_1_1.png,data/processed/train/forged/forgeries_1_3.png,0,skilled_forgery,1,1
data/processed/validation/genuine/original_42_13.png,data/processed/validation/genuine/original_42_5.png,1,genuine_genuine,42,42
data/processed/train/genuine/original_12_18.png,data/processed/train/genuine/original_12_3.png,1,genuine_genuine,12,12
data/processed/train/genuine/original_10_11.png,data/processed/train/genuine/original_10_16.png,1,genuine_genuine,10,10
data/processed/train/genuine/original_16_11.png,data/processed/train/genuine/original_16_5.png,1,genuine_genuine,16,16
data/processed/train/genuine/original_1_16.png,data/processed/train/genuine/original_1_4.png,1,genuine_genuine,1,1
data/processed/train/genuine/original_24_22.png,data/processed/train/genuine/original_24_7.png,1,genuine_genuine,24,24
data/processed/train/genuine/original_21_18.png,data/processed/train/genuine/original_21_21.png,1,genuine_genuine,21,21
data/processed/train/genuine/original_5_15.png,data/processed/train/genuine/original_5_21.png,1,genuine_genuine,5,5
data/processed/train/genuine/original_21_13.png,data/processed/train/forged/forgeries_21_7.png,0,skilled_forgery,21,21
data/processed/train/genuine/original_8_20.png,data/processed/train/forged/forgeries_8_7.png,0,skilled_forgery,8,8
data/processed/train/genuine/original_1_13.png,data/processed/train/genuine/original_21_1.png,0,random_forgery,1,21
data/processed/validation/genuine/original_41_20.png,data/processed/validation/forged/forgeries_41_18.png,0,skilled_forgery,41,41
data/processed/train/genuine/original_4_16.png,data/processed/train/genuine/original_4_3.png,1,genuine_genuine,4,4
data/processed/train/genuine/original_2_11.png,data/processed/train/genuine/original_2_8.png,1,genuine_genuine,2,2
data/processed/train/genuine/original_14_22.png,data/processed/train/genuine/original_14_8.png,1,genuine_genuine,14,14
data/processed/validation/genuine/original_44_18.png,data/processed/validation/genuine/original_44_7.png,1,genuine_genuine,44,44
data/processed/train/genuine/original_16_17.png,data/processed/train/forged/forgeries_16_3.png,0,skilled_forgery,16,16
data/processed/train/genuine/original_18_23.png,data/processed/validation/genuine/original_42_14.png,0,random_forgery,18,42
data/processed/validation/genuine/original_40_14.png,data/processed/validation/forged/forgeries_40_10.png,0,skilled_forgery,40,40
data/processed/validation/genuine/original_43_11.png,data/processed/validation/genuine/original_43_6.png,1,genuine_genuine,43,43
data/processed/train/genuine/original_9_17.png,data/processed/train/genuine/original_9_6.png,1,genuine_genuine,9,9
data/processed/train/genuine/original_8_12.png,data/processed/train/forged/forgeries_8_9.png,0,skilled_forgery,8,8
data/processed/train/genuine/original_17_1.png,data/processed/train/genuine/original_17_17.png,1,genuine_genuine,17,17
data/processed/validation/genuine/original_41_5.png,data/processed/validation/forged/forgeries_41_20.png,0,skilled_forgery,41,41
data/processed/train/genuine/original_7_22.png,data/processed/train/genuine/original_7_4.png,1,genuine_genuine,7,7
data/processed/validation/genuine/original_44_5.png,data/processed/validation/genuine/original_42_6.png,0,random_forgery,44,42
data/processed/train/genuine/original_17_5.png,data/processed/train/genuine/original_17_8.png,1,genuine_genuine,17,17
data/processed/train/genuine/original_4_12.png,data/processed/train/forged/forgeries_4_21.png,0,skilled_forgery,4,4
data/processed/train/genuine/original_25_18.png,data/processed/train/forged/forgeries_25_9.png,0,skilled_forgery,25,25
data/processed/validation/genuine/original_45_20.png,data/processed/validation/forged/forgeries_45_14.png,0,skilled_forgery,45,45
data/processed/train/genuine/original_21_20.png,data/processed/train/forged/forgeries_21_3.png,0,skilled_forgery,21,21
data/processed/train/genuine/original_6_1.png,data/processed/train/genuine/original_6_11.png,1,genuine_genuine,6,6
data/processed/train/genuine/original_1_9.png,data/processed/train/forged/forgeries_1_20.png,0,skilled_forgery,1,1
data/processed/train/genuine/original_24_10.png,data/processed/train/genuine/original_24_3.png,1,genuine_genuine,24,24
data/processed/train/genuine/original_24_14.png,data/processed/train/genuine/original_24_17.png,1,genuine_genuine,24,24
data/processed/train/genuine/original_21_20.png,data/processed/train/forged/forgeries_21_6.png,0,skilled_forgery,21,21
data/processed/train/genuine/original_23_6.png,data/processed/validation/genuine/original_37_3.png,0,random_forgery,23,37
data/processed/train/genuine/original_27_16.png,data/processed/train/genuine/original_27_18.png,1,genuine_genuine,27,27
data/processed/train/genuine/original_5_10.png,data/processed/train/genuine/original_19_21.png,0,random_forgery,5,19
data/processed/train/genuine/original_16_7.png,data/processed/train/genuine/original_19_16.png,0,random_forgery,16,19
data/processed/validation/genuine/original_37_3.png,data/processed/validation/forged/forgeries_37_6.png,0,skilled_forgery,37,37
data/processed/train/genuine/original_19_8.png,data/processed/train/genuine/original_21_24.png,0,random_forgery,19,21
data/processed/train/genuine/original_25_21.png,data/processed/train/forged/forgeries_25_14.png,0,skilled_forgery,25,25
data/processed/train/genuine/original_17_13.png,data/processed/train/genuine/original_16_8.png,0,random_forgery,17,16
data/processed/validation/genuine/original_38_16.png,data/processed/validation/genuine/original_38_24.png,1,genuine_genuine,38,38
data/processed/validation/genuine/original_44_24.png,data/processed/validation/genuine/original_44_4.png,1,genuine_genuine,44,44
data/processed/train/genuine/original_26_12.png,data/processed/train/forged/forgeries_26_23.png,0,skilled_forgery,26,26
data/processed/validation/genuine/original_45_16.png,data/processed/validation/forged/forgeries_45_2.png,0,skilled_forgery,45,45
data/processed/validation/genuine/original_45_14.png,data/processed/validation/genuine/original_45_3.png,1,genuine_genuine,45,45
data/processed/train/genuine/original_17_3.png,data/processed/train/genuine/original_17_4.png,1,genuine_genuine,17,17
data/processed/validation/genuine/original_37_12.png,data/processed/validation/genuine/original_37_15.png,1,genuine_genuine,37,37
data/processed/train/genuine/original_5_17.png,data/processed/validation/genuine/original_43_11.png,0,random_forgery,5,43
data/processed/validation/genuine/original_43_22.png,data/processed/train/genuine/original_23_8.png,0,random_forgery,43,23
data/processed/validation/genuine/original_45_12.png,data/processed/validation/forged/forgeries_45_8.png,0,skilled_forgery,45,45
data/processed/validation/genuine/original_41_23.png,data/processed/validation/forged/forgeries_41_19.png,0,skilled_forgery,41,41
data/processed/train/genuine/original_24_14.png,data/processed/train/forged/forgeries_24_17.png,0,skilled_forgery,24,24
data/processed/train/genuine/original_14_19.png,data/processed/train/genuine/original_14_3.png,1,genuine_genuine,14,14
data/processed/train/genuine/original_27_20.png,data/processed/train/genuine/original_27_6.png,1,genuine_genuine,27,27
data/processed/validation/genuine/original_45_14.png,data/processed/validation/genuine/original_45_16.png,1,genuine_genuine,45,45
data/processed/train/genuine/original_9_5.png,data/processed/train/forged/forgeries_9_13.png,0,skilled_forgery,9,9
data/processed/validation/genuine/original_41_15.png,data/processed/validation/genuine/original_41_20.png,1,genuine_genuine,41,41
data/processed/validation/genuine/original_38_11.png,data/processed/validation/forged/forgeries_38_14.png,0,skilled_forgery,38,38
data/processed/validation/genuine/original_42_6.png,data/processed/validation/forged/forgeries_42_9.png,0,skilled_forgery,42,42
data/processed/train/genuine/original_15_12.png,data/processed/validation/genuine/original_37_2.png,0,random_forgery,15,37
data/processed/train/genuine/original_23_15.png,data/processed/train/genuine/original_23_3.png,1,genuine_genuine,23,23
data/processed/validation/genuine/original_44_22.png,data/processed/validation/forged/forgeries_44_15.png,0,skilled_forgery,44,44
data/processed/train/genuine/original_21_21.png,data/processed/train/forged/forgeries_21_22.png,0,skilled_forgery,21,21
data/processed/validation/genuine/original_44_23.png,data/processed/validation/genuine/original_44_9.png,1,genuine_genuine,44,44
data/processed/train/genuine/original_17_24.png,data/processed/train/genuine/original_17_8.png,1,genuine_genuine,17,17
data/processed/train/genuine/original_15_17.png,data/processed/train/genuine/original_15_3.png,1,genuine_genuine,15,15
data/processed/train/genuine/original_8_20.png,data/processed/train/forged/forgeries_8_9.png,0,skilled_forgery,8,8
data/processed/validation/genuine/original_44_17.png,data/processed/validation/genuine/original_44_6.png,1,genuine_genuine,44,44
data/processed/train/genuine/original_5_11.png,data/processed/train/genuine/original_5_20.png,1,genuine_genuine,5,5
data/processed/validation/genuine/original_43_23.png,data/processed/validation/genuine/original_43_3.png,1,genuine_genuine,43,43
data/processed/train/genuine/original_6_11.png,data/processed/train/genuine/original_6_19.png,1,genuine_genuine,6,6
data/processed/validation/genuine/original_44_4.png,data/processed/train/genuine/original_24_24.png,0,random_forgery,44,24
data/processed/train/genuine/original_1_19.png,data/processed/train/forged/forgeries_1_13.png,0,skilled_forgery,1,1
data/processed/train/genuine/original_24_5.png,data/processed/train/genuine/original_1_17.png,0,random_forgery,24,1
data/processed/train/genuine/original_5_2.png,data/processed/train/genuine/original_5_7.png,1,genuine_genuine,5,5
data/processed/train/genuine/original_2_20.png,data/processed/train/forged/forgeries_2_13.png,0,skilled_forgery,2,2
data/processed/train/genuine/original_23_6.png,data/processed/train/genuine/original_25_11.png,0,random_forgery,23,25
data/processed/validation/genuine/original_38_19.png,data/processed/validation/genuine/original_38_20.png,1,genuine_genuine,38,38
data/processed/train/genuine/original_2_14.png,data/processed/train/forged/forgeries_2_16.png,0,skilled_forgery,2,2
data/processed/validation/genuine/original_39_1.png,data/processed/train/genuine/original_15_21.png,0,random_forgery,39,15
data/processed/train/genuine/original_1_18.png,data/processed/validation/genuine/original_45_15.png,0,random_forgery,1,45
data/processed/train/genuine/original_22_19.png,data/processed/train/forged/forgeries_22_17.png,0,skilled_forgery,22,22
data/processed/validation/genuine/original_42_11.png,data/processed/validation/forged/forgeries_42_15.png,0,skilled_forgery,42,42
data/processed/validation/genuine/original_45_10.png,data/processed/validation/genuine/original_45_9.png,1,genuine_genuine,45,45
data/processed/validation/genuine/original_42_20.png,data/processed/validation/genuine/original_42_24.png,1,genuine_genuine,42,42
data/processed/train/genuine/original_7_16.png,data/processed/train/forged/forgeries_7_2.png,0,skilled_forgery,7,7
data/processed/validation/genuine/original_42_24.png,data/processed/validation/genuine/original_42_7.png,1,genuine_genuine,42,42
data/processed/validation/genuine/original_41_13.png,data/processed/validation/genuine/original_41_22.png,1,genuine_genuine,41,41
data/processed/validation/genuine/original_43_24.png,data/processed/validation/genuine/original_43_9.png,1,genuine_genuine,43,43
data/processed/train/genuine/original_10_10.png,data/processed/train/genuine/original_10_21.png,1,genuine_genuine,10,10
data/processed/train/genuine/original_25_20.png,data/processed/train/genuine/original_25_8.png,1,genuine_genuine,25,25
data/processed/train/genuine/original_6_16.png,data/processed/train/genuine/original_6_3.png,1,genuine_genuine,6,6
data/processed/validation/genuine/original_38_14.png,data/processed/validation/genuine/original_38_7.png,1,genuine_genuine,38,38
data/processed/train/genuine/original_8_13.png,data/processed/train/genuine/original_8_17.png,1,genuine_genuine,8,8
data/processed/train/genuine/original_22_6.png,data/processed/train/forged/forgeries_22_7.png,0,skilled_forgery,22,22
data/processed/validation/genuine/original_41_2.png,data/processed/validation/genuine/original_45_1.png,0,random_forgery,41,45
data/processed/validation/genuine/original_42_19.png,data/processed/validation/genuine/original_42_4.png,1,genuine_genuine,42,42
data/processed/train/genuine/original_25_2.png,data/processed/train/genuine/original_25_22.png,1,genuine_genuine,25,25
data/processed/train/genuine/original_18_22.png,data/processed/train/genuine/original_9_21.png,0,random_forgery,18,9
data/processed/train/genuine/original_16_6.png,data/processed/train/forged/forgeries_16_3.png,0,skilled_forgery,16,16
data/processed/train/genuine/original_22_15.png,data/processed/train/genuine/original_22_9.png,1,genuine_genuine,22,22
data/processed/train/genuine/original_9_10.png,data/processed/train/genuine/original_9_14.png,1,genuine_genuine,9,9
data/processed/train/genuine/original_26_2.png,data/processed/train/genuine/original_26_4.png,1,genuine_genuine,26,26
data/processed/validation/genuine/original_37_12.png,data/processed/validation/genuine/original_37_6.png,1,genuine_genuine,37,37
data/processed/train/genuine/original_1_8.png,data/processed/validation/genuine/original_43_8.png,0,random_forgery,1,43
data/processed/validation/genuine/original_43_24.png,data/processed/validation/genuine/original_37_9.png,0,random_forgery,43,37
data/processed/validation/genuine/original_43_23.png,data/processed/validation/genuine/original_43_9.png,1,genuine_genuine,43,43
data/processed/train/genuine/original_8_14.png,data/processed/train/forged/forgeries_8_3.png,0,skilled_forgery,8,8
data/processed/train/genuine/original_12_11.png,data/processed/train/genuine/original_27_18.png,0,random_forgery,12,27
data/processed/train/genuine/original_7_15.png,data/processed/train/genuine/original_7_2.png,1,genuine_genuine,7,7
data/processed/validation/genuine/original_40_17.png,data/processed/validation/genuine/original_40_9.png,1,genuine_genuine,40,40
data/processed/train/genuine/original_10_5.png,data/processed/train/forged/forgeries_10_3.png,0,skilled_forgery,10,10
data/processed/validation/genuine/original_43_13.png,data/processed/validation/genuine/original_43_2.png,1,genuine_genuine,43,43
data/processed/train/genuine/original_20_23.png,data/processed/train/genuine/original_20_4.png,1,genuine_genuine,20,20
data/processed/validation/genuine/original_44_14.png,data/processed/validation/forged/forgeries_44_2.png,0,skilled_forgery,44,44
data/processed/validation/genuine/original_45_24.png,data/processed/validation/forged/forgeries_45_21.png,0,skilled_forgery,45,45
data/processed/validation/genuine/original_38_11.png,data/processed/validation/genuine/original_38_3.png,1,genuine_genuine,38,38
data/processed/train/genuine/original_3_14.png,data/processed/train/genuine/original_3_20.png,1,genuine_genuine,3,3
data/processed/train/genuine/original_5_24.png,data/processed/train/genuine/original_5_4.png,1,genuine_genuine,5,5
data/processed/train/genuine/original_5_15.png,data/processed/train/genuine/original_5_4.png,1,genuine_genuine,5,5
data/processed/validation/genuine/original_39_11.png,data/processed/validation/genuine/original_39_2.png,1,genuine_genuine,39,39
data/processed/train/genuine/original_27_11.png,data/processed/train/genuine/original_27_24.png,1,genuine_genuine,27,27
data/processed/train/genuine/original_18_12.png,data/processed/train/genuine/original_18_21.png,1,genuine_genuine,18,18
data/processed/train/genuine/original_14_16.png,data/processed/train/genuine/original_14_20.png,1,genuine_genuine,14,14
data/processed/train/genuine/original_8_14.png,data/processed/train/genuine/original_1_11.png,0,random_forgery,8,1
data/processed/train/genuine/original_8_16.png,data/processed/train/forged/forgeries_8_12.png,0,skilled_forgery,8,8
data/processed/train/genuine/original_22_6.png,data/processed/train/genuine/original_22_8.png,1,genuine_genuine,22,22
data/processed/train/genuine/original_18_13.png,data/processed/train/forged/forgeries_18_12.png,0,skilled_forgery,18,18
data/processed/validation/genuine/original_45_19.png,data/processed/validation/forged/forgeries_45_13.png,0,skilled_forgery,45,45
data/processed/train/genuine/original_16_4.png,data/processed/train/genuine/original_9_5.png,0,random_forgery,16,9
data/processed/train/genuine/original_18_4.png,data/processed/train/genuine/original_18_9.png,1,genuine_genuine,18,18
data/processed/train/genuine/original_9_4.png,data/processed/validation/genuine/original_38_21.png,0,random_forgery,9,38
data/processed/train/genuine/original_13_15.png,data/processed/train/genuine/original_13_18.png,1,genuine_genuine,13,13
data/processed/train/genuine/original_25_11.png,data/processed/train/genuine/original_25_17.png,1,genuine_genuine,25,25
data/processed/validation/genuine/original_45_2.png,data/processed/validation/forged/forgeries_45_2.png,0,skilled_forgery,45,45
data/processed/validation/genuine/original_38_13.png,data/processed/train/genuine/original_27_2.png,0,random_forgery,38,27
data/processed/train/genuine/original_15_12.png,data/processed/train/forged/forgeries_15_13.png,0,skilled_forgery,15,15
data/processed/train/genuine/original_8_11.png,data/processed/train/genuine/original_8_7.png,1,genuine_genuine,8,8
data/processed/validation/genuine/original_42_10.png,data/processed/train/genuine/original_8_3.png,0,random_forgery,42,8
data/processed/validation/genuine/original_40_16.png,data/processed/validation/genuine/original_40_4.png,1,genuine_genuine,40,40
data/processed/train/genuine/original_8_11.png,data/processed/train/forged/forgeries_8_6.png,0,skilled_forgery,8,8
data/processed/validation/genuine/original_40_20.png,data/processed/validation/forged/forgeries_40_7.png,0,skilled_forgery,40,40
data/processed/train/genuine/original_26_2.png,data/processed/train/forged/forgeries_26_6.png,0,skilled_forgery,26,26
data/processed/validation/genuine/original_44_20.png,data/processed/validation/forged/forgeries_44_7.png,0,skilled_forgery,44,44
data/processed/train/genuine/original_12_2.png,data/processed/train/genuine/original_12_5.png,1,genuine_genuine,12,12
data/processed/train/genuine/original_25_19.png,data/processed/train/genuine/original_25_4.png,1,genuine_genuine,25,25
data/processed/train/genuine/original_1_18.png,data/processed/train/genuine/original_1_2.png,1,genuine_genuine,1,1
data/processed/train/genuine/original_12_12.png,data/processed/train/forged/forgeries_12_15.png,0,skilled_forgery,12,12
data/processed/train/genuine/original_5_11.png,data/processed/train/genuine/original_5_21.png,1,genuine_genuine,5,5
data/processed/train/genuine/original_20_12.png,data/processed/train/forged/forgeries_20_12.png,0,skilled_forgery,20,20
data/processed/train/genuine/original_23_5.png,data/processed/train/forged/forgeries_23_6.png,0,skilled_forgery,23,23
data/processed/train/genuine/original_17_21.png,data/processed/train/genuine/original_23_9.png,0,random_forgery,17,23
data/processed/train/genuine/original_8_19.png,data/processed/train/forged/forgeries_8_22.png,0,skilled_forgery,8,8
data/processed/train/genuine/original_26_24.png,data/processed/train/genuine/original_26_5.png,1,genuine_genuine,26,26
data/processed/train/genuine/original_13_22.png,data/processed/train/genuine/original_13_5.png,1,genuine_genuine,13,13
data/processed/validation/genuine/original_38_15.png,data/processed/validation/genuine/original_38_16.png,1,genuine_genuine,38,38
data/processed/train/genuine/original_23_9.png,data/processed/train/genuine/original_27_17.png,0,random_forgery,23,27
data/processed/validation/genuine/original_41_16.png,data/processed/validation/genuine/original_41_7.png,1,genuine_genuine,41,41
data/processed/validation/genuine/original_38_15.png,data/processed/validation/forged/forgeries_38_9.png,0,skilled_forgery,38,38
data/processed/validation/genuine/original_44_21.png,data/processed/validation/forged/forgeries_44_15.png,0,skilled_forgery,44,44
data/processed/train/genuine/original_11_4.png,data/processed/train/forged/forgeries_11_7.png,0,skilled_forgery,11,11
data/processed/train/genuine/original_18_5.png,data/processed/train/genuine/original_18_8.png,1,genuine_genuine,18,18
data/processed/train/genuine/original_9_7.png,data/processed/train/forged/forgeries_9_21.png,0,skilled_forgery,9,9
data/processed/validation/genuine/original_37_12.png,data/processed/validation/genuine/original_37_21.png,1,genuine_genuine,37,37
data/processed/train/genuine/original_5_10.png,data/processed/train/genuine/original_1_6.png,0,random_forgery,5,1
data/processed/train/genuine/original_23_22.png,data/processed/train/forged/forgeries_23_9.png,0,skilled_forgery,23,23
data/processed/train/genuine/original_2_20.png,data/processed/train/genuine/original_2_23.png,1,genuine_genuine,2,2
data/processed/train/genuine/original_21_18.png,data/processed/train/genuine/original_21_23.png,1,genuine_genuine,21,21
data/processed/validation/genuine/original_37_4.png,data/processed/validation/genuine/original_37_7.png,1,genuine_genuine,37,37
data/processed/validation/genuine/original_45_4.png,data/processed/validation/forged/forgeries_45_19.png,0,skilled_forgery,45,45
data/processed/train/genuine/original_15_13.png,data/processed/train/genuine/original_15_4.png,1,genuine_genuine,15,15
data/processed/train/genuine/original_17_10.png,data/processed/train/forged/forgeries_17_11.png,0,skilled_forgery,17,17
data/processed/train/genuine/original_19_13.png,data/processed/train/genuine/original_19_17.png,1,genuine_genuine,19,19
data/processed/train/genuine/original_21_9.png,data/processed/train/forged/forgeries_21_19.png,0,skilled_forgery,21,21
data/processed/train/genuine/original_21_10.png,data/processed/train/genuine/original_21_7.png,1,genuine_genuine,21,21
data/processed/validation/genuine/original_41_24.png,data/processed/validation/genuine/original_41_9.png,1,genuine_genuine,41,41
data/processed/validation/genuine/original_39_17.png,data/processed/validation/genuine/original_39_4.png,1,genuine_genuine,39,39
data/processed/train/genuine/original_8_1.png,data/processed/train/genuine/original_8_16.png,1,genuine_genuine,8,8
data/processed/train/genuine/original_5_1.png,data/processed/train/forged/forgeries_5_22.png,0,skilled_forgery,5,5
data/processed/validation/genuine/original_40_24.png,data/processed/validation/forged/forgeries_40_11.png,0,skilled_forgery,40,40
data/processed/train/genuine/original_4_15.png,data/processed/train/genuine/original_4_23.png,1,genuine_genuine,4,4
data/processed/validation/genuine/original_44_9.png,data/processed/validation/forged/forgeries_44_9.png,0,skilled_forgery,44,44
data/processed/train/genuine/original_4_14.png,data/processed/train/genuine/original_4_5.png,1,genuine_genuine,4,4
data/processed/train/genuine/original_23_18.png,data/processed/train/genuine/original_2_10.png,0,random_forgery,23,2
data/processed/train/genuine/original_9_19.png,data/processed/train/genuine/original_9_6.png,1,genuine_genuine,9,9
data/processed/train/genuine/original_13_24.png,data/processed/train/genuine/original_13_5.png,1,genuine_genuine,13,13
data/processed/train/genuine/original_23_12.png,data/processed/train/genuine/original_5_5.png,0,random_forgery,23,5
data/processed/train/genuine/original_9_9.png,data/processed/train/forged/forgeries_9_18.png,0,skilled_forgery,9,9
data/processed/validation/genuine/original_40_10.png,data/processed/validation/forged/forgeries_40_13.png,0,skilled_forgery,40,40
data/processed/validation/genuine/original_40_3.png,data/processed/validation/forged/forgeries_40_19.png,0,skilled_forgery,40,40
data/processed/validation/genuine/original_43_19.png,data/processed/validation/genuine/original_45_10.png,0,random_forgery,43,45
data/processed/train/genuine/original_4_10.png,data/processed/validation/genuine/original_43_9.png,0,random_forgery,4,43
data/processed/train/genuine/original_19_22.png,data/processed/train/forged/forgeries_19_2.png,0,skilled_forgery,19,19
data/processed/train/genuine/original_15_21.png,data/processed/train/genuine/original_15_24.png,1,genuine_genuine,15,15
data/processed/train/genuine/original_24_21.png,data/processed/train/genuine/original_24_7.png,1,genuine_genuine,24,24
data/processed/validation/genuine/original_41_1.png,data/processed/validation/forged/forgeries_41_13.png,0,skilled_forgery,41,41
data/processed/validation/genuine/original_39_3.png,data/processed/validation/forged/forgeries_39_3.png,0,skilled_forgery,39,39
data/processed/train/genuine/original_20_11.png,data/processed/train/genuine/original_20_21.png,1,genuine_genuine,20,20
data/processed/validation/genuine/original_39_3.png,data/processed/validation/forged/forgeries_39_19.png,0,skilled_forgery,39,39
data/processed/validation/genuine/original_42_1.png,data/processed/validation/genuine/original_42_8.png,1,genuine_genuine,42,42
data/processed/train/genuine/original_6_6.png,data/processed/train/genuine/original_8_23.png,0,random_forgery,6,8
data/processed/train/genuine/original_26_20.png,data/processed/train/genuine/original_26_9.png,1,genuine_genuine,26,26
data/processed/validation/genuine/original_38_2.png,data/processed/validation/genuine/original_38_21.png,1,genuine_genuine,38,38
data/processed/train/genuine/original_10_22.png,data/processed/train/forged/forgeries_10_1.png,0,skilled_forgery,10,10
data/processed/train/genuine/original_1_15.png,data/processed/train/genuine/original_1_21.png,1,genuine_genuine,1,1
data/processed/train/genuine/original_13_13.png,data/processed/train/genuine/original_13_7.png,1,genuine_genuine,13,13
data/processed/train/genuine/original_22_11.png,data/processed/train/genuine/original_22_22.png,1,genuine_genuine,22,22
data/processed/train/genuine/original_4_10.png,data/processed/train/genuine/original_4_11.png,1,genuine_genuine,4,4
data/processed/train/genuine/original_6_23.png,data/processed/train/forged/forgeries_6_20.png,0,skilled_forgery,6,6
data/processed/validation/genuine/original_42_20.png,data/processed/validation/forged/forgeries_42_23.png,0,skilled_forgery,42,42
data/processed/train/genuine/original_15_13.png,data/processed/train/genuine/original_15_17.png,1,genuine_genuine,15,15
data/processed/train/genuine/original_26_3.png,data/processed/train/genuine/original_26_6.png,1,genuine_genuine,26,26
data/processed/validation/genuine/original_37_11.png,data/processed/validation/genuine/original_37_19.png,1,genuine_genuine,37,37
data/processed/train/genuine/original_21_17.png,data/processed/train/forged/forgeries_21_17.png,0,skilled_forgery,21,21
data/processed/validation/genuine/original_42_18.png,data/processed/validation/genuine/original_42_4.png,1,genuine_genuine,42,42
data/processed/validation/genuine/original_42_13.png,data/processed/validation/genuine/original_42_22.png,1,genuine_genuine,42,42
data/processed/validation/genuine/original_41_14.png,data/processed/train/genuine/original_11_14.png,0,random_forgery,41,11
data/processed/train/genuine/original_26_1.png,data/processed/train/forged/forgeries_26_23.png,0,skilled_forgery,26,26
data/processed/train/genuine/original_23_1.png,data/processed/train/genuine/original_23_5.png,1,genuine_genuine,23,23
data/processed/train/genuine/original_4_15.png,data/processed/train/genuine/original_4_4.png,1,genuine_genuine,4,4
data/processed/train/genuine/original_26_14.png,data/processed/train/forged/forgeries_26_1.png,0,skilled_forgery,26,26
data/processed/train/genuine/original_11_19.png,data/processed/train/genuine/original_11_21.png,1,genuine_genuine,11,11
data/processed/train/genuine/original_8_21.png,data/processed/train/forged/forgeries_8_9.png,0,skilled_forgery,8,8
data/processed/train/genuine/original_12_6.png,data/processed/train/forged/forgeries_12_2.png,0,skilled_forgery,12,12
data/processed/train/genuine/original_6_8.png,data/processed/train/forged/forgeries_6_18.png,0,skilled_forgery,6,6
data/processed/train/genuine/original_2_17.png,data/processed/train/forged/forgeries_2_11.png,0,skilled_forgery,2,2
data/processed/train/genuine/original_1_16.png,data/processed/train/genuine/original_1_20.png,1,genuine_genuine,1,1
data/processed/validation/genuine/original_42_3.png,data/processed/validation/genuine/original_42_9.png,1,genuine_genuine,42,42
data/processed/train/genuine/original_7_11.png,data/processed/train/genuine/original_7_24.png,1,genuine_genuine,7,7
data/processed/train/genuine/original_26_19.png,data/processed/train/genuine/original_26_2.png,1,genuine_genuine,26,26
data/processed/train/genuine/original_27_20.png,data/processed/train/genuine/original_27_24.png,1,genuine_genuine,27,27
data/processed/train/genuine/original_27_6.png,data/processed/train/forged/forgeries_27_5.png,0,skilled_forgery,27,27
data/processed/train/genuine/original_24_19.png,data/processed/train/genuine/original_24_3.png,1,genuine_genuine,24,24
data/processed/train/genuine/original_13_24.png,data/processed/train/genuine/original_13_7.png,1,genuine_genuine,13,13
data/processed/validation/genuine/original_44_22.png,data/processed/validation/genuine/original_44_8.png,1,genuine_genuine,44,44
data/processed/validation/genuine/original_40_1.png,data/processed/validation/genuine/original_40_13.png,1,genuine_genuine,40,40
data/processed/validation/genuine/original_38_10.png,data/processed/validation/genuine/original_38_16.png,1,genuine_genuine,38,38
data/processed/train/genuine/original_23_23.png,data/processed/train/genuine/original_23_6.png,1,genuine_genuine,23,23
data/processed/validation/genuine/original_44_12.png,data/processed/validation/genuine/original_44_24.png,1,genuine_genuine,44,44
data/processed/train/genuine/original_7_14.png,data/processed/train/genuine/original_7_22.png,1,genuine_genuine,7,7
data/processed/train/genuine/original_12_5.png,data/processed/train/forged/forgeries_12_20.png,0,skilled_forgery,12,12
data/processed/validation/genuine/original_45_13.png,data/processed/validation/genuine/original_45_2.png,1,genuine_genuine,45,45
data/processed/train/genuine/original_21_6.png,data/processed/train/genuine/original_4_9.png,0,random_forgery,21,4
data/processed/train/genuine/original_3_13.png,data/processed/train/genuine/original_3_7.png,1,genuine_genuine,3,3
data/processed/train/genuine/original_5_13.png,data/processed/train/forged/forgeries_5_7.png,0,skilled_forgery,5,5
data/processed/train/genuine/original_24_20.png,data/processed/train/genuine/original_3_11.png,0,random_forgery,24,3
data/processed/train/genuine/original_19_13.png,data/processed/train/genuine/original_19_23.png,1,genuine_genuine,19,19
data/processed/train/genuine/original_11_12.png,data/processed/train/forged/forgeries_11_19.png,0,skilled_forgery,11,11
data/processed/train/genuine/original_18_21.png,data/processed/train/genuine/original_12_17.png,0,random_forgery,18,12
data/processed/train/genuine/original_9_8.png,data/processed/validation/genuine/original_44_14.png,0,random_forgery,9,44
data/processed/validation/genuine/original_37_20.png,data/processed/validation/genuine/original_37_24.png,1,genuine_genuine,37,37
data/processed/validation/genuine/original_40_17.png,data/processed/validation/genuine/original_40_4.png,1,genuine_genuine,40,40
data/processed/train/genuine/original_7_20.png,data/processed/train/genuine/original_23_12.png,0,random_forgery,7,23
data/processed/train/genuine/original_8_1.png,data/processed/train/forged/forgeries_8_7.png,0,skilled_forgery,8,8
data/processed/validation/genuine/original_45_16.png,data/processed/validation/genuine/original_45_2.png,1,genuine_genuine,45,45
data/processed/validation/genuine/original_45_14.png,data/processed/validation/forged/forgeries_45_19.png,0,skilled_forgery,45,45
data/processed/train/genuine/original_3_16.png,data/processed/train/genuine/original_3_20.png,1,genuine_genuine,3,3
data/processed/train/genuine/original_10_18.png,data/processed/train/genuine/original_10_5.png,1,genuine_genuine,10,10
data/processed/validation/genuine/original_42_17.png,data/processed/validation/genuine/original_42_24.png,1,genuine_genuine,42,42
data/processed/train/genuine/original_25_8.png,data/processed/train/genuine/original_3_6.png,0,random_forgery,25,3
data/processed/train/genuine/original_1_22.png,data/processed/train/forged/forgeries_1_9.png,0,skilled_forgery,1,1
data/processed/validation/genuine/original_43_14.png,data/processed/validation/genuine/original_43_20.png,1,genuine_genuine,43,43
data/processed/train/genuine/original_17_1.png,data/processed/train/forged/forgeries_17_19.png,0,skilled_forgery,17,17
data/processed/train/genuine/original_8_2.png,data/processed/train/genuine/original_8_23.png,1,genuine_genuine,8,8
data/processed/train/genuine/original_19_21.png,data/processed/train/genuine/original_19_5.png,1,genuine_genuine,19,19
data/processed/train/genuine/original_7_11.png,data/processed/train/genuine/original_7_8.png,1,genuine_genuine,7,7
data/processed/validation/genuine/original_40_23.png,data/processed/train/genuine/original_26_17.png,0,random_forgery,40,26
data/processed/train/genuine/original_11_20.png,data/processed/train/genuine/original_11_7.png,1,genuine_genuine,11,11
data/processed/train/genuine/original_7_6.png,data/processed/train/genuine/original_6_14.png,0,random_forgery,7,6
data/processed/train/genuine/original_23_1.png,data/processed/train/genuine/original_26_23.png,0,random_forgery,23,26
data/processed/validation/genuine/original_45_1.png,data/processed/validation/genuine/original_45_23.png,1,genuine_genuine,45,45
data/processed/train/genuine/original_3_17.png,data/processed/train/forged/forgeries_3_11.png,0,skilled_forgery,3,3
data/processed/train/genuine/original_4_21.png,data/processed/train/forged/forgeries_4_6.png,0,skilled_forgery,4,4
data/processed/train/genuine/original_9_11.png,data/processed/train/genuine/original_9_15.png,1,genuine_genuine,9,9
data/processed/train/genuine/original_17_23.png,data/processed/train/genuine/original_17_9.png,1,genuine_genuine,17,17
data/processed/train/genuine/original_11_3.png,data/processed/train/genuine/original_11_5.png,1,genuine_genuine,11,11
data/processed/validation/genuine/original_45_1.png,data/processed/validation/genuine/original_45_2.png,1,genuine_genuine,45,45
data/processed/train/genuine/original_26_20.png,data/processed/train/forged/forgeries_26_19.png,0,skilled_forgery,26,26
data/processed/train/genuine/original_2_21.png,data/processed/train/genuine/original_2_4.png,1,genuine_genuine,2,2
data/processed/train/genuine/original_11_2.png,data/processed/validation/genuine/original_45_1.png,0,random_forgery,11,45
data/processed/train/genuine/original_23_14.png,data/processed/train/genuine/original_23_22.png,1,genuine_genuine,23,23
data/processed/validation/genuine/original_38_14.png,data/processed/validation/genuine/original_38_5.png,1,genuine_genuine,38,38
data/processed/train/genuine/original_6_22.png,data/processed/train/genuine/original_16_21.png,0,random_forgery,6,16
data/processed/train/genuine/original_5_15.png,data/processed/train/genuine/original_5_22.png,1,genuine_genuine,5,5
data/processed/train/genuine/original_10_19.png,data/processed/train/forged/forgeries_10_21.png,0,skilled_forgery,10,10
data/processed/validation/genuine/original_41_10.png,data/processed/validation/genuine/original_41_19.png,1,genuine_genuine,41,41
data/processed/train/genuine/original_23_14.png,data/processed/train/forged/forgeries_23_2.png,0,skilled_forgery,23,23
data/processed/validation/genuine/original_43_21.png,data/processed/validation/genuine/original_43_5.png,1,genuine_genuine,43,43
data/processed/validation/genuine/original_39_11.png,data/processed/validation/genuine/original_39_14.png,1,genuine_genuine,39,39
data/processed/validation/genuine/original_45_7.png,data/processed/validation/genuine/original_45_9.png,1,genuine_genuine,45,45
data/processed/train/genuine/original_11_8.png,data/processed/train/genuine/original_1_7.png,0,random_forgery,11,1
data/processed/train/genuine/original_23_22.png,data/processed/train/genuine/original_23_6.png,1,genuine_genuine,23,23
data/processed/train/genuine/original_15_16.png,data/processed/train/genuine/original_15_23.png,1,genuine_genuine,15,15
data/processed/validation/genuine/original_43_4.png,data/processed/validation/forged/forgeries_43_10.png,0,skilled_forgery,43,43
data/processed/train/genuine/original_23_18.png,data/processed/train/genuine/original_23_5.png,1,genuine_genuine,23,23
data/processed/train/genuine/original_5_11.png,data/processed/train/genuine/original_5_3.png,1,genuine_genuine,5,5
data/processed/train/genuine/original_2_11.png,data/processed/train/forged/forgeries_2_22.png,0,skilled_forgery,2,2
data/processed/train/genuine/original_9_24.png,data/processed/validation/genuine/original_41_21.png,0,random_forgery,9,41
data/processed/train/genuine/original_15_18.png,data/processed/train/forged/forgeries_15_13.png,0,skilled_forgery,15,15
data/processed/train/genuine/original_11_15.png,data/processed/train/genuine/original_11_2.png,1,genuine_genuine,11,11
data/processed/validation/genuine/original_43_5.png,data/processed/train/genuine/original_19_18.png,0,random_forgery,43,19
data/processed/train/genuine/original_18_23.png,data/processed/train/genuine/original_18_7.png,1,genuine_genuine,18,18
data/processed/train/genuine/original_21_22.png,data/processed/train/forged/forgeries_21_20.png,0,skilled_forgery,21,21
data/processed/train/genuine/original_5_3.png,data/processed/train/forged/forgeries_5_21.png,0,skilled_forgery,5,5
data/processed/train/genuine/original_4_5.png,data/processed/train/forged/forgeries_4_17.png,0,skilled_forgery,4,4
data/processed/train/genuine/original_17_16.png,data/processed/validation/genuine/original_44_10.png,0,random_forgery,17,44
data/processed/train/genuine/original_12_14.png,data/processed/train/genuine/original_12_5.png,1,genuine_genuine,12,12
data/processed/validation/genuine/original_42_12.png,data/processed/validation/genuine/original_42_18.png,1,genuine_genuine,42,42
data/processed/train/genuine/original_2_3.png,data/processed/train/forged/forgeries_2_24.png,0,skilled_forgery,2,2
data/processed/train/genuine/original_4_4.png,data/processed/train/forged/forgeries_4_3.png,0,skilled_forgery,4,4
data/processed/train/genuine/original_9_16.png,data/processed/validation/genuine/original_45_13.png,0,random_forgery,9,45
data/processed/train/genuine/original_26_16.png,data/processed/train/forged/forgeries_26_19.png,0,skilled_forgery,26,26
data/processed/validation/genuine/original_43_24.png,data/processed/validation/genuine/original_43_8.png,1,genuine_genuine,43,43
data/processed/train/genuine/original_20_23.png,data/processed/train/forged/forgeries_20_3.png,0,skilled_forgery,20,20
data/processed/train/genuine/original_8_8.png,data/processed/train/forged/forgeries_8_14.png,0,skilled_forgery,8,8
data/processed/train/genuine/original_25_14.png,data/processed/train/genuine/original_25_24.png,1,genuine_genuine,25,25
data/processed/validation/genuine/original_43_7.png,data/processed/validation/genuine/original_37_4.png,0,random_forgery,43,37
data/processed/train/genuine/original_23_7.png,data/processed/train/genuine/original_25_3.png,0,random_forgery,23,25
data/processed/train/genuine/original_19_12.png,data/processed/train/genuine/original_19_5.png,1,genuine_genuine,19,19
data/processed/train/genuine/original_23_10.png,data/processed/train/genuine/original_23_5.png,1,genuine_genuine,23,23
data/processed/validation/genuine/original_37_11.png,data/processed/validation/genuine/original_37_7.png,1,genuine_genuine,37,37
data/processed/train/genuine/original_21_13.png,data/processed/train/genuine/original_21_17.png,1,genuine_genuine,21,21
data/processed/train/genuine/original_18_13.png,data/processed/validation/genuine/original_39_9.png,0,random_forgery,18,39
data/processed/train/genuine/original_22_14.png,data/processed/train/genuine/original_22_23.png,1,genuine_genuine,22,22
data/processed/train/genuine/original_1_14.png,data/processed/train/genuine/original_1_6.png,1,genuine_genuine,1,1
data/processed/train/genuine/original_2_18.png,data/processed/train/genuine/original_2_24.png,1,genuine_genuine,2,2
data/processed/train/genuine/original_23_15.png,data/processed/train/forged/forgeries_23_12.png,0,skilled_forgery,23,23
data/processed/validation/genuine/original_37_23.png,data/processed/validation/genuine/original_37_24.png,1,genuine_genuine,37,37
data/processed/train/genuine/original_15_11.png,data/processed/train/genuine/original_15_22.png,1,genuine_genuine,15,15
data/processed/train/genuine/original_17_13.png,data/processed/train/genuine/original_17_19.png,1,genuine_genuine,17,17
data/processed/train/genuine/original_21_17.png,data/processed/train/forged/forgeries_21_8.png,0,skilled_forgery,21,21
data/processed/train/genuine/original_7_9.png,data/processed/train/forged/forgeries_7_20.png,0,skilled_forgery,7,7
data/processed/train/genuine/original_14_2.png,data/processed/train/forged/forgeries_14_15.png,0,skilled_forgery,14,14
data/processed/train/genuine/original_23_22.png,data/processed/train/genuine/original_20_20.png,0,random_forgery,23,20
data/processed/train/genuine/original_14_4.png,data/processed/train/genuine/original_19_10.png,0,random_forgery,14,19
data/processed/train/genuine/original_4_6.png,data/processed/validation/genuine/original_39_3.png,0,random_forgery,4,39
data/processed/validation/genuine/original_44_14.png,data/processed/validation/forged/forgeries_44_4.png,0,skilled_forgery,44,44
data/processed/train/genuine/original_2_14.png,data/processed/train/forged/forgeries_2_13.png,0,skilled_forgery,2,2
data/processed/validation/genuine/original_39_16.png,data/processed/train/genuine/original_27_19.png,0,random_forgery,39,27
data/processed/train/genuine/original_17_17.png,data/processed/train/forged/forgeries_17_24.png,0,skilled_forgery,17,17
data/processed/train/genuine/original_5_13.png,data/processed/train/genuine/original_5_9.png,1,genuine_genuine,5,5
data/processed/train/genuine/original_9_4.png,data/processed/train/genuine/original_14_16.png,0,random_forgery,9,14
data/processed/train/genuine/original_20_1.png,data/processed/train/genuine/original_25_24.png,0,random_forgery,20,25
data/processed/train/genuine/original_7_2.png,data/processed/train/genuine/original_20_15.png,0,random_forgery,7,20
data/processed/train/genuine/original_15_13.png,data/processed/train/genuine/original_8_18.png,0,random_forgery,15,8
data/processed/train/genuine/original_10_5.png,data/processed/train/genuine/original_3_21.png,0,random_forgery,10,3
data/processed/train/genuine/original_12_7.png,data/processed/train/forged/forgeries_12_10.png,0,skilled_forgery,12,12
data/processed/train/genuine/original_6_12.png,data/processed/train/genuine/original_6_15.png,1,genuine_genuine,6,6
data/processed/train/genuine/original_4_12.png,data/processed/train/genuine/original_4_24.png,1,genuine_genuine,4,4
data/processed/train/genuine/original_21_1.png,data/processed/train/forged/forgeries_21_2.png,0,skilled_forgery,21,21
data/processed/train/genuine/original_2_12.png,data/processed/train/genuine/original_2_18.png,1,genuine_genuine,2,2
data/processed/validation/genuine/original_45_11.png,data/processed/validation/genuine/original_45_12.png,1,genuine_genuine,45,45
data/processed/train/genuine/original_13_3.png,data/processed/train/genuine/original_13_9.png,1,genuine_genuine,13,13
data/processed/train/genuine/original_26_2.png,data/processed/train/forged/forgeries_26_9.png,0,skilled_forgery,26,26
data/processed/validation/genuine/original_37_21.png,data/processed/train/genuine/original_7_24.png,0,random_forgery,37,7
data/processed/validation/genuine/original_40_19.png,data/processed/validation/genuine/original_40_8.png,1,genuine_genuine,40,40
data/processed/train/genuine/original_20_13.png,data/processed/train/forged/forgeries_20_10.png,0,skilled_forgery,20,20
data/processed/validation/genuine/original_45_4.png,data/processed/validation/genuine/original_43_19.png,0,random_forgery,45,43
data/processed/train/genuine/original_12_19.png,data/processed/train/genuine/original_12_22.png,1,genuine_genuine,12,12
data/processed/train/genuine/original_16_10.png,data/processed/train/genuine/original_16_16.png,1,genuine_genuine,16,16
data/processed/train/genuine/original_19_13.png,data/processed/train/genuine/original_19_7.png,1,genuine_genuine,19,19
data/processed/validation/genuine/original_38_23.png,data/processed/train/genuine/original_13_20.png,0,random_forgery,38,13
data/processed/train/genuine/original_8_16.png,data/processed/train/genuine/original_8_23.png,1,genuine_genuine,8,8
data/processed/train/genuine/original_27_6.png,data/processed/train/genuine/original_2_4.png,0,random_forgery,27,2
data/processed/train/genuine/original_11_16.png,data/processed/train/genuine/original_11_21.png,1,genuine_genuine,11,11
data/processed/train/genuine/original_19_10.png,data/processed/train/forged/forgeries_19_3.png,0,skilled_forgery,19,19
data/processed/train/genuine/original_12_9.png,data/processed/train/genuine/original_15_23.png,0,random_forgery,12,15
data/processed/train/genuine/original_14_22.png,data/processed/train/genuine/original_14_4.png,1,genuine_genuine,14,14
data/processed/train/genuine/original_6_8.png,data/processed/train/forged/forgeries_6_16.png,0,skilled_forgery,6,6
data/processed/train/genuine/original_19_21.png,data/processed/train/genuine/original_19_9.png,1,genuine_genuine,19,19
data/processed/train/genuine/original_10_14.png,data/processed/train/genuine/original_10_23.png,1,genuine_genuine,10,10
data/processed/train/genuine/original_12_8.png,data/processed/train/genuine/original_14_2.png,0,random_forgery,12,14
data/processed/train/genuine/original_3_11.png,data/processed/train/genuine/original_3_14.png,1,genuine_genuine,3,3
data/processed/train/genuine/original_14_13.png,data/processed/validation/genuine/original_42_12.png,0,random_forgery,14,42
data/processed/validation/genuine/original_42_2.png,data/processed/validation/genuine/original_42_21.png,1,genuine_genuine,42,42
data/processed/train/genuine/original_8_5.png,data/processed/train/forged/forgeries_8_5.png,0,skilled_forgery,8,8
data/processed/train/genuine/original_5_5.png,data/processed/train/genuine/original_5_8.png,1,genuine_genuine,5,5
data/processed/train/genuine/original_8_13.png,data/processed/train/genuine/original_21_19.png,0,random_forgery,8,21
data/processed/train/genuine/original_22_13.png,data/processed/train/genuine/original_16_8.png,0,random_forgery,22,16
data/processed/validation/genuine/original_43_7.png,data/processed/train/genuine/original_2_19.png,0,random_forgery,43,2
data/processed/train/genuine/original_13_2.png,data/processed/train/genuine/original_13_5.png,1,genuine_genuine,13,13
data/processed/validation/genuine/original_42_23.png,data/processed/train/genuine/original_6_2.png,0,random_forgery,42,6
data/processed/train/genuine/original_12_1.png,data/processed/train/genuine/original_12_9.png,1,genuine_genuine,12,12
data/processed/validation/genuine/original_44_20.png,data/processed/validation/genuine/original_44_24.png,1,genuine_genuine,44,44
data/processed/train/genuine/original_9_20.png,data/processed/train/genuine/original_9_22.png,1,genuine_genuine,9,9
data/processed/train/genuine/original_8_10.png,data/processed/train/forged/forgeries_8_2.png,0,skilled_forgery,8,8
data/processed/train/genuine/original_10_5.png,data/processed/train/genuine/original_10_7.png,1,genuine_genuine,10,10
data/processed/validation/genuine/original_38_12.png,data/processed/validation/genuine/original_38_9.png,1,genuine_genuine,38,38
data/processed/validation/genuine/original_41_4.png,data/processed/validation/genuine/original_41_6.png,1,genuine_genuine,41,41
data/processed/train/genuine/original_1_10.png,data/processed/train/genuine/original_1_5.png,1,genuine_genuine,1,1
data/processed/train/genuine/original_9_2.png,data/processed/train/genuine/original_9_8.png,1,genuine_genuine,9,9
data/processed/train/genuine/original_4_24.png,data/processed/validation/genuine/original_38_3.png,0,random_forgery,4,38
data/processed/train/genuine/original_1_11.png,data/processed/train/forged/forgeries_1_20.png,0,skilled_forgery,1,1
data/processed/train/genuine/original_22_13.png,data/processed/train/genuine/original_22_4.png,1,genuine_genuine,22,22
data/processed/train/genuine/original_3_19.png,data/processed/train/forged/forgeries_3_3.png,0,skilled_forgery,3,3
data/processed/validation/genuine/original_43_1.png,data/processed/validation/genuine/original_43_3.png,1,genuine_genuine,43,43
data/processed/train/genuine/original_16_21.png,data/processed/validation/genuine/original_39_19.png,0,random_forgery,16,39
data/processed/train/genuine/original_24_10.png,data/processed/train/genuine/original_24_13.png,1,genuine_genuine,24,24
data/processed/train/genuine/original_27_11.png,data/processed/train/genuine/original_27_16.png,1,genuine_genuine,27,27
data/processed/validation/genuine/original_45_14.png,data/processed/validation/genuine/original_45_2.png,1,genuine_genuine,45,45
data/processed/train/genuine/original_13_17.png,data/processed/train/forged/forgeries_13_10.png,0,skilled_forgery,13,13
data/processed/train/genuine/original_16_22.png,data/processed/train/genuine/original_26_14.png,0,random_forgery,16,26
data/processed/train/genuine/original_17_5.png,data/processed/train/genuine/original_17_6.png,1,genuine_genuine,17,17
data/processed/train/genuine/original_14_6.png,data/processed/train/forged/forgeries_14_22.png,0,skilled_forgery,14,14
data/processed/train/genuine/original_26_13.png,data/processed/train/genuine/original_26_21.png,1,genuine_genuine,26,26
data/processed/train/genuine/original_21_17.png,data/processed/train/genuine/original_21_4.png,1,genuine_genuine,21,21
data/processed/train/genuine/original_10_6.png,data/processed/train/genuine/original_27_1.png,0,random_forgery,10,27
data/processed/train/genuine/original_4_17.png,data/processed/train/genuine/original_4_23.png,1,genuine_genuine,4,4
data/processed/train/genuine/original_18_16.png,data/processed/train/genuine/original_7_4.png,0,random_forgery,18,7
data/processed/validation/genuine/original_41_6.png,data/processed/validation/forged/forgeries_41_5.png,0,skilled_forgery,41,41
data/processed/train/genuine/original_19_1.png,data/processed/validation/genuine/original_37_14.png,0,random_forgery,19,37
data/processed/train/genuine/original_3_13.png,data/processed/train/genuine/original_3_8.png,1,genuine_genuine,3,3
data/processed/train/genuine/original_17_18.png,data/processed/train/forged/forgeries_17_3.png,0,skilled_forgery,17,17
data/processed/train/genuine/original_25_16.png,data/processed/train/forged/forgeries_25_8.png,0,skilled_forgery,25,25
data/processed/train/genuine/original_3_10.png,data/processed/train/genuine/original_3_8.png,1,genuine_genuine,3,3
data/processed/train/genuine/original_8_17.png,data/processed/train/genuine/original_4_21.png,0,random_forgery,8,4
data/processed/train/genuine/original_16_16.png,data/processed/train/genuine/original_16_8.png,1,genuine_genuine,16,16
data/processed/train/genuine/original_16_11.png,data/processed/train/forged/forgeries_16_3.png,0,skilled_forgery,16,16
data/processed/train/genuine/original_9_15.png,data/processed/train/genuine/original_2_11.png,0,random_forgery,9,2
data/processed/train/genuine/original_9_15.png,data/processed/train/genuine/original_9_4.png,1,genuine_genuine,9,9
data/processed/train/genuine/original_4_4.png,data/processed/validation/genuine/original_38_13.png,0,random_forgery,4,38
data/processed/train/genuine/original_8_6.png,data/processed/train/genuine/original_2_23.png,0,random_forgery,8,2
data/processed/train/genuine/original_13_5.png,data/processed/train/forged/forgeries_13_13.png,0,skilled_forgery,13,13
data/processed/train/genuine/original_8_21.png,data/processed/train/genuine/original_8_23.png,1,genuine_genuine,8,8
data/processed/train/genuine/original_27_24.png,data/processed/train/genuine/original_27_5.png,1,genuine_genuine,27,27
data/processed/train/genuine/original_16_2.png,data/processed/train/genuine/original_16_8.png,1,genuine_genuine,16,16
data/processed/validation/genuine/original_38_4.png,data/processed/train/genuine/original_10_18.png,0,random_forgery,38,10
data/processed/validation/genuine/original_41_7.png,data/processed/train/genuine/original_22_19.png,0,random_forgery,41,22
data/processed/train/genuine/original_17_15.png,data/processed/train/forged/forgeries_17_18.png,0,skilled_forgery,17,17
data/processed/train/genuine/original_8_10.png,data/processed/validation/genuine/original_45_18.png,0,random_forgery,8,45
data/processed/train/genuine/original_13_12.png,data/processed/train/forged/forgeries_13_12.png,0,skilled_forgery,13,13
data/processed/validation/genuine/original_45_15.png,data/processed/train/genuine/original_19_20.png,0,random_forgery,45,19
data/processed/validation/genuine/original_45_15.png,data/processed/validation/genuine/original_45_3.png,1,genuine_genuine,45,45
data/processed/validation/genuine/original_38_1.png,data/processed/validation/genuine/original_38_5.png,1,genuine_genuine,38,38
data/processed/train/genuine/original_24_11.png,data/processed/train/genuine/original_24_24.png,1,genuine_genuine,24,24
data/processed/train/genuine/original_26_15.png,data/processed/train/forged/forgeries_26_9.png,0,skilled_forgery,26,26
data/processed/train/genuine/original_15_3.png,data/processed/train/genuine/original_7_10.png,0,random_forgery,15,7
data/processed/train/genuine/original_1_4.png,data/processed/train/genuine/original_1_7.png,1,genuine_genuine,1,1
data/processed/validation/genuine/original_40_4.png,data/processed/train/genuine/original_6_19.png,0,random_forgery,40,6
data/processed/train/genuine/original_24_14.png,data/processed/train/genuine/original_24_3.png,1,genuine_genuine,24,24
data/processed/train/genuine/original_8_10.png,data/processed/train/genuine/original_8_5.png,1,genuine_genuine,8,8
data/processed/train/genuine/original_14_1.png,data/processed/train/genuine/original_14_24.png,1,genuine_genuine,14,14
data/processed/train/genuine/original_9_15.png,data/processed/train/forged/forgeries_9_5.png,0,skilled_forgery,9,9
data/processed/train/genuine/original_26_13.png,data/processed/train/genuine/original_10_16.png,0,random_forgery,26,10
data/processed/validation/genuine/original_37_17.png,data/processed/validation/genuine/original_37_18.png,1,genuine_genuine,37,37
data/processed/train/genuine/original_23_19.png,data/processed/train/forged/forgeries_23_2.png,0,skilled_forgery,23,23
data/processed/train/genuine/original_17_23.png,data/processed/train/forged/forgeries_17_2.png,0,skilled_forgery,17,17
data/processed/train/genuine/original_27_23.png,data/processed/train/genuine/original_27_3.png,1,genuine_genuine,27,27
data/processed/train/genuine/original_2_12.png,data/processed/train/genuine/original_2_20.png,1,genuine_genuine,2,2
data/processed/train/genuine/original_6_11.png,data/processed/train/forged/forgeries_6_4.png,0,skilled_forgery,6,6
data/processed/validation/genuine/original_44_22.png,data/processed/validation/genuine/original_44_4.png,1,genuine_genuine,44,44
data/processed/train/genuine/original_22_16.png,data/processed/train/genuine/original_22_20.png,1,genuine_genuine,22,22
data/processed/train/genuine/original_12_18.png,data/processed/validation/genuine/original_45_20.png,0,random_forgery,12,45
data/processed/train/genuine/original_20_12.png,data/processed/train/genuine/original_20_5.png,1,genuine_genuine,20,20
data/processed/train/genuine/original_4_16.png,data/processed/train/genuine/original_4_23.png,1,genuine_genuine,4,4
data/processed/train/genuine/original_24_14.png,data/processed/train/forged/forgeries_24_6.png,0,skilled_forgery,24,24
data/processed/train/genuine/original_15_7.png,data/processed/train/genuine/original_23_9.png,0,random_forgery,15,23
data/processed/train/genuine/original_21_17.png,data/processed/train/forged/forgeries_21_14.png,0,skilled_forgery,21,21
data/processed/train/genuine/original_27_14.png,data/processed/train/genuine/original_27_16.png,1,genuine_genuine,27,27
data/processed/validation/genuine/original_43_3.png,data/processed/validation/genuine/original_38_24.png,0,random_forgery,43,38
data/processed/validation/genuine/original_42_19.png,data/processed/validation/genuine/original_42_22.png,1,genuine_genuine,42,42
data/processed/train/genuine/original_18_18.png,data/processed/train/genuine/original_18_4.png,1,genuine_genuine,18,18
data/processed/train/genuine/original_7_23.png,data/processed/train/forged/forgeries_7_17.png,0,skilled_forgery,7,7
data/processed/train/genuine/original_17_12.png,data/processed/train/forged/forgeries_17_14.png,0,skilled_forgery,17,17
data/processed/train/genuine/original_16_12.png,data/processed/train/genuine/original_16_6.png,1,genuine_genuine,16,16
data/processed/train/genuine/original_4_2.png,data/processed/train/genuine/original_4_8.png,1,genuine_genuine,4,4
data/processed/validation/genuine/original_44_11.png,data/processed/validation/genuine/original_44_2.png,1,genuine_genuine,44,44
data/processed/train/genuine/original_26_23.png,data/processed/validation/genuine/original_44_16.png,0,random_forgery,26,44
data/processed/train/genuine/original_8_23.png,data/processed/train/forged/forgeries_8_1.png,0,skilled_forgery,8,8
data/processed/train/genuine/original_20_18.png,data/processed/train/forged/forgeries_20_6.png,0,skilled_forgery,20,20
data/processed/validation/genuine/original_38_18.png,data/processed/train/genuine/original_6_24.png,0,random_forgery,38,6
data/processed/train/genuine/original_1_18.png,data/processed/train/genuine/original_26_17.png,0,random_forgery,1,26
data/processed/train/genuine/original_15_11.png,data/processed/train/genuine/original_15_14.png,1,genuine_genuine,15,15
data/processed/train/genuine/original_14_18.png,data/processed/train/genuine/original_14_22.png,1,genuine_genuine,14,14
data/processed/train/genuine/original_26_9.png,data/processed/train/genuine/original_8_11.png,0,random_forgery,26,8
data/processed/train/genuine/original_10_18.png,data/processed/train/forged/forgeries_10_2.png,0,skilled_forgery,10,10
data/processed/train/genuine/original_1_2.png,data/processed/train/genuine/original_1_8.png,1,genuine_genuine,1,1
data/processed/train/genuine/original_3_19.png,data/processed/train/forged/forgeries_3_16.png,0,skilled_forgery,3,3
data/processed/train/genuine/original_10_14.png,data/processed/train/genuine/original_4_17.png,0,random_forgery,10,4
data/processed/validation/genuine/original_37_9.png,data/processed/validation/forged/forgeries_37_5.png,0,skilled_forgery,37,37
data/processed/train/genuine/original_7_11.png,data/processed/train/genuine/original_7_13.png,1,genuine_genuine,7,7
data/processed/train/genuine/original_14_13.png,data/processed/train/forged/forgeries_14_4.png,0,skilled_forgery,14,14
data/processed/train/genuine/original_4_24.png,data/processed/train/forged/forgeries_4_4.png,0,skilled_forgery,4,4
data/processed/train/genuine/original_22_21.png,data/processed/train/genuine/original_22_8.png,1,genuine_genuine,22,22
data/processed/validation/genuine/original_40_1.png,data/processed/validation/genuine/original_40_9.png,1,genuine_genuine,40,40
data/processed/validation/genuine/original_38_19.png,data/processed/validation/genuine/original_38_3.png,1,genuine_genuine,38,38
data/processed/train/genuine/original_18_19.png,data/processed/train/genuine/original_18_22.png,1,genuine_genuine,18,18
data/processed/train/genuine/original_21_10.png,data/processed/train/genuine/original_21_3.png,1,genuine_genuine,21,21
data/processed/train/genuine/original_16_4.png,data/processed/train/forged/forgeries_16_3.png,0,skilled_forgery,16,16
data/processed/train/genuine/original_17_24.png,data/processed/train/genuine/original_17_6.png,1,genuine_genuine,17,17
data/processed/train/genuine/original_10_17.png,data/processed/train/genuine/original_10_19.png,1,genuine_genuine,10,10
data/processed/train/genuine/original_27_22.png,data/processed/train/forged/forgeries_27_7.png,0,skilled_forgery,27,27
data/processed/train/genuine/original_19_21.png,data/processed/train/forged/forgeries_19_16.png,0,skilled_forgery,19,19
data/processed/train/genuine/original_26_1.png,data/processed/train/forged/forgeries_26_8.png,0,skilled_forgery,26,26
data/processed/train/genuine/original_27_15.png,data/processed/train/genuine/original_24_13.png,0,random_forgery,27,24
data/processed/train/genuine/original_13_1.png,data/processed/train/genuine/original_19_23.png,0,random_forgery,13,19
data/processed/train/genuine/original_18_6.png,data/processed/train/genuine/original_18_7.png,1,genuine_genuine,18,18
data/processed/train/genuine/original_17_11.png,data/processed/train/genuine/original_17_22.png,1,genuine_genuine,17,17
data/processed/train/genuine/original_3_23.png,data/processed/train/genuine/original_3_4.png,1,genuine_genuine,3,3
data/processed/train/genuine/original_6_1.png,data/processed/train/genuine/original_6_3.png,1,genuine_genuine,6,6
data/processed/validation/genuine/original_39_9.png,data/processed/validation/forged/forgeries_39_24.png,0,skilled_forgery,39,39
data/processed/train/genuine/original_3_11.png,data/processed/train/genuine/original_3_18.png,1,genuine_genuine,3,3
data/processed/train/genuine/original_10_22.png,data/processed/train/genuine/original_3_14.png,0,random_forgery,10,3
data/processed/train/genuine/original_18_18.png,data/processed/train/genuine/original_18_23.png,1,genuine_genuine,18,18
data/processed/train/genuine/original_1_21.png,data/processed/train/genuine/original_17_12.png,0,random_forgery,1,17
data/processed/train/genuine/original_13_16.png,data/processed/validation/genuine/original_44_2.png,0,random_forgery,13,44
data/processed/train/genuine/original_16_13.png,data/processed/train/genuine/original_16_16.png,1,genuine_genuine,16,16
data/processed/train/genuine/original_12_3.png,data/processed/train/forged/forgeries_12_24.png,0,skilled_forgery,12,12
data/processed/validation/genuine/original_43_19.png,data/processed/validation/forged/forgeries_43_17.png,0,skilled_forgery,43,43
data/processed/validation/genuine/original_43_1.png,data/processed/validation/genuine/original_43_14.png,1,genuine_genuine,43,43
data/processed/train/genuine/original_2_2.png,data/processed/train/genuine/original_2_24.png,1,genuine_genuine,2,2
data/processed/train/genuine/original_15_21.png,data/processed/train/forged/forgeries_15_7.png,0,skilled_forgery,15,15
data/processed/train/genuine/original_19_17.png,data/processed/train/forged/forgeries_19_23.png,0,skilled_forgery,19,19
data/processed/validation/genuine/original_40_11.png,data/processed/validation/genuine/original_40_12.png,1,genuine_genuine,40,40
data/processed/train/genuine/original_11_15.png,data/processed/train/genuine/original_11_9.png,1,genuine_genuine,11,11
data/processed/train/genuine/original_14_13.png,data/processed/train/genuine/original_14_23.png,1,genuine_genuine,14,14
data/processed/validation/genuine/original_37_5.png,data/processed/train/genuine/original_19_16.png,0,random_forgery,37,19
data/processed/train/genuine/original_24_14.png,data/processed/train/forged/forgeries_24_21.png,0,skilled_forgery,24,24
data/processed/train/genuine/original_12_9.png,data/processed/train/forged/forgeries_12_16.png,0,skilled_forgery,12,12
data/processed/train/genuine/original_11_14.png,data/processed/train/genuine/original_11_22.png,1,genuine_genuine,11,11
data/processed/train/genuine/original_25_18.png,data/processed/train/genuine/original_27_2.png,0,random_forgery,25,27
data/processed/validation/genuine/original_42_13.png,data/processed/train/genuine/original_26_14.png,0,random_forgery,42,26
data/processed/train/genuine/original_22_14.png,data/processed/train/genuine/original_22_18.png,1,genuine_genuine,22,22
data/processed/train/genuine/original_26_2.png,data/processed/train/forged/forgeries_26_17.png,0,skilled_forgery,26,26
data/processed/train/genuine/original_17_16.png,data/processed/train/genuine/original_17_8.png,1,genuine_genuine,17,17
data/processed/train/genuine/original_16_12.png,data/processed/train/genuine/original_16_4.png,1,genuine_genuine,16,16
data/processed/validation/genuine/original_41_20.png,data/processed/train/genuine/original_3_24.png,0,random_forgery,41,3
data/processed/validation/genuine/original_39_15.png,data/processed/validation/genuine/original_39_24.png,1,genuine_genuine,39,39
data/processed/train/genuine/original_12_15.png,data/processed/train/genuine/original_12_4.png,1,genuine_genuine,12,12
data/processed/train/genuine/original_21_21.png,data/processed/train/genuine/original_21_3.png,1,genuine_genuine,21,21
data/processed/validation/genuine/original_44_23.png,data/processed/validation/forged/forgeries_44_15.png,0,skilled_forgery,44,44
data/processed/train/genuine/original_19_24.png,data/processed/validation/genuine/original_45_21.png,0,random_forgery,19,45
data/processed/train/genuine/original_20_3.png,data/processed/train/genuine/original_20_7.png,1,genuine_genuine,20,20
data/processed/validation/genuine/original_41_4.png,data/processed/train/genuine/original_13_11.png,0,random_forgery,41,13
data/processed/train/genuine/original_11_8.png,data/processed/train/genuine/original_11_9.png,1,genuine_genuine,11,11
data/processed/train/genuine/original_14_12.png,data/processed/train/genuine/original_14_15.png,1,genuine_genuine,14,14
data/processed/train/genuine/original_8_3.png,data/processed/train/forged/forgeries_8_12.png,0,skilled_forgery,8,8
data/processed/train/genuine/original_19_5.png,data/processed/train/genuine/original_19_8.png,1,genuine_genuine,19,19
data/processed/train/genuine/original_5_3.png,data/processed/train/genuine/original_5_4.png,1,genuine_genuine,5,5
data/processed/train/genuine/original_17_11.png,data/processed/train/genuine/original_17_21.png,1,genuine_genuine,17,17
data/processed/train/genuine/original_10_10.png,data/processed/train/genuine/original_10_5.png,1,genuine_genuine,10,10
data/processed/train/genuine/original_26_16.png,data/processed/train/genuine/original_26_24.png,1,genuine_genuine,26,26
data/processed/validation/genuine/original_42_23.png,data/processed/validation/genuine/original_42_7.png,1,genuine_genuine,42,42
data/processed/train/genuine/original_15_11.png,data/processed/train/genuine/original_15_16.png,1,genuine_genuine,15,15
data/processed/train/genuine/original_1_19.png,data/processed/train/forged/forgeries_1_2.png,0,skilled_forgery,1,1
data/processed/train/genuine/original_7_9.png,data/processed/train/forged/forgeries_7_19.png,0,skilled_forgery,7,7
data/processed/train/genuine/original_8_18.png,data/processed/train/genuine/original_8_21.png,1,genuine_genuine,8,8
data/processed/train/genuine/original_22_6.png,data/processed/train/forged/forgeries_22_3.png,0,skilled_forgery,22,22
data/processed/validation/genuine/original_41_2.png,data/processed/validation/forged/forgeries_41_23.png,0,skilled_forgery,41,41
data/processed/validation/genuine/original_44_18.png,data/processed/validation/forged/forgeries_44_2.png,0,skilled_forgery,44,44
data/processed/train/genuine/original_14_12.png,data/processed/train/genuine/original_14_7.png,1,genuine_genuine,14,14
data/processed/train/genuine/original_13_1.png,data/processed/train/genuine/original_13_18.png,1,genuine_genuine,13,13
data/processed/train/genuine/original_19_23.png,data/processed/train/genuine/original_20_23.png,0,random_forgery,19,20
data/processed/train/genuine/original_27_20.png,data/processed/train/genuine/original_27_8.png,1,genuine_genuine,27,27
data/processed/validation/genuine/original_45_21.png,data/processed/validation/genuine/original_45_3.png,1,genuine_genuine,45,45
data/processed/train/genuine/original_19_19.png,data/processed/train/genuine/original_19_21.png,1,genuine_genuine,19,19
data/processed/train/genuine/original_7_3.png,data/processed/train/forged/forgeries_7_9.png,0,skilled_forgery,7,7
data/processed/validation/genuine/original_42_17.png,data/processed/validation/forged/forgeries_42_3.png,0,skilled_forgery,42,42
data/processed/train/genuine/original_24_23.png,data/processed/train/genuine/original_24_6.png,1,genuine_genuine,24,24
data/processed/train/genuine/original_2_18.png,data/processed/train/genuine/original_2_21.png,1,genuine_genuine,2,2
data/processed/validation/genuine/original_42_12.png,data/processed/validation/genuine/original_42_6.png,1,genuine_genuine,42,42
data/processed/train/genuine/original_11_1.png,data/processed/train/genuine/original_11_2.png,1,genuine_genuine,11,11
data/processed/validation/genuine/original_45_11.png,data/processed/train/genuine/original_27_18.png,0,random_forgery,45,27
data/processed/train/genuine/original_20_2.png,data/processed/train/genuine/original_20_3.png,1,genuine_genuine,20,20
data/processed/train/genuine/original_6_7.png,data/processed/validation/genuine/original_44_6.png,0,random_forgery,6,44
data/processed/train/genuine/original_25_10.png,data/processed/train/genuine/original_25_16.png,1,genuine_genuine,25,25
data/processed/train/genuine/original_13_6.png,data/processed/train/forged/forgeries_13_2.png,0,skilled_forgery,13,13
data/processed/train/genuine/original_12_13.png,data/processed/train/genuine/original_12_19.png,1,genuine_genuine,12,12
data/processed/train/genuine/original_5_13.png,data/processed/validation/genuine/original_44_17.png,0,random_forgery,5,44
data/processed/validation/genuine/original_40_21.png,data/processed/validation/genuine/original_40_9.png,1,genuine_genuine,40,40
data/processed/train/genuine/original_1_6.png,data/processed/train/genuine/original_27_11.png,0,random_forgery,1,27
data/processed/validation/genuine/original_43_24.png,data/processed/validation/forged/forgeries_43_19.png,0,skilled_forgery,43,43
data/processed/train/genuine/original_15_23.png,data/processed/train/genuine/original_15_3.png,1,genuine_genuine,15,15
data/processed/train/genuine/original_26_17.png,data/processed/train/forged/forgeries_26_23.png,0,skilled_forgery,26,26
data/processed/validation/genuine/original_44_14.png,data/processed/validation/genuine/original_44_19.png,1,genuine_genuine,44,44
data/processed/train/genuine/original_24_22.png,data/processed/train/genuine/original_1_9.png,0,random_forgery,24,1
data/processed/train/genuine/original_15_8.png,data/processed/train/genuine/original_15_9.png,1,genuine_genuine,15,15
data/processed/validation/genuine/original_43_16.png,data/processed/validation/genuine/original_43_7.png,1,genuine_genuine,43,43
data/processed/validation/genuine/original_40_23.png,data/processed/train/genuine/original_25_9.png,0,random_forgery,40,25
data/processed/validation/genuine/original_41_17.png,data/processed/train/genuine/original_16_23.png,0,random_forgery,41,16
data/processed/train/genuine/original_22_1.png,data/processed/train/genuine/original_22_16.png,1,genuine_genuine,22,22
data/processed/train/genuine/original_7_15.png,data/processed/train/genuine/original_7_21.png,1,genuine_genuine,7,7
data/processed/train/genuine/original_13_12.png,data/processed/train/forged/forgeries_13_1.png,0,skilled_forgery,13,13
data/processed/train/genuine/original_1_10.png,data/processed/train/genuine/original_1_16.png,1,genuine_genuine,1,1
data/processed/validation/genuine/original_37_1.png,data/processed/validation/forged/forgeries_37_1.png,0,skilled_forgery,37,37
data/processed/train/genuine/original_11_15.png,data/processed/train/forged/forgeries_11_15.png,0,skilled_forgery,11,11
data/processed/train/genuine/original_12_16.png,data/processed/train/forged/forgeries_12_19.png,0,skilled_forgery,12,12
data/processed/train/genuine/original_19_8.png,data/processed/train/forged/forgeries_19_6.png,0,skilled_forgery,19,19
data/processed/train/genuine/original_7_13.png,data/processed/train/genuine/original_7_6.png,1,genuine_genuine,7,7
data/processed/train/genuine/original_7_11.png,data/processed/train/forged/forgeries_7_11.png,0,skilled_forgery,7,7
data/processed/train/genuine/original_12_4.png,data/processed/train/genuine/original_12_8.png,1,genuine_genuine,12,12
data/processed/train/genuine/original_22_15.png,data/processed/train/genuine/original_22_21.png,1,genuine_genuine,22,22
data/processed/train/genuine/original_15_6.png,data/processed/train/genuine/original_15_7.png,1,genuine_genuine,15,15
data/processed/validation/genuine/original_40_5.png,data/processed/validation/genuine/original_40_7.png,1,genuine_genuine,40,40
data/processed/train/genuine/original_7_9.png,data/processed/train/forged/forgeries_7_24.png,0,skilled_forgery,7,7
data/processed/train/genuine/original_9_12.png,data/processed/train/genuine/original_9_20.png,1,genuine_genuine,9,9
data/processed/train/genuine/original_18_14.png,data/processed/train/forged/forgeries_18_23.png,0,skilled_forgery,18,18
data/processed/validation/genuine/original_37_15.png,data/processed/validation/forged/forgeries_37_13.png,0,skilled_forgery,37,37
data/processed/validation/genuine/original_45_12.png,data/processed/train/genuine/original_4_3.png,0,random_forgery,45,4
data/processed/train/genuine/original_7_8.png,data/processed/train/genuine/original_18_13.png,0,random_forgery,7,18
data/processed/train/genuine/original_20_20.png,data/processed/train/genuine/original_20_23.png,1,genuine_genuine,20,20
data/processed/train/genuine/original_13_19.png,data/processed/train/forged/forgeries_13_5.png,0,skilled_forgery,13,13
data/processed/validation/genuine/original_38_20.png,data/processed/validation/forged/forgeries_38_20.png,0,skilled_forgery,38,38
data/processed/validation/genuine/original_40_12.png,data/processed/validation/genuine/original_40_6.png,1,genuine_genuine,40,40
data/processed/train/genuine/original_7_6.png,data/processed/train/genuine/original_9_3.png,0,random_forgery,7,9
data/processed/validation/genuine/original_44_13.png,data/processed/train/genuine/original_9_1.png,0,random_forgery,44,9
data/processed/train/genuine/original_17_6.png,data/processed/train/forged/forgeries_17_19.png,0,skilled_forgery,17,17
data/processed/train/genuine/original_4_15.png,data/processed/train/genuine/original_4_22.png,1,genuine_genuine,4,4
data/processed/train/genuine/original_3_10.png,data/processed/train/genuine/original_3_23.png,1,genuine_genuine,3,3
data/processed/train/genuine/original_9_16.png,data/processed/train/genuine/original_9_22.png,1,genuine_genuine,9,9
data/processed/train/genuine/original_13_18.png,data/processed/train/genuine/original_13_3.png,1,genuine_genuine,13,13
data/processed/train/genuine/original_18_10.png,data/processed/train/genuine/original_18_16.png,1,genuine_genuine,18,18
data/processed/train/genuine/original_21_15.png,data/processed/train/forged/forgeries_21_18.png,0,skilled_forgery,21,21
data/processed/train/genuine/original_25_19.png,data/processed/train/forged/forgeries_25_10.png,0,skilled_forgery,25,25
data/processed/validation/genuine/original_43_11.png,data/processed/validation/genuine/original_43_13.png,1,genuine_genuine,43,43
data/processed/train/genuine/original_1_12.png,data/processed/train/genuine/original_1_9.png,1,genuine_genuine,1,1
data/processed/train/genuine/original_17_7.png,data/processed/train/genuine/original_11_23.png,0,random_forgery,17,11
data/processed/train/genuine/original_9_1.png,data/processed/train/genuine/original_9_15.png,1,genuine_genuine,9,9
data/processed/train/genuine/original_25_24.png,data/processed/train/genuine/original_25_5.png,1,genuine_genuine,25,25
data/processed/train/genuine/original_5_1.png,data/processed/train/genuine/original_5_24.png,1,genuine_genuine,5,5
data/processed/train/genuine/original_11_18.png,data/processed/train/genuine/original_11_24.png,1,genuine_genuine,11,11
data/processed/train/genuine/original_18_3.png,data/processed/train/forged/forgeries_18_22.png,0,skilled_forgery,18,18
data/processed/validation/genuine/original_45_11.png,data/processed/validation/genuine/original_45_19.png,1,genuine_genuine,45,45
data/processed/train/genuine/original_4_14.png,data/processed/train/forged/forgeries_4_7.png,0,skilled_forgery,4,4
data/processed/train/genuine/original_3_15.png,data/processed/train/genuine/original_3_5.png,1,genuine_genuine,3,3
data/processed/train/genuine/original_3_20.png,data/processed/train/genuine/original_3_8.png,1,genuine_genuine,3,3
data/processed/train/genuine/original_4_1.png,data/processed/train/forged/forgeries_4_18.png,0,skilled_forgery,4,4
data/processed/train/genuine/original_12_15.png,data/processed/train/genuine/original_12_3.png,1,genuine_genuine,12,12
data/processed/train/genuine/original_19_10.png,data/processed/train/forged/forgeries_19_18.png,0,skilled_forgery,19,19
data/processed/train/genuine/original_12_10.png,data/processed/train/genuine/original_12_11.png,1,genuine_genuine,12,12
data/processed/train/genuine/original_19_15.png,data/processed/train/genuine/original_19_7.png,1,genuine_genuine,19,19
data/processed/train/genuine/original_9_11.png,data/processed/train/forged/forgeries_9_14.png,0,skilled_forgery,9,9
data/processed/validation/genuine/original_39_2.png,data/processed/validation/genuine/original_39_5.png,1,genuine_genuine,39,39
data/processed/train/genuine/original_15_19.png,data/processed/train/genuine/original_15_21.png,1,genuine_genuine,15,15
data/processed/validation/genuine/original_37_1.png,data/processed/validation/genuine/original_37_18.png,1,genuine_genuine,37,37
data/processed/train/genuine/original_27_1.png,data/processed/train/forged/forgeries_27_12.png,0,skilled_forgery,27,27
data/processed/train/genuine/original_17_3.png,data/processed/train/forged/forgeries_17_20.png,0,skilled_forgery,17,17
data/processed/validation/genuine/original_43_1.png,data/processed/train/genuine/original_16_9.png,0,random_forgery,43,16
data/processed/train/genuine/original_16_19.png,data/processed/train/genuine/original_16_4.png,1,genuine_genuine,16,16
data/processed/validation/genuine/original_37_15.png,data/processed/validation/genuine/original_37_17.png,1,genuine_genuine,37,37
data/processed/validation/genuine/original_41_2.png,data/processed/validation/genuine/original_41_24.png,1,genuine_genuine,41,41
data/processed/train/genuine/original_10_18.png,data/processed/train/forged/forgeries_10_19.png,0,skilled_forgery,10,10
data/processed/train/genuine/original_12_16.png,data/processed/train/genuine/original_26_4.png,0,random_forgery,12,26
data/processed/train/genuine/original_19_10.png,data/processed/train/genuine/original_19_3.png,1,genuine_genuine,19,19
data/processed/validation/genuine/original_39_11.png,data/processed/validation/forged/forgeries_39_1.png,0,skilled_forgery,39,39
data/processed/validation/genuine/original_37_10.png,data/processed/validation/genuine/original_37_7.png,1,genuine_genuine,37,37
data/processed/validation/genuine/original_39_21.png,data/processed/validation/genuine/original_39_6.png,1,genuine_genuine,39,39
data/processed/train/genuine/original_21_14.png,data/processed/train/genuine/original_21_22.png,1,genuine_genuine,21,21
data/processed/train/genuine/original_12_17.png,data/processed/train/forged/forgeries_12_8.png,0,skilled_forgery,12,12
data/processed/validation/genuine/original_44_11.png,data/processed/validation/genuine/original_44_14.png,1,genuine_genuine,44,44
data/processed/train/genuine/original_26_9.png,data/processed/train/genuine/original_1_24.png,0,random_forgery,26,1
data/processed/train/genuine/original_12_11.png,data/processed/train/genuine/original_12_18.png,1,genuine_genuine,12,12
data/processed/validation/genuine/original_42_2.png,data/processed/validation/genuine/original_42_8.png,1,genuine_genuine,42,42
data/processed/validation/genuine/original_40_21.png,data/processed/validation/genuine/original_40_6.png,1,genuine_genuine,40,40
data/processed/validation/genuine/original_44_2.png,data/processed/validation/genuine/original_44_6.png,1,genuine_genuine,44,44
data/processed/train/genuine/original_4_15.png,data/processed/train/genuine/original_4_2.png,1,genuine_genuine,4,4
data/processed/validation/genuine/original_45_18.png,data/processed/validation/genuine/original_45_22.png,1,genuine_genuine,45,45
data/processed/validation/genuine/original_39_22.png,data/processed/validation/genuine/original_39_4.png,1,genuine_genuine,39,39
data/processed/train/genuine/original_25_2.png,data/processed/train/genuine/original_25_4.png,1,genuine_genuine,25,25
data/processed/train/genuine/original_11_17.png,data/processed/train/forged/forgeries_11_23.png,0,skilled_forgery,11,11
data/processed/train/genuine/original_11_11.png,data/processed/train/genuine/original_11_12.png,1,genuine_genuine,11,11
data/processed/train/genuine/original_7_1.png,data/processed/train/genuine/original_7_17.png,1,genuine_genuine,7,7
data/processed/train/genuine/original_2_12.png,data/processed/train/genuine/original_2_22.png,1,genuine_genuine,2,2
data/processed/validation/genuine/original_41_22.png,data/processed/validation/genuine/original_41_8.png,1,genuine_genuine,41,41
data/processed/validation/genuine/original_40_12.png,data/processed/validation/genuine/original_40_15.png,1,genuine_genuine,40,40
data/processed/train/genuine/original_19_15.png,data/processed/train/genuine/original_19_24.png,1,genuine_genuine,19,19
data/processed/train/genuine/original_5_10.png,data/processed/train/genuine/original_5_2.png,1,genuine_genuine,5,5
data/processed/train/genuine/original_12_17.png,data/processed/train/genuine/original_12_24.png,1,genuine_genuine,12,12
data/processed/validation/genuine/original_41_13.png,data/processed/validation/forged/forgeries_41_13.png,0,skilled_forgery,41,41
data/processed/train/genuine/original_6_13.png,data/processed/train/genuine/original_6_24.png,1,genuine_genuine,6,6
data/processed/train/genuine/original_10_17.png,data/processed/train/forged/forgeries_10_7.png,0,skilled_forgery,10,10
data/processed/train/genuine/original_11_1.png,data/processed/train/genuine/original_11_7.png,1,genuine_genuine,11,11
data/processed/train/genuine/original_18_23.png,data/processed/train/forged/forgeries_18_21.png,0,skilled_forgery,18,18
data/processed/train/genuine/original_25_16.png,data/processed/train/forged/forgeries_25_9.png,0,skilled_forgery,25,25
data/processed/validation/genuine/original_44_9.png,data/processed/validation/genuine/original_43_24.png,0,random_forgery,44,43
data/processed/train/genuine/original_3_20.png,data/processed/train/forged/forgeries_3_8.png,0,skilled_forgery,3,3
data/processed/train/genuine/original_18_3.png,data/processed/train/forged/forgeries_18_13.png,0,skilled_forgery,18,18
data/processed/train/genuine/original_12_20.png,data/processed/train/forged/forgeries_12_2.png,0,skilled_forgery,12,12
data/processed/train/genuine/original_22_13.png,data/processed/train/genuine/original_13_7.png,0,random_forgery,22,13
data/processed/validation/genuine/original_45_4.png,data/processed/train/genuine/original_5_11.png,0,random_forgery,45,5
data/processed/validation/genuine/original_41_13.png,data/processed/validation/genuine/original_41_23.png,1,genuine_genuine,41,41
data/processed/train/genuine/original_13_23.png,data/processed/train/genuine/original_5_5.png,0,random_forgery,13,5
data/processed/train/genuine/original_23_19.png,data/processed/validation/genuine/original_42_3.png,0,random_forgery,23,42
data/processed/train/genuine/original_27_1.png,data/processed/train/genuine/original_27_14.png,1,genuine_genuine,27,27
data/processed/train/genuine/original_8_2.png,data/processed/train/genuine/original_8_4.png,1,genuine_genuine,8,8
data/processed/train/genuine/original_10_21.png,data/processed/validation/genuine/original_37_17.png,0,random_forgery,10,37
data/processed/train/genuine/original_20_11.png,data/processed/train/genuine/original_20_7.png,1,genuine_genuine,20,20
data/processed/train/genuine/original_3_16.png,data/processed/train/genuine/original_3_6.png,1,genuine_genuine,3,3
data/processed/train/genuine/original_24_10.png,data/processed/train/genuine/original_17_5.png,0,random_forgery,24,17
data/processed/train/genuine/original_27_15.png,data/processed/train/genuine/original_27_6.png,1,genuine_genuine,27,27
data/processed/train/genuine/original_23_10.png,data/processed/train/genuine/original_23_13.png,1,genuine_genuine,23,23
data/processed/validation/genuine/original_37_23.png,data/processed/validation/forged/forgeries_37_4.png,0,skilled_forgery,37,37
data/processed/train/genuine/original_16_9.png,data/processed/train/genuine/original_8_10.png,0,random_forgery,16,8
data/processed/validation/genuine/original_45_12.png,data/processed/validation/genuine/original_45_22.png,1,genuine_genuine,45,45
data/processed/train/genuine/original_21_11.png,data/processed/train/genuine/original_21_23.png,1,genuine_genuine,21,21
data/processed/validation/genuine/original_37_12.png,data/processed/validation/genuine/original_37_7.png,1,genuine_genuine,37,37
data/processed/validation/genuine/original_37_24.png,data/processed/validation/genuine/original_42_22.png,0,random_forgery,37,42
data/processed/train/genuine/original_22_22.png,data/processed/validation/genuine/original_44_14.png,0,random_forgery,22,44
data/processed/train/genuine/original_12_19.png,data/processed/train/forged/forgeries_12_20.png,0,skilled_forgery,12,12
data/processed/validation/genuine/original_40_11.png,data/processed/validation/forged/forgeries_40_14.png,0,skilled_forgery,40,40
data/processed/train/genuine/original_8_22.png,data/processed/train/genuine/original_8_7.png,1,genuine_genuine,8,8
data/processed/validation/genuine/original_42_20.png,data/processed/validation/genuine/original_42_23.png,1,genuine_genuine,42,42
data/processed/validation/genuine/original_37_11.png,data/processed/train/genuine/original_25_17.png,0,random_forgery,37,25
data/processed/train/genuine/original_19_20.png,data/processed/train/genuine/original_19_4.png,1,genuine_genuine,19,19
data/processed/train/genuine/original_18_14.png,data/processed/train/genuine/original_18_19.png,1,genuine_genuine,18,18
data/processed/train/genuine/original_5_20.png,data/processed/train/genuine/original_5_8.png,1,genuine_genuine,5,5
data/processed/train/genuine/original_4_17.png,data/processed/train/genuine/original_4_20.png,1,genuine_genuine,4,4
data/processed/validation/genuine/original_43_13.png,data/processed/validation/genuine/original_43_24.png,1,genuine_genuine,43,43
data/processed/validation/genuine/original_40_20.png,data/processed/validation/forged/forgeries_40_11.png,0,skilled_forgery,40,40
data/processed/train/genuine/original_1_17.png,data/processed/train/forged/forgeries_1_18.png,0,skilled_forgery,1,1
data/processed/validation/genuine/original_40_23.png,data/processed/validation/forged/forgeries_40_8.png,0,skilled_forgery,40,40
data/processed/validation/genuine/original_38_1.png,data/processed/validation/genuine/original_38_14.png,1,genuine_genuine,38,38
data/processed/train/genuine/original_21_2.png,data/processed/train/genuine/original_18_12.png,0,random_forgery,21,18
data/processed/train/genuine/original_23_11.png,data/processed/train/genuine/original_23_2.png,1,genuine_genuine,23,23
data/processed/validation/genuine/original_43_14.png,data/processed/validation/genuine/original_43_24.png,1,genuine_genuine,43,43
data/processed/train/genuine/original_19_14.png,data/processed/train/forged/forgeries_19_24.png,0,skilled_forgery,19,19
data/processed/train/genuine/original_16_22.png,data/processed/train/genuine/original_12_19.png,0,random_forgery,16,12
data/processed/train/genuine/original_5_12.png,data/processed/train/genuine/original_8_21.png,0,random_forgery,5,8
data/processed/train/genuine/original_20_13.png,data/processed/train/genuine/original_22_3.png,0,random_forgery,20,22
data/processed/train/genuine/original_12_16.png,data/processed/train/genuine/original_12_17.png,1,genuine_genuine,12,12
data/processed/validation/genuine/original_38_1.png,data/processed/validation/genuine/original_38_12.png,1,genuine_genuine,38,38
data/processed/validation/genuine/original_37_23.png,data/processed/validation/forged/forgeries_37_16.png,0,skilled_forgery,37,37
data/processed/train/genuine/original_13_1.png,data/processed/train/genuine/original_13_3.png,1,genuine_genuine,13,13
data/processed/train/genuine/original_23_11.png,data/processed/train/forged/forgeries_23_13.png,0,skilled_forgery,23,23
data/processed/train/genuine/original_21_13.png,data/processed/train/genuine/original_17_12.png,0,random_forgery,21,17
data/processed/train/genuine/original_13_10.png,data/processed/train/genuine/original_3_3.png,0,random_forgery,13,3
data/processed/train/genuine/original_10_12.png,data/processed/train/genuine/original_11_24.png,0,random_forgery,10,11
data/processed/train/genuine/original_8_6.png,data/processed/train/forged/forgeries_8_15.png,0,skilled_forgery,8,8
data/processed/train/genuine/original_21_20.png,data/processed/validation/genuine/original_45_23.png,0,random_forgery,21,45
data/processed/train/genuine/original_24_24.png,data/processed/train/genuine/original_3_17.png,0,random_forgery,24,3
data/processed/train/genuine/original_20_11.png,data/processed/train/genuine/original_20_5.png,1,genuine_genuine,20,20
data/processed/train/genuine/original_13_17.png,data/processed/train/genuine/original_13_5.png,1,genuine_genuine,13,13
data/processed/train/genuine/original_14_12.png,data/processed/train/genuine/original_14_21.png,1,genuine_genuine,14,14
data/processed/train/genuine/original_19_10.png,data/processed/train/genuine/original_19_18.png,1,genuine_genuine,19,19
data/processed/train/genuine/original_13_12.png,data/processed/train/forged/forgeries_13_16.png,0,skilled_forgery,13,13
data/processed/train/genuine/original_7_24.png,data/processed/train/genuine/original_7_8.png,1,genuine_genuine,7,7
data/processed/train/genuine/original_20_24.png,data/processed/train/genuine/original_20_8.png,1,genuine_genuine,20,20
data/processed/train/genuine/original_27_24.png,data/processed/train/forged/forgeries_27_9.png,0,skilled_forgery,27,27
data/processed/validation/genuine/original_41_18.png,data/processed/validation/forged/forgeries_41_6.png,0,skilled_forgery,41,41
data/processed/validation/genuine/original_42_21.png,data/processed/validation/genuine/original_42_23.png,1,genuine_genuine,42,42
data/processed/train/genuine/original_25_13.png,data/processed/train/genuine/original_25_22.png,1,genuine_genuine,25,25
data/processed/validation/genuine/original_42_21.png,data/processed/validation/genuine/original_42_7.png,1,genuine_genuine,42,42
data/processed/train/genuine/original_8_1.png,data/processed/train/forged/forgeries_8_23.png,0,skilled_forgery,8,8
data/processed/train/genuine/original_19_23.png,data/processed/train/forged/forgeries_19_10.png,0,skilled_forgery,19,19
data/processed/validation/genuine/original_38_18.png,data/processed/validation/forged/forgeries_38_5.png,0,skilled_forgery,38,38
data/processed/validation/genuine/original_44_17.png,data/processed/train/genuine/original_9_12.png,0,random_forgery,44,9
data/processed/train/genuine/original_22_17.png,data/processed/validation/genuine/original_45_24.png,0,random_forgery,22,45
data/processed/validation/genuine/original_41_19.png,data/processed/validation/forged/forgeries_41_14.png,0,skilled_forgery,41,41
data/processed/train/genuine/original_22_4.png,data/processed/train/genuine/original_15_9.png,0,random_forgery,22,15
data/processed/train/genuine/original_5_21.png,data/processed/train/forged/forgeries_5_5.png,0,skilled_forgery,5,5
data/processed/train/genuine/original_5_11.png,data/processed/train/genuine/original_5_16.png,1,genuine_genuine,5,5
data/processed/validation/genuine/original_44_18.png,data/processed/validation/genuine/original_44_8.png,1,genuine_genuine,44,44
data/processed/validation/genuine/original_44_12.png,data/processed/validation/genuine/original_39_6.png,0,random_forgery,44,39
data/processed/train/genuine/original_5_12.png,data/processed/train/genuine/original_5_15.png,1,genuine_genuine,5,5
data/processed/train/genuine/original_8_11.png,data/processed/train/genuine/original_8_3.png,1,genuine_genuine,8,8
data/processed/train/genuine/original_1_14.png,data/processed/train/genuine/original_1_24.png,1,genuine_genuine,1,1
data/processed/validation/genuine/original_45_18.png,data/processed/validation/genuine/original_45_3.png,1,genuine_genuine,45,45
data/processed/train/genuine/original_19_1.png,data/processed/train/genuine/original_19_15.png,1,genuine_genuine,19,19
data/processed/validation/genuine/original_44_8.png,data/processed/validation/forged/forgeries_44_24.png,0,skilled_forgery,44,44
data/processed/validation/genuine/original_43_15.png,data/processed/validation/genuine/original_43_22.png,1,genuine_genuine,43,43
data/processed/validation/genuine/original_37_12.png,data/processed/validation/forged/forgeries_37_2.png,0,skilled_forgery,37,37
data/processed/validation/genuine/original_45_12.png,data/processed/validation/genuine/original_45_15.png,1,genuine_genuine,45,45
data/processed/train/genuine/original_7_9.png,data/processed/train/genuine/original_20_5.png,0,random_forgery,7,20
data/processed/train/genuine/original_21_12.png,data/processed/train/genuine/original_21_21.png,1,genuine_genuine,21,21
data/processed/train/genuine/original_12_15.png,data/processed/train/genuine/original_12_21.png,1,genuine_genuine,12,12
data/processed/train/genuine/original_27_19.png,data/processed/train/genuine/original_27_6.png,1,genuine_genuine,27,27
data/processed/train/genuine/original_8_14.png,data/processed/train/genuine/original_8_8.png,1,genuine_genuine,8,8
data/processed/train/genuine/original_16_22.png,data/processed/train/forged/forgeries_16_21.png,0,skilled_forgery,16,16
data/processed/train/genuine/original_20_15.png,data/processed/train/genuine/original_20_4.png,1,genuine_genuine,20,20
data/processed/validation/genuine/original_38_9.png,data/processed/train/genuine/original_2_15.png,0,random_forgery,38,2
data/processed/train/genuine/original_17_11.png,data/processed/train/genuine/original_17_12.png,1,genuine_genuine,17,17
data/processed/train/genuine/original_5_23.png,data/processed/train/forged/forgeries_5_4.png,0,skilled_forgery,5,5
data/processed/train/genuine/original_6_21.png,data/processed/train/genuine/original_6_22.png,1,genuine_genuine,6,6
data/processed/train/genuine/original_7_11.png,data/processed/train/genuine/original_20_18.png,0,random_forgery,7,20
data/processed/validation/genuine/original_41_12.png,data/processed/validation/forged/forgeries_41_21.png,0,skilled_forgery,41,41
data/processed/validation/genuine/original_45_2.png,data/processed/validation/genuine/original_45_8.png,1,genuine_genuine,45,45
data/processed/validation/genuine/original_40_21.png,data/processed/validation/forged/forgeries_40_14.png,0,skilled_forgery,40,40
data/processed/train/genuine/original_13_19.png,data/processed/train/forged/forgeries_13_24.png,0,skilled_forgery,13,13
data/processed/validation/genuine/original_39_18.png,data/processed/train/genuine/original_16_3.png,0,random_forgery,39,16
data/processed/train/genuine/original_13_1.png,data/processed/train/genuine/original_13_19.png,1,genuine_genuine,13,13
data/processed/train/genuine/original_20_5.png,data/processed/train/genuine/original_11_4.png,0,random_forgery,20,11
data/processed/validation/genuine/original_44_18.png,data/processed/train/genuine/original_24_16.png,0,random_forgery,44,24
data/processed/train/genuine/original_2_11.png,data/processed/train/genuine/original_2_20.png,1,genuine_genuine,2,2
data/processed/train/genuine/original_18_3.png,data/processed/validation/genuine/original_45_11.png,0,random_forgery,18,45
data/processed/train/genuine/original_10_8.png,data/processed/train/forged/forgeries_10_1.png,0,skilled_forgery,10,10
data/processed/validation/genuine/original_43_17.png,data/processed/validation/genuine/original_43_19.png,1,genuine_genuine,43,43
data/processed/train/genuine/original_24_14.png,data/processed/train/forged/forgeries_24_12.png,0,skilled_forgery,24,24
data/processed/train/genuine/original_5_19.png,data/processed/train/genuine/original_5_24.png,1,genuine_genuine,5,5
data/processed/validation/genuine/original_39_6.png,data/processed/validation/genuine/original_39_8.png,1,genuine_genuine,39,39
data/processed/train/genuine/original_2_1.png,data/processed/train/genuine/original_2_13.png,1,genuine_genuine,2,2
data/processed/train/genuine/original_17_3.png,data/processed/train/genuine/original_17_5.png,1,genuine_genuine,17,17
data/processed/validation/genuine/original_44_10.png,data/processed/validation/genuine/original_44_18.png,1,genuine_genuine,44,44
data/processed/train/genuine/original_14_12.png,data/processed/train/forged/forgeries_14_24.png,0,skilled_forgery,14,14
data/processed/train/genuine/original_22_3.png,data/processed/train/genuine/original_22_6.png,1,genuine_genuine,22,22
data/processed/train/genuine/original_18_13.png,data/processed/train/genuine/original_18_8.png,1,genuine_genuine,18,18
data/processed/train/genuine/original_1_10.png,data/processed/train/genuine/original_1_13.png,1,genuine_genuine,1,1
data/processed/train/genuine/original_2_19.png,data/processed/train/forged/forgeries_2_9.png,0,skilled_forgery,2,2
data/processed/train/genuine/original_9_4.png,data/processed/train/genuine/original_9_9.png,1,genuine_genuine,9,9
data/processed/train/genuine/original_7_11.png,data/processed/train/genuine/original_7_18.png,1,genuine_genuine,7,7
data/processed/train/genuine/original_23_18.png,data/processed/train/genuine/original_23_23.png,1,genuine_genuine,23,23
data/processed/train/genuine/original_24_16.png,data/processed/train/forged/forgeries_24_14.png,0,skilled_forgery,24,24
data/processed/train/genuine/original_15_11.png,data/processed/train/genuine/original_15_2.png,1,genuine_genuine,15,15
data/processed/validation/genuine/original_38_8.png,data/processed/validation/forged/forgeries_38_23.png,0,skilled_forgery,38,38
data/processed/train/genuine/original_25_8.png,data/processed/train/forged/forgeries_25_20.png,0,skilled_forgery,25,25
data/processed/train/genuine/original_2_21.png,data/processed/train/genuine/original_2_7.png,1,genuine_genuine,2,2
data/processed/train/genuine/original_3_3.png,data/processed/train/genuine/original_3_9.png,1,genuine_genuine,3,3
data/processed/validation/genuine/original_44_2.png,data/processed/validation/genuine/original_44_8.png,1,genuine_genuine,44,44
data/processed/train/genuine/original_23_8.png,data/processed/train/forged/forgeries_23_6.png,0,skilled_forgery,23,23
data/processed/train/genuine/original_5_22.png,data/processed/train/genuine/original_5_9.png,1,genuine_genuine,5,5
data/processed/train/genuine/original_9_4.png,data/processed/train/forged/forgeries_9_20.png,0,skilled_forgery,9,9
data/processed/validation/genuine/original_41_17.png,data/processed/validation/genuine/original_45_7.png,0,random_forgery,41,45
data/processed/train/genuine/original_20_19.png,data/processed/train/genuine/original_19_3.png,0,random_forgery,20,19
data/processed/train/genuine/original_16_10.png,data/processed/train/genuine/original_16_18.png,1,genuine_genuine,16,16
data/processed/train/genuine/original_24_13.png,data/processed/train/genuine/original_15_14.png,0,random_forgery,24,15
data/processed/train/genuine/original_1_15.png,data/processed/train/genuine/original_1_16.png,1,genuine_genuine,1,1
data/processed/train/genuine/original_19_3.png,data/processed/validation/genuine/original_38_24.png,0,random_forgery,19,38
data/processed/train/genuine/original_12_20.png,data/processed/train/genuine/original_12_4.png,1,genuine_genuine,12,12
data/processed/train/genuine/original_25_22.png,data/processed/train/genuine/original_25_3.png,1,genuine_genuine,25,25
data/processed/train/genuine/original_20_23.png,data/processed/train/forged/forgeries_20_7.png,0,skilled_forgery,20,20
data/processed/train/genuine/original_2_15.png,data/processed/train/forged/forgeries_2_18.png,0,skilled_forgery,2,2
data/processed/train/genuine/original_17_17.png,data/processed/train/forged/forgeries_17_16.png,0,skilled_forgery,17,17
data/processed/train/genuine/original_14_10.png,data/processed/train/forged/forgeries_14_24.png,0,skilled_forgery,14,14
data/processed/train/genuine/original_27_1.png,data/processed/train/genuine/original_27_3.png,1,genuine_genuine,27,27
data/processed/train/genuine/original_17_21.png,data/processed/train/genuine/original_17_4.png,1,genuine_genuine,17,17
data/processed/train/genuine/original_14_22.png,data/processed/train/forged/forgeries_14_14.png,0,skilled_forgery,14,14
data/processed/validation/genuine/original_37_15.png,data/processed/train/genuine/original_23_10.png,0,random_forgery,37,23
data/processed/train/genuine/original_14_17.png,data/processed/train/forged/forgeries_14_10.png,0,skilled_forgery,14,14
data/processed/train/genuine/original_4_7.png,data/processed/train/forged/forgeries_4_24.png,0,skilled_forgery,4,4
data/processed/train/genuine/original_1_20.png,data/processed/train/genuine/original_1_4.png,1,genuine_genuine,1,1
data/processed/validation/genuine/original_44_10.png,data/processed/validation/genuine/original_44_21.png,1,genuine_genuine,44,44
data/processed/train/genuine/original_3_2.png,data/processed/validation/genuine/original_42_15.png,0,random_forgery,3,42
data/processed/train/genuine/original_6_23.png,data/processed/train/forged/forgeries_6_14.png,0,skilled_forgery,6,6
data/processed/train/genuine/original_12_14.png,data/processed/train/forged/forgeries_12_15.png,0,skilled_forgery,12,12
data/processed/train/genuine/original_2_23.png,data/processed/train/forged/forgeries_2_11.png,0,skilled_forgery,2,2
data/processed/train/genuine/original_11_22.png,data/processed/train/genuine/original_11_6.png,1,genuine_genuine,11,11
data/processed/train/genuine/original_14_8.png,data/processed/train/genuine/original_14_9.png,1,genuine_genuine,14,14
data/processed/train/genuine/original_16_24.png,data/processed/train/forged/forgeries_16_23.png,0,skilled_forgery,16,16
data/processed/train/genuine/original_1_2.png,data/processed/train/genuine/original_15_7.png,0,random_forgery,1,15
data/processed/train/genuine/original_1_14.png,data/processed/train/genuine/original_1_17.png,1,genuine_genuine,1,1
data/processed/train/genuine/original_24_20.png,data/processed/train/genuine/original_24_8.png,1,genuine_genuine,24,24
data/processed/validation/genuine/original_40_3.png,data/processed/validation/genuine/original_40_5.png,1,genuine_genuine,40,40
data/processed/train/genuine/original_4_11.png,data/processed/train/genuine/original_4_9.png,1,genuine_genuine,4,4
data/processed/validation/genuine/original_40_7.png,data/processed/validation/forged/forgeries_40_4.png,0,skilled_forgery,40,40
data/processed/validation/genuine/original_44_18.png,data/processed/train/genuine/original_5_3.png,0,random_forgery,44,5
data/processed/train/genuine/original_14_16.png,data/processed/train/genuine/original_14_9.png,1,genuine_genuine,14,14
data/processed/train/genuine/original_26_1.png,data/processed/train/genuine/original_26_5.png,1,genuine_genuine,26,26
data/processed/train/genuine/original_7_5.png,data/processed/train/genuine/original_7_9.png,1,genuine_genuine,7,7
data/processed/train/genuine/original_8_9.png,data/processed/train/forged/forgeries_8_24.png,0,skilled_forgery,8,8
data/processed/validation/genuine/original_44_1.png,data/processed/validation/forged/forgeries_44_7.png,0,skilled_forgery,44,44
data/processed/train/genuine/original_23_15.png,data/processed/train/genuine/original_23_16.png,1,genuine_genuine,23,23
data/processed/train/genuine/original_13_12.png,data/processed/train/genuine/original_13_15.png,1,genuine_genuine,13,13
data/processed/train/genuine/original_9_19.png,data/processed/train/genuine/original_9_9.png,1,genuine_genuine,9,9
data/processed/validation/genuine/original_37_15.png,data/processed/validation/genuine/original_37_8.png,1,genuine_genuine,37,37
data/processed/train/genuine/original_4_3.png,data/processed/train/forged/forgeries_4_3.png,0,skilled_forgery,4,4
data/processed/validation/genuine/original_41_21.png,data/processed/validation/genuine/original_41_22.png,1,genuine_genuine,41,41
data/processed/train/genuine/original_8_3.png,data/processed/train/forged/forgeries_8_2.png,0,skilled_forgery,8,8
data/processed/train/genuine/original_24_5.png,data/processed/train/forged/forgeries_24_24.png,0,skilled_forgery,24,24
data/processed/train/genuine/original_12_2.png,data/processed/train/genuine/original_24_5.png,0,random_forgery,12,24
data/processed/train/genuine/original_22_17.png,data/processed/validation/genuine/original_37_23.png,0,random_forgery,22,37
data/processed/train/genuine/original_27_2.png,data/processed/train/genuine/original_27_4.png,1,genuine_genuine,27,27
data/processed/train/genuine/original_18_5.png,data/processed/train/genuine/original_18_7.png,1,genuine_genuine,18,18
data/processed/train/genuine/original_15_10.png,data/processed/train/genuine/original_20_10.png,0,random_forgery,15,20
data/processed/train/genuine/original_18_22.png,data/processed/train/genuine/original_23_10.png,0,random_forgery,18,23
data/processed/train/genuine/original_10_10.png,data/processed/validation/genuine/original_42_16.png,0,random_forgery,10,42
data/processed/train/genuine/original_1_23.png,data/processed/train/genuine/original_1_5.png,1,genuine_genuine,1,1
data/processed/validation/genuine/original_41_23.png,data/processed/validation/forged/forgeries_41_3.png,0,skilled_forgery,41,41
data/processed/train/genuine/original_23_3.png,data/processed/train/forged/forgeries_23_11.png,0,skilled_forgery,23,23
data/processed/train/genuine/original_25_4.png,data/processed/train/genuine/original_25_5.png,1,genuine_genuine,25,25
data/processed/train/genuine/original_25_22.png,data/processed/train/genuine/original_17_5.png,0,random_forgery,25,17
data/processed/train/genuine/original_24_16.png,data/processed/train/genuine/original_12_19.png,0,random_forgery,24,12
data/processed/validation/genuine/original_39_5.png,data/processed/train/genuine/original_20_22.png,0,random_forgery,39,20
data/processed/train/genuine/original_10_10.png,data/processed/train/genuine/original_10_8.png,1,genuine_genuine,10,10
data/processed/validation/genuine/original_39_24.png,data/processed/validation/forged/forgeries_39_6.png,0,skilled_forgery,39,39
data/processed/train/genuine/original_17_4.png,data/processed/train/genuine/original_17_9.png,1,genuine_genuine,17,17
data/processed/train/genuine/original_5_20.png,data/processed/train/forged/forgeries_5_23.png,0,skilled_forgery,5,5
data/processed/train/genuine/original_11_18.png,data/processed/train/genuine/original_11_22.png,1,genuine_genuine,11,11
data/processed/train/genuine/original_10_16.png,data/processed/train/genuine/original_10_17.png,1,genuine_genuine,10,10
data/processed/validation/genuine/original_37_18.png,data/processed/validation/forged/forgeries_37_11.png,0,skilled_forgery,37,37
data/processed/validation/genuine/original_39_22.png,data/processed/train/genuine/original_6_24.png,0,random_forgery,39,6
data/processed/train/genuine/original_12_24.png,data/processed/train/genuine/original_12_5.png,1,genuine_genuine,12,12
data/processed/train/genuine/original_17_1.png,data/processed/train/genuine/original_17_8.png,1,genuine_genuine,17,17
data/processed/train/genuine/original_9_12.png,data/processed/train/forged/forgeries_9_8.png,0,skilled_forgery,9,9
data/processed/train/genuine/original_4_2.png,data/processed/train/genuine/original_4_23.png,1,genuine_genuine,4,4
data/processed/train/genuine/original_4_3.png,data/processed/train/genuine/original_4_4.png,1,genuine_genuine,4,4
data/processed/train/genuine/original_17_8.png,data/processed/validation/genuine/original_41_1.png,0,random_forgery,17,41
data/processed/train/genuine/original_22_22.png,data/processed/train/genuine/original_22_5.png,1,genuine_genuine,22,22
data/processed/train/genuine/original_22_16.png,data/processed/train/genuine/original_22_9.png,1,genuine_genuine,22,22
data/processed/train/genuine/original_23_1.png,data/processed/train/forged/forgeries_23_14.png,0,skilled_forgery,23,23
data/processed/train/genuine/original_7_11.png,data/processed/train/genuine/original_7_22.png,1,genuine_genuine,7,7
data/processed/train/genuine/original_7_22.png,data/processed/train/genuine/original_7_8.png,1,genuine_genuine,7,7
data/processed/train/genuine/original_16_23.png,data/processed/train/genuine/original_16_6.png,1,genuine_genuine,16,16
data/processed/train/genuine/original_17_4.png,data/processed/train/forged/forgeries_17_23.png,0,skilled_forgery,17,17
data/processed/train/genuine/original_15_10.png,data/processed/train/genuine/original_19_22.png,0,random_forgery,15,19
data/processed/train/genuine/original_3_21.png,data/processed/train/genuine/original_3_4.png,1,genuine_genuine,3,3
data/processed/train/genuine/original_26_1.png,data/processed/train/forged/forgeries_26_18.png,0,skilled_forgery,26,26
data/processed/train/genuine/original_24_15.png,data/processed/train/genuine/original_24_16.png,1,genuine_genuine,24,24
data/processed/train/genuine/original_8_11.png,data/processed/train/genuine/original_8_18.png,1,genuine_genuine,8,8
data/processed/validation/genuine/original_39_8.png,data/processed/validation/genuine/original_39_9.png,1,genuine_genuine,39,39
data/processed/validation/genuine/original_39_10.png,data/processed/validation/forged/forgeries_39_11.png,0,skilled_forgery,39,39
data/processed/train/genuine/original_10_12.png,data/processed/train/genuine/original_10_20.png,1,genuine_genuine,10,10
data/processed/train/genuine/original_4_23.png,data/processed/train/genuine/original_4_7.png,1,genuine_genuine,4,4
data/processed/train/genuine/original_4_17.png,data/processed/train/genuine/original_11_12.png,0,random_forgery,4,11
data/processed/validation/genuine/original_42_1.png,data/processed/validation/genuine/original_42_16.png,1,genuine_genuine,42,42
data/processed/train/genuine/original_5_6.png,data/processed/train/forged/forgeries_5_18.png,0,skilled_forgery,5,5
data/processed/train/genuine/original_27_1.png,data/processed/train/genuine/original_27_21.png,1,genuine_genuine,27,27
data/processed/train/genuine/original_4_2.png,data/processed/train/forged/forgeries_4_17.png,0,skilled_forgery,4,4
data/processed/train/genuine/original_8_1.png,data/processed/train/genuine/original_8_21.png,1,genuine_genuine,8,8
data/processed/validation/genuine/original_38_15.png,data/processed/validation/forged/forgeries_38_15.png,0,skilled_forgery,38,38
data/processed/validation/genuine/original_40_2.png,data/processed/validation/genuine/original_40_6.png,1,genuine_genuine,40,40
data/processed/train/genuine/original_6_11.png,data/processed/train/genuine/original_10_24.png,0,random_forgery,6,10
data/processed/train/genuine/original_10_15.png,data/processed/validation/genuine/original_38_4.png,0,random_forgery,10,38
data/processed/train/genuine/original_6_9.png,data/processed/train/genuine/original_27_4.png,0,random_forgery,6,27
data/processed/validation/genuine/original_45_13.png,data/processed/validation/forged/forgeries_45_14.png,0,skilled_forgery,45,45
data/processed/validation/genuine/original_42_18.png,data/processed/validation/genuine/original_42_19.png,1,genuine_genuine,42,42
data/processed/train/genuine/original_4_1.png,data/processed/train/forged/forgeries_4_4.png,0,skilled_forgery,4,4
data/processed/train/genuine/original_26_16.png,data/processed/train/genuine/original_21_18.png,0,random_forgery,26,21
data/processed/train/genuine/original_20_22.png,data/processed/train/genuine/original_11_12.png,0,random_forgery,20,11
data/processed/train/genuine/original_27_21.png,data/processed/train/forged/forgeries_27_1.png,0,skilled_forgery,27,27
data/processed/train/genuine/original_25_12.png,data/processed/train/genuine/original_25_16.png,1,genuine_genuine,25,25
data/processed/train/genuine/original_3_11.png,data/processed/train/genuine/original_3_12.png,1,genuine_genuine,3,3
data/processed/train/genuine/original_6_22.png,data/processed/train/genuine/original_26_4.png,0,random_forgery,6,26
data/processed/train/genuine/original_25_21.png,data/processed/validation/genuine/original_43_19.png,0,random_forgery,25,43
data/processed/validation/genuine/original_45_12.png,data/processed/validation/genuine/original_45_5.png,1,genuine_genuine,45,45
data/processed/validation/genuine/original_41_16.png,data/processed/validation/genuine/original_41_3.png,1,genuine_genuine,41,41
data/processed/train/genuine/original_21_8.png,data/processed/train/forged/forgeries_21_21.png,0,skilled_forgery,21,21
data/processed/train/genuine/original_11_18.png,data/processed/train/genuine/original_2_23.png,0,random_forgery,11,2
data/processed/train/genuine/original_8_13.png,data/processed/train/genuine/original_8_7.png,1,genuine_genuine,8,8
data/processed/train/genuine/original_18_23.png,data/processed/train/genuine/original_18_8.png,1,genuine_genuine,18,18
data/processed/train/genuine/original_13_1.png,data/processed/train/forged/forgeries_13_16.png,0,skilled_forgery,13,13
data/processed/train/genuine/original_8_15.png,data/processed/train/genuine/original_8_21.png,1,genuine_genuine,8,8
data/processed/validation/genuine/original_37_23.png,data/processed/validation/genuine/original_43_22.png,0,random_forgery,37,43
data/processed/validation/genuine/original_44_19.png,data/processed/validation/genuine/original_44_23.png,1,genuine_genuine,44,44
data/processed/validation/genuine/original_37_13.png,data/processed/validation/forged/forgeries_37_1.png,0,skilled_forgery,37,37
data/processed/train/genuine/original_10_2.png,data/processed/train/genuine/original_11_13.png,0,random_forgery,10,11
data/processed/train/genuine/original_3_4.png,data/processed/train/genuine/original_20_1.png,0,random_forgery,3,20
data/processed/train/genuine/original_1_1.png,data/processed/train/forged/forgeries_1_15.png,0,skilled_forgery,1,1
data/processed/train/genuine/original_9_6.png,data/processed/validation/genuine/original_37_19.png,0,random_forgery,9,37
data/processed/train/genuine/original_8_20.png,data/processed/train/genuine/original_8_22.png,1,genuine_genuine,8,8
data/processed/train/genuine/original_18_17.png,data/processed/train/genuine/original_18_20.png,1,genuine_genuine,18,18
data/processed/train/genuine/original_9_1.png,data/processed/train/genuine/original_9_13.png,1,genuine_genuine,9,9
data/processed/train/genuine/original_8_14.png,data/processed/train/genuine/original_8_20.png,1,genuine_genuine,8,8
data/processed/train/genuine/original_27_24.png,data/processed/train/forged/forgeries_27_20.png,0,skilled_forgery,27,27
data/processed/train/genuine/original_14_7.png,data/processed/validation/genuine/original_40_6.png,0,random_forgery,14,40
data/processed/validation/genuine/original_38_19.png,data/processed/validation/forged/forgeries_38_12.png,0,skilled_forgery,38,38
data/processed/train/genuine/original_10_3.png,data/processed/train/genuine/original_10_9.png,1,genuine_genuine,10,10
data/processed/validation/genuine/original_38_24.png,data/processed/validation/forged/forgeries_38_7.png,0,skilled_forgery,38,38
data/processed/validation/genuine/original_45_10.png,data/processed/validation/genuine/original_45_14.png,1,genuine_genuine,45,45
data/processed/train/genuine/original_15_9.png,data/processed/train/genuine/original_19_4.png,0,random_forgery,15,19
data/processed/validation/genuine/original_39_16.png,data/processed/validation/forged/forgeries_39_1.png,0,skilled_forgery,39,39
data/processed/train/genuine/original_22_12.png,data/processed/train/genuine/original_22_7.png,1,genuine_genuine,22,22
data/processed/validation/genuine/original_42_20.png,data/processed/validation/genuine/original_42_22.png,1,genuine_genuine,42,42
data/processed/train/genuine/original_12_4.png,data/processed/train/genuine/original_17_9.png,0,random_forgery,12,17
data/processed/train/genuine/original_12_1.png,data/processed/train/genuine/original_12_12.png,1,genuine_genuine,12,12
data/processed/train/genuine/original_8_23.png,data/processed/train/genuine/original_8_5.png,1,genuine_genuine,8,8
data/processed/train/genuine/original_12_1.png,data/processed/train/forged/forgeries_12_9.png,0,skilled_forgery,12,12
data/processed/train/genuine/original_6_10.png,data/processed/train/genuine/original_6_16.png,1,genuine_genuine,6,6
data/processed/validation/genuine/original_43_15.png,data/processed/validation/genuine/original_43_23.png,1,genuine_genuine,43,43
data/processed/validation/genuine/original_43_15.png,data/processed/train/genuine/original_4_19.png,0,random_forgery,43,4
data/processed/train/genuine/original_8_1.png,data/processed/train/genuine/original_8_2.png,1,genuine_genuine,8,8
data/processed/train/genuine/original_15_5.png,data/processed/train/genuine/original_15_7.png,1,genuine_genuine,15,15
data/processed/validation/genuine/original_41_24.png,data/processed/validation/genuine/original_43_12.png,0,random_forgery,41,43
data/processed/validation/genuine/original_43_14.png,data/processed/validation/genuine/original_39_5.png,0,random_forgery,43,39
data/processed/train/genuine/original_12_10.png,data/processed/train/forged/forgeries_12_18.png,0,skilled_forgery,12,12
data/processed/validation/genuine/original_42_18.png,data/processed/validation/genuine/original_42_8.png,1,genuine_genuine,42,42
data/processed/validation/genuine/original_38_14.png,data/processed/validation/genuine/original_38_23.png,1,genuine_genuine,38,38
data/processed/train/genuine/original_10_12.png,data/processed/train/genuine/original_10_18.png,1,genuine_genuine,10,10
data/processed/validation/genuine/original_40_15.png,data/processed/validation/forged/forgeries_40_20.png,0,skilled_forgery,40,40
data/processed/train/genuine/original_19_21.png,data/processed/train/genuine/original_19_4.png,1,genuine_genuine,19,19
data/processed/train/genuine/original_5_15.png,data/processed/train/genuine/original_5_3.png,1,genuine_genuine,5,5
data/processed/train/genuine/original_24_12.png,data/processed/train/genuine/original_24_15.png,1,genuine_genuine,24,24
data/processed/train/genuine/original_6_4.png,data/processed/train/genuine/original_6_7.png,1,genuine_genuine,6,6
data/processed/train/genuine/original_11_24.png,data/processed/train/forged/forgeries_11_8.png,0,skilled_forgery,11,11
data/processed/train/genuine/original_17_22.png,data/processed/validation/genuine/original_45_24.png,0,random_forgery,17,45
data/processed/train/genuine/original_8_10.png,data/processed/train/genuine/original_8_7.png,1,genuine_genuine,8,8
data/processed/train/genuine/original_22_17.png,data/processed/train/genuine/original_22_5.png,1,genuine_genuine,22,22
data/processed/train/genuine/original_23_10.png,data/processed/train/genuine/original_27_16.png,0,random_forgery,23,27
data/processed/train/genuine/original_13_13.png,data/processed/validation/genuine/original_42_13.png,0,random_forgery,13,42
data/processed/train/genuine/original_22_7.png,data/processed/train/genuine/original_26_6.png,0,random_forgery,22,26
data/processed/validation/genuine/original_37_14.png,data/processed/validation/genuine/original_37_23.png,1,genuine_genuine,37,37
data/processed/train/genuine/original_5_17.png,data/processed/train/genuine/original_5_4.png,1,genuine_genuine,5,5
data/processed/train/genuine/original_2_20.png,data/processed/train/forged/forgeries_2_5.png,0,skilled_forgery,2,2
data/processed/train/genuine/original_10_7.png,data/processed/train/genuine/original_3_20.png,0,random_forgery,10,3
data/processed/train/genuine/original_26_4.png,data/processed/train/genuine/original_26_7.png,1,genuine_genuine,26,26
data/processed/train/genuine/original_7_19.png,data/processed/train/genuine/original_7_5.png,1,genuine_genuine,7,7
data/processed/train/genuine/original_26_15.png,data/processed/train/genuine/original_26_3.png,1,genuine_genuine,26,26
data/processed/train/genuine/original_3_11.png,data/processed/train/genuine/original_3_7.png,1,genuine_genuine,3,3
data/processed/validation/genuine/original_41_4.png,data/processed/validation/forged/forgeries_41_22.png,0,skilled_forgery,41,41
data/processed/validation/genuine/original_41_23.png,data/processed/validation/genuine/original_41_24.png,1,genuine_genuine,41,41
data/processed/train/genuine/original_21_5.png,data/processed/train/forged/forgeries_21_9.png,0,skilled_forgery,21,21
data/processed/validation/genuine/original_43_23.png,data/processed/validation/forged/forgeries_43_3.png,0,skilled_forgery,43,43
data/processed/validation/genuine/original_43_24.png,data/processed/validation/forged/forgeries_43_2.png,0,skilled_forgery,43,43
data/processed/train/genuine/original_16_1.png,data/processed/train/genuine/original_16_24.png,1,genuine_genuine,16,16
data/processed/train/genuine/original_13_10.png,data/processed/train/genuine/original_13_21.png,1,genuine_genuine,13,13
data/processed/train/genuine/original_4_7.png,data/processed/train/genuine/original_13_4.png,0,random_forgery,4,13
data/processed/validation/genuine/original_41_14.png,data/processed/validation/forged/forgeries_41_16.png,0,skilled_forgery,41,41
data/processed/train/genuine/original_2_18.png,data/processed/train/forged/forgeries_2_20.png,0,skilled_forgery,2,2
data/processed/train/genuine/original_14_20.png,data/processed/train/forged/forgeries_14_5.png,0,skilled_forgery,14,14
data/processed/validation/genuine/original_39_24.png,data/processed/validation/forged/forgeries_39_1.png,0,skilled_forgery,39,39
data/processed/train/genuine/original_8_24.png,data/processed/train/forged/forgeries_8_15.png,0,skilled_forgery,8,8
data/processed/train/genuine/original_20_11.png,data/processed/train/forged/forgeries_20_18.png,0,skilled_forgery,20,20
data/processed/train/genuine/original_18_12.png,data/processed/train/genuine/original_18_15.png,1,genuine_genuine,18,18
data/processed/validation/genuine/original_37_23.png,data/processed/train/genuine/original_3_7.png,0,random_forgery,37,3
data/processed/train/genuine/original_12_16.png,data/processed/train/forged/forgeries_12_13.png,0,skilled_forgery,12,12
data/processed/train/genuine/original_13_6.png,data/processed/train/forged/forgeries_13_12.png,0,skilled_forgery,13,13
data/processed/train/genuine/original_13_14.png,data/processed/train/genuine/original_14_21.png,0,random_forgery,13,14
data/processed/train/genuine/original_27_8.png,data/processed/train/forged/forgeries_27_17.png,0,skilled_forgery,27,27
data/processed/train/genuine/original_3_14.png,data/processed/train/genuine/original_3_4.png,1,genuine_genuine,3,3
data/processed/train/genuine/original_22_1.png,data/processed/train/genuine/original_22_18.png,1,genuine_genuine,22,22
data/processed/validation/genuine/original_42_9.png,data/processed/validation/forged/forgeries_42_13.png,0,skilled_forgery,42,42
data/processed/train/genuine/original_7_2.png,data/processed/train/forged/forgeries_7_6.png,0,skilled_forgery,7,7
data/processed/train/genuine/original_11_17.png,data/processed/train/genuine/original_11_5.png,1,genuine_genuine,11,11
data/processed/validation/genuine/original_45_2.png,data/processed/validation/genuine/original_45_5.png,1,genuine_genuine,45,45
data/processed/train/genuine/original_2_9.png,data/processed/train/genuine/original_8_4.png,0,random_forgery,2,8
data/processed/train/genuine/original_1_18.png,data/processed/train/forged/forgeries_1_6.png,0,skilled_forgery,1,1
data/processed/train/genuine/original_1_2.png,data/processed/train/genuine/original_1_4.png,1,genuine_genuine,1,1
data/processed/validation/genuine/original_40_20.png,data/processed/validation/genuine/original_40_5.png,1,genuine_genuine,40,40
data/processed/validation/genuine/original_37_15.png,data/processed/validation/forged/forgeries_37_15.png,0,skilled_forgery,37,37
data/processed/validation/genuine/original_43_15.png,data/processed/validation/genuine/original_43_5.png,1,genuine_genuine,43,43
data/processed/train/genuine/original_11_17.png,data/processed/train/genuine/original_11_7.png,1,genuine_genuine,11,11
data/processed/train/genuine/original_23_12.png,data/processed/train/genuine/original_23_17.png,1,genuine_genuine,23,23
data/processed/train/genuine/original_20_10.png,data/processed/train/forged/forgeries_20_15.png,0,skilled_forgery,20,20
data/processed/train/genuine/original_26_1.png,data/processed/train/genuine/original_26_20.png,1,genuine_genuine,26,26
data/processed/train/genuine/original_17_12.png,data/processed/train/forged/forgeries_17_12.png,0,skilled_forgery,17,17
data/processed/train/genuine/original_26_14.png,data/processed/train/forged/forgeries_26_9.png,0,skilled_forgery,26,26
data/processed/train/genuine/original_3_14.png,data/processed/train/genuine/original_2_9.png,0,random_forgery,3,2
data/processed/train/genuine/original_10_3.png,data/processed/train/forged/forgeries_10_5.png,0,skilled_forgery,10,10
data/processed/train/genuine/original_9_22.png,data/processed/train/forged/forgeries_9_3.png,0,skilled_forgery,9,9
data/processed/train/genuine/original_5_10.png,data/processed/train/genuine/original_3_16.png,0,random_forgery,5,3
data/processed/train/genuine/original_6_20.png,data/processed/train/genuine/original_17_15.png,0,random_forgery,6,17
data/processed/train/genuine/original_10_12.png,data/processed/train/genuine/original_10_22.png,1,genuine_genuine,10,10
data/processed/validation/genuine/original_38_17.png,data/processed/validation/genuine/original_38_4.png,1,genuine_genuine,38,38
data/processed/validation/genuine/original_40_2.png,data/processed/train/genuine/original_27_15.png,0,random_forgery,40,27
data/processed/train/genuine/original_23_19.png,data/processed/train/forged/forgeries_23_14.png,0,skilled_forgery,23,23
data/processed/validation/genuine/original_39_11.png,data/processed/validation/forged/forgeries_39_2.png,0,skilled_forgery,39,39
data/processed/validation/genuine/original_43_22.png,data/processed/validation/genuine/original_43_4.png,1,genuine_genuine,43,43
data/processed/validation/genuine/original_39_10.png,data/processed/validation/genuine/original_39_7.png,1,genuine_genuine,39,39
data/processed/train/genuine/original_24_1.png,data/processed/train/genuine/original_24_13.png,1,genuine_genuine,24,24
data/processed/train/genuine/original_5_18.png,data/processed/train/genuine/original_15_3.png,0,random_forgery,5,15
data/processed/train/genuine/original_13_14.png,data/processed/train/forged/forgeries_13_23.png,0,skilled_forgery,13,13
data/processed/train/genuine/original_7_5.png,data/processed/train/forged/forgeries_7_18.png,0,skilled_forgery,7,7
data/processed/train/genuine/original_22_1.png,data/processed/train/genuine/original_22_21.png,1,genuine_genuine,22,22
data/processed/validation/genuine/original_44_21.png,data/processed/train/genuine/original_14_12.png,0,random_forgery,44,14
data/processed/train/genuine/original_11_16.png,data/processed/train/genuine/original_11_7.png,1,genuine_genuine,11,11
data/processed/validation/genuine/original_41_13.png,data/processed/validation/forged/forgeries_41_15.png,0,skilled_forgery,41,41
data/processed/train/genuine/original_18_13.png,data/processed/train/genuine/original_18_24.png,1,genuine_genuine,18,18
data/processed/train/genuine/original_8_20.png,data/processed/train/genuine/original_8_21.png,1,genuine_genuine,8,8
data/processed/train/genuine/original_9_22.png,data/processed/train/genuine/original_9_6.png,1,genuine_genuine,9,9
data/processed/train/genuine/original_20_5.png,data/processed/train/genuine/original_20_7.png,1,genuine_genuine,20,20
data/processed/train/genuine/original_23_14.png,data/processed/train/genuine/original_23_24.png,1,genuine_genuine,23,23
data/processed/validation/genuine/original_42_1.png,data/processed/validation/genuine/original_42_21.png,1,genuine_genuine,42,42
data/processed/train/genuine/original_15_10.png,data/processed/train/forged/forgeries_15_12.png,0,skilled_forgery,15,15
data/processed/train/genuine/original_13_4.png,data/processed/train/forged/forgeries_13_9.png,0,skilled_forgery,13,13
data/processed/train/genuine/original_12_12.png,data/processed/train/genuine/original_12_20.png,1,genuine_genuine,12,12
data/processed/train/genuine/original_1_15.png,data/processed/validation/genuine/original_43_24.png,0,random_forgery,1,43
data/processed/train/genuine/original_15_2.png,data/processed/train/genuine/original_15_3.png,1,genuine_genuine,15,15
data/processed/train/genuine/original_20_1.png,data/processed/train/genuine/original_20_24.png,1,genuine_genuine,20,20
data/processed/train/genuine/original_6_22.png,data/processed/train/genuine/original_6_9.png,1,genuine_genuine,6,6
data/processed/train/genuine/original_1_15.png,data/processed/train/genuine/original_1_4.png,1,genuine_genuine,1,1
data/processed/train/genuine/original_26_8.png,data/processed/train/forged/forgeries_26_4.png,0,skilled_forgery,26,26
data/processed/train/genuine/original_22_12.png,data/processed/train/genuine/original_22_14.png,1,genuine_genuine,22,22
data/processed/train/genuine/original_18_22.png,data/processed/train/genuine/original_14_5.png,0,random_forgery,18,14
data/processed/train/genuine/original_10_2.png,data/processed/train/forged/forgeries_10_13.png,0,skilled_forgery,10,10
data/processed/train/genuine/original_13_8.png,data/processed/train/forged/forgeries_13_24.png,0,skilled_forgery,13,13
data/processed/train/genuine/original_18_15.png,data/processed/train/forged/forgeries_18_14.png,0,skilled_forgery,18,18
data/processed/train/genuine/original_11_5.png,data/processed/train/forged/forgeries_11_6.png,0,skilled_forgery,11,11
data/processed/train/genuine/original_4_1.png,data/processed/train/genuine/original_4_15.png,1,genuine_genuine,4,4
data/processed/validation/genuine/original_37_4.png,data/processed/validation/forged/forgeries_37_2.png,0,skilled_forgery,37,37
data/processed/train/genuine/original_18_23.png,data/processed/train/forged/forgeries_18_8.png,0,skilled_forgery,18,18
data/processed/validation/genuine/original_39_21.png,data/processed/validation/genuine/original_39_22.png,1,genuine_genuine,39,39
data/processed/train/genuine/original_25_14.png,data/processed/train/genuine/original_25_23.png,1,genuine_genuine,25,25
data/processed/train/genuine/original_16_1.png,data/processed/train/genuine/original_16_18.png,1,genuine_genuine,16,16
data/processed/train/genuine/original_3_17.png,data/processed/train/forged/forgeries_3_12.png,0,skilled_forgery,3,3
data/processed/train/genuine/original_7_21.png,data/processed/train/genuine/original_7_5.png,1,genuine_genuine,7,7
data/processed/train/genuine/original_2_19.png,data/processed/train/genuine/original_2_6.png,1,genuine_genuine,2,2
data/processed/train/genuine/original_18_11.png,data/processed/train/genuine/original_18_23.png,1,genuine_genuine,18,18
data/processed/train/genuine/original_18_18.png,data/processed/train/genuine/original_18_7.png,1,genuine_genuine,18,18
data/processed/train/genuine/original_3_2.png,data/processed/train/genuine/original_3_4.png,1,genuine_genuine,3,3
data/processed/train/genuine/original_4_13.png,data/processed/train/forged/forgeries_4_17.png,0,skilled_forgery,4,4
data/processed/train/genuine/original_3_14.png,data/processed/train/genuine/original_3_22.png,1,genuine_genuine,3,3
data/processed/train/genuine/original_16_13.png,data/processed/train/genuine/original_16_9.png,1,genuine_genuine,16,16
data/processed/train/genuine/original_12_14.png,data/processed/train/genuine/original_12_3.png,1,genuine_genuine,12,12
data/processed/train/genuine/original_14_21.png,data/processed/train/genuine/original_6_17.png,0,random_forgery,14,6
data/processed/validation/genuine/original_41_21.png,data/processed/validation/genuine/original_41_8.png,1,genuine_genuine,41,41
data/processed/validation/genuine/original_42_1.png,data/processed/validation/genuine/original_42_18.png,1,genuine_genuine,42,42
data/processed/train/genuine/original_20_19.png,data/processed/train/forged/forgeries_20_9.png,0,skilled_forgery,20,20
data/processed/train/genuine/original_25_17.png,data/processed/train/genuine/original_25_20.png,1,genuine_genuine,25,25
data/processed/train/genuine/original_27_5.png,data/processed/train/forged/forgeries_27_1.png,0,skilled_forgery,27,27
data/processed/train/genuine/original_1_21.png,data/processed/train/forged/forgeries_1_5.png,0,skilled_forgery,1,1
data/processed/train/genuine/original_27_6.png,data/processed/train/genuine/original_27_7.png,1,genuine_genuine,27,27
data/processed/validation/genuine/original_41_23.png,data/processed/train/genuine/original_21_1.png,0,random_forgery,41,21
data/processed/train/genuine/original_1_22.png,data/processed/train/genuine/original_1_9.png,1,genuine_genuine,1,1
data/processed/train/genuine/original_10_7.png,data/processed/train/forged/forgeries_10_16.png,0,skilled_forgery,10,10
data/processed/train/genuine/original_16_14.png,data/processed/train/genuine/original_16_6.png,1,genuine_genuine,16,16
data/processed/train/genuine/original_1_7.png,data/processed/train/genuine/original_1_8.png,1,genuine_genuine,1,1
data/processed/train/genuine/original_6_4.png,data/processed/train/forged/forgeries_6_21.png,0,skilled_forgery,6,6
data/processed/train/genuine/original_24_8.png,data/processed/train/genuine/original_25_24.png,0,random_forgery,24,25
data/processed/validation/genuine/original_43_17.png,data/processed/validation/genuine/original_43_8.png,1,genuine_genuine,43,43
data/processed/train/genuine/original_1_10.png,data/processed/train/forged/forgeries_1_1.png,0,skilled_forgery,1,1
data/processed/train/genuine/original_4_17.png,data/processed/train/genuine/original_4_3.png,1,genuine_genuine,4,4
data/processed/train/genuine/original_24_17.png,data/processed/train/genuine/original_24_24.png,1,genuine_genuine,24,24
data/processed/train/genuine/original_1_11.png,data/processed/train/genuine/original_14_17.png,0,random_forgery,1,14
data/processed/train/genuine/original_9_1.png,data/processed/train/genuine/original_9_2.png,1,genuine_genuine,9,9
data/processed/train/genuine/original_25_15.png,data/processed/train/forged/forgeries_25_2.png,0,skilled_forgery,25,25
data/processed/train/genuine/original_13_11.png,data/processed/train/genuine/original_13_2.png,1,genuine_genuine,13,13
data/processed/train/genuine/original_10_1.png,data/processed/train/genuine/original_10_6.png,1,genuine_genuine,10,10
data/processed/train/genuine/original_25_6.png,data/processed/train/genuine/original_27_2.png,0,random_forgery,25,27
data/processed/train/genuine/original_23_5.png,data/processed/train/forged/forgeries_23_14.png,0,skilled_forgery,23,23
data/processed/train/genuine/original_25_13.png,data/processed/train/genuine/original_25_23.png,1,genuine_genuine,25,25
data/processed/validation/genuine/original_41_24.png,data/processed/validation/genuine/original_41_4.png,1,genuine_genuine,41,41
data/processed/train/genuine/original_15_16.png,data/processed/train/forged/forgeries_15_12.png,0,skilled_forgery,15,15
data/processed/train/genuine/original_14_12.png,data/processed/train/genuine/original_22_20.png,0,random_forgery,14,22
data/processed/train/genuine/original_17_16.png,data/processed/train/genuine/original_17_24.png,1,genuine_genuine,17,17
data/processed/train/genuine/original_6_16.png,data/processed/train/genuine/original_26_14.png,0,random_forgery,6,26
data/processed/validation/genuine/original_40_19.png,data/processed/validation/genuine/original_40_21.png,1,genuine_genuine,40,40
data/processed/train/genuine/original_13_3.png,data/processed/train/genuine/original_13_7.png,1,genuine_genuine,13,13
data/processed/train/genuine/original_2_24.png,data/processed/train/genuine/original_6_1.png,0,random_forgery,2,6
data/processed/train/genuine/original_16_3.png,data/processed/train/genuine/original_7_13.png,0,random_forgery,16,7
data/processed/train/genuine/original_18_1.png,data/processed/train/genuine/original_18_17.png,1,genuine_genuine,18,18
data/processed/validation/genuine/original_38_20.png,data/processed/validation/forged/forgeries_38_10.png,0,skilled_forgery,38,38
data/processed/train/genuine/original_2_6.png,data/processed/train/forged/forgeries_2_23.png,0,skilled_forgery,2,2
data/processed/validation/genuine/original_40_19.png,data/processed/validation/forged/forgeries_40_24.png,0,skilled_forgery,40,40
data/processed/train/genuine/original_6_18.png,data/processed/train/forged/forgeries_6_2.png,0,skilled_forgery,6,6
data/processed/train/genuine/original_3_10.png,data/processed/validation/genuine/original_39_2.png,0,random_forgery,3,39
data/processed/train/genuine/original_5_12.png,data/processed/train/forged/forgeries_5_19.png,0,skilled_forgery,5,5
data/processed/train/genuine/original_5_7.png,data/processed/train/genuine/original_5_9.png,1,genuine_genuine,5,5
data/processed/train/genuine/original_15_11.png,data/processed/train/genuine/original_15_3.png,1,genuine_genuine,15,15
data/processed/train/genuine/original_25_5.png,data/processed/train/genuine/original_25_6.png,1,genuine_genuine,25,25
data/processed/train/genuine/original_26_22.png,data/processed/train/genuine/original_23_23.png,0,random_forgery,26,23
data/processed/validation/genuine/original_43_18.png,data/processed/validation/forged/forgeries_43_22.png,0,skilled_forgery,43,43
data/processed/train/genuine/original_16_12.png,data/processed/train/genuine/original_16_18.png,1,genuine_genuine,16,16
data/processed/train/genuine/original_9_17.png,data/processed/train/forged/forgeries_9_11.png,0,skilled_forgery,9,9
data/processed/train/genuine/original_15_15.png,data/processed/train/genuine/original_15_19.png,1,genuine_genuine,15,15
data/processed/train/genuine/original_22_20.png,data/processed/train/forged/forgeries_22_1.png,0,skilled_forgery,22,22
data/processed/validation/genuine/original_44_4.png,data/processed/validation/genuine/original_44_9.png,1,genuine_genuine,44,44
data/processed/train/genuine/original_5_20.png,data/processed/train/genuine/original_5_24.png,1,genuine_genuine,5,5
data/processed/train/genuine/original_3_12.png,data/processed/train/genuine/original_3_17.png,1,genuine_genuine,3,3
data/processed/validation/genuine/original_41_19.png,data/processed/validation/genuine/original_41_3.png,1,genuine_genuine,41,41
data/processed/train/genuine/original_4_18.png,data/processed/train/genuine/original_4_21.png,1,genuine_genuine,4,4
data/processed/validation/genuine/original_45_11.png,data/processed/validation/genuine/original_45_6.png,1,genuine_genuine,45,45
data/processed/train/genuine/original_20_22.png,data/processed/train/genuine/original_20_4.png,1,genuine_genuine,20,20
data/processed/validation/genuine/original_37_7.png,data/processed/validation/forged/forgeries_37_9.png,0,skilled_forgery,37,37
data/processed/train/genuine/original_7_12.png,data/processed/train/genuine/original_7_8.png,1,genuine_genuine,7,7
data/processed/validation/genuine/original_40_4.png,data/processed/validation/genuine/original_40_8.png,1,genuine_genuine,40,40
data/processed/train/genuine/original_17_20.png,data/processed/train/genuine/original_18_15.png,0,random_forgery,17,18
data/processed/train/genuine/original_18_3.png,data/processed/train/genuine/original_18_8.png,1,genuine_genuine,18,18
data/processed/train/genuine/original_11_14.png,data/processed/train/genuine/original_21_4.png,0,random_forgery,11,21
data/processed/train/genuine/original_25_23.png,data/processed/train/genuine/original_25_4.png,1,genuine_genuine,25,25
data/processed/validation/genuine/original_41_18.png,data/processed/validation/forged/forgeries_41_18.png,0,skilled_forgery,41,41
data/processed/train/genuine/original_27_12.png,data/processed/train/genuine/original_27_3.png,1,genuine_genuine,27,27
data/processed/validation/genuine/original_42_11.png,data/processed/validation/forged/forgeries_42_3.png,0,skilled_forgery,42,42
data/processed/train/genuine/original_19_3.png,data/processed/train/forged/forgeries_19_9.png,0,skilled_forgery,19,19
data/processed/train/genuine/original_21_7.png,data/processed/train/forged/forgeries_21_11.png,0,skilled_forgery,21,21
data/processed/train/genuine/original_12_9.png,data/processed/train/forged/forgeries_12_8.png,0,skilled_forgery,12,12
data/processed/validation/genuine/original_42_10.png,data/processed/validation/forged/forgeries_42_6.png,0,skilled_forgery,42,42
data/processed/train/genuine/original_27_15.png,data/processed/train/forged/forgeries_27_7.png,0,skilled_forgery,27,27
data/processed/train/genuine/original_2_13.png,data/processed/train/genuine/original_2_15.png,1,genuine_genuine,2,2
data/processed/train/genuine/original_15_8.png,data/processed/train/forged/forgeries_15_21.png,0,skilled_forgery,15,15
data/processed/train/genuine/original_17_20.png,data/processed/train/genuine/original_20_8.png,0,random_forgery,17,20
data/processed/train/genuine/original_25_17.png,data/processed/train/forged/forgeries_25_12.png,0,skilled_forgery,25,25
data/processed/train/genuine/original_2_24.png,data/processed/train/forged/forgeries_2_21.png,0,skilled_forgery,2,2
data/processed/train/genuine/original_14_11.png,data/processed/train/genuine/original_14_18.png,1,genuine_genuine,14,14
data/processed/validation/genuine/original_44_19.png,data/processed/validation/forged/forgeries_44_18.png,0,skilled_forgery,44,44
data/processed/train/genuine/original_22_5.png,data/processed/train/genuine/original_22_9.png,1,genuine_genuine,22,22
data/processed/train/genuine/original_27_21.png,data/processed/train/genuine/original_4_15.png,0,random_forgery,27,4
data/processed/train/genuine/original_7_3.png,data/processed/train/forged/forgeries_7_3.png,0,skilled_forgery,7,7
data/processed/train/genuine/original_21_16.png,data/processed/train/genuine/original_21_6.png,1,genuine_genuine,21,21
data/processed/train/genuine/original_2_22.png,data/processed/train/forged/forgeries_2_14.png,0,skilled_forgery,2,2
data/processed/train/genuine/original_13_18.png,data/processed/train/forged/forgeries_13_24.png,0,skilled_forgery,13,13
data/processed/train/genuine/original_24_3.png,data/processed/train/genuine/original_24_5.png,1,genuine_genuine,24,24
data/processed/train/genuine/original_19_12.png,data/processed/train/forged/forgeries_19_20.png,0,skilled_forgery,19,19
data/processed/train/genuine/original_24_6.png,data/processed/train/genuine/original_4_10.png,0,random_forgery,24,4
data/processed/train/genuine/original_3_10.png,data/processed/train/forged/forgeries_3_11.png,0,skilled_forgery,3,3
data/processed/validation/genuine/original_45_3.png,data/processed/train/genuine/original_11_15.png,0,random_forgery,45,11
data/processed/validation/genuine/original_38_11.png,data/processed/validation/genuine/original_38_17.png,1,genuine_genuine,38,38
data/processed/validation/genuine/original_41_24.png,data/processed/validation/forged/forgeries_41_23.png,0,skilled_forgery,41,41
data/processed/train/genuine/original_13_6.png,data/processed/validation/genuine/original_41_11.png,0,random_forgery,13,41
data/processed/validation/genuine/original_44_12.png,data/processed/validation/forged/forgeries_44_9.png,0,skilled_forgery,44,44
data/processed/train/genuine/original_10_10.png,data/processed/train/genuine/original_10_18.png,1,genuine_genuine,10,10
data/processed/train/genuine/original_6_22.png,data/processed/train/forged/forgeries_6_2.png,0,skilled_forgery,6,6
data/processed/train/genuine/original_25_10.png,data/processed/train/forged/forgeries_25_9.png,0,skilled_forgery,25,25
data/processed/train/genuine/original_2_17.png,data/processed/train/forged/forgeries_2_19.png,0,skilled_forgery,2,2
data/processed/train/genuine/original_6_15.png,data/processed/train/genuine/original_6_9.png,1,genuine_genuine,6,6
data/processed/train/genuine/original_26_10.png,data/processed/train/genuine/original_26_12.png,1,genuine_genuine,26,26
data/processed/validation/genuine/original_44_15.png,data/processed/validation/genuine/original_44_7.png,1,genuine_genuine,44,44
data/processed/train/genuine/original_11_5.png,data/processed/train/forged/forgeries_11_20.png,0,skilled_forgery,11,11
data/processed/train/genuine/original_19_20.png,data/processed/train/forged/forgeries_19_4.png,0,skilled_forgery,19,19
data/processed/validation/genuine/original_45_2.png,data/processed/validation/genuine/original_45_6.png,1,genuine_genuine,45,45
data/processed/train/genuine/original_24_13.png,data/processed/train/forged/forgeries_24_6.png,0,skilled_forgery,24,24
data/processed/train/genuine/original_1_15.png,data/processed/train/forged/forgeries_1_18.png,0,skilled_forgery,1,1
data/processed/train/genuine/original_19_2.png,data/processed/train/genuine/original_19_22.png,1,genuine_genuine,19,19
data/processed/train/genuine/original_5_16.png,data/processed/train/genuine/original_5_21.png,1,genuine_genuine,5,5
data/processed/validation/genuine/original_45_21.png,data/processed/validation/forged/forgeries_45_18.png,0,skilled_forgery,45,45
data/processed/train/genuine/original_5_12.png,data/processed/validation/genuine/original_37_4.png,0,random_forgery,5,37
data/processed/train/genuine/original_12_7.png,data/processed/train/genuine/original_26_10.png,0,random_forgery,12,26
data/processed/train/genuine/original_1_5.png,data/processed/validation/genuine/original_45_15.png,0,random_forgery,1,45
data/processed/train/genuine/original_14_17.png,data/processed/train/genuine/original_14_7.png,1,genuine_genuine,14,14
data/processed/train/genuine/original_4_16.png,data/processed/train/genuine/original_26_18.png,0,random_forgery,4,26
data/processed/validation/genuine/original_41_13.png,data/processed/validation/genuine/original_41_5.png,1,genuine_genuine,41,41
data/processed/train/genuine/original_5_14.png,data/processed/train/genuine/original_5_20.png,1,genuine_genuine,5,5
data/processed/train/genuine/original_9_21.png,data/processed/train/genuine/original_9_6.png,1,genuine_genuine,9,9
data/processed/train/genuine/original_10_8.png,data/processed/train/forged/forgeries_10_22.png,0,skilled_forgery,10,10
data/processed/validation/genuine/original_44_24.png,data/processed/validation/forged/forgeries_44_18.png,0,skilled_forgery,44,44
data/processed/train/genuine/original_8_18.png,data/processed/train/genuine/original_8_24.png,1,genuine_genuine,8,8
data/processed/train/genuine/original_27_18.png,data/processed/train/genuine/original_27_6.png,1,genuine_genuine,27,27
data/processed/validation/genuine/original_42_15.png,data/processed/train/genuine/original_7_19.png,0,random_forgery,42,7
data/processed/train/genuine/original_14_20.png,data/processed/train/genuine/original_7_7.png,0,random_forgery,14,7
data/processed/train/genuine/original_26_16.png,data/processed/train/forged/forgeries_26_9.png,0,skilled_forgery,26,26
data/processed/train/genuine/original_26_11.png,data/processed/train/genuine/original_26_20.png,1,genuine_genuine,26,26
data/processed/train/genuine/original_26_3.png,data/processed/train/forged/forgeries_26_21.png,0,skilled_forgery,26,26
data/processed/train/genuine/original_6_16.png,data/processed/train/genuine/original_6_2.png,1,genuine_genuine,6,6
data/processed/train/genuine/original_15_4.png,data/processed/train/genuine/original_27_23.png,0,random_forgery,15,27
data/processed/train/genuine/original_22_8.png,data/processed/train/forged/forgeries_22_14.png,0,skilled_forgery,22,22
data/processed/validation/genuine/original_44_12.png,data/processed/validation/genuine/original_44_17.png,1,genuine_genuine,44,44
data/processed/validation/genuine/original_43_1.png,data/processed/validation/genuine/original_43_19.png,1,genuine_genuine,43,43
data/processed/validation/genuine/original_37_18.png,data/processed/train/genuine/original_4_18.png,0,random_forgery,37,4
data/processed/train/genuine/original_13_4.png,data/processed/train/genuine/original_13_8.png,1,genuine_genuine,13,13
data/processed/train/genuine/original_1_21.png,data/processed/train/forged/forgeries_1_12.png,0,skilled_forgery,1,1
data/processed/train/genuine/original_15_12.png,data/processed/train/genuine/original_15_18.png,1,genuine_genuine,15,15
data/processed/validation/genuine/original_43_1.png,data/processed/validation/genuine/original_43_6.png,1,genuine_genuine,43,43
data/processed/train/genuine/original_14_18.png,data/processed/train/genuine/original_14_24.png,1,genuine_genuine,14,14
data/processed/train/genuine/original_13_16.png,data/processed/train/genuine/original_13_3.png,1,genuine_genuine,13,13
data/processed/train/genuine/original_5_20.png,data/processed/train/genuine/original_5_21.png,1,genuine_genuine,5,5
data/processed/train/genuine/original_7_1.png,data/processed/train/genuine/original_7_4.png,1,genuine_genuine,7,7
data/processed/train/genuine/original_20_1.png,data/processed/train/forged/forgeries_20_1.png,0,skilled_forgery,20,20
data/processed/train/genuine/original_6_2.png,data/processed/train/genuine/original_6_5.png,1,genuine_genuine,6,6
data/processed/train/genuine/original_10_11.png,data/processed/train/genuine/original_10_12.png,1,genuine_genuine,10,10
data/processed/train/genuine/original_10_13.png,data/processed/train/genuine/original_10_7.png,1,genuine_genuine,10,10
data/processed/train/genuine/original_3_23.png,data/processed/train/genuine/original_9_2.png,0,random_forgery,3,9
data/processed/validation/genuine/original_44_15.png,data/processed/validation/genuine/original_44_16.png,1,genuine_genuine,44,44
data/processed/train/genuine/original_26_18.png,data/processed/train/genuine/original_26_23.png,1,genuine_genuine,26,26
data/processed/train/genuine/original_6_23.png,data/processed/train/genuine/original_6_4.png,1,genuine_genuine,6,6
data/processed/train/genuine/original_19_3.png,data/processed/train/forged/forgeries_19_11.png,0,skilled_forgery,19,19
data/processed/train/genuine/original_25_19.png,data/processed/train/forged/forgeries_25_21.png,0,skilled_forgery,25,25
data/processed/train/genuine/original_20_11.png,data/processed/train/genuine/original_20_16.png,1,genuine_genuine,20,20
data/processed/train/genuine/original_22_11.png,data/processed/train/forged/forgeries_22_4.png,0,skilled_forgery,22,22
data/processed/train/genuine/original_18_4.png,data/processed/train/forged/forgeries_18_6.png,0,skilled_forgery,18,18
data/processed/train/genuine/original_8_19.png,data/processed/train/genuine/original_8_22.png,1,genuine_genuine,8,8
data/processed/train/genuine/original_18_10.png,data/processed/train/forged/forgeries_18_4.png,0,skilled_forgery,18,18
data/processed/train/genuine/original_6_1.png,data/processed/train/genuine/original_6_2.png,1,genuine_genuine,6,6
data/processed/train/genuine/original_26_3.png,data/processed/train/genuine/original_26_9.png,1,genuine_genuine,26,26
data/processed/train/genuine/original_7_13.png,data/processed/train/genuine/original_11_23.png,0,random_forgery,7,11
data/processed/train/genuine/original_6_23.png,data/processed/train/forged/forgeries_6_8.png,0,skilled_forgery,6,6
data/processed/train/genuine/original_4_21.png,data/processed/train/forged/forgeries_4_15.png,0,skilled_forgery,4,4
data/processed/train/genuine/original_4_1.png,data/processed/train/genuine/original_4_23.png,1,genuine_genuine,4,4
data/processed/validation/genuine/original_39_4.png,data/processed/train/genuine/original_9_1.png,0,random_forgery,39,9
data/processed/validation/genuine/original_41_10.png,data/processed/validation/genuine/original_41_13.png,1,genuine_genuine,41,41
data/processed/train/genuine/original_14_19.png,data/processed/train/genuine/original_14_5.png,1,genuine_genuine,14,14
data/processed/validation/genuine/original_38_17.png,data/processed/validation/genuine/original_38_21.png,1,genuine_genuine,38,38
data/processed/validation/genuine/original_45_20.png,data/processed/validation/forged/forgeries_45_17.png,0,skilled_forgery,45,45
data/processed/train/genuine/original_10_21.png,data/processed/train/genuine/original_10_7.png,1,genuine_genuine,10,10
data/processed/train/genuine/original_24_9.png,data/processed/train/genuine/original_2_18.png,0,random_forgery,24,2
data/processed/train/genuine/original_16_15.png,data/processed/train/forged/forgeries_16_5.png,0,skilled_forgery,16,16
data/processed/train/genuine/original_12_10.png,data/processed/train/genuine/original_12_22.png,1,genuine_genuine,12,12
data/processed/train/genuine/original_9_9.png,data/processed/train/genuine/original_11_20.png,0,random_forgery,9,11
data/processed/train/genuine/original_15_3.png,data/processed/train/forged/forgeries_15_23.png,0,skilled_forgery,15,15
data/processed/train/genuine/original_15_14.png,data/processed/train/genuine/original_5_7.png,0,random_forgery,15,5
data/processed/train/genuine/original_27_7.png,data/processed/train/genuine/original_27_9.png,1,genuine_genuine,27,27
data/processed/train/genuine/original_12_10.png,data/processed/train/genuine/original_13_18.png,0,random_forgery,12,13
data/processed/validation/genuine/original_42_16.png,data/processed/validation/forged/forgeries_42_22.png,0,skilled_forgery,42,42
data/processed/train/genuine/original_18_14.png,data/processed/train/genuine/original_18_5.png,1,genuine_genuine,18,18
data/processed/train/genuine/original_20_18.png,data/processed/train/forged/forgeries_20_7.png,0,skilled_forgery,20,20
data/processed/train/genuine/original_8_24.png,data/processed/train/forged/forgeries_8_3.png,0,skilled_forgery,8,8
data/processed/train/genuine/original_1_15.png,data/processed/train/forged/forgeries_1_22.png,0,skilled_forgery,1,1
data/processed/train/genuine/original_13_14.png,data/processed/train/genuine/original_25_22.png,0,random_forgery,13,25
data/processed/train/genuine/original_5_17.png,data/processed/train/genuine/original_5_8.png,1,genuine_genuine,5,5
data/processed/validation/genuine/original_43_4.png,data/processed/validation/genuine/original_43_8.png,1,genuine_genuine,43,43
data/processed/train/genuine/original_2_20.png,data/processed/train/genuine/original_2_5.png,1,genuine_genuine,2,2
data/processed/train/genuine/original_21_14.png,data/processed/train/genuine/original_21_2.png,1,genuine_genuine,21,21
data/processed/validation/genuine/original_41_16.png,data/processed/validation/genuine/original_41_22.png,1,genuine_genuine,41,41
data/processed/train/genuine/original_15_1.png,data/processed/train/genuine/original_15_24.png,1,genuine_genuine,15,15
data/processed/validation/genuine/original_45_6.png,data/processed/validation/genuine/original_45_7.png,1,genuine_genuine,45,45
data/processed/train/genuine/original_25_16.png,data/processed/train/genuine/original_5_7.png,0,random_forgery,25,5
data/processed/validation/genuine/original_45_8.png,data/processed/validation/forged/forgeries_45_13.png,0,skilled_forgery,45,45
data/processed/train/genuine/original_6_17.png,data/processed/train/genuine/original_26_7.png,0,random_forgery,6,26
data/processed/train/genuine/original_6_21.png,data/processed/train/genuine/original_6_6.png,1,genuine_genuine,6,6
data/processed/train/genuine/original_19_12.png,data/processed/train/genuine/original_19_4.png,1,genuine_genuine,19,19
data/processed/train/genuine/original_19_14.png,data/processed/train/forged/forgeries_19_1.png,0,skilled_forgery,19,19
data/processed/train/genuine/original_6_15.png,data/processed/train/genuine/original_6_3.png,1,genuine_genuine,6,6
data/processed/validation/genuine/original_43_12.png,data/processed/validation/genuine/original_43_20.png,1,genuine_genuine,43,43
data/processed/train/genuine/original_12_14.png,data/processed/train/genuine/original_12_20.png,1,genuine_genuine,12,12
data/processed/validation/genuine/original_38_18.png,data/processed/validation/genuine/original_38_7.png,1,genuine_genuine,38,38
data/processed/train/genuine/original_16_9.png,data/processed/train/forged/forgeries_16_18.png,0,skilled_forgery,16,16
data/processed/train/genuine/original_23_21.png,data/processed/train/genuine/original_23_6.png,1,genuine_genuine,23,23
data/processed/train/genuine/original_21_6.png,data/processed/train/forged/forgeries_21_13.png,0,skilled_forgery,21,21
data/processed/validation/genuine/original_45_6.png,data/processed/validation/forged/forgeries_45_5.png,0,skilled_forgery,45,45
data/processed/validation/genuine/original_42_4.png,data/processed/validation/genuine/original_37_3.png,0,random_forgery,42,37
data/processed/train/genuine/original_13_3.png,data/processed/train/genuine/original_13_8.png,1,genuine_genuine,13,13
data/processed/train/genuine/original_3_16.png,data/processed/train/genuine/original_3_24.png,1,genuine_genuine,3,3
data/processed/train/genuine/original_9_11.png,data/processed/train/genuine/original_9_18.png,1,genuine_genuine,9,9
data/processed/validation/genuine/original_39_6.png,data/processed/train/genuine/original_18_18.png,0,random_forgery,39,18
data/processed/train/genuine/original_3_15.png,data/processed/train/genuine/original_3_24.png,1,genuine_genuine,3,3
data/processed/train/genuine/original_22_21.png,data/processed/train/genuine/original_22_4.png,1,genuine_genuine,22,22
data/processed/train/genuine/original_5_19.png,data/processed/train/genuine/original_5_9.png,1,genuine_genuine,5,5
data/processed/train/genuine/original_7_19.png,data/processed/train/genuine/original_7_20.png,1,genuine_genuine,7,7
data/processed/validation/genuine/original_45_16.png,data/processed/validation/genuine/original_45_19.png,1,genuine_genuine,45,45
data/processed/train/genuine/original_3_12.png,data/processed/train/genuine/original_3_7.png,1,genuine_genuine,3,3
data/processed/train/genuine/original_21_23.png,data/processed/train/genuine/original_15_2.png,0,random_forgery,21,15
data/processed/train/genuine/original_20_11.png,data/processed/train/genuine/original_24_10.png,0,random_forgery,20,24
data/processed/train/genuine/original_12_8.png,data/processed/train/forged/forgeries_12_12.png,0,skilled_forgery,12,12
data/processed/validation/genuine/original_44_14.png,data/processed/validation/genuine/original_44_20.png,1,genuine_genuine,44,44
data/processed/train/genuine/original_25_1.png,data/processed/train/genuine/original_23_17.png,0,random_forgery,25,23
data/processed/train/genuine/original_26_11.png,data/processed/train/genuine/original_26_19.png,1,genuine_genuine,26,26
data/processed/train/genuine/original_10_1.png,data/processed/train/genuine/original_10_22.png,1,genuine_genuine,10,10
data/processed/train/genuine/original_16_11.png,data/processed/train/genuine/original_16_22.png,1,genuine_genuine,16,16
data/processed/train/genuine/original_25_14.png,data/processed/train/genuine/original_25_3.png,1,genuine_genuine,25,25
data/processed/train/genuine/original_15_7.png,data/processed/train/genuine/original_23_13.png,0,random_forgery,15,23
data/processed/train/genuine/original_9_1.png,data/processed/train/genuine/original_9_14.png,1,genuine_genuine,9,9
data/processed/validation/genuine/original_43_15.png,data/processed/train/genuine/original_12_24.png,0,random_forgery,43,12
data/processed/train/genuine/original_3_15.png,data/processed/validation/genuine/original_44_3.png,0,random_forgery,3,44
data/processed/train/genuine/original_4_19.png,data/processed/train/forged/forgeries_4_23.png,0,skilled_forgery,4,4
data/processed/train/genuine/original_15_1.png,data/processed/train/genuine/original_15_15.png,1,genuine_genuine,15,15
data/processed/validation/genuine/original_45_4.png,data/processed/validation/forged/forgeries_45_24.png,0,skilled_forgery,45,45
data/processed/train/genuine/original_2_17.png,data/processed/train/forged/forgeries_2_6.png,0,skilled_forgery,2,2
data/processed/validation/genuine/original_40_11.png,data/processed/validation/forged/forgeries_40_5.png,0,skilled_forgery,40,40
data/processed/train/genuine/original_7_12.png,data/processed/train/genuine/original_7_22.png,1,genuine_genuine,7,7
data/processed/train/genuine/original_18_15.png,data/processed/train/genuine/original_18_4.png,1,genuine_genuine,18,18
data/processed/validation/genuine/original_37_21.png,data/processed/validation/forged/forgeries_37_12.png,0,skilled_forgery,37,37
data/processed/train/genuine/original_23_10.png,data/processed/train/genuine/original_23_8.png,1,genuine_genuine,23,23
data/processed/train/genuine/original_18_22.png,data/processed/train/forged/forgeries_18_13.png,0,skilled_forgery,18,18
data/processed/train/genuine/original_4_1.png,data/processed/train/forged/forgeries_4_17.png,0,skilled_forgery,4,4
data/processed/train/genuine/original_15_2.png,data/processed/train/genuine/original_15_21.png,1,genuine_genuine,15,15
data/processed/train/genuine/original_23_15.png,data/processed/train/genuine/original_10_3.png,0,random_forgery,23,10
data/processed/train/genuine/original_15_1.png,data/processed/train/genuine/original_15_10.png,1,genuine_genuine,15,15
data/processed/train/genuine/original_12_10.png,data/processed/train/genuine/original_12_21.png,1,genuine_genuine,12,12
data/processed/train/genuine/original_21_13.png,data/processed/train/forged/forgeries_21_11.png,0,skilled_forgery,21,21
data/processed/train/genuine/original_6_7.png,data/processed/train/forged/forgeries_6_7.png,0,skilled_forgery,6,6
data/processed/train/genuine/original_15_12.png,data/processed/train/genuine/original_15_7.png,1,genuine_genuine,15,15
data/processed/validation/genuine/original_43_6.png,data/processed/validation/forged/forgeries_43_23.png,0,skilled_forgery,43,43
data/processed/train/genuine/original_17_17.png,data/processed/train/genuine/original_17_18.png,1,genuine_genuine,17,17
data/processed/validation/genuine/original_37_14.png,data/processed/validation/genuine/original_37_9.png,1,genuine_genuine,37,37
data/processed/train/genuine/original_26_2.png,data/processed/train/forged/forgeries_26_24.png,0,skilled_forgery,26,26
data/processed/train/genuine/original_11_14.png,data/processed/train/genuine/original_11_6.png,1,genuine_genuine,11,11
data/processed/train/genuine/original_15_1.png,data/processed/train/genuine/original_15_8.png,1,genuine_genuine,15,15
data/processed/train/genuine/original_9_14.png,data/processed/train/forged/forgeries_9_14.png,0,skilled_forgery,9,9
data/processed/train/genuine/original_9_15.png,data/processed/train/forged/forgeries_9_6.png,0,skilled_forgery,9,9
data/processed/train/genuine/original_7_18.png,data/processed/train/forged/forgeries_7_22.png,0,skilled_forgery,7,7
data/processed/train/genuine/original_22_19.png,data/processed/train/forged/forgeries_22_13.png,0,skilled_forgery,22,22
data/processed/train/genuine/original_20_16.png,data/processed/train/genuine/original_20_8.png,1,genuine_genuine,20,20
data/processed/train/genuine/original_19_24.png,data/processed/train/genuine/original_10_1.png,0,random_forgery,19,10
data/processed/train/genuine/original_24_20.png,data/processed/train/genuine/original_24_4.png,1,genuine_genuine,24,24
data/processed/train/genuine/original_6_17.png,data/processed/train/genuine/original_6_23.png,1,genuine_genuine,6,6
data/processed/train/genuine/original_24_11.png,data/processed/train/genuine/original_24_22.png,1,genuine_genuine,24,24
data/processed/train/genuine/original_10_18.png,data/processed/train/genuine/original_10_6.png,1,genuine_genuine,10,10
data/processed/train/genuine/original_23_17.png,data/processed/train/genuine/original_23_7.png,1,genuine_genuine,23,23
data/processed/validation/genuine/original_44_2.png,data/processed/validation/genuine/original_44_4.png,1,genuine_genuine,44,44
data/processed/train/genuine/original_18_1.png,data/processed/train/forged/forgeries_18_14.png,0,skilled_forgery,18,18
data/processed/validation/genuine/original_37_15.png,data/processed/validation/genuine/original_43_12.png,0,random_forgery,37,43
data/processed/train/genuine/original_4_10.png,data/processed/train/genuine/original_4_21.png,1,genuine_genuine,4,4
data/processed/train/genuine/original_1_15.png,data/processed/train/genuine/original_1_22.png,1,genuine_genuine,1,1
data/processed/train/genuine/original_25_9.png,data/processed/train/forged/forgeries_25_6.png,0,skilled_forgery,25,25
data/processed/validation/genuine/original_41_23.png,data/processed/train/genuine/original_2_8.png,0,random_forgery,41,2
data/processed/train/genuine/original_10_18.png,data/processed/train/genuine/original_10_24.png,1,genuine_genuine,10,10
data/processed/train/genuine/original_10_11.png,data/processed/train/forged/forgeries_10_14.png,0,skilled_forgery,10,10
data/processed/train/genuine/original_5_18.png,data/processed/train/genuine/original_5_24.png,1,genuine_genuine,5,5
data/processed/train/genuine/original_17_23.png,data/processed/train/genuine/original_17_4.png,1,genuine_genuine,17,17
data/processed/validation/genuine/original_39_6.png,data/processed/validation/forged/forgeries_39_9.png,0,skilled_forgery,39,39
data/processed/train/genuine/original_27_8.png,data/processed/train/forged/forgeries_27_12.png,0,skilled_forgery,27,27
data/processed/train/genuine/original_11_23.png,data/processed/train/genuine/original_5_8.png,0,random_forgery,11,5
data/processed/train/genuine/original_2_24.png,data/processed/train/genuine/original_2_7.png,1,genuine_genuine,2,2
data/processed/validation/genuine/original_45_11.png,data/processed/validation/genuine/original_45_4.png,1,genuine_genuine,45,45
data/processed/train/genuine/original_6_13.png,data/processed/train/genuine/original_17_19.png,0,random_forgery,6,17
data/processed/train/genuine/original_1_13.png,data/processed/train/genuine/original_1_14.png,1,genuine_genuine,1,1
data/processed/train/genuine/original_6_2.png,data/processed/train/forged/forgeries_6_13.png,0,skilled_forgery,6,6
data/processed/train/genuine/original_16_22.png,data/processed/train/genuine/original_16_3.png,1,genuine_genuine,16,16
data/processed/train/genuine/original_16_23.png,data/processed/train/genuine/original_16_5.png,1,genuine_genuine,16,16
data/processed/train/genuine/original_6_19.png,data/processed/train/genuine/original_6_23.png,1,genuine_genuine,6,6
data/processed/train/genuine/original_17_16.png,data/processed/train/genuine/original_17_18.png,1,genuine_genuine,17,17
data/processed/train/genuine/original_14_12.png,data/processed/train/genuine/original_25_13.png,0,random_forgery,14,25
data/processed/train/genuine/original_1_11.png,data/processed/train/genuine/original_1_14.png,1,genuine_genuine,1,1
data/processed/train/genuine/original_13_23.png,data/processed/train/forged/forgeries_13_14.png,0,skilled_forgery,13,13
data/processed/train/genuine/original_9_20.png,data/processed/train/genuine/original_9_21.png,1,genuine_genuine,9,9
data/processed/train/genuine/original_3_2.png,data/processed/train/genuine/original_3_7.png,1,genuine_genuine,3,3
data/processed/train/genuine/original_19_2.png,data/processed/train/forged/forgeries_19_17.png,0,skilled_forgery,19,19
data/processed/train/genuine/original_3_10.png,data/processed/train/genuine/original_3_9.png,1,genuine_genuine,3,3
data/processed/validation/genuine/original_42_16.png,data/processed/train/genuine/original_8_1.png,0,random_forgery,42,8
data/processed/train/genuine/original_25_16.png,data/processed/validation/genuine/original_44_19.png,0,random_forgery,25,44
data/processed/validation/genuine/original_44_10.png,data/processed/validation/genuine/original_44_11.png,1,genuine_genuine,44,44
data/processed/train/genuine/original_15_2.png,data/processed/validation/genuine/original_37_19.png,0,random_forgery,15,37
data/processed/train/genuine/original_14_11.png,data/processed/train/genuine/original_24_17.png,0,random_forgery,14,24
data/processed/train/genuine/original_12_15.png,data/processed/train/genuine/original_12_2.png,1,genuine_genuine,12,12
data/processed/train/genuine/original_20_19.png,data/processed/train/genuine/original_20_24.png,1,genuine_genuine,20,20
data/processed/train/genuine/original_27_13.png,data/processed/train/genuine/original_27_20.png,1,genuine_genuine,27,27
data/processed/train/genuine/original_4_3.png,data/processed/train/forged/forgeries_4_5.png,0,skilled_forgery,4,4
data/processed/validation/genuine/original_44_5.png,data/processed/validation/genuine/original_44_8.png,1,genuine_genuine,44,44
data/processed/train/genuine/original_15_14.png,data/processed/train/forged/forgeries_15_20.png,0,skilled_forgery,15,15
data/processed/train/genuine/original_13_13.png,data/processed/train/genuine/original_13_19.png,1,genuine_genuine,13,13
data/processed/validation/genuine/original_44_13.png,data/processed/validation/genuine/original_44_23.png,1,genuine_genuine,44,44
data/processed/validation/genuine/original_37_3.png,data/processed/validation/forged/forgeries_37_11.png,0,skilled_forgery,37,37
data/processed/train/genuine/original_17_22.png,data/processed/validation/genuine/original_40_20.png,0,random_forgery,17,40
data/processed/train/genuine/original_11_16.png,data/processed/train/genuine/original_11_9.png,1,genuine_genuine,11,11
data/processed/train/genuine/original_24_19.png,data/processed/train/genuine/original_24_21.png,1,genuine_genuine,24,24
data/processed/train/genuine/original_12_9.png,data/processed/train/forged/forgeries_12_4.png,0,skilled_forgery,12,12
data/processed/train/genuine/original_17_19.png,data/processed/train/genuine/original_17_7.png,1,genuine_genuine,17,17
data/processed/train/genuine/original_21_15.png,data/processed/train/forged/forgeries_21_9.png,0,skilled_forgery,21,21
data/processed/train/genuine/original_21_3.png,data/processed/train/forged/forgeries_21_3.png,0,skilled_forgery,21,21
data/processed/train/genuine/original_21_23.png,data/processed/train/genuine/original_21_9.png,1,genuine_genuine,21,21
data/processed/train/genuine/original_5_22.png,data/processed/train/genuine/original_5_5.png,1,genuine_genuine,5,5
data/processed/train/genuine/original_9_15.png,data/processed/train/genuine/original_9_22.png,1,genuine_genuine,9,9
data/processed/train/genuine/original_7_12.png,data/processed/train/genuine/original_7_15.png,1,genuine_genuine,7,7
data/processed/train/genuine/original_6_11.png,data/processed/train/forged/forgeries_6_11.png,0,skilled_forgery,6,6
data/processed/train/genuine/original_7_11.png,data/processed/train/genuine/original_7_19.png,1,genuine_genuine,7,7
data/processed/train/genuine/original_21_12.png,data/processed/train/forged/forgeries_21_18.png,0,skilled_forgery,21,21
data/processed/train/genuine/original_3_2.png,data/processed/train/forged/forgeries_3_17.png,0,skilled_forgery,3,3
data/processed/train/genuine/original_2_19.png,data/processed/train/genuine/original_2_9.png,1,genuine_genuine,2,2
data/processed/train/genuine/original_4_24.png,data/processed/train/forged/forgeries_4_1.png,0,skilled_forgery,4,4
data/processed/train/genuine/original_12_2.png,data/processed/train/genuine/original_12_3.png,1,genuine_genuine,12,12
data/processed/validation/genuine/original_39_1.png,data/processed/validation/genuine/original_39_8.png,1,genuine_genuine,39,39
data/processed/train/genuine/original_24_12.png,data/processed/train/genuine/original_24_9.png,1,genuine_genuine,24,24
data/processed/validation/genuine/original_42_12.png,data/processed/train/genuine/original_3_14.png,0,random_forgery,42,3
data/processed/validation/genuine/original_40_22.png,data/processed/validation/forged/forgeries_40_10.png,0,skilled_forgery,40,40
data/processed/train/genuine/original_2_24.png,data/processed/train/genuine/original_9_21.png,0,random_forgery,2,9
data/processed/train/genuine/original_19_12.png,data/processed/train/genuine/original_19_6.png,1,genuine_genuine,19,19
data/processed/train/genuine/original_13_18.png,data/processed/train/genuine/original_13_23.png,1,genuine_genuine,13,13
data/processed/train/genuine/original_25_7.png,data/processed/train/genuine/original_25_9.png,1,genuine_genuine,25,25
data/processed/train/genuine/original_18_23.png,data/processed/train/forged/forgeries_18_22.png,0,skilled_forgery,18,18
data/processed/train/genuine/original_11_24.png,data/processed/train/genuine/original_11_8.png,1,genuine_genuine,11,11
data/processed/validation/genuine/original_37_4.png,data/processed/validation/genuine/original_37_6.png,1,genuine_genuine,37,37
data/processed/validation/genuine/original_45_13.png,data/processed/validation/genuine/original_45_24.png,1,genuine_genuine,45,45
data/processed/validation/genuine/original_44_5.png,data/processed/train/genuine/original_14_24.png,0,random_forgery,44,14
data/processed/train/genuine/original_19_17.png,data/processed/train/genuine/original_19_7.png,1,genuine_genuine,19,19
data/processed/train/genuine/original_15_16.png,data/processed/train/genuine/original_15_3.png,1,genuine_genuine,15,15
data/processed/train/genuine/original_11_8.png,data/processed/train/forged/forgeries_11_4.png,0,skilled_forgery,11,11
data/processed/train/genuine/original_13_18.png,data/processed/train/genuine/original_13_21.png,1,genuine_genuine,13,13
data/processed/train/genuine/original_25_16.png,data/processed/train/genuine/original_25_2.png,1,genuine_genuine,25,25
data/processed/validation/genuine/original_38_13.png,data/processed/validation/genuine/original_38_5.png,1,genuine_genuine,38,38
data/processed/train/genuine/original_24_3.png,data/processed/train/genuine/original_24_8.png,1,genuine_genuine,24,24
data/processed/validation/genuine/original_44_19.png,data/processed/train/genuine/original_27_6.png,0,random_forgery,44,27
data/processed/train/genuine/original_23_13.png,data/processed/train/genuine/original_23_3.png,1,genuine_genuine,23,23
data/processed/validation/genuine/original_44_2.png,data/processed/validation/genuine/original_44_7.png,1,genuine_genuine,44,44
data/processed/train/genuine/original_10_24.png,data/processed/train/genuine/original_10_9.png,1,genuine_genuine,10,10
data/processed/train/genuine/original_21_15.png,data/processed/train/genuine/original_21_7.png,1,genuine_genuine,21,21
data/processed/train/genuine/original_18_5.png,data/processed/train/genuine/original_18_6.png,1,genuine_genuine,18,18
data/processed/train/genuine/original_20_12.png,data/processed/train/forged/forgeries_20_23.png,0,skilled_forgery,20,20
data/processed/validation/genuine/original_43_11.png,data/processed/validation/genuine/original_43_19.png,1,genuine_genuine,43,43
data/processed/validation/genuine/original_45_5.png,data/processed/validation/genuine/original_40_1.png,0,random_forgery,45,40
data/processed/train/genuine/original_3_19.png,data/processed/train/forged/forgeries_3_10.png,0,skilled_forgery,3,3
data/processed/validation/genuine/original_41_11.png,data/processed/validation/genuine/original_44_15.png,0,random_forgery,41,44
data/processed/train/genuine/original_17_8.png,data/processed/train/genuine/original_17_9.png,1,genuine_genuine,17,17
data/processed/validation/genuine/original_37_16.png,data/processed/validation/forged/forgeries_37_20.png,0,skilled_forgery,37,37
data/processed/train/genuine/original_20_19.png,data/processed/train/forged/forgeries_20_8.png,0,skilled_forgery,20,20
data/processed/validation/genuine/original_41_14.png,data/processed/validation/genuine/original_41_24.png,1,genuine_genuine,41,41
data/processed/validation/genuine/original_45_23.png,data/processed/validation/genuine/original_45_8.png,1,genuine_genuine,45,45
data/processed/train/genuine/original_18_4.png,data/processed/train/genuine/original_18_8.png,1,genuine_genuine,18,18
data/processed/train/genuine/original_20_1.png,data/processed/train/genuine/original_20_21.png,1,genuine_genuine,20,20
data/processed/validation/genuine/original_38_12.png,data/processed/validation/forged/forgeries_38_19.png,0,skilled_forgery,38,38
data/processed/validation/genuine/original_38_7.png,data/processed/validation/genuine/original_38_8.png,1,genuine_genuine,38,38
data/processed/train/genuine/original_16_2.png,data/processed/train/genuine/original_16_9.png,1,genuine_genuine,16,16
data/processed/train/genuine/original_20_18.png,data/processed/train/forged/forgeries_20_16.png,0,skilled_forgery,20,20
data/processed/validation/genuine/original_38_17.png,data/processed/validation/forged/forgeries_38_5.png,0,skilled_forgery,38,38
data/processed/validation/genuine/original_38_13.png,data/processed/validation/genuine/original_38_19.png,1,genuine_genuine,38,38
data/processed/validation/genuine/original_41_9.png,data/processed/validation/forged/forgeries_41_19.png,0,skilled_forgery,41,41
data/processed/train/genuine/original_9_15.png,data/processed/validation/genuine/original_41_18.png,0,random_forgery,9,41
data/processed/train/genuine/original_11_12.png,data/processed/train/genuine/original_11_7.png,1,genuine_genuine,11,11
data/processed/train/genuine/original_14_23.png,data/processed/train/genuine/original_14_24.png,1,genuine_genuine,14,14
data/processed/train/genuine/original_5_11.png,data/processed/train/forged/forgeries_5_24.png,0,skilled_forgery,5,5
data/processed/train/genuine/original_19_21.png,data/processed/train/genuine/original_19_23.png,1,genuine_genuine,19,19
data/processed/train/genuine/original_27_12.png,data/processed/train/forged/forgeries_27_17.png,0,skilled_forgery,27,27
data/processed/validation/genuine/original_41_23.png,data/processed/validation/genuine/original_41_6.png,1,genuine_genuine,41,41
data/processed/validation/genuine/original_40_2.png,data/processed/validation/genuine/original_40_21.png,1,genuine_genuine,40,40
data/processed/validation/genuine/original_45_16.png,data/processed/validation/genuine/original_45_22.png,1,genuine_genuine,45,45
data/processed/train/genuine/original_4_4.png,data/processed/train/genuine/original_2_11.png,0,random_forgery,4,2
data/processed/train/genuine/original_3_5.png,data/processed/train/forged/forgeries_3_21.png,0,skilled_forgery,3,3
data/processed/train/genuine/original_5_2.png,data/processed/train/genuine/original_24_24.png,0,random_forgery,5,24
data/processed/train/genuine/original_22_18.png,data/processed/train/genuine/original_22_19.png,1,genuine_genuine,22,22
data/processed/train/genuine/original_15_2.png,data/processed/train/forged/forgeries_15_13.png,0,skilled_forgery,15,15
data/processed/train/genuine/original_16_11.png,data/processed/train/genuine/original_16_12.png,1,genuine_genuine,16,16
data/processed/train/genuine/original_24_13.png,data/processed/train/forged/forgeries_24_3.png,0,skilled_forgery,24,24
data/processed/train/genuine/original_25_6.png,data/processed/train/forged/forgeries_25_19.png,0,skilled_forgery,25,25
data/processed/train/genuine/original_8_18.png,data/processed/train/genuine/original_8_22.png,1,genuine_genuine,8,8
data/processed/train/genuine/original_5_16.png,data/processed/train/genuine/original_5_5.png,1,genuine_genuine,5,5
data/processed/validation/genuine/original_41_11.png,data/processed/validation/genuine/original_41_6.png,1,genuine_genuine,41,41
data/processed/validation/genuine/original_45_22.png,data/processed/validation/forged/forgeries_45_17.png,0,skilled_forgery,45,45
data/processed/train/genuine/original_4_10.png,data/processed/train/genuine/original_4_9.png,1,genuine_genuine,4,4
data/processed/train/genuine/original_21_3.png,data/processed/train/genuine/original_21_7.png,1,genuine_genuine,21,21
data/processed/train/genuine/original_4_17.png,data/processed/train/genuine/original_4_8.png,1,genuine_genuine,4,4
data/processed/train/genuine/original_23_8.png,data/processed/train/genuine/original_18_18.png,0,random_forgery,23,18
data/processed/train/genuine/original_25_15.png,data/processed/train/genuine/original_25_5.png,1,genuine_genuine,25,25
data/processed/train/genuine/original_9_12.png,data/processed/train/genuine/original_9_5.png,1,genuine_genuine,9,9
data/processed/train/genuine/original_15_20.png,data/processed/train/genuine/original_15_3.png,1,genuine_genuine,15,15
data/processed/train/genuine/original_26_11.png,data/processed/train/genuine/original_26_18.png,1,genuine_genuine,26,26
data/processed/train/genuine/original_19_15.png,data/processed/train/genuine/original_19_16.png,1,genuine_genuine,19,19
data/processed/train/genuine/original_17_15.png,data/processed/train/genuine/original_4_20.png,0,random_forgery,17,4
data/processed/validation/genuine/original_37_22.png,data/processed/validation/forged/forgeries_37_2.png,0,skilled_forgery,37,37
data/processed/validation/genuine/original_37_12.png,data/processed/validation/genuine/original_41_22.png,0,random_forgery,37,41
data/processed/train/genuine/original_4_11.png,data/processed/train/genuine/original_9_11.png,0,random_forgery,4,9
data/processed/train/genuine/original_27_21.png,data/processed/train/forged/forgeries_27_22.png,0,skilled_forgery,27,27
data/processed/validation/genuine/original_40_21.png,data/processed/validation/forged/forgeries_40_13.png,0,skilled_forgery,40,40
data/processed/validation/genuine/original_40_13.png,data/processed/validation/genuine/original_40_3.png,1,genuine_genuine,40,40
data/processed/train/genuine/original_16_17.png,data/processed/train/forged/forgeries_16_4.png,0,skilled_forgery,16,16
data/processed/train/genuine/original_15_16.png,data/processed/train/genuine/original_1_22.png,0,random_forgery,15,1
data/processed/train/genuine/original_5_20.png,data/processed/train/genuine/original_5_3.png,1,genuine_genuine,5,5
data/processed/validation/genuine/original_45_12.png,data/processed/validation/genuine/original_45_24.png,1,genuine_genuine,45,45
data/processed/validation/genuine/original_41_12.png,data/processed/train/genuine/original_27_23.png,0,random_forgery,41,27
data/processed/validation/genuine/original_38_23.png,data/processed/train/genuine/original_15_6.png,0,random_forgery,38,15
data/processed/train/genuine/original_22_19.png,data/processed/train/genuine/original_22_6.png,1,genuine_genuine,22,22
data/processed/validation/genuine/original_45_13.png,data/processed/train/genuine/original_20_7.png,0,random_forgery,45,20
data/processed/train/genuine/original_11_7.png,data/processed/train/forged/forgeries_11_17.png,0,skilled_forgery,11,11
data/processed/train/genuine/original_2_5.png,data/processed/train/genuine/original_4_19.png,0,random_forgery,2,4
data/processed/validation/genuine/original_39_16.png,data/processed/validation/genuine/original_39_7.png,1,genuine_genuine,39,39
data/processed/train/genuine/original_5_1.png,data/processed/train/genuine/original_18_11.png,0,random_forgery,5,18
data/processed/validation/genuine/original_37_22.png,data/processed/validation/forged/forgeries_37_14.png,0,skilled_forgery,37,37
data/processed/train/genuine/original_4_4.png,data/processed/train/forged/forgeries_4_11.png,0,skilled_forgery,4,4
data/processed/train/genuine/original_16_13.png,data/processed/train/genuine/original_22_23.png,0,random_forgery,16,22
data/processed/validation/genuine/original_40_17.png,data/processed/train/genuine/original_14_22.png,0,random_forgery,40,14
data/processed/train/genuine/original_13_21.png,data/processed/train/genuine/original_13_22.png,1,genuine_genuine,13,13
data/processed/train/genuine/original_8_15.png,data/processed/train/forged/forgeries_8_10.png,0,skilled_forgery,8,8
data/processed/train/genuine/original_12_10.png,data/processed/train/genuine/original_12_15.png,1,genuine_genuine,12,12
data/processed/train/genuine/original_11_24.png,data/processed/train/forged/forgeries_11_5.png,0,skilled_forgery,11,11
data/processed/train/genuine/original_19_1.png,data/processed/train/genuine/original_19_22.png,1,genuine_genuine,19,19
data/processed/train/genuine/original_6_5.png,data/processed/train/genuine/original_6_9.png,1,genuine_genuine,6,6
data/processed/train/genuine/original_3_4.png,data/processed/validation/genuine/original_40_2.png,0,random_forgery,3,40
data/processed/train/genuine/original_17_18.png,data/processed/train/genuine/original_17_23.png,1,genuine_genuine,17,17
data/processed/train/genuine/original_22_7.png,data/processed/train/forged/forgeries_22_22.png,0,skilled_forgery,22,22
data/processed/validation/genuine/original_44_14.png,data/processed/validation/genuine/original_44_24.png,1,genuine_genuine,44,44
data/processed/train/genuine/original_12_1.png,data/processed/train/genuine/original_12_21.png,1,genuine_genuine,12,12
data/processed/validation/genuine/original_45_12.png,data/processed/validation/genuine/original_45_6.png,1,genuine_genuine,45,45
data/processed/train/genuine/original_21_10.png,data/processed/train/genuine/original_21_20.png,1,genuine_genuine,21,21
data/processed/train/genuine/original_22_6.png,data/processed/train/forged/forgeries_22_1.png,0,skilled_forgery,22,22
data/processed/validation/genuine/original_37_17.png,data/processed/validation/genuine/original_43_21.png,0,random_forgery,37,43
data/processed/validation/genuine/original_45_19.png,data/processed/train/genuine/original_16_14.png,0,random_forgery,45,16
data/processed/train/genuine/original_20_7.png,data/processed/validation/genuine/original_37_4.png,0,random_forgery,20,37
data/processed/validation/genuine/original_40_14.png,data/processed/validation/forged/forgeries_40_21.png,0,skilled_forgery,40,40
data/processed/train/genuine/original_18_8.png,data/processed/train/forged/forgeries_18_20.png,0,skilled_forgery,18,18
data/processed/validation/genuine/original_39_19.png,data/processed/validation/genuine/original_39_2.png,1,genuine_genuine,39,39
data/processed/train/genuine/original_21_11.png,data/processed/train/genuine/original_21_12.png,1,genuine_genuine,21,21
data/processed/train/genuine/original_10_7.png,data/processed/train/forged/forgeries_10_6.png,0,skilled_forgery,10,10
data/processed/validation/genuine/original_37_20.png,data/processed/validation/genuine/original_37_9.png,1,genuine_genuine,37,37
data/processed/train/genuine/original_17_18.png,data/processed/train/genuine/original_17_22.png,1,genuine_genuine,17,17
data/processed/train/genuine/original_1_11.png,data/processed/train/forged/forgeries_1_23.png,0,skilled_forgery,1,1
data/processed/validation/genuine/original_42_13.png,data/processed/validation/genuine/original_42_18.png,1,genuine_genuine,42,42
data/processed/train/genuine/original_25_13.png,data/processed/validation/genuine/original_41_21.png,0,random_forgery,25,41
data/processed/train/genuine/original_2_20.png,data/processed/validation/genuine/original_45_3.png,0,random_forgery,2,45
data/processed/validation/genuine/original_40_12.png,data/processed/validation/genuine/original_44_8.png,0,random_forgery,40,44
data/processed/train/genuine/original_22_14.png,data/processed/train/genuine/original_22_17.png,1,genuine_genuine,22,22
data/processed/train/genuine/original_27_9.png,data/processed/train/genuine/original_19_5.png,0,random_forgery,27,19
data/processed/train/genuine/original_1_6.png,data/processed/train/forged/forgeries_1_23.png,0,skilled_forgery,1,1
data/processed/validation/genuine/original_45_6.png,data/processed/validation/genuine/original_45_9.png,1,genuine_genuine,45,45
data/processed/train/genuine/original_22_9.png,data/processed/train/genuine/original_26_4.png,0,random_forgery,22,26
data/processed/train/genuine/original_6_10.png,data/processed/train/genuine/original_6_21.png,1,genuine_genuine,6,6
data/processed/train/genuine/original_1_13.png,data/processed/train/genuine/original_2_22.png,0,random_forgery,1,2
data/processed/train/genuine/original_1_19.png,data/processed/train/genuine/original_16_14.png,0,random_forgery,1,16
data/processed/validation/genuine/original_44_17.png,data/processed/validation/genuine/original_44_19.png,1,genuine_genuine,44,44
data/processed/train/genuine/original_19_12.png,data/processed/train/forged/forgeries_19_11.png,0,skilled_forgery,19,19
data/processed/train/genuine/original_25_23.png,data/processed/train/genuine/original_11_2.png,0,random_forgery,25,11
data/processed/validation/genuine/original_38_4.png,data/processed/validation/forged/forgeries_38_2.png,0,skilled_forgery,38,38
data/processed/validation/genuine/original_38_10.png,data/processed/validation/genuine/original_38_21.png,1,genuine_genuine,38,38
data/processed/train/genuine/original_3_3.png,data/processed/train/forged/forgeries_3_6.png,0,skilled_forgery,3,3
data/processed/train/genuine/original_27_12.png,data/processed/train/forged/forgeries_27_11.png,0,skilled_forgery,27,27
data/processed/train/genuine/original_23_6.png,data/processed/train/genuine/original_25_9.png,0,random_forgery,23,25
data/processed/validation/genuine/original_37_15.png,data/processed/validation/genuine/original_37_6.png,1,genuine_genuine,37,37
data/processed/train/genuine/original_24_1.png,data/processed/train/genuine/original_24_4.png,1,genuine_genuine,24,24
data/processed/validation/genuine/original_37_1.png,data/processed/validation/forged/forgeries_37_19.png,0,skilled_forgery,37,37
data/processed/train/genuine/original_19_6.png,data/processed/train/forged/forgeries_19_7.png,0,skilled_forgery,19,19
data/processed/train/genuine/original_6_4.png,data/processed/validation/genuine/original_40_24.png,0,random_forgery,6,40
data/processed/train/genuine/original_12_10.png,data/processed/train/genuine/original_12_16.png,1,genuine_genuine,12,12
data/processed/train/genuine/original_15_8.png,data/processed/train/genuine/original_25_17.png,0,random_forgery,15,25
data/processed/validation/genuine/original_44_22.png,data/processed/validation/genuine/original_44_9.png,1,genuine_genuine,44,44
data/processed/train/genuine/original_15_19.png,data/processed/train/genuine/original_15_22.png,1,genuine_genuine,15,15
data/processed/validation/genuine/original_40_23.png,data/processed/train/genuine/original_5_7.png,0,random_forgery,40,5
data/processed/train/genuine/original_4_8.png,data/processed/train/genuine/original_26_20.png,0,random_forgery,4,26
data/processed/train/genuine/original_18_20.png,data/processed/validation/genuine/original_40_17.png,0,random_forgery,18,40
data/processed/validation/genuine/original_42_13.png,data/processed/validation/genuine/original_42_2.png,1,genuine_genuine,42,42
data/processed/validation/genuine/original_41_17.png,data/processed/validation/genuine/original_41_21.png,1,genuine_genuine,41,41
data/processed/train/genuine/original_7_19.png,data/processed/train/genuine/original_1_7.png,0,random_forgery,7,1
data/processed/train/genuine/original_20_11.png,data/processed/train/genuine/original_20_15.png,1,genuine_genuine,20,20
data/processed/train/genuine/original_9_9.png,data/processed/train/genuine/original_12_21.png,0,random_forgery,9,12
data/processed/train/genuine/original_5_18.png,data/processed/train/genuine/original_5_7.png,1,genuine_genuine,5,5
data/processed/train/genuine/original_14_16.png,data/processed/train/genuine/original_14_4.png,1,genuine_genuine,14,14
data/processed/train/genuine/original_9_4.png,data/processed/train/forged/forgeries_9_17.png,0,skilled_forgery,9,9
data/processed/train/genuine/original_21_21.png,data/processed/train/genuine/original_21_8.png,1,genuine_genuine,21,21
data/processed/validation/genuine/original_45_12.png,data/processed/validation/genuine/original_45_2.png,1,genuine_genuine,45,45
data/processed/train/genuine/original_14_8.png,data/processed/train/forged/forgeries_14_12.png,0,skilled_forgery,14,14
data/processed/train/genuine/original_18_11.png,data/processed/train/genuine/original_18_5.png,1,genuine_genuine,18,18
data/processed/train/genuine/original_23_17.png,data/processed/train/genuine/original_23_23.png,1,genuine_genuine,23,23
data/processed/train/genuine/original_7_16.png,data/processed/train/genuine/original_7_21.png,1,genuine_genuine,7,7
data/processed/train/genuine/original_24_16.png,data/processed/train/genuine/original_24_3.png,1,genuine_genuine,24,24
data/processed/validation/genuine/original_44_24.png,data/processed/train/genuine/original_16_20.png,0,random_forgery,44,16
data/processed/train/genuine/original_16_1.png,data/processed/train/genuine/original_16_14.png,1,genuine_genuine,16,16
data/processed/train/genuine/original_2_12.png,data/processed/train/genuine/original_2_6.png,1,genuine_genuine,2,2
data/processed/train/genuine/original_19_24.png,data/processed/train/forged/forgeries_19_23.png,0,skilled_forgery,19,19
data/processed/validation/genuine/original_39_18.png,data/processed/validation/genuine/original_39_23.png,1,genuine_genuine,39,39
data/processed/train/genuine/original_6_14.png,data/processed/train/genuine/original_6_3.png,1,genuine_genuine,6,6
data/processed/validation/genuine/original_41_12.png,data/processed/validation/genuine/original_41_3.png,1,genuine_genuine,41,41
data/processed/validation/genuine/original_37_7.png,data/processed/validation/forged/forgeries_37_2.png,0,skilled_forgery,37,37
data/processed/validation/genuine/original_41_13.png,data/processed/validation/genuine/original_41_20.png,1,genuine_genuine,41,41
data/processed/train/genuine/original_24_19.png,data/processed/train/genuine/original_24_9.png,1,genuine_genuine,24,24
data/processed/validation/genuine/original_40_21.png,data/processed/validation/genuine/original_40_4.png,1,genuine_genuine,40,40
data/processed/train/genuine/original_2_3.png,data/processed/train/genuine/original_27_16.png,0,random_forgery,2,27
data/processed/validation/genuine/original_37_13.png,data/processed/validation/forged/forgeries_37_16.png,0,skilled_forgery,37,37
data/processed/train/genuine/original_8_22.png,data/processed/train/genuine/original_21_20.png,0,random_forgery,8,21
data/processed/validation/genuine/original_39_12.png,data/processed/validation/genuine/original_39_23.png,1,genuine_genuine,39,39
data/processed/validation/genuine/original_42_17.png,data/processed/validation/genuine/original_42_2.png,1,genuine_genuine,42,42
data/processed/train/genuine/original_20_1.png,data/processed/train/genuine/original_4_19.png,0,random_forgery,20,4
data/processed/train/genuine/original_19_23.png,data/processed/train/genuine/original_19_3.png,1,genuine_genuine,19,19
data/processed/train/genuine/original_12_19.png,data/processed/train/forged/forgeries_12_13.png,0,skilled_forgery,12,12
data/processed/train/genuine/original_25_1.png,data/processed/train/genuine/original_25_20.png,1,genuine_genuine,25,25
data/processed/train/genuine/original_21_4.png,data/processed/train/genuine/original_14_11.png,0,random_forgery,21,14
data/processed/train/genuine/original_25_24.png,data/processed/train/genuine/original_13_13.png,0,random_forgery,25,13
data/processed/train/genuine/original_21_18.png,data/processed/train/forged/forgeries_21_18.png,0,skilled_forgery,21,21
data/processed/train/genuine/original_3_1.png,data/processed/train/genuine/original_21_20.png,0,random_forgery,3,21
data/processed/validation/genuine/original_37_12.png,data/processed/validation/genuine/original_37_18.png,1,genuine_genuine,37,37
data/processed/train/genuine/original_3_24.png,data/processed/train/forged/forgeries_3_1.png,0,skilled_forgery,3,3
data/processed/train/genuine/original_12_19.png,data/processed/train/genuine/original_12_6.png,1,genuine_genuine,12,12
data/processed/train/genuine/original_21_1.png,data/processed/train/forged/forgeries_21_17.png,0,skilled_forgery,21,21
data/processed/validation/genuine/original_45_20.png,data/processed/validation/genuine/original_45_7.png,1,genuine_genuine,45,45
data/processed/train/genuine/original_3_13.png,data/processed/train/genuine/original_3_15.png,1,genuine_genuine,3,3
data/processed/train/genuine/original_11_10.png,data/processed/train/genuine/original_11_4.png,1,genuine_genuine,11,11
data/processed/train/genuine/original_20_15.png,data/processed/train/forged/forgeries_20_3.png,0,skilled_forgery,20,20
data/processed/train/genuine/original_8_10.png,data/processed/train/genuine/original_8_14.png,1,genuine_genuine,8,8
data/processed/train/genuine/original_15_15.png,data/processed/train/genuine/original_15_9.png,1,genuine_genuine,15,15
data/processed/train/genuine/original_6_19.png,data/processed/train/forged/forgeries_6_2.png,0,skilled_forgery,6,6
data/processed/train/genuine/original_22_15.png,data/processed/train/genuine/original_22_3.png,1,genuine_genuine,22,22
data/processed/train/genuine/original_2_10.png,data/processed/train/forged/forgeries_2_17.png,0,skilled_forgery,2,2
data/processed/train/genuine/original_12_1.png,data/processed/train/forged/forgeries_12_8.png,0,skilled_forgery,12,12
data/processed/train/genuine/original_5_9.png,data/processed/train/forged/forgeries_5_24.png,0,skilled_forgery,5,5
data/processed/train/genuine/original_7_16.png,data/processed/train/genuine/original_7_2.png,1,genuine_genuine,7,7
data/processed/validation/genuine/original_39_4.png,data/processed/validation/genuine/original_39_6.png,1,genuine_genuine,39,39
data/processed/train/genuine/original_2_13.png,data/processed/train/genuine/original_16_19.png,0,random_forgery,2,16
data/processed/train/genuine/original_18_12.png,data/processed/train/genuine/original_18_18.png,1,genuine_genuine,18,18
data/processed/validation/genuine/original_37_13.png,data/processed/validation/genuine/original_37_3.png,1,genuine_genuine,37,37
data/processed/train/genuine/original_16_6.png,data/processed/train/genuine/original_16_7.png,1,genuine_genuine,16,16
data/processed/train/genuine/original_15_10.png,data/processed/train/forged/forgeries_15_7.png,0,skilled_forgery,15,15
data/processed/train/genuine/original_24_4.png,data/processed/train/forged/forgeries_24_5.png,0,skilled_forgery,24,24
data/processed/train/genuine/original_27_4.png,data/processed/train/forged/forgeries_27_3.png,0,skilled_forgery,27,27
data/processed/train/genuine/original_11_21.png,data/processed/train/genuine/original_11_6.png,1,genuine_genuine,11,11
data/processed/train/genuine/original_9_2.png,data/processed/train/genuine/original_20_5.png,0,random_forgery,9,20
data/processed/train/genuine/original_17_8.png,data/processed/train/genuine/original_21_22.png,0,random_forgery,17,21
data/processed/validation/genuine/original_39_10.png,data/processed/validation/genuine/original_39_12.png,1,genuine_genuine,39,39
data/processed/train/genuine/original_7_17.png,data/processed/train/genuine/original_7_9.png,1,genuine_genuine,7,7
data/processed/train/genuine/original_9_24.png,data/processed/validation/genuine/original_45_15.png,0,random_forgery,9,45
data/processed/train/genuine/original_4_20.png,data/processed/train/forged/forgeries_4_15.png,0,skilled_forgery,4,4
data/processed/validation/genuine/original_41_3.png,data/processed/validation/forged/forgeries_41_7.png,0,skilled_forgery,41,41
data/processed/validation/genuine/original_45_21.png,data/processed/train/genuine/original_1_20.png,0,random_forgery,45,1
data/processed/train/genuine/original_8_21.png,data/processed/train/forged/forgeries_8_8.png,0,skilled_forgery,8,8
data/processed/train/genuine/original_19_10.png,data/processed/train/genuine/original_19_8.png,1,genuine_genuine,19,19
data/processed/train/genuine/original_17_12.png,data/processed/train/genuine/original_17_20.png,1,genuine_genuine,17,17
data/processed/train/genuine/original_16_13.png,data/processed/train/genuine/original_16_6.png,1,genuine_genuine,16,16
data/processed/train/genuine/original_23_19.png,data/processed/train/genuine/original_23_6.png,1,genuine_genuine,23,23
data/processed/train/genuine/original_8_23.png,data/processed/train/genuine/original_8_24.png,1,genuine_genuine,8,8
data/processed/train/genuine/original_7_23.png,data/processed/train/forged/forgeries_7_3.png,0,skilled_forgery,7,7
data/processed/train/genuine/original_24_20.png,data/processed/train/forged/forgeries_24_9.png,0,skilled_forgery,24,24
data/processed/train/genuine/original_5_6.png,data/processed/train/genuine/original_5_9.png,1,genuine_genuine,5,5
data/processed/train/genuine/original_21_11.png,data/processed/train/genuine/original_21_22.png,1,genuine_genuine,21,21
data/processed/train/genuine/original_14_16.png,data/processed/train/forged/forgeries_14_6.png,0,skilled_forgery,14,14
data/processed/train/genuine/original_16_16.png,data/processed/train/genuine/original_16_5.png,1,genuine_genuine,16,16
data/processed/train/genuine/original_8_19.png,data/processed/train/genuine/original_8_3.png,1,genuine_genuine,8,8
data/processed/train/genuine/original_8_14.png,data/processed/train/genuine/original_8_4.png,1,genuine_genuine,8,8
data/processed/validation/genuine/original_37_23.png,data/processed/validation/genuine/original_37_8.png,1,genuine_genuine,37,37
data/processed/validation/genuine/original_43_24.png,data/processed/validation/genuine/original_43_3.png,1,genuine_genuine,43,43
data/processed/validation/genuine/original_43_18.png,data/processed/validation/genuine/original_43_23.png,1,genuine_genuine,43,43
data/processed/train/genuine/original_9_2.png,data/processed/train/genuine/original_9_22.png,1,genuine_genuine,9,9
data/processed/train/genuine/original_18_4.png,data/processed/train/forged/forgeries_18_3.png,0,skilled_forgery,18,18
data/processed/validation/genuine/original_39_16.png,data/processed/validation/genuine/original_39_21.png,1,genuine_genuine,39,39
data/processed/train/genuine/original_11_1.png,data/processed/train/genuine/original_11_20.png,1,genuine_genuine,11,11
data/processed/validation/genuine/original_39_20.png,data/processed/validation/forged/forgeries_39_23.png,0,skilled_forgery,39,39
data/processed/train/genuine/original_24_22.png,data/processed/train/genuine/original_24_6.png,1,genuine_genuine,24,24
data/processed/train/genuine/original_5_12.png,data/processed/train/forged/forgeries_5_13.png,0,skilled_forgery,5,5
data/processed/train/genuine/original_23_17.png,data/processed/train/forged/forgeries_23_9.png,0,skilled_forgery,23,23
data/processed/validation/genuine/original_45_11.png,data/processed/validation/genuine/original_45_20.png,1,genuine_genuine,45,45
data/processed/train/genuine/original_25_2.png,data/processed/train/genuine/original_5_12.png,0,random_forgery,25,5
data/processed/train/genuine/original_25_18.png,data/processed/train/forged/forgeries_25_16.png,0,skilled_forgery,25,25
data/processed/train/genuine/original_19_18.png,data/processed/train/forged/forgeries_19_18.png,0,skilled_forgery,19,19
data/processed/train/genuine/original_14_13.png,data/processed/train/genuine/original_14_21.png,1,genuine_genuine,14,14
data/processed/train/genuine/original_16_17.png,data/processed/train/forged/forgeries_16_10.png,0,skilled_forgery,16,16
data/processed/train/genuine/original_18_21.png,data/processed/train/forged/forgeries_18_7.png,0,skilled_forgery,18,18
data/processed/train/genuine/original_10_13.png,data/processed/train/genuine/original_10_6.png,1,genuine_genuine,10,10
data/processed/train/genuine/original_15_24.png,data/processed/train/forged/forgeries_15_17.png,0,skilled_forgery,15,15
data/processed/train/genuine/original_2_13.png,data/processed/train/genuine/original_2_24.png,1,genuine_genuine,2,2
data/processed/train/genuine/original_7_3.png,data/processed/train/genuine/original_7_7.png,1,genuine_genuine,7,7
data/processed/train/genuine/original_27_13.png,data/processed/validation/genuine/original_44_14.png,0,random_forgery,27,44
data/processed/train/genuine/original_4_22.png,data/processed/train/genuine/original_4_24.png,1,genuine_genuine,4,4
data/processed/train/genuine/original_20_6.png,data/processed/train/genuine/original_25_6.png,0,random_forgery,20,25
data/processed/train/genuine/original_26_6.png,data/processed/train/genuine/original_17_12.png,0,random_forgery,26,17
data/processed/train/genuine/original_18_11.png,data/processed/train/genuine/original_18_20.png,1,genuine_genuine,18,18
data/processed/train/genuine/original_16_10.png,data/processed/train/genuine/original_16_22.png,1,genuine_genuine,16,16
data/processed/train/genuine/original_16_17.png,data/processed/train/genuine/original_16_3.png,1,genuine_genuine,16,16
data/processed/train/genuine/original_23_18.png,data/processed/train/genuine/original_23_8.png,1,genuine_genuine,23,23
data/processed/train/genuine/original_16_17.png,data/processed/validation/genuine/original_44_17.png,0,random_forgery,16,44
data/processed/train/genuine/original_6_5.png,data/processed/train/forged/forgeries_6_2.png,0,skilled_forgery,6,6
data/processed/train/genuine/original_14_1.png,data/processed/train/forged/forgeries_14_2.png,0,skilled_forgery,14,14
data/processed/train/genuine/original_16_12.png,data/processed/train/genuine/original_16_8.png,1,genuine_genuine,16,16
data/processed/train/genuine/original_13_7.png,data/processed/validation/genuine/original_39_11.png,0,random_forgery,13,39
data/processed/train/genuine/original_13_17.png,data/processed/train/forged/forgeries_13_9.png,0,skilled_forgery,13,13
data/processed/train/genuine/original_3_5.png,data/processed/train/genuine/original_3_6.png,1,genuine_genuine,3,3
data/processed/train/genuine/original_23_16.png,data/processed/train/genuine/original_23_24.png,1,genuine_genuine,23,23
data/processed/train/genuine/original_26_4.png,data/processed/train/forged/forgeries_26_19.png,0,skilled_forgery,26,26
data/processed/train/genuine/original_5_17.png,data/processed/train/genuine/original_5_7.png,1,genuine_genuine,5,5
data/processed/train/genuine/original_3_11.png,data/processed/train/genuine/original_3_23.png,1,genuine_genuine,3,3
data/processed/train/genuine/original_20_10.png,data/processed/train/forged/forgeries_20_1.png,0,skilled_forgery,20,20
data/processed/validation/genuine/original_39_20.png,data/processed/validation/genuine/original_39_5.png,1,genuine_genuine,39,39
data/processed/validation/genuine/original_39_12.png,data/processed/validation/genuine/original_39_2.png,1,genuine_genuine,39,39
data/processed/train/genuine/original_27_14.png,data/processed/train/genuine/original_27_18.png,1,genuine_genuine,27,27
data/processed/train/genuine/original_9_9.png,data/processed/train/forged/forgeries_9_16.png,0,skilled_forgery,9,9
data/processed/train/genuine/original_21_5.png,data/processed/train/forged/forgeries_21_6.png,0,skilled_forgery,21,21
data/processed/train/genuine/original_22_22.png,data/processed/train/forged/forgeries_22_20.png,0,skilled_forgery,22,22
data/processed/validation/genuine/original_43_7.png,data/processed/validation/forged/forgeries_43_24.png,0,skilled_forgery,43,43
data/processed/validation/genuine/original_44_18.png,data/processed/validation/forged/forgeries_44_20.png,0,skilled_forgery,44,44
data/processed/validation/genuine/original_41_13.png,data/processed/validation/forged/forgeries_41_5.png,0,skilled_forgery,41,41
data/processed/train/genuine/original_16_17.png,data/processed/train/forged/forgeries_16_11.png,0,skilled_forgery,16,16
data/processed/train/genuine/original_3_14.png,data/processed/train/genuine/original_3_21.png,1,genuine_genuine,3,3
data/processed/validation/genuine/original_38_21.png,data/processed/validation/genuine/original_38_6.png,1,genuine_genuine,38,38
data/processed/train/genuine/original_4_16.png,data/processed/train/genuine/original_4_20.png,1,genuine_genuine,4,4
data/processed/validation/genuine/original_44_20.png,data/processed/validation/genuine/original_44_21.png,1,genuine_genuine,44,44
data/processed/train/genuine/original_4_9.png,data/processed/train/forged/forgeries_4_22.png,0,skilled_forgery,4,4
data/processed/train/genuine/original_1_5.png,data/processed/train/genuine/original_11_10.png,0,random_forgery,1,11
data/processed/train/genuine/original_13_24.png,data/processed/train/forged/forgeries_13_6.png,0,skilled_forgery,13,13
data/processed/train/genuine/original_25_7.png,data/processed/train/genuine/original_17_3.png,0,random_forgery,25,17
data/processed/train/genuine/original_14_24.png,data/processed/train/genuine/original_14_5.png,1,genuine_genuine,14,14
data/processed/train/genuine/original_27_8.png,data/processed/train/genuine/original_11_7.png,0,random_forgery,27,11
data/processed/train/genuine/original_6_21.png,data/processed/train/genuine/original_6_5.png,1,genuine_genuine,6,6
data/processed/validation/genuine/original_43_1.png,data/processed/validation/genuine/original_37_18.png,0,random_forgery,43,37
data/processed/train/genuine/original_21_24.png,data/processed/train/forged/forgeries_21_12.png,0,skilled_forgery,21,21
data/processed/train/genuine/original_14_4.png,data/processed/train/forged/forgeries_14_5.png,0,skilled_forgery,14,14
data/processed/train/genuine/original_4_23.png,data/processed/train/forged/forgeries_4_22.png,0,skilled_forgery,4,4
data/processed/validation/genuine/original_39_13.png,data/processed/validation/forged/forgeries_39_17.png,0,skilled_forgery,39,39
data/processed/train/genuine/original_8_5.png,data/processed/train/forged/forgeries_8_15.png,0,skilled_forgery,8,8
data/processed/train/genuine/original_20_1.png,data/processed/train/genuine/original_20_15.png,1,genuine_genuine,20,20
data/processed/train/genuine/original_24_20.png,data/processed/train/genuine/original_24_21.png,1,genuine_genuine,24,24
data/processed/train/genuine/original_26_11.png,data/processed/train/genuine/original_26_8.png,1,genuine_genuine,26,26
data/processed/train/genuine/original_27_11.png,data/processed/train/genuine/original_27_20.png,1,genuine_genuine,27,27
data/processed/train/genuine/original_3_18.png,data/processed/train/genuine/original_3_20.png,1,genuine_genuine,3,3
data/processed/train/genuine/original_2_9.png,data/processed/train/forged/forgeries_2_23.png,0,skilled_forgery,2,2
data/processed/train/genuine/original_27_12.png,data/processed/train/genuine/original_27_5.png,1,genuine_genuine,27,27
data/processed/train/genuine/original_27_23.png,data/processed/train/forged/forgeries_27_20.png,0,skilled_forgery,27,27
data/processed/validation/genuine/original_39_2.png,data/processed/validation/forged/forgeries_39_2.png,0,skilled_forgery,39,39
data/processed/validation/genuine/original_44_20.png,data/processed/validation/forged/forgeries_44_8.png,0,skilled_forgery,44,44
data/processed/validation/genuine/original_45_11.png,data/processed/validation/forged/forgeries_45_8.png,0,skilled_forgery,45,45
data/processed/validation/genuine/original_41_17.png,data/processed/validation/genuine/original_41_23.png,1,genuine_genuine,41,41
data/processed/train/genuine/original_8_13.png,data/processed/train/genuine/original_17_23.png,0,random_forgery,8,17
data/processed/validation/genuine/original_44_22.png,data/processed/train/genuine/original_13_10.png,0,random_forgery,44,13
data/processed/train/genuine/original_18_3.png,data/processed/train/forged/forgeries_18_18.png,0,skilled_forgery,18,18
data/processed/train/genuine/original_8_18.png,data/processed/train/genuine/original_8_3.png,1,genuine_genuine,8,8
data/processed/train/genuine/original_10_4.png,data/processed/train/forged/forgeries_10_4.png,0,skilled_forgery,10,10
data/processed/train/genuine/original_7_10.png,data/processed/train/forged/forgeries_7_13.png,0,skilled_forgery,7,7
data/processed/validation/genuine/original_38_17.png,data/processed/validation/genuine/original_38_19.png,1,genuine_genuine,38,38
data/processed/train/genuine/original_21_14.png,data/processed/train/genuine/original_21_16.png,1,genuine_genuine,21,21
data/processed/train/genuine/original_6_21.png,data/processed/train/genuine/original_6_9.png,1,genuine_genuine,6,6
data/processed/train/genuine/original_4_18.png,data/processed/train/genuine/original_4_5.png,1,genuine_genuine,4,4
data/processed/train/genuine/original_17_21.png,data/processed/train/genuine/original_17_8.png,1,genuine_genuine,17,17
data/processed/validation/genuine/original_42_11.png,data/processed/validation/genuine/original_42_24.png,1,genuine_genuine,42,42
data/processed/train/genuine/original_7_14.png,data/processed/train/genuine/original_4_16.png,0,random_forgery,7,4
data/processed/validation/genuine/original_44_24.png,data/processed/train/genuine/original_23_14.png,0,random_forgery,44,23
data/processed/validation/genuine/original_43_11.png,data/processed/validation/genuine/original_43_18.png,1,genuine_genuine,43,43
data/processed/train/genuine/original_27_8.png,data/processed/train/genuine/original_9_16.png,0,random_forgery,27,9
data/processed/train/genuine/original_14_20.png,data/processed/train/genuine/original_14_8.png,1,genuine_genuine,14,14
data/processed/train/genuine/original_24_12.png,data/processed/train/genuine/original_24_2.png,1,genuine_genuine,24,24
data/processed/validation/genuine/original_45_3.png,data/processed/validation/forged/forgeries_45_16.png,0,skilled_forgery,45,45
data/processed/train/genuine/original_20_24.png,data/processed/train/forged/forgeries_20_4.png,0,skilled_forgery,20,20
data/processed/validation/genuine/original_45_17.png,data/processed/validation/forged/forgeries_45_24.png,0,skilled_forgery,45,45
data/processed/train/genuine/original_14_4.png,data/processed/train/forged/forgeries_14_18.png,0,skilled_forgery,14,14
data/processed/train/genuine/original_6_1.png,data/processed/train/genuine/original_6_16.png,1,genuine_genuine,6,6
data/processed/train/genuine/original_16_15.png,data/processed/train/genuine/original_16_22.png,1,genuine_genuine,16,16
data/processed/train/genuine/original_19_14.png,data/processed/train/genuine/original_19_6.png,1,genuine_genuine,19,19
data/processed/validation/genuine/original_38_16.png,data/processed/validation/forged/forgeries_38_18.png,0,skilled_forgery,38,38
data/processed/train/genuine/original_8_23.png,data/processed/train/genuine/original_11_23.png,0,random_forgery,8,11
data/processed/train/genuine/original_2_24.png,data/processed/validation/genuine/original_39_22.png,0,random_forgery,2,39
data/processed/train/genuine/original_14_18.png,data/processed/train/genuine/original_14_8.png,1,genuine_genuine,14,14
data/processed/train/genuine/original_2_23.png,data/processed/train/genuine/original_2_4.png,1,genuine_genuine,2,2
data/processed/validation/genuine/original_43_4.png,data/processed/validation/genuine/original_43_5.png,1,genuine_genuine,43,43
data/processed/train/genuine/original_15_23.png,data/processed/train/forged/forgeries_15_8.png,0,skilled_forgery,15,15
data/processed/train/genuine/original_10_12.png,data/processed/train/genuine/original_10_14.png,1,genuine_genuine,10,10
data/processed/train/genuine/original_25_18.png,data/processed/train/genuine/original_25_19.png,1,genuine_genuine,25,25
data/processed/validation/genuine/original_37_24.png,data/processed/validation/forged/forgeries_37_21.png,0,skilled_forgery,37,37
data/processed/train/genuine/original_3_23.png,data/processed/train/genuine/original_3_24.png,1,genuine_genuine,3,3
data/processed/validation/genuine/original_42_22.png,data/processed/validation/genuine/original_42_6.png,1,genuine_genuine,42,42
data/processed/validation/genuine/original_39_20.png,data/processed/validation/genuine/original_39_4.png,1,genuine_genuine,39,39
data/processed/train/genuine/original_15_2.png,data/processed/train/forged/forgeries_15_7.png,0,skilled_forgery,15,15
data/processed/train/genuine/original_21_16.png,data/processed/train/forged/forgeries_21_4.png,0,skilled_forgery,21,21
data/processed/validation/genuine/original_39_23.png,data/processed/validation/genuine/original_39_6.png,1,genuine_genuine,39,39
data/processed/validation/genuine/original_39_14.png,data/processed/validation/genuine/original_39_24.png,1,genuine_genuine,39,39
data/processed/train/genuine/original_22_16.png,data/processed/train/genuine/original_22_5.png,1,genuine_genuine,22,22
data/processed/validation/genuine/original_41_10.png,data/processed/validation/genuine/original_41_5.png,1,genuine_genuine,41,41
data/processed/train/genuine/original_5_11.png,data/processed/train/forged/forgeries_5_17.png,0,skilled_forgery,5,5
data/processed/validation/genuine/original_38_24.png,data/processed/validation/forged/forgeries_38_6.png,0,skilled_forgery,38,38
data/processed/train/genuine/original_14_13.png,data/processed/train/genuine/original_14_18.png,1,genuine_genuine,14,14
data/processed/train/genuine/original_20_17.png,data/processed/train/forged/forgeries_20_20.png,0,skilled_forgery,20,20
data/processed/validation/genuine/original_37_8.png,data/processed/validation/forged/forgeries_37_23.png,0,skilled_forgery,37,37
data/processed/train/genuine/original_7_12.png,data/processed/train/forged/forgeries_7_10.png,0,skilled_forgery,7,7
data/processed/train/genuine/original_9_24.png,data/processed/train/forged/forgeries_9_9.png,0,skilled_forgery,9,9
data/processed/validation/genuine/original_39_5.png,data/processed/validation/forged/forgeries_39_1.png,0,skilled_forgery,39,39
data/processed/train/genuine/original_11_3.png,data/processed/train/forged/forgeries_11_8.png,0,skilled_forgery,11,11
data/processed/train/genuine/original_6_6.png,data/processed/train/genuine/original_15_9.png,0,random_forgery,6,15
data/processed/train/genuine/original_15_23.png,data/processed/train/genuine/original_15_4.png,1,genuine_genuine,15,15
data/processed/train/genuine/original_16_13.png,data/processed/train/genuine/original_16_15.png,1,genuine_genuine,16,16
data/processed/validation/genuine/original_38_11.png,data/processed/validation/forged/forgeries_38_22.png,0,skilled_forgery,38,38
data/processed/train/genuine/original_23_10.png,data/processed/train/genuine/original_23_6.png,1,genuine_genuine,23,23
data/processed/validation/genuine/original_37_16.png,data/processed/validation/genuine/original_37_18.png,1,genuine_genuine,37,37
data/processed/train/genuine/original_8_15.png,data/processed/train/genuine/original_8_18.png,1,genuine_genuine,8,8
data/processed/train/genuine/original_14_24.png,data/processed/train/forged/forgeries_14_20.png,0,skilled_forgery,14,14
data/processed/train/genuine/original_2_17.png,data/processed/train/forged/forgeries_2_8.png,0,skilled_forgery,2,2
data/processed/train/genuine/original_1_23.png,data/processed/train/genuine/original_1_6.png,1,genuine_genuine,1,1
data/processed/train/genuine/original_17_15.png,data/processed/train/genuine/original_17_23.png,1,genuine_genuine,17,17
data/processed/validation/genuine/original_45_1.png,data/processed/validation/genuine/original_45_5.png,1,genuine_genuine,45,45
data/processed/train/genuine/original_23_5.png,data/processed/validation/genuine/original_42_22.png,0,random_forgery,23,42
data/processed/train/genuine/original_27_9.png,data/processed/train/genuine/original_5_14.png,0,random_forgery,27,5
data/processed/train/genuine/original_13_23.png,data/processed/train/genuine/original_10_18.png,0,random_forgery,13,10
data/processed/validation/genuine/original_38_6.png,data/processed/validation/genuine/original_38_8.png,1,genuine_genuine,38,38
data/processed/validation/genuine/original_45_19.png,data/processed/validation/genuine/original_45_7.png,1,genuine_genuine,45,45
data/processed/train/genuine/original_11_13.png,data/processed/train/genuine/original_11_2.png,1,genuine_genuine,11,11
data/processed/train/genuine/original_25_23.png,data/processed/train/genuine/original_25_6.png,1,genuine_genuine,25,25
data/processed/validation/genuine/original_38_15.png,data/processed/validation/genuine/original_43_8.png,0,random_forgery,38,43
data/processed/train/genuine/original_10_19.png,data/processed/train/genuine/original_10_22.png,1,genuine_genuine,10,10
data/processed/train/genuine/original_9_11.png,data/processed/train/genuine/original_9_5.png,1,genuine_genuine,9,9
data/processed/train/genuine/original_2_17.png,data/processed/train/forged/forgeries_2_24.png,0,skilled_forgery,2,2
data/processed/validation/genuine/original_45_10.png,data/processed/train/genuine/original_21_1.png,0,random_forgery,45,21
data/processed/train/genuine/original_8_1.png,data/processed/train/genuine/original_26_6.png,0,random_forgery,8,26
data/processed/validation/genuine/original_42_23.png,data/processed/train/genuine/original_12_20.png,0,random_forgery,42,12
data/processed/validation/genuine/original_45_2.png,data/processed/validation/genuine/original_45_7.png,1,genuine_genuine,45,45
data/processed/validation/genuine/original_43_12.png,data/processed/validation/genuine/original_43_24.png,1,genuine_genuine,43,43
data/processed/validation/genuine/original_39_3.png,data/processed/validation/genuine/original_39_6.png,1,genuine_genuine,39,39
data/processed/validation/genuine/original_40_12.png,data/processed/validation/genuine/original_40_7.png,1,genuine_genuine,40,40
data/processed/train/genuine/original_8_22.png,data/processed/train/forged/forgeries_8_12.png,0,skilled_forgery,8,8
data/processed/train/genuine/original_4_7.png,data/processed/train/forged/forgeries_4_19.png,0,skilled_forgery,4,4
data/processed/train/genuine/original_5_22.png,data/processed/train/forged/forgeries_5_19.png,0,skilled_forgery,5,5
data/processed/train/genuine/original_4_20.png,data/processed/train/genuine/original_4_6.png,1,genuine_genuine,4,4
data/processed/validation/genuine/original_45_19.png,data/processed/validation/genuine/original_45_23.png,1,genuine_genuine,45,45
data/processed/train/genuine/original_26_18.png,data/processed/train/genuine/original_27_23.png,0,random_forgery,26,27
data/processed/validation/genuine/original_45_3.png,data/processed/validation/forged/forgeries_45_21.png,0,skilled_forgery,45,45
data/processed/validation/genuine/original_45_23.png,data/processed/validation/forged/forgeries_45_23.png,0,skilled_forgery,45,45
data/processed/train/genuine/original_10_10.png,data/processed/train/genuine/original_10_24.png,1,genuine_genuine,10,10
data/processed/train/genuine/original_5_17.png,data/processed/train/genuine/original_4_6.png,0,random_forgery,5,4
data/processed/validation/genuine/original_44_18.png,data/processed/validation/forged/forgeries_44_9.png,0,skilled_forgery,44,44
data/processed/train/genuine/original_4_17.png,data/processed/train/genuine/original_4_19.png,1,genuine_genuine,4,4
data/processed/train/genuine/original_2_16.png,data/processed/train/genuine/original_2_2.png,1,genuine_genuine,2,2
data/processed/validation/genuine/original_45_7.png,data/processed/validation/forged/forgeries_45_7.png,0,skilled_forgery,45,45
data/processed/train/genuine/original_3_2.png,data/processed/train/genuine/original_3_5.png,1,genuine_genuine,3,3
data/processed/train/genuine/original_3_17.png,data/processed/train/forged/forgeries_3_21.png,0,skilled_forgery,3,3
data/processed/train/genuine/original_2_13.png,data/processed/train/genuine/original_2_18.png,1,genuine_genuine,2,2
data/processed/train/genuine/original_7_11.png,data/processed/train/forged/forgeries_7_20.png,0,skilled_forgery,7,7
data/processed/train/genuine/original_22_17.png,data/processed/train/genuine/original_22_3.png,1,genuine_genuine,22,22
data/processed/validation/genuine/original_43_15.png,data/processed/validation/forged/forgeries_43_23.png,0,skilled_forgery,43,43
data/processed/train/genuine/original_11_24.png,data/processed/train/forged/forgeries_11_11.png,0,skilled_forgery,11,11
data/processed/validation/genuine/original_39_1.png,data/processed/train/genuine/original_11_8.png,0,random_forgery,39,11
data/processed/train/genuine/original_4_19.png,data/processed/train/genuine/original_4_21.png,1,genuine_genuine,4,4
data/processed/train/genuine/original_5_18.png,data/processed/train/genuine/original_5_22.png,1,genuine_genuine,5,5
data/processed/train/genuine/original_5_15.png,data/processed/train/genuine/original_5_20.png,1,genuine_genuine,5,5
data/processed/train/genuine/original_17_12.png,data/processed/train/genuine/original_11_14.png,0,random_forgery,17,11
data/processed/train/genuine/original_17_21.png,data/processed/train/genuine/original_17_6.png,1,genuine_genuine,17,17
data/processed/validation/genuine/original_39_17.png,data/processed/validation/genuine/original_39_2.png,1,genuine_genuine,39,39
data/processed/train/genuine/original_22_15.png,data/processed/train/genuine/original_22_5.png,1,genuine_genuine,22,22
data/processed/validation/genuine/original_40_10.png,data/processed/validation/genuine/original_40_6.png,1,genuine_genuine,40,40
data/processed/train/genuine/original_25_13.png,data/processed/train/genuine/original_25_17.png,1,genuine_genuine,25,25
data/processed/train/genuine/original_16_22.png,data/processed/train/genuine/original_9_10.png,0,random_forgery,16,9
data/processed/train/genuine/original_18_3.png,data/processed/train/forged/forgeries_18_17.png,0,skilled_forgery,18,18
data/processed/train/genuine/original_1_15.png,data/processed/train/forged/forgeries_1_6.png,0,skilled_forgery,1,1
data/processed/train/genuine/original_14_21.png,data/processed/train/forged/forgeries_14_17.png,0,skilled_forgery,14,14
data/processed/train/genuine/original_11_8.png,data/processed/train/genuine/original_19_18.png,0,random_forgery,11,19
data/processed/train/genuine/original_5_11.png,data/processed/train/genuine/original_5_14.png,1,genuine_genuine,5,5
data/processed/train/genuine/original_21_10.png,data/processed/train/genuine/original_21_13.png,1,genuine_genuine,21,21
data/processed/train/genuine/original_12_3.png,data/processed/train/genuine/original_4_20.png,0,random_forgery,12,4
data/processed/train/genuine/original_12_16.png,data/processed/train/genuine/original_12_19.png,1,genuine_genuine,12,12
data/processed/validation/genuine/original_45_2.png,data/processed/validation/forged/forgeries_45_4.png,0,skilled_forgery,45,45
data/processed/train/genuine/original_16_10.png,data/processed/train/genuine/original_16_9.png,1,genuine_genuine,16,16
data/processed/train/genuine/original_7_11.png,data/processed/train/genuine/original_7_23.png,1,genuine_genuine,7,7
data/processed/train/genuine/original_17_11.png,data/processed/train/genuine/original_14_20.png,0,random_forgery,17,14
data/processed/validation/genuine/original_38_13.png,data/processed/validation/genuine/original_38_22.png,1,genuine_genuine,38,38
data/processed/train/genuine/original_22_1.png,data/processed/train/genuine/original_22_20.png,1,genuine_genuine,22,22
data/processed/train/genuine/original_6_7.png,data/processed/train/genuine/original_18_20.png,0,random_forgery,6,18
data/processed/train/genuine/original_20_20.png,data/processed/train/genuine/original_15_12.png,0,random_forgery,20,15
data/processed/train/genuine/original_25_12.png,data/processed/train/genuine/original_25_3.png,1,genuine_genuine,25,25
data/processed/train/genuine/original_12_4.png,data/processed/train/forged/forgeries_12_22.png,0,skilled_forgery,12,12
data/processed/validation/genuine/original_38_13.png,data/processed/validation/forged/forgeries_38_5.png,0,skilled_forgery,38,38
data/processed/train/genuine/original_11_19.png,data/processed/train/forged/forgeries_11_6.png,0,skilled_forgery,11,11
data/processed/train/genuine/original_13_23.png,data/processed/train/forged/forgeries_13_24.png,0,skilled_forgery,13,13
data/processed/validation/genuine/original_40_8.png,data/processed/train/genuine/original_21_6.png,0,random_forgery,40,21
data/processed/train/genuine/original_1_16.png,data/processed/train/forged/forgeries_1_4.png,0,skilled_forgery,1,1
data/processed/validation/genuine/original_44_16.png,data/processed/validation/genuine/original_44_7.png,1,genuine_genuine,44,44
data/processed/train/genuine/original_1_11.png,data/processed/train/forged/forgeries_1_16.png,0,skilled_forgery,1,1
data/processed/train/genuine/original_14_17.png,data/processed/train/genuine/original_14_4.png,1,genuine_genuine,14,14
data/processed/validation/genuine/original_44_2.png,data/processed/validation/genuine/original_37_15.png,0,random_forgery,44,37
data/processed/train/genuine/original_21_6.png,data/processed/train/genuine/original_21_9.png,1,genuine_genuine,21,21
data/processed/train/genuine/original_2_24.png,data/processed/train/forged/forgeries_2_5.png,0,skilled_forgery,2,2
data/processed/validation/genuine/original_40_14.png,data/processed/validation/genuine/original_40_22.png,1,genuine_genuine,40,40
data/processed/validation/genuine/original_42_16.png,data/processed/validation/genuine/original_37_12.png,0,random_forgery,42,37
data/processed/validation/genuine/original_44_1.png,data/processed/validation/genuine/original_44_20.png,1,genuine_genuine,44,44
data/processed/train/genuine/original_19_24.png,data/processed/train/forged/forgeries_19_9.png,0,skilled_forgery,19,19
data/processed/train/genuine/original_26_11.png,data/processed/train/genuine/original_26_15.png,1,genuine_genuine,26,26
data/processed/train/genuine/original_8_16.png,data/processed/train/genuine/original_5_16.png,0,random_forgery,8,5
data/processed/train/genuine/original_24_19.png,data/processed/train/genuine/original_24_8.png,1,genuine_genuine,24,24
data/processed/train/genuine/original_26_12.png,data/processed/train/genuine/original_26_14.png,1,genuine_genuine,26,26
data/processed/train/genuine/original_10_1.png,data/processed/train/genuine/original_10_11.png,1,genuine_genuine,10,10
data/processed/validation/genuine/original_42_15.png,data/processed/validation/genuine/original_42_7.png,1,genuine_genuine,42,42
data/processed/train/genuine/original_11_18.png,data/processed/train/genuine/original_11_20.png,1,genuine_genuine,11,11
data/processed/validation/genuine/original_41_8.png,data/processed/validation/forged/forgeries_41_24.png,0,skilled_forgery,41,41
data/processed/train/genuine/original_5_10.png,data/processed/train/forged/forgeries_5_22.png,0,skilled_forgery,5,5
data/processed/validation/genuine/original_37_18.png,data/processed/validation/genuine/original_37_9.png,1,genuine_genuine,37,37
data/processed/validation/genuine/original_45_2.png,data/processed/train/genuine/original_15_17.png,0,random_forgery,45,15
data/processed/validation/genuine/original_38_8.png,data/processed/validation/forged/forgeries_38_18.png,0,skilled_forgery,38,38
data/processed/validation/genuine/original_43_9.png,data/processed/train/genuine/original_7_3.png,0,random_forgery,43,7
data/processed/validation/genuine/original_39_13.png,data/processed/validation/forged/forgeries_39_12.png,0,skilled_forgery,39,39
data/processed/validation/genuine/original_43_3.png,data/processed/validation/genuine/original_43_8.png,1,genuine_genuine,43,43
data/processed/train/genuine/original_18_12.png,data/processed/train/genuine/original_18_4.png,1,genuine_genuine,18,18
data/processed/train/genuine/original_2_23.png,data/processed/train/forged/forgeries_2_15.png,0,skilled_forgery,2,2
data/processed/train/genuine/original_27_13.png,data/processed/validation/genuine/original_39_3.png,0,random_forgery,27,39
data/processed/validation/genuine/original_45_7.png,data/processed/validation/forged/forgeries_45_15.png,0,skilled_forgery,45,45
data/processed/validation/genuine/original_40_10.png,data/processed/validation/genuine/original_40_12.png,1,genuine_genuine,40,40
data/processed/train/genuine/original_14_5.png,data/processed/train/genuine/original_12_1.png,0,random_forgery,14,12
data/processed/train/genuine/original_19_12.png,data/processed/train/genuine/original_19_24.png,1,genuine_genuine,19,19
data/processed/validation/genuine/original_42_16.png,data/processed/validation/genuine/original_42_5.png,1,genuine_genuine,42,42
data/processed/train/genuine/original_16_9.png,data/processed/train/forged/forgeries_16_22.png,0,skilled_forgery,16,16
data/processed/train/genuine/original_18_1.png,data/processed/train/genuine/original_18_13.png,1,genuine_genuine,18,18
data/processed/validation/genuine/original_39_11.png,data/processed/validation/genuine/original_39_22.png,1,genuine_genuine,39,39
data/processed/train/genuine/original_14_3.png,data/processed/train/genuine/original_21_24.png,0,random_forgery,14,21
data/processed/validation/genuine/original_37_16.png,data/processed/validation/genuine/original_37_24.png,1,genuine_genuine,37,37
data/processed/validation/genuine/original_42_17.png,data/processed/validation/forged/forgeries_42_5.png,0,skilled_forgery,42,42
data/processed/validation/genuine/original_39_14.png,data/processed/validation/genuine/original_39_7.png,1,genuine_genuine,39,39
data/processed/train/genuine/original_4_15.png,data/processed/train/genuine/original_26_11.png,0,random_forgery,4,26
data/processed/train/genuine/original_7_10.png,data/processed/train/genuine/original_7_5.png,1,genuine_genuine,7,7
data/processed/train/genuine/original_26_3.png,data/processed/train/forged/forgeries_26_18.png,0,skilled_forgery,26,26
data/processed/train/genuine/original_6_17.png,data/processed/train/genuine/original_6_4.png,1,genuine_genuine,6,6
data/processed/validation/genuine/original_37_6.png,data/processed/validation/forged/forgeries_37_24.png,0,skilled_forgery,37,37
data/processed/train/genuine/original_14_13.png,data/processed/train/genuine/original_14_14.png,1,genuine_genuine,14,14
data/processed/train/genuine/original_2_23.png,data/processed/train/genuine/original_2_8.png,1,genuine_genuine,2,2
data/processed/train/genuine/original_4_24.png,data/processed/train/genuine/original_4_5.png,1,genuine_genuine,4,4
data/processed/train/genuine/original_24_7.png,data/processed/train/forged/forgeries_24_18.png,0,skilled_forgery,24,24
data/processed/train/genuine/original_1_24.png,data/processed/train/genuine/original_1_5.png,1,genuine_genuine,1,1
data/processed/train/genuine/original_16_19.png,data/processed/train/forged/forgeries_16_1.png,0,skilled_forgery,16,16
data/processed/train/genuine/original_23_17.png,data/processed/train/genuine/original_23_4.png,1,genuine_genuine,23,23
data/processed/train/genuine/original_21_19.png,data/processed/train/forged/forgeries_21_24.png,0,skilled_forgery,21,21
data/processed/train/genuine/original_4_2.png,data/processed/train/genuine/original_4_4.png,1,genuine_genuine,4,4
data/processed/validation/genuine/original_38_17.png,data/processed/validation/genuine/original_38_8.png,1,genuine_genuine,38,38
data/processed/train/genuine/original_3_15.png,data/processed/train/genuine/original_3_18.png,1,genuine_genuine,3,3
data/processed/train/genuine/original_23_14.png,data/processed/train/forged/forgeries_23_4.png,0,skilled_forgery,23,23
data/processed/validation/genuine/original_37_12.png,data/processed/validation/genuine/original_37_19.png,1,genuine_genuine,37,37
data/processed/train/genuine/original_18_9.png,data/processed/train/forged/forgeries_18_9.png,0,skilled_forgery,18,18
data/processed/validation/genuine/original_40_22.png,data/processed/train/genuine/original_18_22.png,0,random_forgery,40,18
data/processed/validation/genuine/original_40_7.png,data/processed/validation/forged/forgeries_40_10.png,0,skilled_forgery,40,40
data/processed/train/genuine/original_19_7.png,data/processed/train/genuine/original_19_9.png,1,genuine_genuine,19,19
data/processed/train/genuine/original_14_6.png,data/processed/train/forged/forgeries_14_17.png,0,skilled_forgery,14,14
data/processed/train/genuine/original_11_11.png,data/processed/train/genuine/original_22_15.png,0,random_forgery,11,22
data/processed/validation/genuine/original_43_10.png,data/processed/validation/genuine/original_43_8.png,1,genuine_genuine,43,43
data/processed/train/genuine/original_23_17.png,data/processed/train/genuine/original_23_21.png,1,genuine_genuine,23,23
data/processed/train/genuine/original_27_20.png,data/processed/train/forged/forgeries_27_16.png,0,skilled_forgery,27,27
data/processed/train/genuine/original_27_13.png,data/processed/train/genuine/original_9_16.png,0,random_forgery,27,9
data/processed/validation/genuine/original_40_8.png,data/processed/train/genuine/original_7_19.png,0,random_forgery,40,7
data/processed/train/genuine/original_26_15.png,data/processed/train/forged/forgeries_26_19.png,0,skilled_forgery,26,26
data/processed/train/genuine/original_5_20.png,data/processed/train/genuine/original_5_7.png,1,genuine_genuine,5,5
data/processed/train/genuine/original_8_11.png,data/processed/train/genuine/original_11_6.png,0,random_forgery,8,11
data/processed/train/genuine/original_10_15.png,data/processed/train/forged/forgeries_10_21.png,0,skilled_forgery,10,10
data/processed/train/genuine/original_20_23.png,data/processed/train/genuine/original_20_9.png,1,genuine_genuine,20,20
data/processed/validation/genuine/original_42_2.png,data/processed/train/genuine/original_27_6.png,0,random_forgery,42,27
data/processed/train/genuine/original_25_24.png,data/processed/train/forged/forgeries_25_18.png,0,skilled_forgery,25,25
data/processed/train/genuine/original_15_1.png,data/processed/train/forged/forgeries_15_22.png,0,skilled_forgery,15,15
data/processed/train/genuine/original_13_2.png,data/processed/train/forged/forgeries_13_8.png,0,skilled_forgery,13,13
data/processed/train/genuine/original_3_11.png,data/processed/train/genuine/original_13_1.png,0,random_forgery,3,13
data/processed/train/genuine/original_24_22.png,data/processed/train/forged/forgeries_24_17.png,0,skilled_forgery,24,24
data/processed/train/genuine/original_4_22.png,data/processed/train/forged/forgeries_4_5.png,0,skilled_forgery,4,4
data/processed/train/genuine/original_1_3.png,data/processed/train/forged/forgeries_1_5.png,0,skilled_forgery,1,1
data/processed/train/genuine/original_10_7.png,data/processed/train/forged/forgeries_10_20.png,0,skilled_forgery,10,10
data/processed/validation/genuine/original_42_17.png,data/processed/train/genuine/original_15_14.png,0,random_forgery,42,15
data/processed/validation/genuine/original_39_15.png,data/processed/train/genuine/original_13_18.png,0,random_forgery,39,13
data/processed/train/genuine/original_10_19.png,data/processed/train/genuine/original_10_6.png,1,genuine_genuine,10,10
data/processed/train/genuine/original_18_23.png,data/processed/train/genuine/original_3_8.png,0,random_forgery,18,3
data/processed/train/genuine/original_4_12.png,data/processed/validation/genuine/original_43_13.png,0,random_forgery,4,43
data/processed/train/genuine/original_2_2.png,data/processed/train/genuine/original_2_21.png,1,genuine_genuine,2,2
data/processed/train/genuine/original_25_13.png,data/processed/train/forged/forgeries_25_14.png,0,skilled_forgery,25,25
data/processed/train/genuine/original_18_8.png,data/processed/validation/genuine/original_39_14.png,0,random_forgery,18,39
data/processed/train/genuine/original_16_24.png,data/processed/train/genuine/original_16_3.png,1,genuine_genuine,16,16
data/processed/train/genuine/original_19_10.png,data/processed/train/genuine/original_19_12.png,1,genuine_genuine,19,19
data/processed/train/genuine/original_20_13.png,data/processed/train/genuine/original_20_14.png,1,genuine_genuine,20,20
data/processed/train/genuine/original_6_10.png,data/processed/train/genuine/original_6_18.png,1,genuine_genuine,6,6
data/processed/train/genuine/original_12_2.png,data/processed/train/forged/forgeries_12_20.png,0,skilled_forgery,12,12
data/processed/validation/genuine/original_41_4.png,data/processed/validation/genuine/original_38_5.png,0,random_forgery,41,38
data/processed/train/genuine/original_21_15.png,data/processed/train/forged/forgeries_21_16.png,0,skilled_forgery,21,21
data/processed/validation/genuine/original_38_8.png,data/processed/validation/genuine/original_38_9.png,1,genuine_genuine,38,38
data/processed/train/genuine/original_27_19.png,data/processed/train/genuine/original_27_2.png,1,genuine_genuine,27,27
data/processed/train/genuine/original_3_18.png,data/processed/train/genuine/original_23_2.png,0,random_forgery,3,23
data/processed/train/genuine/original_17_19.png,data/processed/train/genuine/original_17_23.png,1,genuine_genuine,17,17
data/processed/train/genuine/original_19_7.png,data/processed/train/genuine/original_19_8.png,1,genuine_genuine,19,19
data/processed/validation/genuine/original_39_15.png,data/processed/validation/genuine/original_39_7.png,1,genuine_genuine,39,39
data/processed/train/genuine/original_1_14.png,data/processed/train/genuine/original_1_8.png,1,genuine_genuine,1,1
data/processed/train/genuine/original_19_8.png,data/processed/validation/genuine/original_42_7.png,0,random_forgery,19,42
data/processed/train/genuine/original_24_2.png,data/processed/validation/genuine/original_37_9.png,0,random_forgery,24,37
data/processed/train/genuine/original_14_11.png,data/processed/train/genuine/original_12_16.png,0,random_forgery,14,12
data/processed/train/genuine/original_12_6.png,data/processed/train/genuine/original_12_8.png,1,genuine_genuine,12,12
data/processed/train/genuine/original_18_19.png,data/processed/train/genuine/original_18_23.png,1,genuine_genuine,18,18
data/processed/validation/genuine/original_37_16.png,data/processed/train/genuine/original_22_6.png,0,random_forgery,37,22
data/processed/train/genuine/original_9_11.png,data/processed/train/genuine/original_9_20.png,1,genuine_genuine,9,9
data/processed/train/genuine/original_21_9.png,data/processed/train/forged/forgeries_21_10.png,0,skilled_forgery,21,21
data/processed/validation/genuine/original_40_12.png,data/processed/train/genuine/original_26_11.png,0,random_forgery,40,26
data/processed/validation/genuine/original_38_20.png,data/processed/validation/genuine/original_37_18.png,0,random_forgery,38,37
data/processed/train/genuine/original_26_1.png,data/processed/train/genuine/original_26_18.png,1,genuine_genuine,26,26
data/processed/train/genuine/original_3_15.png,data/processed/train/genuine/original_3_2.png,1,genuine_genuine,3,3
data/processed/train/genuine/original_4_16.png,data/processed/train/genuine/original_4_9.png,1,genuine_genuine,4,4
data/processed/validation/genuine/original_43_19.png,data/processed/validation/genuine/original_43_7.png,1,genuine_genuine,43,43
data/processed/train/genuine/original_1_2.png,data/processed/train/forged/forgeries_1_9.png,0,skilled_forgery,1,1
data/processed/train/genuine/original_15_14.png,data/processed/train/genuine/original_15_24.png,1,genuine_genuine,15,15
data/processed/train/genuine/original_6_13.png,data/processed/train/genuine/original_6_18.png,1,genuine_genuine,6,6
data/processed/train/genuine/original_18_24.png,data/processed/train/genuine/original_18_7.png,1,genuine_genuine,18,18
data/processed/validation/genuine/original_41_13.png,data/processed/validation/genuine/original_41_4.png,1,genuine_genuine,41,41
data/processed/validation/genuine/original_41_4.png,data/processed/validation/genuine/original_40_16.png,0,random_forgery,41,40
data/processed/train/genuine/original_19_1.png,data/processed/train/genuine/original_19_19.png,1,genuine_genuine,19,19
data/processed/validation/genuine/original_45_22.png,data/processed/validation/genuine/original_45_4.png,1,genuine_genuine,45,45
data/processed/validation/genuine/original_42_3.png,data/processed/train/genuine/original_17_18.png,0,random_forgery,42,17
data/processed/validation/genuine/original_39_21.png,data/processed/validation/forged/forgeries_39_9.png,0,skilled_forgery,39,39
data/processed/train/genuine/original_6_13.png,data/processed/train/forged/forgeries_6_2.png,0,skilled_forgery,6,6
data/processed/train/genuine/original_20_17.png,data/processed/train/genuine/original_20_7.png,1,genuine_genuine,20,20
data/processed/validation/genuine/original_44_18.png,data/processed/train/genuine/original_2_19.png,0,random_forgery,44,2
data/processed/train/genuine/original_17_10.png,data/processed/train/genuine/original_17_6.png,1,genuine_genuine,17,17
data/processed/train/genuine/original_13_18.png,data/processed/train/forged/forgeries_13_13.png,0,skilled_forgery,13,13
data/processed/validation/genuine/original_41_12.png,data/processed/validation/genuine/original_41_14.png,1,genuine_genuine,41,41
data/processed/train/genuine/original_8_7.png,data/processed/train/genuine/original_8_8.png,1,genuine_genuine,8,8
data/processed/train/genuine/original_15_11.png,data/processed/train/genuine/original_15_8.png,1,genuine_genuine,15,15
data/processed/validation/genuine/original_44_4.png,data/processed/validation/genuine/original_44_7.png,1,genuine_genuine,44,44
data/processed/train/genuine/original_11_3.png,data/processed/validation/genuine/original_40_23.png,0,random_forgery,11,40
data/processed/train/genuine/original_3_6.png,data/processed/train/forged/forgeries_3_16.png,0,skilled_forgery,3,3
data/processed/train/genuine/original_15_6.png,data/processed/train/genuine/original_1_6.png,0,random_forgery,15,1
data/processed/train/genuine/original_27_24.png,data/processed/train/genuine/original_27_8.png,1,genuine_genuine,27,27
data/processed/train/genuine/original_23_22.png,data/processed/validation/genuine/original_39_19.png,0,random_forgery,23,39
data/processed/train/genuine/original_14_1.png,data/processed/train/genuine/original_14_21.png,1,genuine_genuine,14,14
data/processed/train/genuine/original_10_21.png,data/processed/train/genuine/original_10_9.png,1,genuine_genuine,10,10
data/processed/train/genuine/original_23_3.png,data/processed/train/forged/forgeries_23_8.png,0,skilled_forgery,23,23
data/processed/train/genuine/original_10_7.png,data/processed/train/forged/forgeries_10_24.png,0,skilled_forgery,10,10
data/processed/train/genuine/original_21_11.png,data/processed/train/genuine/original_21_24.png,1,genuine_genuine,21,21
data/processed/train/genuine/original_20_23.png,data/processed/train/genuine/original_10_15.png,0,random_forgery,20,10
data/processed/train/genuine/original_7_2.png,data/processed/train/genuine/original_11_9.png,0,random_forgery,7,11
data/processed/validation/genuine/original_37_10.png,data/processed/validation/genuine/original_37_13.png,1,genuine_genuine,37,37
data/processed/train/genuine/original_27_20.png,data/processed/train/genuine/original_27_4.png,1,genuine_genuine,27,27
data/processed/train/genuine/original_1_21.png,data/processed/train/genuine/original_1_6.png,1,genuine_genuine,1,1
data/processed/train/genuine/original_26_15.png,data/processed/train/forged/forgeries_26_17.png,0,skilled_forgery,26,26
data/processed/validation/genuine/original_39_23.png,data/processed/validation/forged/forgeries_39_13.png,0,skilled_forgery,39,39
data/processed/train/genuine/original_15_15.png,data/processed/train/genuine/original_6_24.png,0,random_forgery,15,6
data/processed/train/genuine/original_27_21.png,data/processed/train/genuine/original_6_12.png,0,random_forgery,27,6
data/processed/train/genuine/original_2_19.png,data/processed/train/forged/forgeries_2_21.png,0,skilled_forgery,2,2
data/processed/validation/genuine/original_41_24.png,data/processed/validation/forged/forgeries_41_22.png,0,skilled_forgery,41,41
data/processed/train/genuine/original_14_3.png,data/processed/train/forged/forgeries_14_7.png,0,skilled_forgery,14,14
data/processed/train/genuine/original_24_6.png,data/processed/train/genuine/original_1_22.png,0,random_forgery,24,1
data/processed/train/genuine/original_13_21.png,data/processed/train/genuine/original_13_3.png,1,genuine_genuine,13,13
data/processed/validation/genuine/original_44_16.png,data/processed/validation/forged/forgeries_44_10.png,0,skilled_forgery,44,44
data/processed/train/genuine/original_10_16.png,data/processed/train/genuine/original_6_8.png,0,random_forgery,10,6
data/processed/validation/genuine/original_39_11.png,data/processed/train/genuine/original_3_16.png,0,random_forgery,39,3
data/processed/train/genuine/original_21_11.png,data/processed/train/genuine/original_21_2.png,1,genuine_genuine,21,21
data/processed/train/genuine/original_7_7.png,data/processed/train/forged/forgeries_7_21.png,0,skilled_forgery,7,7
data/processed/train/genuine/original_16_17.png,data/processed/train/genuine/original_16_22.png,1,genuine_genuine,16,16
data/processed/train/genuine/original_14_22.png,data/processed/train/genuine/original_14_5.png,1,genuine_genuine,14,14
data/processed/train/genuine/original_9_13.png,data/processed/train/forged/forgeries_9_16.png,0,skilled_forgery,9,9
data/processed/train/genuine/original_16_23.png,data/processed/train/genuine/original_16_3.png,1,genuine_genuine,16,16
data/processed/train/genuine/original_12_20.png,data/processed/train/forged/forgeries_12_12.png,0,skilled_forgery,12,12
data/processed/validation/genuine/original_40_3.png,data/processed/validation/forged/forgeries_40_18.png,0,skilled_forgery,40,40
data/processed/train/genuine/original_4_11.png,data/processed/train/genuine/original_4_16.png,1,genuine_genuine,4,4
data/processed/train/genuine/original_23_16.png,data/processed/train/genuine/original_23_9.png,1,genuine_genuine,23,23
data/processed/train/genuine/original_19_4.png,data/processed/validation/genuine/original_37_10.png,0,random_forgery,19,37
data/processed/validation/genuine/original_38_16.png,data/processed/validation/forged/forgeries_38_4.png,0,skilled_forgery,38,38
data/processed/train/genuine/original_22_18.png,data/processed/train/forged/forgeries_22_8.png,0,skilled_forgery,22,22
data/processed/train/genuine/original_19_20.png,data/processed/train/genuine/original_2_24.png,0,random_forgery,19,2
data/processed/validation/genuine/original_38_15.png,data/processed/validation/forged/forgeries_38_6.png,0,skilled_forgery,38,38
data/processed/train/genuine/original_13_6.png,data/processed/validation/genuine/original_41_10.png,0,random_forgery,13,41
data/processed/train/genuine/original_18_14.png,data/processed/train/genuine/original_18_23.png,1,genuine_genuine,18,18
data/processed/train/genuine/original_24_22.png,data/processed/train/forged/forgeries_24_10.png,0,skilled_forgery,24,24
data/processed/validation/genuine/original_41_22.png,data/processed/validation/genuine/original_41_4.png,1,genuine_genuine,41,41
data/processed/validation/genuine/original_40_23.png,data/processed/validation/genuine/original_40_8.png,1,genuine_genuine,40,40
data/processed/train/genuine/original_15_4.png,data/processed/train/forged/forgeries_15_13.png,0,skilled_forgery,15,15
data/processed/train/genuine/original_19_14.png,data/processed/train/genuine/original_19_16.png,1,genuine_genuine,19,19
data/processed/train/genuine/original_1_14.png,data/processed/train/genuine/original_1_7.png,1,genuine_genuine,1,1
data/processed/train/genuine/original_13_9.png,data/processed/train/genuine/original_21_4.png,0,random_forgery,13,21
data/processed/train/genuine/original_20_12.png,data/processed/train/forged/forgeries_20_6.png,0,skilled_forgery,20,20
data/processed/train/genuine/original_13_11.png,data/processed/train/genuine/original_13_15.png,1,genuine_genuine,13,13
data/processed/train/genuine/original_3_22.png,data/processed/train/forged/forgeries_3_9.png,0,skilled_forgery,3,3
data/processed/train/genuine/original_18_1.png,data/processed/train/forged/forgeries_18_1.png,0,skilled_forgery,18,18
data/processed/train/genuine/original_7_16.png,data/processed/train/genuine/original_7_9.png,1,genuine_genuine,7,7
data/processed/train/genuine/original_7_24.png,data/processed/train/genuine/original_7_4.png,1,genuine_genuine,7,7
data/processed/train/genuine/original_6_22.png,data/processed/train/genuine/original_10_21.png,0,random_forgery,6,10
data/processed/train/genuine/original_5_2.png,data/processed/train/genuine/original_5_20.png,1,genuine_genuine,5,5
data/processed/validation/genuine/original_41_12.png,data/processed/validation/genuine/original_41_7.png,1,genuine_genuine,41,41
data/processed/train/genuine/original_8_15.png,data/processed/train/genuine/original_8_9.png,1,genuine_genuine,8,8
data/processed/train/genuine/original_27_17.png,data/processed/train/genuine/original_27_24.png,1,genuine_genuine,27,27
data/processed/train/genuine/original_9_18.png,data/processed/train/genuine/original_9_5.png,1,genuine_genuine,9,9
data/processed/train/genuine/original_26_10.png,data/processed/train/genuine/original_26_13.png,1,genuine_genuine,26,26
data/processed/train/genuine/original_16_16.png,data/processed/train/genuine/original_16_18.png,1,genuine_genuine,16,16
data/processed/train/genuine/original_8_2.png,data/processed/train/forged/forgeries_8_15.png,0,skilled_forgery,8,8
data/processed/train/genuine/original_14_12.png,data/processed/train/genuine/original_14_14.png,1,genuine_genuine,14,14
data/processed/train/genuine/original_10_15.png,data/processed/train/genuine/original_1_14.png,0,random_forgery,10,1
data/processed/train/genuine/original_26_19.png,data/processed/train/genuine/original_26_8.png,1,genuine_genuine,26,26
data/processed/train/genuine/original_11_9.png,data/processed/train/genuine/original_26_20.png,0,random_forgery,11,26
data/processed/train/genuine/original_5_4.png,data/processed/train/genuine/original_5_7.png,1,genuine_genuine,5,5
data/processed/train/genuine/original_17_3.png,data/processed/train/forged/forgeries_17_10.png,0,skilled_forgery,17,17
data/processed/train/genuine/original_26_10.png,data/processed/train/genuine/original_26_20.png,1,genuine_genuine,26,26
data/processed/train/genuine/original_15_16.png,data/processed/train/forged/forgeries_15_22.png,0,skilled_forgery,15,15
data/processed/train/genuine/original_4_7.png,data/processed/train/forged/forgeries_4_11.png,0,skilled_forgery,4,4
data/processed/train/genuine/original_13_13.png,data/processed/train/genuine/original_13_14.png,1,genuine_genuine,13,13
data/processed/validation/genuine/original_40_10.png,data/processed/validation/genuine/original_40_3.png,1,genuine_genuine,40,40
data/processed/validation/genuine/original_38_22.png,data/processed/validation/forged/forgeries_38_23.png,0,skilled_forgery,38,38
data/processed/train/genuine/original_17_11.png,data/processed/train/genuine/original_17_13.png,1,genuine_genuine,17,17
data/processed/train/genuine/original_25_15.png,data/processed/train/genuine/original_25_16.png,1,genuine_genuine,25,25
data/processed/train/genuine/original_25_6.png,data/processed/train/genuine/original_25_7.png,1,genuine_genuine,25,25
data/processed/train/genuine/original_23_6.png,data/processed/train/genuine/original_23_7.png,1,genuine_genuine,23,23
data/processed/validation/genuine/original_39_1.png,data/processed/validation/forged/forgeries_39_15.png,0,skilled_forgery,39,39
data/processed/validation/genuine/original_43_20.png,data/processed/validation/genuine/original_43_3.png,1,genuine_genuine,43,43
data/processed/train/genuine/original_4_11.png,data/processed/train/genuine/original_4_6.png,1,genuine_genuine,4,4
data/processed/train/genuine/original_5_23.png,data/processed/train/forged/forgeries_5_24.png,0,skilled_forgery,5,5
data/processed/validation/genuine/original_37_4.png,data/processed/train/genuine/original_23_3.png,0,random_forgery,37,23
data/processed/train/genuine/original_11_22.png,data/processed/train/genuine/original_11_8.png,1,genuine_genuine,11,11
data/processed/validation/genuine/original_40_12.png,data/processed/train/genuine/original_4_6.png,0,random_forgery,40,4
data/processed/train/genuine/original_27_20.png,data/processed/train/forged/forgeries_27_21.png,0,skilled_forgery,27,27
data/processed/train/genuine/original_5_10.png,data/processed/train/genuine/original_5_4.png,1,genuine_genuine,5,5
data/processed/train/genuine/original_2_15.png,data/processed/train/genuine/original_2_23.png,1,genuine_genuine,2,2
data/processed/train/genuine/original_16_18.png,data/processed/train/genuine/original_13_7.png,0,random_forgery,16,13
data/processed/train/genuine/original_20_14.png,data/processed/train/genuine/original_20_21.png,1,genuine_genuine,20,20
data/processed/train/genuine/original_14_4.png,data/processed/validation/genuine/original_40_15.png,0,random_forgery,14,40
data/processed/train/genuine/original_2_1.png,data/processed/train/genuine/original_2_21.png,1,genuine_genuine,2,2
data/processed/train/genuine/original_25_1.png,data/processed/train/genuine/original_25_10.png,1,genuine_genuine,25,25
data/processed/train/genuine/original_8_18.png,data/processed/validation/genuine/original_43_23.png,0,random_forgery,8,43
data/processed/train/genuine/original_10_15.png,data/processed/train/forged/forgeries_10_8.png,0,skilled_forgery,10,10
data/processed/validation/genuine/original_41_11.png,data/processed/validation/genuine/original_41_7.png,1,genuine_genuine,41,41
data/processed/train/genuine/original_27_18.png,data/processed/train/genuine/original_27_5.png,1,genuine_genuine,27,27
data/processed/validation/genuine/original_44_7.png,data/processed/train/genuine/original_27_17.png,0,random_forgery,44,27
data/processed/train/genuine/original_2_5.png,data/processed/train/genuine/original_2_8.png,1,genuine_genuine,2,2
data/processed/train/genuine/original_23_7.png,data/processed/train/genuine/original_10_18.png,0,random_forgery,23,10
data/processed/train/genuine/original_4_21.png,data/processed/train/genuine/original_4_9.png,1,genuine_genuine,4,4
data/processed/train/genuine/original_14_1.png,data/processed/train/genuine/original_14_22.png,1,genuine_genuine,14,14
data/processed/train/genuine/original_23_11.png,data/processed/train/genuine/original_23_17.png,1,genuine_genuine,23,23
data/processed/train/genuine/original_26_17.png,data/processed/train/genuine/original_26_6.png,1,genuine_genuine,26,26
data/processed/train/genuine/original_26_19.png,data/processed/train/genuine/original_19_13.png,0,random_forgery,26,19
data/processed/train/genuine/original_7_19.png,data/processed/train/forged/forgeries_7_11.png,0,skilled_forgery,7,7
data/processed/train/genuine/original_10_21.png,data/processed/validation/genuine/original_42_11.png,0,random_forgery,10,42
data/processed/validation/genuine/original_37_10.png,data/processed/train/genuine/original_19_6.png,0,random_forgery,37,19
data/processed/train/genuine/original_21_22.png,data/processed/train/forged/forgeries_21_7.png,0,skilled_forgery,21,21
data/processed/train/genuine/original_14_7.png,data/processed/train/forged/forgeries_14_5.png,0,skilled_forgery,14,14
data/processed/validation/genuine/original_37_20.png,data/processed/validation/forged/forgeries_37_6.png,0,skilled_forgery,37,37
data/processed/train/genuine/original_5_14.png,data/processed/train/genuine/original_3_24.png,0,random_forgery,5,3
data/processed/train/genuine/original_4_7.png,data/processed/train/forged/forgeries_4_20.png,0,skilled_forgery,4,4
data/processed/validation/genuine/original_39_2.png,data/processed/validation/genuine/original_39_7.png,1,genuine_genuine,39,39
data/processed/train/genuine/original_11_20.png,data/processed/train/forged/forgeries_11_23.png,0,skilled_forgery,11,11
data/processed/train/genuine/original_26_14.png,data/processed/train/genuine/original_26_3.png,1,genuine_genuine,26,26
data/processed/validation/genuine/original_39_5.png,data/processed/train/genuine/original_25_17.png,0,random_forgery,39,25
data/processed/validation/genuine/original_43_17.png,data/processed/validation/genuine/original_43_9.png,1,genuine_genuine,43,43
data/processed/train/genuine/original_22_14.png,data/processed/train/genuine/original_22_24.png,1,genuine_genuine,22,22
data/processed/validation/genuine/original_44_14.png,data/processed/validation/genuine/original_44_17.png,1,genuine_genuine,44,44
data/processed/validation/genuine/original_42_5.png,data/processed/validation/genuine/original_42_9.png,1,genuine_genuine,42,42
data/processed/train/genuine/original_6_14.png,data/processed/train/forged/forgeries_6_13.png,0,skilled_forgery,6,6
data/processed/train/genuine/original_5_13.png,data/processed/train/genuine/original_2_3.png,0,random_forgery,5,2
data/processed/train/genuine/original_22_2.png,data/processed/validation/genuine/original_44_17.png,0,random_forgery,22,44
data/processed/validation/genuine/original_40_1.png,data/processed/validation/genuine/original_40_20.png,1,genuine_genuine,40,40
data/processed/validation/genuine/original_40_10.png,data/processed/validation/genuine/original_40_20.png,1,genuine_genuine,40,40
data/processed/validation/genuine/original_41_7.png,data/processed/validation/forged/forgeries_41_1.png,0,skilled_forgery,41,41
data/processed/train/genuine/original_18_2.png,data/processed/train/genuine/original_18_23.png,1,genuine_genuine,18,18
data/processed/train/genuine/original_7_10.png,data/processed/train/forged/forgeries_7_22.png,0,skilled_forgery,7,7
data/processed/validation/genuine/original_40_5.png,data/processed/validation/forged/forgeries_40_11.png,0,skilled_forgery,40,40
data/processed/validation/genuine/original_39_13.png,data/processed/validation/genuine/original_39_2.png,1,genuine_genuine,39,39
data/processed/train/genuine/original_13_17.png,data/processed/train/genuine/original_13_8.png,1,genuine_genuine,13,13
data/processed/train/genuine/original_4_19.png,data/processed/train/genuine/original_4_9.png,1,genuine_genuine,4,4
data/processed/train/genuine/original_5_16.png,data/processed/train/genuine/original_5_17.png,1,genuine_genuine,5,5
data/processed/train/genuine/original_16_5.png,data/processed/train/genuine/original_11_13.png,0,random_forgery,16,11
data/processed/train/genuine/original_25_21.png,data/processed/train/genuine/original_25_6.png,1,genuine_genuine,25,25
data/processed/train/genuine/original_19_23.png,data/processed/train/forged/forgeries_19_11.png,0,skilled_forgery,19,19
data/processed/validation/genuine/original_38_15.png,data/processed/validation/genuine/original_38_7.png,1,genuine_genuine,38,38
data/processed/validation/genuine/original_42_9.png,data/processed/validation/forged/forgeries_42_23.png,0,skilled_forgery,42,42
data/processed/validation/genuine/original_41_11.png,data/processed/validation/genuine/original_40_5.png,0,random_forgery,41,40
data/processed/train/genuine/original_3_12.png,data/processed/train/forged/forgeries_3_23.png,0,skilled_forgery,3,3
data/processed/train/genuine/original_10_19.png,data/processed/train/forged/forgeries_10_1.png,0,skilled_forgery,10,10
data/processed/train/genuine/original_13_13.png,data/processed/train/genuine/original_13_5.png,1,genuine_genuine,13,13
data/processed/train/genuine/original_15_22.png,data/processed/train/genuine/original_15_23.png,1,genuine_genuine,15,15
data/processed/validation/genuine/original_39_7.png,data/processed/train/genuine/original_11_3.png,0,random_forgery,39,11
data/processed/validation/genuine/original_40_11.png,data/processed/validation/genuine/original_40_20.png,1,genuine_genuine,40,40
data/processed/train/genuine/original_26_12.png,data/processed/train/genuine/original_26_21.png,1,genuine_genuine,26,26
data/processed/train/genuine/original_17_10.png,data/processed/train/genuine/original_17_22.png,1,genuine_genuine,17,17
data/processed/validation/genuine/original_37_19.png,data/processed/validation/forged/forgeries_37_17.png,0,skilled_forgery,37,37
data/processed/train/genuine/original_5_21.png,data/processed/train/genuine/original_5_24.png,1,genuine_genuine,5,5
data/processed/train/genuine/original_3_23.png,data/processed/train/forged/forgeries_3_3.png,0,skilled_forgery,3,3
data/processed/train/genuine/original_12_7.png,data/processed/train/genuine/original_12_8.png,1,genuine_genuine,12,12
data/processed/validation/genuine/original_39_2.png,data/processed/validation/forged/forgeries_39_23.png,0,skilled_forgery,39,39
data/processed/train/genuine/original_25_23.png,data/processed/train/forged/forgeries_25_1.png,0,skilled_forgery,25,25
data/processed/validation/genuine/original_40_21.png,data/processed/validation/forged/forgeries_40_23.png,0,skilled_forgery,40,40
data/processed/train/genuine/original_2_22.png,data/processed/train/genuine/original_2_8.png,1,genuine_genuine,2,2
data/processed/train/genuine/original_17_17.png,data/processed/train/forged/forgeries_17_11.png,0,skilled_forgery,17,17
data/processed/train/genuine/original_26_21.png,data/processed/validation/genuine/original_45_16.png,0,random_forgery,26,45
data/processed/train/genuine/original_10_15.png,data/processed/train/genuine/original_10_22.png,1,genuine_genuine,10,10
data/processed/train/genuine/original_6_10.png,data/processed/train/genuine/original_17_2.png,0,random_forgery,6,17
data/processed/train/genuine/original_2_22.png,data/processed/train/forged/forgeries_2_16.png,0,skilled_forgery,2,2
data/processed/train/genuine/original_5_2.png,data/processed/train/forged/forgeries_5_4.png,0,skilled_forgery,5,5
data/processed/validation/genuine/original_41_1.png,data/processed/validation/genuine/original_41_18.png,1,genuine_genuine,41,41
data/processed/train/genuine/original_9_18.png,data/processed/train/genuine/original_9_22.png,1,genuine_genuine,9,9
data/processed/train/genuine/original_8_17.png,data/processed/train/genuine/original_24_19.png,0,random_forgery,8,24
data/processed/train/genuine/original_1_10.png,data/processed/train/genuine/original_1_22.png,1,genuine_genuine,1,1
data/processed/train/genuine/original_27_1.png,data/processed/train/genuine/original_12_19.png,0,random_forgery,27,12
data/processed/validation/genuine/original_42_13.png,data/processed/validation/forged/forgeries_42_24.png,0,skilled_forgery,42,42
data/processed/validation/genuine/original_42_22.png,data/processed/train/genuine/original_5_20.png,0,random_forgery,42,5
data/processed/train/genuine/original_20_16.png,data/processed/train/forged/forgeries_20_24.png,0,skilled_forgery,20,20
data/processed/train/genuine/original_13_20.png,data/processed/train/genuine/original_3_6.png,0,random_forgery,13,3
data/processed/train/genuine/original_3_7.png,data/processed/validation/genuine/original_44_10.png,0,random_forgery,3,44
data/processed/train/genuine/original_15_22.png,data/processed/train/forged/forgeries_15_3.png,0,skilled_forgery,15,15
data/processed/train/genuine/original_10_1.png,data/processed/train/genuine/original_10_15.png,1,genuine_genuine,10,10
data/processed/train/genuine/original_4_13.png,data/processed/train/forged/forgeries_4_22.png,0,skilled_forgery,4,4
data/processed/train/genuine/original_25_23.png,data/processed/train/genuine/original_25_7.png,1,genuine_genuine,25,25
data/processed/validation/genuine/original_43_13.png,data/processed/validation/forged/forgeries_43_8.png,0,skilled_forgery,43,43
data/processed/validation/genuine/original_42_16.png,data/processed/validation/forged/forgeries_42_5.png,0,skilled_forgery,42,42
data/processed/train/genuine/original_8_12.png,data/processed/train/genuine/original_8_9.png,1,genuine_genuine,8,8
data/processed/train/genuine/original_3_11.png,data/processed/train/forged/forgeries_3_11.png,0,skilled_forgery,3,3
data/processed/train/genuine/original_26_22.png,data/processed/train/genuine/original_17_6.png,0,random_forgery,26,17
data/processed/train/genuine/original_16_14.png,data/processed/train/forged/forgeries_16_4.png,0,skilled_forgery,16,16
data/processed/validation/genuine/original_42_12.png,data/processed/train/genuine/original_22_14.png,0,random_forgery,42,22
data/processed/train/genuine/original_6_9.png,data/processed/train/forged/forgeries_6_3.png,0,skilled_forgery,6,6
data/processed/train/genuine/original_15_5.png,data/processed/train/genuine/original_2_9.png,0,random_forgery,15,2
data/processed/train/genuine/original_25_21.png,data/processed/train/genuine/original_25_3.png,1,genuine_genuine,25,25
data/processed/validation/genuine/original_42_4.png,data/processed/validation/genuine/original_42_9.png,1,genuine_genuine,42,42
data/processed/train/genuine/original_5_20.png,data/processed/validation/genuine/original_43_8.png,0,random_forgery,5,43
data/processed/train/genuine/original_6_24.png,data/processed/train/genuine/original_6_6.png,1,genuine_genuine,6,6
data/processed/train/genuine/original_21_7.png,data/processed/train/genuine/original_21_9.png,1,genuine_genuine,21,21
data/processed/validation/genuine/original_39_7.png,data/processed/validation/forged/forgeries_39_7.png,0,skilled_forgery,39,39
data/processed/train/genuine/original_9_11.png,data/processed/train/genuine/original_9_17.png,1,genuine_genuine,9,9
data/processed/train/genuine/original_16_17.png,data/processed/train/genuine/original_17_22.png,0,random_forgery,16,17
data/processed/train/genuine/original_2_22.png,data/processed/train/genuine/original_2_5.png,1,genuine_genuine,2,2
data/processed/train/genuine/original_20_10.png,data/processed/train/genuine/original_20_4.png,1,genuine_genuine,20,20
data/processed/train/genuine/original_22_13.png,data/processed/train/genuine/original_22_7.png,1,genuine_genuine,22,22
data/processed/validation/genuine/original_37_14.png,data/processed/validation/genuine/original_37_5.png,1,genuine_genuine,37,37
data/processed/train/genuine/original_23_10.png,data/processed/train/genuine/original_23_7.png,1,genuine_genuine,23,23
data/processed/train/genuine/original_13_18.png,data/processed/train/genuine/original_13_20.png,1,genuine_genuine,13,13
data/processed/train/genuine/original_14_12.png,data/processed/train/genuine/original_14_24.png,1,genuine_genuine,14,14
data/processed/train/genuine/original_21_14.png,data/processed/train/genuine/original_21_23.png,1,genuine_genuine,21,21
data/processed/validation/genuine/original_39_18.png,data/processed/validation/genuine/original_39_19.png,1,genuine_genuine,39,39
data/processed/train/genuine/original_26_13.png,data/processed/train/genuine/original_26_23.png,1,genuine_genuine,26,26
data/processed/train/genuine/original_27_5.png,data/processed/train/forged/forgeries_27_16.png,0,skilled_forgery,27,27
data/processed/validation/genuine/original_40_16.png,data/processed/validation/genuine/original_40_17.png,1,genuine_genuine,40,40
data/processed/train/genuine/original_24_15.png,data/processed/train/genuine/original_24_20.png,1,genuine_genuine,24,24
data/processed/train/genuine/original_10_10.png,data/processed/train/forged/forgeries_10_24.png,0,skilled_forgery,10,10
data/processed/validation/genuine/original_39_1.png,data/processed/validation/genuine/original_39_23.png,1,genuine_genuine,39,39
data/processed/validation/genuine/original_38_10.png,data/processed/validation/forged/forgeries_38_9.png,0,skilled_forgery,38,38
data/processed/train/genuine/original_23_18.png,data/processed/train/genuine/original_23_4.png,1,genuine_genuine,23,23
data/processed/train/genuine/original_19_2.png,data/processed/train/genuine/original_19_24.png,1,genuine_genuine,19,19
data/processed/train/genuine/original_3_19.png,data/processed/train/genuine/original_3_2.png,1,genuine_genuine,3,3
data/processed/train/genuine/original_19_17.png,data/processed/train/genuine/original_19_8.png,1,genuine_genuine,19,19
data/processed/validation/genuine/original_39_17.png,data/processed/validation/genuine/original_39_8.png,1,genuine_genuine,39,39
data/processed/train/genuine/original_18_16.png,data/processed/train/genuine/original_18_6.png,1,genuine_genuine,18,18
data/processed/train/genuine/original_1_23.png,data/processed/train/forged/forgeries_1_18.png,0,skilled_forgery,1,1
data/processed/train/genuine/original_9_18.png,data/processed/train/genuine/original_9_21.png,1,genuine_genuine,9,9
data/processed/train/genuine/original_5_15.png,data/processed/train/genuine/original_5_18.png,1,genuine_genuine,5,5
data/processed/train/genuine/original_14_20.png,data/processed/train/forged/forgeries_14_19.png,0,skilled_forgery,14,14
data/processed/train/genuine/original_26_20.png,data/processed/train/forged/forgeries_26_12.png,0,skilled_forgery,26,26
data/processed/train/genuine/original_2_5.png,data/processed/train/genuine/original_11_15.png,0,random_forgery,2,11
data/processed/train/genuine/original_14_2.png,data/processed/train/forged/forgeries_14_11.png,0,skilled_forgery,14,14
data/processed/train/genuine/original_23_3.png,data/processed/train/genuine/original_23_9.png,1,genuine_genuine,23,23
data/processed/train/genuine/original_27_9.png,data/processed/train/forged/forgeries_27_17.png,0,skilled_forgery,27,27
data/processed/train/genuine/original_19_10.png,data/processed/train/forged/forgeries_19_4.png,0,skilled_forgery,19,19
data/processed/train/genuine/original_9_10.png,data/processed/train/genuine/original_9_7.png,1,genuine_genuine,9,9
data/processed/train/genuine/original_10_20.png,data/processed/train/genuine/original_10_23.png,1,genuine_genuine,10,10
data/processed/validation/genuine/original_38_17.png,data/processed/validation/genuine/original_38_22.png,1,genuine_genuine,38,38
data/processed/validation/genuine/original_42_15.png,data/processed/validation/genuine/original_42_22.png,1,genuine_genuine,42,42
data/processed/train/genuine/original_24_14.png,data/processed/train/genuine/original_19_1.png,0,random_forgery,24,19
data/processed/validation/genuine/original_44_2.png,data/processed/validation/genuine/original_44_21.png,1,genuine_genuine,44,44
data/processed/train/genuine/original_19_3.png,data/processed/train/genuine/original_22_11.png,0,random_forgery,19,22
data/processed/validation/genuine/original_44_3.png,data/processed/train/genuine/original_22_15.png,0,random_forgery,44,22
data/processed/train/genuine/original_9_5.png,data/processed/validation/genuine/original_42_24.png,0,random_forgery,9,42
data/processed/train/genuine/original_22_7.png,data/processed/train/genuine/original_22_8.png,1,genuine_genuine,22,22
data/processed/train/genuine/original_20_13.png,data/processed/train/forged/forgeries_20_7.png,0,skilled_forgery,20,20
data/processed/train/genuine/original_18_18.png,data/processed/train/forged/forgeries_18_13.png,0,skilled_forgery,18,18
data/processed/train/genuine/original_25_12.png,data/processed/train/genuine/original_25_5.png,1,genuine_genuine,25,25
data/processed/train/genuine/original_10_3.png,data/processed/train/genuine/original_10_8.png,1,genuine_genuine,10,10
data/processed/train/genuine/original_22_21.png,data/processed/train/forged/forgeries_22_15.png,0,skilled_forgery,22,22
data/processed/train/genuine/original_2_19.png,data/processed/train/genuine/original_2_3.png,1,genuine_genuine,2,2
data/processed/train/genuine/original_23_11.png,data/processed/train/forged/forgeries_23_12.png,0,skilled_forgery,23,23
data/processed/train/genuine/original_24_23.png,data/processed/train/forged/forgeries_24_13.png,0,skilled_forgery,24,24
data/processed/train/genuine/original_20_12.png,data/processed/train/genuine/original_20_22.png,1,genuine_genuine,20,20
data/processed/train/genuine/original_11_10.png,data/processed/train/genuine/original_11_20.png,1,genuine_genuine,11,11
data/processed/train/genuine/original_10_1.png,data/processed/train/genuine/original_10_19.png,1,genuine_genuine,10,10
data/processed/validation/genuine/original_44_19.png,data/processed/validation/genuine/original_44_9.png,1,genuine_genuine,44,44
data/processed/train/genuine/original_23_15.png,data/processed/train/genuine/original_10_17.png,0,random_forgery,23,10
data/processed/train/genuine/original_9_17.png,data/processed/train/genuine/original_9_19.png,1,genuine_genuine,9,9
data/processed/train/genuine/original_20_12.png,data/processed/train/genuine/original_20_3.png,1,genuine_genuine,20,20
data/processed/train/genuine/original_25_15.png,data/processed/train/genuine/original_25_19.png,1,genuine_genuine,25,25
data/processed/validation/genuine/original_43_10.png,data/processed/validation/genuine/original_43_12.png,1,genuine_genuine,43,43
data/processed/train/genuine/original_6_16.png,data/processed/train/forged/forgeries_6_18.png,0,skilled_forgery,6,6
data/processed/train/genuine/original_23_2.png,data/processed/train/genuine/original_23_5.png,1,genuine_genuine,23,23
data/processed/validation/genuine/original_40_14.png,data/processed/validation/genuine/original_40_18.png,1,genuine_genuine,40,40
data/processed/train/genuine/original_14_10.png,data/processed/train/genuine/original_14_22.png,1,genuine_genuine,14,14
data/processed/train/genuine/original_19_5.png,data/processed/train/genuine/original_2_1.png,0,random_forgery,19,2
data/processed/train/genuine/original_18_16.png,data/processed/train/forged/forgeries_18_5.png,0,skilled_forgery,18,18
data/processed/validation/genuine/original_42_24.png,data/processed/validation/genuine/original_42_3.png,1,genuine_genuine,42,42
data/processed/validation/genuine/original_40_23.png,data/processed/validation/genuine/original_44_21.png,0,random_forgery,40,44
data/processed/train/genuine/original_22_11.png,data/processed/train/genuine/original_22_17.png,1,genuine_genuine,22,22
data/processed/train/genuine/original_1_22.png,data/processed/train/genuine/original_1_8.png,1,genuine_genuine,1,1
data/processed/train/genuine/original_14_4.png,data/processed/train/genuine/original_26_17.png,0,random_forgery,14,26
data/processed/train/genuine/original_9_1.png,data/processed/train/genuine/original_17_6.png,0,random_forgery,9,17
data/processed/train/genuine/original_13_23.png,data/processed/train/genuine/original_13_24.png,1,genuine_genuine,13,13
data/processed/train/genuine/original_3_15.png,data/processed/train/genuine/original_3_4.png,1,genuine_genuine,3,3
data/processed/train/genuine/original_17_3.png,data/processed/train/forged/forgeries_17_12.png,0,skilled_forgery,17,17
data/processed/train/genuine/original_22_14.png,data/processed/train/forged/forgeries_22_15.png,0,skilled_forgery,22,22
data/processed/train/genuine/original_27_10.png,data/processed/train/genuine/original_27_2.png,1,genuine_genuine,27,27
data/processed/validation/genuine/original_40_5.png,data/processed/validation/forged/forgeries_40_21.png,0,skilled_forgery,40,40
data/processed/train/genuine/original_4_14.png,data/processed/train/genuine/original_13_4.png,0,random_forgery,4,13
data/processed/validation/genuine/original_37_15.png,data/processed/validation/genuine/original_37_21.png,1,genuine_genuine,37,37
data/processed/validation/genuine/original_40_10.png,data/processed/validation/genuine/original_40_17.png,1,genuine_genuine,40,40
data/processed/train/genuine/original_26_21.png,data/processed/train/forged/forgeries_26_3.png,0,skilled_forgery,26,26
data/processed/train/genuine/original_26_15.png,data/processed/train/forged/forgeries_26_24.png,0,skilled_forgery,26,26
data/processed/train/genuine/original_15_1.png,data/processed/train/genuine/original_15_21.png,1,genuine_genuine,15,15
data/processed/train/genuine/original_25_10.png,data/processed/train/forged/forgeries_25_24.png,0,skilled_forgery,25,25
data/processed/train/genuine/original_11_19.png,data/processed/train/genuine/original_11_9.png,1,genuine_genuine,11,11
data/processed/train/genuine/original_11_14.png,data/processed/train/forged/forgeries_11_23.png,0,skilled_forgery,11,11
data/processed/train/genuine/original_8_16.png,data/processed/train/genuine/original_8_20.png,1,genuine_genuine,8,8
data/processed/train/genuine/original_9_1.png,data/processed/train/genuine/original_9_21.png,1,genuine_genuine,9,9
data/processed/train/genuine/original_14_13.png,data/processed/train/forged/forgeries_14_18.png,0,skilled_forgery,14,14
data/processed/train/genuine/original_9_3.png,data/processed/train/genuine/original_9_5.png,1,genuine_genuine,9,9
data/processed/train/genuine/original_20_12.png,data/processed/train/genuine/original_20_6.png,1,genuine_genuine,20,20
data/processed/validation/genuine/original_38_2.png,data/processed/validation/genuine/original_38_7.png,1,genuine_genuine,38,38
data/processed/train/genuine/original_15_13.png,data/processed/train/genuine/original_15_5.png,1,genuine_genuine,15,15
data/processed/train/genuine/original_17_21.png,data/processed/train/genuine/original_17_5.png,1,genuine_genuine,17,17
data/processed/train/genuine/original_11_11.png,data/processed/train/genuine/original_11_6.png,1,genuine_genuine,11,11
data/processed/train/genuine/original_24_19.png,data/processed/train/forged/forgeries_24_24.png,0,skilled_forgery,24,24
data/processed/train/genuine/original_27_4.png,data/processed/train/forged/forgeries_27_19.png,0,skilled_forgery,27,27
data/processed/train/genuine/original_15_17.png,data/processed/train/genuine/original_15_4.png,1,genuine_genuine,15,15
data/processed/train/genuine/original_20_16.png,data/processed/train/genuine/original_20_20.png,1,genuine_genuine,20,20
data/processed/train/genuine/original_9_22.png,data/processed/train/forged/forgeries_9_22.png,0,skilled_forgery,9,9
data/processed/train/genuine/original_6_10.png,data/processed/train/forged/forgeries_6_8.png,0,skilled_forgery,6,6
data/processed/train/genuine/original_9_18.png,data/processed/train/genuine/original_9_7.png,1,genuine_genuine,9,9
data/processed/validation/genuine/original_39_16.png,data/processed/validation/genuine/original_40_19.png,0,random_forgery,39,40
data/processed/train/genuine/original_12_13.png,data/processed/train/genuine/original_12_5.png,1,genuine_genuine,12,12
data/processed/train/genuine/original_9_14.png,data/processed/train/forged/forgeries_9_10.png,0,skilled_forgery,9,9
data/processed/train/genuine/original_17_10.png,data/processed/train/forged/forgeries_17_10.png,0,skilled_forgery,17,17
data/processed/train/genuine/original_25_6.png,data/processed/validation/genuine/original_38_11.png,0,random_forgery,25,38
data/processed/validation/genuine/original_40_1.png,data/processed/validation/forged/forgeries_40_3.png,0,skilled_forgery,40,40
data/processed/train/genuine/original_22_3.png,data/processed/train/forged/forgeries_22_8.png,0,skilled_forgery,22,22
data/processed/train/genuine/original_2_18.png,data/processed/train/forged/forgeries_2_2.png,0,skilled_forgery,2,2
data/processed/train/genuine/original_13_6.png,data/processed/train/genuine/original_4_3.png,0,random_forgery,13,4
data/processed/train/genuine/original_4_16.png,data/processed/train/genuine/original_8_18.png,0,random_forgery,4,8
data/processed/train/genuine/original_16_1.png,data/processed/train/genuine/original_16_4.png,1,genuine_genuine,16,16
data/processed/train/genuine/original_8_16.png,data/processed/train/genuine/original_8_5.png,1,genuine_genuine,8,8
data/processed/train/genuine/original_26_1.png,data/processed/train/genuine/original_26_9.png,1,genuine_genuine,26,26
data/processed/train/genuine/original_1_15.png,data/processed/train/genuine/original_1_8.png,1,genuine_genuine,1,1
data/processed/train/genuine/original_10_15.png,data/processed/train/genuine/original_10_17.png,1,genuine_genuine,10,10
data/processed/train/genuine/original_14_20.png,data/processed/train/forged/forgeries_14_20.png,0,skilled_forgery,14,14
data/processed/train/genuine/original_1_1.png,data/processed/train/forged/forgeries_1_24.png,0,skilled_forgery,1,1
data/processed/train/genuine/original_16_3.png,data/processed/train/genuine/original_16_4.png,1,genuine_genuine,16,16
data/processed/train/genuine/original_14_23.png,data/processed/train/genuine/original_18_24.png,0,random_forgery,14,18
data/processed/train/genuine/original_12_2.png,data/processed/train/forged/forgeries_12_16.png,0,skilled_forgery,12,12
data/processed/validation/genuine/original_39_20.png,data/processed/validation/genuine/original_39_8.png,1,genuine_genuine,39,39
data/processed/train/genuine/original_4_15.png,data/processed/train/genuine/original_4_7.png,1,genuine_genuine,4,4
data/processed/validation/genuine/original_45_3.png,data/processed/validation/genuine/original_45_8.png,1,genuine_genuine,45,45
data/processed/train/genuine/original_19_15.png,data/processed/train/genuine/original_15_7.png,0,random_forgery,19,15
data/processed/train/genuine/original_1_4.png,data/processed/train/genuine/original_1_8.png,1,genuine_genuine,1,1
data/processed/train/genuine/original_21_17.png,data/processed/train/genuine/original_21_9.png,1,genuine_genuine,21,21
data/processed/train/genuine/original_12_14.png,data/processed/train/genuine/original_12_2.png,1,genuine_genuine,12,12
data/processed/validation/genuine/original_40_17.png,data/processed/validation/forged/forgeries_40_14.png,0,skilled_forgery,40,40
data/processed/validation/genuine/original_43_10.png,data/processed/validation/genuine/original_43_18.png,1,genuine_genuine,43,43
data/processed/train/genuine/original_12_15.png,data/processed/train/forged/forgeries_12_7.png,0,skilled_forgery,12,12
data/processed/train/genuine/original_18_4.png,data/processed/train/genuine/original_18_6.png,1,genuine_genuine,18,18
data/processed/train/genuine/original_16_23.png,data/processed/train/forged/forgeries_16_10.png,0,skilled_forgery,16,16
data/processed/train/genuine/original_4_15.png,data/processed/train/genuine/original_4_18.png,1,genuine_genuine,4,4
data/processed/validation/genuine/original_39_11.png,data/processed/validation/genuine/original_39_24.png,1,genuine_genuine,39,39
data/processed/train/genuine/original_21_15.png,data/processed/train/genuine/original_21_16.png,1,genuine_genuine,21,21
data/processed/train/genuine/original_1_4.png,data/processed/validation/genuine/original_38_2.png,0,random_forgery,1,38
data/processed/validation/genuine/original_39_7.png,data/processed/validation/forged/forgeries_39_13.png,0,skilled_forgery,39,39
data/processed/validation/genuine/original_37_12.png,data/processed/validation/genuine/original_37_24.png,1,genuine_genuine,37,37
data/processed/train/genuine/original_8_18.png,data/processed/train/genuine/original_8_5.png,1,genuine_genuine,8,8
data/processed/validation/genuine/original_45_19.png,data/processed/validation/forged/forgeries_45_14.png,0,skilled_forgery,45,45
data/processed/train/genuine/original_15_22.png,data/processed/train/forged/forgeries_15_1.png,0,skilled_forgery,15,15
data/processed/train/genuine/original_11_5.png,data/processed/train/forged/forgeries_11_23.png,0,skilled_forgery,11,11
data/processed/train/genuine/original_17_24.png,data/processed/train/genuine/original_17_9.png,1,genuine_genuine,17,17
data/processed/validation/genuine/original_41_4.png,data/processed/validation/genuine/original_41_7.png,1,genuine_genuine,41,41
data/processed/train/genuine/original_14_14.png,data/processed/train/genuine/original_14_9.png,1,genuine_genuine,14,14
data/processed/train/genuine/original_7_7.png,data/processed/train/forged/forgeries_7_11.png,0,skilled_forgery,7,7
data/processed/train/genuine/original_27_13.png,data/processed/train/forged/forgeries_27_20.png,0,skilled_forgery,27,27
data/processed/train/genuine/original_17_1.png,data/processed/train/genuine/original_17_20.png,1,genuine_genuine,17,17
data/processed/train/genuine/original_22_15.png,data/processed/train/genuine/original_22_4.png,1,genuine_genuine,22,22
data/processed/train/genuine/original_14_4.png,data/processed/train/forged/forgeries_14_11.png,0,skilled_forgery,14,14
data/processed/train/genuine/original_25_1.png,data/processed/train/genuine/original_25_14.png,1,genuine_genuine,25,25
data/processed/train/genuine/original_4_20.png,data/processed/train/forged/forgeries_4_2.png,0,skilled_forgery,4,4
data/processed/validation/genuine/original_43_18.png,data/processed/validation/genuine/original_43_24.png,1,genuine_genuine,43,43
data/processed/validation/genuine/original_42_2.png,data/processed/validation/genuine/original_42_20.png,1,genuine_genuine,42,42
data/processed/train/genuine/original_19_22.png,data/processed/train/genuine/original_26_2.png,0,random_forgery,19,26
data/processed/train/genuine/original_25_17.png,data/processed/train/genuine/original_25_3.png,1,genuine_genuine,25,25
data/processed/train/genuine/original_24_5.png,data/processed/train/forged/forgeries_24_16.png,0,skilled_forgery,24,24
data/processed/train/genuine/original_11_21.png,data/processed/train/genuine/original_11_23.png,1,genuine_genuine,11,11
data/processed/train/genuine/original_27_20.png,data/processed/train/genuine/original_14_23.png,0,random_forgery,27,14
data/processed/validation/genuine/original_42_10.png,data/processed/validation/genuine/original_42_12.png,1,genuine_genuine,42,42
data/processed/train/genuine/original_5_10.png,data/processed/train/genuine/original_5_11.png,1,genuine_genuine,5,5
data/processed/validation/genuine/original_43_15.png,data/processed/train/genuine/original_5_14.png,0,random_forgery,43,5
data/processed/train/genuine/original_15_20.png,data/processed/validation/genuine/original_43_5.png,0,random_forgery,15,43
data/processed/train/genuine/original_1_12.png,data/processed/train/genuine/original_1_20.png,1,genuine_genuine,1,1
data/processed/validation/genuine/original_42_22.png,data/processed/train/genuine/original_22_18.png,0,random_forgery,42,22
data/processed/train/genuine/original_6_2.png,data/processed/train/genuine/original_6_21.png,1,genuine_genuine,6,6
data/processed/validation/genuine/original_39_17.png,data/processed/validation/forged/forgeries_39_16.png,0,skilled_forgery,39,39
data/processed/train/genuine/original_14_5.png,data/processed/train/genuine/original_14_9.png,1,genuine_genuine,14,14
data/processed/train/genuine/original_24_13.png,data/processed/train/genuine/original_24_6.png,1,genuine_genuine,24,24
data/processed/validation/genuine/original_38_23.png,data/processed/validation/forged/forgeries_38_9.png,0,skilled_forgery,38,38
data/processed/train/genuine/original_19_11.png,data/processed/train/genuine/original_19_14.png,1,genuine_genuine,19,19
data/processed/train/genuine/original_7_9.png,data/processed/train/forged/forgeries_7_17.png,0,skilled_forgery,7,7
data/processed/validation/genuine/original_40_20.png,data/processed/validation/genuine/original_45_22.png,0,random_forgery,40,45
data/processed/train/genuine/original_15_19.png,data/processed/train/genuine/original_19_11.png,0,random_forgery,15,19
data/processed/train/genuine/original_20_1.png,data/processed/train/forged/forgeries_20_6.png,0,skilled_forgery,20,20
data/processed/train/genuine/original_1_16.png,data/processed/train/genuine/original_1_19.png,1,genuine_genuine,1,1
data/processed/train/genuine/original_5_13.png,data/processed/train/genuine/original_5_4.png,1,genuine_genuine,5,5
data/processed/train/genuine/original_20_14.png,data/processed/train/genuine/original_20_4.png,1,genuine_genuine,20,20
data/processed/train/genuine/original_5_17.png,data/processed/train/forged/forgeries_5_8.png,0,skilled_forgery,5,5
data/processed/train/genuine/original_1_12.png,data/processed/train/genuine/original_1_4.png,1,genuine_genuine,1,1
data/processed/train/genuine/original_8_23.png,data/processed/train/genuine/original_21_13.png,0,random_forgery,8,21
data/processed/train/genuine/original_21_8.png,data/processed/train/genuine/original_22_15.png,0,random_forgery,21,22
data/processed/train/genuine/original_18_15.png,data/processed/train/forged/forgeries_18_23.png,0,skilled_forgery,18,18
data/processed/validation/genuine/original_45_14.png,data/processed/train/genuine/original_15_12.png,0,random_forgery,45,15
data/processed/validation/genuine/original_40_22.png,data/processed/train/genuine/original_7_17.png,0,random_forgery,40,7
data/processed/train/genuine/original_10_12.png,data/processed/train/forged/forgeries_10_5.png,0,skilled_forgery,10,10
data/processed/train/genuine/original_20_14.png,data/processed/train/genuine/original_20_8.png,1,genuine_genuine,20,20
data/processed/train/genuine/original_4_12.png,data/processed/train/genuine/original_4_8.png,1,genuine_genuine,4,4
data/processed/validation/genuine/original_44_15.png,data/processed/validation/genuine/original_44_8.png,1,genuine_genuine,44,44
data/processed/train/genuine/original_1_16.png,data/processed/train/genuine/original_1_17.png,1,genuine_genuine,1,1
data/processed/train/genuine/original_26_14.png,data/processed/train/genuine/original_26_19.png,1,genuine_genuine,26,26
data/processed/train/genuine/original_13_10.png,data/processed/train/forged/forgeries_13_15.png,0,skilled_forgery,13,13
data/processed/train/genuine/original_18_23.png,data/processed/train/genuine/original_5_22.png,0,random_forgery,18,5
data/processed/train/genuine/original_17_15.png,data/processed/train/genuine/original_17_3.png,1,genuine_genuine,17,17
data/processed/train/genuine/original_18_13.png,data/processed/train/genuine/original_18_4.png,1,genuine_genuine,18,18
data/processed/validation/genuine/original_38_17.png,data/processed/validation/forged/forgeries_38_7.png,0,skilled_forgery,38,38
data/processed/train/genuine/original_18_17.png,data/processed/validation/genuine/original_40_15.png,0,random_forgery,18,40
data/processed/train/genuine/original_7_23.png,data/processed/train/forged/forgeries_7_1.png,0,skilled_forgery,7,7
data/processed/train/genuine/original_22_13.png,data/processed/train/genuine/original_22_2.png,1,genuine_genuine,22,22
data/processed/train/genuine/original_22_1.png,data/processed/train/genuine/original_22_10.png,1,genuine_genuine,22,22
data/processed/train/genuine/original_11_16.png,data/processed/train/genuine/original_11_17.png,1,genuine_genuine,11,11
data/processed/validation/genuine/original_37_19.png,data/processed/validation/forged/forgeries_37_19.png,0,skilled_forgery,37,37
data/processed/train/genuine/original_5_19.png,data/processed/train/genuine/original_19_14.png,0,random_forgery,5,19
data/processed/train/genuine/original_22_4.png,data/processed/train/genuine/original_22_5.png,1,genuine_genuine,22,22
data/processed/train/genuine/original_10_17.png,data/processed/train/genuine/original_10_9.png,1,genuine_genuine,10,10
data/processed/train/genuine/original_13_1.png,data/processed/train/genuine/original_13_2.png,1,genuine_genuine,13,13
data/processed/validation/genuine/original_37_16.png,data/processed/validation/genuine/original_37_9.png,1,genuine_genuine,37,37
data/processed/train/genuine/original_1_1.png,data/processed/train/genuine/original_1_13.png,1,genuine_genuine,1,1
data/processed/train/genuine/original_19_21.png,data/processed/train/genuine/original_10_3.png,0,random_forgery,19,10
data/processed/train/genuine/original_8_24.png,data/processed/train/forged/forgeries_8_10.png,0,skilled_forgery,8,8
data/processed/validation/genuine/original_38_16.png,data/processed/train/genuine/original_23_11.png,0,random_forgery,38,23
data/processed/train/genuine/original_19_14.png,data/processed/train/genuine/original_19_17.png,1,genuine_genuine,19,19
data/processed/train/genuine/original_7_14.png,data/processed/train/genuine/original_7_3.png,1,genuine_genuine,7,7
data/processed/train/genuine/original_8_21.png,data/processed/train/forged/forgeries_8_20.png,0,skilled_forgery,8,8
data/processed/train/genuine/original_17_22.png,data/processed/train/forged/forgeries_17_20.png,0,skilled_forgery,17,17
data/processed/train/genuine/original_8_6.png,data/processed/train/genuine/original_26_10.png,0,random_forgery,8,26
data/processed/train/genuine/original_25_6.png,data/processed/train/forged/forgeries_25_13.png,0,skilled_forgery,25,25
data/processed/validation/genuine/original_40_3.png,data/processed/validation/forged/forgeries_40_15.png,0,skilled_forgery,40,40
data/processed/train/genuine/original_27_19.png,data/processed/train/forged/forgeries_27_23.png,0,skilled_forgery,27,27
data/processed/train/genuine/original_10_20.png,data/processed/train/genuine/original_10_7.png,1,genuine_genuine,10,10
data/processed/validation/genuine/original_43_13.png,data/processed/validation/genuine/original_43_22.png,1,genuine_genuine,43,43
data/processed/train/genuine/original_23_11.png,data/processed/train/forged/forgeries_23_24.png,0,skilled_forgery,23,23
data/processed/validation/genuine/original_42_24.png,data/processed/validation/forged/forgeries_42_7.png,0,skilled_forgery,42,42
data/processed/train/genuine/original_4_10.png,data/processed/train/forged/forgeries_4_17.png,0,skilled_forgery,4,4
data/processed/train/genuine/original_16_4.png,data/processed/train/genuine/original_3_5.png,0,random_forgery,16,3
data/processed/train/genuine/original_16_22.png,data/processed/train/forged/forgeries_16_24.png,0,skilled_forgery,16,16
data/processed/train/genuine/original_14_2.png,data/processed/train/forged/forgeries_14_18.png,0,skilled_forgery,14,14
data/processed/train/genuine/original_25_4.png,data/processed/train/genuine/original_25_8.png,1,genuine_genuine,25,25
data/processed/validation/genuine/original_44_24.png,data/processed/validation/genuine/original_44_9.png,1,genuine_genuine,44,44
data/processed/validation/genuine/original_45_4.png,data/processed/validation/genuine/original_45_8.png,1,genuine_genuine,45,45
data/processed/train/genuine/original_14_13.png,data/processed/train/genuine/original_14_6.png,1,genuine_genuine,14,14
data/processed/validation/genuine/original_45_2.png,data/processed/validation/forged/forgeries_45_23.png,0,skilled_forgery,45,45
data/processed/train/genuine/original_25_3.png,data/processed/train/genuine/original_22_2.png,0,random_forgery,25,22
data/processed/validation/genuine/original_41_16.png,data/processed/train/genuine/original_16_12.png,0,random_forgery,41,16
data/processed/validation/genuine/original_38_14.png,data/processed/validation/genuine/original_38_9.png,1,genuine_genuine,38,38
data/processed/train/genuine/original_9_19.png,data/processed/train/genuine/original_17_5.png,0,random_forgery,9,17
data/processed/validation/genuine/original_42_1.png,data/processed/train/genuine/original_19_15.png,0,random_forgery,42,19
data/processed/train/genuine/original_24_9.png,data/processed/train/genuine/original_25_17.png,0,random_forgery,24,25
data/processed/validation/genuine/original_40_15.png,data/processed/validation/genuine/original_40_21.png,1,genuine_genuine,40,40
data/processed/train/genuine/original_25_24.png,data/processed/train/forged/forgeries_25_9.png,0,skilled_forgery,25,25
data/processed/train/genuine/original_17_14.png,data/processed/train/genuine/original_17_17.png,1,genuine_genuine,17,17
data/processed/validation/genuine/original_41_10.png,data/processed/validation/forged/forgeries_41_17.png,0,skilled_forgery,41,41
data/processed/train/genuine/original_22_19.png,data/processed/train/genuine/original_22_3.png,1,genuine_genuine,22,22
data/processed/train/genuine/original_3_9.png,data/processed/train/genuine/original_27_8.png,0,random_forgery,3,27
data/processed/train/genuine/original_26_10.png,data/processed/train/genuine/original_26_14.png,1,genuine_genuine,26,26
data/processed/train/genuine/original_24_14.png,data/processed/train/genuine/original_24_23.png,1,genuine_genuine,24,24
data/processed/train/genuine/original_24_11.png,data/processed/train/genuine/original_24_15.png,1,genuine_genuine,24,24
data/processed/validation/genuine/original_42_3.png,data/processed/validation/genuine/original_42_5.png,1,genuine_genuine,42,42
data/processed/train/genuine/original_10_5.png,data/processed/validation/genuine/original_43_20.png,0,random_forgery,10,43
data/processed/train/genuine/original_17_19.png,data/processed/train/genuine/original_17_8.png,1,genuine_genuine,17,17
data/processed/train/genuine/original_20_14.png,data/processed/train/forged/forgeries_20_12.png,0,skilled_forgery,20,20
data/processed/train/genuine/original_10_11.png,data/processed/train/genuine/original_10_5.png,1,genuine_genuine,10,10
data/processed/validation/genuine/original_43_19.png,data/processed/validation/genuine/original_43_6.png,1,genuine_genuine,43,43
data/processed/train/genuine/original_6_16.png,data/processed/train/genuine/original_2_22.png,0,random_forgery,6,2
data/processed/train/genuine/original_19_21.png,data/processed/train/genuine/original_19_22.png,1,genuine_genuine,19,19
data/processed/validation/genuine/original_38_17.png,data/processed/train/genuine/original_10_11.png,0,random_forgery,38,10
data/processed/train/genuine/original_11_15.png,data/processed/train/genuine/original_11_16.png,1,genuine_genuine,11,11
data/processed/validation/genuine/original_42_1.png,data/processed/validation/forged/forgeries_42_4.png,0,skilled_forgery,42,42
data/processed/train/genuine/original_6_10.png,data/processed/train/genuine/original_6_9.png,1,genuine_genuine,6,6
data/processed/train/genuine/original_11_5.png,data/processed/train/forged/forgeries_11_7.png,0,skilled_forgery,11,11
data/processed/train/genuine/original_3_11.png,data/processed/train/genuine/original_18_13.png,0,random_forgery,3,18
data/processed/validation/genuine/original_40_15.png,data/processed/validation/genuine/original_40_23.png,1,genuine_genuine,40,40
data/processed/validation/genuine/original_42_19.png,data/processed/validation/genuine/original_42_3.png,1,genuine_genuine,42,42
data/processed/train/genuine/original_8_16.png,data/processed/train/genuine/original_6_17.png,0,random_forgery,8,6
data/processed/train/genuine/original_21_18.png,data/processed/train/forged/forgeries_21_2.png,0,skilled_forgery,21,21
data/processed/train/genuine/original_6_17.png,data/processed/train/genuine/original_6_5.png,1,genuine_genuine,6,6
data/processed/train/genuine/original_18_14.png,data/processed/train/genuine/original_18_9.png,1,genuine_genuine,18,18
data/processed/train/genuine/original_16_16.png,data/processed/train/genuine/original_16_4.png,1,genuine_genuine,16,16
data/processed/validation/genuine/original_38_16.png,data/processed/validation/genuine/original_38_23.png,1,genuine_genuine,38,38
data/processed/train/genuine/original_10_13.png,data/processed/train/genuine/original_10_17.png,1,genuine_genuine,10,10
data/processed/validation/genuine/original_44_21.png,data/processed/validation/genuine/original_44_4.png,1,genuine_genuine,44,44
data/processed/train/genuine/original_13_8.png,data/processed/train/forged/forgeries_13_8.png,0,skilled_forgery,13,13
data/processed/train/genuine/original_5_10.png,data/processed/train/genuine/original_5_12.png,1,genuine_genuine,5,5
data/processed/train/genuine/original_24_10.png,data/processed/train/genuine/original_24_22.png,1,genuine_genuine,24,24
data/processed/train/genuine/original_14_24.png,data/processed/train/genuine/original_24_9.png,0,random_forgery,14,24
data/processed/train/genuine/original_18_12.png,data/processed/train/genuine/original_18_24.png,1,genuine_genuine,18,18
data/processed/validation/genuine/original_39_15.png,data/processed/validation/genuine/original_39_9.png,1,genuine_genuine,39,39
data/processed/validation/genuine/original_41_24.png,data/processed/validation/forged/forgeries_41_24.png,0,skilled_forgery,41,41
data/processed/validation/genuine/original_37_1.png,data/processed/train/genuine/original_9_10.png,0,random_forgery,37,9
data/processed/train/genuine/original_13_12.png,data/processed/train/genuine/original_13_17.png,1,genuine_genuine,13,13
data/processed/train/genuine/original_22_8.png,data/processed/train/forged/forgeries_22_4.png,0,skilled_forgery,22,22
data/processed/train/genuine/original_5_23.png,data/processed/train/genuine/original_23_7.png,0,random_forgery,5,23
data/processed/train/genuine/original_10_1.png,data/processed/train/genuine/original_12_21.png,0,random_forgery,10,12
data/processed/validation/genuine/original_40_17.png,data/processed/train/genuine/original_5_23.png,0,random_forgery,40,5
data/processed/train/genuine/original_24_16.png,data/processed/train/genuine/original_24_8.png,1,genuine_genuine,24,24
data/processed/train/genuine/original_25_11.png,data/processed/train/genuine/original_25_22.png,1,genuine_genuine,25,25
data/processed/train/genuine/original_9_22.png,data/processed/train/genuine/original_9_23.png,1,genuine_genuine,9,9
data/processed/train/genuine/original_10_18.png,data/processed/train/genuine/original_10_19.png,1,genuine_genuine,10,10
data/processed/train/genuine/original_8_7.png,data/processed/train/forged/forgeries_8_15.png,0,skilled_forgery,8,8
data/processed/train/genuine/original_24_20.png,data/processed/train/genuine/original_14_19.png,0,random_forgery,24,14
data/processed/train/genuine/original_18_9.png,data/processed/train/forged/forgeries_18_22.png,0,skilled_forgery,18,18
data/processed/validation/genuine/original_40_14.png,data/processed/validation/genuine/original_40_5.png,1,genuine_genuine,40,40
data/processed/train/genuine/original_23_17.png,data/processed/train/genuine/original_23_3.png,1,genuine_genuine,23,23
data/processed/train/genuine/original_18_2.png,data/processed/train/genuine/original_18_20.png,1,genuine_genuine,18,18
data/processed/train/genuine/original_9_14.png,data/processed/train/genuine/original_9_21.png,1,genuine_genuine,9,9
data/processed/train/genuine/original_22_22.png,data/processed/train/forged/forgeries_22_5.png,0,skilled_forgery,22,22
data/processed/validation/genuine/original_39_10.png,data/processed/validation/genuine/original_39_15.png,1,genuine_genuine,39,39
data/processed/train/genuine/original_9_1.png,data/processed/train/genuine/original_6_7.png,0,random_forgery,9,6
data/processed/train/genuine/original_7_15.png,data/processed/train/genuine/original_7_6.png,1,genuine_genuine,7,7
data/processed/train/genuine/original_7_7.png,data/processed/train/genuine/original_7_8.png,1,genuine_genuine,7,7
data/processed/train/genuine/original_13_13.png,data/processed/train/genuine/original_13_23.png,1,genuine_genuine,13,13
data/processed/validation/genuine/original_37_12.png,data/processed/validation/genuine/original_37_3.png,1,genuine_genuine,37,37
data/processed/train/genuine/original_14_19.png,data/processed/train/genuine/original_14_6.png,1,genuine_genuine,14,14
data/processed/validation/genuine/original_40_2.png,data/processed/validation/genuine/original_40_7.png,1,genuine_genuine,40,40
data/processed/train/genuine/original_5_1.png,data/processed/train/genuine/original_5_11.png,1,genuine_genuine,5,5
data/processed/train/genuine/original_16_18.png,data/processed/train/genuine/original_16_19.png,1,genuine_genuine,16,16
data/processed/train/genuine/original_8_4.png,data/processed/train/genuine/original_8_9.png,1,genuine_genuine,8,8
data/processed/validation/genuine/original_37_3.png,data/processed/validation/genuine/original_37_6.png,1,genuine_genuine,37,37
data/processed/validation/genuine/original_44_15.png,data/processed/validation/genuine/original_44_24.png,1,genuine_genuine,44,44
data/processed/train/genuine/original_17_13.png,data/processed/train/genuine/original_17_20.png,1,genuine_genuine,17,17
data/processed/validation/genuine/original_40_21.png,data/processed/validation/genuine/original_40_24.png,1,genuine_genuine,40,40
data/processed/train/genuine/original_16_10.png,data/processed/train/genuine/original_16_21.png,1,genuine_genuine,16,16
data/processed/validation/genuine/original_37_13.png,data/processed/validation/genuine/original_37_23.png,1,genuine_genuine,37,37
data/processed/validation/genuine/original_40_6.png,data/processed/validation/genuine/original_40_7.png,1,genuine_genuine,40,40
data/processed/train/genuine/original_3_17.png,data/processed/train/genuine/original_13_10.png,0,random_forgery,3,13
data/processed/validation/genuine/original_42_2.png,data/processed/validation/forged/forgeries_42_14.png,0,skilled_forgery,42,42
data/processed/train/genuine/original_18_16.png,data/processed/train/genuine/original_18_18.png,1,genuine_genuine,18,18
data/processed/train/genuine/original_9_12.png,data/processed/train/genuine/original_9_4.png,1,genuine_genuine,9,9
data/processed/train/genuine/original_18_23.png,data/processed/train/genuine/original_18_6.png,1,genuine_genuine,18,18
data/processed/train/genuine/original_2_14.png,data/processed/train/genuine/original_2_5.png,1,genuine_genuine,2,2
data/processed/train/genuine/original_7_3.png,data/processed/train/forged/forgeries_7_23.png,0,skilled_forgery,7,7
data/processed/train/genuine/original_23_14.png,data/processed/train/forged/forgeries_23_3.png,0,skilled_forgery,23,23
data/processed/train/genuine/original_8_9.png,data/processed/train/forged/forgeries_8_19.png,0,skilled_forgery,8,8
data/processed/train/genuine/original_15_12.png,data/processed/train/genuine/original_15_22.png,1,genuine_genuine,15,15
data/processed/validation/genuine/original_38_6.png,data/processed/validation/forged/forgeries_38_5.png,0,skilled_forgery,38,38
data/processed/train/genuine/original_9_11.png,data/processed/train/genuine/original_9_7.png,1,genuine_genuine,9,9
data/processed/train/genuine/original_15_10.png,data/processed/train/genuine/original_15_16.png,1,genuine_genuine,15,15
data/processed/validation/genuine/original_44_20.png,data/processed/validation/genuine/original_44_3.png,1,genuine_genuine,44,44
data/processed/validation/genuine/original_43_1.png,data/processed/validation/genuine/original_43_21.png,1,genuine_genuine,43,43
data/processed/train/genuine/original_5_15.png,data/processed/train/forged/forgeries_5_21.png,0,skilled_forgery,5,5
data/processed/validation/genuine/original_39_11.png,data/processed/validation/forged/forgeries_39_16.png,0,skilled_forgery,39,39
data/processed/train/genuine/original_11_22.png,data/processed/train/forged/forgeries_11_13.png,0,skilled_forgery,11,11
data/processed/train/genuine/original_20_10.png,data/processed/train/genuine/original_9_6.png,0,random_forgery,20,9
data/processed/train/genuine/original_15_8.png,data/processed/train/forged/forgeries_15_2.png,0,skilled_forgery,15,15
data/processed/validation/genuine/original_44_5.png,data/processed/validation/forged/forgeries_44_5.png,0,skilled_forgery,44,44
data/processed/train/genuine/original_5_22.png,data/processed/train/forged/forgeries_5_21.png,0,skilled_forgery,5,5
data/processed/train/genuine/original_19_7.png,data/processed/train/forged/forgeries_19_1.png,0,skilled_forgery,19,19
data/processed/train/genuine/original_25_20.png,data/processed/train/forged/forgeries_25_10.png,0,skilled_forgery,25,25
data/processed/train/genuine/original_15_22.png,data/processed/train/forged/forgeries_15_19.png,0,skilled_forgery,15,15
data/processed/train/genuine/original_12_10.png,data/processed/train/genuine/original_12_14.png,1,genuine_genuine,12,12
data/processed/validation/genuine/original_42_2.png,data/processed/validation/forged/forgeries_42_21.png,0,skilled_forgery,42,42
data/processed/validation/genuine/original_37_22.png,data/processed/validation/forged/forgeries_37_8.png,0,skilled_forgery,37,37
data/processed/train/genuine/original_10_6.png,data/processed/train/forged/forgeries_10_8.png,0,skilled_forgery,10,10
data/processed/train/genuine/original_19_1.png,data/processed/train/genuine/original_19_7.png,1,genuine_genuine,19,19
data/processed/train/genuine/original_25_15.png,data/processed/train/genuine/original_25_22.png,1,genuine_genuine,25,25
data/processed/validation/genuine/original_41_18.png,data/processed/validation/forged/forgeries_41_23.png,0,skilled_forgery,41,41
data/processed/validation/genuine/original_38_22.png,data/processed/train/genuine/original_13_13.png,0,random_forgery,38,13
data/processed/train/genuine/original_19_13.png,data/processed/train/genuine/original_19_22.png,1,genuine_genuine,19,19
data/processed/train/genuine/original_7_17.png,data/processed/train/genuine/original_7_2.png,1,genuine_genuine,7,7
data/processed/train/genuine/original_26_10.png,data/processed/train/genuine/original_26_2.png,1,genuine_genuine,26,26
data/processed/validation/genuine/original_44_21.png,data/processed/validation/genuine/original_44_8.png,1,genuine_genuine,44,44
data/processed/train/genuine/original_8_13.png,data/processed/train/genuine/original_8_20.png,1,genuine_genuine,8,8
data/processed/train/genuine/original_1_13.png,data/processed/train/genuine/original_1_6.png,1,genuine_genuine,1,1
data/processed/train/genuine/original_1_3.png,data/processed/train/forged/forgeries_1_20.png,0,skilled_forgery,1,1
data/processed/train/genuine/original_2_5.png,data/processed/train/genuine/original_2_7.png,1,genuine_genuine,2,2
data/processed/train/genuine/original_19_12.png,data/processed/train/forged/forgeries_19_21.png,0,skilled_forgery,19,19
data/processed/train/genuine/original_11_10.png,data/processed/train/genuine/original_11_3.png,1,genuine_genuine,11,11
data/processed/train/genuine/original_27_11.png,data/processed/train/genuine/original_1_8.png,0,random_forgery,27,1
data/processed/validation/genuine/original_37_6.png,data/processed/validation/forged/forgeries_37_23.png,0,skilled_forgery,37,37
data/processed/train/genuine/original_15_23.png,data/processed/train/genuine/original_19_19.png,0,random_forgery,15,19
data/processed/train/genuine/original_8_22.png,data/processed/train/forged/forgeries_8_2.png,0,skilled_forgery,8,8
data/processed/validation/genuine/original_37_24.png,data/processed/train/genuine/original_3_2.png,0,random_forgery,37,3
data/processed/train/genuine/original_13_7.png,data/processed/train/genuine/original_13_8.png,1,genuine_genuine,13,13
data/processed/train/genuine/original_6_10.png,data/processed/train/genuine/original_6_17.png,1,genuine_genuine,6,6
data/processed/train/genuine/original_7_17.png,data/processed/train/genuine/original_7_5.png,1,genuine_genuine,7,7
data/processed/train/genuine/original_12_17.png,data/processed/train/genuine/original_12_23.png,1,genuine_genuine,12,12
data/processed/train/genuine/original_11_16.png,data/processed/train/forged/forgeries_11_5.png,0,skilled_forgery,11,11
data/processed/validation/genuine/original_43_3.png,data/processed/train/genuine/original_19_5.png,0,random_forgery,43,19
data/processed/train/genuine/original_3_7.png,data/processed/train/forged/forgeries_3_24.png,0,skilled_forgery,3,3
data/processed/validation/genuine/original_40_22.png,data/processed/validation/genuine/original_37_11.png,0,random_forgery,40,37
data/processed/train/genuine/original_22_2.png,data/processed/train/genuine/original_23_8.png,0,random_forgery,22,23
data/processed/train/genuine/original_15_19.png,data/processed/validation/genuine/original_44_2.png,0,random_forgery,15,44
data/processed/train/genuine/original_12_14.png,data/processed/train/genuine/original_12_6.png,1,genuine_genuine,12,12
data/processed/validation/genuine/original_37_21.png,data/processed/train/genuine/original_22_20.png,0,random_forgery,37,22
data/processed/train/genuine/original_6_4.png,data/processed/train/genuine/original_6_6.png,1,genuine_genuine,6,6
data/processed/train/genuine/original_25_13.png,data/processed/train/genuine/original_25_24.png,1,genuine_genuine,25,25
data/processed/train/genuine/original_20_1.png,data/processed/train/genuine/original_20_5.png,1,genuine_genuine,20,20
data/processed/train/genuine/original_12_13.png,data/processed/train/genuine/original_12_3.png,1,genuine_genuine,12,12
data/processed/train/genuine/original_23_18.png,data/processed/train/genuine/original_21_10.png,0,random_forgery,23,21
data/processed/validation/genuine/original_38_3.png,data/processed/validation/forged/forgeries_38_18.png,0,skilled_forgery,38,38
data/processed/validation/genuine/original_38_7.png,data/processed/train/genuine/original_17_20.png,0,random_forgery,38,17
data/processed/train/genuine/original_22_10.png,data/processed/train/genuine/original_22_21.png,1,genuine_genuine,22,22
data/processed/train/genuine/original_13_24.png,data/processed/train/forged/forgeries_13_14.png,0,skilled_forgery,13,13
data/processed/train/genuine/original_12_10.png,data/processed/train/genuine/original_12_9.png,1,genuine_genuine,12,12
data/processed/train/genuine/original_8_3.png,data/processed/train/forged/forgeries_8_1.png,0,skilled_forgery,8,8
data/processed/train/genuine/original_21_24.png,data/processed/train/genuine/original_21_5.png,1,genuine_genuine,21,21
data/processed/train/genuine/original_9_20.png,data/processed/train/forged/forgeries_9_12.png,0,skilled_forgery,9,9
data/processed/train/genuine/original_26_17.png,data/processed/train/genuine/original_26_18.png,1,genuine_genuine,26,26
data/processed/validation/genuine/original_40_23.png,data/processed/validation/genuine/original_40_4.png,1,genuine_genuine,40,40
data/processed/validation/genuine/original_44_7.png,data/processed/validation/forged/forgeries_44_24.png,0,skilled_forgery,44,44
data/processed/train/genuine/original_23_20.png,data/processed/validation/genuine/original_40_8.png,0,random_forgery,23,40
data/processed/train/genuine/original_20_21.png,data/processed/train/genuine/original_20_4.png,1,genuine_genuine,20,20
data/processed/validation/genuine/original_42_17.png,data/processed/validation/forged/forgeries_42_11.png,0,skilled_forgery,42,42
data/processed/train/genuine/original_2_8.png,data/processed/train/forged/forgeries_2_9.png,0,skilled_forgery,2,2
data/processed/validation/genuine/original_37_5.png,data/processed/validation/genuine/original_37_6.png,1,genuine_genuine,37,37
data/processed/train/genuine/original_11_2.png,data/processed/train/forged/forgeries_11_1.png,0,skilled_forgery,11,11
data/processed/train/genuine/original_27_10.png,data/processed/train/genuine/original_27_7.png,1,genuine_genuine,27,27
data/processed/train/genuine/original_12_3.png,data/processed/validation/genuine/original_38_20.png,0,random_forgery,12,38
data/processed/train/genuine/original_25_20.png,data/processed/train/forged/forgeries_25_22.png,0,skilled_forgery,25,25
data/processed/train/genuine/original_10_22.png,data/processed/train/forged/forgeries_10_20.png,0,skilled_forgery,10,10
data/processed/train/genuine/original_7_14.png,data/processed/train/forged/forgeries_7_2.png,0,skilled_forgery,7,7
data/processed/train/genuine/original_8_13.png,data/processed/train/genuine/original_8_5.png,1,genuine_genuine,8,8
data/processed/train/genuine/original_4_20.png,data/processed/train/forged/forgeries_4_22.png,0,skilled_forgery,4,4
data/processed/train/genuine/original_9_4.png,data/processed/train/genuine/original_9_7.png,1,genuine_genuine,9,9
data/processed/train/genuine/original_14_2.png,data/processed/train/genuine/original_14_6.png,1,genuine_genuine,14,14
data/processed/train/genuine/original_7_16.png,data/processed/train/genuine/original_7_3.png,1,genuine_genuine,7,7
data/processed/train/genuine/original_19_22.png,data/processed/train/genuine/original_19_9.png,1,genuine_genuine,19,19
data/processed/train/genuine/original_19_22.png,data/processed/train/genuine/original_27_24.png,0,random_forgery,19,27
data/processed/train/genuine/original_21_13.png,data/processed/train/genuine/original_21_4.png,1,genuine_genuine,21,21
data/processed/train/genuine/original_6_11.png,data/processed/train/genuine/original_6_7.png,1,genuine_genuine,6,6
data/processed/train/genuine/original_4_4.png,data/processed/train/genuine/original_4_6.png,1,genuine_genuine,4,4
data/processed/validation/genuine/original_41_19.png,data/processed/validation/forged/forgeries_41_19.png,0,skilled_forgery,41,41
data/processed/train/genuine/original_20_9.png,data/processed/validation/genuine/original_37_9.png,0,random_forgery,20,37
data/processed/train/genuine/original_13_17.png,data/processed/train/genuine/original_13_9.png,1,genuine_genuine,13,13
data/processed/train/genuine/original_20_10.png,data/processed/train/genuine/original_20_22.png,1,genuine_genuine,20,20
data/processed/validation/genuine/original_41_4.png,data/processed/validation/genuine/original_41_5.png,1,genuine_genuine,41,41
data/processed/validation/genuine/original_37_1.png,data/processed/validation/genuine/original_37_13.png,1,genuine_genuine,37,37
data/processed/train/genuine/original_24_3.png,data/processed/train/genuine/original_24_9.png,1,genuine_genuine,24,24
data/processed/train/genuine/original_5_6.png,data/processed/train/forged/forgeries_5_2.png,0,skilled_forgery,5,5
data/processed/validation/genuine/original_41_19.png,data/processed/validation/genuine/original_41_7.png,1,genuine_genuine,41,41
data/processed/validation/genuine/original_39_4.png,data/processed/validation/forged/forgeries_39_5.png,0,skilled_forgery,39,39
data/processed/train/genuine/original_14_15.png,data/processed/train/genuine/original_14_20.png,1,genuine_genuine,14,14
data/processed/validation/genuine/original_44_13.png,data/processed/validation/forged/forgeries_44_23.png,0,skilled_forgery,44,44
data/processed/validation/genuine/original_37_8.png,data/processed/validation/forged/forgeries_37_22.png,0,skilled_forgery,37,37
data/processed/train/genuine/original_22_3.png,data/processed/train/forged/forgeries_22_9.png,0,skilled_forgery,22,22
data/processed/train/genuine/original_9_17.png,data/processed/train/genuine/original_22_17.png,0,random_forgery,9,22
data/processed/train/genuine/original_12_13.png,data/processed/train/genuine/original_21_12.png,0,random_forgery,12,21
data/processed/train/genuine/original_19_21.png,data/processed/train/genuine/original_9_18.png,0,random_forgery,19,9
data/processed/validation/genuine/original_40_1.png,data/processed/validation/genuine/original_40_5.png,1,genuine_genuine,40,40
data/processed/train/genuine/original_27_21.png,data/processed/train/forged/forgeries_27_13.png,0,skilled_forgery,27,27
data/processed/train/genuine/original_9_5.png,data/processed/validation/genuine/original_41_2.png,0,random_forgery,9,41
data/processed/train/genuine/original_10_4.png,data/processed/train/forged/forgeries_10_23.png,0,skilled_forgery,10,10
data/processed/validation/genuine/original_39_3.png,data/processed/validation/genuine/original_39_4.png,1,genuine_genuine,39,39
data/processed/train/genuine/original_22_22.png,data/processed/train/genuine/original_22_7.png,1,genuine_genuine,22,22
data/processed/train/genuine/original_21_20.png,data/processed/train/forged/forgeries_21_11.png,0,skilled_forgery,21,21
data/processed/train/genuine/original_14_15.png,data/processed/train/forged/forgeries_14_8.png,0,skilled_forgery,14,14
data/processed/train/genuine/original_1_17.png,data/processed/train/genuine/original_1_6.png,1,genuine_genuine,1,1
data/processed/validation/genuine/original_41_15.png,data/processed/validation/genuine/original_41_16.png,1,genuine_genuine,41,41
data/processed/train/genuine/original_2_14.png,data/processed/train/genuine/original_2_17.png,1,genuine_genuine,2,2
data/processed/train/genuine/original_21_2.png,data/processed/train/forged/forgeries_21_4.png,0,skilled_forgery,21,21
data/processed/train/genuine/original_13_10.png,data/processed/train/genuine/original_8_17.png,0,random_forgery,13,8
data/processed/train/genuine/original_21_23.png,data/processed/train/genuine/original_21_24.png,1,genuine_genuine,21,21
data/processed/train/genuine/original_15_19.png,data/processed/train/genuine/original_12_24.png,0,random_forgery,15,12
data/processed/train/genuine/original_17_23.png,data/processed/train/forged/forgeries_17_21.png,0,skilled_forgery,17,17
data/processed/validation/genuine/original_39_4.png,data/processed/validation/forged/forgeries_39_1.png,0,skilled_forgery,39,39
data/processed/train/genuine/original_20_10.png,data/processed/train/forged/forgeries_20_23.png,0,skilled_forgery,20,20
data/processed/train/genuine/original_12_10.png,data/processed/train/forged/forgeries_12_3.png,0,skilled_forgery,12,12
data/processed/train/genuine/original_11_9.png,data/processed/validation/genuine/original_41_17.png,0,random_forgery,11,41
data/processed/train/genuine/original_11_19.png,data/processed/train/forged/forgeries_11_1.png,0,skilled_forgery,11,11
data/processed/train/genuine/original_9_19.png,data/processed/train/genuine/original_5_3.png,0,random_forgery,9,5
data/processed/train/genuine/original_25_13.png,data/processed/train/forged/forgeries_25_5.png,0,skilled_forgery,25,25
data/processed/validation/genuine/original_41_14.png,data/processed/validation/forged/forgeries_41_22.png,0,skilled_forgery,41,41
data/processed/validation/genuine/original_44_17.png,data/processed/validation/forged/forgeries_44_7.png,0,skilled_forgery,44,44
data/processed/train/genuine/original_8_21.png,data/processed/train/genuine/original_8_22.png,1,genuine_genuine,8,8
data/processed/train/genuine/original_3_12.png,data/processed/train/genuine/original_3_19.png,1,genuine_genuine,3,3
data/processed/train/genuine/original_8_11.png,data/processed/train/genuine/original_8_24.png,1,genuine_genuine,8,8
data/processed/validation/genuine/original_44_19.png,data/processed/validation/genuine/original_42_7.png,0,random_forgery,44,42
data/processed/train/genuine/original_10_20.png,data/processed/train/forged/forgeries_10_10.png,0,skilled_forgery,10,10
data/processed/train/genuine/original_3_11.png,data/processed/train/forged/forgeries_3_19.png,0,skilled_forgery,3,3
data/processed/train/genuine/original_10_1.png,data/processed/train/genuine/original_10_5.png,1,genuine_genuine,10,10
data/processed/train/genuine/original_9_5.png,data/processed/train/genuine/original_9_8.png,1,genuine_genuine,9,9
data/processed/validation/genuine/original_41_16.png,data/processed/validation/genuine/original_37_10.png,0,random_forgery,41,37
data/processed/train/genuine/original_23_13.png,data/processed/train/forged/forgeries_23_12.png,0,skilled_forgery,23,23
data/processed/train/genuine/original_22_19.png,data/processed/train/genuine/original_1_6.png,0,random_forgery,22,1
data/processed/validation/genuine/original_42_10.png,data/processed/validation/forged/forgeries_42_16.png,0,skilled_forgery,42,42
data/processed/train/genuine/original_21_11.png,data/processed/train/genuine/original_21_8.png,1,genuine_genuine,21,21
data/processed/train/genuine/original_13_16.png,data/processed/train/forged/forgeries_13_6.png,0,skilled_forgery,13,13
data/processed/train/genuine/original_15_2.png,data/processed/train/forged/forgeries_15_4.png,0,skilled_forgery,15,15
data/processed/train/genuine/original_4_13.png,data/processed/train/genuine/original_4_19.png,1,genuine_genuine,4,4
data/processed/train/genuine/original_9_14.png,data/processed/train/genuine/original_9_7.png,1,genuine_genuine,9,9
data/processed/train/genuine/original_14_2.png,data/processed/train/forged/forgeries_14_4.png,0,skilled_forgery,14,14
data/processed/validation/genuine/original_41_14.png,data/processed/validation/genuine/original_41_2.png,1,genuine_genuine,41,41
data/processed/train/genuine/original_4_1.png,data/processed/train/forged/forgeries_4_1.png,0,skilled_forgery,4,4
data/processed/train/genuine/original_24_22.png,data/processed/train/genuine/original_6_22.png,0,random_forgery,24,6
data/processed/train/genuine/original_26_15.png,data/processed/train/genuine/original_26_5.png,1,genuine_genuine,26,26
data/processed/train/genuine/original_21_5.png,data/processed/train/genuine/original_21_6.png,1,genuine_genuine,21,21
data/processed/train/genuine/original_16_14.png,data/processed/train/genuine/original_16_15.png,1,genuine_genuine,16,16
data/processed/train/genuine/original_6_11.png,data/processed/train/genuine/original_6_18.png,1,genuine_genuine,6,6
data/processed/train/genuine/original_11_15.png,data/processed/train/forged/forgeries_11_18.png,0,skilled_forgery,11,11
data/processed/validation/genuine/original_38_17.png,data/processed/validation/genuine/original_38_23.png,1,genuine_genuine,38,38
data/processed/validation/genuine/original_45_10.png,data/processed/validation/genuine/original_45_13.png,1,genuine_genuine,45,45
data/processed/validation/genuine/original_37_21.png,data/processed/validation/genuine/original_37_6.png,1,genuine_genuine,37,37
data/processed/validation/genuine/original_39_12.png,data/processed/train/genuine/original_1_17.png,0,random_forgery,39,1
data/processed/train/genuine/original_8_24.png,data/processed/train/genuine/original_8_8.png,1,genuine_genuine,8,8
data/processed/train/genuine/original_11_12.png,data/processed/train/genuine/original_11_15.png,1,genuine_genuine,11,11
data/processed/train/genuine/original_26_23.png,data/processed/train/genuine/original_26_24.png,1,genuine_genuine,26,26
data/processed/train/genuine/original_8_14.png,data/processed/train/genuine/original_8_22.png,1,genuine_genuine,8,8
data/processed/train/genuine/original_19_16.png,data/processed/train/genuine/original_19_24.png,1,genuine_genuine,19,19
data/processed/train/genuine/original_7_22.png,data/processed/train/forged/forgeries_7_24.png,0,skilled_forgery,7,7
data/processed/train/genuine/original_8_4.png,data/processed/train/genuine/original_20_5.png,0,random_forgery,8,20
data/processed/train/genuine/original_24_13.png,data/processed/train/genuine/original_24_9.png,1,genuine_genuine,24,24
data/processed/train/genuine/original_18_2.png,data/processed/train/genuine/original_4_1.png,0,random_forgery,18,4
data/processed/train/genuine/original_10_3.png,data/processed/train/genuine/original_10_7.png,1,genuine_genuine,10,10
data/processed/validation/genuine/original_40_21.png,data/processed/validation/genuine/original_40_3.png,1,genuine_genuine,40,40
data/processed/train/genuine/original_9_6.png,data/processed/train/forged/forgeries_9_12.png,0,skilled_forgery,9,9
data/processed/train/genuine/original_6_18.png,data/processed/train/genuine/original_6_8.png,1,genuine_genuine,6,6
data/processed/train/genuine/original_2_18.png,data/processed/train/forged/forgeries_2_18.png,0,skilled_forgery,2,2
data/processed/train/genuine/original_2_24.png,data/processed/train/forged/forgeries_2_7.png,0,skilled_forgery,2,2
data/processed/train/genuine/original_24_19.png,data/processed/train/genuine/original_24_2.png,1,genuine_genuine,24,24
data/processed/train/genuine/original_3_23.png,data/processed/train/genuine/original_3_5.png,1,genuine_genuine,3,3
data/processed/train/genuine/original_25_2.png,data/processed/train/genuine/original_25_20.png,1,genuine_genuine,25,25
data/processed/train/genuine/original_11_18.png,data/processed/validation/genuine/original_43_4.png,0,random_forgery,11,43
data/processed/train/genuine/original_9_4.png,data/processed/train/forged/forgeries_9_14.png,0,skilled_forgery,9,9
data/processed/train/genuine/original_8_12.png,data/processed/train/genuine/original_8_16.png,1,genuine_genuine,8,8
data/processed/train/genuine/original_18_10.png,data/processed/train/forged/forgeries_18_18.png,0,skilled_forgery,18,18
data/processed/train/genuine/original_24_13.png,data/processed/train/genuine/original_24_15.png,1,genuine_genuine,24,24
data/processed/train/genuine/original_9_23.png,data/processed/train/genuine/original_9_4.png,1,genuine_genuine,9,9
data/processed/validation/genuine/original_43_15.png,data/processed/validation/forged/forgeries_43_8.png,0,skilled_forgery,43,43
data/processed/train/genuine/original_9_21.png,data/processed/train/genuine/original_9_7.png,1,genuine_genuine,9,9
data/processed/train/genuine/original_25_19.png,data/processed/train/genuine/original_15_6.png,0,random_forgery,25,15
data/processed/train/genuine/original_11_16.png,data/processed/train/forged/forgeries_11_18.png,0,skilled_forgery,11,11
data/processed/train/genuine/original_25_8.png,data/processed/train/forged/forgeries_25_23.png,0,skilled_forgery,25,25
data/processed/validation/genuine/original_42_18.png,data/processed/validation/forged/forgeries_42_11.png,0,skilled_forgery,42,42
data/processed/train/genuine/original_19_5.png,data/processed/train/forged/forgeries_19_5.png,0,skilled_forgery,19,19
data/processed/train/genuine/original_19_21.png,data/processed/train/genuine/original_23_3.png,0,random_forgery,19,23
data/processed/validation/genuine/original_42_21.png,data/processed/validation/forged/forgeries_42_22.png,0,skilled_forgery,42,42
data/processed/train/genuine/original_3_11.png,data/processed/train/forged/forgeries_3_24.png,0,skilled_forgery,3,3
data/processed/train/genuine/original_27_16.png,data/processed/train/genuine/original_27_7.png,1,genuine_genuine,27,27
data/processed/train/genuine/original_2_15.png,data/processed/train/genuine/original_2_24.png,1,genuine_genuine,2,2
data/processed/train/genuine/original_15_17.png,data/processed/train/genuine/original_15_7.png,1,genuine_genuine,15,15
data/processed/train/genuine/original_12_14.png,data/processed/validation/genuine/original_42_15.png,0,random_forgery,12,42
data/processed/validation/genuine/original_43_3.png,data/processed/validation/genuine/original_43_5.png,1,genuine_genuine,43,43
data/processed/train/genuine/original_4_22.png,data/processed/train/forged/forgeries_4_2.png,0,skilled_forgery,4,4
data/processed/train/genuine/original_26_18.png,data/processed/train/forged/forgeries_26_10.png,0,skilled_forgery,26,26
data/processed/train/genuine/original_11_17.png,data/processed/train/genuine/original_9_15.png,0,random_forgery,11,9
data/processed/validation/genuine/original_39_16.png,data/processed/validation/genuine/original_39_23.png,1,genuine_genuine,39,39
data/processed/train/genuine/original_5_14.png,data/processed/train/genuine/original_5_6.png,1,genuine_genuine,5,5
data/processed/train/genuine/original_10_21.png,data/processed/train/genuine/original_10_6.png,1,genuine_genuine,10,10
data/processed/train/genuine/original_1_7.png,data/processed/train/forged/forgeries_1_9.png,0,skilled_forgery,1,1
data/processed/train/genuine/original_16_15.png,data/processed/train/genuine/original_16_21.png,1,genuine_genuine,16,16
data/processed/train/genuine/original_10_11.png,data/processed/train/genuine/original_10_18.png,1,genuine_genuine,10,10
data/processed/train/genuine/original_12_2.png,data/processed/train/genuine/original_12_24.png,1,genuine_genuine,12,12
data/processed/train/genuine/original_20_24.png,data/processed/train/forged/forgeries_20_11.png,0,skilled_forgery,20,20
data/processed/train/genuine/original_18_7.png,data/processed/train/genuine/original_18_9.png,1,genuine_genuine,18,18
data/processed/train/genuine/original_15_12.png,data/processed/train/genuine/original_15_8.png,1,genuine_genuine,15,15
data/processed/train/genuine/original_3_23.png,data/processed/train/forged/forgeries_3_5.png,0,skilled_forgery,3,3
data/processed/train/genuine/original_14_10.png,data/processed/validation/genuine/original_44_10.png,0,random_forgery,14,44
data/processed/validation/genuine/original_45_4.png,data/processed/validation/genuine/original_43_2.png,0,random_forgery,45,43
data/processed/train/genuine/original_1_20.png,data/processed/train/genuine/original_1_23.png,1,genuine_genuine,1,1
data/processed/validation/genuine/original_37_17.png,data/processed/validation/forged/forgeries_37_17.png,0,skilled_forgery,37,37
data/processed/train/genuine/original_4_14.png,data/processed/train/genuine/original_4_17.png,1,genuine_genuine,4,4
data/processed/train/genuine/original_3_10.png,data/processed/train/genuine/original_3_16.png,1,genuine_genuine,3,3
data/processed/train/genuine/original_20_16.png,data/processed/train/genuine/original_20_7.png,1,genuine_genuine,20,20
data/processed/train/genuine/original_16_13.png,data/processed/train/genuine/original_16_8.png,1,genuine_genuine,16,16
data/processed/validation/genuine/original_39_14.png,data/processed/validation/genuine/original_39_17.png,1,genuine_genuine,39,39
data/processed/train/genuine/original_14_14.png,data/processed/train/forged/forgeries_14_17.png,0,skilled_forgery,14,14
data/processed/train/genuine/original_27_5.png,data/processed/train/genuine/original_6_19.png,0,random_forgery,27,6
data/processed/train/genuine/original_26_20.png,data/processed/train/genuine/original_26_23.png,1,genuine_genuine,26,26
data/processed/train/genuine/original_22_20.png,data/processed/validation/genuine/original_44_22.png,0,random_forgery,22,44
data/processed/train/genuine/original_18_1.png,data/processed/train/forged/forgeries_18_9.png,0,skilled_forgery,18,18
data/processed/validation/genuine/original_39_23.png,data/processed/validation/genuine/original_42_4.png,0,random_forgery,39,42
data/processed/train/genuine/original_6_22.png,data/processed/train/forged/forgeries_6_9.png,0,skilled_forgery,6,6
data/processed/train/genuine/original_17_24.png,data/processed/train/genuine/original_17_7.png,1,genuine_genuine,17,17
data/processed/train/genuine/original_21_13.png,data/processed/train/genuine/original_16_20.png,0,random_forgery,21,16
data/processed/train/genuine/original_27_4.png,data/processed/train/forged/forgeries_27_1.png,0,skilled_forgery,27,27
data/processed/validation/genuine/original_39_14.png,data/processed/validation/genuine/original_39_9.png,1,genuine_genuine,39,39
data/processed/validation/genuine/original_43_1.png,data/processed/validation/genuine/original_43_10.png,1,genuine_genuine,43,43
data/processed/train/genuine/original_6_10.png,data/processed/train/genuine/original_6_23.png,1,genuine_genuine,6,6
data/processed/train/genuine/original_15_18.png,data/processed/train/genuine/original_15_20.png,1,genuine_genuine,15,15
data/processed/train/genuine/original_23_2.png,data/processed/validation/genuine/original_37_18.png,0,random_forgery,23,37
data/processed/train/genuine/original_10_15.png,data/processed/train/genuine/original_10_8.png,1,genuine_genuine,10,10
data/processed/train/genuine/original_12_13.png,data/processed/train/genuine/original_12_9.png,1,genuine_genuine,12,12
data/processed/train/genuine/original_14_17.png,data/processed/train/genuine/original_14_19.png,1,genuine_genuine,14,14
data/processed/validation/genuine/original_44_12.png,data/processed/validation/genuine/original_44_9.png,1,genuine_genuine,44,44
data/processed/train/genuine/original_12_11.png,data/processed/train/genuine/original_12_13.png,1,genuine_genuine,12,12
data/processed/train/genuine/original_25_20.png,data/processed/train/genuine/original_25_5.png,1,genuine_genuine,25,25
data/processed/train/genuine/original_7_3.png,data/processed/validation/genuine/original_39_21.png,0,random_forgery,7,39
data/processed/train/genuine/original_21_4.png,data/processed/train/genuine/original_21_8.png,1,genuine_genuine,21,21
data/processed/train/genuine/original_20_1.png,data/processed/train/genuine/original_20_18.png,1,genuine_genuine,20,20
data/processed/validation/genuine/original_44_2.png,data/processed/validation/genuine/original_44_9.png,1,genuine_genuine,44,44
data/processed/validation/genuine/original_37_23.png,data/processed/validation/genuine/original_37_3.png,1,genuine_genuine,37,37
data/processed/train/genuine/original_25_23.png,data/processed/train/genuine/original_17_23.png,0,random_forgery,25,17
data/processed/train/genuine/original_1_4.png,data/processed/train/genuine/original_1_6.png,1,genuine_genuine,1,1
data/processed/train/genuine/original_20_2.png,data/processed/train/genuine/original_20_21.png,1,genuine_genuine,20,20
data/processed/validation/genuine/original_44_15.png,data/processed/validation/genuine/original_44_5.png,1,genuine_genuine,44,44
data/processed/train/genuine/original_21_20.png,data/processed/train/forged/forgeries_21_8.png,0,skilled_forgery,21,21
data/processed/train/genuine/original_18_22.png,data/processed/train/genuine/original_7_13.png,0,random_forgery,18,7
data/processed/train/genuine/original_12_24.png,data/processed/train/forged/forgeries_12_10.png,0,skilled_forgery,12,12
data/processed/train/genuine/original_24_10.png,data/processed/train/forged/forgeries_24_11.png,0,skilled_forgery,24,24
data/processed/validation/genuine/original_43_18.png,data/processed/validation/genuine/original_43_2.png,1,genuine_genuine,43,43
data/processed/train/genuine/original_14_11.png,data/processed/train/genuine/original_24_20.png,0,random_forgery,14,24
data/processed/train/genuine/original_20_18.png,data/processed/train/genuine/original_20_9.png,1,genuine_genuine,20,20
data/processed/train/genuine/original_18_21.png,data/processed/train/genuine/original_2_22.png,0,random_forgery,18,2
data/processed/train/genuine/original_18_22.png,data/processed/train/genuine/original_18_5.png,1,genuine_genuine,18,18
data/processed/train/genuine/original_26_19.png,data/processed/train/forged/forgeries_26_4.png,0,skilled_forgery,26,26
data/processed/train/genuine/original_25_20.png,data/processed/train/forged/forgeries_25_6.png,0,skilled_forgery,25,25
data/processed/validation/genuine/original_44_19.png,data/processed/train/genuine/original_6_15.png,0,random_forgery,44,6
data/processed/train/genuine/original_11_24.png,data/processed/train/genuine/original_14_6.png,0,random_forgery,11,14
data/processed/train/genuine/original_5_9.png,data/processed/train/forged/forgeries_5_3.png,0,skilled_forgery,5,5
data/processed/validation/genuine/original_43_18.png,data/processed/validation/genuine/original_43_3.png,1,genuine_genuine,43,43
data/processed/validation/genuine/original_37_1.png,data/processed/validation/genuine/original_37_15.png,1,genuine_genuine,37,37
data/processed/train/genuine/original_13_22.png,data/processed/train/genuine/original_13_24.png,1,genuine_genuine,13,13
data/processed/validation/genuine/original_38_16.png,data/processed/validation/genuine/original_38_18.png,1,genuine_genuine,38,38
data/processed/train/genuine/original_10_10.png,data/processed/train/genuine/original_10_20.png,1,genuine_genuine,10,10
data/processed/validation/genuine/original_39_24.png,data/processed/validation/genuine/original_39_9.png,1,genuine_genuine,39,39
data/processed/train/genuine/original_9_12.png,data/processed/validation/genuine/original_38_16.png,0,random_forgery,9,38
data/processed/train/genuine/original_3_20.png,data/processed/train/forged/forgeries_3_22.png,0,skilled_forgery,3,3
data/processed/train/genuine/original_15_23.png,data/processed/train/genuine/original_15_7.png,1,genuine_genuine,15,15
data/processed/validation/genuine/original_43_19.png,data/processed/validation/forged/forgeries_43_16.png,0,skilled_forgery,43,43
data/processed/train/genuine/original_6_7.png,data/processed/train/genuine/original_17_2.png,0,random_forgery,6,17
data/processed/train/genuine/original_18_15.png,data/processed/train/genuine/original_18_6.png,1,genuine_genuine,18,18
data/processed/train/genuine/original_20_18.png,data/processed/validation/genuine/original_41_4.png,0,random_forgery,20,41
data/processed/train/genuine/original_24_10.png,data/processed/train/genuine/original_10_11.png,0,random_forgery,24,10
data/processed/train/genuine/original_16_4.png,data/processed/train/genuine/original_16_9.png,1,genuine_genuine,16,16
data/processed/train/genuine/original_14_14.png,data/processed/train/genuine/original_14_17.png,1,genuine_genuine,14,14
data/processed/train/genuine/original_21_3.png,data/processed/train/genuine/original_21_5.png,1,genuine_genuine,21,21
data/processed/train/genuine/original_24_10.png,data/processed/train/genuine/original_24_19.png,1,genuine_genuine,24,24
data/processed/validation/genuine/original_40_23.png,data/processed/validation/genuine/original_39_7.png,0,random_forgery,40,39
data/processed/train/genuine/original_27_6.png,data/processed/train/forged/forgeries_27_9.png,0,skilled_forgery,27,27
data/processed/train/genuine/original_24_9.png,data/processed/train/genuine/original_13_24.png,0,random_forgery,24,13
data/processed/validation/genuine/original_41_13.png,data/processed/validation/genuine/original_41_6.png,1,genuine_genuine,41,41
data/processed/validation/genuine/original_38_18.png,data/processed/validation/forged/forgeries_38_11.png,0,skilled_forgery,38,38
data/processed/train/genuine/original_25_7.png,data/processed/train/genuine/original_25_8.png,1,genuine_genuine,25,25
data/processed/train/genuine/original_27_13.png,data/processed/train/genuine/original_24_11.png,0,random_forgery,27,24
data/processed/validation/genuine/original_40_21.png,data/processed/train/genuine/original_9_7.png,0,random_forgery,40,9
data/processed/train/genuine/original_3_6.png,data/processed/train/forged/forgeries_3_24.png,0,skilled_forgery,3,3
data/processed/validation/genuine/original_41_2.png,data/processed/validation/genuine/original_41_5.png,1,genuine_genuine,41,41
data/processed/validation/genuine/original_42_10.png,data/processed/validation/genuine/original_42_7.png,1,genuine_genuine,42,42
data/processed/validation/genuine/original_45_14.png,data/processed/validation/genuine/original_45_23.png,1,genuine_genuine,45,45
data/processed/train/genuine/original_1_13.png,data/processed/train/genuine/original_1_20.png,1,genuine_genuine,1,1
data/processed/validation/genuine/original_41_14.png,data/processed/train/genuine/original_27_20.png,0,random_forgery,41,27
data/processed/train/genuine/original_11_12.png,data/processed/train/genuine/original_11_21.png,1,genuine_genuine,11,11
data/processed/train/genuine/original_2_11.png,data/processed/train/forged/forgeries_2_21.png,0,skilled_forgery,2,2
data/processed/train/genuine/original_19_5.png,data/processed/train/genuine/original_15_6.png,0,random_forgery,19,15
data/processed/validation/genuine/original_37_22.png,data/processed/validation/genuine/original_37_3.png,1,genuine_genuine,37,37
data/processed/train/genuine/original_21_10.png,data/processed/train/forged/forgeries_21_12.png,0,skilled_forgery,21,21
data/processed/train/genuine/original_23_17.png,data/processed/train/genuine/original_23_22.png,1,genuine_genuine,23,23
data/processed/validation/genuine/original_42_1.png,data/processed/validation/genuine/original_42_20.png,1,genuine_genuine,42,42
data/processed/validation/genuine/original_41_18.png,data/processed/validation/genuine/original_41_3.png,1,genuine_genuine,41,41
data/processed/train/genuine/original_12_1.png,data/processed/train/genuine/original_12_7.png,1,genuine_genuine,12,12
data/processed/train/genuine/original_6_18.png,data/processed/train/genuine/original_6_21.png,1,genuine_genuine,6,6
data/processed/validation/genuine/original_37_11.png,data/processed/validation/genuine/original_37_15.png,1,genuine_genuine,37,37
data/processed/train/genuine/original_5_17.png,data/processed/train/forged/forgeries_5_3.png,0,skilled_forgery,5,5
data/processed/train/genuine/original_8_11.png,data/processed/train/genuine/original_8_5.png,1,genuine_genuine,8,8
data/processed/train/genuine/original_13_2.png,data/processed/train/genuine/original_13_21.png,1,genuine_genuine,13,13
data/processed/train/genuine/original_10_7.png,data/processed/train/forged/forgeries_10_3.png,0,skilled_forgery,10,10
data/processed/train/genuine/original_19_24.png,data/processed/train/forged/forgeries_19_14.png,0,skilled_forgery,19,19
data/processed/train/genuine/original_2_13.png,data/processed/train/genuine/original_2_23.png,1,genuine_genuine,2,2
data/processed/train/genuine/original_27_13.png,data/processed/train/genuine/original_27_23.png,1,genuine_genuine,27,27
data/processed/validation/genuine/original_37_11.png,data/processed/validation/genuine/original_37_4.png,1,genuine_genuine,37,37
data/processed/train/genuine/original_11_18.png,data/processed/train/genuine/original_11_8.png,1,genuine_genuine,11,11
data/processed/train/genuine/original_24_19.png,data/processed/train/forged/forgeries_24_10.png,0,skilled_forgery,24,24
data/processed/train/genuine/original_20_17.png,data/processed/train/genuine/original_16_19.png,0,random_forgery,20,16
data/processed/train/genuine/original_15_20.png,data/processed/train/forged/forgeries_15_16.png,0,skilled_forgery,15,15
data/processed/train/genuine/original_23_10.png,data/processed/train/genuine/original_23_20.png,1,genuine_genuine,23,23
data/processed/train/genuine/original_25_13.png,data/processed/train/forged/forgeries_25_3.png,0,skilled_forgery,25,25
data/processed/train/genuine/original_9_15.png,data/processed/train/forged/forgeries_9_2.png,0,skilled_forgery,9,9
data/processed/validation/genuine/original_45_3.png,data/processed/validation/genuine/original_45_9.png,1,genuine_genuine,45,45
data/processed/train/genuine/original_20_20.png,data/processed/train/genuine/original_20_6.png,1,genuine_genuine,20,20
data/processed/train/genuine/original_7_20.png,data/processed/train/genuine/original_7_23.png,1,genuine_genuine,7,7
data/processed/validation/genuine/original_45_2.png,data/processed/validation/genuine/original_45_4.png,1,genuine_genuine,45,45
data/processed/validation/genuine/original_45_20.png,data/processed/validation/forged/forgeries_45_22.png,0,skilled_forgery,45,45
data/processed/train/genuine/original_17_2.png,data/processed/train/genuine/original_17_3.png,1,genuine_genuine,17,17
data/processed/validation/genuine/original_45_10.png,data/processed/validation/genuine/original_45_4.png,1,genuine_genuine,45,45
data/processed/train/genuine/original_4_13.png,data/processed/train/genuine/original_4_24.png,1,genuine_genuine,4,4
data/processed/train/genuine/original_27_2.png,data/processed/train/genuine/original_27_21.png,1,genuine_genuine,27,27
data/processed/validation/genuine/original_38_3.png,data/processed/train/genuine/original_8_4.png,0,random_forgery,38,8
data/processed/train/genuine/original_20_20.png,data/processed/train/forged/forgeries_20_3.png,0,skilled_forgery,20,20
data/processed/train/genuine/original_14_2.png,data/processed/train/genuine/original_14_7.png,1,genuine_genuine,14,14
data/processed/validation/genuine/original_40_1.png,data/processed/validation/genuine/original_40_23.png,1,genuine_genuine,40,40
data/processed/train/genuine/original_10_16.png,data/processed/train/genuine/original_7_6.png,0,random_forgery,10,7
data/processed/validation/genuine/original_40_11.png,data/processed/validation/genuine/original_40_22.png,1,genuine_genuine,40,40
data/processed/train/genuine/original_10_12.png,data/processed/train/genuine/original_10_6.png,1,genuine_genuine,10,10
data/processed/train/genuine/original_16_11.png,data/processed/train/forged/forgeries_16_14.png,0,skilled_forgery,16,16
data/processed/train/genuine/original_17_22.png,data/processed/train/genuine/original_17_24.png,1,genuine_genuine,17,17
data/processed/train/genuine/original_20_8.png,data/processed/train/forged/forgeries_20_2.png,0,skilled_forgery,20,20
data/processed/train/genuine/original_1_3.png,data/processed/train/forged/forgeries_1_16.png,0,skilled_forgery,1,1
data/processed/validation/genuine/original_45_14.png,data/processed/validation/genuine/original_45_20.png,1,genuine_genuine,45,45
data/processed/train/genuine/original_2_23.png,data/processed/train/genuine/original_19_15.png,0,random_forgery,2,19
data/processed/train/genuine/original_9_5.png,data/processed/train/forged/forgeries_9_20.png,0,skilled_forgery,9,9
data/processed/train/genuine/original_18_20.png,data/processed/train/genuine/original_18_8.png,1,genuine_genuine,18,18
data/processed/validation/genuine/original_43_15.png,data/processed/validation/forged/forgeries_43_11.png,0,skilled_forgery,43,43
data/processed/train/genuine/original_2_6.png,data/processed/train/forged/forgeries_2_10.png,0,skilled_forgery,2,2
data/processed/train/genuine/original_1_20.png,data/processed/train/genuine/original_1_7.png,1,genuine_genuine,1,1
data/processed/train/genuine/original_8_20.png,data/processed/train/genuine/original_21_5.png,0,random_forgery,8,21
data/processed/train/genuine/original_5_13.png,data/processed/train/genuine/original_5_17.png,1,genuine_genuine,5,5
data/processed/validation/genuine/original_44_6.png,data/processed/train/genuine/original_15_18.png,0,random_forgery,44,15
data/processed/train/genuine/original_21_1.png,data/processed/train/genuine/original_21_17.png,1,genuine_genuine,21,21
data/processed/train/genuine/original_20_16.png,data/processed/train/forged/forgeries_20_2.png,0,skilled_forgery,20,20
data/processed/validation/genuine/original_41_21.png,data/processed/validation/genuine/original_41_9.png,1,genuine_genuine,41,41
data/processed/train/genuine/original_21_12.png,data/processed/train/forged/forgeries_21_14.png,0,skilled_forgery,21,21
data/processed/train/genuine/original_14_19.png,data/processed/train/genuine/original_14_2.png,1,genuine_genuine,14,14
data/processed/train/genuine/original_27_21.png,data/processed/train/genuine/original_27_6.png,1,genuine_genuine,27,27
data/processed/train/genuine/original_1_11.png,data/processed/train/genuine/original_1_5.png,1,genuine_genuine,1,1
data/processed/train/genuine/original_3_5.png,data/processed/validation/genuine/original_40_6.png,0,random_forgery,3,40
data/processed/train/genuine/original_18_3.png,data/processed/validation/genuine/original_39_23.png,0,random_forgery,18,39
data/processed/train/genuine/original_16_8.png,data/processed/train/genuine/original_16_9.png,1,genuine_genuine,16,16
data/processed/train/genuine/original_25_17.png,data/processed/train/genuine/original_25_24.png,1,genuine_genuine,25,25
data/processed/train/genuine/original_26_8.png,data/processed/train/forged/forgeries_26_13.png,0,skilled_forgery,26,26
data/processed/train/genuine/original_15_12.png,data/processed/train/forged/forgeries_15_10.png,0,skilled_forgery,15,15
data/processed/train/genuine/original_25_9.png,data/processed/train/genuine/original_18_3.png,0,random_forgery,25,18
data/processed/train/genuine/original_17_2.png,data/processed/train/genuine/original_17_6.png,1,genuine_genuine,17,17
data/processed/train/genuine/original_26_7.png,data/processed/train/genuine/original_26_9.png,1,genuine_genuine,26,26
data/processed/validation/genuine/original_39_1.png,data/processed/validation/forged/forgeries_39_5.png,0,skilled_forgery,39,39
data/processed/validation/genuine/original_44_10.png,data/processed/validation/forged/forgeries_44_9.png,0,skilled_forgery,44,44
data/processed/train/genuine/original_1_16.png,data/processed/train/genuine/original_1_22.png,1,genuine_genuine,1,1
data/processed/train/genuine/original_27_3.png,data/processed/train/genuine/original_27_7.png,1,genuine_genuine,27,27
data/processed/train/genuine/original_25_12.png,data/processed/train/genuine/original_25_20.png,1,genuine_genuine,25,25
data/processed/validation/genuine/original_43_3.png,data/processed/validation/genuine/original_40_12.png,0,random_forgery,43,40
data/processed/validation/genuine/original_42_1.png,data/processed/validation/genuine/original_42_3.png,1,genuine_genuine,42,42
data/processed/validation/genuine/original_45_9.png,data/processed/validation/forged/forgeries_45_20.png,0,skilled_forgery,45,45
data/processed/train/genuine/original_6_17.png,data/processed/train/genuine/original_6_18.png,1,genuine_genuine,6,6
data/processed/validation/genuine/original_45_15.png,data/processed/validation/genuine/original_45_5.png,1,genuine_genuine,45,45
data/processed/validation/genuine/original_42_13.png,data/processed/validation/forged/forgeries_42_7.png,0,skilled_forgery,42,42
data/processed/train/genuine/original_12_19.png,data/processed/train/genuine/original_14_2.png,0,random_forgery,12,14
data/processed/train/genuine/original_14_13.png,data/processed/train/genuine/original_14_9.png,1,genuine_genuine,14,14
data/processed/validation/genuine/original_44_15.png,data/processed/validation/genuine/original_44_17.png,1,genuine_genuine,44,44
data/processed/train/genuine/original_26_20.png,data/processed/train/forged/forgeries_26_2.png,0,skilled_forgery,26,26
data/processed/train/genuine/original_18_17.png,data/processed/train/genuine/original_18_5.png,1,genuine_genuine,18,18
data/processed/train/genuine/original_7_15.png,data/processed/train/genuine/original_7_8.png,1,genuine_genuine,7,7
data/processed/train/genuine/original_18_14.png,data/processed/train/genuine/original_22_15.png,0,random_forgery,18,22
data/processed/train/genuine/original_6_19.png,data/processed/train/forged/forgeries_6_17.png,0,skilled_forgery,6,6
data/processed/train/genuine/original_1_5.png,data/processed/train/genuine/original_1_8.png,1,genuine_genuine,1,1
data/processed/train/genuine/original_12_18.png,data/processed/train/forged/forgeries_12_5.png,0,skilled_forgery,12,12
data/processed/validation/genuine/original_41_1.png,data/processed/validation/genuine/original_41_7.png,1,genuine_genuine,41,41
data/processed/train/genuine/original_22_10.png,data/processed/train/genuine/original_5_6.png,0,random_forgery,22,5
data/processed/train/genuine/original_21_10.png,data/processed/train/genuine/original_21_6.png,1,genuine_genuine,21,21
data/processed/validation/genuine/original_45_22.png,data/processed/validation/genuine/original_45_24.png,1,genuine_genuine,45,45
data/processed/validation/genuine/original_40_10.png,data/processed/validation/genuine/original_40_21.png,1,genuine_genuine,40,40
data/processed/train/genuine/original_16_4.png,data/processed/train/forged/forgeries_16_2.png,0,skilled_forgery,16,16
data/processed/train/genuine/original_25_13.png,data/processed/train/genuine/original_25_3.png,1,genuine_genuine,25,25
data/processed/validation/genuine/original_40_20.png,data/processed/validation/forged/forgeries_40_4.png,0,skilled_forgery,40,40
data/processed/train/genuine/original_2_10.png,data/processed/train/genuine/original_2_19.png,1,genuine_genuine,2,2
data/processed/train/genuine/original_27_11.png,data/processed/train/genuine/original_27_7.png,1,genuine_genuine,27,27
data/processed/validation/genuine/original_40_10.png,data/processed/validation/genuine/original_40_23.png,1,genuine_genuine,40,40
data/processed/validation/genuine/original_40_16.png,data/processed/validation/genuine/original_40_7.png,1,genuine_genuine,40,40
data/processed/train/genuine/original_11_24.png,data/processed/validation/genuine/original_44_8.png,0,random_forgery,11,44
data/processed/train/genuine/original_23_1.png,data/processed/train/genuine/original_23_8.png,1,genuine_genuine,23,23
data/processed/train/genuine/original_13_7.png,data/processed/train/forged/forgeries_13_16.png,0,skilled_forgery,13,13
data/processed/train/genuine/original_1_10.png,data/processed/train/genuine/original_25_4.png,0,random_forgery,1,25
data/processed/validation/genuine/original_44_7.png,data/processed/validation/forged/forgeries_44_20.png,0,skilled_forgery,44,44
data/processed/train/genuine/original_24_22.png,data/processed/train/genuine/original_24_3.png,1,genuine_genuine,24,24
data/processed/train/genuine/original_5_22.png,data/processed/train/genuine/original_5_6.png,1,genuine_genuine,5,5
data/processed/validation/genuine/original_38_1.png,data/processed/validation/genuine/original_38_3.png,1,genuine_genuine,38,38
data/processed/validation/genuine/original_41_22.png,data/processed/validation/genuine/original_44_3.png,0,random_forgery,41,44
data/processed/train/genuine/original_22_20.png,data/processed/train/forged/forgeries_22_15.png,0,skilled_forgery,22,22
data/processed/validation/genuine/original_42_1.png,data/processed/validation/genuine/original_42_15.png,1,genuine_genuine,42,42
data/processed/train/genuine/original_20_18.png,data/processed/train/genuine/original_20_7.png,1,genuine_genuine,20,20
data/processed/train/genuine/original_4_1.png,data/processed/train/forged/forgeries_4_9.png,0,skilled_forgery,4,4
data/processed/train/genuine/original_15_17.png,data/processed/train/forged/forgeries_15_3.png,0,skilled_forgery,15,15
data/processed/train/genuine/original_5_1.png,data/processed/train/genuine/original_5_10.png,1,genuine_genuine,5,5
data/processed/validation/genuine/original_44_23.png,data/processed/validation/genuine/original_44_24.png,1,genuine_genuine,44,44
data/processed/validation/genuine/original_39_10.png,data/processed/validation/genuine/original_39_19.png,1,genuine_genuine,39,39
data/processed/train/genuine/original_4_3.png,data/processed/train/forged/forgeries_4_7.png,0,skilled_forgery,4,4
data/processed/train/genuine/original_18_23.png,data/processed/train/forged/forgeries_18_18.png,0,skilled_forgery,18,18
data/processed/train/genuine/original_26_10.png,data/processed/train/genuine/original_24_11.png,0,random_forgery,26,24
data/processed/train/genuine/original_9_16.png,data/processed/train/genuine/original_9_7.png,1,genuine_genuine,9,9
data/processed/train/genuine/original_11_6.png,data/processed/train/forged/forgeries_11_4.png,0,skilled_forgery,11,11
data/processed/validation/genuine/original_37_2.png,data/processed/validation/genuine/original_37_8.png,1,genuine_genuine,37,37
data/processed/train/genuine/original_21_8.png,data/processed/validation/genuine/original_45_18.png,0,random_forgery,21,45
data/processed/train/genuine/original_19_20.png,data/processed/train/forged/forgeries_19_21.png,0,skilled_forgery,19,19
data/processed/train/genuine/original_20_9.png,data/processed/train/genuine/original_7_22.png,0,random_forgery,20,7
data/processed/train/genuine/original_4_13.png,data/processed/train/genuine/original_26_4.png,0,random_forgery,4,26
data/processed/train/genuine/original_19_5.png,data/processed/train/genuine/original_19_7.png,1,genuine_genuine,19,19
data/processed/validation/genuine/original_41_11.png,data/processed/validation/genuine/original_41_24.png,1,genuine_genuine,41,41
data/processed/train/genuine/original_15_11.png,data/processed/train/forged/forgeries_15_22.png,0,skilled_forgery,15,15
data/processed/train/genuine/original_25_22.png,data/processed/train/genuine/original_25_5.png,1,genuine_genuine,25,25
data/processed/train/genuine/original_16_18.png,data/processed/train/genuine/original_16_4.png,1,genuine_genuine,16,16
data/processed/validation/genuine/original_39_22.png,data/processed/validation/forged/forgeries_39_13.png,0,skilled_forgery,39,39
data/processed/train/genuine/original_17_7.png,data/processed/train/genuine/original_19_10.png,0,random_forgery,17,19
data/processed/validation/genuine/original_43_15.png,data/processed/validation/forged/forgeries_43_5.png,0,skilled_forgery,43,43
data/processed/train/genuine/original_16_19.png,data/processed/train/genuine/original_16_5.png,1,genuine_genuine,16,16
data/processed/train/genuine/original_26_6.png,data/processed/train/genuine/original_26_8.png,1,genuine_genuine,26,26
data/processed/train/genuine/original_23_19.png,data/processed/train/forged/forgeries_23_18.png,0,skilled_forgery,23,23
data/processed/validation/genuine/original_38_9.png,data/processed/train/genuine/original_10_5.png,0,random_forgery,38,10
data/processed/train/genuine/original_21_11.png,data/processed/train/genuine/original_21_19.png,1,genuine_genuine,21,21
data/processed/train/genuine/original_21_2.png,data/processed/train/genuine/original_21_9.png,1,genuine_genuine,21,21
data/processed/train/genuine/original_27_7.png,data/processed/train/forged/forgeries_27_13.png,0,skilled_forgery,27,27
data/processed/train/genuine/original_27_21.png,data/processed/train/genuine/original_2_23.png,0,random_forgery,27,2
data/processed/validation/genuine/original_44_20.png,data/processed/validation/forged/forgeries_44_5.png,0,skilled_forgery,44,44
data/processed/train/genuine/original_21_22.png,data/processed/train/genuine/original_21_7.png,1,genuine_genuine,21,21
data/processed/train/genuine/original_21_18.png,data/processed/train/genuine/original_11_9.png,0,random_forgery,21,11
data/processed/train/genuine/original_5_2.png,data/processed/train/forged/forgeries_5_2.png,0,skilled_forgery,5,5
data/processed/train/genuine/original_19_17.png,data/processed/train/genuine/original_19_4.png,1,genuine_genuine,19,19
data/processed/train/genuine/original_16_23.png,data/processed/train/genuine/original_3_6.png,0,random_forgery,16,3
data/processed/train/genuine/original_10_15.png,data/processed/train/genuine/original_14_12.png,0,random_forgery,10,14
data/processed/train/genuine/original_17_16.png,data/processed/train/forged/forgeries_17_12.png,0,skilled_forgery,17,17
data/processed/train/genuine/original_25_17.png,data/processed/train/genuine/original_25_18.png,1,genuine_genuine,25,25
data/processed/train/genuine/original_22_18.png,data/processed/train/forged/forgeries_22_19.png,0,skilled_forgery,22,22
data/processed/train/genuine/original_4_14.png,data/processed/train/genuine/original_4_3.png,1,genuine_genuine,4,4
data/processed/train/genuine/original_18_20.png,data/processed/validation/genuine/original_44_13.png,0,random_forgery,18,44
data/processed/validation/genuine/original_38_2.png,data/processed/validation/forged/forgeries_38_11.png,0,skilled_forgery,38,38
data/processed/train/genuine/original_1_21.png,data/processed/train/genuine/original_1_23.png,1,genuine_genuine,1,1
data/processed/train/genuine/original_17_14.png,data/processed/train/genuine/original_17_6.png,1,genuine_genuine,17,17
data/processed/train/genuine/original_3_16.png,data/processed/train/forged/forgeries_3_24.png,0,skilled_forgery,3,3
data/processed/train/genuine/original_20_16.png,data/processed/train/genuine/original_20_18.png,1,genuine_genuine,20,20
data/processed/validation/genuine/original_37_11.png,data/processed/validation/genuine/original_37_17.png,1,genuine_genuine,37,37
data/processed/train/genuine/original_6_5.png,data/processed/train/genuine/original_8_3.png,0,random_forgery,6,8
data/processed/train/genuine/original_21_19.png,data/processed/train/genuine/original_21_20.png,1,genuine_genuine,21,21
data/processed/train/genuine/original_23_2.png,data/processed/train/genuine/original_23_7.png,1,genuine_genuine,23,23
data/processed/train/genuine/original_2_8.png,data/processed/train/forged/forgeries_2_13.png,0,skilled_forgery,2,2
data/processed/validation/genuine/original_45_11.png,data/processed/train/genuine/original_8_21.png,0,random_forgery,45,8
data/processed/train/genuine/original_1_19.png,data/processed/train/forged/forgeries_1_6.png,0,skilled_forgery,1,1
data/processed/validation/genuine/original_40_24.png,data/processed/validation/genuine/original_40_7.png,1,genuine_genuine,40,40
data/processed/train/genuine/original_2_24.png,data/processed/train/genuine/original_2_4.png,1,genuine_genuine,2,2
data/processed/train/genuine/original_11_11.png,data/processed/train/genuine/original_11_21.png,1,genuine_genuine,11,11
data/processed/validation/genuine/original_38_11.png,data/processed/validation/genuine/original_38_8.png,1,genuine_genuine,38,38
data/processed/train/genuine/original_19_12.png,data/processed/train/genuine/original_19_16.png,1,genuine_genuine,19,19
data/processed/train/genuine/original_4_24.png,data/processed/train/genuine/original_4_6.png,1,genuine_genuine,4,4
data/processed/train/genuine/original_27_15.png,data/processed/train/forged/forgeries_27_21.png,0,skilled_forgery,27,27
data/processed/validation/genuine/original_42_14.png,data/processed/validation/genuine/original_42_20.png,1,genuine_genuine,42,42
data/processed/train/genuine/original_8_1.png,data/processed/train/genuine/original_8_7.png,1,genuine_genuine,8,8
data/processed/train/genuine/original_9_2.png,data/processed/train/forged/forgeries_9_5.png,0,skilled_forgery,9,9
data/processed/validation/genuine/original_37_14.png,data/processed/train/genuine/original_14_13.png,0,random_forgery,37,14
data/processed/train/genuine/original_7_3.png,data/processed/train/forged/forgeries_7_18.png,0,skilled_forgery,7,7
data/processed/train/genuine/original_26_1.png,data/processed/train/genuine/original_26_21.png,1,genuine_genuine,26,26
data/processed/train/genuine/original_27_20.png,data/processed/train/forged/forgeries_27_14.png,0,skilled_forgery,27,27
data/processed/train/genuine/original_21_4.png,data/processed/train/genuine/original_21_5.png,1,genuine_genuine,21,21
data/processed/train/genuine/original_15_17.png,data/processed/train/genuine/original_15_22.png,1,genuine_genuine,15,15
data/processed/train/genuine/original_23_15.png,data/processed/train/genuine/original_4_24.png,0,random_forgery,23,4
data/processed/train/genuine/original_23_3.png,data/processed/train/genuine/original_23_7.png,1,genuine_genuine,23,23
data/processed/validation/genuine/original_43_10.png,data/processed/validation/genuine/original_43_6.png,1,genuine_genuine,43,43
data/processed/validation/genuine/original_44_14.png,data/processed/train/genuine/original_14_1.png,0,random_forgery,44,14
data/processed/train/genuine/original_15_17.png,data/processed/train/genuine/original_15_8.png,1,genuine_genuine,15,15
data/processed/train/genuine/original_24_23.png,data/processed/train/forged/forgeries_24_3.png,0,skilled_forgery,24,24
data/processed/train/genuine/original_23_20.png,data/processed/train/genuine/original_3_14.png,0,random_forgery,23,3
data/processed/validation/genuine/original_39_15.png,data/processed/validation/genuine/original_39_22.png,1,genuine_genuine,39,39
data/processed/train/genuine/original_8_9.png,data/processed/train/forged/forgeries_8_12.png,0,skilled_forgery,8,8
data/processed/train/genuine/original_4_14.png,data/processed/train/forged/forgeries_4_24.png,0,skilled_forgery,4,4
data/processed/train/genuine/original_18_24.png,data/processed/train/forged/forgeries_18_6.png,0,skilled_forgery,18,18
data/processed/validation/genuine/original_43_13.png,data/processed/train/genuine/original_11_11.png,0,random_forgery,43,11
data/processed/train/genuine/original_26_1.png,data/processed/train/genuine/original_26_24.png,1,genuine_genuine,26,26
data/processed/train/genuine/original_27_15.png,data/processed/train/forged/forgeries_27_23.png,0,skilled_forgery,27,27
data/processed/train/genuine/original_11_14.png,data/processed/train/genuine/original_12_24.png,0,random_forgery,11,12
data/processed/train/genuine/original_23_22.png,data/processed/train/forged/forgeries_23_15.png,0,skilled_forgery,23,23
data/processed/train/genuine/original_22_23.png,data/processed/train/genuine/original_10_15.png,0,random_forgery,22,10
data/processed/validation/genuine/original_44_21.png,data/processed/validation/genuine/original_44_6.png,1,genuine_genuine,44,44
data/processed/train/genuine/original_19_15.png,data/processed/train/genuine/original_6_22.png,0,random_forgery,19,6
data/processed/train/genuine/original_12_23.png,data/processed/train/genuine/original_12_7.png,1,genuine_genuine,12,12
data/processed/train/genuine/original_5_17.png,data/processed/train/genuine/original_5_22.png,1,genuine_genuine,5,5
data/processed/train/genuine/original_19_3.png,data/processed/train/genuine/original_19_9.png,1,genuine_genuine,19,19
data/processed/train/genuine/original_27_22.png,data/processed/train/genuine/original_27_7.png,1,genuine_genuine,27,27
data/processed/train/genuine/original_11_14.png,data/processed/train/genuine/original_11_21.png,1,genuine_genuine,11,11
data/processed/train/genuine/original_16_24.png,data/processed/train/genuine/original_4_6.png,0,random_forgery,16,4
data/processed/train/genuine/original_18_3.png,data/processed/train/genuine/original_18_7.png,1,genuine_genuine,18,18
data/processed/train/genuine/original_9_17.png,data/processed/train/forged/forgeries_9_19.png,0,skilled_forgery,9,9
data/processed/train/genuine/original_2_9.png,data/processed/train/genuine/original_6_16.png,0,random_forgery,2,6
data/processed/train/genuine/original_8_23.png,data/processed/train/genuine/original_8_6.png,1,genuine_genuine,8,8
data/processed/train/genuine/original_25_22.png,data/processed/train/forged/forgeries_25_19.png,0,skilled_forgery,25,25
data/processed/validation/genuine/original_40_11.png,data/processed/validation/genuine/original_40_4.png,1,genuine_genuine,40,40
data/processed/train/genuine/original_20_22.png,data/processed/train/genuine/original_20_8.png,1,genuine_genuine,20,20
data/processed/train/genuine/original_24_1.png,data/processed/train/genuine/original_21_3.png,0,random_forgery,24,21
data/processed/train/genuine/original_15_14.png,data/processed/train/genuine/original_15_16.png,1,genuine_genuine,15,15
data/processed/validation/genuine/original_42_10.png,data/processed/validation/genuine/original_42_21.png,1,genuine_genuine,42,42
data/processed/validation/genuine/original_44_9.png,data/processed/validation/forged/forgeries_44_15.png,0,skilled_forgery,44,44
data/processed/train/genuine/original_1_4.png,data/processed/train/forged/forgeries_1_16.png,0,skilled_forgery,1,1
data/processed/train/genuine/original_6_15.png,data/processed/train/forged/forgeries_6_1.png,0,skilled_forgery,6,6
data/processed/train/genuine/original_25_1.png,data/processed/train/genuine/original_27_19.png,0,random_forgery,25,27
data/processed/train/genuine/original_22_2.png,data/processed/train/forged/forgeries_22_6.png,0,skilled_forgery,22,22
data/processed/validation/genuine/original_42_18.png,data/processed/validation/forged/forgeries_42_15.png,0,skilled_forgery,42,42
data/processed/train/genuine/original_21_4.png,data/processed/train/genuine/original_11_15.png,0,random_forgery,21,11
data/processed/train/genuine/original_14_15.png,data/processed/train/genuine/original_14_7.png,1,genuine_genuine,14,14
data/processed/train/genuine/original_20_4.png,data/processed/train/genuine/original_8_5.png,0,random_forgery,20,8
data/processed/train/genuine/original_20_1.png,data/processed/train/genuine/original_20_13.png,1,genuine_genuine,20,20
data/processed/train/genuine/original_20_17.png,data/processed/train/forged/forgeries_20_19.png,0,skilled_forgery,20,20
data/processed/validation/genuine/original_37_9.png,data/processed/validation/genuine/original_45_17.png,0,random_forgery,37,45
data/processed/train/genuine/original_23_11.png,data/processed/train/genuine/original_23_6.png,1,genuine_genuine,23,23
data/processed/train/genuine/original_8_13.png,data/processed/train/forged/forgeries_8_13.png,0,skilled_forgery,8,8
data/processed/train/genuine/original_10_4.png,data/processed/train/forged/forgeries_10_24.png,0,skilled_forgery,10,10
data/processed/train/genuine/original_13_12.png,data/processed/train/genuine/original_13_4.png,1,genuine_genuine,13,13
data/processed/train/genuine/original_22_11.png,data/processed/train/genuine/original_22_15.png,1,genuine_genuine,22,22
data/processed/train/genuine/original_22_4.png,data/processed/train/genuine/original_22_7.png,1,genuine_genuine,22,22
data/processed/train/genuine/original_13_15.png,data/processed/train/forged/forgeries_13_4.png,0,skilled_forgery,13,13
data/processed/validation/genuine/original_37_11.png,data/processed/validation/genuine/original_37_21.png,1,genuine_genuine,37,37
data/processed/train/genuine/original_14_10.png,data/processed/train/genuine/original_14_2.png,1,genuine_genuine,14,14
data/processed/train/genuine/original_13_17.png,data/processed/train/genuine/original_24_9.png,0,random_forgery,13,24
data/processed/train/genuine/original_16_14.png,data/processed/train/genuine/original_16_17.png,1,genuine_genuine,16,16
data/processed/train/genuine/original_11_11.png,data/processed/train/genuine/original_11_2.png,1,genuine_genuine,11,11
data/processed/train/genuine/original_13_16.png,data/processed/train/genuine/original_13_7.png,1,genuine_genuine,13,13
data/processed/validation/genuine/original_44_7.png,data/processed/validation/forged/forgeries_44_22.png,0,skilled_forgery,44,44
data/processed/train/genuine/original_7_16.png,data/processed/train/genuine/original_7_20.png,1,genuine_genuine,7,7
data/processed/train/genuine/original_20_9.png,data/processed/train/forged/forgeries_20_6.png,0,skilled_forgery,20,20
data/processed/train/genuine/original_6_1.png,data/processed/train/forged/forgeries_6_19.png,0,skilled_forgery,6,6
data/processed/train/genuine/original_24_5.png,data/processed/train/forged/forgeries_24_14.png,0,skilled_forgery,24,24
data/processed/train/genuine/original_18_11.png,data/processed/train/genuine/original_18_12.png,1,genuine_genuine,18,18
data/processed/train/genuine/original_24_20.png,data/processed/train/genuine/original_24_6.png,1,genuine_genuine,24,24
data/processed/train/genuine/original_10_1.png,data/processed/train/genuine/original_10_2.png,1,genuine_genuine,10,10
data/processed/train/genuine/original_20_16.png,data/processed/train/genuine/original_13_18.png,0,random_forgery,20,13
data/processed/train/genuine/original_20_13.png,data/processed/train/forged/forgeries_20_3.png,0,skilled_forgery,20,20
data/processed/train/genuine/original_5_15.png,data/processed/train/genuine/original_5_9.png,1,genuine_genuine,5,5
data/processed/validation/genuine/original_38_22.png,data/processed/validation/genuine/original_38_23.png,1,genuine_genuine,38,38
data/processed/validation/genuine/original_40_16.png,data/processed/validation/forged/forgeries_40_2.png,0,skilled_forgery,40,40
data/processed/train/genuine/original_8_14.png,data/processed/train/forged/forgeries_8_6.png,0,skilled_forgery,8,8
data/processed/train/genuine/original_9_22.png,data/processed/train/forged/forgeries_9_5.png,0,skilled_forgery,9,9
data/processed/train/genuine/original_25_15.png,data/processed/train/genuine/original_13_6.png,0,random_forgery,25,13
data/processed/train/genuine/original_9_12.png,data/processed/train/genuine/original_9_23.png,1,genuine_genuine,9,9
data/processed/train/genuine/original_1_16.png,data/processed/train/genuine/original_1_8.png,1,genuine_genuine,1,1
data/processed/train/genuine/original_22_15.png,data/processed/train/forged/forgeries_22_2.png,0,skilled_forgery,22,22
data/processed/validation/genuine/original_42_12.png,data/processed/validation/forged/forgeries_42_4.png,0,skilled_forgery,42,42
data/processed/train/genuine/original_8_1.png,data/processed/train/genuine/original_8_15.png,1,genuine_genuine,8,8
data/processed/train/genuine/original_12_19.png,data/processed/train/genuine/original_12_5.png,1,genuine_genuine,12,12
data/processed/validation/genuine/original_39_15.png,data/processed/validation/genuine/original_43_4.png,0,random_forgery,39,43
data/processed/train/genuine/original_1_11.png,data/processed/train/genuine/original_1_16.png,1,genuine_genuine,1,1
data/processed/validation/genuine/original_42_19.png,data/processed/train/genuine/original_12_4.png,0,random_forgery,42,12
data/processed/train/genuine/original_3_14.png,data/processed/train/forged/forgeries_3_9.png,0,skilled_forgery,3,3
data/processed/train/genuine/original_5_20.png,data/processed/train/genuine/original_5_9.png,1,genuine_genuine,5,5
data/processed/validation/genuine/original_42_10.png,data/processed/validation/forged/forgeries_42_8.png,0,skilled_forgery,42,42
data/processed/train/genuine/original_17_6.png,data/processed/train/genuine/original_17_8.png,1,genuine_genuine,17,17
data/processed/validation/genuine/original_40_9.png,data/processed/train/genuine/original_7_9.png,0,random_forgery,40,7
data/processed/train/genuine/original_25_13.png,data/processed/train/forged/forgeries_25_11.png,0,skilled_forgery,25,25
data/processed/validation/genuine/original_38_11.png,data/processed/validation/genuine/original_38_18.png,1,genuine_genuine,38,38
data/processed/train/genuine/original_7_4.png,data/processed/train/genuine/original_7_8.png,1,genuine_genuine,7,7
data/processed/validation/genuine/original_41_13.png,data/processed/validation/genuine/original_41_16.png,1,genuine_genuine,41,41
data/processed/validation/genuine/original_43_13.png,data/processed/validation/forged/forgeries_43_2.png,0,skilled_forgery,43,43
data/processed/train/genuine/original_7_14.png,data/processed/train/genuine/original_7_7.png,1,genuine_genuine,7,7
data/processed/train/genuine/original_13_24.png,data/processed/train/genuine/original_13_8.png,1,genuine_genuine,13,13
data/processed/train/genuine/original_18_16.png,data/processed/train/genuine/original_18_8.png,1,genuine_genuine,18,18
data/processed/train/genuine/original_8_14.png,data/processed/train/genuine/original_8_7.png,1,genuine_genuine,8,8
data/processed/train/genuine/original_3_2.png,data/processed/train/genuine/original_3_21.png,1,genuine_genuine,3,3
data/processed/train/genuine/original_11_22.png,data/processed/train/genuine/original_11_4.png,1,genuine_genuine,11,11
data/processed/train/genuine/original_6_1.png,data/processed/train/genuine/original_6_9.png,1,genuine_genuine,6,6
data/processed/validation/genuine/original_39_15.png,data/processed/validation/genuine/original_39_16.png,1,genuine_genuine,39,39
data/processed/train/genuine/original_3_11.png,data/processed/train/genuine/original_3_9.png,1,genuine_genuine,3,3
data/processed/train/genuine/original_9_1.png,data/processed/train/genuine/original_9_4.png,1,genuine_genuine,9,9
data/processed/train/genuine/original_15_11.png,data/processed/train/forged/forgeries_15_24.png,0,skilled_forgery,15,15
data/processed/train/genuine/original_4_4.png,data/processed/train/forged/forgeries_4_8.png,0,skilled_forgery,4,4
data/processed/train/genuine/original_25_10.png,data/processed/validation/genuine/original_38_9.png,0,random_forgery,25,38
data/processed/train/genuine/original_7_17.png,data/processed/train/genuine/original_21_24.png,0,random_forgery,7,21
data/processed/train/genuine/original_17_23.png,data/processed/train/forged/forgeries_17_23.png,0,skilled_forgery,17,17
data/processed/train/genuine/original_6_12.png,data/processed/train/genuine/original_6_23.png,1,genuine_genuine,6,6
data/processed/train/genuine/original_2_2.png,data/processed/train/genuine/original_18_14.png,0,random_forgery,2,18
data/processed/train/genuine/original_24_13.png,data/processed/train/genuine/original_2_15.png,0,random_forgery,24,2
data/processed/train/genuine/original_3_17.png,data/processed/train/genuine/original_3_20.png,1,genuine_genuine,3,3
data/processed/train/genuine/original_15_1.png,data/processed/train/genuine/original_18_9.png,0,random_forgery,15,18
data/processed/train/genuine/original_11_18.png,data/processed/train/forged/forgeries_11_19.png,0,skilled_forgery,11,11
data/processed/validation/genuine/original_37_1.png,data/processed/validation/genuine/original_37_24.png,1,genuine_genuine,37,37
data/processed/train/genuine/original_24_11.png,data/processed/train/genuine/original_24_13.png,1,genuine_genuine,24,24
data/processed/validation/genuine/original_38_12.png,data/processed/train/genuine/original_18_10.png,0,random_forgery,38,18
data/processed/train/genuine/original_19_4.png,data/processed/train/forged/forgeries_19_23.png,0,skilled_forgery,19,19
data/processed/train/genuine/original_4_2.png,data/processed/train/genuine/original_17_15.png,0,random_forgery,4,17
data/processed/train/genuine/original_16_1.png,data/processed/train/genuine/original_16_8.png,1,genuine_genuine,16,16
data/processed/train/genuine/original_7_19.png,data/processed/train/forged/forgeries_7_2.png,0,skilled_forgery,7,7
data/processed/train/genuine/original_25_21.png,data/processed/train/forged/forgeries_25_6.png,0,skilled_forgery,25,25
data/processed/validation/genuine/original_43_10.png,data/processed/validation/forged/forgeries_43_9.png,0,skilled_forgery,43,43
data/processed/train/genuine/original_14_10.png,data/processed/validation/genuine/original_44_19.png,0,random_forgery,14,44
data/processed/train/genuine/original_13_22.png,data/processed/train/forged/forgeries_13_11.png,0,skilled_forgery,13,13
data/processed/validation/genuine/original_42_18.png,data/processed/validation/forged/forgeries_42_8.png,0,skilled_forgery,42,42
data/processed/validation/genuine/original_40_9.png,data/processed/train/genuine/original_16_16.png,0,random_forgery,40,16
data/processed/validation/genuine/original_39_11.png,data/processed/validation/genuine/original_39_21.png,1,genuine_genuine,39,39
data/processed/train/genuine/original_5_13.png,data/processed/train/genuine/original_15_3.png,0,random_forgery,5,15
data/processed/validation/genuine/original_38_15.png,data/processed/validation/genuine/original_38_21.png,1,genuine_genuine,38,38
data/processed/train/genuine/original_13_1.png,data/processed/train/forged/forgeries_13_10.png,0,skilled_forgery,13,13
data/processed/validation/genuine/original_45_3.png,data/processed/validation/forged/forgeries_45_7.png,0,skilled_forgery,45,45
data/processed/train/genuine/original_6_17.png,data/processed/train/genuine/original_6_19.png,1,genuine_genuine,6,6
data/processed/train/genuine/original_2_12.png,data/processed/train/genuine/original_2_15.png,1,genuine_genuine,2,2
data/processed/train/genuine/original_17_5.png,data/processed/train/forged/forgeries_17_17.png,0,skilled_forgery,17,17
data/processed/train/genuine/original_19_18.png,data/processed/train/forged/forgeries_19_19.png,0,skilled_forgery,19,19
data/processed/train/genuine/original_27_15.png,data/processed/train/forged/forgeries_27_5.png,0,skilled_forgery,27,27
data/processed/train/genuine/original_4_10.png,data/processed/train/genuine/original_4_12.png,1,genuine_genuine,4,4
data/processed/train/genuine/original_14_21.png,data/processed/train/genuine/original_10_12.png,0,random_forgery,14,10
data/processed/validation/genuine/original_39_17.png,data/processed/validation/forged/forgeries_39_14.png,0,skilled_forgery,39,39
data/processed/validation/genuine/original_44_18.png,data/processed/validation/genuine/original_44_6.png,1,genuine_genuine,44,44
data/processed/train/genuine/original_27_5.png,data/processed/train/genuine/original_27_7.png,1,genuine_genuine,27,27
data/processed/validation/genuine/original_40_21.png,data/processed/validation/genuine/original_40_23.png,1,genuine_genuine,40,40
data/processed/train/genuine/original_7_6.png,data/processed/train/genuine/original_14_10.png,0,random_forgery,7,14
data/processed/train/genuine/original_3_6.png,data/processed/train/genuine/original_3_9.png,1,genuine_genuine,3,3
data/processed/train/genuine/original_23_10.png,data/processed/train/genuine/original_23_21.png,1,genuine_genuine,23,23
data/processed/train/genuine/original_18_1.png,data/processed/train/genuine/original_18_11.png,1,genuine_genuine,18,18
data/processed/train/genuine/original_20_6.png,data/processed/train/genuine/original_20_7.png,1,genuine_genuine,20,20
data/processed/train/genuine/original_15_4.png,data/processed/train/forged/forgeries_15_21.png,0,skilled_forgery,15,15
data/processed/train/genuine/original_11_24.png,data/processed/train/genuine/original_12_13.png,0,random_forgery,11,12
data/processed/train/genuine/original_1_10.png,data/processed/train/genuine/original_1_18.png,1,genuine_genuine,1,1
data/processed/train/genuine/original_6_22.png,data/processed/train/genuine/original_25_3.png,0,random_forgery,6,25
data/processed/train/genuine/original_21_18.png,data/processed/train/genuine/original_21_3.png,1,genuine_genuine,21,21
data/processed/train/genuine/original_2_4.png,data/processed/train/genuine/original_19_9.png,0,random_forgery,2,19
data/processed/train/genuine/original_18_16.png,data/processed/train/genuine/original_18_24.png,1,genuine_genuine,18,18
data/processed/train/genuine/original_12_16.png,data/processed/train/genuine/original_15_19.png,0,random_forgery,12,15
data/processed/validation/genuine/original_37_10.png,data/processed/validation/genuine/original_37_5.png,1,genuine_genuine,37,37
data/processed/train/genuine/original_7_19.png,data/processed/train/genuine/original_7_4.png,1,genuine_genuine,7,7
data/processed/validation/genuine/original_39_10.png,data/processed/validation/genuine/original_39_6.png,1,genuine_genuine,39,39
data/processed/train/genuine/original_1_12.png,data/processed/validation/genuine/original_42_13.png,0,random_forgery,1,42
data/processed/train/genuine/original_27_18.png,data/processed/train/genuine/original_26_6.png,0,random_forgery,27,26
data/processed/train/genuine/original_20_2.png,data/processed/train/forged/forgeries_20_22.png,0,skilled_forgery,20,20
data/processed/train/genuine/original_15_3.png,data/processed/train/genuine/original_15_5.png,1,genuine_genuine,15,15
data/processed/train/genuine/original_22_13.png,data/processed/train/forged/forgeries_22_10.png,0,skilled_forgery,22,22
data/processed/validation/genuine/original_41_10.png,data/processed/train/genuine/original_6_1.png,0,random_forgery,41,6
data/processed/train/genuine/original_27_14.png,data/processed/train/genuine/original_27_20.png,1,genuine_genuine,27,27
data/processed/train/genuine/original_8_14.png,data/processed/train/genuine/original_18_11.png,0,random_forgery,8,18
data/processed/validation/genuine/original_39_12.png,data/processed/validation/genuine/original_39_21.png,1,genuine_genuine,39,39
data/processed/train/genuine/original_25_15.png,data/processed/train/forged/forgeries_25_8.png,0,skilled_forgery,25,25
data/processed/validation/genuine/original_39_6.png,data/processed/validation/forged/forgeries_39_2.png,0,skilled_forgery,39,39
data/processed/train/genuine/original_22_12.png,data/processed/train/forged/forgeries_22_19.png,0,skilled_forgery,22,22
data/processed/train/genuine/original_5_7.png,data/processed/train/forged/forgeries_5_10.png,0,skilled_forgery,5,5
data/processed/validation/genuine/original_45_15.png,data/processed/train/genuine/original_16_4.png,0,random_forgery,45,16
data/processed/train/genuine/original_1_13.png,data/processed/train/genuine/original_1_21.png,1,genuine_genuine,1,1
data/processed/validation/genuine/original_43_15.png,data/processed/validation/genuine/original_43_24.png,1,genuine_genuine,43,43
data/processed/train/genuine/original_27_15.png,data/processed/train/genuine/original_3_5.png,0,random_forgery,27,3
data/processed/validation/genuine/original_40_12.png,data/processed/validation/forged/forgeries_40_18.png,0,skilled_forgery,40,40
data/processed/train/genuine/original_22_8.png,data/processed/validation/genuine/original_38_4.png,0,random_forgery,22,38
data/processed/validation/genuine/original_40_11.png,data/processed/validation/forged/forgeries_40_3.png,0,skilled_forgery,40,40
data/processed/train/genuine/original_25_18.png,data/processed/train/genuine/original_25_23.png,1,genuine_genuine,25,25
data/processed/train/genuine/original_21_23.png,data/processed/train/genuine/original_21_6.png,1,genuine_genuine,21,21
data/processed/train/genuine/original_10_17.png,data/processed/train/forged/forgeries_10_4.png,0,skilled_forgery,10,10
data/processed/train/genuine/original_16_11.png,data/processed/train/genuine/original_16_20.png,1,genuine_genuine,16,16
data/processed/train/genuine/original_12_22.png,data/processed/train/genuine/original_12_6.png,1,genuine_genuine,12,12
data/processed/train/genuine/original_11_15.png,data/processed/train/genuine/original_11_22.png,1,genuine_genuine,11,11
data/processed/train/genuine/original_13_1.png,data/processed/train/forged/forgeries_13_4.png,0,skilled_forgery,13,13
data/processed/train/genuine/original_3_22.png,data/processed/train/genuine/original_3_6.png,1,genuine_genuine,3,3
data/processed/train/genuine/original_13_1.png,data/processed/train/genuine/original_13_8.png,1,genuine_genuine,13,13
data/processed/validation/genuine/original_38_22.png,data/processed/validation/forged/forgeries_38_13.png,0,skilled_forgery,38,38
data/processed/train/genuine/original_24_18.png,data/processed/train/genuine/original_24_8.png,1,genuine_genuine,24,24
data/processed/train/genuine/original_12_2.png,data/processed/train/genuine/original_24_3.png,0,random_forgery,12,24
data/processed/validation/genuine/original_37_15.png,data/processed/validation/genuine/original_37_7.png,1,genuine_genuine,37,37
data/processed/train/genuine/original_6_5.png,data/processed/train/forged/forgeries_6_6.png,0,skilled_forgery,6,6
data/processed/train/genuine/original_5_6.png,data/processed/validation/genuine/original_37_8.png,0,random_forgery,5,37
data/processed/validation/genuine/original_43_5.png,data/processed/train/genuine/original_25_20.png,0,random_forgery,43,25
data/processed/train/genuine/original_5_23.png,data/processed/train/forged/forgeries_5_20.png,0,skilled_forgery,5,5
data/processed/validation/genuine/original_40_10.png,data/processed/validation/genuine/original_40_18.png,1,genuine_genuine,40,40
data/processed/train/genuine/original_15_16.png,data/processed/train/genuine/original_27_23.png,0,random_forgery,15,27
data/processed/train/genuine/original_3_17.png,data/processed/train/forged/forgeries_3_22.png,0,skilled_forgery,3,3
data/processed/train/genuine/original_22_22.png,data/processed/train/genuine/original_22_23.png,1,genuine_genuine,22,22
data/processed/train/genuine/original_21_9.png,data/processed/train/genuine/original_25_9.png,0,random_forgery,21,25
data/processed/train/genuine/original_1_6.png,data/processed/train/genuine/original_1_7.png,1,genuine_genuine,1,1
data/processed/train/genuine/original_13_2.png,data/processed/train/genuine/original_13_20.png,1,genuine_genuine,13,13
data/processed/validation/genuine/original_39_20.png,data/processed/train/genuine/original_16_15.png,0,random_forgery,39,16
data/processed/train/genuine/original_17_6.png,data/processed/train/genuine/original_17_7.png,1,genuine_genuine,17,17
data/processed/validation/genuine/original_43_17.png,data/processed/validation/genuine/original_43_21.png,1,genuine_genuine,43,43
data/processed/train/genuine/original_8_23.png,data/processed/train/genuine/original_8_3.png,1,genuine_genuine,8,8
data/processed/train/genuine/original_8_13.png,data/processed/train/genuine/original_13_16.png,0,random_forgery,8,13
data/processed/train/genuine/original_21_17.png,data/processed/train/genuine/original_21_6.png,1,genuine_genuine,21,21
data/processed/validation/genuine/original_38_21.png,data/processed/validation/forged/forgeries_38_2.png,0,skilled_forgery,38,38
data/processed/train/genuine/original_17_5.png,data/processed/train/genuine/original_24_6.png,0,random_forgery,17,24
data/processed/train/genuine/original_24_10.png,data/processed/train/forged/forgeries_24_2.png,0,skilled_forgery,24,24
data/processed/train/genuine/original_14_18.png,data/processed/train/genuine/original_14_6.png,1,genuine_genuine,14,14
data/processed/train/genuine/original_12_15.png,data/processed/train/genuine/original_27_23.png,0,random_forgery,12,27
data/processed/validation/genuine/original_42_4.png,data/processed/validation/genuine/original_42_6.png,1,genuine_genuine,42,42
data/processed/validation/genuine/original_40_3.png,data/processed/train/genuine/original_3_24.png,0,random_forgery,40,3
data/processed/train/genuine/original_26_4.png,data/processed/train/genuine/original_26_9.png,1,genuine_genuine,26,26
data/processed/validation/genuine/original_41_22.png,data/processed/validation/forged/forgeries_41_3.png,0,skilled_forgery,41,41
data/processed/train/genuine/original_26_3.png,data/processed/train/forged/forgeries_26_15.png,0,skilled_forgery,26,26
data/processed/train/genuine/original_14_8.png,data/processed/train/forged/forgeries_14_23.png,0,skilled_forgery,14,14
data/processed/train/genuine/original_2_14.png,data/processed/train/genuine/original_2_15.png,1,genuine_genuine,2,2
data/processed/train/genuine/original_1_17.png,data/processed/train/genuine/original_1_4.png,1,genuine_genuine,1,1
data/processed/validation/genuine/original_45_20.png,data/processed/validation/genuine/original_45_22.png,1,genuine_genuine,45,45
data/processed/validation/genuine/original_39_11.png,data/processed/validation/genuine/original_39_9.png,1,genuine_genuine,39,39
data/processed/train/genuine/original_18_8.png,data/processed/train/forged/forgeries_18_2.png,0,skilled_forgery,18,18
data/processed/validation/genuine/original_38_14.png,data/processed/validation/genuine/original_38_2.png,1,genuine_genuine,38,38
data/processed/train/genuine/original_4_18.png,data/processed/train/genuine/original_10_24.png,0,random_forgery,4,10
data/processed/train/genuine/original_21_13.png,data/processed/train/genuine/original_14_10.png,0,random_forgery,21,14
data/processed/train/genuine/original_18_23.png,data/processed/train/genuine/original_18_9.png,1,genuine_genuine,18,18
data/processed/validation/genuine/original_40_23.png,data/processed/validation/forged/forgeries_40_21.png,0,skilled_forgery,40,40
data/processed/validation/genuine/original_37_2.png,data/processed/validation/genuine/original_37_23.png,1,genuine_genuine,37,37
data/processed/train/genuine/original_15_8.png,data/processed/train/forged/forgeries_15_16.png,0,skilled_forgery,15,15
data/processed/train/genuine/original_13_2.png,data/processed/train/genuine/original_13_8.png,1,genuine_genuine,13,13
data/processed/train/genuine/original_20_16.png,data/processed/train/genuine/original_20_2.png,1,genuine_genuine,20,20
data/processed/train/genuine/original_22_22.png,data/processed/train/genuine/original_22_24.png,1,genuine_genuine,22,22
data/processed/train/genuine/original_25_10.png,data/processed/train/genuine/original_3_1.png,0,random_forgery,25,3
data/processed/train/genuine/original_10_16.png,data/processed/train/genuine/original_10_23.png,1,genuine_genuine,10,10
data/processed/train/genuine/original_5_16.png,data/processed/train/forged/forgeries_5_13.png,0,skilled_forgery,5,5
data/processed/validation/genuine/original_43_12.png,data/processed/validation/genuine/original_43_21.png,1,genuine_genuine,43,43
data/processed/train/genuine/original_18_4.png,data/processed/train/forged/forgeries_18_21.png,0,skilled_forgery,18,18
data/processed/train/genuine/original_23_13.png,data/processed/train/genuine/original_23_20.png,1,genuine_genuine,23,23
data/processed/train/genuine/original_25_7.png,data/processed/train/forged/forgeries_25_15.png,0,skilled_forgery,25,25
data/processed/train/genuine/original_11_17.png,data/processed/train/genuine/original_24_4.png,0,random_forgery,11,24
data/processed/train/genuine/original_9_17.png,data/processed/train/genuine/original_8_1.png,0,random_forgery,9,8
data/processed/validation/genuine/original_43_17.png,data/processed/validation/genuine/original_43_4.png,1,genuine_genuine,43,43
data/processed/validation/genuine/original_43_3.png,data/processed/validation/forged/forgeries_43_23.png,0,skilled_forgery,43,43
data/processed/train/genuine/original_6_4.png,data/processed/train/genuine/original_21_5.png,0,random_forgery,6,21
data/processed/validation/genuine/original_37_3.png,data/processed/validation/genuine/original_37_7.png,1,genuine_genuine,37,37
data/processed/train/genuine/original_5_16.png,data/processed/train/genuine/original_10_4.png,0,random_forgery,5,10
data/processed/train/genuine/original_21_5.png,data/processed/train/forged/forgeries_21_15.png,0,skilled_forgery,21,21
data/processed/train/genuine/original_11_16.png,data/processed/train/forged/forgeries_11_10.png,0,skilled_forgery,11,11
data/processed/train/genuine/original_14_12.png,data/processed/train/forged/forgeries_14_2.png,0,skilled_forgery,14,14
data/processed/train/genuine/original_6_13.png,data/processed/train/forged/forgeries_6_5.png,0,skilled_forgery,6,6
data/processed/validation/genuine/original_44_19.png,data/processed/train/genuine/original_27_18.png,0,random_forgery,44,27
data/processed/train/genuine/original_2_7.png,data/processed/train/forged/forgeries_2_19.png,0,skilled_forgery,2,2
data/processed/train/genuine/original_6_20.png,data/processed/train/forged/forgeries_6_21.png,0,skilled_forgery,6,6
data/processed/train/genuine/original_11_21.png,data/processed/train/forged/forgeries_11_17.png,0,skilled_forgery,11,11
data/processed/train/genuine/original_3_2.png,data/processed/validation/genuine/original_43_10.png,0,random_forgery,3,43
data/processed/train/genuine/original_13_7.png,data/processed/validation/genuine/original_44_16.png,0,random_forgery,13,44
data/processed/validation/genuine/original_37_1.png,data/processed/validation/genuine/original_37_3.png,1,genuine_genuine,37,37
data/processed/train/genuine/original_8_2.png,data/processed/train/forged/forgeries_8_20.png,0,skilled_forgery,8,8
data/processed/train/genuine/original_8_4.png,data/processed/train/forged/forgeries_8_21.png,0,skilled_forgery,8,8
data/processed/train/genuine/original_12_24.png,data/processed/validation/genuine/original_42_24.png,0,random_forgery,12,42
data/processed/train/genuine/original_24_2.png,data/processed/train/genuine/original_24_20.png,1,genuine_genuine,24,24
data/processed/train/genuine/original_1_2.png,data/processed/train/genuine/original_1_21.png,1,genuine_genuine,1,1
data/processed/validation/genuine/original_40_12.png,data/processed/validation/genuine/original_40_3.png,1,genuine_genuine,40,40
data/processed/train/genuine/original_18_18.png,data/processed/train/genuine/original_18_24.png,1,genuine_genuine,18,18
data/processed/validation/genuine/original_39_14.png,data/processed/validation/genuine/original_39_8.png,1,genuine_genuine,39,39
data/processed/train/genuine/original_6_15.png,data/processed/train/genuine/original_18_22.png,0,random_forgery,6,18
data/processed/train/genuine/original_23_19.png,data/processed/train/genuine/original_23_23.png,1,genuine_genuine,23,23
data/processed/train/genuine/original_13_7.png,data/processed/train/forged/forgeries_13_12.png,0,skilled_forgery,13,13
data/processed/train/genuine/original_22_4.png,data/processed/validation/genuine/original_40_23.png,0,random_forgery,22,40
data/processed/train/genuine/original_17_1.png,data/processed/train/genuine/original_17_2.png,1,genuine_genuine,17,17
data/processed/train/genuine/original_13_21.png,data/processed/validation/genuine/original_39_16.png,0,random_forgery,13,39
data/processed/train/genuine/original_20_20.png,data/processed/train/genuine/original_16_8.png,0,random_forgery,20,16
data/processed/train/genuine/original_1_14.png,data/processed/train/genuine/original_1_5.png,1,genuine_genuine,1,1
data/processed/validation/genuine/original_42_12.png,data/processed/validation/genuine/original_42_22.png,1,genuine_genuine,42,42
data/processed/validation/genuine/original_42_15.png,data/processed/validation/genuine/original_42_19.png,1,genuine_genuine,42,42
data/processed/train/genuine/original_20_17.png,data/processed/train/genuine/original_20_20.png,1,genuine_genuine,20,20
data/processed/train/genuine/original_10_1.png,data/processed/train/forged/forgeries_10_19.png,0,skilled_forgery,10,10
data/processed/train/genuine/original_25_16.png,data/processed/train/forged/forgeries_25_12.png,0,skilled_forgery,25,25
data/processed/train/genuine/original_3_22.png,data/processed/train/forged/forgeries_3_12.png,0,skilled_forgery,3,3
data/processed/train/genuine/original_4_18.png,data/processed/train/genuine/original_13_24.png,0,random_forgery,4,13
data/processed/train/genuine/original_11_17.png,data/processed/train/genuine/original_11_9.png,1,genuine_genuine,11,11
data/processed/train/genuine/original_22_18.png,data/processed/train/genuine/original_22_5.png,1,genuine_genuine,22,22
data/processed/train/genuine/original_13_14.png,data/processed/train/genuine/original_13_18.png,1,genuine_genuine,13,13
data/processed/validation/genuine/original_40_19.png,data/processed/train/genuine/original_1_6.png,0,random_forgery,40,1
data/processed/train/genuine/original_13_4.png,data/processed/train/genuine/original_13_6.png,1,genuine_genuine,13,13
data/processed/train/genuine/original_1_18.png,data/processed/train/genuine/original_1_23.png,1,genuine_genuine,1,1
data/processed/validation/genuine/original_42_21.png,data/processed/validation/forged/forgeries_42_15.png,0,skilled_forgery,42,42
data/processed/train/genuine/original_8_11.png,data/processed/train/genuine/original_8_4.png,1,genuine_genuine,8,8
data/processed/train/genuine/original_23_3.png,data/processed/train/genuine/original_23_6.png,1,genuine_genuine,23,23
data/processed/train/genuine/original_5_5.png,data/processed/train/genuine/original_17_12.png,0,random_forgery,5,17
data/processed/train/genuine/original_25_22.png,data/processed/train/genuine/original_25_9.png,1,genuine_genuine,25,25
data/processed/train/genuine/original_12_5.png,data/processed/train/genuine/original_12_6.png,1,genuine_genuine,12,12
data/processed/train/genuine/original_3_23.png,data/processed/train/forged/forgeries_3_13.png,0,skilled_forgery,3,3
data/processed/train/genuine/original_18_13.png,data/processed/train/forged/forgeries_18_18.png,0,skilled_forgery,18,18
data/processed/validation/genuine/original_45_3.png,data/processed/validation/genuine/original_45_7.png,1,genuine_genuine,45,45
data/processed/train/genuine/original_12_1.png,data/processed/train/genuine/original_12_16.png,1,genuine_genuine,12,12
data/processed/train/genuine/original_22_9.png,data/processed/train/genuine/original_19_11.png,0,random_forgery,22,19
data/processed/validation/genuine/original_38_15.png,data/processed/validation/genuine/original_38_19.png,1,genuine_genuine,38,38
data/processed/train/genuine/original_13_21.png,data/processed/validation/genuine/original_41_21.png,0,random_forgery,13,41
data/processed/validation/genuine/original_42_12.png,data/processed/validation/genuine/original_44_10.png,0,random_forgery,42,44
data/processed/train/genuine/original_9_20.png,data/processed/validation/genuine/original_44_7.png,0,random_forgery,9,44
data/processed/validation/genuine/original_39_18.png,data/processed/validation/genuine/original_39_20.png,1,genuine_genuine,39,39
data/processed/train/genuine/original_20_17.png,data/processed/train/forged/forgeries_20_21.png,0,skilled_forgery,20,20
data/processed/train/genuine/original_15_14.png,data/processed/train/genuine/original_15_23.png,1,genuine_genuine,15,15
data/processed/train/genuine/original_14_16.png,data/processed/train/forged/forgeries_14_7.png,0,skilled_forgery,14,14
data/processed/validation/genuine/original_39_2.png,data/processed/validation/forged/forgeries_39_18.png,0,skilled_forgery,39,39
data/processed/validation/genuine/original_38_13.png,data/processed/validation/forged/forgeries_38_18.png,0,skilled_forgery,38,38
data/processed/train/genuine/original_13_5.png,data/processed/train/genuine/original_18_9.png,0,random_forgery,13,18
data/processed/validation/genuine/original_37_1.png,data/processed/validation/genuine/original_37_19.png,1,genuine_genuine,37,37
data/processed/train/genuine/original_12_21.png,data/processed/train/forged/forgeries_12_20.png,0,skilled_forgery,12,12
data/processed/validation/genuine/original_42_13.png,data/processed/validation/genuine/original_42_15.png,1,genuine_genuine,42,42
data/processed/train/genuine/original_17_5.png,data/processed/train/forged/forgeries_17_20.png,0,skilled_forgery,17,17
data/processed/train/genuine/original_6_14.png,data/processed/train/forged/forgeries_6_19.png,0,skilled_forgery,6,6
data/processed/train/genuine/original_21_22.png,data/processed/train/forged/forgeries_21_4.png,0,skilled_forgery,21,21
data/processed/train/genuine/original_9_17.png,data/processed/train/genuine/original_9_20.png,1,genuine_genuine,9,9
data/processed/train/genuine/original_1_4.png,data/processed/train/genuine/original_15_18.png,0,random_forgery,1,15
data/processed/train/genuine/original_10_19.png,data/processed/train/genuine/original_24_7.png,0,random_forgery,10,24
data/processed/train/genuine/original_23_21.png,data/processed/train/genuine/original_13_3.png,0,random_forgery,23,13
data/processed/train/genuine/original_26_4.png,data/processed/train/forged/forgeries_26_24.png,0,skilled_forgery,26,26
data/processed/train/genuine/original_26_22.png,data/processed/train/genuine/original_26_23.png,1,genuine_genuine,26,26
data/processed/validation/genuine/original_45_13.png,data/processed/validation/genuine/original_45_18.png,1,genuine_genuine,45,45
data/processed/train/genuine/original_18_18.png,data/processed/train/genuine/original_18_19.png,1,genuine_genuine,18,18
data/processed/train/genuine/original_16_4.png,data/processed/train/genuine/original_18_8.png,0,random_forgery,16,18
data/processed/train/genuine/original_2_16.png,data/processed/train/genuine/original_2_3.png,1,genuine_genuine,2,2
data/processed/validation/genuine/original_45_11.png,data/processed/train/genuine/original_20_2.png,0,random_forgery,45,20
data/processed/train/genuine/original_23_19.png,data/processed/train/forged/forgeries_23_19.png,0,skilled_forgery,23,23
data/processed/train/genuine/original_1_12.png,data/processed/train/forged/forgeries_1_11.png,0,skilled_forgery,1,1
data/processed/train/genuine/original_8_2.png,data/processed/train/genuine/original_8_22.png,1,genuine_genuine,8,8
data/processed/train/genuine/original_12_2.png,data/processed/train/forged/forgeries_12_1.png,0,skilled_forgery,12,12
data/processed/train/genuine/original_18_1.png,data/processed/train/genuine/original_18_18.png,1,genuine_genuine,18,18
data/processed/train/genuine/original_12_19.png,data/processed/train/genuine/original_12_2.png,1,genuine_genuine,12,12
data/processed/train/genuine/original_3_21.png,data/processed/train/forged/forgeries_3_11.png,0,skilled_forgery,3,3
data/processed/train/genuine/original_9_14.png,data/processed/train/genuine/original_9_18.png,1,genuine_genuine,9,9
data/processed/train/genuine/original_24_17.png,data/processed/train/genuine/original_24_21.png,1,genuine_genuine,24,24
data/processed/train/genuine/original_20_2.png,data/processed/train/genuine/original_20_9.png,1,genuine_genuine,20,20
data/processed/train/genuine/original_13_18.png,data/processed/train/genuine/original_27_21.png,0,random_forgery,13,27
data/processed/train/genuine/original_5_22.png,data/processed/train/forged/forgeries_5_14.png,0,skilled_forgery,5,5
data/processed/train/genuine/original_24_16.png,data/processed/train/genuine/original_24_19.png,1,genuine_genuine,24,24
data/processed/train/genuine/original_5_5.png,data/processed/train/genuine/original_10_24.png,0,random_forgery,5,10
data/processed/train/genuine/original_17_14.png,data/processed/train/genuine/original_17_5.png,1,genuine_genuine,17,17
data/processed/train/genuine/original_15_23.png,data/processed/train/genuine/original_15_8.png,1,genuine_genuine,15,15
data/processed/train/genuine/original_25_20.png,data/processed/train/genuine/original_25_3.png,1,genuine_genuine,25,25
data/processed/validation/genuine/original_37_13.png,data/processed/train/genuine/original_11_22.png,0,random_forgery,37,11
data/processed/train/genuine/original_27_4.png,data/processed/train/genuine/original_15_14.png,0,random_forgery,27,15
data/processed/train/genuine/original_15_1.png,data/processed/train/genuine/original_15_6.png,1,genuine_genuine,15,15
data/processed/train/genuine/original_2_10.png,data/processed/train/genuine/original_2_18.png,1,genuine_genuine,2,2
data/processed/train/genuine/original_13_11.png,data/processed/train/genuine/original_3_20.png,0,random_forgery,13,3
data/processed/train/genuine/original_24_1.png,data/processed/train/genuine/original_24_12.png,1,genuine_genuine,24,24
data/processed/validation/genuine/original_42_16.png,data/processed/validation/genuine/original_42_3.png,1,genuine_genuine,42,42
data/processed/train/genuine/original_9_1.png,data/processed/train/genuine/original_9_17.png,1,genuine_genuine,9,9
data/processed/train/genuine/original_9_10.png,data/processed/train/genuine/original_9_21.png,1,genuine_genuine,9,9
data/processed/train/genuine/original_14_23.png,data/processed/train/genuine/original_14_8.png,1,genuine_genuine,14,14
data/processed/validation/genuine/original_44_11.png,data/processed/validation/forged/forgeries_44_10.png,0,skilled_forgery,44,44
data/processed/train/genuine/original_27_13.png,data/processed/train/forged/forgeries_27_9.png,0,skilled_forgery,27,27
data/processed/train/genuine/original_21_15.png,data/processed/train/genuine/original_21_20.png,1,genuine_genuine,21,21
data/processed/train/genuine/original_13_13.png,data/processed/train/genuine/original_13_17.png,1,genuine_genuine,13,13
data/processed/train/genuine/original_1_5.png,data/processed/train/genuine/original_1_9.png,1,genuine_genuine,1,1
data/processed/train/genuine/original_7_21.png,data/processed/train/genuine/original_24_10.png,0,random_forgery,7,24
data/processed/train/genuine/original_19_16.png,data/processed/train/genuine/original_19_9.png,1,genuine_genuine,19,19
data/processed/train/genuine/original_22_12.png,data/processed/train/forged/forgeries_22_20.png,0,skilled_forgery,22,22
data/processed/train/genuine/original_1_3.png,data/processed/train/forged/forgeries_1_2.png,0,skilled_forgery,1,1
data/processed/validation/genuine/original_42_7.png,data/processed/validation/forged/forgeries_42_18.png,0,skilled_forgery,42,42
data/processed/train/genuine/original_10_18.png,data/processed/validation/genuine/original_37_2.png,0,random_forgery,10,37
data/processed/validation/genuine/original_38_11.png,data/processed/validation/genuine/original_38_23.png,1,genuine_genuine,38,38
data/processed/train/genuine/original_23_12.png,data/processed/train/genuine/original_21_21.png,0,random_forgery,23,21
data/processed/train/genuine/original_12_12.png,data/processed/train/genuine/original_12_18.png,1,genuine_genuine,12,12
data/processed/train/genuine/original_2_19.png,data/processed/train/genuine/original_2_8.png,1,genuine_genuine,2,2
data/processed/validation/genuine/original_39_17.png,data/processed/train/genuine/original_4_20.png,0,random_forgery,39,4
data/processed/train/genuine/original_1_2.png,data/processed/train/genuine/original_1_3.png,1,genuine_genuine,1,1
data/processed/train/genuine/original_12_24.png,data/processed/train/forged/forgeries_12_6.png,0,skilled_forgery,12,12
data/processed/train/genuine/original_17_2.png,data/processed/train/genuine/original_17_21.png,1,genuine_genuine,17,17
data/processed/train/genuine/original_24_15.png,data/processed/train/genuine/original_24_19.png,1,genuine_genuine,24,24
data/processed/train/genuine/original_11_19.png,data/processed/train/forged/forgeries_11_21.png,0,skilled_forgery,11,11
data/processed/train/genuine/original_5_21.png,data/processed/train/forged/forgeries_5_20.png,0,skilled_forgery,5,5
data/processed/train/genuine/original_15_2.png,data/processed/train/forged/forgeries_15_22.png,0,skilled_forgery,15,15
data/processed/validation/genuine/original_45_21.png,data/processed/validation/forged/forgeries_45_14.png,0,skilled_forgery,45,45
data/processed/train/genuine/original_16_15.png,data/processed/train/genuine/original_16_3.png,1,genuine_genuine,16,16
data/processed/train/genuine/original_27_8.png,data/processed/train/genuine/original_17_16.png,0,random_forgery,27,17
data/processed/train/genuine/original_27_18.png,data/processed/train/forged/forgeries_27_13.png,0,skilled_forgery,27,27
data/processed/train/genuine/original_8_15.png,data/processed/train/forged/forgeries_8_5.png,0,skilled_forgery,8,8
data/processed/train/genuine/original_24_8.png,data/processed/train/forged/forgeries_24_12.png,0,skilled_forgery,24,24
data/processed/train/genuine/original_1_2.png,data/processed/train/genuine/original_1_5.png,1,genuine_genuine,1,1
data/processed/validation/genuine/original_40_18.png,data/processed/validation/genuine/original_40_21.png,1,genuine_genuine,40,40
data/processed/validation/genuine/original_39_13.png,data/processed/validation/genuine/original_39_4.png,1,genuine_genuine,39,39
data/processed/train/genuine/original_1_16.png,data/processed/train/forged/forgeries_1_10.png,0,skilled_forgery,1,1
data/processed/train/genuine/original_20_3.png,data/processed/train/genuine/original_26_9.png,0,random_forgery,20,26
data/processed/train/genuine/original_14_10.png,data/processed/train/genuine/original_26_24.png,0,random_forgery,14,26
data/processed/train/genuine/original_22_12.png,data/processed/train/genuine/original_8_18.png,0,random_forgery,22,8
data/processed/validation/genuine/original_43_4.png,data/processed/validation/forged/forgeries_43_1.png,0,skilled_forgery,43,43
data/processed/train/genuine/original_27_13.png,data/processed/train/genuine/original_27_8.png,1,genuine_genuine,27,27
data/processed/validation/genuine/original_44_2.png,data/processed/train/genuine/original_6_4.png,0,random_forgery,44,6
data/processed/validation/genuine/original_43_19.png,data/processed/validation/genuine/original_43_21.png,1,genuine_genuine,43,43
data/processed/validation/genuine/original_40_12.png,data/processed/validation/genuine/original_40_14.png,1,genuine_genuine,40,40
data/processed/train/genuine/original_20_6.png,data/processed/train/forged/forgeries_20_14.png,0,skilled_forgery,20,20
data/processed/train/genuine/original_22_24.png,data/processed/train/forged/forgeries_22_1.png,0,skilled_forgery,22,22
data/processed/train/genuine/original_2_11.png,data/processed/train/genuine/original_2_14.png,1,genuine_genuine,2,2
data/processed/train/genuine/original_3_10.png,data/processed/train/forged/forgeries_3_19.png,0,skilled_forgery,3,3
data/processed/train/genuine/original_23_14.png,data/processed/train/genuine/original_23_18.png,1,genuine_genuine,23,23
data/processed/train/genuine/original_3_18.png,data/processed/train/forged/forgeries_3_14.png,0,skilled_forgery,3,3
data/processed/train/genuine/original_27_13.png,data/processed/train/forged/forgeries_27_12.png,0,skilled_forgery,27,27
data/processed/train/genuine/original_2_2.png,data/processed/train/forged/forgeries_2_13.png,0,skilled_forgery,2,2
data/processed/train/genuine/original_15_22.png,data/processed/train/genuine/original_15_6.png,1,genuine_genuine,15,15
data/processed/train/genuine/original_11_5.png,data/processed/train/genuine/original_11_6.png,1,genuine_genuine,11,11
data/processed/train/genuine/original_17_20.png,data/processed/validation/genuine/original_41_5.png,0,random_forgery,17,41
data/processed/train/genuine/original_6_3.png,data/processed/train/genuine/original_6_8.png,1,genuine_genuine,6,6
data/processed/validation/genuine/original_41_10.png,data/processed/validation/genuine/original_41_3.png,1,genuine_genuine,41,41
data/processed/validation/genuine/original_37_10.png,data/processed/validation/genuine/original_39_21.png,0,random_forgery,37,39
data/processed/train/genuine/original_11_10.png,data/processed/train/genuine/original_11_14.png,1,genuine_genuine,11,11
data/processed/train/genuine/original_27_10.png,data/processed/train/genuine/original_27_20.png,1,genuine_genuine,27,27
data/processed/train/genuine/original_22_18.png,data/processed/train/genuine/original_15_18.png,0,random_forgery,22,15
data/processed/train/genuine/original_9_2.png,data/processed/train/forged/forgeries_9_6.png,0,skilled_forgery,9,9
data/processed/validation/genuine/original_38_22.png,data/processed/validation/genuine/original_43_14.png,0,random_forgery,38,43
data/processed/train/genuine/original_9_16.png,data/processed/train/genuine/original_9_2.png,1,genuine_genuine,9,9
data/processed/train/genuine/original_10_5.png,data/processed/validation/genuine/original_39_13.png,0,random_forgery,10,39
data/processed/train/genuine/original_17_4.png,data/processed/train/genuine/original_11_24.png,0,random_forgery,17,11
data/processed/validation/genuine/original_38_5.png,data/processed/train/genuine/original_26_23.png,0,random_forgery,38,26
data/processed/validation/genuine/original_42_21.png,data/processed/validation/genuine/original_42_22.png,1,genuine_genuine,42,42
data/processed/train/genuine/original_3_24.png,data/processed/train/genuine/original_22_16.png,0,random_forgery,3,22
data/processed/train/genuine/original_16_14.png,data/processed/train/genuine/original_16_18.png,1,genuine_genuine,16,16
data/processed/train/genuine/original_12_3.png,data/processed/train/forged/forgeries_12_5.png,0,skilled_forgery,12,12
data/processed/train/genuine/original_6_19.png,data/processed/train/genuine/original_6_20.png,1,genuine_genuine,6,6
data/processed/train/genuine/original_27_12.png,data/processed/train/genuine/original_27_19.png,1,genuine_genuine,27,27
data/processed/train/genuine/original_3_10.png,data/processed/train/genuine/original_3_21.png,1,genuine_genuine,3,3
data/processed/train/genuine/original_3_16.png,data/processed/train/forged/forgeries_3_11.png,0,skilled_forgery,3,3
data/processed/train/genuine/original_1_17.png,data/processed/train/genuine/original_1_23.png,1,genuine_genuine,1,1
data/processed/train/genuine/original_14_20.png,data/processed/train/genuine/original_14_24.png,1,genuine_genuine,14,14
data/processed/train/genuine/original_21_16.png,data/processed/train/genuine/original_11_5.png,0,random_forgery,21,11
data/processed/validation/genuine/original_42_1.png,data/processed/validation/forged/forgeries_42_11.png,0,skilled_forgery,42,42
data/processed/train/genuine/original_21_5.png,data/processed/train/genuine/original_21_9.png,1,genuine_genuine,21,21
data/processed/train/genuine/original_5_16.png,data/processed/train/genuine/original_5_19.png,1,genuine_genuine,5,5
data/processed/train/genuine/original_13_14.png,data/processed/validation/genuine/original_44_17.png,0,random_forgery,13,44
data/processed/train/genuine/original_9_7.png,data/processed/train/forged/forgeries_9_7.png,0,skilled_forgery,9,9
data/processed/train/genuine/original_7_24.png,data/processed/train/forged/forgeries_7_8.png,0,skilled_forgery,7,7
data/processed/train/genuine/original_14_5.png,data/processed/train/genuine/original_27_3.png,0,random_forgery,14,27
data/processed/train/genuine/original_3_11.png,data/processed/train/forged/forgeries_3_10.png,0,skilled_forgery,3,3
data/processed/validation/genuine/original_44_20.png,data/processed/validation/forged/forgeries_44_19.png,0,skilled_forgery,44,44
data/processed/train/genuine/original_27_3.png,data/processed/train/genuine/original_11_7.png,0,random_forgery,27,11
data/processed/train/genuine/original_18_7.png,data/processed/train/forged/forgeries_18_10.png,0,skilled_forgery,18,18
data/processed/train/genuine/original_14_20.png,data/processed/train/genuine/original_15_2.png,0,random_forgery,14,15
data/processed/train/genuine/original_27_1.png,data/processed/train/genuine/original_27_8.png,1,genuine_genuine,27,27
data/processed/train/genuine/original_1_12.png,data/processed/train/genuine/original_1_22.png,1,genuine_genuine,1,1
data/processed/train/genuine/original_27_3.png,data/processed/train/genuine/original_27_9.png,1,genuine_genuine,27,27
data/processed/train/genuine/original_27_13.png,data/processed/train/forged/forgeries_27_22.png,0,skilled_forgery,27,27
data/processed/train/genuine/original_16_1.png,data/processed/train/genuine/original_16_19.png,1,genuine_genuine,16,16
data/processed/train/genuine/original_25_15.png,data/processed/train/genuine/original_25_24.png,1,genuine_genuine,25,25
data/processed/train/genuine/original_21_13.png,data/processed/train/genuine/original_21_21.png,1,genuine_genuine,21,21
data/processed/train/genuine/original_7_21.png,data/processed/train/genuine/original_7_3.png,1,genuine_genuine,7,7
data/processed/train/genuine/original_17_6.png,data/processed/train/genuine/original_7_16.png,0,random_forgery,17,7
data/processed/train/genuine/original_4_11.png,data/processed/train/genuine/original_14_20.png,0,random_forgery,4,14
data/processed/train/genuine/original_15_8.png,data/processed/train/forged/forgeries_15_10.png,0,skilled_forgery,15,15
data/processed/train/genuine/original_26_10.png,data/processed/train/genuine/original_26_21.png,1,genuine_genuine,26,26
data/processed/validation/genuine/original_40_12.png,data/processed/validation/genuine/original_40_23.png,1,genuine_genuine,40,40
data/processed/train/genuine/original_25_23.png,data/processed/train/forged/forgeries_25_22.png,0,skilled_forgery,25,25
data/processed/train/genuine/original_17_19.png,data/processed/train/genuine/original_17_6.png,1,genuine_genuine,17,17
data/processed/train/genuine/original_22_22.png,data/processed/train/genuine/original_11_24.png,0,random_forgery,22,11
data/processed/train/genuine/original_16_1.png,data/processed/train/forged/forgeries_16_19.png,0,skilled_forgery,16,16
data/processed/train/genuine/original_8_19.png,data/processed/train/forged/forgeries_8_11.png,0,skilled_forgery,8,8
data/processed/train/genuine/original_18_14.png,data/processed/train/genuine/original_18_15.png,1,genuine_genuine,18,18
data/processed/train/genuine/original_15_17.png,data/processed/train/genuine/original_15_20.png,1,genuine_genuine,15,15
data/processed/train/genuine/original_25_18.png,data/processed/train/forged/forgeries_25_13.png,0,skilled_forgery,25,25
data/processed/train/genuine/original_15_15.png,data/processed/train/forged/forgeries_15_16.png,0,skilled_forgery,15,15
data/processed/train/genuine/original_11_18.png,data/processed/train/genuine/original_11_19.png,1,genuine_genuine,11,11
data/processed/validation/genuine/original_45_20.png,data/processed/train/genuine/original_6_21.png,0,random_forgery,45,6
data/processed/train/genuine/original_10_15.png,data/processed/train/forged/forgeries_10_18.png,0,skilled_forgery,10,10
data/processed/train/genuine/original_14_23.png,data/processed/train/genuine/original_14_5.png,1,genuine_genuine,14,14
data/processed/train/genuine/original_8_19.png,data/processed/train/genuine/original_8_8.png,1,genuine_genuine,8,8
data/processed/train/genuine/original_4_16.png,data/processed/train/forged/forgeries_4_9.png,0,skilled_forgery,4,4
data/processed/train/genuine/original_10_1.png,data/processed/train/forged/forgeries_10_22.png,0,skilled_forgery,10,10
data/processed/train/genuine/original_11_6.png,data/processed/train/genuine/original_20_13.png,0,random_forgery,11,20
data/processed/validation/genuine/original_38_4.png,data/processed/validation/genuine/original_38_7.png,1,genuine_genuine,38,38
data/processed/train/genuine/original_26_9.png,data/processed/train/forged/forgeries_26_17.png,0,skilled_forgery,26,26
data/processed/train/genuine/original_17_14.png,data/processed/train/forged/forgeries_17_15.png,0,skilled_forgery,17,17
data/processed/train/genuine/original_14_2.png,data/processed/train/genuine/original_23_23.png,0,random_forgery,14,23
data/processed/train/genuine/original_18_1.png,data/processed/train/genuine/original_18_9.png,1,genuine_genuine,18,18
data/processed/train/genuine/original_24_5.png,data/processed/train/forged/forgeries_24_22.png,0,skilled_forgery,24,24
data/processed/validation/genuine/original_39_24.png,data/processed/validation/genuine/original_39_4.png,1,genuine_genuine,39,39
data/processed/train/genuine/original_5_11.png,data/processed/train/genuine/original_5_8.png,1,genuine_genuine,5,5
data/processed/validation/genuine/original_45_6.png,data/processed/train/genuine/original_5_18.png,0,random_forgery,45,5
data/processed/train/genuine/original_4_21.png,data/processed/train/genuine/original_12_5.png,0,random_forgery,4,12
data/processed/validation/genuine/original_42_17.png,data/processed/validation/genuine/original_43_1.png,0,random_forgery,42,43
data/processed/train/genuine/original_4_24.png,data/processed/train/forged/forgeries_4_6.png,0,skilled_forgery,4,4
data/processed/validation/genuine/original_43_4.png,data/processed/validation/forged/forgeries_43_2.png,0,skilled_forgery,43,43
data/processed/train/genuine/original_21_5.png,data/processed/train/forged/forgeries_21_17.png,0,skilled_forgery,21,21
data/processed/validation/genuine/original_37_15.png,data/processed/validation/genuine/original_37_5.png,1,genuine_genuine,37,37
data/processed/train/genuine/original_16_1.png,data/processed/train/genuine/original_16_7.png,1,genuine_genuine,16,16
data/processed/train/genuine/original_22_10.png,data/processed/train/genuine/original_22_19.png,1,genuine_genuine,22,22
data/processed/train/genuine/original_8_10.png,data/processed/train/genuine/original_27_16.png,0,random_forgery,8,27
data/processed/train/genuine/original_12_24.png,data/processed/train/forged/forgeries_12_22.png,0,skilled_forgery,12,12
data/processed/validation/genuine/original_44_11.png,data/processed/validation/genuine/original_44_19.png,1,genuine_genuine,44,44
data/processed/validation/genuine/original_39_1.png,data/processed/validation/genuine/original_39_19.png,1,genuine_genuine,39,39
data/processed/validation/genuine/original_38_21.png,data/processed/validation/forged/forgeries_38_20.png,0,skilled_forgery,38,38
data/processed/train/genuine/original_26_2.png,data/processed/train/forged/forgeries_26_15.png,0,skilled_forgery,26,26
data/processed/train/genuine/original_7_21.png,data/processed/train/genuine/original_5_4.png,0,random_forgery,7,5
data/processed/train/genuine/original_7_1.png,data/processed/train/genuine/original_7_19.png,1,genuine_genuine,7,7
data/processed/train/genuine/original_12_12.png,data/processed/train/forged/forgeries_12_19.png,0,skilled_forgery,12,12
data/processed/validation/genuine/original_41_1.png,data/processed/validation/genuine/original_41_4.png,1,genuine_genuine,41,41
data/processed/train/genuine/original_21_18.png,data/processed/train/genuine/original_21_22.png,1,genuine_genuine,21,21
data/processed/train/genuine/original_7_12.png,data/processed/train/genuine/original_7_4.png,1,genuine_genuine,7,7
data/processed/validation/genuine/original_37_22.png,data/processed/validation/genuine/original_37_23.png,1,genuine_genuine,37,37
data/processed/train/genuine/original_11_4.png,data/processed/validation/genuine/original_41_17.png,0,random_forgery,11,41
data/processed/train/genuine/original_13_13.png,data/processed/train/genuine/original_13_4.png,1,genuine_genuine,13,13
data/processed/train/genuine/original_12_12.png,data/processed/train/forged/forgeries_12_22.png,0,skilled_forgery,12,12
data/processed/train/genuine/original_20_2.png,data/processed/train/genuine/original_7_1.png,0,random_forgery,20,7
data/processed/train/genuine/original_25_10.png,data/processed/train/genuine/original_25_22.png,1,genuine_genuine,25,25
data/processed/train/genuine/original_9_14.png,data/processed/train/genuine/original_20_20.png,0,random_forgery,9,20
data/processed/train/genuine/original_14_12.png,data/processed/train/genuine/original_14_17.png,1,genuine_genuine,14,14
data/processed/train/genuine/original_11_11.png,data/processed/validation/genuine/original_45_7.png,0,random_forgery,11,45
data/processed/validation/genuine/original_44_11.png,data/processed/validation/genuine/original_44_16.png,1,genuine_genuine,44,44
data/processed/train/genuine/original_13_5.png,data/processed/train/forged/forgeries_13_9.png,0,skilled_forgery,13,13
data/processed/train/genuine/original_7_11.png,data/processed/train/genuine/original_7_3.png,1,genuine_genuine,7,7
data/processed/train/genuine/original_21_5.png,data/processed/train/genuine/original_19_16.png,0,random_forgery,21,19
data/processed/train/genuine/original_15_7.png,data/processed/train/forged/forgeries_15_7.png,0,skilled_forgery,15,15
data/processed/validation/genuine/original_37_21.png,data/processed/validation/forged/forgeries_37_11.png,0,skilled_forgery,37,37
data/processed/train/genuine/original_20_16.png,data/processed/train/genuine/original_20_9.png,1,genuine_genuine,20,20
data/processed/train/genuine/original_25_14.png,data/processed/train/genuine/original_7_1.png,0,random_forgery,25,7
data/processed/train/genuine/original_26_12.png,data/processed/train/genuine/original_26_15.png,1,genuine_genuine,26,26
data/processed/train/genuine/original_23_12.png,data/processed/train/genuine/original_23_18.png,1,genuine_genuine,23,23
data/processed/validation/genuine/original_39_14.png,data/processed/validation/genuine/original_39_5.png,1,genuine_genuine,39,39
data/processed/validation/genuine/original_41_23.png,data/processed/validation/genuine/original_41_9.png,1,genuine_genuine,41,41
data/processed/train/genuine/original_19_19.png,data/processed/train/genuine/original_21_8.png,0,random_forgery,19,21
data/processed/train/genuine/original_25_6.png,data/processed/validation/genuine/original_45_19.png,0,random_forgery,25,45
data/processed/train/genuine/original_9_23.png,data/processed/train/forged/forgeries_9_21.png,0,skilled_forgery,9,9
data/processed/validation/genuine/original_45_1.png,data/processed/validation/genuine/original_45_17.png,1,genuine_genuine,45,45
data/processed/train/genuine/original_16_18.png,data/processed/train/genuine/original_16_20.png,1,genuine_genuine,16,16
data/processed/train/genuine/original_22_7.png,data/processed/train/forged/forgeries_22_23.png,0,skilled_forgery,22,22
data/processed/train/genuine/original_22_11.png,data/processed/train/genuine/original_22_12.png,1,genuine_genuine,22,22
data/processed/train/genuine/original_19_10.png,data/processed/train/genuine/original_19_6.png,1,genuine_genuine,19,19
data/processed/train/genuine/original_16_4.png,data/processed/train/forged/forgeries_16_18.png,0,skilled_forgery,16,16
data/processed/train/genuine/original_15_21.png,data/processed/train/genuine/original_7_12.png,0,random_forgery,15,7
data/processed/train/genuine/original_18_15.png,data/processed/train/forged/forgeries_18_3.png,0,skilled_forgery,18,18
data/processed/train/genuine/original_19_11.png,data/processed/train/genuine/original_4_8.png,0,random_forgery,19,4
data/processed/train/genuine/original_15_11.png,data/processed/train/genuine/original_15_7.png,1,genuine_genuine,15,15
data/processed/train/genuine/original_25_5.png,data/processed/train/forged/forgeries_25_22.png,0,skilled_forgery,25,25
data/processed/train/genuine/original_22_10.png,data/processed/train/forged/forgeries_22_1.png,0,skilled_forgery,22,22
data/processed/train/genuine/original_23_1.png,data/processed/train/genuine/original_23_4.png,1,genuine_genuine,23,23
data/processed/train/genuine/original_16_22.png,data/processed/train/forged/forgeries_16_22.png,0,skilled_forgery,16,16
data/processed/train/genuine/original_25_12.png,data/processed/validation/genuine/original_40_6.png,0,random_forgery,25,40
data/processed/train/genuine/original_1_6.png,data/processed/train/genuine/original_10_22.png,0,random_forgery,1,10
data/processed/train/genuine/original_17_22.png,data/processed/train/forged/forgeries_17_21.png,0,skilled_forgery,17,17
data/processed/validation/genuine/original_45_22.png,data/processed/validation/genuine/original_45_5.png,1,genuine_genuine,45,45
data/processed/train/genuine/original_17_21.png,data/processed/train/genuine/original_13_1.png,0,random_forgery,17,13
data/processed/train/genuine/original_18_14.png,data/processed/train/forged/forgeries_18_21.png,0,skilled_forgery,18,18
data/processed/validation/genuine/original_44_7.png,data/processed/validation/genuine/original_44_9.png,1,genuine_genuine,44,44
data/processed/train/genuine/original_3_13.png,data/processed/train/genuine/original_3_5.png,1,genuine_genuine,3,3
data/processed/train/genuine/original_25_17.png,data/processed/train/genuine/original_4_11.png,0,random_forgery,25,4
data/processed/validation/genuine/original_39_9.png,data/processed/validation/forged/forgeries_39_15.png,0,skilled_forgery,39,39
data/processed/train/genuine/original_11_1.png,data/processed/train/genuine/original_11_11.png,1,genuine_genuine,11,11
data/processed/validation/genuine/original_37_17.png,data/processed/validation/genuine/original_37_8.png,1,genuine_genuine,37,37
data/processed/train/genuine/original_11_6.png,data/processed/train/genuine/original_11_8.png,1,genuine_genuine,11,11
data/processed/train/genuine/original_19_17.png,data/processed/train/genuine/original_19_21.png,1,genuine_genuine,19,19
data/processed/train/genuine/original_7_4.png,data/processed/train/forged/forgeries_7_4.png,0,skilled_forgery,7,7
data/processed/validation/genuine/original_39_12.png,data/processed/validation/genuine/original_39_6.png,1,genuine_genuine,39,39
data/processed/train/genuine/original_27_16.png,data/processed/train/forged/forgeries_27_21.png,0,skilled_forgery,27,27
data/processed/train/genuine/original_13_16.png,data/processed/train/forged/forgeries_13_24.png,0,skilled_forgery,13,13
data/processed/train/genuine/original_23_15.png,data/processed/train/forged/forgeries_23_14.png,0,skilled_forgery,23,23
data/processed/train/genuine/original_21_6.png,data/processed/train/forged/forgeries_21_15.png,0,skilled_forgery,21,21
data/processed/train/genuine/original_9_15.png,data/processed/train/forged/forgeries_9_13.png,0,skilled_forgery,9,9
data/processed/train/genuine/original_18_15.png,data/processed/train/genuine/original_18_3.png,1,genuine_genuine,18,18
data/processed/train/genuine/original_2_16.png,data/processed/train/forged/forgeries_2_13.png,0,skilled_forgery,2,2
data/processed/validation/genuine/original_38_13.png,data/processed/validation/genuine/original_38_8.png,1,genuine_genuine,38,38
data/processed/train/genuine/original_25_14.png,data/processed/train/forged/forgeries_25_11.png,0,skilled_forgery,25,25
data/processed/train/genuine/original_18_1.png,data/processed/validation/genuine/original_44_19.png,0,random_forgery,18,44
data/processed/train/genuine/original_3_7.png,data/processed/validation/genuine/original_40_19.png,0,random_forgery,3,40
data/processed/validation/genuine/original_41_2.png,data/processed/validation/genuine/original_41_20.png,1,genuine_genuine,41,41
data/processed/train/genuine/original_26_24.png,data/processed/train/forged/forgeries_26_5.png,0,skilled_forgery,26,26
data/processed/validation/genuine/original_44_12.png,data/processed/validation/forged/forgeries_44_6.png,0,skilled_forgery,44,44
data/processed/train/genuine/original_9_13.png,data/processed/train/genuine/original_9_17.png,1,genuine_genuine,9,9
data/processed/train/genuine/original_21_22.png,data/processed/train/genuine/original_19_16.png,0,random_forgery,21,19
data/processed/validation/genuine/original_45_11.png,data/processed/validation/genuine/original_45_7.png,1,genuine_genuine,45,45
data/processed/train/genuine/original_4_3.png,data/processed/train/genuine/original_4_7.png,1,genuine_genuine,4,4
data/processed/train/genuine/original_14_14.png,data/processed/train/genuine/original_14_2.png,1,genuine_genuine,14,14
data/processed/train/genuine/original_6_12.png,data/processed/train/genuine/original_6_21.png,1,genuine_genuine,6,6
data/processed/validation/genuine/original_43_2.png,data/processed/validation/genuine/original_43_9.png,1,genuine_genuine,43,43
data/processed/train/genuine/original_1_19.png,data/processed/train/genuine/original_1_3.png,1,genuine_genuine,1,1
data/processed/validation/genuine/original_37_19.png,data/processed/validation/genuine/original_39_16.png,0,random_forgery,37,39
data/processed/validation/genuine/original_41_5.png,data/processed/validation/forged/forgeries_41_14.png,0,skilled_forgery,41,41
data/processed/train/genuine/original_20_10.png,data/processed/validation/genuine/original_45_5.png,0,random_forgery,20,45
data/processed/train/genuine/original_16_6.png,data/processed/train/forged/forgeries_16_1.png,0,skilled_forgery,16,16
data/processed/train/genuine/original_4_20.png,data/processed/train/genuine/original_21_15.png,0,random_forgery,4,21
data/processed/train/genuine/original_25_10.png,data/processed/train/genuine/original_15_18.png,0,random_forgery,25,15
data/processed/train/genuine/original_1_16.png,data/processed/validation/genuine/original_40_11.png,0,random_forgery,1,40
data/processed/train/genuine/original_8_6.png,data/processed/train/genuine/original_8_9.png,1,genuine_genuine,8,8
data/processed/train/genuine/original_11_15.png,data/processed/train/genuine/original_23_9.png,0,random_forgery,11,23
data/processed/validation/genuine/original_37_2.png,data/processed/train/genuine/original_19_15.png,0,random_forgery,37,19
data/processed/train/genuine/original_21_8.png,data/processed/train/forged/forgeries_21_19.png,0,skilled_forgery,21,21
data/processed/train/genuine/original_16_12.png,data/processed/train/genuine/original_16_24.png,1,genuine_genuine,16,16
data/processed/train/genuine/original_17_18.png,data/processed/train/genuine/original_17_5.png,1,genuine_genuine,17,17
data/processed/train/genuine/original_20_17.png,data/processed/train/genuine/original_20_9.png,1,genuine_genuine,20,20
data/processed/train/genuine/original_23_18.png,data/processed/train/forged/forgeries_23_15.png,0,skilled_forgery,23,23
data/processed/train/genuine/original_18_13.png,data/processed/train/genuine/original_18_18.png,1,genuine_genuine,18,18
data/processed/validation/genuine/original_38_18.png,data/processed/validation/genuine/original_38_20.png,1,genuine_genuine,38,38
data/processed/train/genuine/original_2_10.png,data/processed/train/genuine/original_12_18.png,0,random_forgery,2,12
data/processed/train/genuine/original_16_16.png,data/processed/train/forged/forgeries_16_22.png,0,skilled_forgery,16,16
data/processed/train/genuine/original_21_1.png,data/processed/train/genuine/original_21_12.png,1,genuine_genuine,21,21
data/processed/train/genuine/original_26_1.png,data/processed/train/genuine/original_26_22.png,1,genuine_genuine,26,26
data/processed/train/genuine/original_19_21.png,data/processed/train/genuine/original_1_9.png,0,random_forgery,19,1
data/processed/train/genuine/original_3_16.png,data/processed/train/genuine/original_3_3.png,1,genuine_genuine,3,3
data/processed/validation/genuine/original_37_9.png,data/processed/validation/forged/forgeries_37_10.png,0,skilled_forgery,37,37
data/processed/train/genuine/original_14_19.png,data/processed/train/genuine/original_14_24.png,1,genuine_genuine,14,14
data/processed/validation/genuine/original_38_11.png,data/processed/train/genuine/original_26_15.png,0,random_forgery,38,26
data/processed/train/genuine/original_25_24.png,data/processed/validation/genuine/original_44_17.png,0,random_forgery,25,44
data/processed/train/genuine/original_22_8.png,data/processed/train/genuine/original_6_10.png,0,random_forgery,22,6
data/processed/validation/genuine/original_42_14.png,data/processed/validation/genuine/original_42_19.png,1,genuine_genuine,42,42
data/processed/validation/genuine/original_41_9.png,data/processed/train/genuine/original_16_6.png,0,random_forgery,41,16
data/processed/validation/genuine/original_44_15.png,data/processed/validation/forged/forgeries_44_3.png,0,skilled_forgery,44,44
data/processed/validation/genuine/original_45_15.png,data/processed/train/genuine/original_9_13.png,0,random_forgery,45,9
data/processed/train/genuine/original_4_10.png,data/processed/train/genuine/original_4_18.png,1,genuine_genuine,4,4
data/processed/train/genuine/original_21_2.png,data/processed/train/genuine/original_21_24.png,1,genuine_genuine,21,21
data/processed/validation/genuine/original_43_1.png,data/processed/validation/genuine/original_43_22.png,1,genuine_genuine,43,43
data/processed/validation/genuine/original_42_11.png,data/processed/train/genuine/original_23_9.png,0,random_forgery,42,23
data/processed/train/genuine/original_23_12.png,data/processed/train/genuine/original_23_13.png,1,genuine_genuine,23,23
data/processed/train/genuine/original_6_1.png,data/processed/train/forged/forgeries_6_3.png,0,skilled_forgery,6,6
data/processed/train/genuine/original_12_19.png,data/processed/train/genuine/original_10_13.png,0,random_forgery,12,10
data/processed/validation/genuine/original_38_12.png,data/processed/validation/genuine/original_38_21.png,1,genuine_genuine,38,38
data/processed/train/genuine/original_7_10.png,data/processed/train/genuine/original_7_6.png,1,genuine_genuine,7,7
data/processed/train/genuine/original_27_18.png,data/processed/train/forged/forgeries_27_11.png,0,skilled_forgery,27,27
data/processed/validation/genuine/original_43_14.png,data/processed/validation/forged/forgeries_43_5.png,0,skilled_forgery,43,43
data/processed/validation/genuine/original_39_16.png,data/processed/validation/genuine/original_39_17.png,1,genuine_genuine,39,39
data/processed/validation/genuine/original_45_20.png,data/processed/validation/genuine/original_45_5.png,1,genuine_genuine,45,45
data/processed/train/genuine/original_19_22.png,data/processed/train/genuine/original_19_3.png,1,genuine_genuine,19,19
data/processed/train/genuine/original_5_23.png,data/processed/train/forged/forgeries_5_18.png,0,skilled_forgery,5,5
data/processed/train/genuine/original_17_11.png,data/processed/train/genuine/original_17_16.png,1,genuine_genuine,17,17
data/processed/train/genuine/original_14_23.png,data/processed/train/genuine/original_14_3.png,1,genuine_genuine,14,14
data/processed/train/genuine/original_23_10.png,data/processed/train/genuine/original_23_12.png,1,genuine_genuine,23,23
data/processed/train/genuine/original_9_16.png,data/processed/train/genuine/original_8_10.png,0,random_forgery,9,8
data/processed/train/genuine/original_21_21.png,data/processed/train/genuine/original_20_12.png,0,random_forgery,21,20
data/processed/train/genuine/original_1_20.png,data/processed/train/genuine/original_3_7.png,0,random_forgery,1,3
data/processed/train/genuine/original_10_8.png,data/processed/train/forged/forgeries_10_11.png,0,skilled_forgery,10,10
data/processed/validation/genuine/original_39_10.png,data/processed/train/genuine/original_6_19.png,0,random_forgery,39,6
data/processed/train/genuine/original_7_17.png,data/processed/train/genuine/original_7_6.png,1,genuine_genuine,7,7
data/processed/train/genuine/original_11_11.png,data/processed/train/genuine/original_11_23.png,1,genuine_genuine,11,11
data/processed/train/genuine/original_12_10.png,data/processed/train/forged/forgeries_12_23.png,0,skilled_forgery,12,12
data/processed/validation/genuine/original_44_23.png,data/processed/validation/genuine/original_44_4.png,1,genuine_genuine,44,44
data/processed/train/genuine/original_7_10.png,data/processed/train/forged/forgeries_7_5.png,0,skilled_forgery,7,7
data/processed/train/genuine/original_22_4.png,data/processed/train/forged/forgeries_22_6.png,0,skilled_forgery,22,22
data/processed/validation/genuine/original_37_22.png,data/processed/train/genuine/original_4_3.png,0,random_forgery,37,4
data/processed/train/genuine/original_15_18.png,data/processed/train/genuine/original_15_8.png,1,genuine_genuine,15,15
data/processed/validation/genuine/original_43_11.png,data/processed/validation/genuine/original_43_5.png,1,genuine_genuine,43,43
data/processed/train/genuine/original_16_18.png,data/processed/train/genuine/original_16_2.png,1,genuine_genuine,16,16
data/processed/train/genuine/original_24_12.png,data/processed/train/genuine/original_13_14.png,0,random_forgery,24,13
data/processed/train/genuine/original_13_3.png,data/processed/train/genuine/original_13_6.png,1,genuine_genuine,13,13
data/processed/train/genuine/original_24_14.png,data/processed/train/genuine/original_19_21.png,0,random_forgery,24,19
data/processed/train/genuine/original_10_11.png,data/processed/train/forged/forgeries_10_6.png,0,skilled_forgery,10,10
data/processed/train/genuine/original_13_13.png,data/processed/train/forged/forgeries_13_8.png,0,skilled_forgery,13,13
data/processed/train/genuine/original_7_14.png,data/processed/train/forged/forgeries_7_5.png,0,skilled_forgery,7,7
data/processed/train/genuine/original_1_3.png,data/processed/train/genuine/original_1_9.png,1,genuine_genuine,1,1
data/processed/train/genuine/original_16_5.png,data/processed/train/genuine/original_26_23.png,0,random_forgery,16,26
data/processed/train/genuine/original_15_3.png,data/processed/train/genuine/original_15_7.png,1,genuine_genuine,15,15
data/processed/train/genuine/original_7_12.png,data/processed/train/forged/forgeries_7_19.png,0,skilled_forgery,7,7
data/processed/train/genuine/original_12_2.png,data/processed/train/genuine/original_12_23.png,1,genuine_genuine,12,12
data/processed/train/genuine/original_23_11.png,data/processed/train/genuine/original_23_7.png,1,genuine_genuine,23,23
data/processed/validation/genuine/original_43_22.png,data/processed/validation/forged/forgeries_43_22.png,0,skilled_forgery,43,43
data/processed/train/genuine/original_6_19.png,data/processed/train/genuine/original_6_7.png,1,genuine_genuine,6,6
data/processed/train/genuine/original_7_23.png,data/processed/train/genuine/original_17_22.png,0,random_forgery,7,17
data/processed/validation/genuine/original_37_10.png,data/processed/validation/genuine/original_37_14.png,1,genuine_genuine,37,37
data/processed/validation/genuine/original_38_6.png,data/processed/validation/forged/forgeries_38_17.png,0,skilled_forgery,38,38
data/processed/train/genuine/original_2_12.png,data/processed/train/genuine/original_2_5.png,1,genuine_genuine,2,2
data/processed/validation/genuine/original_43_9.png,data/processed/validation/forged/forgeries_43_14.png,0,skilled_forgery,43,43
data/processed/train/genuine/original_27_12.png,data/processed/train/genuine/original_27_24.png,1,genuine_genuine,27,27
data/processed/validation/genuine/original_42_5.png,data/processed/validation/forged/forgeries_42_22.png,0,skilled_forgery,42,42
data/processed/validation/genuine/original_37_14.png,data/processed/validation/forged/forgeries_37_10.png,0,skilled_forgery,37,37
data/processed/train/genuine/original_12_11.png,data/processed/train/genuine/original_12_21.png,1,genuine_genuine,12,12
data/processed/train/genuine/original_16_10.png,data/processed/train/genuine/original_16_19.png,1,genuine_genuine,16,16
data/processed/train/genuine/original_12_19.png,data/processed/train/genuine/original_10_9.png,0,random_forgery,12,10
data/processed/validation/genuine/original_40_15.png,data/processed/validation/genuine/original_40_20.png,1,genuine_genuine,40,40
data/processed/train/genuine/original_3_20.png,data/processed/train/genuine/original_3_6.png,1,genuine_genuine,3,3
data/processed/validation/genuine/original_39_1.png,data/processed/validation/genuine/original_39_2.png,1,genuine_genuine,39,39
data/processed/validation/genuine/original_42_24.png,data/processed/train/genuine/original_23_13.png,0,random_forgery,42,23
data/processed/train/genuine/original_13_1.png,data/processed/train/genuine/original_13_15.png,1,genuine_genuine,13,13
data/processed/train/genuine/original_26_9.png,data/processed/validation/genuine/original_40_18.png,0,random_forgery,26,40
data/processed/train/genuine/original_12_21.png,data/processed/validation/genuine/original_38_24.png,0,random_forgery,12,38
data/processed/train/genuine/original_21_9.png,data/processed/train/forged/forgeries_21_2.png,0,skilled_forgery,21,21
data/processed/validation/genuine/original_42_24.png,data/processed/validation/genuine/original_42_6.png,1,genuine_genuine,42,42
data/processed/train/genuine/original_16_24.png,data/processed/train/forged/forgeries_16_13.png,0,skilled_forgery,16,16
data/processed/validation/genuine/original_37_21.png,data/processed/validation/genuine/original_37_7.png,1,genuine_genuine,37,37
data/processed/train/genuine/original_1_14.png,data/processed/train/genuine/original_15_24.png,0,random_forgery,1,15
data/processed/train/genuine/original_17_12.png,data/processed/train/genuine/original_1_19.png,0,random_forgery,17,1
data/processed/train/genuine/original_3_11.png,data/processed/train/genuine/original_3_3.png,1,genuine_genuine,3,3
data/processed/train/genuine/original_16_20.png,data/processed/train/genuine/original_23_1.png,0,random_forgery,16,23
data/processed/train/genuine/original_11_4.png,data/processed/train/genuine/original_11_9.png,1,genuine_genuine,11,11
data/processed/train/genuine/original_4_16.png,data/processed/train/genuine/original_4_22.png,1,genuine_genuine,4,4
data/processed/validation/genuine/original_38_1.png,data/processed/validation/genuine/original_38_10.png,1,genuine_genuine,38,38
data/processed/train/genuine/original_24_15.png,data/processed/train/genuine/original_24_21.png,1,genuine_genuine,24,24
data/processed/train/genuine/original_14_10.png,data/processed/train/genuine/original_14_3.png,1,genuine_genuine,14,14
data/processed/validation/genuine/original_43_18.png,data/processed/validation/genuine/original_43_20.png,1,genuine_genuine,43,43
data/processed/train/genuine/original_11_4.png,data/processed/train/genuine/original_11_8.png,1,genuine_genuine,11,11
data/processed/validation/genuine/original_40_2.png,data/processed/train/genuine/original_23_2.png,0,random_forgery,40,23
data/processed/train/genuine/original_21_2.png,data/processed/train/forged/forgeries_21_7.png,0,skilled_forgery,21,21
data/processed/validation/genuine/original_45_18.png,data/processed/validation/genuine/original_45_5.png,1,genuine_genuine,45,45
data/processed/validation/genuine/original_40_14.png,data/processed/validation/genuine/original_40_16.png,1,genuine_genuine,40,40
data/processed/train/genuine/original_9_18.png,data/processed/train/forged/forgeries_9_11.png,0,skilled_forgery,9,9
data/processed/validation/genuine/original_43_16.png,data/processed/validation/genuine/original_43_17.png,1,genuine_genuine,43,43
data/processed/validation/genuine/original_40_22.png,data/processed/validation/forged/forgeries_40_9.png,0,skilled_forgery,40,40
data/processed/train/genuine/original_16_16.png,data/processed/train/genuine/original_2_15.png,0,random_forgery,16,2
data/processed/validation/genuine/original_44_13.png,data/processed/validation/forged/forgeries_44_8.png,0,skilled_forgery,44,44
data/processed/train/genuine/original_26_19.png,data/processed/train/genuine/original_1_12.png,0,random_forgery,26,1
data/processed/train/genuine/original_21_3.png,data/processed/train/genuine/original_21_9.png,1,genuine_genuine,21,21
data/processed/train/genuine/original_27_13.png,data/processed/train/forged/forgeries_27_7.png,0,skilled_forgery,27,27
data/processed/validation/genuine/original_41_14.png,data/processed/validation/genuine/original_41_18.png,1,genuine_genuine,41,41
data/processed/train/genuine/original_9_19.png,data/processed/train/forged/forgeries_9_6.png,0,skilled_forgery,9,9
data/processed/validation/genuine/original_45_1.png,data/processed/validation/genuine/original_45_3.png,1,genuine_genuine,45,45
data/processed/train/genuine/original_7_17.png,data/processed/train/genuine/original_7_7.png,1,genuine_genuine,7,7
data/processed/train/genuine/original_7_12.png,data/processed/train/genuine/original_7_17.png,1,genuine_genuine,7,7
data/processed/validation/genuine/original_45_12.png,data/processed/validation/genuine/original_45_19.png,1,genuine_genuine,45,45
data/processed/train/genuine/original_22_14.png,data/processed/train/forged/forgeries_22_3.png,0,skilled_forgery,22,22
data/processed/train/genuine/original_23_10.png,data/processed/train/genuine/original_23_14.png,1,genuine_genuine,23,23
data/processed/train/genuine/original_25_14.png,data/processed/train/forged/forgeries_25_22.png,0,skilled_forgery,25,25
data/processed/train/genuine/original_23_2.png,data/processed/train/forged/forgeries_23_10.png,0,skilled_forgery,23,23
data/processed/validation/genuine/original_41_11.png,data/processed/validation/forged/forgeries_41_22.png,0,skilled_forgery,41,41
data/processed/train/genuine/original_10_3.png,data/processed/train/forged/forgeries_10_11.png,0,skilled_forgery,10,10
data/processed/train/genuine/original_6_17.png,data/processed/train/genuine/original_6_9.png,1,genuine_genuine,6,6
data/processed/train/genuine/original_19_17.png,data/processed/train/genuine/original_26_21.png,0,random_forgery,19,26
data/processed/validation/genuine/original_45_2.png,data/processed/validation/forged/forgeries_45_18.png,0,skilled_forgery,45,45
data/processed/train/genuine/original_6_13.png,data/processed/train/genuine/original_6_7.png,1,genuine_genuine,6,6
data/processed/validation/genuine/original_38_16.png,data/processed/validation/genuine/original_38_6.png,1,genuine_genuine,38,38
data/processed/train/genuine/original_13_19.png,data/processed/train/forged/forgeries_13_14.png,0,skilled_forgery,13,13
data/processed/train/genuine/original_16_9.png,data/processed/train/genuine/original_25_15.png,0,random_forgery,16,25
data/processed/validation/genuine/original_37_15.png,data/processed/validation/genuine/original_37_9.png,1,genuine_genuine,37,37
data/processed/train/genuine/original_14_24.png,data/processed/train/genuine/original_14_7.png,1,genuine_genuine,14,14
data/processed/train/genuine/original_18_12.png,data/processed/train/genuine/original_18_13.png,1,genuine_genuine,18,18
data/processed/train/genuine/original_27_11.png,data/processed/train/forged/forgeries_27_9.png,0,skilled_forgery,27,27
data/processed/validation/genuine/original_40_19.png,data/processed/validation/forged/forgeries_40_22.png,0,skilled_forgery,40,40
data/processed/train/genuine/original_9_14.png,data/processed/train/forged/forgeries_9_13.png,0,skilled_forgery,9,9
data/processed/train/genuine/original_15_23.png,data/processed/train/genuine/original_23_16.png,0,random_forgery,15,23
data/processed/train/genuine/original_8_17.png,data/processed/train/genuine/original_8_24.png,1,genuine_genuine,8,8
data/processed/train/genuine/original_24_12.png,data/processed/validation/genuine/original_42_23.png,0,random_forgery,24,42
data/processed/train/genuine/original_4_2.png,data/processed/train/genuine/original_4_7.png,1,genuine_genuine,4,4
data/processed/validation/genuine/original_38_13.png,data/processed/validation/genuine/original_38_20.png,1,genuine_genuine,38,38
data/processed/train/genuine/original_16_21.png,data/processed/train/forged/forgeries_16_12.png,0,skilled_forgery,16,16
data/processed/validation/genuine/original_37_14.png,data/processed/validation/forged/forgeries_37_22.png,0,skilled_forgery,37,37
data/processed/validation/genuine/original_44_1.png,data/processed/validation/genuine/original_44_13.png,1,genuine_genuine,44,44
data/processed/train/genuine/original_20_7.png,data/processed/train/forged/forgeries_20_24.png,0,skilled_forgery,20,20
data/processed/train/genuine/original_4_14.png,data/processed/train/genuine/original_4_2.png,1,genuine_genuine,4,4
data/processed/train/genuine/original_4_2.png,data/processed/train/genuine/original_4_3.png,1,genuine_genuine,4,4
data/processed/train/genuine/original_10_15.png,data/processed/train/genuine/original_10_6.png,1,genuine_genuine,10,10
data/processed/train/genuine/original_12_12.png,data/processed/train/genuine/original_12_4.png,1,genuine_genuine,12,12
data/processed/train/genuine/original_24_18.png,data/processed/train/genuine/original_24_4.png,1,genuine_genuine,24,24
data/processed/train/genuine/original_23_13.png,data/processed/train/forged/forgeries_23_7.png,0,skilled_forgery,23,23
data/processed/train/genuine/original_7_5.png,data/processed/train/genuine/original_7_7.png,1,genuine_genuine,7,7
data/processed/train/genuine/original_20_5.png,data/processed/train/genuine/original_20_8.png,1,genuine_genuine,20,20
data/processed/train/genuine/original_17_19.png,data/processed/train/genuine/original_17_3.png,1,genuine_genuine,17,17
data/processed/train/genuine/original_4_16.png,data/processed/train/genuine/original_18_8.png,0,random_forgery,4,18
data/processed/validation/genuine/original_43_15.png,data/processed/validation/genuine/original_38_16.png,0,random_forgery,43,38
data/processed/validation/genuine/original_44_1.png,data/processed/train/genuine/original_12_18.png,0,random_forgery,44,12
data/processed/train/genuine/original_3_9.png,data/processed/train/forged/forgeries_3_3.png,0,skilled_forgery,3,3
data/processed/validation/genuine/original_37_1.png,data/processed/validation/genuine/original_37_6.png,1,genuine_genuine,37,37
data/processed/train/genuine/original_27_20.png,data/processed/train/genuine/original_27_22.png,1,genuine_genuine,27,27
data/processed/train/genuine/original_15_10.png,data/processed/train/forged/forgeries_15_8.png,0,skilled_forgery,15,15
data/processed/train/genuine/original_2_12.png,data/processed/train/forged/forgeries_2_5.png,0,skilled_forgery,2,2
data/processed/train/genuine/original_15_16.png,data/processed/train/forged/forgeries_15_2.png,0,skilled_forgery,15,15
data/processed/validation/genuine/original_45_22.png,data/processed/validation/forged/forgeries_45_2.png,0,skilled_forgery,45,45
data/processed/train/genuine/original_7_1.png,data/processed/train/genuine/original_17_10.png,0,random_forgery,7,17
data/processed/train/genuine/original_5_12.png,data/processed/validation/genuine/original_45_24.png,0,random_forgery,5,45
data/processed/train/genuine/original_20_19.png,data/processed/train/forged/forgeries_20_3.png,0,skilled_forgery,20,20
data/processed/validation/genuine/original_39_23.png,data/processed/train/genuine/original_4_3.png,0,random_forgery,39,4
data/processed/train/genuine/original_13_11.png,data/processed/train/genuine/original_13_13.png,1,genuine_genuine,13,13
data/processed/train/genuine/original_4_19.png,data/processed/train/genuine/original_4_7.png,1,genuine_genuine,4,4
data/processed/train/genuine/original_12_1.png,data/processed/train/forged/forgeries_12_17.png,0,skilled_forgery,12,12
data/processed/train/genuine/original_7_11.png,data/processed/train/genuine/original_7_6.png,1,genuine_genuine,7,7
data/processed/validation/genuine/original_42_13.png,data/processed/validation/forged/forgeries_42_5.png,0,skilled_forgery,42,42
data/processed/validation/genuine/original_42_2.png,data/processed/validation/genuine/original_45_16.png,0,random_forgery,42,45
data/processed/train/genuine/original_4_12.png,data/processed/train/forged/forgeries_4_19.png,0,skilled_forgery,4,4
data/processed/validation/genuine/original_44_20.png,data/processed/validation/genuine/original_44_6.png,1,genuine_genuine,44,44
data/processed/train/genuine/original_9_17.png,data/processed/train/genuine/original_9_24.png,1,genuine_genuine,9,9
data/processed/validation/genuine/original_40_21.png,data/processed/validation/genuine/original_40_5.png,1,genuine_genuine,40,40
data/processed/train/genuine/original_15_14.png,data/processed/train/genuine/original_15_21.png,1,genuine_genuine,15,15
data/processed/train/genuine/original_17_17.png,data/processed/train/genuine/original_17_5.png,1,genuine_genuine,17,17
data/processed/train/genuine/original_21_8.png,data/processed/train/genuine/original_16_14.png,0,random_forgery,21,16
data/processed/train/genuine/original_7_6.png,data/processed/train/forged/forgeries_7_17.png,0,skilled_forgery,7,7
data/processed/train/genuine/original_24_15.png,data/processed/train/genuine/original_24_23.png,1,genuine_genuine,24,24
data/processed/train/genuine/original_6_15.png,data/processed/train/genuine/original_6_24.png,1,genuine_genuine,6,6
data/processed/validation/genuine/original_39_21.png,data/processed/validation/forged/forgeries_39_23.png,0,skilled_forgery,39,39
data/processed/train/genuine/original_5_5.png,data/processed/train/forged/forgeries_5_9.png,0,skilled_forgery,5,5
data/processed/train/genuine/original_23_5.png,data/processed/train/forged/forgeries_23_7.png,0,skilled_forgery,23,23
data/processed/train/genuine/original_5_16.png,data/processed/train/genuine/original_5_18.png,1,genuine_genuine,5,5
data/processed/validation/genuine/original_42_17.png,data/processed/validation/genuine/original_42_22.png,1,genuine_genuine,42,42
data/processed/train/genuine/original_5_22.png,data/processed/train/genuine/original_12_20.png,0,random_forgery,5,12
data/processed/train/genuine/original_14_24.png,data/processed/train/genuine/original_14_6.png,1,genuine_genuine,14,14
data/processed/train/genuine/original_9_6.png,data/processed/train/genuine/original_9_9.png,1,genuine_genuine,9,9
data/processed/train/genuine/original_2_11.png,data/processed/validation/genuine/original_42_6.png,0,random_forgery,2,42
data/processed/train/genuine/original_26_13.png,data/processed/train/forged/forgeries_26_5.png,0,skilled_forgery,26,26
data/processed/train/genuine/original_1_3.png,data/processed/train/forged/forgeries_1_13.png,0,skilled_forgery,1,1
data/processed/train/genuine/original_26_13.png,data/processed/train/genuine/original_26_19.png,1,genuine_genuine,26,26
data/processed/train/genuine/original_15_20.png,data/processed/train/forged/forgeries_15_20.png,0,skilled_forgery,15,15
data/processed/train/genuine/original_27_14.png,data/processed/train/genuine/original_27_22.png,1,genuine_genuine,27,27
data/processed/validation/genuine/original_38_14.png,data/processed/validation/genuine/original_38_4.png,1,genuine_genuine,38,38
data/processed/validation/genuine/original_39_10.png,data/processed/validation/genuine/original_39_16.png,1,genuine_genuine,39,39
data/processed/train/genuine/original_22_18.png,data/processed/train/genuine/original_23_23.png,0,random_forgery,22,23
data/processed/validation/genuine/original_41_21.png,data/processed/validation/genuine/original_41_3.png,1,genuine_genuine,41,41
data/processed/train/genuine/original_5_11.png,data/processed/train/genuine/original_5_23.png,1,genuine_genuine,5,5
data/processed/validation/genuine/original_43_12.png,data/processed/train/genuine/original_8_16.png,0,random_forgery,43,8
data/processed/train/genuine/original_22_21.png,data/processed/train/forged/forgeries_22_5.png,0,skilled_forgery,22,22
data/processed/validation/genuine/original_41_1.png,data/processed/validation/forged/forgeries_41_3.png,0,skilled_forgery,41,41
data/processed/train/genuine/original_18_21.png,data/processed/train/forged/forgeries_18_6.png,0,skilled_forgery,18,18
data/processed/validation/genuine/original_38_11.png,data/processed/validation/genuine/original_38_22.png,1,genuine_genuine,38,38
data/processed/train/genuine/original_18_15.png,data/processed/train/genuine/original_18_24.png,1,genuine_genuine,18,18
data/processed/train/genuine/original_23_8.png,data/processed/train/forged/forgeries_23_7.png,0,skilled_forgery,23,23
data/processed/train/genuine/original_24_12.png,data/processed/train/genuine/original_12_14.png,0,random_forgery,24,12
data/processed/train/genuine/original_15_12.png,data/processed/train/forged/forgeries_15_18.png,0,skilled_forgery,15,15
data/processed/train/genuine/original_16_21.png,data/processed/train/forged/forgeries_16_16.png,0,skilled_forgery,16,16
data/processed/train/genuine/original_15_14.png,data/processed/train/genuine/original_15_3.png,1,genuine_genuine,15,15
data/processed/train/genuine/original_24_7.png,data/processed/train/forged/forgeries_24_22.png,0,skilled_forgery,24,24
data/processed/train/genuine/original_13_16.png,data/processed/train/genuine/original_13_20.png,1,genuine_genuine,13,13
data/processed/train/genuine/original_20_18.png,data/processed/train/forged/forgeries_20_23.png,0,skilled_forgery,20,20
data/processed/validation/genuine/original_41_2.png,data/processed/train/genuine/original_2_12.png,0,random_forgery,41,2
data/processed/validation/genuine/original_38_12.png,data/processed/validation/genuine/original_38_22.png,1,genuine_genuine,38,38
data/processed/validation/genuine/original_37_21.png,data/processed/validation/genuine/original_42_19.png,0,random_forgery,37,42
data/processed/train/genuine/original_21_17.png,data/processed/train/genuine/original_21_19.png,1,genuine_genuine,21,21
data/processed/train/genuine/original_12_22.png,data/processed/train/genuine/original_11_3.png,0,random_forgery,12,11
data/processed/train/genuine/original_3_19.png,data/processed/train/genuine/original_3_9.png,1,genuine_genuine,3,3
data/processed/train/genuine/original_11_3.png,data/processed/train/forged/forgeries_11_17.png,0,skilled_forgery,11,11
data/processed/train/genuine/original_16_18.png,data/processed/train/forged/forgeries_16_6.png,0,skilled_forgery,16,16
data/processed/validation/genuine/original_40_13.png,data/processed/validation/genuine/original_40_8.png,1,genuine_genuine,40,40
data/processed/train/genuine/original_22_6.png,data/processed/train/genuine/original_22_7.png,1,genuine_genuine,22,22
data/processed/validation/genuine/original_44_23.png,data/processed/validation/forged/forgeries_44_7.png,0,skilled_forgery,44,44
data/processed/validation/genuine/original_40_11.png,data/processed/validation/genuine/original_40_5.png,1,genuine_genuine,40,40
data/processed/validation/genuine/original_42_17.png,data/processed/validation/genuine/original_42_23.png,1,genuine_genuine,42,42
data/processed/train/genuine/original_5_12.png,data/processed/train/genuine/original_5_24.png,1,genuine_genuine,5,5
data/processed/validation/genuine/original_38_18.png,data/processed/validation/forged/forgeries_38_24.png,0,skilled_forgery,38,38
data/processed/validation/genuine/original_41_19.png,data/processed/validation/forged/forgeries_41_4.png,0,skilled_forgery,41,41
data/processed/train/genuine/original_19_19.png,data/processed/train/genuine/original_19_6.png,1,genuine_genuine,19,19
data/processed/train/genuine/original_7_1.png,data/processed/train/genuine/original_7_7.png,1,genuine_genuine,7,7
data/processed/train/genuine/original_12_21.png,data/processed/train/genuine/original_12_23.png,1,genuine_genuine,12,12
data/processed/train/genuine/original_26_10.png,data/processed/train/genuine/original_26_16.png,1,genuine_genuine,26,26
data/processed/train/genuine/original_8_13.png,data/processed/train/genuine/original_8_16.png,1,genuine_genuine,8,8
data/processed/train/genuine/original_1_16.png,data/processed/train/genuine/original_1_24.png,1,genuine_genuine,1,1
data/processed/validation/genuine/original_44_23.png,data/processed/validation/forged/forgeries_44_10.png,0,skilled_forgery,44,44
data/processed/train/genuine/original_9_24.png,data/processed/train/genuine/original_27_13.png,0,random_forgery,9,27
data/processed/train/genuine/original_3_10.png,data/processed/train/genuine/original_3_3.png,1,genuine_genuine,3,3
data/processed/validation/genuine/original_38_20.png,data/processed/train/genuine/original_22_4.png,0,random_forgery,38,22
data/processed/validation/genuine/original_39_18.png,data/processed/validation/genuine/original_39_4.png,1,genuine_genuine,39,39
data/processed/train/genuine/original_22_18.png,data/processed/train/genuine/original_22_20.png,1,genuine_genuine,22,22
data/processed/validation/genuine/original_39_23.png,data/processed/train/genuine/original_16_21.png,0,random_forgery,39,16
data/processed/train/genuine/original_18_5.png,data/processed/train/forged/forgeries_18_4.png,0,skilled_forgery,18,18
data/processed/train/genuine/original_5_15.png,data/processed/train/genuine/original_5_7.png,1,genuine_genuine,5,5
data/processed/train/genuine/original_17_23.png,data/processed/train/forged/forgeries_17_13.png,0,skilled_forgery,17,17
data/processed/train/genuine/original_27_12.png,data/processed/train/genuine/original_27_8.png,1,genuine_genuine,27,27
data/processed/train/genuine/original_21_13.png,data/processed/train/genuine/original_21_16.png,1,genuine_genuine,21,21
data/processed/train/genuine/original_3_14.png,data/processed/train/genuine/original_3_16.png,1,genuine_genuine,3,3
data/processed/train/genuine/original_6_11.png,data/processed/train/genuine/original_6_14.png,1,genuine_genuine,6,6
data/processed/train/genuine/original_12_14.png,data/processed/train/forged/forgeries_12_17.png,0,skilled_forgery,12,12
data/processed/train/genuine/original_16_22.png,data/processed/train/forged/forgeries_16_2.png,0,skilled_forgery,16,16
data/processed/train/genuine/original_13_22.png,data/processed/train/genuine/original_13_4.png,1,genuine_genuine,13,13
data/processed/train/genuine/original_5_2.png,data/processed/train/genuine/original_5_3.png,1,genuine_genuine,5,5
data/processed/validation/genuine/original_37_6.png,data/processed/train/genuine/original_7_18.png,0,random_forgery,37,7
data/processed/validation/genuine/original_45_15.png,data/processed/train/genuine/original_14_4.png,0,random_forgery,45,14
data/processed/validation/genuine/original_39_21.png,data/processed/validation/genuine/original_39_8.png,1,genuine_genuine,39,39
data/processed/validation/genuine/original_38_11.png,data/processed/validation/genuine/original_38_7.png,1,genuine_genuine,38,38
data/processed/train/genuine/original_22_15.png,data/processed/train/genuine/original_22_24.png,1,genuine_genuine,22,22
data/processed/train/genuine/original_21_3.png,data/processed/train/genuine/original_21_8.png,1,genuine_genuine,21,21
data/processed/validation/genuine/original_41_13.png,data/processed/validation/forged/forgeries_41_7.png,0,skilled_forgery,41,41
data/processed/validation/genuine/original_37_23.png,data/processed/validation/genuine/original_37_5.png,1,genuine_genuine,37,37
data/processed/train/genuine/original_24_23.png,data/processed/train/forged/forgeries_24_18.png,0,skilled_forgery,24,24
data/processed/validation/genuine/original_38_24.png,data/processed/validation/forged/forgeries_38_16.png,0,skilled_forgery,38,38
data/processed/train/genuine/original_3_20.png,data/processed/train/genuine/original_3_3.png,1,genuine_genuine,3,3
data/processed/train/genuine/original_6_3.png,data/processed/train/genuine/original_6_9.png,1,genuine_genuine,6,6
data/processed/train/genuine/original_1_11.png,data/processed/train/genuine/original_1_21.png,1,genuine_genuine,1,1
data/processed/train/genuine/original_10_9.png,data/processed/train/forged/forgeries_10_8.png,0,skilled_forgery,10,10
data/processed/train/genuine/original_12_17.png,data/processed/train/forged/forgeries_12_7.png,0,skilled_forgery,12,12
data/processed/validation/genuine/original_44_9.png,data/processed/validation/forged/forgeries_44_24.png,0,skilled_forgery,44,44
data/processed/train/genuine/original_16_15.png,data/processed/train/genuine/original_17_16.png,0,random_forgery,16,17
data/processed/validation/genuine/original_45_13.png,data/processed/validation/forged/forgeries_45_6.png,0,skilled_forgery,45,45
data/processed/train/genuine/original_4_10.png,data/processed/train/genuine/original_4_24.png,1,genuine_genuine,4,4
data/processed/validation/genuine/original_42_13.png,data/processed/validation/forged/forgeries_42_17.png,0,skilled_forgery,42,42
data/processed/train/genuine/original_10_10.png,data/processed/train/genuine/original_10_3.png,1,genuine_genuine,10,10
data/processed/train/genuine/original_23_3.png,data/processed/train/forged/forgeries_23_5.png,0,skilled_forgery,23,23
data/processed/train/genuine/original_23_23.png,data/processed/train/genuine/original_23_3.png,1,genuine_genuine,23,23
data/processed/train/genuine/original_20_22.png,data/processed/train/forged/forgeries_20_9.png,0,skilled_forgery,20,20
data/processed/train/genuine/original_8_13.png,data/processed/train/forged/forgeries_8_2.png,0,skilled_forgery,8,8
data/processed/validation/genuine/original_43_14.png,data/processed/validation/genuine/original_43_16.png,1,genuine_genuine,43,43
data/processed/train/genuine/original_10_1.png,data/processed/train/genuine/original_10_12.png,1,genuine_genuine,10,10
data/processed/train/genuine/original_12_17.png,data/processed/train/genuine/original_1_2.png,0,random_forgery,12,1
data/processed/train/genuine/original_1_18.png,data/processed/train/genuine/original_1_9.png,1,genuine_genuine,1,1
data/processed/validation/genuine/original_45_20.png,data/processed/train/genuine/original_5_21.png,0,random_forgery,45,5
data/processed/train/genuine/original_26_20.png,data/processed/train/genuine/original_26_5.png,1,genuine_genuine,26,26
data/processed/validation/genuine/original_44_22.png,data/processed/train/genuine/original_12_7.png,0,random_forgery,44,12
data/processed/train/genuine/original_23_14.png,data/processed/train/genuine/original_23_15.png,1,genuine_genuine,23,23
data/processed/train/genuine/original_25_12.png,data/processed/train/genuine/original_25_15.png,1,genuine_genuine,25,25
data/processed/train/genuine/original_10_18.png,data/processed/train/genuine/original_10_20.png,1,genuine_genuine,10,10
data/processed/validation/genuine/original_38_14.png,data/processed/validation/forged/forgeries_38_1.png,0,skilled_forgery,38,38
data/processed/train/genuine/original_12_3.png,data/processed/train/genuine/original_12_6.png,1,genuine_genuine,12,12
data/processed/train/genuine/original_20_14.png,data/processed/train/genuine/original_20_16.png,1,genuine_genuine,20,20
data/processed/train/genuine/original_9_16.png,data/processed/train/genuine/original_6_23.png,0,random_forgery,9,6
data/processed/train/genuine/original_13_14.png,data/processed/train/genuine/original_13_2.png,1,genuine_genuine,13,13
data/processed/train/genuine/original_27_12.png,data/processed/train/genuine/original_27_14.png,1,genuine_genuine,27,27
data/processed/train/genuine/original_25_16.png,data/processed/train/genuine/original_25_19.png,1,genuine_genuine,25,25
data/processed/train/genuine/original_5_11.png,data/processed/train/genuine/original_27_1.png,0,random_forgery,5,27
data/processed/train/genuine/original_6_21.png,data/processed/train/forged/forgeries_6_20.png,0,skilled_forgery,6,6
data/processed/train/genuine/original_2_13.png,data/processed/train/genuine/original_2_7.png,1,genuine_genuine,2,2
data/processed/train/genuine/original_7_11.png,data/processed/train/genuine/original_24_4.png,0,random_forgery,7,24
data/processed/train/genuine/original_19_17.png,data/processed/train/genuine/original_19_22.png,1,genuine_genuine,19,19
data/processed/train/genuine/original_8_1.png,data/processed/train/genuine/original_8_22.png,1,genuine_genuine,8,8
data/processed/train/genuine/original_24_11.png,data/processed/train/genuine/original_24_14.png,1,genuine_genuine,24,24
data/processed/train/genuine/original_13_5.png,data/processed/train/genuine/original_13_7.png,1,genuine_genuine,13,13
data/processed/train/genuine/original_6_6.png,data/processed/train/forged/forgeries_6_6.png,0,skilled_forgery,6,6
data/processed/train/genuine/original_26_20.png,data/processed/validation/genuine/original_38_5.png,0,random_forgery,26,38
data/processed/train/genuine/original_19_11.png,data/processed/train/forged/forgeries_19_6.png,0,skilled_forgery,19,19
data/processed/train/genuine/original_11_18.png,data/processed/train/forged/forgeries_11_21.png,0,skilled_forgery,11,11
data/processed/train/genuine/original_22_21.png,data/processed/train/genuine/original_22_6.png,1,genuine_genuine,22,22
data/processed/train/genuine/original_4_21.png,data/processed/train/genuine/original_4_8.png,1,genuine_genuine,4,4
data/processed/validation/genuine/original_38_12.png,data/processed/validation/genuine/original_38_16.png,1,genuine_genuine,38,38
data/processed/train/genuine/original_14_5.png,data/processed/train/forged/forgeries_14_5.png,0,skilled_forgery,14,14
data/processed/train/genuine/original_2_9.png,data/processed/train/forged/forgeries_2_13.png,0,skilled_forgery,2,2
data/processed/train/genuine/original_12_19.png,data/processed/train/genuine/original_12_4.png,1,genuine_genuine,12,12
data/processed/train/genuine/original_17_18.png,data/processed/train/genuine/original_17_8.png,1,genuine_genuine,17,17
data/processed/train/genuine/original_9_13.png,data/processed/train/genuine/original_9_14.png,1,genuine_genuine,9,9
data/processed/train/genuine/original_21_13.png,data/processed/train/genuine/original_21_18.png,1,genuine_genuine,21,21
data/processed/train/genuine/original_3_7.png,data/processed/train/forged/forgeries_3_17.png,0,skilled_forgery,3,3
data/processed/validation/genuine/original_43_22.png,data/processed/validation/forged/forgeries_43_8.png,0,skilled_forgery,43,43
data/processed/train/genuine/original_2_16.png,data/processed/train/genuine/original_27_22.png,0,random_forgery,2,27
data/processed/validation/genuine/original_43_23.png,data/processed/validation/forged/forgeries_43_6.png,0,skilled_forgery,43,43
data/processed/train/genuine/original_3_4.png,data/processed/train/forged/forgeries_3_19.png,0,skilled_forgery,3,3
data/processed/train/genuine/original_10_20.png,data/processed/train/genuine/original_12_22.png,0,random_forgery,10,12
data/processed/train/genuine/original_5_1.png,data/processed/train/forged/forgeries_5_10.png,0,skilled_forgery,5,5
data/processed/train/genuine/original_4_17.png,data/processed/train/forged/forgeries_4_16.png,0,skilled_forgery,4,4
data/processed/validation/genuine/original_41_9.png,data/processed/validation/forged/forgeries_41_21.png,0,skilled_forgery,41,41
data/processed/train/genuine/original_27_22.png,data/processed/train/forged/forgeries_27_12.png,0,skilled_forgery,27,27
data/processed/train/genuine/original_26_11.png,data/processed/train/genuine/original_26_3.png,1,genuine_genuine,26,26
data/processed/train/genuine/original_27_5.png,data/processed/validation/genuine/original_41_17.png,0,random_forgery,27,41
data/processed/train/genuine/original_2_18.png,data/processed/train/forged/forgeries_2_23.png,0,skilled_forgery,2,2
data/processed/train/genuine/original_2_19.png,data/processed/train/forged/forgeries_2_14.png,0,skilled_forgery,2,2
data/processed/train/genuine/original_7_1.png,data/processed/train/genuine/original_7_22.png,1,genuine_genuine,7,7
data/processed/validation/genuine/original_40_15.png,data/processed/validation/forged/forgeries_40_4.png,0,skilled_forgery,40,40
data/processed/train/genuine/original_14_18.png,data/processed/train/genuine/original_8_3.png,0,random_forgery,14,8
data/processed/train/genuine/original_7_16.png,data/processed/train/forged/forgeries_7_17.png,0,skilled_forgery,7,7
data/processed/train/genuine/original_23_17.png,data/processed/train/genuine/original_21_2.png,0,random_forgery,23,21
data/processed/train/genuine/original_24_1.png,data/processed/train/genuine/original_15_9.png,0,random_forgery,24,15
data/processed/validation/genuine/original_43_17.png,data/processed/validation/forged/forgeries_43_24.png,0,skilled_forgery,43,43
data/processed/train/genuine/original_27_9.png,data/processed/train/genuine/original_26_17.png,0,random_forgery,27,26
data/processed/validation/genuine/original_38_13.png,data/processed/validation/genuine/original_38_7.png,1,genuine_genuine,38,38
data/processed/validation/genuine/original_42_12.png,data/processed/validation/genuine/original_42_20.png,1,genuine_genuine,42,42
data/processed/validation/genuine/original_44_21.png,data/processed/validation/genuine/original_44_23.png,1,genuine_genuine,44,44
data/processed/train/genuine/original_9_24.png,data/processed/train/genuine/original_9_3.png,1,genuine_genuine,9,9
data/processed/train/genuine/original_7_4.png,data/processed/train/forged/forgeries_7_15.png,0,skilled_forgery,7,7
data/processed/train/genuine/original_22_24.png,data/processed/train/forged/forgeries_22_7.png,0,skilled_forgery,22,22
data/processed/train/genuine/original_2_1.png,data/processed/train/genuine/original_2_9.png,1,genuine_genuine,2,2
data/processed/train/genuine/original_19_14.png,data/processed/train/forged/forgeries_19_23.png,0,skilled_forgery,19,19
data/processed/train/genuine/original_8_20.png,data/processed/validation/genuine/original_42_3.png,0,random_forgery,8,42
data/processed/validation/genuine/original_38_21.png,data/processed/validation/genuine/original_38_3.png,1,genuine_genuine,38,38
data/processed/train/genuine/original_16_11.png,data/processed/train/forged/forgeries_16_22.png,0,skilled_forgery,16,16
data/processed/train/genuine/original_16_6.png,data/processed/validation/genuine/original_41_3.png,0,random_forgery,16,41
data/processed/train/genuine/original_24_2.png,data/processed/train/genuine/original_24_5.png,1,genuine_genuine,24,24
data/processed/train/genuine/original_14_11.png,data/processed/train/genuine/original_9_11.png,0,random_forgery,14,9
data/processed/train/genuine/original_22_20.png,data/processed/train/forged/forgeries_22_22.png,0,skilled_forgery,22,22
data/processed/validation/genuine/original_43_8.png,data/processed/train/genuine/original_27_16.png,0,random_forgery,43,27
data/processed/validation/genuine/original_38_7.png,data/processed/validation/forged/forgeries_38_20.png,0,skilled_forgery,38,38
data/processed/validation/genuine/original_43_14.png,data/processed/validation/genuine/original_43_9.png,1,genuine_genuine,43,43
data/processed/train/genuine/original_12_24.png,data/processed/validation/genuine/original_42_12.png,0,random_forgery,12,42
data/processed/train/genuine/original_12_5.png,data/processed/train/genuine/original_8_5.png,0,random_forgery,12,8
data/processed/train/genuine/original_17_9.png,data/processed/train/genuine/original_3_12.png,0,random_forgery,17,3
data/processed/train/genuine/original_10_11.png,data/processed/train/genuine/original_10_24.png,1,genuine_genuine,10,10
data/processed/train/genuine/original_10_21.png,data/processed/train/forged/forgeries_10_14.png,0,skilled_forgery,10,10
data/processed/train/genuine/original_18_6.png,data/processed/train/forged/forgeries_18_5.png,0,skilled_forgery,18,18
data/processed/train/genuine/original_24_22.png,data/processed/train/genuine/original_11_19.png,0,random_forgery,24,11
data/processed/train/genuine/original_16_20.png,data/processed/train/forged/forgeries_16_21.png,0,skilled_forgery,16,16
data/processed/train/genuine/original_16_19.png,data/processed/train/forged/forgeries_16_21.png,0,skilled_forgery,16,16
data/processed/validation/genuine/original_44_7.png,data/processed/train/genuine/original_5_12.png,0,random_forgery,44,5
data/processed/validation/genuine/original_40_14.png,data/processed/validation/genuine/original_40_23.png,1,genuine_genuine,40,40
data/processed/train/genuine/original_6_20.png,data/processed/train/genuine/original_6_21.png,1,genuine_genuine,6,6
data/processed/validation/genuine/original_40_17.png,data/processed/validation/genuine/original_40_18.png,1,genuine_genuine,40,40
data/processed/train/genuine/original_18_18.png,data/processed/train/genuine/original_18_21.png,1,genuine_genuine,18,18
data/processed/train/genuine/original_15_21.png,data/processed/train/genuine/original_15_22.png,1,genuine_genuine,15,15
data/processed/validation/genuine/original_42_17.png,data/processed/validation/genuine/original_42_18.png,1,genuine_genuine,42,42
data/processed/train/genuine/original_16_10.png,data/processed/train/genuine/original_16_7.png,1,genuine_genuine,16,16
data/processed/train/genuine/original_18_18.png,data/processed/train/genuine/original_18_20.png,1,genuine_genuine,18,18
data/processed/train/genuine/original_14_2.png,data/processed/train/genuine/original_14_8.png,1,genuine_genuine,14,14
data/processed/train/genuine/original_16_12.png,data/processed/train/forged/forgeries_16_17.png,0,skilled_forgery,16,16
data/processed/train/genuine/original_17_16.png,data/processed/train/genuine/original_17_21.png,1,genuine_genuine,17,17
data/processed/train/genuine/original_26_14.png,data/processed/train/genuine/original_26_20.png,1,genuine_genuine,26,26
data/processed/train/genuine/original_23_4.png,data/processed/train/forged/forgeries_23_16.png,0,skilled_forgery,23,23
data/processed/train/genuine/original_18_7.png,data/processed/train/forged/forgeries_18_9.png,0,skilled_forgery,18,18
data/processed/train/genuine/original_14_5.png,data/processed/train/genuine/original_14_7.png,1,genuine_genuine,14,14
data/processed/train/genuine/original_13_10.png,data/processed/train/genuine/original_13_22.png,1,genuine_genuine,13,13
data/processed/validation/genuine/original_42_10.png,data/processed/validation/genuine/original_42_16.png,1,genuine_genuine,42,42
data/processed/train/genuine/original_27_20.png,data/processed/train/genuine/original_27_23.png,1,genuine_genuine,27,27
data/processed/validation/genuine/original_39_1.png,data/processed/validation/genuine/original_39_17.png,1,genuine_genuine,39,39
data/processed/validation/genuine/original_45_6.png,data/processed/validation/forged/forgeries_45_11.png,0,skilled_forgery,45,45
data/processed/train/genuine/original_8_5.png,data/processed/train/forged/forgeries_8_11.png,0,skilled_forgery,8,8
data/processed/train/genuine/original_17_17.png,data/processed/train/genuine/original_5_16.png,0,random_forgery,17,5
data/processed/train/genuine/original_12_16.png,data/processed/train/genuine/original_12_24.png,1,genuine_genuine,12,12
data/processed/train/genuine/original_14_1.png,data/processed/train/forged/forgeries_14_8.png,0,skilled_forgery,14,14
data/processed/train/genuine/original_5_5.png,data/processed/train/genuine/original_5_7.png,1,genuine_genuine,5,5
data/processed/train/genuine/original_11_11.png,data/processed/train/genuine/original_11_19.png,1,genuine_genuine,11,11
data/processed/train/genuine/original_5_7.png,data/processed/train/forged/forgeries_5_17.png,0,skilled_forgery,5,5
data/processed/train/genuine/original_13_6.png,data/processed/train/forged/forgeries_13_21.png,0,skilled_forgery,13,13
data/processed/validation/genuine/original_40_13.png,data/processed/validation/genuine/original_40_19.png,1,genuine_genuine,40,40
data/processed/validation/genuine/original_38_15.png,data/processed/validation/genuine/original_38_8.png,1,genuine_genuine,38,38
data/processed/train/genuine/original_6_23.png,data/processed/train/genuine/original_6_9.png,1,genuine_genuine,6,6
data/processed/train/genuine/original_12_19.png,data/processed/train/genuine/original_15_20.png,0,random_forgery,12,15
data/processed/validation/genuine/original_39_18.png,data/processed/validation/genuine/original_39_2.png,1,genuine_genuine,39,39
data/processed/train/genuine/original_19_19.png,data/processed/train/forged/forgeries_19_12.png,0,skilled_forgery,19,19
data/processed/validation/genuine/original_37_13.png,data/processed/validation/genuine/original_37_8.png,1,genuine_genuine,37,37
data/processed/train/genuine/original_6_13.png,data/processed/train/forged/forgeries_6_18.png,0,skilled_forgery,6,6
data/processed/train/genuine/original_3_13.png,data/processed/train/genuine/original_3_23.png,1,genuine_genuine,3,3
data/processed/train/genuine/original_10_13.png,data/processed/train/genuine/original_10_16.png,1,genuine_genuine,10,10
data/processed/train/genuine/original_12_1.png,data/processed/train/genuine/original_12_23.png,1,genuine_genuine,12,12
data/processed/train/genuine/original_15_5.png,data/processed/train/forged/forgeries_15_12.png,0,skilled_forgery,15,15
data/processed/validation/genuine/original_43_15.png,data/processed/train/genuine/original_6_17.png,0,random_forgery,43,6
data/processed/validation/genuine/original_44_14.png,data/processed/validation/forged/forgeries_44_19.png,0,skilled_forgery,44,44
data/processed/validation/genuine/original_40_20.png,data/processed/validation/forged/forgeries_40_13.png,0,skilled_forgery,40,40
data/processed/train/genuine/original_5_7.png,data/processed/train/forged/forgeries_5_23.png,0,skilled_forgery,5,5
data/processed/train/genuine/original_2_14.png,data/processed/train/forged/forgeries_2_9.png,0,skilled_forgery,2,2
data/processed/train/genuine/original_16_12.png,data/processed/train/genuine/original_16_5.png,1,genuine_genuine,16,16
data/processed/train/genuine/original_22_11.png,data/processed/train/genuine/original_22_9.png,1,genuine_genuine,22,22
data/processed/train/genuine/original_11_16.png,data/processed/train/genuine/original_11_22.png,1,genuine_genuine,11,11
data/processed/train/genuine/original_14_24.png,data/processed/train/forged/forgeries_14_18.png,0,skilled_forgery,14,14
data/processed/train/genuine/original_3_21.png,data/processed/validation/genuine/original_37_8.png,0,random_forgery,3,37
data/processed/train/genuine/original_24_3.png,data/processed/train/forged/forgeries_24_10.png,0,skilled_forgery,24,24
data/processed/train/genuine/original_15_17.png,data/processed/train/genuine/original_8_20.png,0,random_forgery,15,8
data/processed/train/genuine/original_5_7.png,data/processed/train/forged/forgeries_5_16.png,0,skilled_forgery,5,5
data/processed/validation/genuine/original_41_10.png,data/processed/validation/genuine/original_41_24.png,1,genuine_genuine,41,41
data/processed/train/genuine/original_26_11.png,data/processed/train/genuine/original_26_12.png,1,genuine_genuine,26,26
data/processed/validation/genuine/original_38_12.png,data/processed/train/genuine/original_14_15.png,0,random_forgery,38,14
data/processed/train/genuine/original_6_20.png,data/processed/train/forged/forgeries_6_17.png,0,skilled_forgery,6,6
data/processed/validation/genuine/original_37_11.png,data/processed/validation/forged/forgeries_37_23.png,0,skilled_forgery,37,37
data/processed/train/genuine/original_18_20.png,data/processed/train/genuine/original_18_5.png,1,genuine_genuine,18,18
data/processed/train/genuine/original_13_8.png,data/processed/validation/genuine/original_42_14.png,0,random_forgery,13,42
data/processed/validation/genuine/original_45_21.png,data/processed/validation/genuine/original_45_5.png,1,genuine_genuine,45,45
data/processed/validation/genuine/original_38_14.png,data/processed/validation/genuine/original_38_22.png,1,genuine_genuine,38,38
data/processed/validation/genuine/original_40_1.png,data/processed/validation/genuine/original_40_4.png,1,genuine_genuine,40,40
data/processed/train/genuine/original_16_21.png,data/processed/train/genuine/original_16_9.png,1,genuine_genuine,16,16
data/processed/train/genuine/original_10_21.png,data/processed/train/genuine/original_10_24.png,1,genuine_genuine,10,10
data/processed/validation/genuine/original_39_20.png,data/processed/validation/genuine/original_39_24.png,1,genuine_genuine,39,39
data/processed/train/genuine/original_20_1.png,data/processed/train/genuine/original_20_20.png,1,genuine_genuine,20,20
data/processed/validation/genuine/original_39_1.png,data/processed/train/genuine/original_4_9.png,0,random_forgery,39,4
data/processed/train/genuine/original_12_14.png,data/processed/train/genuine/original_12_15.png,1,genuine_genuine,12,12
data/processed/validation/genuine/original_40_2.png,data/processed/validation/genuine/original_40_8.png,1,genuine_genuine,40,40
data/processed/train/genuine/original_2_20.png,data/processed/train/genuine/original_2_7.png,1,genuine_genuine,2,2
data/processed/train/genuine/original_24_18.png,data/processed/train/genuine/original_24_5.png,1,genuine_genuine,24,24
data/processed/validation/genuine/original_37_11.png,data/processed/validation/forged/forgeries_37_13.png,0,skilled_forgery,37,37
data/processed/train/genuine/original_4_6.png,data/processed/train/forged/forgeries_4_23.png,0,skilled_forgery,4,4
data/processed/train/genuine/original_9_6.png,data/processed/train/genuine/original_24_17.png,0,random_forgery,9,24
data/processed/train/genuine/original_17_6.png,data/processed/validation/genuine/original_37_23.png,0,random_forgery,17,37
data/processed/validation/genuine/original_43_20.png,data/processed/validation/forged/forgeries_43_8.png,0,skilled_forgery,43,43
data/processed/train/genuine/original_12_17.png,data/processed/train/genuine/original_12_22.png,1,genuine_genuine,12,12
data/processed/train/genuine/original_20_16.png,data/processed/train/forged/forgeries_20_7.png,0,skilled_forgery,20,20
data/processed/train/genuine/original_26_24.png,data/processed/train/forged/forgeries_26_3.png,0,skilled_forgery,26,26
data/processed/train/genuine/original_23_11.png,data/processed/train/forged/forgeries_23_21.png,0,skilled_forgery,23,23
data/processed/train/genuine/original_16_21.png,data/processed/train/genuine/original_23_11.png,0,random_forgery,16,23
data/processed/validation/genuine/original_44_18.png,data/processed/validation/genuine/original_44_20.png,1,genuine_genuine,44,44
data/processed/train/genuine/original_23_2.png,data/processed/train/genuine/original_23_9.png,1,genuine_genuine,23,23
data/processed/train/genuine/original_5_18.png,data/processed/train/genuine/original_5_23.png,1,genuine_genuine,5,5
data/processed/validation/genuine/original_41_21.png,data/processed/train/genuine/original_24_12.png,0,random_forgery,41,24
data/processed/validation/genuine/original_39_17.png,data/processed/validation/genuine/original_39_5.png,1,genuine_genuine,39,39
data/processed/validation/genuine/original_45_13.png,data/processed/validation/genuine/original_45_21.png,1,genuine_genuine,45,45
data/processed/train/genuine/original_4_13.png,data/processed/validation/genuine/original_37_3.png,0,random_forgery,4,37
data/processed/train/genuine/original_13_6.png,data/processed/train/forged/forgeries_13_6.png,0,skilled_forgery,13,13
data/processed/train/genuine/original_15_14.png,data/processed/train/genuine/original_7_11.png,0,random_forgery,15,7
data/processed/train/genuine/original_11_23.png,data/processed/train/forged/forgeries_11_5.png,0,skilled_forgery,11,11
data/processed/train/genuine/original_12_12.png,data/processed/train/forged/forgeries_12_11.png,0,skilled_forgery,12,12
data/processed/train/genuine/original_1_7.png,data/processed/train/forged/forgeries_1_3.png,0,skilled_forgery,1,1
data/processed/train/genuine/original_7_3.png,data/processed/train/genuine/original_6_8.png,0,random_forgery,7,6
data/processed/train/genuine/original_7_14.png,data/processed/train/genuine/original_7_20.png,1,genuine_genuine,7,7
data/processed/train/genuine/original_2_18.png,data/processed/train/genuine/original_2_22.png,1,genuine_genuine,2,2
data/processed/train/genuine/original_21_10.png,data/processed/train/genuine/original_21_18.png,1,genuine_genuine,21,21
data/processed/train/genuine/original_24_21.png,data/processed/train/genuine/original_24_24.png,1,genuine_genuine,24,24
data/processed/train/genuine/original_10_23.png,data/processed/train/genuine/original_10_6.png,1,genuine_genuine,10,10
data/processed/train/genuine/original_18_11.png,data/processed/train/genuine/original_18_7.png,1,genuine_genuine,18,18
data/processed/validation/genuine/original_44_24.png,data/processed/validation/genuine/original_43_8.png,0,random_forgery,44,43
data/processed/train/genuine/original_11_16.png,data/processed/train/forged/forgeries_11_23.png,0,skilled_forgery,11,11
data/processed/validation/genuine/original_39_13.png,data/processed/validation/genuine/original_39_18.png,1,genuine_genuine,39,39
data/processed/train/genuine/original_2_13.png,data/processed/train/forged/forgeries_2_3.png,0,skilled_forgery,2,2
data/processed/train/genuine/original_14_13.png,data/processed/train/forged/forgeries_14_11.png,0,skilled_forgery,14,14
data/processed/train/genuine/original_18_13.png,data/processed/train/genuine/original_18_17.png,1,genuine_genuine,18,18
data/processed/train/genuine/original_15_11.png,data/processed/train/forged/forgeries_15_2.png,0,skilled_forgery,15,15
data/processed/train/genuine/original_5_24.png,data/processed/train/genuine/original_9_22.png,0,random_forgery,5,9
data/processed/train/genuine/original_1_1.png,data/processed/train/genuine/original_1_11.png,1,genuine_genuine,1,1
data/processed/train/genuine/original_8_19.png,data/processed/train/genuine/original_8_5.png,1,genuine_genuine,8,8
data/processed/train/genuine/original_26_16.png,data/processed/train/genuine/original_3_10.png,0,random_forgery,26,3
data/processed/train/genuine/original_4_1.png,data/processed/train/genuine/original_4_21.png,1,genuine_genuine,4,4
data/processed/validation/genuine/original_39_10.png,data/processed/validation/forged/forgeries_39_1.png,0,skilled_forgery,39,39
data/processed/train/genuine/original_2_11.png,data/processed/train/genuine/original_2_17.png,1,genuine_genuine,2,2
data/processed/train/genuine/original_4_10.png,data/processed/train/genuine/original_4_2.png,1,genuine_genuine,4,4
data/processed/validation/genuine/original_38_3.png,data/processed/train/genuine/original_24_19.png,0,random_forgery,38,24
data/processed/train/genuine/original_3_18.png,data/processed/train/genuine/original_3_6.png,1,genuine_genuine,3,3
data/processed/train/genuine/original_3_9.png,data/processed/train/genuine/original_22_12.png,0,random_forgery,3,22
data/processed/train/genuine/original_24_11.png,data/processed/train/forged/forgeries_24_21.png,0,skilled_forgery,24,24
data/processed/validation/genuine/original_41_11.png,data/processed/validation/genuine/original_41_21.png,1,genuine_genuine,41,41
data/processed/train/genuine/original_23_11.png,data/processed/train/genuine/original_23_8.png,1,genuine_genuine,23,23
data/processed/validation/genuine/original_45_1.png,data/processed/validation/genuine/original_45_24.png,1,genuine_genuine,45,45
data/processed/train/genuine/original_25_9.png,data/processed/train/forged/forgeries_25_2.png,0,skilled_forgery,25,25
data/processed/train/genuine/original_24_12.png,data/processed/train/genuine/original_24_21.png,1,genuine_genuine,24,24
data/processed/validation/genuine/original_42_18.png,data/processed/train/genuine/original_3_17.png,0,random_forgery,42,3
data/processed/validation/genuine/original_41_11.png,data/processed/validation/genuine/original_41_4.png,1,genuine_genuine,41,41
data/processed/train/genuine/original_11_1.png,data/processed/train/genuine/original_11_5.png,1,genuine_genuine,11,11
data/processed/validation/genuine/original_38_5.png,data/processed/validation/forged/forgeries_38_6.png,0,skilled_forgery,38,38
data/processed/train/genuine/original_18_24.png,data/processed/train/genuine/original_11_1.png,0,random_forgery,18,11
data/processed/train/genuine/original_25_3.png,data/processed/train/forged/forgeries_25_1.png,0,skilled_forgery,25,25
data/processed/train/genuine/original_19_20.png,data/processed/train/genuine/original_19_21.png,1,genuine_genuine,19,19
data/processed/validation/genuine/original_42_4.png,data/processed/validation/forged/forgeries_42_15.png,0,skilled_forgery,42,42
data/processed/train/genuine/original_10_19.png,data/processed/train/genuine/original_2_1.png,0,random_forgery,10,2
data/processed/train/genuine/original_12_20.png,data/processed/train/forged/forgeries_12_17.png,0,skilled_forgery,12,12
data/processed/train/genuine/original_15_15.png,data/processed/train/forged/forgeries_15_1.png,0,skilled_forgery,15,15
data/processed/train/genuine/original_18_23.png,data/processed/train/forged/forgeries_18_19.png,0,skilled_forgery,18,18
data/processed/train/genuine/original_10_2.png,data/processed/train/genuine/original_10_6.png,1,genuine_genuine,10,10
data/processed/train/genuine/original_6_20.png,data/processed/train/genuine/original_6_8.png,1,genuine_genuine,6,6
data/processed/validation/genuine/original_45_19.png,data/processed/validation/genuine/original_45_3.png,1,genuine_genuine,45,45
data/processed/train/genuine/original_20_3.png,data/processed/train/genuine/original_20_5.png,1,genuine_genuine,20,20
data/processed/train/genuine/original_5_2.png,data/processed/train/forged/forgeries_5_7.png,0,skilled_forgery,5,5
data/processed/train/genuine/original_15_14.png,data/processed/train/genuine/original_15_8.png,1,genuine_genuine,15,15
data/processed/validation/genuine/original_37_15.png,data/processed/validation/forged/forgeries_37_8.png,0,skilled_forgery,37,37
data/processed/train/genuine/original_7_14.png,data/processed/validation/genuine/original_45_2.png,0,random_forgery,7,45
data/processed/train/genuine/original_1_17.png,data/processed/train/genuine/original_1_19.png,1,genuine_genuine,1,1
data/processed/train/genuine/original_11_15.png,data/processed/train/genuine/original_11_3.png,1,genuine_genuine,11,11
data/processed/train/genuine/original_15_16.png,data/processed/train/genuine/original_1_5.png,0,random_forgery,15,1
data/processed/train/genuine/original_14_11.png,data/processed/train/genuine/original_14_24.png,1,genuine_genuine,14,14
data/processed/train/genuine/original_22_15.png,data/processed/train/genuine/original_22_6.png,1,genuine_genuine,22,22
data/processed/train/genuine/original_19_4.png,data/processed/train/forged/forgeries_19_2.png,0,skilled_forgery,19,19
data/processed/train/genuine/original_21_12.png,data/processed/train/genuine/original_21_9.png,1,genuine_genuine,21,21
data/processed/train/genuine/original_5_17.png,data/processed/train/genuine/original_5_23.png,1,genuine_genuine,5,5
data/processed/train/genuine/original_5_19.png,data/processed/train/genuine/original_5_8.png,1,genuine_genuine,5,5
data/processed/validation/genuine/original_44_15.png,data/processed/validation/forged/forgeries_44_6.png,0,skilled_forgery,44,44
data/processed/train/genuine/original_2_2.png,data/processed/train/genuine/original_2_7.png,1,genuine_genuine,2,2
data/processed/train/genuine/original_6_20.png,data/processed/train/genuine/original_23_15.png,0,random_forgery,6,23
data/processed/train/genuine/original_2_11.png,data/processed/train/genuine/original_2_7.png,1,genuine_genuine,2,2
data/processed/train/genuine/original_10_13.png,data/processed/train/genuine/original_10_19.png,1,genuine_genuine,10,10
data/processed/train/genuine/original_2_17.png,data/processed/train/genuine/original_2_9.png,1,genuine_genuine,2,2
data/processed/train/genuine/original_26_22.png,data/processed/train/genuine/original_1_6.png,0,random_forgery,26,1
data/processed/train/genuine/original_21_12.png,data/processed/train/genuine/original_21_15.png,1,genuine_genuine,21,21
data/processed/validation/genuine/original_45_6.png,data/processed/validation/forged/forgeries_45_24.png,0,skilled_forgery,45,45
data/processed/train/genuine/original_17_23.png,data/processed/train/forged/forgeries_17_14.png,0,skilled_forgery,17,17
data/processed/train/genuine/original_6_12.png,data/processed/train/genuine/original_6_9.png,1,genuine_genuine,6,6
data/processed/validation/genuine/original_43_19.png,data/processed/validation/genuine/original_43_3.png,1,genuine_genuine,43,43
data/processed/train/genuine/original_3_23.png,data/processed/train/genuine/original_12_3.png,0,random_forgery,3,12
data/processed/train/genuine/original_6_13.png,data/processed/train/genuine/original_13_8.png,0,random_forgery,6,13
data/processed/train/genuine/original_7_15.png,data/processed/train/forged/forgeries_7_24.png,0,skilled_forgery,7,7
data/processed/validation/genuine/original_38_14.png,data/processed/validation/genuine/original_38_24.png,1,genuine_genuine,38,38
data/processed/train/genuine/original_27_13.png,data/processed/train/genuine/original_27_17.png,1,genuine_genuine,27,27
data/processed/train/genuine/original_4_14.png,data/processed/train/genuine/original_4_18.png,1,genuine_genuine,4,4
data/processed/validation/genuine/original_44_24.png,data/processed/validation/forged/forgeries_44_21.png,0,skilled_forgery,44,44
data/processed/train/genuine/original_7_1.png,data/processed/train/genuine/original_7_16.png,1,genuine_genuine,7,7
data/processed/train/genuine/original_12_23.png,data/processed/train/genuine/original_12_8.png,1,genuine_genuine,12,12
data/processed/validation/genuine/original_41_13.png,data/processed/train/genuine/original_10_6.png,0,random_forgery,41,10
data/processed/train/genuine/original_21_4.png,data/processed/train/forged/forgeries_21_19.png,0,skilled_forgery,21,21
data/processed/train/genuine/original_23_3.png,data/processed/train/forged/forgeries_23_10.png,0,skilled_forgery,23,23
data/processed/train/genuine/original_16_13.png,data/processed/train/genuine/original_16_19.png,1,genuine_genuine,16,16
data/processed/train/genuine/original_2_12.png,data/processed/train/forged/forgeries_2_17.png,0,skilled_forgery,2,2
data/processed/validation/genuine/original_44_1.png,data/processed/validation/genuine/original_44_12.png,1,genuine_genuine,44,44
data/processed/train/genuine/original_16_13.png,data/processed/train/genuine/original_16_4.png,1,genuine_genuine,16,16
data/processed/train/genuine/original_9_1.png,data/processed/train/genuine/original_9_24.png,1,genuine_genuine,9,9
data/processed/validation/genuine/original_37_12.png,data/processed/validation/forged/forgeries_37_11.png,0,skilled_forgery,37,37
data/processed/train/genuine/original_1_1.png,data/processed/train/genuine/original_1_7.png,1,genuine_genuine,1,1
data/processed/validation/genuine/original_41_22.png,data/processed/validation/genuine/original_41_6.png,1,genuine_genuine,41,41
data/processed/train/genuine/original_6_11.png,data/processed/train/genuine/original_6_24.png,1,genuine_genuine,6,6
data/processed/train/genuine/original_7_8.png,data/processed/validation/genuine/original_44_13.png,0,random_forgery,7,44
data/processed/validation/genuine/original_44_14.png,data/processed/validation/forged/forgeries_44_17.png,0,skilled_forgery,44,44
data/processed/train/genuine/original_8_10.png,data/processed/train/genuine/original_8_23.png,1,genuine_genuine,8,8
data/processed/train/genuine/original_14_16.png,data/processed/train/genuine/original_14_8.png,1,genuine_genuine,14,14
data/processed/validation/genuine/original_42_19.png,data/processed/train/genuine/original_26_18.png,0,random_forgery,42,26
data/processed/train/genuine/original_9_10.png,data/processed/train/genuine/original_9_20.png,1,genuine_genuine,9,9
data/processed/train/genuine/original_25_19.png,data/processed/train/genuine/original_25_20.png,1,genuine_genuine,25,25
data/processed/train/genuine/original_15_10.png,data/processed/train/genuine/original_15_13.png,1,genuine_genuine,15,15
data/processed/train/genuine/original_22_1.png,data/processed/train/genuine/original_22_7.png,1,genuine_genuine,22,22
data/processed/train/genuine/original_25_21.png,data/processed/train/genuine/original_25_22.png,1,genuine_genuine,25,25
data/processed/train/genuine/original_21_7.png,data/processed/train/forged/forgeries_21_22.png,0,skilled_forgery,21,21
data/processed/train/genuine/original_11_19.png,data/processed/validation/genuine/original_41_19.png,0,random_forgery,11,41
data/processed/validation/genuine/original_42_20.png,data/processed/train/genuine/original_19_2.png,0,random_forgery,42,19
data/processed/train/genuine/original_19_10.png,data/processed/train/genuine/original_19_21.png,1,genuine_genuine,19,19
data/processed/train/genuine/original_25_8.png,data/processed/train/forged/forgeries_25_12.png,0,skilled_forgery,25,25
data/processed/train/genuine/original_21_14.png,data/processed/train/forged/forgeries_21_21.png,0,skilled_forgery,21,21
data/processed/validation/genuine/original_38_9.png,data/processed/validation/forged/forgeries_38_24.png,0,skilled_forgery,38,38
data/processed/train/genuine/original_6_13.png,data/processed/train/genuine/original_6_5.png,1,genuine_genuine,6,6
data/processed/train/genuine/original_2_15.png,data/processed/train/forged/forgeries_2_3.png,0,skilled_forgery,2,2
data/processed/train/genuine/original_19_15.png,data/processed/train/genuine/original_26_24.png,0,random_forgery,19,26
data/processed/train/genuine/original_15_16.png,data/processed/train/genuine/original_15_19.png,1,genuine_genuine,15,15
data/processed/train/genuine/original_4_4.png,data/processed/train/genuine/original_4_8.png,1,genuine_genuine,4,4
data/processed/train/genuine/original_12_3.png,data/processed/train/genuine/original_6_19.png,0,random_forgery,12,6
data/processed/train/genuine/original_6_11.png,data/processed/train/genuine/original_24_20.png,0,random_forgery,6,24
data/processed/train/genuine/original_2_6.png,data/processed/train/genuine/original_2_8.png,1,genuine_genuine,2,2
data/processed/train/genuine/original_7_17.png,data/processed/train/genuine/original_6_14.png,0,random_forgery,7,6
data/processed/train/genuine/original_10_12.png,data/processed/validation/genuine/original_40_11.png,0,random_forgery,10,40
data/processed/train/genuine/original_25_15.png,data/processed/train/forged/forgeries_25_21.png,0,skilled_forgery,25,25
data/processed/train/genuine/original_5_14.png,data/processed/train/genuine/original_5_19.png,1,genuine_genuine,5,5
data/processed/train/genuine/original_6_16.png,data/processed/train/genuine/original_6_18.png,1,genuine_genuine,6,6
data/processed/train/genuine/original_16_8.png,data/processed/train/forged/forgeries_16_24.png,0,skilled_forgery,16,16
data/processed/train/genuine/original_4_19.png,data/processed/train/forged/forgeries_4_18.png,0,skilled_forgery,4,4
data/processed/train/genuine/original_22_3.png,data/processed/train/genuine/original_22_8.png,1,genuine_genuine,22,22
data/processed/train/genuine/original_27_18.png,data/processed/train/genuine/original_27_2.png,1,genuine_genuine,27,27
data/processed/train/genuine/original_9_13.png,data/processed/train/genuine/original_9_20.png,1,genuine_genuine,9,9
data/processed/train/genuine/original_2_12.png,data/processed/train/genuine/original_2_4.png,1,genuine_genuine,2,2
data/processed/train/genuine/original_11_21.png,data/processed/train/forged/forgeries_11_8.png,0,skilled_forgery,11,11
data/processed/train/genuine/original_3_12.png,data/processed/train/forged/forgeries_3_15.png,0,skilled_forgery,3,3
data/processed/validation/genuine/original_38_16.png,data/processed/validation/genuine/original_38_21.png,1,genuine_genuine,38,38
data/processed/train/genuine/original_3_24.png,data/processed/train/genuine/original_3_9.png,1,genuine_genuine,3,3
data/processed/validation/genuine/original_44_23.png,data/processed/validation/genuine/original_44_6.png,1,genuine_genuine,44,44
data/processed/train/genuine/original_13_23.png,data/processed/train/forged/forgeries_13_23.png,0,skilled_forgery,13,13
data/processed/validation/genuine/original_41_14.png,data/processed/validation/forged/forgeries_41_8.png,0,skilled_forgery,41,41
data/processed/train/genuine/original_26_1.png,data/processed/train/forged/forgeries_26_14.png,0,skilled_forgery,26,26
data/processed/validation/genuine/original_37_19.png,data/processed/validation/forged/forgeries_37_13.png,0,skilled_forgery,37,37
data/processed/validation/genuine/original_42_4.png,data/processed/validation/genuine/original_42_7.png,1,genuine_genuine,42,42
data/processed/train/genuine/original_6_13.png,data/processed/train/genuine/original_6_2.png,1,genuine_genuine,6,6
data/processed/train/genuine/original_23_2.png,data/processed/train/forged/forgeries_23_4.png,0,skilled_forgery,23,23
data/processed/train/genuine/original_25_18.png,data/processed/train/genuine/original_6_11.png,0,random_forgery,25,6
data/processed/train/genuine/original_11_21.png,data/processed/train/genuine/original_10_3.png,0,random_forgery,11,10
data/processed/train/genuine/original_12_19.png,data/processed/train/forged/forgeries_12_17.png,0,skilled_forgery,12,12
data/processed/train/genuine/original_24_23.png,data/processed/train/genuine/original_24_4.png,1,genuine_genuine,24,24
data/processed/train/genuine/original_8_14.png,data/processed/train/genuine/original_8_17.png,1,genuine_genuine,8,8
data/processed/train/genuine/original_14_11.png,data/processed/train/genuine/original_14_4.png,1,genuine_genuine,14,14
data/processed/train/genuine/original_3_11.png,data/processed/train/genuine/original_3_13.png,1,genuine_genuine,3,3
data/processed/train/genuine/original_15_16.png,data/processed/train/genuine/original_15_6.png,1,genuine_genuine,15,15
data/processed/validation/genuine/original_43_11.png,data/processed/validation/genuine/original_43_9.png,1,genuine_genuine,43,43
data/processed/validation/genuine/original_41_10.png,data/processed/train/genuine/original_2_20.png,0,random_forgery,41,2
data/processed/train/genuine/original_11_23.png,data/processed/train/genuine/original_11_3.png,1,genuine_genuine,11,11
data/processed/train/genuine/original_17_23.png,data/processed/train/genuine/original_17_3.png,1,genuine_genuine,17,17
data/processed/train/genuine/original_24_12.png,data/processed/train/genuine/original_24_20.png,1,genuine_genuine,24,24
data/processed/train/genuine/original_7_7.png,data/processed/train/genuine/original_3_17.png,0,random_forgery,7,3
data/processed/train/genuine/original_13_14.png,data/processed/train/forged/forgeries_13_10.png,0,skilled_forgery,13,13
data/processed/train/genuine/original_3_12.png,data/processed/train/forged/forgeries_3_1.png,0,skilled_forgery,3,3
data/processed/train/genuine/original_5_10.png,data/processed/train/forged/forgeries_5_8.png,0,skilled_forgery,5,5
data/processed/train/genuine/original_12_17.png,data/processed/train/forged/forgeries_12_18.png,0,skilled_forgery,12,12
data/processed/train/genuine/original_1_7.png,data/processed/train/genuine/original_1_9.png,1,genuine_genuine,1,1
data/processed/train/genuine/original_4_2.png,data/processed/train/genuine/original_4_20.png,1,genuine_genuine,4,4
data/processed/validation/genuine/original_40_3.png,data/processed/train/genuine/original_6_9.png,0,random_forgery,40,6
data/processed/train/genuine/original_13_16.png,data/processed/train/genuine/original_13_4.png,1,genuine_genuine,13,13
data/processed/train/genuine/original_2_15.png,data/processed/validation/genuine/original_43_8.png,0,random_forgery,2,43
data/processed/train/genuine/original_12_12.png,data/processed/train/genuine/original_12_16.png,1,genuine_genuine,12,12
data/processed/train/genuine/original_14_21.png,data/processed/train/genuine/original_14_24.png,1,genuine_genuine,14,14
data/processed/train/genuine/original_8_8.png,data/processed/train/forged/forgeries_8_8.png,0,skilled_forgery,8,8
data/processed/train/genuine/original_24_1.png,data/processed/train/genuine/original_24_8.png,1,genuine_genuine,24,24
data/processed/train/genuine/original_10_13.png,data/processed/train/genuine/original_20_3.png,0,random_forgery,10,20
data/processed/train/genuine/original_26_2.png,data/processed/train/genuine/original_23_3.png,0,random_forgery,26,23
data/processed/validation/genuine/original_42_10.png,data/processed/validation/forged/forgeries_42_7.png,0,skilled_forgery,42,42
data/processed/train/genuine/original_11_15.png,data/processed/train/forged/forgeries_11_13.png,0,skilled_forgery,11,11
data/processed/train/genuine/original_6_8.png,data/processed/train/genuine/original_20_3.png,0,random_forgery,6,20
data/processed/train/genuine/original_10_14.png,data/processed/train/forged/forgeries_10_19.png,0,skilled_forgery,10,10
data/processed/train/genuine/original_2_1.png,data/processed/train/forged/forgeries_2_22.png,0,skilled_forgery,2,2
data/processed/validation/genuine/original_42_10.png,data/processed/validation/forged/forgeries_42_13.png,0,skilled_forgery,42,42
data/processed/train/genuine/original_19_1.png,data/processed/train/genuine/original_8_7.png,0,random_forgery,19,8
data/processed/train/genuine/original_1_16.png,data/processed/train/genuine/original_1_7.png,1,genuine_genuine,1,1
data/processed/validation/genuine/original_45_14.png,data/processed/validation/genuine/original_45_5.png,1,genuine_genuine,45,45
data/processed/validation/genuine/original_42_14.png,data/processed/validation/forged/forgeries_42_14.png,0,skilled_forgery,42,42
data/processed/train/genuine/original_10_12.png,data/processed/validation/genuine/original_39_9.png,0,random_forgery,10,39
data/processed/train/genuine/original_6_18.png,data/processed/train/forged/forgeries_6_1.png,0,skilled_forgery,6,6
data/processed/train/genuine/original_24_11.png,data/processed/train/genuine/original_24_19.png,1,genuine_genuine,24,24
data/processed/train/genuine/original_3_10.png,data/processed/validation/genuine/original_37_5.png,0,random_forgery,3,37
data/processed/train/genuine/original_26_14.png,data/processed/train/genuine/original_26_8.png,1,genuine_genuine,26,26
data/processed/train/genuine/original_19_23.png,data/processed/train/forged/forgeries_19_14.png,0,skilled_forgery,19,19
data/processed/validation/genuine/original_39_7.png,data/processed/validation/genuine/original_39_9.png,1,genuine_genuine,39,39
data/processed/train/genuine/original_22_12.png,data/processed/train/genuine/original_22_15.png,1,genuine_genuine,22,22
data/processed/train/genuine/original_22_10.png,data/processed/train/genuine/original_22_7.png,1,genuine_genuine,22,22
data/processed/validation/genuine/original_41_18.png,data/processed/validation/genuine/original_41_22.png,1,genuine_genuine,41,41
data/processed/train/genuine/original_4_19.png,data/processed/train/genuine/original_4_22.png,1,genuine_genuine,4,4
data/processed/train/genuine/original_18_10.png,data/processed/train/genuine/original_20_17.png,0,random_forgery,18,20
data/processed/train/genuine/original_4_10.png,data/processed/validation/genuine/original_41_23.png,0,random_forgery,4,41
data/processed/train/genuine/original_26_21.png,data/processed/train/forged/forgeries_26_12.png,0,skilled_forgery,26,26
data/processed/train/genuine/original_10_23.png,data/processed/train/forged/forgeries_10_14.png,0,skilled_forgery,10,10
data/processed/train/genuine/original_23_18.png,data/processed/validation/genuine/original_37_13.png,0,random_forgery,23,37
data/processed/train/genuine/original_24_11.png,data/processed/validation/genuine/original_41_20.png,0,random_forgery,24,41
data/processed/train/genuine/original_16_20.png,data/processed/train/genuine/original_8_22.png,0,random_forgery,16,8
data/processed/train/genuine/original_22_1.png,data/processed/train/genuine/original_22_19.png,1,genuine_genuine,22,22
data/processed/train/genuine/original_14_1.png,data/processed/train/forged/forgeries_14_17.png,0,skilled_forgery,14,14
data/processed/validation/genuine/original_43_4.png,data/processed/train/genuine/original_7_15.png,0,random_forgery,43,7
data/processed/train/genuine/original_27_18.png,data/processed/train/genuine/original_27_9.png,1,genuine_genuine,27,27
data/processed/train/genuine/original_25_17.png,data/processed/train/genuine/original_25_4.png,1,genuine_genuine,25,25
data/processed/validation/genuine/original_37_24.png,data/processed/validation/genuine/original_37_3.png,1,genuine_genuine,37,37
data/processed/train/genuine/original_5_10.png,data/processed/train/genuine/original_25_19.png,0,random_forgery,5,25
data/processed/train/genuine/original_6_18.png,data/processed/train/forged/forgeries_6_13.png,0,skilled_forgery,6,6
data/processed/validation/genuine/original_42_19.png,data/processed/validation/genuine/original_42_6.png,1,genuine_genuine,42,42
data/processed/train/genuine/original_18_6.png,data/processed/train/forged/forgeries_18_10.png,0,skilled_forgery,18,18
data/processed/validation/genuine/original_42_20.png,data/processed/validation/genuine/original_37_23.png,0,random_forgery,42,37
data/processed/train/genuine/original_1_2.png,data/processed/train/forged/forgeries_1_15.png,0,skilled_forgery,1,1
data/processed/train/genuine/original_9_3.png,data/processed/train/forged/forgeries_9_16.png,0,skilled_forgery,9,9
data/processed/train/genuine/original_23_13.png,data/processed/train/genuine/original_23_18.png,1,genuine_genuine,23,23
data/processed/train/genuine/original_1_3.png,data/processed/train/genuine/original_1_5.png,1,genuine_genuine,1,1
data/processed/train/genuine/original_23_1.png,data/processed/train/genuine/original_23_17.png,1,genuine_genuine,23,23
data/processed/validation/genuine/original_39_21.png,data/processed/validation/genuine/original_39_3.png,1,genuine_genuine,39,39
data/processed/train/genuine/original_4_14.png,data/processed/train/genuine/original_4_15.png,1,genuine_genuine,4,4
data/processed/validation/genuine/original_37_11.png,data/processed/validation/genuine/original_37_23.png,1,genuine_genuine,37,37
data/processed/train/genuine/original_23_14.png,data/processed/train/genuine/original_23_21.png,1,genuine_genuine,23,23
data/processed/train/genuine/original_10_8.png,data/processed/train/forged/forgeries_10_21.png,0,skilled_forgery,10,10
data/processed/train/genuine/original_27_20.png,data/processed/train/genuine/original_20_12.png,0,random_forgery,27,20
data/processed/train/genuine/original_27_1.png,data/processed/train/forged/forgeries_27_14.png,0,skilled_forgery,27,27
data/processed/train/genuine/original_12_1.png,data/processed/train/genuine/original_12_19.png,1,genuine_genuine,12,12
data/processed/train/genuine/original_17_21.png,data/processed/train/forged/forgeries_17_9.png,0,skilled_forgery,17,17
data/processed/train/genuine/original_16_16.png,data/processed/train/forged/forgeries_16_8.png,0,skilled_forgery,16,16
data/processed/train/genuine/original_24_20.png,data/processed/train/genuine/original_24_22.png,1,genuine_genuine,24,24
data/processed/train/genuine/original_12_13.png,data/processed/train/genuine/original_12_18.png,1,genuine_genuine,12,12
data/processed/train/genuine/original_5_7.png,data/processed/train/forged/forgeries_5_7.png,0,skilled_forgery,5,5
data/processed/train/genuine/original_24_22.png,data/processed/train/forged/forgeries_24_11.png,0,skilled_forgery,24,24
data/processed/train/genuine/original_27_1.png,data/processed/train/genuine/original_27_13.png,1,genuine_genuine,27,27
data/processed/train/genuine/original_18_10.png,data/processed/train/genuine/original_18_24.png,1,genuine_genuine,18,18
data/processed/validation/genuine/original_42_17.png,data/processed/validation/genuine/original_42_6.png,1,genuine_genuine,42,42
data/processed/train/genuine/original_3_18.png,data/processed/train/genuine/original_3_9.png,1,genuine_genuine,3,3
data/processed/train/genuine/original_11_16.png,data/processed/train/forged/forgeries_11_3.png,0,skilled_forgery,11,11
data/processed/train/genuine/original_3_22.png,data/processed/train/forged/forgeries_3_2.png,0,skilled_forgery,3,3
data/processed/train/genuine/original_17_17.png,data/processed/train/genuine/original_17_22.png,1,genuine_genuine,17,17
data/processed/validation/genuine/original_39_23.png,data/processed/validation/forged/forgeries_39_4.png,0,skilled_forgery,39,39
data/processed/validation/genuine/original_39_19.png,data/processed/validation/forged/forgeries_39_13.png,0,skilled_forgery,39,39
data/processed/train/genuine/original_23_20.png,data/processed/train/forged/forgeries_23_20.png,0,skilled_forgery,23,23
data/processed/validation/genuine/original_40_17.png,data/processed/validation/forged/forgeries_40_11.png,0,skilled_forgery,40,40
data/processed/train/genuine/original_8_10.png,data/processed/train/genuine/original_8_3.png,1,genuine_genuine,8,8
data/processed/validation/genuine/original_43_21.png,data/processed/validation/forged/forgeries_43_14.png,0,skilled_forgery,43,43
data/processed/train/genuine/original_4_13.png,data/processed/train/forged/forgeries_4_6.png,0,skilled_forgery,4,4
data/processed/train/genuine/original_27_13.png,data/processed/train/genuine/original_27_9.png,1,genuine_genuine,27,27
data/processed/validation/genuine/original_45_13.png,data/processed/validation/genuine/original_45_23.png,1,genuine_genuine,45,45
data/processed/train/genuine/original_8_13.png,data/processed/train/genuine/original_8_21.png,1,genuine_genuine,8,8
data/processed/train/genuine/original_2_6.png,data/processed/train/genuine/original_2_7.png,1,genuine_genuine,2,2
data/processed/train/genuine/original_20_10.png,data/processed/train/genuine/original_20_9.png,1,genuine_genuine,20,20
data/processed/train/genuine/original_2_4.png,data/processed/train/genuine/original_10_11.png,0,random_forgery,2,10
data/processed/train/genuine/original_8_1.png,data/processed/train/genuine/original_8_24.png,1,genuine_genuine,8,8
data/processed/train/genuine/original_15_13.png,data/processed/train/genuine/original_15_15.png,1,genuine_genuine,15,15
data/processed/validation/genuine/original_37_3.png,data/processed/train/genuine/original_15_1.png,0,random_forgery,37,15
data/processed/train/genuine/original_13_15.png,data/processed/train/genuine/original_13_2.png,1,genuine_genuine,13,13
data/processed/validation/genuine/original_44_12.png,data/processed/validation/forged/forgeries_44_13.png,0,skilled_forgery,44,44
data/processed/validation/genuine/original_43_10.png,data/processed/validation/genuine/original_43_9.png,1,genuine_genuine,43,43
data/processed/train/genuine/original_21_19.png,data/processed/train/genuine/original_21_3.png,1,genuine_genuine,21,21
data/processed/train/genuine/original_17_8.png,data/processed/train/genuine/original_21_1.png,0,random_forgery,17,21
data/processed/train/genuine/original_20_13.png,data/processed/train/genuine/original_20_19.png,1,genuine_genuine,20,20
data/processed/train/genuine/original_27_23.png,data/processed/train/genuine/original_27_6.png,1,genuine_genuine,27,27
data/processed/train/genuine/original_3_13.png,data/processed/train/genuine/original_3_3.png,1,genuine_genuine,3,3
data/processed/train/genuine/original_12_1.png,data/processed/train/genuine/original_12_20.png,1,genuine_genuine,12,12
data/processed/train/genuine/original_9_23.png,data/processed/train/genuine/original_9_7.png,1,genuine_genuine,9,9
data/processed/validation/genuine/original_44_14.png,data/processed/validation/genuine/original_44_9.png,1,genuine_genuine,44,44
data/processed/train/genuine/original_4_11.png,data/processed/train/genuine/original_4_22.png,1,genuine_genuine,4,4
data/processed/train/genuine/original_11_10.png,data/processed/train/genuine/original_19_17.png,0,random_forgery,11,19
data/processed/validation/genuine/original_37_11.png,data/processed/validation/genuine/original_37_14.png,1,genuine_genuine,37,37
data/processed/validation/genuine/original_43_23.png,data/processed/train/genuine/original_3_5.png,0,random_forgery,43,3
data/processed/train/genuine/original_19_7.png,data/processed/train/genuine/original_24_8.png,0,random_forgery,19,24
data/processed/train/genuine/original_27_1.png,data/processed/train/genuine/original_7_3.png,0,random_forgery,27,7
data/processed/train/genuine/original_10_15.png,data/processed/train/genuine/original_10_24.png,1,genuine_genuine,10,10
data/processed/train/genuine/original_11_13.png,data/processed/train/genuine/original_11_18.png,1,genuine_genuine,11,11
data/processed/train/genuine/original_11_11.png,data/processed/train/genuine/original_11_16.png,1,genuine_genuine,11,11
data/processed/train/genuine/original_13_10.png,data/processed/train/genuine/original_13_19.png,1,genuine_genuine,13,13
data/processed/validation/genuine/original_40_12.png,data/processed/validation/genuine/original_40_19.png,1,genuine_genuine,40,40
data/processed/train/genuine/original_19_3.png,data/processed/train/genuine/original_19_8.png,1,genuine_genuine,19,19
data/processed/train/genuine/original_19_11.png,data/processed/train/genuine/original_19_15.png,1,genuine_genuine,19,19
data/processed/train/genuine/original_16_8.png,data/processed/train/forged/forgeries_16_15.png,0,skilled_forgery,16,16
data/processed/train/genuine/original_26_6.png,data/processed/train/genuine/original_20_15.png,0,random_forgery,26,20
data/processed/train/genuine/original_23_21.png,data/processed/train/forged/forgeries_23_16.png,0,skilled_forgery,23,23
data/processed/validation/genuine/original_42_10.png,data/processed/validation/genuine/original_42_2.png,1,genuine_genuine,42,42
data/processed/validation/genuine/original_44_10.png,data/processed/validation/genuine/original_44_3.png,1,genuine_genuine,44,44
data/processed/train/genuine/original_7_14.png,data/processed/train/genuine/original_4_20.png,0,random_forgery,7,4
data/processed/validation/genuine/original_43_24.png,data/processed/validation/forged/forgeries_43_16.png,0,skilled_forgery,43,43
data/processed/validation/genuine/original_39_14.png,data/processed/validation/genuine/original_39_18.png,1,genuine_genuine,39,39
data/processed/train/genuine/original_20_18.png,data/processed/train/genuine/original_20_6.png,1,genuine_genuine,20,20
data/processed/train/genuine/original_13_2.png,data/processed/train/genuine/original_13_7.png,1,genuine_genuine,13,13
data/processed/validation/genuine/original_41_24.png,data/processed/validation/genuine/original_41_6.png,1,genuine_genuine,41,41
data/processed/train/genuine/original_7_21.png,data/processed/train/genuine/original_14_24.png,0,random_forgery,7,14
data/processed/train/genuine/original_13_15.png,data/processed/train/genuine/original_13_7.png,1,genuine_genuine,13,13
data/processed/train/genuine/original_14_21.png,data/processed/train/genuine/original_1_19.png,0,random_forgery,14,1
data/processed/train/genuine/original_25_21.png,data/processed/validation/genuine/original_40_6.png,0,random_forgery,25,40
data/processed/train/genuine/original_9_2.png,data/processed/train/genuine/original_9_6.png,1,genuine_genuine,9,9
data/processed/train/genuine/original_13_16.png,data/processed/train/genuine/original_13_23.png,1,genuine_genuine,13,13
data/processed/validation/genuine/original_41_12.png,data/processed/validation/forged/forgeries_41_3.png,0,skilled_forgery,41,41
data/processed/train/genuine/original_16_7.png,data/processed/train/forged/forgeries_16_9.png,0,skilled_forgery,16,16
data/processed/train/genuine/original_19_3.png,data/processed/train/genuine/original_15_17.png,0,random_forgery,19,15
data/processed/validation/genuine/original_38_24.png,data/processed/validation/forged/forgeries_38_9.png,0,skilled_forgery,38,38
data/processed/validation/genuine/original_40_8.png,data/processed/validation/forged/forgeries_40_21.png,0,skilled_forgery,40,40
data/processed/train/genuine/original_26_13.png,data/processed/validation/genuine/original_44_8.png,0,random_forgery,26,44
data/processed/train/genuine/original_1_21.png,data/processed/train/genuine/original_24_24.png,0,random_forgery,1,24
data/processed/train/genuine/original_9_1.png,data/processed/train/genuine/original_9_20.png,1,genuine_genuine,9,9
data/processed/train/genuine/original_24_17.png,data/processed/train/genuine/original_24_9.png,1,genuine_genuine,24,24
data/processed/train/genuine/original_24_14.png,data/processed/train/genuine/original_24_2.png,1,genuine_genuine,24,24
data/processed/train/genuine/original_12_15.png,data/processed/train/genuine/original_12_24.png,1,genuine_genuine,12,12
data/processed/train/genuine/original_17_16.png,data/processed/train/forged/forgeries_17_24.png,0,skilled_forgery,17,17
data/processed/train/genuine/original_1_17.png,data/processed/train/genuine/original_1_9.png,1,genuine_genuine,1,1
data/processed/train/genuine/original_7_1.png,data/processed/train/genuine/original_7_3.png,1,genuine_genuine,7,7
data/processed/train/genuine/original_6_14.png,data/processed/train/genuine/original_6_8.png,1,genuine_genuine,6,6
data/processed/validation/genuine/original_44_12.png,data/processed/train/genuine/original_21_14.png,0,random_forgery,44,21
data/processed/train/genuine/original_26_17.png,data/processed/train/genuine/original_26_9.png,1,genuine_genuine,26,26
data/processed/train/genuine/original_15_2.png,data/processed/train/genuine/original_15_4.png,1,genuine_genuine,15,15
data/processed/train/genuine/original_25_23.png,data/processed/train/genuine/original_25_5.png,1,genuine_genuine,25,25
data/processed/train/genuine/original_13_1.png,data/processed/validation/genuine/original_45_22.png,0,random_forgery,13,45
data/processed/train/genuine/original_5_12.png,data/processed/train/genuine/original_5_17.png,1,genuine_genuine,5,5
data/processed/validation/genuine/original_41_22.png,data/processed/validation/genuine/original_41_9.png,1,genuine_genuine,41,41
data/processed/train/genuine/original_27_17.png,data/processed/train/genuine/original_27_18.png,1,genuine_genuine,27,27
data/processed/train/genuine/original_23_24.png,data/processed/train/forged/forgeries_23_7.png,0,skilled_forgery,23,23
data/processed/train/genuine/original_10_1.png,data/processed/train/genuine/original_10_23.png,1,genuine_genuine,10,10
data/processed/validation/genuine/original_43_18.png,data/processed/validation/forged/forgeries_43_12.png,0,skilled_forgery,43,43
data/processed/train/genuine/original_21_17.png,data/processed/train/forged/forgeries_21_15.png,0,skilled_forgery,21,21
data/processed/train/genuine/original_4_15.png,data/processed/train/genuine/original_4_9.png,1,genuine_genuine,4,4
data/processed/train/genuine/original_13_7.png,data/processed/train/genuine/original_7_2.png,0,random_forgery,13,7
data/processed/train/genuine/original_12_8.png,data/processed/train/forged/forgeries_12_2.png,0,skilled_forgery,12,12
data/processed/train/genuine/original_9_12.png,data/processed/train/genuine/original_16_1.png,0,random_forgery,9,16
data/processed/validation/genuine/original_44_16.png,data/processed/validation/genuine/original_44_23.png,1,genuine_genuine,44,44
data/processed/validation/genuine/original_42_10.png,data/processed/train/genuine/original_15_5.png,0,random_forgery,42,15
data/processed/train/genuine/original_10_11.png,data/processed/train/genuine/original_10_15.png,1,genuine_genuine,10,10
data/processed/train/genuine/original_5_16.png,data/processed/train/genuine/original_5_6.png,1,genuine_genuine,5,5
data/processed/train/genuine/original_24_6.png,data/processed/train/genuine/original_24_7.png,1,genuine_genuine,24,24
data/processed/train/genuine/original_20_18.png,data/processed/train/genuine/original_20_5.png,1,genuine_genuine,20,20
data/processed/validation/genuine/original_38_15.png,data/processed/train/genuine/original_16_3.png,0,random_forgery,38,16
data/processed/train/genuine/original_3_8.png,data/processed/train/genuine/original_3_9.png,1,genuine_genuine,3,3
data/processed/train/genuine/original_15_19.png,data/processed/train/genuine/original_15_23.png,1,genuine_genuine,15,15
data/processed/train/genuine/original_11_4.png,data/processed/train/genuine/original_11_6.png,1,genuine_genuine,11,11
data/processed/validation/genuine/original_40_3.png,data/processed/validation/genuine/original_45_5.png,0,random_forgery,40,45
data/processed/train/genuine/original_9_4.png,data/processed/train/forged/forgeries_9_5.png,0,skilled_forgery,9,9
data/processed/train/genuine/original_17_13.png,data/processed/train/genuine/original_17_7.png,1,genuine_genuine,17,17
data/processed/train/genuine/original_11_13.png,data/processed/train/genuine/original_5_9.png,0,random_forgery,11,5
data/processed/train/genuine/original_20_1.png,data/processed/train/forged/forgeries_20_7.png,0,skilled_forgery,20,20
data/processed/validation/genuine/original_39_14.png,data/processed/train/genuine/original_13_22.png,0,random_forgery,39,13
data/processed/validation/genuine/original_37_18.png,data/processed/validation/genuine/original_37_4.png,1,genuine_genuine,37,37
data/processed/train/genuine/original_16_4.png,data/processed/train/genuine/original_16_5.png,1,genuine_genuine,16,16
data/processed/train/genuine/original_20_18.png,data/processed/train/genuine/original_3_21.png,0,random_forgery,20,3
data/processed/validation/genuine/original_44_24.png,data/processed/validation/forged/forgeries_44_22.png,0,skilled_forgery,44,44
data/processed/train/genuine/original_3_17.png,data/processed/train/genuine/original_3_3.png,1,genuine_genuine,3,3
data/processed/train/genuine/original_11_19.png,data/processed/train/forged/forgeries_11_10.png,0,skilled_forgery,11,11
data/processed/train/genuine/original_4_12.png,data/processed/train/genuine/original_4_18.png,1,genuine_genuine,4,4
data/processed/train/genuine/original_23_18.png,data/processed/train/genuine/original_24_24.png,0,random_forgery,23,24
data/processed/train/genuine/original_10_10.png,data/processed/train/genuine/original_7_18.png,0,random_forgery,10,7
data/processed/validation/genuine/original_37_11.png,data/processed/validation/genuine/original_37_8.png,1,genuine_genuine,37,37
data/processed/train/genuine/original_12_4.png,data/processed/train/genuine/original_5_5.png,0,random_forgery,12,5
data/processed/train/genuine/original_14_22.png,data/processed/train/genuine/original_6_17.png,0,random_forgery,14,6
data/processed/train/genuine/original_3_23.png,data/processed/validation/genuine/original_40_14.png,0,random_forgery,3,40
data/processed/train/genuine/original_20_16.png,data/processed/train/forged/forgeries_20_17.png,0,skilled_forgery,20,20
data/processed/train/genuine/original_23_6.png,data/processed/train/forged/forgeries_23_18.png,0,skilled_forgery,23,23
data/processed/train/genuine/original_23_10.png,data/processed/train/forged/forgeries_23_6.png,0,skilled_forgery,23,23
data/processed/validation/genuine/original_41_11.png,data/processed/validation/genuine/original_41_3.png,1,genuine_genuine,41,41
data/processed/train/genuine/original_23_24.png,data/processed/train/forged/forgeries_23_3.png,0,skilled_forgery,23,23
data/processed/train/genuine/original_24_14.png,data/processed/train/genuine/original_24_8.png,1,genuine_genuine,24,24
data/processed/train/genuine/original_14_10.png,data/processed/train/genuine/original_14_9.png,1,genuine_genuine,14,14
data/processed/train/genuine/original_5_11.png,data/processed/train/genuine/original_11_4.png,0,random_forgery,5,11
data/processed/train/genuine/original_22_3.png,data/processed/train/forged/forgeries_22_19.png,0,skilled_forgery,22,22
data/processed/train/genuine/original_20_22.png,data/processed/train/genuine/original_20_6.png,1,genuine_genuine,20,20
data/processed/train/genuine/original_9_1.png,data/processed/train/genuine/original_9_9.png,1,genuine_genuine,9,9
data/processed/validation/genuine/original_41_20.png,data/processed/validation/forged/forgeries_41_2.png,0,skilled_forgery,41,41
data/processed/train/genuine/original_13_19.png,data/processed/train/forged/forgeries_13_15.png,0,skilled_forgery,13,13
data/processed/validation/genuine/original_40_14.png,data/processed/validation/forged/forgeries_40_17.png,0,skilled_forgery,40,40
data/processed/train/genuine/original_9_24.png,data/processed/train/genuine/original_9_5.png,1,genuine_genuine,9,9
data/processed/train/genuine/original_7_3.png,data/processed/train/genuine/original_7_4.png,1,genuine_genuine,7,7
data/processed/train/genuine/original_19_3.png,data/processed/train/genuine/original_19_7.png,1,genuine_genuine,19,19
data/processed/train/genuine/original_25_10.png,data/processed/train/forged/forgeries_25_13.png,0,skilled_forgery,25,25
data/processed/train/genuine/original_18_14.png,data/processed/train/genuine/original_18_20.png,1,genuine_genuine,18,18
data/processed/train/genuine/original_10_22.png,data/processed/train/genuine/original_10_9.png,1,genuine_genuine,10,10
data/processed/train/genuine/original_16_6.png,data/processed/train/forged/forgeries_16_14.png,0,skilled_forgery,16,16
data/processed/train/genuine/original_5_18.png,data/processed/train/forged/forgeries_5_13.png,0,skilled_forgery,5,5
data/processed/train/genuine/original_22_16.png,data/processed/train/genuine/original_22_22.png,1,genuine_genuine,22,22
data/processed/validation/genuine/original_37_10.png,data/processed/validation/genuine/original_37_19.png,1,genuine_genuine,37,37
data/processed/train/genuine/original_13_20.png,data/processed/train/forged/forgeries_13_8.png,0,skilled_forgery,13,13
data/processed/validation/genuine/original_42_21.png,data/processed/train/genuine/original_22_17.png,0,random_forgery,42,22
data/processed/train/genuine/original_13_1.png,data/processed/train/forged/forgeries_13_9.png,0,skilled_forgery,13,13
data/processed/train/genuine/original_19_13.png,data/processed/train/forged/forgeries_19_14.png,0,skilled_forgery,19,19
data/processed/validation/genuine/original_39_14.png,data/processed/validation/forged/forgeries_39_19.png,0,skilled_forgery,39,39
data/processed/train/genuine/original_17_12.png,data/processed/train/forged/forgeries_17_11.png,0,skilled_forgery,17,17
data/processed/train/genuine/original_17_18.png,data/processed/train/genuine/original_17_6.png,1,genuine_genuine,17,17
data/processed/train/genuine/original_26_17.png,data/processed/train/genuine/original_26_19.png,1,genuine_genuine,26,26
data/processed/validation/genuine/original_37_11.png,data/processed/validation/genuine/original_37_5.png,1,genuine_genuine,37,37
data/processed/train/genuine/original_12_18.png,data/processed/train/genuine/original_24_18.png,0,random_forgery,12,24
data/processed/train/genuine/original_17_22.png,data/processed/train/genuine/original_17_6.png,1,genuine_genuine,17,17
data/processed/validation/genuine/original_37_20.png,data/processed/validation/genuine/original_37_7.png,1,genuine_genuine,37,37
data/processed/train/genuine/original_26_23.png,data/processed/train/genuine/original_26_4.png,1,genuine_genuine,26,26
data/processed/train/genuine/original_21_12.png,data/processed/train/genuine/original_21_5.png,1,genuine_genuine,21,21
data/processed/train/genuine/original_6_19.png,data/processed/train/genuine/original_6_2.png,1,genuine_genuine,6,6
data/processed/train/genuine/original_2_15.png,data/processed/train/forged/forgeries_2_20.png,0,skilled_forgery,2,2
data/processed/train/genuine/original_2_15.png,data/processed/train/genuine/original_21_16.png,0,random_forgery,2,21
data/processed/train/genuine/original_24_16.png,data/processed/train/forged/forgeries_24_13.png,0,skilled_forgery,24,24
data/processed/train/genuine/original_3_9.png,data/processed/train/forged/forgeries_3_15.png,0,skilled_forgery,3,3
data/processed/train/genuine/original_22_16.png,data/processed/train/forged/forgeries_22_14.png,0,skilled_forgery,22,22
data/processed/train/genuine/original_26_14.png,data/processed/train/genuine/original_26_7.png,1,genuine_genuine,26,26
data/processed/validation/genuine/original_40_12.png,data/processed/validation/forged/forgeries_40_24.png,0,skilled_forgery,40,40
data/processed/validation/genuine/original_45_2.png,data/processed/train/genuine/original_13_21.png,0,random_forgery,45,13
data/processed/train/genuine/original_20_11.png,data/processed/train/genuine/original_7_3.png,0,random_forgery,20,7
data/processed/train/genuine/original_23_19.png,data/processed/train/forged/forgeries_23_22.png,0,skilled_forgery,23,23
data/processed/validation/genuine/original_42_10.png,data/processed/validation/forged/forgeries_42_4.png,0,skilled_forgery,42,42
data/processed/train/genuine/original_15_18.png,data/processed/train/genuine/original_15_6.png,1,genuine_genuine,15,15
data/processed/train/genuine/original_21_11.png,data/processed/train/genuine/original_21_20.png,1,genuine_genuine,21,21
data/processed/validation/genuine/original_40_22.png,data/processed/validation/genuine/original_40_3.png,1,genuine_genuine,40,40
data/processed/train/genuine/original_6_3.png,data/processed/validation/genuine/original_45_23.png,0,random_forgery,6,45
data/processed/validation/genuine/original_37_5.png,data/processed/validation/forged/forgeries_37_24.png,0,skilled_forgery,37,37
data/processed/train/genuine/original_16_6.png,data/processed/train/genuine/original_16_9.png,1,genuine_genuine,16,16
data/processed/train/genuine/original_14_18.png,data/processed/train/genuine/original_14_4.png,1,genuine_genuine,14,14
data/processed/train/genuine/original_18_2.png,data/processed/train/genuine/original_21_19.png,0,random_forgery,18,21
data/processed/train/genuine/original_17_2.png,data/processed/train/genuine/original_17_9.png,1,genuine_genuine,17,17
data/processed/validation/genuine/original_42_19.png,data/processed/train/genuine/original_15_1.png,0,random_forgery,42,15
data/processed/validation/genuine/original_45_22.png,data/processed/validation/forged/forgeries_45_14.png,0,skilled_forgery,45,45
data/processed/train/genuine/original_1_12.png,data/processed/train/genuine/original_1_17.png,1,genuine_genuine,1,1
data/processed/train/genuine/original_2_8.png,data/processed/train/forged/forgeries_2_23.png,0,skilled_forgery,2,2
data/processed/train/genuine/original_20_15.png,data/processed/train/genuine/original_16_11.png,0,random_forgery,20,16
data/processed/train/genuine/original_11_15.png,data/processed/train/genuine/original_11_17.png,1,genuine_genuine,11,11
data/processed/validation/genuine/original_39_14.png,data/processed/train/genuine/original_16_15.png,0,random_forgery,39,16
data/processed/validation/genuine/original_37_18.png,data/processed/validation/genuine/original_37_20.png,1,genuine_genuine,37,37
data/processed/train/genuine/original_13_12.png,data/processed/train/forged/forgeries_13_24.png,0,skilled_forgery,13,13
data/processed/train/genuine/original_11_20.png,data/processed/train/genuine/original_18_16.png,0,random_forgery,11,18
data/processed/validation/genuine/original_41_8.png,data/processed/validation/forged/forgeries_41_12.png,0,skilled_forgery,41,41
data/processed/train/genuine/original_2_10.png,data/processed/train/genuine/original_2_11.png,1,genuine_genuine,2,2
data/processed/train/genuine/original_4_20.png,data/processed/train/forged/forgeries_4_11.png,0,skilled_forgery,4,4
data/processed/validation/genuine/original_39_17.png,data/processed/train/genuine/original_16_20.png,0,random_forgery,39,16
data/processed/train/genuine/original_13_13.png,data/processed/train/genuine/original_19_16.png,0,random_forgery,13,19
data/processed/train/genuine/original_19_5.png,data/processed/train/forged/forgeries_19_24.png,0,skilled_forgery,19,19
data/processed/validation/genuine/original_42_21.png,data/processed/validation/genuine/original_42_4.png,1,genuine_genuine,42,42
data/processed/train/genuine/original_19_19.png,data/processed/train/forged/forgeries_19_5.png,0,skilled_forgery,19,19
data/processed/validation/genuine/original_44_11.png,data/processed/validation/genuine/original_44_21.png,1,genuine_genuine,44,44
data/processed/train/genuine/original_2_1.png,data/processed/train/genuine/original_2_22.png,1,genuine_genuine,2,2
data/processed/train/genuine/original_15_15.png,data/processed/train/forged/forgeries_15_13.png,0,skilled_forgery,15,15
data/processed/train/genuine/original_9_19.png,data/processed/train/forged/forgeries_9_4.png,0,skilled_forgery,9,9
data/processed/train/genuine/original_9_8.png,data/processed/train/forged/forgeries_9_1.png,0,skilled_forgery,9,9
data/processed/train/genuine/original_10_4.png,data/processed/train/genuine/original_10_9.png,1,genuine_genuine,10,10
data/processed/train/genuine/original_19_16.png,data/processed/train/genuine/original_19_5.png,1,genuine_genuine,19,19
data/processed/train/genuine/original_27_1.png,data/processed/train/genuine/original_27_18.png,1,genuine_genuine,27,27
data/processed/train/genuine/original_26_21.png,data/processed/validation/genuine/original_42_4.png,0,random_forgery,26,42
data/processed/train/genuine/original_15_13.png,data/processed/train/genuine/original_15_21.png,1,genuine_genuine,15,15
data/processed/train/genuine/original_2_19.png,data/processed/train/genuine/original_2_24.png,1,genuine_genuine,2,2
data/processed/train/genuine/original_14_20.png,data/processed/train/genuine/original_14_7.png,1,genuine_genuine,14,14
data/processed/train/genuine/original_8_20.png,data/processed/train/genuine/original_27_7.png,0,random_forgery,8,27
data/processed/validation/genuine/original_43_10.png,data/processed/validation/genuine/original_43_13.png,1,genuine_genuine,43,43
data/processed/train/genuine/original_17_8.png,data/processed/train/forged/forgeries_17_8.png,0,skilled_forgery,17,17
data/processed/train/genuine/original_11_14.png,data/processed/train/forged/forgeries_11_1.png,0,skilled_forgery,11,11
data/processed/train/genuine/original_14_16.png,data/processed/train/genuine/original_14_3.png,1,genuine_genuine,14,14
data/processed/validation/genuine/original_43_15.png,data/processed/validation/genuine/original_43_3.png,1,genuine_genuine,43,43
data/processed/validation/genuine/original_38_19.png,data/processed/validation/forged/forgeries_38_15.png,0,skilled_forgery,38,38
data/processed/train/genuine/original_15_20.png,data/processed/train/genuine/original_15_6.png,1,genuine_genuine,15,15
data/processed/validation/genuine/original_39_22.png,data/processed/validation/genuine/original_41_13.png,0,random_forgery,39,41
data/processed/train/genuine/original_9_19.png,data/processed/train/forged/forgeries_9_11.png,0,skilled_forgery,9,9
data/processed/train/genuine/original_19_21.png,data/processed/train/genuine/original_19_24.png,1,genuine_genuine,19,19
data/processed/train/genuine/original_24_11.png,data/processed/train/genuine/original_24_23.png,1,genuine_genuine,24,24
data/processed/train/genuine/original_5_21.png,data/processed/train/genuine/original_5_9.png,1,genuine_genuine,5,5
data/processed/train/genuine/original_11_5.png,data/processed/train/forged/forgeries_11_5.png,0,skilled_forgery,11,11
data/processed/train/genuine/original_4_13.png,data/processed/train/genuine/original_4_9.png,1,genuine_genuine,4,4
data/processed/train/genuine/original_8_7.png,data/processed/train/forged/forgeries_8_5.png,0,skilled_forgery,8,8
data/processed/validation/genuine/original_38_16.png,data/processed/train/genuine/original_12_24.png,0,random_forgery,38,12
data/processed/train/genuine/original_3_14.png,data/processed/train/genuine/original_3_24.png,1,genuine_genuine,3,3
data/processed/train/genuine/original_15_15.png,data/processed/train/forged/forgeries_15_23.png,0,skilled_forgery,15,15
data/processed/validation/genuine/original_45_11.png,data/processed/validation/forged/forgeries_45_14.png,0,skilled_forgery,45,45
data/processed/train/genuine/original_1_22.png,data/processed/train/genuine/original_1_3.png,1,genuine_genuine,1,1
data/processed/train/genuine/original_26_7.png,data/processed/train/genuine/original_26_8.png,1,genuine_genuine,26,26
data/processed/train/genuine/original_12_11.png,data/processed/train/genuine/original_12_15.png,1,genuine_genuine,12,12
data/processed/train/genuine/original_9_14.png,data/processed/train/genuine/original_9_20.png,1,genuine_genuine,9,9
data/processed/validation/genuine/original_40_11.png,data/processed/validation/genuine/original_40_16.png,1,genuine_genuine,40,40
data/processed/train/genuine/original_2_4.png,data/processed/train/genuine/original_19_20.png,0,random_forgery,2,19
data/processed/train/genuine/original_14_22.png,data/processed/train/forged/forgeries_14_13.png,0,skilled_forgery,14,14
data/processed/validation/genuine/original_44_12.png,data/processed/validation/forged/forgeries_44_3.png,0,skilled_forgery,44,44
data/processed/train/genuine/original_6_14.png,data/processed/train/genuine/original_6_4.png,1,genuine_genuine,6,6
data/processed/train/genuine/original_24_8.png,data/processed/train/forged/forgeries_24_8.png,0,skilled_forgery,24,24
data/processed/train/genuine/original_17_17.png,data/processed/train/genuine/original_17_7.png,1,genuine_genuine,17,17
data/processed/train/genuine/original_7_15.png,data/processed/train/genuine/original_7_24.png,1,genuine_genuine,7,7
data/processed/train/genuine/original_8_11.png,data/processed/train/genuine/original_8_20.png,1,genuine_genuine,8,8
data/processed/train/genuine/original_22_16.png,data/processed/train/genuine/original_22_3.png,1,genuine_genuine,22,22
data/processed/validation/genuine/original_40_13.png,data/processed/validation/genuine/original_40_16.png,1,genuine_genuine,40,40
data/processed/train/genuine/original_9_17.png,data/processed/train/forged/forgeries_9_6.png,0,skilled_forgery,9,9
data/processed/validation/genuine/original_38_4.png,data/processed/train/genuine/original_8_6.png,0,random_forgery,38,8
data/processed/validation/genuine/original_38_13.png,data/processed/validation/forged/forgeries_38_17.png,0,skilled_forgery,38,38
data/processed/train/genuine/original_21_12.png,data/processed/train/genuine/original_21_17.png,1,genuine_genuine,21,21
data/processed/train/genuine/original_10_17.png,data/processed/train/genuine/original_10_24.png,1,genuine_genuine,10,10
data/processed/validation/genuine/original_38_23.png,data/processed/validation/genuine/original_38_8.png,1,genuine_genuine,38,38
data/processed/train/genuine/original_13_21.png,data/processed/train/genuine/original_13_4.png,1,genuine_genuine,13,13
data/processed/train/genuine/original_19_22.png,data/processed/train/genuine/original_19_4.png,1,genuine_genuine,19,19
data/processed/validation/genuine/original_41_10.png,data/processed/validation/genuine/original_41_8.png,1,genuine_genuine,41,41
data/processed/train/genuine/original_25_22.png,data/processed/train/genuine/original_25_24.png,1,genuine_genuine,25,25
data/processed/train/genuine/original_17_18.png,data/processed/train/genuine/original_17_7.png,1,genuine_genuine,17,17
data/processed/train/genuine/original_16_22.png,data/processed/train/genuine/original_25_9.png,0,random_forgery,16,25
data/processed/validation/genuine/original_45_16.png,data/processed/validation/forged/forgeries_45_7.png,0,skilled_forgery,45,45
data/processed/train/genuine/original_21_22.png,data/processed/train/genuine/original_21_8.png,1,genuine_genuine,21,21
data/processed/train/genuine/original_12_17.png,data/processed/train/genuine/original_12_7.png,1,genuine_genuine,12,12
data/processed/train/genuine/original_11_1.png,data/processed/train/genuine/original_11_17.png,1,genuine_genuine,11,11
data/processed/train/genuine/original_19_14.png,data/processed/train/genuine/original_19_18.png,1,genuine_genuine,19,19
data/processed/train/genuine/original_11_1.png,data/processed/train/genuine/original_11_13.png,1,genuine_genuine,11,11
data/processed/train/genuine/original_4_1.png,data/processed/train/genuine/original_4_22.png,1,genuine_genuine,4,4
data/processed/train/genuine/original_27_18.png,data/processed/train/genuine/original_27_3.png,1,genuine_genuine,27,27
data/processed/train/genuine/original_6_17.png,data/processed/validation/genuine/original_37_14.png,0,random_forgery,6,37
data/processed/train/genuine/original_24_20.png,data/processed/train/genuine/original_24_24.png,1,genuine_genuine,24,24
data/processed/train/genuine/original_27_12.png,data/processed/train/genuine/original_27_4.png,1,genuine_genuine,27,27
data/processed/train/genuine/original_20_1.png,data/processed/train/forged/forgeries_20_14.png,0,skilled_forgery,20,20
data/processed/validation/genuine/original_45_12.png,data/processed/train/genuine/original_11_9.png,0,random_forgery,45,11
data/processed/validation/genuine/original_39_15.png,data/processed/validation/genuine/original_39_21.png,1,genuine_genuine,39,39
data/processed/train/genuine/original_19_2.png,data/processed/train/genuine/original_19_23.png,1,genuine_genuine,19,19
data/processed/validation/genuine/original_41_18.png,data/processed/validation/genuine/original_41_24.png,1,genuine_genuine,41,41
data/processed/train/genuine/original_10_11.png,data/processed/train/genuine/original_10_6.png,1,genuine_genuine,10,10
data/processed/train/genuine/original_2_14.png,data/processed/train/genuine/original_2_22.png,1,genuine_genuine,2,2
data/processed/train/genuine/original_18_7.png,data/processed/train/genuine/original_18_8.png,1,genuine_genuine,18,18
data/processed/validation/genuine/original_39_19.png,data/processed/validation/genuine/original_39_24.png,1,genuine_genuine,39,39
data/processed/train/genuine/original_27_13.png,data/processed/train/genuine/original_15_24.png,0,random_forgery,27,15
data/processed/train/genuine/original_6_4.png,data/processed/train/genuine/original_9_23.png,0,random_forgery,6,9
data/processed/train/genuine/original_21_1.png,data/processed/train/genuine/original_21_8.png,1,genuine_genuine,21,21
data/processed/validation/genuine/original_41_5.png,data/processed/validation/forged/forgeries_41_13.png,0,skilled_forgery,41,41
data/processed/train/genuine/original_26_23.png,data/processed/train/genuine/original_26_6.png,1,genuine_genuine,26,26
data/processed/validation/genuine/original_39_4.png,data/processed/validation/genuine/original_39_7.png,1,genuine_genuine,39,39
data/processed/train/genuine/original_17_12.png,data/processed/validation/genuine/original_40_24.png,0,random_forgery,17,40
data/processed/train/genuine/original_21_2.png,data/processed/train/genuine/original_6_19.png,0,random_forgery,21,6
data/processed/train/genuine/original_23_19.png,data/processed/train/forged/forgeries_23_1.png,0,skilled_forgery,23,23
data/processed/train/genuine/original_10_7.png,data/processed/train/forged/forgeries_10_14.png,0,skilled_forgery,10,10
data/processed/train/genuine/original_21_11.png,data/processed/train/genuine/original_21_6.png,1,genuine_genuine,21,21
data/processed/train/genuine/original_17_10.png,data/processed/train/genuine/original_17_8.png,1,genuine_genuine,17,17
data/processed/train/genuine/original_19_9.png,data/processed/train/genuine/original_3_4.png,0,random_forgery,19,3
data/processed/train/genuine/original_17_9.png,data/processed/train/forged/forgeries_17_24.png,0,skilled_forgery,17,17
data/processed/validation/genuine/original_45_3.png,data/processed/train/genuine/original_18_13.png,0,random_forgery,45,18
data/processed/validation/genuine/original_38_7.png,data/processed/validation/forged/forgeries_38_21.png,0,skilled_forgery,38,38
data/processed/train/genuine/original_17_10.png,data/processed/train/genuine/original_17_7.png,1,genuine_genuine,17,17
data/processed/train/genuine/original_18_13.png,data/processed/train/forged/forgeries_18_23.png,0,skilled_forgery,18,18
data/processed/train/genuine/original_10_6.png,data/processed/train/genuine/original_10_9.png,1,genuine_genuine,10,10
data/processed/train/genuine/original_18_9.png,data/processed/validation/genuine/original_43_17.png,0,random_forgery,18,43
data/processed/train/genuine/original_7_19.png,data/processed/train/genuine/original_7_6.png,1,genuine_genuine,7,7
data/processed/train/genuine/original_1_18.png,data/processed/train/genuine/original_12_24.png,0,random_forgery,1,12
data/processed/train/genuine/original_8_10.png,data/processed/train/genuine/original_8_12.png,1,genuine_genuine,8,8
data/processed/train/genuine/original_18_2.png,data/processed/train/genuine/original_18_9.png,1,genuine_genuine,18,18
data/processed/train/genuine/original_27_2.png,data/processed/train/genuine/original_27_6.png,1,genuine_genuine,27,27
data/processed/validation/genuine/original_40_5.png,data/processed/validation/forged/forgeries_40_24.png,0,skilled_forgery,40,40
data/processed/validation/genuine/original_43_21.png,data/processed/validation/genuine/original_43_22.png,1,genuine_genuine,43,43
data/processed/train/genuine/original_7_11.png,data/processed/train/genuine/original_7_7.png,1,genuine_genuine,7,7
data/processed/train/genuine/original_25_21.png,data/processed/train/forged/forgeries_25_8.png,0,skilled_forgery,25,25
data/processed/train/genuine/original_11_14.png,data/processed/train/genuine/original_11_9.png,1,genuine_genuine,11,11
data/processed/train/genuine/original_17_3.png,data/processed/train/forged/forgeries_17_23.png,0,skilled_forgery,17,17
data/processed/train/genuine/original_27_11.png,data/processed/train/genuine/original_27_4.png,1,genuine_genuine,27,27
data/processed/validation/genuine/original_43_22.png,data/processed/validation/genuine/original_43_7.png,1,genuine_genuine,43,43
data/processed/validation/genuine/original_38_19.png,data/processed/validation/genuine/original_38_24.png,1,genuine_genuine,38,38
data/processed/train/genuine/original_11_13.png,data/processed/train/genuine/original_11_4.png,1,genuine_genuine,11,11
data/processed/validation/genuine/original_44_20.png,data/processed/validation/genuine/original_44_23.png,1,genuine_genuine,44,44
data/processed/train/genuine/original_11_16.png,data/processed/train/genuine/original_11_3.png,1,genuine_genuine,11,11
data/processed/train/genuine/original_2_16.png,data/processed/train/genuine/original_2_5.png,1,genuine_genuine,2,2
data/processed/train/genuine/original_7_3.png,data/processed/validation/genuine/original_38_9.png,0,random_forgery,7,38
data/processed/train/genuine/original_5_3.png,data/processed/train/genuine/original_25_3.png,0,random_forgery,5,25
data/processed/train/genuine/original_3_1.png,data/processed/train/genuine/original_3_4.png,1,genuine_genuine,3,3
data/processed/validation/genuine/original_41_14.png,data/processed/train/genuine/original_6_13.png,0,random_forgery,41,6
data/processed/train/genuine/original_6_15.png,data/processed/train/genuine/original_6_19.png,1,genuine_genuine,6,6
data/processed/train/genuine/original_20_16.png,data/processed/train/forged/forgeries_20_14.png,0,skilled_forgery,20,20
data/processed/train/genuine/original_7_6.png,data/processed/train/genuine/original_9_4.png,0,random_forgery,7,9
data/processed/train/genuine/original_24_14.png,data/processed/train/genuine/original_24_22.png,1,genuine_genuine,24,24
data/processed/train/genuine/original_17_21.png,data/processed/train/forged/forgeries_17_6.png,0,skilled_forgery,17,17
data/processed/train/genuine/original_17_20.png,data/processed/train/genuine/original_25_12.png,0,random_forgery,17,25
data/processed/validation/genuine/original_41_14.png,data/processed/validation/genuine/original_41_4.png,1,genuine_genuine,41,41
data/processed/train/genuine/original_2_22.png,data/processed/train/forged/forgeries_2_5.png,0,skilled_forgery,2,2
data/processed/validation/genuine/original_42_10.png,data/processed/validation/forged/forgeries_42_15.png,0,skilled_forgery,42,42
data/processed/validation/genuine/original_43_10.png,data/processed/validation/genuine/original_43_17.png,1,genuine_genuine,43,43
data/processed/train/genuine/original_15_11.png,data/processed/train/genuine/original_2_1.png,0,random_forgery,15,2
data/processed/train/genuine/original_21_21.png,data/processed/train/genuine/original_21_24.png,1,genuine_genuine,21,21
data/processed/validation/genuine/original_38_9.png,data/processed/train/genuine/original_2_13.png,0,random_forgery,38,2
data/processed/train/genuine/original_25_21.png,data/processed/train/genuine/original_25_5.png,1,genuine_genuine,25,25
data/processed/validation/genuine/original_43_16.png,data/processed/validation/genuine/original_43_24.png,1,genuine_genuine,43,43
data/processed/train/genuine/original_16_17.png,data/processed/train/genuine/original_15_9.png,0,random_forgery,16,15
data/processed/train/genuine/original_7_15.png,data/processed/train/forged/forgeries_7_17.png,0,skilled_forgery,7,7
data/processed/train/genuine/original_7_20.png,data/processed/train/genuine/original_7_24.png,1,genuine_genuine,7,7
data/processed/train/genuine/original_26_6.png,data/processed/train/genuine/original_24_10.png,0,random_forgery,26,24
data/processed/train/genuine/original_11_11.png,data/processed/train/genuine/original_11_8.png,1,genuine_genuine,11,11
data/processed/train/genuine/original_4_21.png,data/processed/train/genuine/original_27_17.png,0,random_forgery,4,27
data/processed/validation/genuine/original_37_2.png,data/processed/validation/genuine/original_37_20.png,1,genuine_genuine,37,37
data/processed/train/genuine/original_14_1.png,data/processed/train/genuine/original_14_2.png,1,genuine_genuine,14,14
data/processed/train/genuine/original_27_23.png,data/processed/train/genuine/original_27_24.png,1,genuine_genuine,27,27
data/processed/train/genuine/original_15_24.png,data/processed/train/forged/forgeries_15_21.png,0,skilled_forgery,15,15
data/processed/validation/genuine/original_40_5.png,data/processed/train/genuine/original_24_2.png,0,random_forgery,40,24
data/processed/train/genuine/original_22_10.png,data/processed/train/genuine/original_22_5.png,1,genuine_genuine,22,22
data/processed/validation/genuine/original_43_20.png,data/processed/validation/genuine/original_43_9.png,1,genuine_genuine,43,43
data/processed/validation/genuine/original_42_8.png,data/processed/validation/forged/forgeries_42_23.png,0,skilled_forgery,42,42
data/processed/train/genuine/original_14_16.png,data/processed/train/genuine/original_22_12.png,0,random_forgery,14,22
data/processed/train/genuine/original_27_11.png,data/processed/train/forged/forgeries_27_24.png,0,skilled_forgery,27,27
data/processed/train/genuine/original_24_3.png,data/processed/train/forged/forgeries_24_16.png,0,skilled_forgery,24,24
data/processed/train/genuine/original_2_4.png,data/processed/train/genuine/original_2_5.png,1,genuine_genuine,2,2
data/processed/train/genuine/original_1_1.png,data/processed/train/genuine/original_1_2.png,1,genuine_genuine,1,1
data/processed/validation/genuine/original_39_5.png,data/processed/validation/forged/forgeries_39_16.png,0,skilled_forgery,39,39
data/processed/validation/genuine/original_43_11.png,data/processed/validation/genuine/original_43_7.png,1,genuine_genuine,43,43
data/processed/train/genuine/original_1_10.png,data/processed/train/genuine/original_1_19.png,1,genuine_genuine,1,1
data/processed/train/genuine/original_13_19.png,data/processed/train/genuine/original_9_19.png,0,random_forgery,13,9
data/processed/train/genuine/original_8_12.png,data/processed/train/genuine/original_8_15.png,1,genuine_genuine,8,8
data/processed/train/genuine/original_11_12.png,data/processed/train/forged/forgeries_11_6.png,0,skilled_forgery,11,11
data/processed/train/genuine/original_14_2.png,data/processed/train/forged/forgeries_14_2.png,0,skilled_forgery,14,14
data/processed/train/genuine/original_7_19.png,data/processed/train/genuine/original_7_23.png,1,genuine_genuine,7,7
data/processed/train/genuine/original_4_2.png,data/processed/train/genuine/original_4_9.png,1,genuine_genuine,4,4
data/processed/train/genuine/original_12_10.png,data/processed/train/genuine/original_12_7.png,1,genuine_genuine,12,12
data/processed/train/genuine/original_17_16.png,data/processed/train/genuine/original_17_22.png,1,genuine_genuine,17,17
data/processed/validation/genuine/original_43_9.png,data/processed/validation/forged/forgeries_43_17.png,0,skilled_forgery,43,43
data/processed/train/genuine/original_20_11.png,data/processed/train/genuine/original_20_14.png,1,genuine_genuine,20,20
data/processed/train/genuine/original_27_15.png,data/processed/train/genuine/original_27_16.png,1,genuine_genuine,27,27
data/processed/train/genuine/original_9_22.png,data/processed/train/forged/forgeries_9_12.png,0,skilled_forgery,9,9
data/processed/train/genuine/original_14_22.png,data/processed/train/forged/forgeries_14_12.png,0,skilled_forgery,14,14
data/processed/train/genuine/original_11_15.png,data/processed/train/genuine/original_7_5.png,0,random_forgery,11,7
data/processed/train/genuine/original_24_22.png,data/processed/train/genuine/original_24_8.png,1,genuine_genuine,24,24
data/processed/train/genuine/original_22_12.png,data/processed/train/genuine/original_22_2.png,1,genuine_genuine,22,22
data/processed/train/genuine/original_16_9.png,data/processed/train/forged/forgeries_16_4.png,0,skilled_forgery,16,16
data/processed/train/genuine/original_12_18.png,data/processed/train/forged/forgeries_12_9.png,0,skilled_forgery,12,12
data/processed/validation/genuine/original_39_13.png,data/processed/validation/genuine/original_39_8.png,1,genuine_genuine,39,39
data/processed/validation/genuine/original_38_3.png,data/processed/validation/genuine/original_38_4.png,1,genuine_genuine,38,38
data/processed/train/genuine/original_4_13.png,data/processed/train/genuine/original_4_2.png,1,genuine_genuine,4,4
data/processed/train/genuine/original_3_1.png,data/processed/train/genuine/original_3_11.png,1,genuine_genuine,3,3
data/processed/train/genuine/original_16_17.png,data/processed/train/forged/forgeries_16_15.png,0,skilled_forgery,16,16
data/processed/train/genuine/original_10_23.png,data/processed/train/genuine/original_10_3.png,1,genuine_genuine,10,10
data/processed/train/genuine/original_22_11.png,data/processed/train/genuine/original_22_5.png,1,genuine_genuine,22,22
data/processed/train/genuine/original_13_10.png,data/processed/train/genuine/original_13_13.png,1,genuine_genuine,13,13
data/processed/train/genuine/original_6_3.png,data/processed/train/genuine/original_10_13.png,0,random_forgery,6,10
data/processed/train/genuine/original_11_23.png,data/processed/train/forged/forgeries_11_14.png,0,skilled_forgery,11,11
data/processed/train/genuine/original_10_13.png,data/processed/train/genuine/original_12_18.png,0,random_forgery,10,12
data/processed/train/genuine/original_15_13.png,data/processed/train/genuine/original_15_22.png,1,genuine_genuine,15,15
data/processed/train/genuine/original_5_24.png,data/processed/train/genuine/original_4_1.png,0,random_forgery,5,4
data/processed/train/genuine/original_21_2.png,data/processed/train/forged/forgeries_21_15.png,0,skilled_forgery,21,21
data/processed/train/genuine/original_19_3.png,data/processed/train/forged/forgeries_19_5.png,0,skilled_forgery,19,19
data/processed/validation/genuine/original_41_19.png,data/processed/validation/forged/forgeries_41_5.png,0,skilled_forgery,41,41
data/processed/train/genuine/original_1_21.png,data/processed/train/forged/forgeries_1_14.png,0,skilled_forgery,1,1
data/processed/train/genuine/original_11_3.png,data/processed/train/forged/forgeries_11_24.png,0,skilled_forgery,11,11
data/processed/validation/genuine/original_39_16.png,data/processed/validation/genuine/original_39_3.png,1,genuine_genuine,39,39
data/processed/train/genuine/original_14_17.png,data/processed/train/genuine/original_14_9.png,1,genuine_genuine,14,14
data/processed/train/genuine/original_12_18.png,data/processed/train/genuine/original_12_8.png,1,genuine_genuine,12,12
data/processed/train/genuine/original_6_1.png,data/processed/train/genuine/original_6_14.png,1,genuine_genuine,6,6
data/processed/train/genuine/original_20_17.png,data/processed/train/genuine/original_14_7.png,0,random_forgery,20,14
data/processed/train/genuine/original_22_3.png,data/processed/train/forged/forgeries_22_2.png,0,skilled_forgery,22,22
data/processed/train/genuine/original_1_12.png,data/processed/train/forged/forgeries_1_21.png,0,skilled_forgery,1,1
data/processed/validation/genuine/original_41_15.png,data/processed/validation/genuine/original_41_3.png,1,genuine_genuine,41,41
data/processed/train/genuine/original_25_19.png,data/processed/train/forged/forgeries_25_8.png,0,skilled_forgery,25,25
data/processed/train/genuine/original_19_11.png,data/processed/train/genuine/original_19_17.png,1,genuine_genuine,19,19
data/processed/validation/genuine/original_37_10.png,data/processed/validation/genuine/original_37_20.png,1,genuine_genuine,37,37
data/processed/train/genuine/original_11_8.png,data/processed/train/forged/forgeries_11_13.png,0,skilled_forgery,11,11
data/processed/train/genuine/original_16_11.png,data/processed/train/genuine/original_16_21.png,1,genuine_genuine,16,16
data/processed/train/genuine/original_8_10.png,data/processed/train/genuine/original_4_7.png,0,random_forgery,8,4
data/processed/train/genuine/original_8_24.png,data/processed/train/forged/forgeries_8_20.png,0,skilled_forgery,8,8
data/processed/train/genuine/original_7_13.png,data/processed/train/genuine/original_7_21.png,1,genuine_genuine,7,7
data/processed/train/genuine/original_22_13.png,data/processed/train/genuine/original_22_17.png,1,genuine_genuine,22,22
data/processed/validation/genuine/original_44_14.png,data/processed/validation/genuine/original_44_21.png,1,genuine_genuine,44,44
data/processed/train/genuine/original_18_12.png,data/processed/train/genuine/original_18_7.png,1,genuine_genuine,18,18
data/processed/train/genuine/original_23_6.png,data/processed/train/forged/forgeries_23_4.png,0,skilled_forgery,23,23
data/processed/train/genuine/original_17_11.png,data/processed/train/genuine/original_17_15.png,1,genuine_genuine,17,17
data/processed/train/genuine/original_11_24.png,data/processed/train/forged/forgeries_11_20.png,0,skilled_forgery,11,11
data/processed/train/genuine/original_17_14.png,data/processed/train/forged/forgeries_17_12.png,0,skilled_forgery,17,17
data/processed/validation/genuine/original_41_12.png,data/processed/validation/forged/forgeries_41_11.png,0,skilled_forgery,41,41
data/processed/train/genuine/original_7_12.png,data/processed/train/genuine/original_3_11.png,0,random_forgery,7,3
data/processed/train/genuine/original_18_10.png,data/processed/train/forged/forgeries_18_20.png,0,skilled_forgery,18,18
data/processed/validation/genuine/original_39_3.png,data/processed/validation/genuine/original_39_8.png,1,genuine_genuine,39,39
data/processed/validation/genuine/original_45_5.png,data/processed/train/genuine/original_19_2.png,0,random_forgery,45,19
data/processed/train/genuine/original_18_21.png,data/processed/train/forged/forgeries_18_2.png,0,skilled_forgery,18,18
data/processed/train/genuine/original_10_14.png,data/processed/train/forged/forgeries_10_2.png,0,skilled_forgery,10,10
data/processed/train/genuine/original_24_7.png,data/processed/train/forged/forgeries_24_11.png,0,skilled_forgery,24,24
data/processed/train/genuine/original_18_14.png,data/processed/train/forged/forgeries_18_19.png,0,skilled_forgery,18,18
data/processed/train/genuine/original_14_22.png,data/processed/train/forged/forgeries_14_7.png,0,skilled_forgery,14,14
data/processed/train/genuine/original_23_11.png,data/processed/train/genuine/original_23_14.png,1,genuine_genuine,23,23
data/processed/train/genuine/original_26_21.png,data/processed/train/genuine/original_26_24.png,1,genuine_genuine,26,26
data/processed/train/genuine/original_14_19.png,data/processed/train/genuine/original_14_8.png,1,genuine_genuine,14,14
data/processed/validation/genuine/original_45_13.png,data/processed/validation/forged/forgeries_45_22.png,0,skilled_forgery,45,45
data/processed/validation/genuine/original_43_14.png,data/processed/validation/genuine/original_43_3.png,1,genuine_genuine,43,43
data/processed/train/genuine/original_12_17.png,data/processed/train/genuine/original_12_9.png,1,genuine_genuine,12,12
data/processed/validation/genuine/original_43_4.png,data/processed/validation/forged/forgeries_43_23.png,0,skilled_forgery,43,43
data/processed/train/genuine/original_2_1.png,data/processed/train/genuine/original_2_15.png,1,genuine_genuine,2,2
data/processed/train/genuine/original_7_10.png,data/processed/train/genuine/original_7_19.png,1,genuine_genuine,7,7
data/processed/train/genuine/original_14_15.png,data/processed/train/forged/forgeries_14_22.png,0,skilled_forgery,14,14
data/processed/train/genuine/original_22_22.png,data/processed/train/forged/forgeries_22_16.png,0,skilled_forgery,22,22
data/processed/train/genuine/original_22_12.png,data/processed/train/genuine/original_22_23.png,1,genuine_genuine,22,22
data/processed/train/genuine/original_13_20.png,data/processed/train/genuine/original_13_6.png,1,genuine_genuine,13,13
data/processed/train/genuine/original_10_13.png,data/processed/train/forged/forgeries_10_6.png,0,skilled_forgery,10,10
data/processed/validation/genuine/original_45_14.png,data/processed/validation/genuine/original_45_4.png,1,genuine_genuine,45,45
data/processed/train/genuine/original_23_21.png,data/processed/train/genuine/original_23_8.png,1,genuine_genuine,23,23
data/processed/train/genuine/original_12_4.png,data/processed/train/forged/forgeries_12_18.png,0,skilled_forgery,12,12
data/processed/train/genuine/original_5_12.png,data/processed/train/genuine/original_5_4.png,1,genuine_genuine,5,5
data/processed/train/genuine/original_7_18.png,data/processed/train/genuine/original_7_7.png,1,genuine_genuine,7,7
data/processed/train/genuine/original_9_5.png,data/processed/train/genuine/original_13_17.png,0,random_forgery,9,13
data/processed/train/genuine/original_4_13.png,data/processed/validation/genuine/original_37_20.png,0,random_forgery,4,37
data/processed/train/genuine/original_12_13.png,data/processed/train/genuine/original_12_22.png,1,genuine_genuine,12,12
data/processed/validation/genuine/original_39_3.png,data/processed/validation/forged/forgeries_39_9.png,0,skilled_forgery,39,39
data/processed/validation/genuine/original_40_10.png,data/processed/validation/genuine/original_40_2.png,1,genuine_genuine,40,40
data/processed/train/genuine/original_8_20.png,data/processed/train/genuine/original_8_4.png,1,genuine_genuine,8,8
data/processed/train/genuine/original_18_6.png,data/processed/train/genuine/original_4_22.png,0,random_forgery,18,4
data/processed/train/genuine/original_8_4.png,data/processed/train/genuine/original_8_6.png,1,genuine_genuine,8,8
data/processed/train/genuine/original_12_12.png,data/processed/train/genuine/original_12_6.png,1,genuine_genuine,12,12
data/processed/train/genuine/original_8_6.png,data/processed/train/forged/forgeries_8_21.png,0,skilled_forgery,8,8
data/processed/train/genuine/original_23_22.png,data/processed/train/genuine/original_23_23.png,1,genuine_genuine,23,23
data/processed/train/genuine/original_17_5.png,data/processed/train/forged/forgeries_17_11.png,0,skilled_forgery,17,17
data/processed/train/genuine/original_10_19.png,data/processed/train/genuine/original_10_8.png,1,genuine_genuine,10,10
data/processed/train/genuine/original_25_5.png,data/processed/train/forged/forgeries_25_2.png,0,skilled_forgery,25,25
data/processed/train/genuine/original_27_3.png,data/processed/train/genuine/original_12_3.png,0,random_forgery,27,12
data/processed/validation/genuine/original_44_11.png,data/processed/validation/genuine/original_44_3.png,1,genuine_genuine,44,44
data/processed/train/genuine/original_8_19.png,data/processed/train/genuine/original_8_2.png,1,genuine_genuine,8,8
data/processed/train/genuine/original_16_1.png,data/processed/train/genuine/original_16_3.png,1,genuine_genuine,16,16
data/processed/train/genuine/original_10_22.png,data/processed/train/forged/forgeries_10_4.png,0,skilled_forgery,10,10
data/processed/train/genuine/original_13_13.png,data/processed/validation/genuine/original_39_11.png,0,random_forgery,13,39
data/processed/train/genuine/original_2_1.png,data/processed/train/genuine/original_5_13.png,0,random_forgery,2,5
data/processed/validation/genuine/original_43_11.png,data/processed/validation/forged/forgeries_43_18.png,0,skilled_forgery,43,43
data/processed/train/genuine/original_22_14.png,data/processed/train/genuine/original_22_19.png,1,genuine_genuine,22,22
data/processed/train/genuine/original_22_12.png,data/processed/train/forged/forgeries_22_8.png,0,skilled_forgery,22,22
data/processed/train/genuine/original_13_23.png,data/processed/train/genuine/original_13_5.png,1,genuine_genuine,13,13
data/processed/train/genuine/original_19_18.png,data/processed/validation/genuine/original_40_1.png,0,random_forgery,19,40
data/processed/validation/genuine/original_43_1.png,data/processed/validation/genuine/original_43_13.png,1,genuine_genuine,43,43
data/processed/train/genuine/original_26_21.png,data/processed/train/genuine/original_26_8.png,1,genuine_genuine,26,26
data/processed/validation/genuine/original_45_10.png,data/processed/validation/genuine/original_45_11.png,1,genuine_genuine,45,45
data/processed/train/genuine/original_18_2.png,data/processed/train/forged/forgeries_18_8.png,0,skilled_forgery,18,18
data/processed/validation/genuine/original_38_24.png,data/processed/validation/forged/forgeries_38_17.png,0,skilled_forgery,38,38
data/processed/train/genuine/original_23_8.png,data/processed/validation/genuine/original_44_14.png,0,random_forgery,23,44
data/processed/train/genuine/original_19_16.png,data/processed/train/genuine/original_19_7.png,1,genuine_genuine,19,19
data/processed/train/genuine/original_5_9.png,data/processed/train/forged/forgeries_5_7.png,0,skilled_forgery,5,5
data/processed/train/genuine/original_11_1.png,data/processed/train/forged/forgeries_11_4.png,0,skilled_forgery,11,11
data/processed/train/genuine/original_18_18.png,data/processed/train/forged/forgeries_18_4.png,0,skilled_forgery,18,18
data/processed/validation/genuine/original_43_18.png,data/processed/validation/genuine/original_43_19.png,1,genuine_genuine,43,43
data/processed/train/genuine/original_7_17.png,data/processed/train/genuine/original_7_19.png,1,genuine_genuine,7,7
data/processed/validation/genuine/original_40_19.png,data/processed/validation/genuine/original_40_6.png,1,genuine_genuine,40,40
data/processed/train/genuine/original_2_16.png,data/processed/train/genuine/original_20_16.png,0,random_forgery,2,20
data/processed/train/genuine/original_2_21.png,data/processed/train/genuine/original_2_9.png,1,genuine_genuine,2,2
data/processed/train/genuine/original_14_15.png,data/processed/train/genuine/original_14_16.png,1,genuine_genuine,14,14
data/processed/train/genuine/original_26_24.png,data/processed/train/genuine/original_18_17.png,0,random_forgery,26,18
data/processed/train/genuine/original_24_14.png,data/processed/train/genuine/original_24_20.png,1,genuine_genuine,24,24
data/processed/train/genuine/original_7_6.png,data/processed/train/genuine/original_7_9.png,1,genuine_genuine,7,7
data/processed/train/genuine/original_20_23.png,data/processed/train/forged/forgeries_20_16.png,0,skilled_forgery,20,20
data/processed/train/genuine/original_1_7.png,data/processed/train/forged/forgeries_1_7.png,0,skilled_forgery,1,1
data/processed/train/genuine/original_23_18.png,data/processed/validation/genuine/original_42_8.png,0,random_forgery,23,42
data/processed/train/genuine/original_27_4.png,data/processed/train/genuine/original_27_5.png,1,genuine_genuine,27,27
data/processed/train/genuine/original_1_13.png,data/processed/train/forged/forgeries_1_23.png,0,skilled_forgery,1,1
data/processed/train/genuine/original_1_16.png,data/processed/train/genuine/original_1_6.png,1,genuine_genuine,1,1
data/processed/validation/genuine/original_37_17.png,data/processed/validation/forged/forgeries_37_21.png,0,skilled_forgery,37,37
data/processed/train/genuine/original_20_24.png,data/processed/train/genuine/original_20_6.png,1,genuine_genuine,20,20
data/processed/validation/genuine/original_45_5.png,data/processed/validation/forged/forgeries_45_23.png,0,skilled_forgery,45,45
data/processed/train/genuine/original_20_23.png,data/processed/train/genuine/original_20_8.png,1,genuine_genuine,20,20
data/processed/train/genuine/original_23_2.png,data/processed/train/genuine/original_23_20.png,1,genuine_genuine,23,23
data/processed/train/genuine/original_21_19.png,data/processed/train/genuine/original_22_23.png,0,random_forgery,21,22
data/processed/train/genuine/original_11_10.png,data/processed/train/genuine/original_11_16.png,1,genuine_genuine,11,11
data/processed/validation/genuine/original_39_22.png,data/processed/validation/genuine/original_39_3.png,1,genuine_genuine,39,39
data/processed/train/genuine/original_1_14.png,data/processed/train/genuine/original_1_20.png,1,genuine_genuine,1,1
data/processed/train/genuine/original_6_22.png,data/processed/train/forged/forgeries_6_19.png,0,skilled_forgery,6,6
data/processed/train/genuine/original_15_10.png,data/processed/train/genuine/original_15_2.png,1,genuine_genuine,15,15
data/processed/train/genuine/original_21_10.png,data/processed/train/genuine/original_20_2.png,0,random_forgery,21,20
data/processed/validation/genuine/original_44_15.png,data/processed/validation/genuine/original_44_3.png,1,genuine_genuine,44,44
data/processed/train/genuine/original_8_23.png,data/processed/train/genuine/original_8_8.png,1,genuine_genuine,8,8
data/processed/train/genuine/original_26_10.png,data/processed/train/forged/forgeries_26_18.png,0,skilled_forgery,26,26
data/processed/train/genuine/original_16_7.png,data/processed/train/forged/forgeries_16_20.png,0,skilled_forgery,16,16
data/processed/train/genuine/original_13_20.png,data/processed/train/forged/forgeries_13_15.png,0,skilled_forgery,13,13
data/processed/train/genuine/original_19_15.png,data/processed/train/forged/forgeries_19_1.png,0,skilled_forgery,19,19
data/processed/train/genuine/original_21_14.png,data/processed/train/genuine/original_21_18.png,1,genuine_genuine,21,21
data/processed/train/genuine/original_14_8.png,data/processed/train/forged/forgeries_14_13.png,0,skilled_forgery,14,14
data/processed/train/genuine/original_5_12.png,data/processed/train/genuine/original_5_13.png,1,genuine_genuine,5,5
data/processed/validation/genuine/original_38_17.png,data/processed/validation/forged/forgeries_38_4.png,0,skilled_forgery,38,38
data/processed/train/genuine/original_5_10.png,data/processed/train/genuine/original_5_7.png,1,genuine_genuine,5,5
data/processed/validation/genuine/original_40_11.png,data/processed/validation/genuine/original_40_8.png,1,genuine_genuine,40,40
data/processed/train/genuine/original_26_3.png,data/processed/train/genuine/original_26_7.png,1,genuine_genuine,26,26
data/processed/validation/genuine/original_43_23.png,data/processed/train/genuine/original_6_7.png,0,random_forgery,43,6
data/processed/validation/genuine/original_38_5.png,data/processed/validation/genuine/original_38_9.png,1,genuine_genuine,38,38
data/processed/validation/genuine/original_40_1.png,data/processed/train/genuine/original_25_12.png,0,random_forgery,40,25
data/processed/validation/genuine/original_37_14.png,data/processed/validation/forged/forgeries_37_17.png,0,skilled_forgery,37,37
data/processed/train/genuine/original_16_13.png,data/processed/train/genuine/original_16_18.png,1,genuine_genuine,16,16
data/processed/train/genuine/original_23_13.png,data/processed/train/genuine/original_23_7.png,1,genuine_genuine,23,23
data/processed/train/genuine/original_20_12.png,data/processed/train/genuine/original_20_23.png,1,genuine_genuine,20,20
data/processed/validation/genuine/original_37_21.png,data/processed/validation/forged/forgeries_37_7.png,0,skilled_forgery,37,37
data/processed/train/genuine/original_15_22.png,data/processed/train/genuine/original_15_9.png,1,genuine_genuine,15,15
data/processed/validation/genuine/original_39_2.png,data/processed/train/genuine/original_21_8.png,0,random_forgery,39,21
data/processed/train/genuine/original_24_17.png,data/processed/train/genuine/original_24_5.png,1,genuine_genuine,24,24
data/processed/train/genuine/original_9_17.png,data/processed/train/genuine/original_9_3.png,1,genuine_genuine,9,9
data/processed/train/genuine/original_22_13.png,data/processed/train/genuine/original_22_14.png,1,genuine_genuine,22,22
data/processed/train/genuine/original_17_16.png,data/processed/train/genuine/original_17_6.png,1,genuine_genuine,17,17
data/processed/train/genuine/original_24_18.png,data/processed/train/genuine/original_24_3.png,1,genuine_genuine,24,24
data/processed/train/genuine/original_4_23.png,data/processed/train/genuine/original_3_14.png,0,random_forgery,4,3
data/processed/train/genuine/original_16_8.png,data/processed/train/genuine/original_10_20.png,0,random_forgery,16,10
data/processed/train/genuine/original_3_6.png,data/processed/train/forged/forgeries_3_7.png,0,skilled_forgery,3,3
data/processed/train/genuine/original_18_23.png,data/processed/train/forged/forgeries_18_7.png,0,skilled_forgery,18,18
data/processed/train/genuine/original_1_1.png,data/processed/train/genuine/original_1_4.png,1,genuine_genuine,1,1
data/processed/validation/genuine/original_38_15.png,data/processed/train/genuine/original_22_14.png,0,random_forgery,38,22
data/processed/validation/genuine/original_42_6.png,data/processed/validation/forged/forgeries_42_19.png,0,skilled_forgery,42,42
data/processed/train/genuine/original_21_15.png,data/processed/train/genuine/original_21_18.png,1,genuine_genuine,21,21
data/processed/train/genuine/original_25_8.png,data/processed/train/genuine/original_25_9.png,1,genuine_genuine,25,25
data/processed/train/genuine/original_22_20.png,data/processed/train/genuine/original_22_4.png,1,genuine_genuine,22,22
data/processed/train/genuine/original_23_16.png,data/processed/train/forged/forgeries_23_23.png,0,skilled_forgery,23,23
data/processed/validation/genuine/original_40_6.png,data/processed/validation/forged/forgeries_40_8.png,0,skilled_forgery,40,40
data/processed/train/genuine/original_26_15.png,data/processed/train/genuine/original_12_18.png,0,random_forgery,26,12
data/processed/train/genuine/original_20_20.png,data/processed/train/genuine/original_2_8.png,0,random_forgery,20,2
data/processed/train/genuine/original_27_18.png,data/processed/train/genuine/original_27_8.png,1,genuine_genuine,27,27
data/processed/train/genuine/original_6_10.png,data/processed/train/genuine/original_6_15.png,1,genuine_genuine,6,6
data/processed/train/genuine/original_16_16.png,data/processed/train/genuine/original_16_20.png,1,genuine_genuine,16,16
data/processed/train/genuine/original_12_20.png,data/processed/train/genuine/original_12_24.png,1,genuine_genuine,12,12
data/processed/train/genuine/original_16_15.png,data/processed/train/genuine/original_16_24.png,1,genuine_genuine,16,16
data/processed/validation/genuine/original_43_14.png,data/processed/validation/genuine/original_43_21.png,1,genuine_genuine,43,43
data/processed/train/genuine/original_5_24.png,data/processed/train/genuine/original_5_6.png,1,genuine_genuine,5,5
data/processed/train/genuine/original_25_2.png,data/processed/train/genuine/original_25_7.png,1,genuine_genuine,25,25
data/processed/train/genuine/original_12_14.png,data/processed/train/genuine/original_10_6.png,0,random_forgery,12,10
data/processed/train/genuine/original_24_20.png,data/processed/train/forged/forgeries_24_2.png,0,skilled_forgery,24,24
data/processed/validation/genuine/original_38_2.png,data/processed/validation/genuine/original_38_3.png,1,genuine_genuine,38,38
data/processed/train/genuine/original_16_3.png,data/processed/train/forged/forgeries_16_17.png,0,skilled_forgery,16,16
data/processed/train/genuine/original_25_12.png,data/processed/train/genuine/original_25_7.png,1,genuine_genuine,25,25
data/processed/train/genuine/original_27_11.png,data/processed/train/genuine/original_27_14.png,1,genuine_genuine,27,27
data/processed/train/genuine/original_11_4.png,data/processed/train/forged/forgeries_11_20.png,0,skilled_forgery,11,11
data/processed/train/genuine/original_20_21.png,data/processed/train/genuine/original_7_8.png,0,random_forgery,20,7
data/processed/validation/genuine/original_44_21.png,data/processed/validation/forged/forgeries_44_6.png,0,skilled_forgery,44,44
data/processed/validation/genuine/original_41_10.png,data/processed/train/genuine/original_26_19.png,0,random_forgery,41,26
data/processed/train/genuine/original_7_1.png,data/processed/train/genuine/original_7_23.png,1,genuine_genuine,7,7
data/processed/train/genuine/original_11_17.png,data/processed/train/genuine/original_11_20.png,1,genuine_genuine,11,11
data/processed/train/genuine/original_24_4.png,data/processed/train/genuine/original_24_8.png,1,genuine_genuine,24,24
data/processed/train/genuine/original_24_18.png,data/processed/train/forged/forgeries_24_23.png,0,skilled_forgery,24,24
data/processed/train/genuine/original_9_24.png,data/processed/train/genuine/original_25_11.png,0,random_forgery,9,25
data/processed/train/genuine/original_27_17.png,data/processed/train/genuine/original_27_22.png,1,genuine_genuine,27,27
data/processed/train/genuine/original_8_20.png,data/processed/train/forged/forgeries_8_13.png,0,skilled_forgery,8,8
data/processed/train/genuine/original_14_13.png,data/processed/train/genuine/original_14_16.png,1,genuine_genuine,14,14
data/processed/train/genuine/original_17_15.png,data/processed/validation/genuine/original_45_21.png,0,random_forgery,17,45
data/processed/train/genuine/original_3_21.png,data/processed/train/forged/forgeries_3_6.png,0,skilled_forgery,3,3
data/processed/train/genuine/original_18_12.png,data/processed/train/genuine/original_18_17.png,1,genuine_genuine,18,18
data/processed/train/genuine/original_26_17.png,data/processed/train/genuine/original_19_10.png,0,random_forgery,26,19
data/processed/train/genuine/original_6_21.png,data/processed/train/forged/forgeries_6_8.png,0,skilled_forgery,6,6
data/processed/validation/genuine/original_37_11.png,data/processed/validation/forged/forgeries_37_3.png,0,skilled_forgery,37,37
data/processed/train/genuine/original_9_22.png,data/processed/train/genuine/original_9_3.png,1,genuine_genuine,9,9
data/processed/validation/genuine/original_44_6.png,data/processed/validation/genuine/original_44_8.png,1,genuine_genuine,44,44
data/processed/train/genuine/original_8_20.png,data/processed/train/genuine/original_8_6.png,1,genuine_genuine,8,8
data/processed/train/genuine/original_18_13.png,data/processed/train/forged/forgeries_18_1.png,0,skilled_forgery,18,18
data/processed/train/genuine/original_6_3.png,data/processed/train/forged/forgeries_6_14.png,0,skilled_forgery,6,6
data/processed/validation/genuine/original_39_4.png,data/processed/validation/forged/forgeries_39_17.png,0,skilled_forgery,39,39
data/processed/train/genuine/original_8_22.png,data/processed/train/genuine/original_20_15.png,0,random_forgery,8,20
data/processed/train/genuine/original_6_17.png,data/processed/train/forged/forgeries_6_14.png,0,skilled_forgery,6,6
data/processed/train/genuine/original_6_13.png,data/processed/train/genuine/original_6_14.png,1,genuine_genuine,6,6
data/processed/train/genuine/original_13_19.png,data/processed/train/genuine/original_13_5.png,1,genuine_genuine,13,13
data/processed/train/genuine/original_8_19.png,data/processed/train/forged/forgeries_8_19.png,0,skilled_forgery,8,8
data/processed/validation/genuine/original_38_19.png,data/processed/validation/genuine/original_42_3.png,0,random_forgery,38,42
data/processed/train/genuine/original_26_20.png,data/processed/train/forged/forgeries_26_15.png,0,skilled_forgery,26,26
data/processed/validation/genuine/original_41_12.png,data/processed/validation/forged/forgeries_41_19.png,0,skilled_forgery,41,41
data/processed/train/genuine/original_3_22.png,data/processed/train/forged/forgeries_3_17.png,0,skilled_forgery,3,3
data/processed/validation/genuine/original_42_6.png,data/processed/validation/forged/forgeries_42_5.png,0,skilled_forgery,42,42
data/processed/train/genuine/original_17_11.png,data/processed/train/forged/forgeries_17_11.png,0,skilled_forgery,17,17
data/processed/train/genuine/original_20_19.png,data/processed/train/forged/forgeries_20_6.png,0,skilled_forgery,20,20
data/processed/validation/genuine/original_37_18.png,data/processed/validation/genuine/original_37_2.png,1,genuine_genuine,37,37
data/processed/train/genuine/original_14_3.png,data/processed/train/genuine/original_14_7.png,1,genuine_genuine,14,14
data/processed/train/genuine/original_24_2.png,data/processed/train/forged/forgeries_24_3.png,0,skilled_forgery,24,24
data/processed/train/genuine/original_23_12.png,data/processed/train/genuine/original_23_5.png,1,genuine_genuine,23,23
data/processed/train/genuine/original_21_1.png,data/processed/train/forged/forgeries_21_10.png,0,skilled_forgery,21,21
data/processed/train/genuine/original_22_21.png,data/processed/train/genuine/original_22_3.png,1,genuine_genuine,22,22
data/processed/train/genuine/original_10_2.png,data/processed/train/genuine/original_3_22.png,0,random_forgery,10,3
data/processed/validation/genuine/original_41_13.png,data/processed/validation/genuine/original_41_24.png,1,genuine_genuine,41,41
data/processed/train/genuine/original_27_15.png,data/processed/train/genuine/original_27_9.png,1,genuine_genuine,27,27
data/processed/validation/genuine/original_44_10.png,data/processed/train/genuine/original_9_22.png,0,random_forgery,44,9
data/processed/train/genuine/original_10_2.png,data/processed/train/genuine/original_11_21.png,0,random_forgery,10,11
data/processed/train/genuine/original_26_10.png,data/processed/train/genuine/original_2_2.png,0,random_forgery,26,2
data/processed/validation/genuine/original_44_19.png,data/processed/validation/genuine/original_44_3.png,1,genuine_genuine,44,44
data/processed/train/genuine/original_23_11.png,data/processed/train/genuine/original_23_18.png,1,genuine_genuine,23,23
data/processed/train/genuine/original_25_14.png,data/processed/train/genuine/original_25_7.png,1,genuine_genuine,25,25
data/processed/validation/genuine/original_43_16.png,data/processed/train/genuine/original_14_5.png,0,random_forgery,43,14
data/processed/train/genuine/original_9_19.png,data/processed/train/genuine/original_9_24.png,1,genuine_genuine,9,9
data/processed/validation/genuine/original_38_12.png,data/processed/validation/genuine/original_38_5.png,1,genuine_genuine,38,38
data/processed/train/genuine/original_5_10.png,data/processed/train/genuine/original_27_13.png,0,random_forgery,5,27
data/processed/train/genuine/original_12_12.png,data/processed/train/genuine/original_12_5.png,1,genuine_genuine,12,12
data/processed/train/genuine/original_5_13.png,data/processed/train/genuine/original_5_20.png,1,genuine_genuine,5,5
data/processed/validation/genuine/original_41_15.png,data/processed/validation/forged/forgeries_41_16.png,0,skilled_forgery,41,41
data/processed/validation/genuine/original_43_6.png,data/processed/validation/genuine/original_43_8.png,1,genuine_genuine,43,43
data/processed/train/genuine/original_17_13.png,data/processed/train/genuine/original_17_18.png,1,genuine_genuine,17,17
data/processed/train/genuine/original_12_10.png,data/processed/train/genuine/original_12_24.png,1,genuine_genuine,12,12
data/processed/validation/genuine/original_40_4.png,data/processed/validation/forged/forgeries_40_10.png,0,skilled_forgery,40,40
data/processed/train/genuine/original_8_19.png,data/processed/train/genuine/original_4_19.png,0,random_forgery,8,4
data/processed/train/genuine/original_26_21.png,data/processed/train/forged/forgeries_26_15.png,0,skilled_forgery,26,26
data/processed/train/genuine/original_9_10.png,data/processed/train/forged/forgeries_9_24.png,0,skilled_forgery,9,9
data/processed/validation/genuine/original_42_1.png,data/processed/validation/genuine/original_42_17.png,1,genuine_genuine,42,42
data/processed/train/genuine/original_6_18.png,data/processed/train/genuine/original_6_24.png,1,genuine_genuine,6,6
data/processed/train/genuine/original_11_17.png,data/processed/train/genuine/original_11_18.png,1,genuine_genuine,11,11
data/processed/train/genuine/original_19_16.png,data/processed/train/forged/forgeries_19_13.png,0,skilled_forgery,19,19
data/processed/train/genuine/original_1_21.png,data/processed/train/genuine/original_5_23.png,0,random_forgery,1,5
data/processed/train/genuine/original_18_6.png,data/processed/train/forged/forgeries_18_20.png,0,skilled_forgery,18,18
data/processed/train/genuine/original_27_14.png,data/processed/train/genuine/original_27_17.png,1,genuine_genuine,27,27
data/processed/validation/genuine/original_39_10.png,data/processed/validation/genuine/original_39_4.png,1,genuine_genuine,39,39
data/processed/train/genuine/original_6_13.png,data/processed/train/genuine/original_6_16.png,1,genuine_genuine,6,6
data/processed/validation/genuine/original_41_5.png,data/processed/validation/forged/forgeries_41_24.png,0,skilled_forgery,41,41
data/processed/train/genuine/original_7_1.png,data/processed/validation/genuine/original_37_9.png,0,random_forgery,7,37
data/processed/train/genuine/original_6_19.png,data/processed/train/forged/forgeries_6_23.png,0,skilled_forgery,6,6
data/processed/train/genuine/original_6_24.png,data/processed/train/genuine/original_6_7.png,1,genuine_genuine,6,6
data/processed/validation/genuine/original_45_5.png,data/processed/validation/forged/forgeries_45_12.png,0,skilled_forgery,45,45
data/processed/train/genuine/original_23_15.png,data/processed/train/genuine/original_23_17.png,1,genuine_genuine,23,23
data/processed/train/genuine/original_7_14.png,data/processed/train/genuine/original_7_15.png,1,genuine_genuine,7,7
data/processed/train/genuine/original_26_3.png,data/processed/train/genuine/original_26_5.png,1,genuine_genuine,26,26
data/processed/train/genuine/original_9_18.png,data/processed/train/genuine/original_9_20.png,1,genuine_genuine,9,9
data/processed/train/genuine/original_8_22.png,data/processed/train/genuine/original_8_6.png,1,genuine_genuine,8,8
data/processed/train/genuine/original_17_14.png,data/processed/train/forged/forgeries_17_23.png,0,skilled_forgery,17,17
data/processed/train/genuine/original_14_1.png,data/processed/train/genuine/original_5_1.png,0,random_forgery,14,5
data/processed/validation/genuine/original_40_3.png,data/processed/validation/forged/forgeries_40_22.png,0,skilled_forgery,40,40
data/processed/train/genuine/original_16_8.png,data/processed/train/forged/forgeries_16_10.png,0,skilled_forgery,16,16
data/processed/train/genuine/original_1_23.png,data/processed/train/forged/forgeries_1_12.png,0,skilled_forgery,1,1
data/processed/validation/genuine/original_44_16.png,data/processed/validation/genuine/original_44_3.png,1,genuine_genuine,44,44
data/processed/train/genuine/original_2_10.png,data/processed/train/forged/forgeries_2_8.png,0,skilled_forgery,2,2
data/processed/validation/genuine/original_41_10.png,data/processed/validation/genuine/original_41_4.png,1,genuine_genuine,41,41
data/processed/train/genuine/original_7_11.png,data/processed/train/genuine/original_7_2.png,1,genuine_genuine,7,7
data/processed/train/genuine/original_3_10.png,data/processed/train/genuine/original_3_22.png,1,genuine_genuine,3,3
data/processed/train/genuine/original_10_3.png,data/processed/train/genuine/original_10_4.png,1,genuine_genuine,10,10
data/processed/train/genuine/original_12_22.png,data/processed/train/genuine/original_20_14.png,0,random_forgery,12,20
data/processed/validation/genuine/original_37_10.png,data/processed/validation/genuine/original_37_12.png,1,genuine_genuine,37,37
data/processed/train/genuine/original_3_12.png,data/processed/train/genuine/original_3_21.png,1,genuine_genuine,3,3
data/processed/train/genuine/original_3_3.png,data/processed/train/forged/forgeries_3_7.png,0,skilled_forgery,3,3
data/processed/train/genuine/original_20_20.png,data/processed/train/genuine/original_20_7.png,1,genuine_genuine,20,20
data/processed/train/genuine/original_8_11.png,data/processed/train/genuine/original_2_19.png,0,random_forgery,8,2
data/processed/train/genuine/original_7_3.png,data/processed/train/forged/forgeries_7_16.png,0,skilled_forgery,7,7
data/processed/train/genuine/original_4_21.png,data/processed/train/genuine/original_4_5.png,1,genuine_genuine,4,4
data/processed/train/genuine/original_16_19.png,data/processed/train/genuine/original_23_17.png,0,random_forgery,16,23
data/processed/validation/genuine/original_43_8.png,data/processed/validation/forged/forgeries_43_9.png,0,skilled_forgery,43,43
data/processed/validation/genuine/original_40_16.png,data/processed/validation/genuine/original_40_8.png,1,genuine_genuine,40,40
data/processed/train/genuine/original_18_2.png,data/processed/train/genuine/original_18_5.png,1,genuine_genuine,18,18
data/processed/train/genuine/original_22_8.png,data/processed/train/genuine/original_26_15.png,0,random_forgery,22,26
data/processed/train/genuine/original_25_15.png,data/processed/train/genuine/original_25_2.png,1,genuine_genuine,25,25
data/processed/validation/genuine/original_40_16.png,data/processed/validation/genuine/original_40_20.png,1,genuine_genuine,40,40
data/processed/train/genuine/original_17_23.png,data/processed/train/forged/forgeries_17_15.png,0,skilled_forgery,17,17
data/processed/validation/genuine/original_38_20.png,data/processed/validation/forged/forgeries_38_15.png,0,skilled_forgery,38,38
data/processed/validation/genuine/original_41_21.png,data/processed/train/genuine/original_3_11.png,0,random_forgery,41,3
data/processed/validation/genuine/original_41_1.png,data/processed/validation/genuine/original_41_14.png,1,genuine_genuine,41,41
data/processed/validation/genuine/original_40_6.png,data/processed/validation/forged/forgeries_40_13.png,0,skilled_forgery,40,40
data/processed/validation/genuine/original_39_12.png,data/processed/validation/forged/forgeries_39_2.png,0,skilled_forgery,39,39
data/processed/train/genuine/original_13_24.png,data/processed/train/forged/forgeries_13_11.png,0,skilled_forgery,13,13
data/processed/train/genuine/original_19_13.png,data/processed/train/forged/forgeries_19_13.png,0,skilled_forgery,19,19
data/processed/train/genuine/original_17_8.png,data/processed/train/genuine/original_18_11.png,0,random_forgery,17,18
data/processed/train/genuine/original_22_19.png,data/processed/validation/genuine/original_40_21.png,0,random_forgery,22,40
data/processed/train/genuine/original_23_23.png,data/processed/train/genuine/original_4_4.png,0,random_forgery,23,4
data/processed/train/genuine/original_25_18.png,data/processed/validation/genuine/original_41_3.png,0,random_forgery,25,41
data/processed/validation/genuine/original_40_20.png,data/processed/validation/genuine/original_40_21.png,1,genuine_genuine,40,40
data/processed/train/genuine/original_23_20.png,data/processed/train/forged/forgeries_23_5.png,0,skilled_forgery,23,23
data/processed/train/genuine/original_17_3.png,data/processed/train/genuine/original_4_1.png,0,random_forgery,17,4
data/processed/train/genuine/original_3_14.png,data/processed/train/genuine/original_3_7.png,1,genuine_genuine,3,3
data/processed/train/genuine/original_16_21.png,data/processed/train/genuine/original_16_4.png,1,genuine_genuine,16,16
data/processed/validation/genuine/original_44_16.png,data/processed/validation/genuine/original_44_4.png,1,genuine_genuine,44,44
data/processed/train/genuine/original_13_11.png,data/processed/train/genuine/original_13_18.png,1,genuine_genuine,13,13
data/processed/train/genuine/original_20_11.png,data/processed/train/genuine/original_20_22.png,1,genuine_genuine,20,20
data/processed/train/genuine/original_6_22.png,data/processed/train/forged/forgeries_6_23.png,0,skilled_forgery,6,6
data/processed/validation/genuine/original_44_21.png,data/processed/train/genuine/original_18_3.png,0,random_forgery,44,18
data/processed/train/genuine/original_8_1.png,data/processed/train/genuine/original_8_23.png,1,genuine_genuine,8,8
data/processed/train/genuine/original_15_21.png,data/processed/train/genuine/original_14_20.png,0,random_forgery,15,14
data/processed/train/genuine/original_10_11.png,data/processed/train/genuine/original_10_9.png,1,genuine_genuine,10,10
data/processed/train/genuine/original_3_21.png,data/processed/train/genuine/original_3_6.png,1,genuine_genuine,3,3
data/processed/train/genuine/original_2_20.png,data/processed/train/forged/forgeries_2_19.png,0,skilled_forgery,2,2
data/processed/train/genuine/original_21_16.png,data/processed/train/genuine/original_21_3.png,1,genuine_genuine,21,21
data/processed/train/genuine/original_15_19.png,data/processed/train/forged/forgeries_15_7.png,0,skilled_forgery,15,15
data/processed/train/genuine/original_27_18.png,data/processed/validation/genuine/original_39_1.png,0,random_forgery,27,39
data/processed/train/genuine/original_15_9.png,data/processed/train/forged/forgeries_15_19.png,0,skilled_forgery,15,15
data/processed/train/genuine/original_9_24.png,data/processed/train/forged/forgeries_9_23.png,0,skilled_forgery,9,9
data/processed/train/genuine/original_17_8.png,data/processed/train/forged/forgeries_17_5.png,0,skilled_forgery,17,17
data/processed/train/genuine/original_14_6.png,data/processed/train/forged/forgeries_14_14.png,0,skilled_forgery,14,14
data/processed/train/genuine/original_4_2.png,data/processed/train/genuine/original_4_21.png,1,genuine_genuine,4,4
data/processed/validation/genuine/original_42_2.png,data/processed/validation/forged/forgeries_42_8.png,0,skilled_forgery,42,42
data/processed/train/genuine/original_25_13.png,data/processed/train/genuine/original_25_2.png,1,genuine_genuine,25,25
data/processed/train/genuine/original_8_17.png,data/processed/train/forged/forgeries_8_2.png,0,skilled_forgery,8,8
data/processed/train/genuine/original_25_10.png,data/processed/validation/genuine/original_43_8.png,0,random_forgery,25,43
data/processed/train/genuine/original_17_13.png,data/processed/train/genuine/original_17_21.png,1,genuine_genuine,17,17
data/processed/train/genuine/original_17_14.png,data/processed/train/genuine/original_17_9.png,1,genuine_genuine,17,17
data/processed/train/genuine/original_10_19.png,data/processed/train/genuine/original_10_23.png,1,genuine_genuine,10,10
data/processed/train/genuine/original_27_15.png,data/processed/train/forged/forgeries_27_12.png,0,skilled_forgery,27,27
data/processed/train/genuine/original_22_19.png,data/processed/train/genuine/original_24_13.png,0,random_forgery,22,24
data/processed/validation/genuine/original_45_18.png,data/processed/train/genuine/original_19_9.png,0,random_forgery,45,19
data/processed/validation/genuine/original_38_6.png,data/processed/train/genuine/original_9_18.png,0,random_forgery,38,9
data/processed/train/genuine/original_7_13.png,data/processed/train/genuine/original_7_3.png,1,genuine_genuine,7,7
data/processed/validation/genuine/original_37_2.png,data/processed/validation/genuine/original_37_4.png,1,genuine_genuine,37,37
data/processed/train/genuine/original_7_9.png,data/processed/train/forged/forgeries_7_13.png,0,skilled_forgery,7,7
data/processed/train/genuine/original_23_21.png,data/processed/train/genuine/original_23_23.png,1,genuine_genuine,23,23
data/processed/train/genuine/original_24_15.png,data/processed/train/forged/forgeries_24_23.png,0,skilled_forgery,24,24
data/processed/validation/genuine/original_37_12.png,data/processed/validation/forged/forgeries_37_18.png,0,skilled_forgery,37,37
data/processed/validation/genuine/original_40_12.png,data/processed/validation/genuine/original_40_9.png,1,genuine_genuine,40,40
data/processed/train/genuine/original_9_17.png,data/processed/train/genuine/original_9_2.png,1,genuine_genuine,9,9
data/processed/train/genuine/original_11_1.png,data/processed/train/genuine/original_18_1.png,0,random_forgery,11,18
data/processed/train/genuine/original_20_15.png,data/processed/train/genuine/original_20_2.png,1,genuine_genuine,20,20
data/processed/train/genuine/original_18_16.png,data/processed/validation/genuine/original_39_5.png,0,random_forgery,18,39
data/processed/train/genuine/original_7_19.png,data/processed/train/genuine/original_7_2.png,1,genuine_genuine,7,7
data/processed/validation/genuine/original_40_15.png,data/processed/validation/genuine/original_40_2.png,1,genuine_genuine,40,40
data/processed/train/genuine/original_14_11.png,data/processed/train/genuine/original_14_6.png,1,genuine_genuine,14,14
data/processed/validation/genuine/original_41_21.png,data/processed/validation/forged/forgeries_41_12.png,0,skilled_forgery,41,41
data/processed/validation/genuine/original_37_19.png,data/processed/validation/genuine/original_37_23.png,1,genuine_genuine,37,37
data/processed/validation/genuine/original_44_22.png,data/processed/validation/forged/forgeries_44_14.png,0,skilled_forgery,44,44
data/processed/train/genuine/original_10_5.png,data/processed/train/genuine/original_10_9.png,1,genuine_genuine,10,10
data/processed/train/genuine/original_3_15.png,data/processed/train/genuine/original_3_22.png,1,genuine_genuine,3,3
data/processed/validation/genuine/original_39_3.png,data/processed/validation/forged/forgeries_39_7.png,0,skilled_forgery,39,39
data/processed/train/genuine/original_26_24.png,data/processed/train/forged/forgeries_26_16.png,0,skilled_forgery,26,26
data/processed/train/genuine/original_27_18.png,data/processed/train/genuine/original_13_23.png,0,random_forgery,27,13
data/processed/train/genuine/original_15_16.png,data/processed/train/genuine/original_15_8.png,1,genuine_genuine,15,15
data/processed/train/genuine/original_15_14.png,data/processed/train/genuine/original_15_15.png,1,genuine_genuine,15,15
data/processed/train/genuine/original_24_21.png,data/processed/train/forged/forgeries_24_6.png,0,skilled_forgery,24,24
data/processed/train/genuine/original_6_2.png,data/processed/train/genuine/original_6_22.png,1,genuine_genuine,6,6
data/processed/validation/genuine/original_44_12.png,data/processed/validation/genuine/original_44_5.png,1,genuine_genuine,44,44
data/processed/train/genuine/original_11_7.png,data/processed/train/genuine/original_11_9.png,1,genuine_genuine,11,11
data/processed/train/genuine/original_4_20.png,data/processed/train/genuine/original_4_23.png,1,genuine_genuine,4,4
data/processed/validation/genuine/original_44_23.png,data/processed/validation/genuine/original_44_5.png,1,genuine_genuine,44,44
data/processed/train/genuine/original_7_4.png,data/processed/validation/genuine/original_40_12.png,0,random_forgery,7,40
data/processed/validation/genuine/original_38_10.png,data/processed/validation/genuine/original_38_22.png,1,genuine_genuine,38,38
data/processed/train/genuine/original_11_11.png,data/processed/train/genuine/original_11_18.png,1,genuine_genuine,11,11
data/processed/train/genuine/original_4_2.png,data/processed/train/forged/forgeries_4_22.png,0,skilled_forgery,4,4
data/processed/train/genuine/original_19_9.png,data/processed/train/forged/forgeries_19_12.png,0,skilled_forgery,19,19
data/processed/validation/genuine/original_38_23.png,data/processed/validation/genuine/original_38_4.png,1,genuine_genuine,38,38
data/processed/train/genuine/original_21_2.png,data/processed/train/forged/forgeries_21_23.png,0,skilled_forgery,21,21
data/processed/train/genuine/original_3_4.png,data/processed/validation/genuine/original_42_16.png,0,random_forgery,3,42
data/processed/validation/genuine/original_37_10.png,data/processed/validation/genuine/original_37_9.png,1,genuine_genuine,37,37
data/processed/validation/genuine/original_45_21.png,data/processed/validation/genuine/original_45_23.png,1,genuine_genuine,45,45
data/processed/train/genuine/original_21_18.png,data/processed/train/forged/forgeries_21_1.png,0,skilled_forgery,21,21
data/processed/validation/genuine/original_43_14.png,data/processed/validation/genuine/original_43_18.png,1,genuine_genuine,43,43
data/processed/train/genuine/original_25_19.png,data/processed/validation/genuine/original_44_10.png,0,random_forgery,25,44
data/processed/train/genuine/original_17_10.png,data/processed/train/genuine/original_17_12.png,1,genuine_genuine,17,17
data/processed/validation/genuine/original_45_12.png,data/processed/validation/genuine/original_45_8.png,1,genuine_genuine,45,45
data/processed/train/genuine/original_9_22.png,data/processed/train/genuine/original_9_24.png,1,genuine_genuine,9,9
data/processed/train/genuine/original_4_10.png,data/processed/train/genuine/original_4_17.png,1,genuine_genuine,4,4
data/processed/validation/genuine/original_40_15.png,data/processed/validation/genuine/original_40_19.png,1,genuine_genuine,40,40
data/processed/train/genuine/original_12_11.png,data/processed/train/genuine/original_12_23.png,1,genuine_genuine,12,12
data/processed/validation/genuine/original_45_11.png,data/processed/validation/genuine/original_45_9.png,1,genuine_genuine,45,45
data/processed/train/genuine/original_12_21.png,data/processed/train/genuine/original_12_9.png,1,genuine_genuine,12,12
data/processed/train/genuine/original_26_19.png,data/processed/train/genuine/original_4_20.png,0,random_forgery,26,4
data/processed/validation/genuine/original_42_12.png,data/processed/validation/genuine/original_42_9.png,1,genuine_genuine,42,42
data/processed/train/genuine/original_13_9.png,data/processed/train/forged/forgeries_13_8.png,0,skilled_forgery,13,13
data/processed/train/genuine/original_7_18.png,data/processed/train/genuine/original_7_6.png,1,genuine_genuine,7,7
data/processed/validation/genuine/original_41_14.png,data/processed/validation/genuine/original_41_9.png,1,genuine_genuine,41,41
data/processed/train/genuine/original_15_15.png,data/processed/validation/genuine/original_43_17.png,0,random_forgery,15,43
data/processed/train/genuine/original_12_21.png,data/processed/train/forged/forgeries_12_4.png,0,skilled_forgery,12,12
data/processed/train/genuine/original_19_18.png,data/processed/train/genuine/original_19_8.png,1,genuine_genuine,19,19
data/processed/train/genuine/original_10_23.png,data/processed/train/forged/forgeries_10_24.png,0,skilled_forgery,10,10
data/processed/validation/genuine/original_38_13.png,data/processed/validation/genuine/original_38_21.png,1,genuine_genuine,38,38
data/processed/train/genuine/original_19_16.png,data/processed/train/genuine/original_19_4.png,1,genuine_genuine,19,19
data/processed/train/genuine/original_9_7.png,data/processed/train/forged/forgeries_9_18.png,0,skilled_forgery,9,9
data/processed/train/genuine/original_16_10.png,data/processed/train/forged/forgeries_16_10.png,0,skilled_forgery,16,16
data/processed/train/genuine/original_15_14.png,data/processed/train/genuine/original_15_4.png,1,genuine_genuine,15,15
data/processed/train/genuine/original_3_6.png,data/processed/validation/genuine/original_39_17.png,0,random_forgery,3,39
data/processed/train/genuine/original_2_2.png,data/processed/train/genuine/original_2_3.png,1,genuine_genuine,2,2
data/processed/train/genuine/original_7_19.png,data/processed/train/genuine/original_7_24.png,1,genuine_genuine,7,7
data/processed/train/genuine/original_7_12.png,data/processed/train/forged/forgeries_7_7.png,0,skilled_forgery,7,7
data/processed/train/genuine/original_5_12.png,data/processed/train/genuine/original_6_20.png,0,random_forgery,5,6
data/processed/train/genuine/original_21_23.png,data/processed/train/genuine/original_13_7.png,0,random_forgery,21,13
data/processed/train/genuine/original_10_4.png,data/processed/train/forged/forgeries_10_6.png,0,skilled_forgery,10,10
data/processed/train/genuine/original_18_13.png,data/processed/train/genuine/original_18_22.png,1,genuine_genuine,18,18
data/processed/train/genuine/original_13_14.png,data/processed/train/genuine/original_13_21.png,1,genuine_genuine,13,13
data/processed/train/genuine/original_9_5.png,data/processed/train/genuine/original_3_16.png,0,random_forgery,9,3
data/processed/train/genuine/original_11_8.png,data/processed/train/forged/forgeries_11_8.png,0,skilled_forgery,11,11
data/processed/train/genuine/original_19_2.png,data/processed/train/genuine/original_12_24.png,0,random_forgery,19,12
data/processed/validation/genuine/original_37_20.png,data/processed/validation/genuine/original_37_8.png,1,genuine_genuine,37,37
data/processed/train/genuine/original_12_3.png,data/processed/train/forged/forgeries_12_10.png,0,skilled_forgery,12,12
data/processed/train/genuine/original_26_13.png,data/processed/train/genuine/original_26_16.png,1,genuine_genuine,26,26
data/processed/train/genuine/original_12_18.png,data/processed/train/genuine/original_12_5.png,1,genuine_genuine,12,12
data/processed/validation/genuine/original_41_14.png,data/processed/validation/genuine/original_41_22.png,1,genuine_genuine,41,41
data/processed/train/genuine/original_8_3.png,data/processed/validation/genuine/original_40_12.png,0,random_forgery,8,40
data/processed/train/genuine/original_7_11.png,data/processed/train/genuine/original_7_12.png,1,genuine_genuine,7,7
data/processed/validation/genuine/original_45_14.png,data/processed/train/genuine/original_1_13.png,0,random_forgery,45,1
data/processed/train/genuine/original_17_12.png,data/processed/train/genuine/original_17_21.png,1,genuine_genuine,17,17
data/processed/train/genuine/original_4_19.png,data/processed/validation/genuine/original_38_12.png,0,random_forgery,4,38
data/processed/train/genuine/original_22_14.png,data/processed/train/genuine/original_26_13.png,0,random_forgery,22,26
data/processed/validation/genuine/original_39_20.png,data/processed/train/genuine/original_7_12.png,0,random_forgery,39,7
data/processed/validation/genuine/original_45_7.png,data/processed/validation/genuine/original_44_12.png,0,random_forgery,45,44
data/processed/train/genuine/original_9_17.png,data/processed/train/genuine/original_9_22.png,1,genuine_genuine,9,9
data/processed/train/genuine/original_22_20.png,data/processed/train/forged/forgeries_22_24.png,0,skilled_forgery,22,22
data/processed/train/genuine/original_17_20.png,data/processed/train/forged/forgeries_17_6.png,0,skilled_forgery,17,17
data/processed/validation/genuine/original_41_3.png,data/processed/validation/genuine/original_41_7.png,1,genuine_genuine,41,41
data/processed/train/genuine/original_23_1.png,data/processed/train/genuine/original_23_19.png,1,genuine_genuine,23,23
data/processed/train/genuine/original_1_6.png,data/processed/train/forged/forgeries_1_17.png,0,skilled_forgery,1,1
data/processed/train/genuine/original_25_9.png,data/processed/train/forged/forgeries_25_20.png,0,skilled_forgery,25,25
data/processed/train/genuine/original_13_18.png,data/processed/train/genuine/original_13_6.png,1,genuine_genuine,13,13
data/processed/train/genuine/original_27_21.png,data/processed/train/genuine/original_27_3.png,1,genuine_genuine,27,27
data/processed/train/genuine/original_7_3.png,data/processed/train/forged/forgeries_7_7.png,0,skilled_forgery,7,7
data/processed/train/genuine/original_11_11.png,data/processed/train/genuine/original_11_24.png,1,genuine_genuine,11,11
data/processed/train/genuine/original_7_14.png,data/processed/train/genuine/original_12_5.png,0,random_forgery,7,12
data/processed/train/genuine/original_27_15.png,data/processed/train/genuine/original_5_3.png,0,random_forgery,27,5
data/processed/train/genuine/original_17_4.png,data/processed/train/genuine/original_17_7.png,1,genuine_genuine,17,17
data/processed/validation/genuine/original_41_7.png,data/processed/validation/genuine/original_41_9.png,1,genuine_genuine,41,41
data/processed/validation/genuine/original_38_22.png,data/processed/train/genuine/original_10_13.png,0,random_forgery,38,10
data/processed/train/genuine/original_22_24.png,data/processed/train/genuine/original_22_4.png,1,genuine_genuine,22,22
data/processed/train/genuine/original_1_11.png,data/processed/train/genuine/original_1_12.png,1,genuine_genuine,1,1
data/processed/train/genuine/original_2_19.png,data/processed/train/genuine/original_2_22.png,1,genuine_genuine,2,2
data/processed/train/genuine/original_22_14.png,data/processed/train/forged/forgeries_22_23.png,0,skilled_forgery,22,22
data/processed/train/genuine/original_22_11.png,data/processed/train/forged/forgeries_22_13.png,0,skilled_forgery,22,22
data/processed/validation/genuine/original_42_18.png,data/processed/validation/genuine/original_42_22.png,1,genuine_genuine,42,42
data/processed/train/genuine/original_9_24.png,data/processed/train/forged/forgeries_9_12.png,0,skilled_forgery,9,9
data/processed/train/genuine/original_26_24.png,data/processed/train/genuine/original_26_8.png,1,genuine_genuine,26,26
data/processed/train/genuine/original_4_24.png,data/processed/train/genuine/original_13_15.png,0,random_forgery,4,13
data/processed/validation/genuine/original_43_22.png,data/processed/validation/forged/forgeries_43_6.png,0,skilled_forgery,43,43
data/processed/train/genuine/original_2_19.png,data/processed/train/genuine/original_27_2.png,0,random_forgery,2,27
data/processed/train/genuine/original_20_18.png,data/processed/train/forged/forgeries_20_1.png,0,skilled_forgery,20,20
data/processed/validation/genuine/original_41_1.png,data/processed/validation/genuine/original_41_3.png,1,genuine_genuine,41,41
data/processed/validation/genuine/original_37_10.png,data/processed/validation/forged/forgeries_37_10.png,0,skilled_forgery,37,37
data/processed/train/genuine/original_13_17.png,data/processed/train/genuine/original_13_23.png,1,genuine_genuine,13,13
data/processed/validation/genuine/original_41_14.png,data/processed/validation/genuine/original_41_19.png,1,genuine_genuine,41,41
data/processed/train/genuine/original_8_24.png,data/processed/train/genuine/original_19_18.png,0,random_forgery,8,19
data/processed/train/genuine/original_1_11.png,data/processed/validation/genuine/original_43_15.png,0,random_forgery,1,43
data/processed/train/genuine/original_9_20.png,data/processed/train/genuine/original_12_16.png,0,random_forgery,9,12
data/processed/train/genuine/original_17_13.png,data/processed/train/genuine/original_17_15.png,1,genuine_genuine,17,17
data/processed/train/genuine/original_10_22.png,data/processed/train/genuine/original_18_17.png,0,random_forgery,10,18
data/processed/train/genuine/original_4_19.png,data/processed/train/genuine/original_2_12.png,0,random_forgery,4,2
data/processed/validation/genuine/original_42_11.png,data/processed/validation/genuine/original_42_6.png,1,genuine_genuine,42,42
data/processed/train/genuine/original_21_20.png,data/processed/train/genuine/original_21_24.png,1,genuine_genuine,21,21
data/processed/train/genuine/original_5_15.png,data/processed/train/forged/forgeries_5_18.png,0,skilled_forgery,5,5
data/processed/train/genuine/original_23_24.png,data/processed/train/forged/forgeries_23_13.png,0,skilled_forgery,23,23
data/processed/train/genuine/original_6_1.png,data/processed/train/genuine/original_6_13.png,1,genuine_genuine,6,6
data/processed/validation/genuine/original_43_3.png,data/processed/validation/genuine/original_43_4.png,1,genuine_genuine,43,43
data/processed/train/genuine/original_25_1.png,data/processed/train/genuine/original_25_23.png,1,genuine_genuine,25,25
data/processed/validation/genuine/original_42_13.png,data/processed/validation/genuine/original_42_20.png,1,genuine_genuine,42,42
data/processed/train/genuine/original_8_2.png,data/processed/train/genuine/original_8_24.png,1,genuine_genuine,8,8
data/processed/train/genuine/original_26_8.png,data/processed/train/forged/forgeries_26_3.png,0,skilled_forgery,26,26
data/processed/train/genuine/original_17_1.png,data/processed/train/genuine/original_17_13.png,1,genuine_genuine,17,17
data/processed/validation/genuine/original_43_19.png,data/processed/train/genuine/original_7_21.png,0,random_forgery,43,7
data/processed/train/genuine/original_7_1.png,data/processed/train/genuine/original_7_18.png,1,genuine_genuine,7,7
data/processed/validation/genuine/original_42_1.png,data/processed/validation/genuine/original_42_22.png,1,genuine_genuine,42,42
data/processed/train/genuine/original_22_10.png,data/processed/train/genuine/original_22_14.png,1,genuine_genuine,22,22
data/processed/train/genuine/original_23_20.png,data/processed/train/genuine/original_7_19.png,0,random_forgery,23,7
data/processed/train/genuine/original_11_22.png,data/processed/train/genuine/original_17_15.png,0,random_forgery,11,17
data/processed/train/genuine/original_11_4.png,data/processed/validation/genuine/original_44_24.png,0,random_forgery,11,44
data/processed/validation/genuine/original_44_18.png,data/processed/validation/genuine/original_44_3.png,1,genuine_genuine,44,44
data/processed/train/genuine/original_27_19.png,data/processed/train/forged/forgeries_27_12.png,0,skilled_forgery,27,27
data/processed/validation/genuine/original_43_16.png,data/processed/validation/genuine/original_43_3.png,1,genuine_genuine,43,43
data/processed/train/genuine/original_24_12.png,data/processed/train/forged/forgeries_24_9.png,0,skilled_forgery,24,24
data/processed/train/genuine/original_8_11.png,data/processed/train/genuine/original_8_13.png,1,genuine_genuine,8,8
data/processed/train/genuine/original_6_14.png,data/processed/train/genuine/original_6_2.png,1,genuine_genuine,6,6
data/processed/validation/genuine/original_44_14.png,data/processed/train/genuine/original_21_5.png,0,random_forgery,44,21
data/processed/validation/genuine/original_38_16.png,data/processed/validation/forged/forgeries_38_17.png,0,skilled_forgery,38,38
data/processed/train/genuine/original_24_24.png,data/processed/train/forged/forgeries_24_17.png,0,skilled_forgery,24,24
data/processed/train/genuine/original_5_15.png,data/processed/train/genuine/original_5_6.png,1,genuine_genuine,5,5
data/processed/train/genuine/original_7_9.png,data/processed/train/forged/forgeries_7_16.png,0,skilled_forgery,7,7
data/processed/validation/genuine/original_43_19.png,data/processed/validation/genuine/original_43_20.png,1,genuine_genuine,43,43
data/processed/train/genuine/original_22_20.png,data/processed/train/genuine/original_22_7.png,1,genuine_genuine,22,22
data/processed/train/genuine/original_10_12.png,data/processed/train/genuine/original_6_3.png,0,random_forgery,10,6
data/processed/train/genuine/original_26_13.png,data/processed/train/genuine/original_26_20.png,1,genuine_genuine,26,26
data/processed/train/genuine/original_10_20.png,data/processed/train/forged/forgeries_10_21.png,0,skilled_forgery,10,10
data/processed/validation/genuine/original_40_10.png,data/processed/validation/genuine/original_40_22.png,1,genuine_genuine,40,40
data/processed/train/genuine/original_23_18.png,data/processed/train/forged/forgeries_23_6.png,0,skilled_forgery,23,23
data/processed/train/genuine/original_24_3.png,data/processed/train/genuine/original_18_23.png,0,random_forgery,24,18
data/processed/train/genuine/original_19_24.png,data/processed/train/forged/forgeries_19_18.png,0,skilled_forgery,19,19
data/processed/train/genuine/original_25_23.png,data/processed/train/genuine/original_21_7.png,0,random_forgery,25,21
data/processed/train/genuine/original_22_1.png,data/processed/train/genuine/original_22_22.png,1,genuine_genuine,22,22
data/processed/train/genuine/original_8_15.png,data/processed/train/genuine/original_8_19.png,1,genuine_genuine,8,8
data/processed/validation/genuine/original_45_20.png,data/processed/train/genuine/original_13_15.png,0,random_forgery,45,13
data/processed/train/genuine/original_6_14.png,data/processed/train/forged/forgeries_6_14.png,0,skilled_forgery,6,6
data/processed/train/genuine/original_25_14.png,data/processed/train/forged/forgeries_25_18.png,0,skilled_forgery,25,25
data/processed/train/genuine/original_15_3.png,data/processed/train/forged/forgeries_15_19.png,0,skilled_forgery,15,15
data/processed/train/genuine/original_20_16.png,data/processed/train/forged/forgeries_20_6.png,0,skilled_forgery,20,20
data/processed/validation/genuine/original_41_14.png,data/processed/validation/genuine/original_41_17.png,1,genuine_genuine,41,41
data/processed/train/genuine/original_10_16.png,data/processed/train/genuine/original_10_19.png,1,genuine_genuine,10,10
data/processed/train/genuine/original_5_14.png,data/processed/train/genuine/original_5_4.png,1,genuine_genuine,5,5
data/processed/train/genuine/original_1_1.png,data/processed/train/genuine/original_1_16.png,1,genuine_genuine,1,1
data/processed/train/genuine/original_21_14.png,data/processed/train/forged/forgeries_21_9.png,0,skilled_forgery,21,21
data/processed/validation/genuine/original_39_2.png,data/processed/validation/genuine/original_41_22.png,0,random_forgery,39,41
data/processed/train/genuine/original_3_6.png,data/processed/train/forged/forgeries_3_5.png,0,skilled_forgery,3,3
data/processed/train/genuine/original_7_21.png,data/processed/train/genuine/original_7_7.png,1,genuine_genuine,7,7
data/processed/train/genuine/original_22_23.png,data/processed/train/forged/forgeries_22_5.png,0,skilled_forgery,22,22
data/processed/train/genuine/original_15_18.png,data/processed/train/genuine/original_15_19.png,1,genuine_genuine,15,15
data/processed/train/genuine/original_21_7.png,data/processed/validation/genuine/original_39_14.png,0,random_forgery,21,39
data/processed/train/genuine/original_8_15.png,data/processed/train/genuine/original_8_17.png,1,genuine_genuine,8,8
data/processed/validation/genuine/original_38_16.png,data/processed/validation/genuine/original_38_9.png,1,genuine_genuine,38,38
data/processed/train/genuine/original_21_19.png,data/processed/train/genuine/original_21_7.png,1,genuine_genuine,21,21
data/processed/train/genuine/original_26_2.png,data/processed/train/forged/forgeries_26_5.png,0,skilled_forgery,26,26
data/processed/train/genuine/original_19_15.png,data/processed/train/genuine/original_19_18.png,1,genuine_genuine,19,19
data/processed/train/genuine/original_25_3.png,data/processed/train/genuine/original_25_7.png,1,genuine_genuine,25,25
data/processed/validation/genuine/original_38_4.png,data/processed/validation/forged/forgeries_38_7.png,0,skilled_forgery,38,38
data/processed/train/genuine/original_24_5.png,data/processed/train/genuine/original_24_7.png,1,genuine_genuine,24,24
data/processed/validation/genuine/original_40_2.png,data/processed/validation/genuine/original_45_5.png,0,random_forgery,40,45
data/processed/train/genuine/original_21_5.png,data/processed/train/forged/forgeries_21_21.png,0,skilled_forgery,21,21
data/processed/validation/genuine/original_37_10.png,data/processed/validation/genuine/original_37_21.png,1,genuine_genuine,37,37
data/processed/train/genuine/original_14_2.png,data/processed/train/forged/forgeries_14_9.png,0,skilled_forgery,14,14
data/processed/validation/genuine/original_37_18.png,data/processed/validation/genuine/original_37_3.png,1,genuine_genuine,37,37
data/processed/train/genuine/original_14_22.png,data/processed/train/forged/forgeries_14_10.png,0,skilled_forgery,14,14
data/processed/train/genuine/original_10_15.png,data/processed/train/forged/forgeries_10_1.png,0,skilled_forgery,10,10
data/processed/train/genuine/original_6_13.png,data/processed/train/genuine/original_6_15.png,1,genuine_genuine,6,6
data/processed/validation/genuine/original_37_16.png,data/processed/validation/genuine/original_37_22.png,1,genuine_genuine,37,37
data/processed/validation/genuine/original_38_14.png,data/processed/validation/genuine/original_38_20.png,1,genuine_genuine,38,38
data/processed/train/genuine/original_23_12.png,data/processed/train/genuine/original_23_15.png,1,genuine_genuine,23,23
data/processed/validation/genuine/original_40_24.png,data/processed/validation/genuine/original_40_8.png,1,genuine_genuine,40,40
data/processed/validation/genuine/original_39_6.png,data/processed/train/genuine/original_18_22.png,0,random_forgery,39,18
data/processed/train/genuine/original_27_15.png,data/processed/train/genuine/original_27_22.png,1,genuine_genuine,27,27
data/processed/train/genuine/original_6_6.png,data/processed/train/forged/forgeries_6_24.png,0,skilled_forgery,6,6
data/processed/validation/genuine/original_38_13.png,data/processed/validation/genuine/original_38_9.png,1,genuine_genuine,38,38
data/processed/train/genuine/original_19_3.png,data/processed/train/genuine/original_22_21.png,0,random_forgery,19,22
data/processed/validation/genuine/original_40_16.png,data/processed/validation/genuine/original_40_18.png,1,genuine_genuine,40,40
data/processed/train/genuine/original_1_1.png,data/processed/train/forged/forgeries_1_4.png,0,skilled_forgery,1,1
data/processed/validation/genuine/original_38_23.png,data/processed/validation/genuine/original_44_21.png,0,random_forgery,38,44
data/processed/train/genuine/original_3_2.png,data/processed/train/genuine/original_3_3.png,1,genuine_genuine,3,3
data/processed/validation/genuine/original_37_3.png,data/processed/validation/forged/forgeries_37_19.png,0,skilled_forgery,37,37
data/processed/train/genuine/original_18_19.png,data/processed/train/genuine/original_8_3.png,0,random_forgery,18,8
data/processed/train/genuine/original_11_24.png,data/processed/train/genuine/original_11_9.png,1,genuine_genuine,11,11
data/processed/train/genuine/original_22_17.png,data/processed/train/genuine/original_22_7.png,1,genuine_genuine,22,22
data/processed/train/genuine/original_19_23.png,data/processed/train/genuine/original_19_24.png,1,genuine_genuine,19,19
data/processed/validation/genuine/original_44_22.png,data/processed/validation/genuine/original_44_23.png,1,genuine_genuine,44,44
data/processed/train/genuine/original_19_11.png,data/processed/train/genuine/original_19_4.png,1,genuine_genuine,19,19
data/processed/train/genuine/original_15_17.png,data/processed/train/genuine/original_15_9.png,1,genuine_genuine,15,15
data/processed/train/genuine/original_1_23.png,data/processed/train/genuine/original_13_19.png,0,random_forgery,1,13
data/processed/train/genuine/original_9_17.png,data/processed/train/genuine/original_9_21.png,1,genuine_genuine,9,9
data/processed/train/genuine/original_5_4.png,data/processed/train/forged/forgeries_5_14.png,0,skilled_forgery,5,5
data/processed/train/genuine/original_22_18.png,data/processed/train/genuine/original_22_6.png,1,genuine_genuine,22,22
data/processed/validation/genuine/original_42_15.png,data/processed/validation/forged/forgeries_42_4.png,0,skilled_forgery,42,42
data/processed/train/genuine/original_22_19.png,data/processed/train/genuine/original_22_21.png,1,genuine_genuine,22,22
data/processed/train/genuine/original_14_22.png,data/processed/train/forged/forgeries_14_21.png,0,skilled_forgery,14,14
data/processed/train/genuine/original_16_7.png,data/processed/train/genuine/original_16_8.png,1,genuine_genuine,16,16
data/processed/validation/genuine/original_43_13.png,data/processed/train/genuine/original_4_16.png,0,random_forgery,43,4
data/processed/validation/genuine/original_39_3.png,data/processed/train/genuine/original_13_18.png,0,random_forgery,39,13
data/processed/train/genuine/original_4_6.png,data/processed/train/forged/forgeries_4_14.png,0,skilled_forgery,4,4
data/processed/train/genuine/original_8_16.png,data/processed/train/genuine/original_6_9.png,0,random_forgery,8,6
data/processed/validation/genuine/original_42_3.png,data/processed/validation/genuine/original_42_7.png,1,genuine_genuine,42,42
data/processed/train/genuine/original_4_4.png,data/processed/train/genuine/original_4_9.png,1,genuine_genuine,4,4
data/processed/train/genuine/original_18_16.png,data/processed/validation/genuine/original_44_11.png,0,random_forgery,18,44
data/processed/validation/genuine/original_42_20.png,data/processed/validation/genuine/original_42_21.png,1,genuine_genuine,42,42
data/processed/train/genuine/original_26_9.png,data/processed/train/forged/forgeries_26_3.png,0,skilled_forgery,26,26
data/processed/train/genuine/original_6_18.png,data/processed/train/genuine/original_14_20.png,0,random_forgery,6,14
data/processed/train/genuine/original_24_12.png,data/processed/train/genuine/original_6_1.png,0,random_forgery,24,6
data/processed/train/genuine/original_20_4.png,data/processed/train/genuine/original_20_7.png,1,genuine_genuine,20,20
data/processed/validation/genuine/original_41_18.png,data/processed/validation/genuine/original_41_23.png,1,genuine_genuine,41,41
data/processed/train/genuine/original_15_8.png,data/processed/train/genuine/original_17_19.png,0,random_forgery,15,17
data/processed/train/genuine/original_26_16.png,data/processed/train/genuine/original_26_19.png,1,genuine_genuine,26,26
data/processed/train/genuine/original_12_16.png,data/processed/train/genuine/original_26_7.png,0,random_forgery,12,26
data/processed/train/genuine/original_10_7.png,data/processed/train/genuine/original_26_2.png,0,random_forgery,10,26
data/processed/validation/genuine/original_39_2.png,data/processed/validation/genuine/original_39_20.png,1,genuine_genuine,39,39
data/processed/train/genuine/original_17_9.png,data/processed/train/forged/forgeries_17_19.png,0,skilled_forgery,17,17
data/processed/validation/genuine/original_44_14.png,data/processed/validation/genuine/original_44_4.png,1,genuine_genuine,44,44
data/processed/train/genuine/original_8_17.png,data/processed/validation/genuine/original_37_4.png,0,random_forgery,8,37
data/processed/validation/genuine/original_41_9.png,data/processed/validation/forged/forgeries_41_15.png,0,skilled_forgery,41,41
data/processed/train/genuine/original_7_17.png,data/processed/train/forged/forgeries_7_5.png,0,skilled_forgery,7,7
data/processed/train/genuine/original_14_11.png,data/processed/train/genuine/original_14_7.png,1,genuine_genuine,14,14
data/processed/train/genuine/original_20_3.png,data/processed/train/genuine/original_20_9.png,1,genuine_genuine,20,20
data/processed/train/genuine/original_3_18.png,data/processed/train/genuine/original_3_4.png,1,genuine_genuine,3,3
data/processed/train/genuine/original_12_1.png,data/processed/train/genuine/original_24_5.png,0,random_forgery,12,24
data/processed/train/genuine/original_4_2.png,data/processed/train/forged/forgeries_4_8.png,0,skilled_forgery,4,4
data/processed/train/genuine/original_5_20.png,data/processed/train/genuine/original_5_5.png,1,genuine_genuine,5,5
data/processed/train/genuine/original_3_15.png,data/processed/train/genuine/original_3_16.png,1,genuine_genuine,3,3
data/processed/train/genuine/original_23_10.png,data/processed/train/genuine/original_24_1.png,0,random_forgery,23,24
data/processed/train/genuine/original_6_17.png,data/processed/train/genuine/original_6_20.png,1,genuine_genuine,6,6
data/processed/train/genuine/original_6_12.png,data/processed/train/genuine/original_6_16.png,1,genuine_genuine,6,6
data/processed/train/genuine/original_15_13.png,data/processed/train/genuine/original_15_19.png,1,genuine_genuine,15,15
data/processed/train/genuine/original_21_8.png,data/processed/train/genuine/original_20_11.png,0,random_forgery,21,20
data/processed/train/genuine/original_15_1.png,data/processed/train/genuine/original_15_23.png,1,genuine_genuine,15,15
data/processed/train/genuine/original_21_15.png,data/processed/train/genuine/original_21_2.png,1,genuine_genuine,21,21
data/processed/train/genuine/original_9_1.png,data/processed/train/genuine/original_9_11.png,1,genuine_genuine,9,9
data/processed/train/genuine/original_21_14.png,data/processed/train/genuine/original_21_17.png,1,genuine_genuine,21,21
data/processed/train/genuine/original_26_8.png,data/processed/train/genuine/original_15_15.png,0,random_forgery,26,15
data/processed/validation/genuine/original_39_22.png,data/processed/train/genuine/original_5_11.png,0,random_forgery,39,5
data/processed/validation/genuine/original_40_11.png,data/processed/train/genuine/original_8_12.png,0,random_forgery,40,8
data/processed/train/genuine/original_5_23.png,data/processed/train/forged/forgeries_5_2.png,0,skilled_forgery,5,5
data/processed/train/genuine/original_20_17.png,data/processed/train/genuine/original_17_19.png,0,random_forgery,20,17
data/processed/train/genuine/original_19_11.png,data/processed/train/genuine/original_19_18.png,1,genuine_genuine,19,19
data/processed/train/genuine/original_9_20.png,data/processed/train/forged/forgeries_9_23.png,0,skilled_forgery,9,9
data/processed/train/genuine/original_25_10.png,data/processed/train/genuine/original_25_23.png,1,genuine_genuine,25,25
data/processed/train/genuine/original_2_7.png,data/processed/train/genuine/original_2_9.png,1,genuine_genuine,2,2
data/processed/train/genuine/original_22_9.png,data/processed/train/forged/forgeries_22_9.png,0,skilled_forgery,22,22
data/processed/train/genuine/original_7_11.png,data/processed/train/genuine/original_7_20.png,1,genuine_genuine,7,7
data/processed/train/genuine/original_2_14.png,data/processed/train/genuine/original_2_20.png,1,genuine_genuine,2,2
data/processed/train/genuine/original_7_2.png,data/processed/train/genuine/original_7_6.png,1,genuine_genuine,7,7
data/processed/validation/genuine/original_37_19.png,data/processed/train/genuine/original_10_8.png,0,random_forgery,37,10
data/processed/validation/genuine/original_44_1.png,data/processed/validation/genuine/original_44_5.png,1,genuine_genuine,44,44
data/processed/train/genuine/original_14_11.png,data/processed/train/forged/forgeries_14_1.png,0,skilled_forgery,14,14
data/processed/validation/genuine/original_39_14.png,data/processed/validation/forged/forgeries_39_11.png,0,skilled_forgery,39,39
data/processed/train/genuine/original_19_10.png,data/processed/train/forged/forgeries_19_7.png,0,skilled_forgery,19,19
data/processed/validation/genuine/original_42_24.png,data/processed/validation/genuine/original_42_9.png,1,genuine_genuine,42,42
data/processed/train/genuine/original_8_14.png,data/processed/train/genuine/original_8_23.png,1,genuine_genuine,8,8
data/processed/train/genuine/original_19_15.png,data/processed/train/genuine/original_19_20.png,1,genuine_genuine,19,19
data/processed/train/genuine/original_13_13.png,data/processed/train/genuine/original_13_3.png,1,genuine_genuine,13,13
data/processed/train/genuine/original_4_1.png,data/processed/train/forged/forgeries_4_21.png,0,skilled_forgery,4,4
data/processed/train/genuine/original_14_1.png,data/processed/train/forged/forgeries_14_16.png,0,skilled_forgery,14,14
data/processed/train/genuine/original_23_8.png,data/processed/validation/genuine/original_42_19.png,0,random_forgery,23,42
data/processed/train/genuine/original_20_12.png,data/processed/train/genuine/original_20_4.png,1,genuine_genuine,20,20
data/processed/train/genuine/original_24_21.png,data/processed/train/forged/forgeries_24_11.png,0,skilled_forgery,24,24
data/processed/train/genuine/original_8_22.png,data/processed/train/genuine/original_8_24.png,1,genuine_genuine,8,8
data/processed/train/genuine/original_12_14.png,data/processed/train/forged/forgeries_12_3.png,0,skilled_forgery,12,12
data/processed/train/genuine/original_6_17.png,data/processed/train/genuine/original_6_24.png,1,genuine_genuine,6,6
data/processed/train/genuine/original_25_16.png,data/processed/train/forged/forgeries_25_19.png,0,skilled_forgery,25,25
data/processed/validation/genuine/original_37_15.png,data/processed/validation/genuine/original_37_4.png,1,genuine_genuine,37,37
data/processed/train/genuine/original_14_13.png,data/processed/train/forged/forgeries_14_9.png,0,skilled_forgery,14,14
data/processed/validation/genuine/original_39_4.png,data/processed/validation/forged/forgeries_39_10.png,0,skilled_forgery,39,39
data/processed/validation/genuine/original_45_8.png,data/processed/validation/forged/forgeries_45_9.png,0,skilled_forgery,45,45
data/processed/train/genuine/original_22_16.png,data/processed/validation/genuine/original_39_7.png,0,random_forgery,22,39
data/processed/train/genuine/original_3_11.png,data/processed/train/genuine/original_11_6.png,0,random_forgery,3,11
data/processed/train/genuine/original_17_17.png,data/processed/validation/genuine/original_37_10.png,0,random_forgery,17,37
data/processed/validation/genuine/original_37_2.png,data/processed/validation/genuine/original_37_5.png,1,genuine_genuine,37,37
data/processed/validation/genuine/original_39_11.png,data/processed/validation/genuine/original_39_6.png,1,genuine_genuine,39,39
data/processed/train/genuine/original_3_19.png,data/processed/train/genuine/original_22_9.png,0,random_forgery,3,22
data/processed/train/genuine/original_2_1.png,data/processed/train/genuine/original_2_24.png,1,genuine_genuine,2,2
data/processed/train/genuine/original_7_17.png,data/processed/train/forged/forgeries_7_7.png,0,skilled_forgery,7,7
data/processed/train/genuine/original_21_20.png,data/processed/train/genuine/original_21_5.png,1,genuine_genuine,21,21
data/processed/validation/genuine/original_42_14.png,data/processed/validation/genuine/original_42_4.png,1,genuine_genuine,42,42
data/processed/validation/genuine/original_42_5.png,data/processed/validation/genuine/original_42_7.png,1,genuine_genuine,42,42
data/processed/train/genuine/original_19_19.png,data/processed/train/genuine/original_19_7.png,1,genuine_genuine,19,19
data/processed/validation/genuine/original_42_19.png,data/processed/train/genuine/original_15_24.png,0,random_forgery,42,15
data/processed/train/genuine/original_15_8.png,data/processed/train/forged/forgeries_15_15.png,0,skilled_forgery,15,15
data/processed/train/genuine/original_19_14.png,data/processed/train/genuine/original_19_24.png,1,genuine_genuine,19,19
data/processed/train/genuine/original_26_1.png,data/processed/train/genuine/original_26_8.png,1,genuine_genuine,26,26
data/processed/train/genuine/original_2_10.png,data/processed/validation/genuine/original_41_3.png,0,random_forgery,2,41
data/processed/train/genuine/original_17_10.png,data/processed/train/genuine/original_19_15.png,0,random_forgery,17,19
data/processed/validation/genuine/original_40_3.png,data/processed/validation/genuine/original_40_9.png,1,genuine_genuine,40,40
data/processed/train/genuine/original_19_7.png,data/processed/train/forged/forgeries_19_11.png,0,skilled_forgery,19,19
data/processed/train/genuine/original_17_6.png,data/processed/train/forged/forgeries_17_4.png,0,skilled_forgery,17,17
data/processed/validation/genuine/original_45_8.png,data/processed/validation/forged/forgeries_45_14.png,0,skilled_forgery,45,45
data/processed/train/genuine/original_1_15.png,data/processed/train/forged/forgeries_1_3.png,0,skilled_forgery,1,1
data/processed/train/genuine/original_26_12.png,data/processed/train/genuine/original_26_6.png,1,genuine_genuine,26,26
data/processed/train/genuine/original_12_23.png,data/processed/train/genuine/original_27_16.png,0,random_forgery,12,27
data/processed/train/genuine/original_5_2.png,data/processed/train/genuine/original_5_23.png,1,genuine_genuine,5,5
data/processed/validation/genuine/original_43_16.png,data/processed/validation/forged/forgeries_43_3.png,0,skilled_forgery,43,43
data/processed/validation/genuine/original_38_11.png,data/processed/train/genuine/original_2_18.png,0,random_forgery,38,2
data/processed/train/genuine/original_16_22.png,data/processed/train/genuine/original_16_6.png,1,genuine_genuine,16,16
data/processed/train/genuine/original_10_1.png,data/processed/train/genuine/original_10_7.png,1,genuine_genuine,10,10
data/processed/validation/genuine/original_39_24.png,data/processed/validation/forged/forgeries_39_5.png,0,skilled_forgery,39,39
data/processed/train/genuine/original_1_9.png,data/processed/train/forged/forgeries_1_4.png,0,skilled_forgery,1,1
data/processed/validation/genuine/original_40_23.png,data/processed/validation/genuine/original_40_7.png,1,genuine_genuine,40,40
data/processed/validation/genuine/original_40_4.png,data/processed/train/genuine/original_14_20.png,0,random_forgery,40,14
data/processed/train/genuine/original_25_10.png,data/processed/train/genuine/original_25_14.png,1,genuine_genuine,25,25
data/processed/train/genuine/original_3_17.png,data/processed/train/forged/forgeries_3_10.png,0,skilled_forgery,3,3
data/processed/train/genuine/original_4_13.png,data/processed/train/genuine/original_4_20.png,1,genuine_genuine,4,4
data/processed/train/genuine/original_23_15.png,data/processed/train/genuine/original_23_24.png,1,genuine_genuine,23,23
data/processed/train/genuine/original_15_18.png,data/processed/train/forged/forgeries_15_18.png,0,skilled_forgery,15,15
data/processed/train/genuine/original_8_8.png,data/processed/train/genuine/original_18_12.png,0,random_forgery,8,18
data/processed/validation/genuine/original_41_1.png,data/processed/validation/genuine/original_41_20.png,1,genuine_genuine,41,41
data/processed/validation/genuine/original_45_18.png,data/processed/train/genuine/original_15_10.png,0,random_forgery,45,15
data/processed/validation/genuine/original_38_24.png,data/processed/validation/genuine/original_38_3.png,1,genuine_genuine,38,38
data/processed/train/genuine/original_27_7.png,data/processed/train/genuine/original_21_9.png,0,random_forgery,27,21
data/processed/train/genuine/original_10_3.png,data/processed/train/forged/forgeries_10_18.png,0,skilled_forgery,10,10
data/processed/train/genuine/original_22_22.png,data/processed/train/genuine/original_22_3.png,1,genuine_genuine,22,22
data/processed/train/genuine/original_4_6.png,data/processed/train/genuine/original_4_8.png,1,genuine_genuine,4,4
data/processed/train/genuine/original_20_9.png,data/processed/train/forged/forgeries_20_8.png,0,skilled_forgery,20,20
data/processed/train/genuine/original_2_22.png,data/processed/train/genuine/original_2_7.png,1,genuine_genuine,2,2
data/processed/train/genuine/original_2_4.png,data/processed/train/genuine/original_2_9.png,1,genuine_genuine,2,2
data/processed/train/genuine/original_17_11.png,data/processed/train/genuine/original_17_9.png,1,genuine_genuine,17,17
data/processed/train/genuine/original_20_17.png,data/processed/train/genuine/original_20_18.png,1,genuine_genuine,20,20
data/processed/train/genuine/original_2_22.png,data/processed/train/forged/forgeries_2_1.png,0,skilled_forgery,2,2
data/processed/train/genuine/original_25_17.png,data/processed/train/genuine/original_25_9.png,1,genuine_genuine,25,25
data/processed/train/genuine/original_14_24.png,data/processed/train/genuine/original_9_11.png,0,random_forgery,14,9
data/processed/train/genuine/original_24_1.png,data/processed/train/forged/forgeries_24_21.png,0,skilled_forgery,24,24
data/processed/train/genuine/original_2_21.png,data/processed/validation/genuine/original_39_21.png,0,random_forgery,2,39
data/processed/train/genuine/original_26_20.png,data/processed/train/forged/forgeries_26_20.png,0,skilled_forgery,26,26
data/processed/train/genuine/original_8_15.png,data/processed/train/genuine/original_8_8.png,1,genuine_genuine,8,8
data/processed/train/genuine/original_17_24.png,data/processed/train/genuine/original_17_3.png,1,genuine_genuine,17,17
data/processed/train/genuine/original_26_16.png,data/processed/train/genuine/original_26_23.png,1,genuine_genuine,26,26
data/processed/train/genuine/original_2_17.png,data/processed/validation/genuine/original_39_9.png,0,random_forgery,2,39
data/processed/train/genuine/original_1_12.png,data/processed/validation/genuine/original_39_12.png,0,random_forgery,1,39
data/processed/train/genuine/original_13_22.png,data/processed/train/genuine/original_13_6.png,1,genuine_genuine,13,13
data/processed/train/genuine/original_14_21.png,data/processed/train/genuine/original_14_5.png,1,genuine_genuine,14,14
data/processed/train/genuine/original_23_3.png,data/processed/train/genuine/original_23_8.png,1,genuine_genuine,23,23
data/processed/train/genuine/original_5_10.png,data/processed/train/genuine/original_5_5.png,1,genuine_genuine,5,5
data/processed/train/genuine/original_19_16.png,data/processed/train/forged/forgeries_19_1.png,0,skilled_forgery,19,19
data/processed/train/genuine/original_1_2.png,data/processed/train/genuine/original_1_6.png,1,genuine_genuine,1,1
data/processed/train/genuine/original_21_20.png,data/processed/train/genuine/original_21_9.png,1,genuine_genuine,21,21
data/processed/train/genuine/original_26_13.png,data/processed/train/genuine/original_26_14.png,1,genuine_genuine,26,26
data/processed/validation/genuine/original_40_16.png,data/processed/validation/genuine/original_40_3.png,1,genuine_genuine,40,40
data/processed/train/genuine/original_9_14.png,data/processed/train/genuine/original_9_19.png,1,genuine_genuine,9,9
data/processed/validation/genuine/original_38_23.png,data/processed/validation/forged/forgeries_38_10.png,0,skilled_forgery,38,38
data/processed/train/genuine/original_22_2.png,data/processed/train/genuine/original_22_7.png,1,genuine_genuine,22,22
data/processed/train/genuine/original_25_18.png,data/processed/train/genuine/original_25_9.png,1,genuine_genuine,25,25
data/processed/train/genuine/original_20_4.png,data/processed/train/genuine/original_24_17.png,0,random_forgery,20,24
data/processed/train/genuine/original_7_22.png,data/processed/train/genuine/original_7_24.png,1,genuine_genuine,7,7
data/processed/train/genuine/original_19_12.png,data/processed/train/forged/forgeries_19_23.png,0,skilled_forgery,19,19
data/processed/train/genuine/original_22_19.png,data/processed/train/genuine/original_22_20.png,1,genuine_genuine,22,22
data/processed/train/genuine/original_18_6.png,data/processed/train/genuine/original_14_2.png,0,random_forgery,18,14
data/processed/validation/genuine/original_37_19.png,data/processed/validation/genuine/original_37_6.png,1,genuine_genuine,37,37
data/processed/train/genuine/original_14_19.png,data/processed/train/forged/forgeries_14_9.png,0,skilled_forgery,14,14
data/processed/validation/genuine/original_42_24.png,data/processed/validation/genuine/original_42_4.png,1,genuine_genuine,42,42
data/processed/train/genuine/original_6_21.png,data/processed/train/genuine/original_6_24.png,1,genuine_genuine,6,6
data/processed/train/genuine/original_15_2.png,data/processed/train/genuine/original_15_9.png,1,genuine_genuine,15,15
data/processed/train/genuine/original_10_2.png,data/processed/train/genuine/original_25_6.png,0,random_forgery,10,25
data/processed/validation/genuine/original_39_19.png,data/processed/validation/forged/forgeries_39_14.png,0,skilled_forgery,39,39
data/processed/train/genuine/original_1_1.png,data/processed/train/genuine/original_1_22.png,1,genuine_genuine,1,1
data/processed/train/genuine/original_27_6.png,data/processed/train/forged/forgeries_27_8.png,0,skilled_forgery,27,27
data/processed/train/genuine/original_23_21.png,data/processed/train/genuine/original_23_5.png,1,genuine_genuine,23,23
data/processed/validation/genuine/original_43_24.png,data/processed/train/genuine/original_10_10.png,0,random_forgery,43,10
data/processed/train/genuine/original_12_13.png,data/processed/train/genuine/original_12_24.png,1,genuine_genuine,12,12
data/processed/train/genuine/original_16_3.png,data/processed/train/forged/forgeries_16_23.png,0,skilled_forgery,16,16
data/processed/train/genuine/original_13_12.png,data/processed/train/genuine/original_13_21.png,1,genuine_genuine,13,13
data/processed/train/genuine/original_23_24.png,data/processed/train/genuine/original_23_4.png,1,genuine_genuine,23,23
data/processed/train/genuine/original_24_12.png,data/processed/train/forged/forgeries_24_8.png,0,skilled_forgery,24,24
data/processed/train/genuine/original_11_17.png,data/processed/validation/genuine/original_43_15.png,0,random_forgery,11,43
data/processed/train/genuine/original_27_16.png,data/processed/train/genuine/original_27_19.png,1,genuine_genuine,27,27
data/processed/train/genuine/original_1_15.png,data/processed/train/genuine/original_15_3.png,0,random_forgery,1,15
data/processed/train/genuine/original_18_3.png,data/processed/train/forged/forgeries_18_19.png,0,skilled_forgery,18,18
data/processed/train/genuine/original_9_16.png,data/processed/train/genuine/original_9_19.png,1,genuine_genuine,9,9
data/processed/train/genuine/original_22_14.png,data/processed/validation/genuine/original_38_7.png,0,random_forgery,22,38
data/processed/train/genuine/original_7_19.png,data/processed/train/forged/forgeries_7_7.png,0,skilled_forgery,7,7
data/processed/train/genuine/original_18_10.png,data/processed/train/genuine/original_18_12.png,1,genuine_genuine,18,18
data/processed/train/genuine/original_18_12.png,data/processed/train/genuine/original_18_14.png,1,genuine_genuine,18,18
data/processed/train/genuine/original_8_23.png,data/processed/train/forged/forgeries_8_20.png,0,skilled_forgery,8,8
data/processed/validation/genuine/original_40_14.png,data/processed/validation/forged/forgeries_40_4.png,0,skilled_forgery,40,40
data/processed/validation/genuine/original_40_14.png,data/processed/validation/genuine/original_40_17.png,1,genuine_genuine,40,40
data/processed/train/genuine/original_18_15.png,data/processed/train/genuine/original_18_2.png,1,genuine_genuine,18,18
data/processed/train/genuine/original_27_12.png,data/processed/train/genuine/original_27_20.png,1,genuine_genuine,27,27
data/processed/validation/genuine/original_39_23.png,data/processed/train/genuine/original_22_14.png,0,random_forgery,39,22
data/processed/train/genuine/original_1_24.png,data/processed/train/genuine/original_24_1.png,0,random_forgery,1,24
data/processed/validation/genuine/original_44_16.png,data/processed/validation/genuine/original_44_9.png,1,genuine_genuine,44,44
data/processed/train/genuine/original_1_22.png,data/processed/validation/genuine/original_42_19.png,0,random_forgery,1,42
data/processed/train/genuine/original_3_15.png,data/processed/train/forged/forgeries_3_4.png,0,skilled_forgery,3,3
data/processed/train/genuine/original_23_12.png,data/processed/train/forged/forgeries_23_6.png,0,skilled_forgery,23,23
data/processed/train/genuine/original_20_10.png,data/processed/train/genuine/original_20_20.png,1,genuine_genuine,20,20
data/processed/train/genuine/original_6_9.png,data/processed/train/genuine/original_20_10.png,0,random_forgery,6,20
data/processed/train/genuine/original_5_18.png,data/processed/train/genuine/original_5_6.png,1,genuine_genuine,5,5
data/processed/train/genuine/original_20_22.png,data/processed/validation/genuine/original_44_4.png,0,random_forgery,20,44
data/processed/train/genuine/original_11_16.png,data/processed/train/genuine/original_11_8.png,1,genuine_genuine,11,11
data/processed/validation/genuine/original_40_15.png,data/processed/validation/genuine/original_40_4.png,1,genuine_genuine,40,40
data/processed/validation/genuine/original_41_18.png,data/processed/train/genuine/original_14_14.png,0,random_forgery,41,14
data/processed/validation/genuine/original_38_22.png,data/processed/validation/genuine/original_38_5.png,1,genuine_genuine,38,38
data/processed/train/genuine/original_25_1.png,data/processed/train/genuine/original_25_4.png,1,genuine_genuine,25,25
data/processed/train/genuine/original_5_24.png,data/processed/train/forged/forgeries_5_9.png,0,skilled_forgery,5,5
data/processed/train/genuine/original_5_3.png,data/processed/train/forged/forgeries_5_19.png,0,skilled_forgery,5,5
data/processed/train/genuine/original_3_13.png,data/processed/train/genuine/original_3_16.png,1,genuine_genuine,3,3
data/processed/train/genuine/original_2_20.png,data/processed/train/genuine/original_2_3.png,1,genuine_genuine,2,2
data/processed/train/genuine/original_10_1.png,data/processed/train/genuine/original_10_10.png,1,genuine_genuine,10,10
data/processed/train/genuine/original_14_2.png,data/processed/train/genuine/original_14_20.png,1,genuine_genuine,14,14
data/processed/train/genuine/original_20_7.png,data/processed/train/forged/forgeries_20_10.png,0,skilled_forgery,20,20
data/processed/train/genuine/original_23_14.png,data/processed/train/genuine/original_23_8.png,1,genuine_genuine,23,23
data/processed/validation/genuine/original_43_19.png,data/processed/validation/forged/forgeries_43_10.png,0,skilled_forgery,43,43
data/processed/train/genuine/original_7_24.png,data/processed/train/forged/forgeries_7_19.png,0,skilled_forgery,7,7
data/processed/validation/genuine/original_42_18.png,data/processed/train/genuine/original_13_15.png,0,random_forgery,42,13
data/processed/train/genuine/original_10_16.png,data/processed/train/forged/forgeries_10_9.png,0,skilled_forgery,10,10
data/processed/train/genuine/original_3_18.png,data/processed/train/genuine/original_20_2.png,0,random_forgery,3,20
data/processed/train/genuine/original_10_12.png,data/processed/train/genuine/original_10_8.png,1,genuine_genuine,10,10
data/processed/validation/genuine/original_45_10.png,data/processed/validation/genuine/original_45_3.png,1,genuine_genuine,45,45
data/processed/train/genuine/original_2_1.png,data/processed/train/genuine/original_2_11.png,1,genuine_genuine,2,2
data/processed/validation/genuine/original_40_1.png,data/processed/validation/genuine/original_40_17.png,1,genuine_genuine,40,40
data/processed/validation/genuine/original_44_11.png,data/processed/validation/forged/forgeries_44_21.png,0,skilled_forgery,44,44
data/processed/train/genuine/original_1_22.png,data/processed/train/forged/forgeries_1_14.png,0,skilled_forgery,1,1
data/processed/train/genuine/original_16_11.png,data/processed/train/genuine/original_25_14.png,0,random_forgery,16,25
data/processed/train/genuine/original_19_12.png,data/processed/train/genuine/original_19_2.png,1,genuine_genuine,19,19
data/processed/train/genuine/original_3_20.png,data/processed/train/forged/forgeries_3_10.png,0,skilled_forgery,3,3
data/processed/train/genuine/original_4_10.png,data/processed/train/genuine/original_4_6.png,1,genuine_genuine,4,4
data/processed/train/genuine/original_26_21.png,data/processed/train/forged/forgeries_26_23.png,0,skilled_forgery,26,26
data/processed/train/genuine/original_20_22.png,data/processed/train/genuine/original_20_7.png,1,genuine_genuine,20,20
data/processed/train/genuine/original_16_23.png,data/processed/train/genuine/original_16_9.png,1,genuine_genuine,16,16
data/processed/train/genuine/original_24_21.png,data/processed/train/genuine/original_24_5.png,1,genuine_genuine,24,24
data/processed/validation/genuine/original_45_6.png,data/processed/validation/genuine/original_45_8.png,1,genuine_genuine,45,45
data/processed/train/genuine/original_4_6.png,data/processed/train/genuine/original_4_7.png,1,genuine_genuine,4,4
data/processed/validation/genuine/original_45_14.png,data/processed/validation/genuine/original_45_21.png,1,genuine_genuine,45,45
data/processed/train/genuine/original_6_5.png,data/processed/train/forged/forgeries_6_21.png,0,skilled_forgery,6,6
data/processed/validation/genuine/original_42_4.png,data/processed/validation/genuine/original_42_8.png,1,genuine_genuine,42,42
data/processed/train/genuine/original_21_1.png,data/processed/validation/genuine/original_41_23.png,0,random_forgery,21,41
data/processed/train/genuine/original_11_13.png,data/processed/train/genuine/original_11_15.png,1,genuine_genuine,11,11
data/processed/validation/genuine/original_40_17.png,data/processed/validation/genuine/original_40_23.png,1,genuine_genuine,40,40
data/processed/validation/genuine/original_44_15.png,data/processed/validation/genuine/original_44_21.png,1,genuine_genuine,44,44
data/processed/validation/genuine/original_45_22.png,data/processed/validation/genuine/original_45_3.png,1,genuine_genuine,45,45
data/processed/train/genuine/original_17_20.png,data/processed/train/genuine/original_17_9.png,1,genuine_genuine,17,17
data/processed/train/genuine/original_15_7.png,data/processed/train/forged/forgeries_15_1.png,0,skilled_forgery,15,15
data/processed/train/genuine/original_5_14.png,data/processed/train/genuine/original_5_22.png,1,genuine_genuine,5,5
data/processed/validation/genuine/original_39_14.png,data/processed/validation/forged/forgeries_39_23.png,0,skilled_forgery,39,39
data/processed/train/genuine/original_3_17.png,data/processed/train/genuine/original_24_11.png,0,random_forgery,3,24
data/processed/train/genuine/original_17_19.png,data/processed/train/forged/forgeries_17_19.png,0,skilled_forgery,17,17
data/processed/validation/genuine/original_44_9.png,data/processed/validation/forged/forgeries_44_7.png,0,skilled_forgery,44,44
data/processed/train/genuine/original_15_13.png,data/processed/train/genuine/original_15_6.png,1,genuine_genuine,15,15
data/processed/train/genuine/original_17_14.png,data/processed/train/genuine/original_17_15.png,1,genuine_genuine,17,17
data/processed/validation/genuine/original_45_13.png,data/processed/validation/genuine/original_45_15.png,1,genuine_genuine,45,45
data/processed/validation/genuine/original_45_2.png,data/processed/validation/genuine/original_45_3.png,1,genuine_genuine,45,45
data/processed/train/genuine/original_9_9.png,data/processed/train/forged/forgeries_9_7.png,0,skilled_forgery,9,9
data/processed/train/genuine/original_25_3.png,data/processed/train/genuine/original_9_24.png,0,random_forgery,25,9
data/processed/train/genuine/original_2_22.png,data/processed/train/genuine/original_22_21.png,0,random_forgery,2,22
data/processed/validation/genuine/original_40_9.png,data/processed/train/genuine/original_16_12.png,0,random_forgery,40,16
data/processed/train/genuine/original_16_10.png,data/processed/train/forged/forgeries_16_20.png,0,skilled_forgery,16,16
data/processed/train/genuine/original_26_12.png,data/processed/train/genuine/original_26_22.png,1,genuine_genuine,26,26
data/processed/train/genuine/original_9_14.png,data/processed/train/genuine/original_9_15.png,1,genuine_genuine,9,9
data/processed/train/genuine/original_2_17.png,data/processed/train/genuine/original_2_7.png,1,genuine_genuine,2,2
data/processed/validation/genuine/original_37_20.png,data/processed/validation/forged/forgeries_37_5.png,0,skilled_forgery,37,37
data/processed/train/genuine/original_24_21.png,data/processed/train/genuine/original_15_11.png,0,random_forgery,24,15
data/processed/validation/genuine/original_40_12.png,data/processed/validation/genuine/original_40_4.png,1,genuine_genuine,40,40
data/processed/train/genuine/original_25_10.png,data/processed/train/genuine/original_25_9.png,1,genuine_genuine,25,25
data/processed/train/genuine/original_15_19.png,data/processed/train/genuine/original_15_24.png,1,genuine_genuine,15,15
data/processed/train/genuine/original_18_18.png,data/processed/validation/genuine/original_38_7.png,0,random_forgery,18,38
data/processed/validation/genuine/original_37_20.png,data/processed/validation/genuine/original_37_3.png,1,genuine_genuine,37,37
data/processed/train/genuine/original_11_6.png,data/processed/train/forged/forgeries_11_16.png,0,skilled_forgery,11,11
data/processed/train/genuine/original_4_7.png,data/processed/validation/genuine/original_40_18.png,0,random_forgery,4,40
data/processed/validation/genuine/original_43_21.png,data/processed/validation/genuine/original_43_23.png,1,genuine_genuine,43,43
data/processed/train/genuine/original_6_5.png,data/processed/train/genuine/original_6_6.png,1,genuine_genuine,6,6
data/processed/train/genuine/original_25_16.png,data/processed/train/forged/forgeries_25_1.png,0,skilled_forgery,25,25
data/processed/train/genuine/original_11_2.png,data/processed/validation/genuine/original_38_24.png,0,random_forgery,11,38
data/processed/train/genuine/original_14_17.png,data/processed/train/forged/forgeries_14_4.png,0,skilled_forgery,14,14
data/processed/validation/genuine/original_42_13.png,data/processed/validation/genuine/original_42_8.png,1,genuine_genuine,42,42
data/processed/train/genuine/original_8_19.png,data/processed/train/genuine/original_8_9.png,1,genuine_genuine,8,8
data/processed/train/genuine/original_1_17.png,data/processed/train/forged/forgeries_1_13.png,0,skilled_forgery,1,1
data/processed/train/genuine/original_1_21.png,data/processed/train/genuine/original_3_3.png,0,random_forgery,1,3
data/processed/train/genuine/original_20_19.png,data/processed/train/genuine/original_6_3.png,0,random_forgery,20,6
data/processed/train/genuine/original_21_13.png,data/processed/train/genuine/original_21_15.png,1,genuine_genuine,21,21
data/processed/train/genuine/original_2_21.png,data/processed/train/genuine/original_2_5.png,1,genuine_genuine,2,2
data/processed/validation/genuine/original_39_23.png,data/processed/validation/forged/forgeries_39_17.png,0,skilled_forgery,39,39
data/processed/train/genuine/original_11_19.png,data/processed/train/forged/forgeries_11_8.png,0,skilled_forgery,11,11
data/processed/train/genuine/original_2_17.png,data/processed/train/genuine/original_2_20.png,1,genuine_genuine,2,2
data/processed/train/genuine/original_4_10.png,data/processed/train/genuine/original_4_5.png,1,genuine_genuine,4,4
data/processed/train/genuine/original_16_20.png,data/processed/train/forged/forgeries_16_1.png,0,skilled_forgery,16,16
data/processed/validation/genuine/original_38_13.png,data/processed/validation/genuine/original_38_16.png,1,genuine_genuine,38,38
data/processed/train/genuine/original_12_11.png,data/processed/train/genuine/original_12_2.png,1,genuine_genuine,12,12
data/processed/train/genuine/original_17_24.png,data/processed/train/genuine/original_23_15.png,0,random_forgery,17,23
data/processed/train/genuine/original_15_4.png,data/processed/train/forged/forgeries_15_7.png,0,skilled_forgery,15,15
data/processed/train/genuine/original_20_4.png,data/processed/train/genuine/original_20_8.png,1,genuine_genuine,20,20
data/processed/validation/genuine/original_44_13.png,data/processed/validation/genuine/original_44_5.png,1,genuine_genuine,44,44
data/processed/train/genuine/original_3_16.png,data/processed/train/genuine/original_3_9.png,1,genuine_genuine,3,3
data/processed/train/genuine/original_19_19.png,data/processed/train/genuine/original_19_5.png,1,genuine_genuine,19,19
data/processed/train/genuine/original_1_14.png,data/processed/train/genuine/original_1_4.png,1,genuine_genuine,1,1
data/processed/validation/genuine/original_42_10.png,data/processed/validation/forged/forgeries_42_5.png,0,skilled_forgery,42,42
data/processed/train/genuine/original_9_4.png,data/processed/train/forged/forgeries_9_11.png,0,skilled_forgery,9,9
data/processed/train/genuine/original_3_1.png,data/processed/train/genuine/original_3_23.png,1,genuine_genuine,3,3
data/processed/train/genuine/original_11_15.png,data/processed/train/genuine/original_11_23.png,1,genuine_genuine,11,11
data/processed/train/genuine/original_10_17.png,data/processed/train/genuine/original_10_8.png,1,genuine_genuine,10,10
data/processed/train/genuine/original_2_17.png,data/processed/train/forged/forgeries_2_20.png,0,skilled_forgery,2,2
data/processed/train/genuine/original_7_2.png,data/processed/train/genuine/original_7_20.png,1,genuine_genuine,7,7
data/processed/train/genuine/original_19_17.png,data/processed/train/genuine/original_19_18.png,1,genuine_genuine,19,19
data/processed/train/genuine/original_26_6.png,data/processed/train/genuine/original_25_17.png,0,random_forgery,26,25
data/processed/train/genuine/original_17_20.png,data/processed/train/genuine/original_17_5.png,1,genuine_genuine,17,17
data/processed/validation/genuine/original_39_14.png,data/processed/validation/genuine/original_39_6.png,1,genuine_genuine,39,39
data/processed/train/genuine/original_27_1.png,data/processed/train/genuine/original_27_24.png,1,genuine_genuine,27,27
data/processed/validation/genuine/original_43_15.png,data/processed/train/genuine/original_6_4.png,0,random_forgery,43,6
data/processed/train/genuine/original_17_13.png,data/processed/train/forged/forgeries_17_23.png,0,skilled_forgery,17,17
data/processed/train/genuine/original_16_15.png,data/processed/train/genuine/original_16_20.png,1,genuine_genuine,16,16
data/processed/train/genuine/original_21_10.png,data/processed/train/genuine/original_21_4.png,1,genuine_genuine,21,21
data/processed/train/genuine/original_16_11.png,data/processed/train/genuine/original_16_16.png,1,genuine_genuine,16,16
data/processed/train/genuine/original_17_16.png,data/processed/train/genuine/original_17_23.png,1,genuine_genuine,17,17
data/processed/validation/genuine/original_44_1.png,data/processed/validation/genuine/original_44_19.png,1,genuine_genuine,44,44
data/processed/validation/genuine/original_43_13.png,data/processed/train/genuine/original_3_2.png,0,random_forgery,43,3
data/processed/train/genuine/original_27_23.png,data/processed/train/forged/forgeries_27_10.png,0,skilled_forgery,27,27
data/processed/validation/genuine/original_41_14.png,data/processed/validation/genuine/original_41_23.png,1,genuine_genuine,41,41
data/processed/train/genuine/original_5_3.png,data/processed/train/genuine/original_25_20.png,0,random_forgery,5,25
data/processed/train/genuine/original_12_13.png,data/processed/train/genuine/original_12_2.png,1,genuine_genuine,12,12
data/processed/train/genuine/original_1_8.png,data/processed/train/forged/forgeries_1_4.png,0,skilled_forgery,1,1
data/processed/train/genuine/original_20_13.png,data/processed/train/genuine/original_20_9.png,1,genuine_genuine,20,20
data/processed/train/genuine/original_22_7.png,data/processed/train/forged/forgeries_22_24.png,0,skilled_forgery,22,22
data/processed/validation/genuine/original_39_10.png,data/processed/validation/genuine/original_39_8.png,1,genuine_genuine,39,39
data/processed/validation/genuine/original_38_13.png,data/processed/validation/forged/forgeries_38_14.png,0,skilled_forgery,38,38
data/processed/train/genuine/original_21_16.png,data/processed/train/genuine/original_21_24.png,1,genuine_genuine,21,21
data/processed/train/genuine/original_27_18.png,data/processed/train/genuine/original_1_4.png,0,random_forgery,27,1
data/processed/train/genuine/original_26_18.png,data/processed/train/genuine/original_26_19.png,1,genuine_genuine,26,26
data/processed/train/genuine/original_21_10.png,data/processed/train/forged/forgeries_21_8.png,0,skilled_forgery,21,21
data/processed/train/genuine/original_10_12.png,data/processed/train/forged/forgeries_10_21.png,0,skilled_forgery,10,10
data/processed/validation/genuine/original_43_8.png,data/processed/validation/genuine/original_43_9.png,1,genuine_genuine,43,43
data/processed/train/genuine/original_4_20.png,data/processed/train/forged/forgeries_4_7.png,0,skilled_forgery,4,4
data/processed/train/genuine/original_17_11.png,data/processed/train/genuine/original_17_4.png,1,genuine_genuine,17,17
data/processed/train/genuine/original_10_6.png,data/processed/train/forged/forgeries_10_16.png,0,skilled_forgery,10,10
data/processed/train/genuine/original_26_23.png,data/processed/train/genuine/original_26_7.png,1,genuine_genuine,26,26
data/processed/train/genuine/original_21_1.png,data/processed/train/genuine/original_21_4.png,1,genuine_genuine,21,21
data/processed/train/genuine/original_10_10.png,data/processed/train/genuine/original_10_17.png,1,genuine_genuine,10,10
data/processed/train/genuine/original_8_13.png,data/processed/train/genuine/original_8_24.png,1,genuine_genuine,8,8
data/processed/train/genuine/original_25_17.png,data/processed/train/genuine/original_25_7.png,1,genuine_genuine,25,25
data/processed/train/genuine/original_7_3.png,data/processed/train/genuine/original_7_9.png,1,genuine_genuine,7,7
data/processed/train/genuine/original_22_19.png,data/processed/train/forged/forgeries_22_12.png,0,skilled_forgery,22,22
data/processed/train/genuine/original_6_16.png,data/processed/train/forged/forgeries_6_11.png,0,skilled_forgery,6,6
data/processed/train/genuine/original_14_19.png,data/processed/train/forged/forgeries_14_1.png,0,skilled_forgery,14,14
data/processed/train/genuine/original_16_9.png,data/processed/train/forged/forgeries_16_19.png,0,skilled_forgery,16,16
data/processed/train/genuine/original_15_2.png,data/processed/train/genuine/original_15_7.png,1,genuine_genuine,15,15
data/processed/train/genuine/original_5_3.png,data/processed/train/genuine/original_5_8.png,1,genuine_genuine,5,5
data/processed/train/genuine/original_1_2.png,data/processed/train/forged/forgeries_1_8.png,0,skilled_forgery,1,1
data/processed/train/genuine/original_2_8.png,data/processed/train/forged/forgeries_2_18.png,0,skilled_forgery,2,2
data/processed/train/genuine/original_16_4.png,data/processed/train/forged/forgeries_16_14.png,0,skilled_forgery,16,16
data/processed/validation/genuine/original_42_14.png,data/processed/validation/genuine/original_42_21.png,1,genuine_genuine,42,42
data/processed/train/genuine/original_8_2.png,data/processed/train/genuine/original_8_7.png,1,genuine_genuine,8,8
data/processed/train/genuine/original_14_3.png,data/processed/train/genuine/original_14_9.png,1,genuine_genuine,14,14
data/processed/train/genuine/original_18_7.png,data/processed/train/forged/forgeries_18_14.png,0,skilled_forgery,18,18
data/processed/validation/genuine/original_38_8.png,data/processed/validation/forged/forgeries_38_22.png,0,skilled_forgery,38,38
data/processed/train/genuine/original_1_13.png,data/processed/train/genuine/original_1_8.png,1,genuine_genuine,1,1
data/processed/validation/genuine/original_39_22.png,data/processed/validation/forged/forgeries_39_4.png,0,skilled_forgery,39,39
data/processed/validation/genuine/original_41_13.png,data/processed/validation/genuine/original_41_14.png,1,genuine_genuine,41,41
data/processed/train/genuine/original_23_21.png,data/processed/train/genuine/original_2_20.png,0,random_forgery,23,2
data/processed/train/genuine/original_9_19.png,data/processed/validation/genuine/original_44_3.png,0,random_forgery,9,44
data/processed/train/genuine/original_12_21.png,data/processed/train/forged/forgeries_12_24.png,0,skilled_forgery,12,12
data/processed/train/genuine/original_25_11.png,data/processed/train/genuine/original_25_13.png,1,genuine_genuine,25,25
data/processed/train/genuine/original_2_15.png,data/processed/train/genuine/original_2_19.png,1,genuine_genuine,2,2
data/processed/train/genuine/original_9_20.png,data/processed/train/genuine/original_9_23.png,1,genuine_genuine,9,9
data/processed/train/genuine/original_11_10.png,data/processed/train/genuine/original_11_13.png,1,genuine_genuine,11,11
data/processed/validation/genuine/original_39_24.png,data/processed/train/genuine/original_6_5.png,0,random_forgery,39,6
data/processed/train/genuine/original_10_23.png,data/processed/train/forged/forgeries_10_1.png,0,skilled_forgery,10,10
data/processed/train/genuine/original_10_13.png,data/processed/train/genuine/original_10_20.png,1,genuine_genuine,10,10
data/processed/train/genuine/original_13_20.png,data/processed/train/forged/forgeries_13_9.png,0,skilled_forgery,13,13
data/processed/validation/genuine/original_43_20.png,data/processed/train/genuine/original_16_16.png,0,random_forgery,43,16
data/processed/validation/genuine/original_42_21.png,data/processed/validation/forged/forgeries_42_14.png,0,skilled_forgery,42,42
data/processed/validation/genuine/original_41_12.png,data/processed/validation/genuine/original_41_15.png,1,genuine_genuine,41,41
data/processed/train/genuine/original_16_5.png,data/processed/train/genuine/original_14_7.png,0,random_forgery,16,14
data/processed/validation/genuine/original_42_2.png,data/processed/validation/forged/forgeries_42_16.png,0,skilled_forgery,42,42
data/processed/train/genuine/original_22_17.png,data/processed/train/genuine/original_22_22.png,1,genuine_genuine,22,22
data/processed/validation/genuine/original_42_17.png,data/processed/validation/genuine/original_42_9.png,1,genuine_genuine,42,42
data/processed/train/genuine/original_23_16.png,data/processed/train/forged/forgeries_23_7.png,0,skilled_forgery,23,23
data/processed/train/genuine/original_23_10.png,data/processed/train/genuine/original_1_20.png,0,random_forgery,23,1
data/processed/validation/genuine/original_38_2.png,data/processed/validation/genuine/original_38_4.png,1,genuine_genuine,38,38
data/processed/validation/genuine/original_40_18.png,data/processed/validation/genuine/original_40_8.png,1,genuine_genuine,40,40
data/processed/train/genuine/original_15_12.png,data/processed/train/forged/forgeries_15_20.png,0,skilled_forgery,15,15
data/processed/validation/genuine/original_42_6.png,data/processed/validation/forged/forgeries_42_7.png,0,skilled_forgery,42,42
data/processed/train/genuine/original_4_16.png,data/processed/train/genuine/original_4_24.png,1,genuine_genuine,4,4
data/processed/train/genuine/original_23_15.png,data/processed/train/genuine/original_23_23.png,1,genuine_genuine,23,23
data/processed/train/genuine/original_1_8.png,data/processed/train/forged/forgeries_1_6.png,0,skilled_forgery,1,1
data/processed/train/genuine/original_18_17.png,data/processed/train/genuine/original_18_2.png,1,genuine_genuine,18,18
data/processed/validation/genuine/original_43_13.png,data/processed/validation/forged/forgeries_43_5.png,0,skilled_forgery,43,43
data/processed/train/genuine/original_15_12.png,data/processed/train/genuine/original_15_14.png,1,genuine_genuine,15,15
data/processed/validation/genuine/original_41_2.png,data/processed/validation/forged/forgeries_41_1.png,0,skilled_forgery,41,41
data/processed/train/genuine/original_13_12.png,data/processed/train/genuine/original_13_5.png,1,genuine_genuine,13,13
data/processed/train/genuine/original_21_23.png,data/processed/train/genuine/original_16_14.png,0,random_forgery,21,16
data/processed/train/genuine/original_15_15.png,data/processed/train/genuine/original_15_16.png,1,genuine_genuine,15,15
data/processed/validation/genuine/original_38_4.png,data/processed/validation/genuine/original_38_5.png,1,genuine_genuine,38,38
data/processed/train/genuine/original_22_7.png,data/processed/train/forged/forgeries_22_2.png,0,skilled_forgery,22,22
data/processed/validation/genuine/original_42_19.png,data/processed/validation/genuine/original_42_8.png,1,genuine_genuine,42,42
data/processed/train/genuine/original_14_13.png,data/processed/train/forged/forgeries_14_1.png,0,skilled_forgery,14,14
data/processed/train/genuine/original_26_21.png,data/processed/train/genuine/original_26_3.png,1,genuine_genuine,26,26
data/processed/train/genuine/original_14_7.png,data/processed/train/genuine/original_14_9.png,1,genuine_genuine,14,14
data/processed/validation/genuine/original_44_22.png,data/processed/validation/genuine/original_44_7.png,1,genuine_genuine,44,44
data/processed/train/genuine/original_6_4.png,data/processed/train/genuine/original_6_5.png,1,genuine_genuine,6,6
data/processed/validation/genuine/original_38_16.png,data/processed/validation/genuine/original_38_5.png,1,genuine_genuine,38,38
data/processed/train/genuine/original_18_5.png,data/processed/train/genuine/original_17_22.png,0,random_forgery,18,17
data/processed/validation/genuine/original_43_11.png,data/processed/validation/forged/forgeries_43_9.png,0,skilled_forgery,43,43
data/processed/train/genuine/original_13_20.png,data/processed/train/genuine/original_13_23.png,1,genuine_genuine,13,13
data/processed/validation/genuine/original_40_13.png,data/processed/validation/forged/forgeries_40_23.png,0,skilled_forgery,40,40
data/processed/train/genuine/original_2_22.png,data/processed/train/forged/forgeries_2_17.png,0,skilled_forgery,2,2
data/processed/validation/genuine/original_45_11.png,data/processed/validation/genuine/original_45_3.png,1,genuine_genuine,45,45
data/processed/train/genuine/original_12_11.png,data/processed/train/forged/forgeries_12_22.png,0,skilled_forgery,12,12
data/processed/validation/genuine/original_45_18.png,data/processed/train/genuine/original_27_20.png,0,random_forgery,45,27
data/processed/validation/genuine/original_45_7.png,data/processed/validation/forged/forgeries_45_24.png,0,skilled_forgery,45,45
data/processed/train/genuine/original_17_15.png,data/processed/train/genuine/original_17_18.png,1,genuine_genuine,17,17
data/processed/train/genuine/original_8_10.png,data/processed/train/forged/forgeries_8_8.png,0,skilled_forgery,8,8
data/processed/train/genuine/original_20_15.png,data/processed/train/genuine/original_20_8.png,1,genuine_genuine,20,20
data/processed/train/genuine/original_12_23.png,data/processed/train/genuine/original_12_3.png,1,genuine_genuine,12,12
data/processed/train/genuine/original_11_24.png,data/processed/train/genuine/original_11_7.png,1,genuine_genuine,11,11
data/processed/train/genuine/original_17_10.png,data/processed/train/genuine/original_17_17.png,1,genuine_genuine,17,17
data/processed/train/genuine/original_14_4.png,data/processed/train/forged/forgeries_14_14.png,0,skilled_forgery,14,14
data/processed/train/genuine/original_3_15.png,data/processed/train/genuine/original_3_17.png,1,genuine_genuine,3,3
data/processed/train/genuine/original_18_23.png,data/processed/train/genuine/original_18_4.png,1,genuine_genuine,18,18
data/processed/validation/genuine/original_42_3.png,data/processed/validation/forged/forgeries_42_19.png,0,skilled_forgery,42,42
data/processed/train/genuine/original_17_18.png,data/processed/train/genuine/original_17_3.png,1,genuine_genuine,17,17
data/processed/train/genuine/original_9_13.png,data/processed/train/forged/forgeries_9_14.png,0,skilled_forgery,9,9
data/processed/train/genuine/original_22_17.png,data/processed/train/genuine/original_22_9.png,1,genuine_genuine,22,22
data/processed/validation/genuine/original_43_3.png,data/processed/train/genuine/original_22_7.png,0,random_forgery,43,22
data/processed/train/genuine/original_22_22.png,data/processed/train/genuine/original_22_4.png,1,genuine_genuine,22,22
data/processed/train/genuine/original_3_20.png,data/processed/train/genuine/original_3_23.png,1,genuine_genuine,3,3
data/processed/train/genuine/original_20_22.png,data/processed/train/genuine/original_20_3.png,1,genuine_genuine,20,20
data/processed/train/genuine/original_6_4.png,data/processed/train/genuine/original_6_8.png,1,genuine_genuine,6,6
data/processed/train/genuine/original_16_10.png,data/processed/train/genuine/original_12_22.png,0,random_forgery,16,12
data/processed/validation/genuine/original_44_13.png,data/processed/validation/forged/forgeries_44_4.png,0,skilled_forgery,44,44
data/processed/validation/genuine/original_41_11.png,data/processed/validation/genuine/original_41_14.png,1,genuine_genuine,41,41
data/processed/train/genuine/original_16_15.png,data/processed/train/genuine/original_16_6.png,1,genuine_genuine,16,16
data/processed/train/genuine/original_22_4.png,data/processed/train/genuine/original_26_14.png,0,random_forgery,22,26
data/processed/train/genuine/original_24_23.png,data/processed/train/forged/forgeries_24_11.png,0,skilled_forgery,24,24
data/processed/validation/genuine/original_45_15.png,data/processed/validation/genuine/original_45_8.png,1,genuine_genuine,45,45
data/processed/train/genuine/original_6_22.png,data/processed/train/forged/forgeries_6_8.png,0,skilled_forgery,6,6
data/processed/train/genuine/original_26_13.png,data/processed/train/genuine/original_26_3.png,1,genuine_genuine,26,26
data/processed/train/genuine/original_27_24.png,data/processed/train/forged/forgeries_27_7.png,0,skilled_forgery,27,27
data/processed/train/genuine/original_27_1.png,data/processed/train/genuine/original_27_15.png,1,genuine_genuine,27,27
data/processed/validation/genuine/original_43_12.png,data/processed/validation/genuine/original_43_5.png,1,genuine_genuine,43,43
data/processed/train/genuine/original_9_11.png,data/processed/train/genuine/original_9_12.png,1,genuine_genuine,9,9
data/processed/train/genuine/original_20_9.png,data/processed/train/forged/forgeries_20_22.png,0,skilled_forgery,20,20
data/processed/train/genuine/original_13_4.png,data/processed/train/genuine/original_13_7.png,1,genuine_genuine,13,13
data/processed/train/genuine/original_2_13.png,data/processed/train/genuine/original_2_6.png,1,genuine_genuine,2,2
data/processed/validation/genuine/original_40_2.png,data/processed/validation/forged/forgeries_40_16.png,0,skilled_forgery,40,40
data/processed/train/genuine/original_16_21.png,data/processed/train/genuine/original_16_5.png,1,genuine_genuine,16,16
data/processed/train/genuine/original_26_16.png,data/processed/train/genuine/original_26_21.png,1,genuine_genuine,26,26
data/processed/train/genuine/original_11_7.png,data/processed/train/forged/forgeries_11_24.png,0,skilled_forgery,11,11
data/processed/train/genuine/original_17_4.png,data/processed/train/genuine/original_17_5.png,1,genuine_genuine,17,17
data/processed/validation/genuine/original_38_23.png,data/processed/train/genuine/original_17_13.png,0,random_forgery,38,17
data/processed/train/genuine/original_7_11.png,data/processed/train/genuine/original_7_5.png,1,genuine_genuine,7,7
data/processed/train/genuine/original_8_3.png,data/processed/validation/genuine/original_41_15.png,0,random_forgery,8,41
data/processed/validation/genuine/original_39_9.png,data/processed/validation/forged/forgeries_39_22.png,0,skilled_forgery,39,39
data/processed/train/genuine/original_13_4.png,data/processed/train/genuine/original_10_17.png,0,random_forgery,13,10
data/processed/validation/genuine/original_44_6.png,data/processed/validation/forged/forgeries_44_14.png,0,skilled_forgery,44,44
data/processed/train/genuine/original_22_2.png,data/processed/train/genuine/original_22_8.png,1,genuine_genuine,22,22
data/processed/train/genuine/original_13_11.png,data/processed/train/genuine/original_13_12.png,1,genuine_genuine,13,13
data/processed/validation/genuine/original_40_17.png,data/processed/validation/forged/forgeries_40_13.png,0,skilled_forgery,40,40
data/processed/validation/genuine/original_45_12.png,data/processed/validation/genuine/original_45_18.png,1,genuine_genuine,45,45
data/processed/train/genuine/original_26_7.png,data/processed/train/genuine/original_21_18.png,0,random_forgery,26,21
data/processed/train/genuine/original_15_22.png,data/processed/validation/genuine/original_39_19.png,0,random_forgery,15,39
data/processed/train/genuine/original_3_9.png,data/processed/validation/genuine/original_43_2.png,0,random_forgery,3,43
data/processed/train/genuine/original_21_7.png,data/processed/train/genuine/original_21_8.png,1,genuine_genuine,21,21
data/processed/train/genuine/original_2_20.png,data/processed/train/genuine/original_2_4.png,1,genuine_genuine,2,2
data/processed/train/genuine/original_18_18.png,data/processed/train/genuine/original_18_8.png,1,genuine_genuine,18,18
data/processed/validation/genuine/original_45_20.png,data/processed/validation/genuine/original_45_6.png,1,genuine_genuine,45,45
data/processed/train/genuine/original_18_20.png,data/processed/train/genuine/original_18_9.png,1,genuine_genuine,18,18
data/processed/validation/genuine/original_41_18.png,data/processed/validation/genuine/original_41_19.png,1,genuine_genuine,41,41
data/processed/train/genuine/original_25_18.png,data/processed/train/genuine/original_25_8.png,1,genuine_genuine,25,25
data/processed/train/genuine/original_23_9.png,data/processed/validation/genuine/original_41_15.png,0,random_forgery,23,41
data/processed/train/genuine/original_11_18.png,data/processed/validation/genuine/original_38_23.png,0,random_forgery,11,38
data/processed/validation/genuine/original_37_21.png,data/processed/validation/genuine/original_37_23.png,1,genuine_genuine,37,37
data/processed/train/genuine/original_27_19.png,data/processed/train/forged/forgeries_27_1.png,0,skilled_forgery,27,27
data/processed/train/genuine/original_19_18.png,data/processed/train/forged/forgeries_19_13.png,0,skilled_forgery,19,19
data/processed/train/genuine/original_7_12.png,data/processed/train/forged/forgeries_7_4.png,0,skilled_forgery,7,7
data/processed/validation/genuine/original_41_16.png,data/processed/validation/genuine/original_41_24.png,1,genuine_genuine,41,41
data/processed/train/genuine/original_5_19.png,data/processed/train/forged/forgeries_5_12.png,0,skilled_forgery,5,5
data/processed/train/genuine/original_2_10.png,data/processed/train/genuine/original_2_16.png,1,genuine_genuine,2,2
data/processed/train/genuine/original_25_22.png,data/processed/train/forged/forgeries_25_4.png,0,skilled_forgery,25,25
data/processed/train/genuine/original_16_14.png,data/processed/train/genuine/original_16_21.png,1,genuine_genuine,16,16
data/processed/train/genuine/original_22_19.png,data/processed/train/forged/forgeries_22_19.png,0,skilled_forgery,22,22
data/processed/train/genuine/original_7_15.png,data/processed/train/genuine/original_7_22.png,1,genuine_genuine,7,7
data/processed/train/genuine/original_20_20.png,data/processed/train/forged/forgeries_20_7.png,0,skilled_forgery,20,20
data/processed/validation/genuine/original_37_18.png,data/processed/validation/genuine/original_37_21.png,1,genuine_genuine,37,37
data/processed/train/genuine/original_12_17.png,data/processed/train/genuine/original_12_2.png,1,genuine_genuine,12,12
data/processed/train/genuine/original_18_10.png,data/processed/train/genuine/original_25_10.png,0,random_forgery,18,25
data/processed/train/genuine/original_25_11.png,data/processed/train/genuine/original_25_8.png,1,genuine_genuine,25,25
data/processed/train/genuine/original_26_3.png,data/processed/train/forged/forgeries_26_13.png,0,skilled_forgery,26,26
data/processed/validation/genuine/original_43_23.png,data/processed/validation/forged/forgeries_43_16.png,0,skilled_forgery,43,43
data/processed/train/genuine/original_5_12.png,data/processed/train/genuine/original_5_20.png,1,genuine_genuine,5,5
data/processed/train/genuine/original_23_17.png,data/processed/train/forged/forgeries_23_18.png,0,skilled_forgery,23,23
data/processed/validation/genuine/original_37_13.png,data/processed/train/genuine/original_10_11.png,0,random_forgery,37,10
data/processed/train/genuine/original_22_4.png,data/processed/train/forged/forgeries_22_23.png,0,skilled_forgery,22,22
data/processed/train/genuine/original_23_14.png,data/processed/train/genuine/original_23_4.png,1,genuine_genuine,23,23
data/processed/train/genuine/original_16_13.png,data/processed/train/genuine/original_10_8.png,0,random_forgery,16,10
data/processed/validation/genuine/original_39_9.png,data/processed/validation/genuine/original_40_20.png,0,random_forgery,39,40
data/processed/train/genuine/original_21_24.png,data/processed/train/genuine/original_21_9.png,1,genuine_genuine,21,21
data/processed/train/genuine/original_8_24.png,data/processed/train/forged/forgeries_8_19.png,0,skilled_forgery,8,8
data/processed/validation/genuine/original_42_24.png,data/processed/validation/forged/forgeries_42_14.png,0,skilled_forgery,42,42
data/processed/train/genuine/original_16_13.png,data/processed/train/genuine/original_16_24.png,1,genuine_genuine,16,16
data/processed/validation/genuine/original_37_4.png,data/processed/validation/genuine/original_37_9.png,1,genuine_genuine,37,37
data/processed/train/genuine/original_23_4.png,data/processed/train/forged/forgeries_23_6.png,0,skilled_forgery,23,23
data/processed/train/genuine/original_12_17.png,data/processed/train/genuine/original_12_5.png,1,genuine_genuine,12,12
data/processed/train/genuine/original_24_1.png,data/processed/train/genuine/original_24_24.png,1,genuine_genuine,24,24
data/processed/validation/genuine/original_41_17.png,data/processed/validation/forged/forgeries_41_21.png,0,skilled_forgery,41,41
data/processed/train/genuine/original_23_13.png,data/processed/train/forged/forgeries_23_1.png,0,skilled_forgery,23,23
data/processed/train/genuine/original_11_14.png,data/processed/train/genuine/original_11_4.png,1,genuine_genuine,11,11
data/processed/train/genuine/original_14_18.png,data/processed/train/genuine/original_14_19.png,1,genuine_genuine,14,14
data/processed/validation/genuine/original_39_19.png,data/processed/validation/genuine/original_39_3.png,1,genuine_genuine,39,39
data/processed/validation/genuine/original_45_10.png,data/processed/validation/genuine/original_45_17.png,1,genuine_genuine,45,45
data/processed/validation/genuine/original_37_13.png,data/processed/validation/genuine/original_37_20.png,1,genuine_genuine,37,37
data/processed/validation/genuine/original_37_18.png,data/processed/validation/genuine/original_40_8.png,0,random_forgery,37,40
data/processed/train/genuine/original_6_11.png,data/processed/train/genuine/original_6_22.png,1,genuine_genuine,6,6
data/processed/train/genuine/original_22_21.png,data/processed/train/forged/forgeries_22_22.png,0,skilled_forgery,22,22
data/processed/train/genuine/original_20_13.png,data/processed/train/genuine/original_20_18.png,1,genuine_genuine,20,20
data/processed/train/genuine/original_3_16.png,data/processed/train/genuine/original_3_21.png,1,genuine_genuine,3,3
data/processed/train/genuine/original_15_12.png,data/processed/train/genuine/original_15_24.png,1,genuine_genuine,15,15
data/processed/validation/genuine/original_38_13.png,data/processed/validation/genuine/original_38_4.png,1,genuine_genuine,38,38
data/processed/train/genuine/original_23_22.png,data/processed/train/forged/forgeries_23_21.png,0,skilled_forgery,23,23
data/processed/train/genuine/original_12_16.png,data/processed/train/genuine/original_12_7.png,1,genuine_genuine,12,12
data/processed/validation/genuine/original_38_1.png,data/processed/validation/genuine/original_38_24.png,1,genuine_genuine,38,38
data/processed/train/genuine/original_22_7.png,data/processed/validation/genuine/original_45_2.png,0,random_forgery,22,45
data/processed/train/genuine/original_2_23.png,data/processed/train/forged/forgeries_2_1.png,0,skilled_forgery,2,2
data/processed/validation/genuine/original_45_23.png,data/processed/train/genuine/original_11_15.png,0,random_forgery,45,11
data/processed/train/genuine/original_13_4.png,data/processed/train/forged/forgeries_13_11.png,0,skilled_forgery,13,13
data/processed/validation/genuine/original_38_12.png,data/processed/validation/genuine/original_38_24.png,1,genuine_genuine,38,38
data/processed/train/genuine/original_21_16.png,data/processed/train/genuine/original_21_20.png,1,genuine_genuine,21,21
data/processed/train/genuine/original_20_6.png,data/processed/train/forged/forgeries_20_12.png,0,skilled_forgery,20,20
data/processed/train/genuine/original_21_15.png,data/processed/train/forged/forgeries_21_4.png,0,skilled_forgery,21,21
data/processed/train/genuine/original_18_19.png,data/processed/train/genuine/original_18_4.png,1,genuine_genuine,18,18
data/processed/train/genuine/original_21_15.png,data/processed/validation/genuine/original_41_6.png,0,random_forgery,21,41
data/processed/train/genuine/original_9_16.png,data/processed/train/genuine/original_9_9.png,1,genuine_genuine,9,9
data/processed/train/genuine/original_27_20.png,data/processed/validation/genuine/original_37_4.png,0,random_forgery,27,37
data/processed/train/genuine/original_6_1.png,data/processed/train/genuine/original_6_7.png,1,genuine_genuine,6,6
data/processed/train/genuine/original_26_3.png,data/processed/train/forged/forgeries_26_4.png,0,skilled_forgery,26,26
data/processed/train/genuine/original_13_14.png,data/processed/train/genuine/original_13_20.png,1,genuine_genuine,13,13
data/processed/train/genuine/original_19_13.png,data/processed/train/genuine/original_19_3.png,1,genuine_genuine,19,19
data/processed/train/genuine/original_22_24.png,data/processed/train/forged/forgeries_22_2.png,0,skilled_forgery,22,22
data/processed/train/genuine/original_26_15.png,data/processed/train/genuine/original_26_4.png,1,genuine_genuine,26,26
data/processed/validation/genuine/original_42_4.png,data/processed/train/genuine/original_13_2.png,0,random_forgery,42,13
data/processed/train/genuine/original_5_17.png,data/processed/train/forged/forgeries_5_5.png,0,skilled_forgery,5,5
data/processed/train/genuine/original_11_6.png,data/processed/validation/genuine/original_39_10.png,0,random_forgery,11,39
data/processed/train/genuine/original_25_24.png,data/processed/train/genuine/original_25_9.png,1,genuine_genuine,25,25
data/processed/train/genuine/original_27_13.png,data/processed/train/forged/forgeries_27_3.png,0,skilled_forgery,27,27
data/processed/validation/genuine/original_44_18.png,data/processed/validation/genuine/original_44_4.png,1,genuine_genuine,44,44
data/processed/train/genuine/original_1_5.png,data/processed/train/forged/forgeries_1_22.png,0,skilled_forgery,1,1
data/processed/train/genuine/original_11_16.png,data/processed/train/genuine/original_11_4.png,1,genuine_genuine,11,11
data/processed/validation/genuine/original_43_14.png,data/processed/train/genuine/original_4_21.png,0,random_forgery,43,4
data/processed/train/genuine/original_27_13.png,data/processed/train/genuine/original_27_3.png,1,genuine_genuine,27,27
data/processed/train/genuine/original_17_24.png,data/processed/train/genuine/original_24_9.png,0,random_forgery,17,24
data/processed/train/genuine/original_2_20.png,data/processed/train/genuine/original_2_8.png,1,genuine_genuine,2,2
data/processed/validation/genuine/original_42_7.png,data/processed/validation/forged/forgeries_42_14.png,0,skilled_forgery,42,42
data/processed/train/genuine/original_3_17.png,data/processed/train/genuine/original_3_5.png,1,genuine_genuine,3,3
data/processed/train/genuine/original_1_1.png,data/processed/train/forged/forgeries_1_8.png,0,skilled_forgery,1,1
data/processed/train/genuine/original_11_18.png,data/processed/train/genuine/original_11_23.png,1,genuine_genuine,11,11
data/processed/validation/genuine/original_39_11.png,data/processed/train/genuine/original_14_18.png,0,random_forgery,39,14
data/processed/train/genuine/original_25_16.png,data/processed/train/genuine/original_25_18.png,1,genuine_genuine,25,25
data/processed/train/genuine/original_2_16.png,data/processed/train/genuine/original_2_4.png,1,genuine_genuine,2,2
data/processed/train/genuine/original_19_24.png,data/processed/train/genuine/original_19_6.png,1,genuine_genuine,19,19
data/processed/validation/genuine/original_39_3.png,data/processed/validation/genuine/original_39_5.png,1,genuine_genuine,39,39
data/processed/validation/genuine/original_38_2.png,data/processed/validation/genuine/original_38_24.png,1,genuine_genuine,38,38
data/processed/train/genuine/original_27_21.png,data/processed/train/genuine/original_27_22.png,1,genuine_genuine,27,27
data/processed/train/genuine/original_1_4.png,data/processed/train/forged/forgeries_1_5.png,0,skilled_forgery,1,1
data/processed/train/genuine/original_7_2.png,data/processed/train/forged/forgeries_7_14.png,0,skilled_forgery,7,7
data/processed/train/genuine/original_10_10.png,data/processed/train/genuine/original_19_21.png,0,random_forgery,10,19
data/processed/validation/genuine/original_42_14.png,data/processed/validation/genuine/original_42_9.png,1,genuine_genuine,42,42
data/processed/train/genuine/original_7_15.png,data/processed/train/genuine/original_7_17.png,1,genuine_genuine,7,7
data/processed/validation/genuine/original_40_2.png,data/processed/validation/genuine/original_37_10.png,0,random_forgery,40,37
data/processed/validation/genuine/original_37_23.png,data/processed/validation/forged/forgeries_37_19.png,0,skilled_forgery,37,37
data/processed/validation/genuine/original_41_2.png,data/processed/validation/genuine/original_41_9.png,1,genuine_genuine,41,41
data/processed/train/genuine/original_14_1.png,data/processed/train/genuine/original_14_16.png,1,genuine_genuine,14,14
data/processed/train/genuine/original_21_10.png,data/processed/train/genuine/original_21_12.png,1,genuine_genuine,21,21
data/processed/train/genuine/original_14_17.png,data/processed/train/genuine/original_14_20.png,1,genuine_genuine,14,14
data/processed/train/genuine/original_18_14.png,data/processed/train/genuine/original_18_8.png,1,genuine_genuine,18,18
data/processed/train/genuine/original_7_10.png,data/processed/train/genuine/original_7_9.png,1,genuine_genuine,7,7
data/processed/train/genuine/original_26_1.png,data/processed/train/forged/forgeries_26_15.png,0,skilled_forgery,26,26
data/processed/train/genuine/original_10_8.png,data/processed/train/forged/forgeries_10_2.png,0,skilled_forgery,10,10
data/processed/train/genuine/original_1_15.png,data/processed/train/genuine/original_14_8.png,0,random_forgery,1,14
data/processed/validation/genuine/original_41_6.png,data/processed/train/genuine/original_5_23.png,0,random_forgery,41,5
data/processed/validation/genuine/original_45_16.png,data/processed/validation/forged/forgeries_45_1.png,0,skilled_forgery,45,45
data/processed/train/genuine/original_1_6.png,data/processed/train/forged/forgeries_1_1.png,0,skilled_forgery,1,1
data/processed/train/genuine/original_24_22.png,data/processed/train/genuine/original_24_9.png,1,genuine_genuine,24,24
data/processed/train/genuine/original_20_24.png,data/processed/train/forged/forgeries_20_13.png,0,skilled_forgery,20,20
data/processed/train/genuine/original_17_22.png,data/processed/train/forged/forgeries_17_13.png,0,skilled_forgery,17,17
data/processed/validation/genuine/original_40_20.png,data/processed/validation/genuine/original_40_22.png,1,genuine_genuine,40,40
data/processed/validation/genuine/original_43_20.png,data/processed/validation/genuine/original_43_22.png,1,genuine_genuine,43,43
data/processed/validation/genuine/original_43_13.png,data/processed/validation/forged/forgeries_43_14.png,0,skilled_forgery,43,43
data/processed/train/genuine/original_21_3.png,data/processed/train/genuine/original_10_21.png,0,random_forgery,21,10
data/processed/train/genuine/original_5_2.png,data/processed/train/genuine/original_15_1.png,0,random_forgery,5,15
data/processed/train/genuine/original_7_4.png,data/processed/validation/genuine/original_44_22.png,0,random_forgery,7,44
data/processed/train/genuine/original_13_20.png,data/processed/train/forged/forgeries_13_4.png,0,skilled_forgery,13,13
data/processed/train/genuine/original_26_20.png,data/processed/train/genuine/original_19_3.png,0,random_forgery,26,19
data/processed/train/genuine/original_24_10.png,data/processed/train/forged/forgeries_24_22.png,0,skilled_forgery,24,24
data/processed/train/genuine/original_4_2.png,data/processed/train/forged/forgeries_4_7.png,0,skilled_forgery,4,4
data/processed/train/genuine/original_7_10.png,data/processed/train/genuine/original_7_3.png,1,genuine_genuine,7,7
data/processed/train/genuine/original_7_24.png,data/processed/train/forged/forgeries_7_9.png,0,skilled_forgery,7,7
data/processed/validation/genuine/original_38_16.png,data/processed/train/genuine/original_16_4.png,0,random_forgery,38,16
data/processed/train/genuine/original_3_19.png,data/processed/train/forged/forgeries_3_9.png,0,skilled_forgery,3,3
data/processed/train/genuine/original_4_20.png,data/processed/train/genuine/original_4_9.png,1,genuine_genuine,4,4
data/processed/train/genuine/original_3_8.png,data/processed/train/forged/forgeries_3_24.png,0,skilled_forgery,3,3
data/processed/train/genuine/original_19_13.png,data/processed/train/forged/forgeries_19_24.png,0,skilled_forgery,19,19
data/processed/train/genuine/original_15_1.png,data/processed/train/forged/forgeries_15_17.png,0,skilled_forgery,15,15
data/processed/train/genuine/original_4_20.png,data/processed/train/genuine/original_4_24.png,1,genuine_genuine,4,4
data/processed/train/genuine/original_25_11.png,data/processed/train/genuine/original_25_3.png,1,genuine_genuine,25,25
data/processed/train/genuine/original_1_22.png,data/processed/train/genuine/original_9_19.png,0,random_forgery,1,9
data/processed/validation/genuine/original_40_23.png,data/processed/validation/forged/forgeries_40_22.png,0,skilled_forgery,40,40
data/processed/train/genuine/original_11_23.png,data/processed/train/genuine/original_11_7.png,1,genuine_genuine,11,11
data/processed/train/genuine/original_26_8.png,data/processed/train/forged/forgeries_26_7.png,0,skilled_forgery,26,26
data/processed/train/genuine/original_4_9.png,data/processed/train/forged/forgeries_4_13.png,0,skilled_forgery,4,4
data/processed/train/genuine/original_11_6.png,data/processed/validation/genuine/original_39_16.png,0,random_forgery,11,39
data/processed/train/genuine/original_22_6.png,data/processed/train/forged/forgeries_22_16.png,0,skilled_forgery,22,22
data/processed/train/genuine/original_24_18.png,data/processed/train/genuine/original_24_23.png,1,genuine_genuine,24,24
data/processed/validation/genuine/original_43_6.png,data/processed/validation/forged/forgeries_43_11.png,0,skilled_forgery,43,43
data/processed/validation/genuine/original_43_12.png,data/processed/validation/genuine/original_43_16.png,1,genuine_genuine,43,43
data/processed/validation/genuine/original_37_10.png,data/processed/validation/forged/forgeries_37_7.png,0,skilled_forgery,37,37
data/processed/validation/genuine/original_45_15.png,data/processed/validation/genuine/original_45_17.png,1,genuine_genuine,45,45
data/processed/train/genuine/original_26_1.png,data/processed/train/genuine/original_26_13.png,1,genuine_genuine,26,26
data/processed/train/genuine/original_5_7.png,data/processed/train/forged/forgeries_5_13.png,0,skilled_forgery,5,5
data/processed/train/genuine/original_14_22.png,data/processed/train/genuine/original_25_24.png,0,random_forgery,14,25
data/processed/validation/genuine/original_44_13.png,data/processed/validation/genuine/original_44_2.png,1,genuine_genuine,44,44
data/processed/train/genuine/original_25_19.png,data/processed/train/forged/forgeries_25_2.png,0,skilled_forgery,25,25
data/processed/train/genuine/original_27_12.png,data/processed/train/genuine/original_27_21.png,1,genuine_genuine,27,27
data/processed/validation/genuine/original_45_1.png,data/processed/validation/genuine/original_45_11.png,1,genuine_genuine,45,45
data/processed/train/genuine/original_9_11.png,data/processed/train/genuine/original_9_22.png,1,genuine_genuine,9,9
data/processed/train/genuine/original_25_16.png,data/processed/train/genuine/original_25_20.png,1,genuine_genuine,25,25
data/processed/train/genuine/original_3_2.png,data/processed/train/genuine/original_15_12.png,0,random_forgery,3,15
data/processed/train/genuine/original_19_1.png,data/processed/validation/genuine/original_39_6.png,0,random_forgery,19,39
data/processed/train/genuine/original_14_11.png,data/processed/validation/genuine/original_41_21.png,0,random_forgery,14,41
data/processed/train/genuine/original_4_23.png,data/processed/train/forged/forgeries_4_15.png,0,skilled_forgery,4,4
data/processed/train/genuine/original_11_19.png,data/processed/train/forged/forgeries_11_15.png,0,skilled_forgery,11,11
data/processed/validation/genuine/original_45_17.png,data/processed/validation/forged/forgeries_45_7.png,0,skilled_forgery,45,45
data/processed/validation/genuine/original_44_7.png,data/processed/validation/forged/forgeries_44_3.png,0,skilled_forgery,44,44
data/processed/validation/genuine/original_45_14.png,data/processed/validation/genuine/original_45_7.png,1,genuine_genuine,45,45
data/processed/train/genuine/original_12_14.png,data/processed/train/genuine/original_12_16.png,1,genuine_genuine,12,12
data/processed/train/genuine/original_16_24.png,data/processed/train/forged/forgeries_16_20.png,0,skilled_forgery,16,16
data/processed/train/genuine/original_27_24.png,data/processed/train/forged/forgeries_27_19.png,0,skilled_forgery,27,27
data/processed/train/genuine/original_4_2.png,data/processed/train/forged/forgeries_4_14.png,0,skilled_forgery,4,4
data/processed/train/genuine/original_10_21.png,data/processed/train/forged/forgeries_10_5.png,0,skilled_forgery,10,10
data/processed/validation/genuine/original_43_22.png,data/processed/validation/forged/forgeries_43_21.png,0,skilled_forgery,43,43
data/processed/train/genuine/original_26_13.png,data/processed/train/genuine/original_10_3.png,0,random_forgery,26,10
data/processed/train/genuine/original_17_13.png,data/processed/validation/genuine/original_43_21.png,0,random_forgery,17,43
data/processed/train/genuine/original_21_15.png,data/processed/train/forged/forgeries_21_21.png,0,skilled_forgery,21,21
data/processed/validation/genuine/original_42_15.png,data/processed/validation/genuine/original_42_21.png,1,genuine_genuine,42,42
data/processed/validation/genuine/original_42_17.png,data/processed/validation/genuine/original_42_5.png,1,genuine_genuine,42,42
data/processed/validation/genuine/original_40_15.png,data/processed/train/genuine/original_7_18.png,0,random_forgery,40,7
data/processed/train/genuine/original_25_14.png,data/processed/train/forged/forgeries_25_8.png,0,skilled_forgery,25,25
data/processed/train/genuine/original_15_24.png,data/processed/train/genuine/original_15_7.png,1,genuine_genuine,15,15
data/processed/train/genuine/original_6_1.png,data/processed/train/forged/forgeries_6_15.png,0,skilled_forgery,6,6
data/processed/train/genuine/original_20_16.png,data/processed/train/genuine/original_20_21.png,1,genuine_genuine,20,20
data/processed/train/genuine/original_11_4.png,data/processed/train/genuine/original_11_5.png,1,genuine_genuine,11,11
data/processed/validation/genuine/original_43_12.png,data/processed/validation/genuine/original_43_19.png,1,genuine_genuine,43,43
data/processed/validation/genuine/original_45_10.png,data/processed/validation/genuine/original_45_7.png,1,genuine_genuine,45,45
data/processed/train/genuine/original_8_18.png,data/processed/train/genuine/original_8_23.png,1,genuine_genuine,8,8
data/processed/train/genuine/original_25_20.png,data/processed/train/genuine/original_25_24.png,1,genuine_genuine,25,25
data/processed/train/genuine/original_2_8.png,data/processed/train/forged/forgeries_2_3.png,0,skilled_forgery,2,2
data/processed/train/genuine/original_13_10.png,data/processed/train/genuine/original_13_20.png,1,genuine_genuine,13,13
data/processed/train/genuine/original_10_10.png,data/processed/train/genuine/original_10_12.png,1,genuine_genuine,10,10
data/processed/train/genuine/original_5_16.png,data/processed/train/forged/forgeries_5_21.png,0,skilled_forgery,5,5
data/processed/train/genuine/original_8_17.png,data/processed/train/forged/forgeries_8_24.png,0,skilled_forgery,8,8
data/processed/train/genuine/original_18_13.png,data/processed/validation/genuine/original_37_4.png,0,random_forgery,18,37
data/processed/train/genuine/original_21_10.png,data/processed/train/forged/forgeries_21_20.png,0,skilled_forgery,21,21
data/processed/train/genuine/original_20_21.png,data/processed/train/genuine/original_20_24.png,1,genuine_genuine,20,20
data/processed/train/genuine/original_24_12.png,data/processed/train/genuine/original_24_7.png,1,genuine_genuine,24,24
data/processed/validation/genuine/original_42_24.png,data/processed/validation/forged/forgeries_42_4.png,0,skilled_forgery,42,42
data/processed/train/genuine/original_19_1.png,data/processed/train/genuine/original_19_9.png,1,genuine_genuine,19,19
data/processed/train/genuine/original_16_1.png,data/processed/train/forged/forgeries_16_4.png,0,skilled_forgery,16,16
data/processed/train/genuine/original_20_10.png,data/processed/train/genuine/original_20_14.png,1,genuine_genuine,20,20
data/processed/train/genuine/original_12_23.png,data/processed/train/forged/forgeries_12_2.png,0,skilled_forgery,12,12
data/processed/train/genuine/original_16_15.png,data/processed/train/genuine/original_16_16.png,1,genuine_genuine,16,16
data/processed/train/genuine/original_23_20.png,data/processed/train/genuine/original_23_4.png,1,genuine_genuine,23,23
data/processed/train/genuine/original_26_21.png,data/processed/train/genuine/original_26_23.png,1,genuine_genuine,26,26
data/processed/train/genuine/original_4_8.png,data/processed/train/forged/forgeries_4_17.png,0,skilled_forgery,4,4
data/processed/validation/genuine/original_39_5.png,data/processed/validation/forged/forgeries_39_23.png,0,skilled_forgery,39,39
data/processed/validation/genuine/original_37_22.png,data/processed/validation/forged/forgeries_37_3.png,0,skilled_forgery,37,37
data/processed/train/genuine/original_22_14.png,data/processed/train/genuine/original_22_15.png,1,genuine_genuine,22,22
data/processed/train/genuine/original_13_17.png,data/processed/train/genuine/original_13_6.png,1,genuine_genuine,13,13
data/processed/train/genuine/original_26_1.png,data/processed/train/genuine/original_26_3.png,1,genuine_genuine,26,26
data/processed/train/genuine/original_20_1.png,data/processed/train/genuine/original_20_12.png,1,genuine_genuine,20,20
data/processed/train/genuine/original_25_20.png,data/processed/train/genuine/original_1_15.png,0,random_forgery,25,1
data/processed/train/genuine/original_20_6.png,data/processed/train/genuine/original_18_24.png,0,random_forgery,20,18
data/processed/train/genuine/original_2_1.png,data/processed/validation/genuine/original_44_8.png,0,random_forgery,2,44
data/processed/train/genuine/original_24_21.png,data/processed/train/forged/forgeries_24_19.png,0,skilled_forgery,24,24
data/processed/train/genuine/original_16_15.png,data/processed/train/genuine/original_16_18.png,1,genuine_genuine,16,16
data/processed/train/genuine/original_9_22.png,data/processed/validation/genuine/original_42_1.png,0,random_forgery,9,42
data/processed/train/genuine/original_13_12.png,data/processed/train/genuine/original_13_16.png,1,genuine_genuine,13,13
data/processed/train/genuine/original_6_2.png,data/processed/train/genuine/original_6_3.png,1,genuine_genuine,6,6
data/processed/train/genuine/original_26_20.png,data/processed/train/forged/forgeries_26_9.png,0,skilled_forgery,26,26
data/processed/validation/genuine/original_38_1.png,data/processed/validation/genuine/original_38_18.png,1,genuine_genuine,38,38
data/processed/validation/genuine/original_43_5.png,data/processed/validation/forged/forgeries_43_12.png,0,skilled_forgery,43,43
data/processed/train/genuine/original_18_24.png,data/processed/train/genuine/original_18_9.png,1,genuine_genuine,18,18
data/processed/validation/genuine/original_39_16.png,data/processed/train/genuine/original_7_18.png,0,random_forgery,39,7
data/processed/train/genuine/original_19_14.png,data/processed/train/genuine/original_19_19.png,1,genuine_genuine,19,19
data/processed/train/genuine/original_10_18.png,data/processed/train/genuine/original_10_7.png,1,genuine_genuine,10,10
data/processed/validation/genuine/original_44_24.png,data/processed/validation/genuine/original_44_3.png,1,genuine_genuine,44,44
data/processed/train/genuine/original_17_16.png,data/processed/train/genuine/original_17_5.png,1,genuine_genuine,17,17
data/processed/train/genuine/original_9_11.png,data/processed/train/genuine/original_9_21.png,1,genuine_genuine,9,9
data/processed/train/genuine/original_10_14.png,data/processed/train/genuine/original_10_21.png,1,genuine_genuine,10,10
data/processed/train/genuine/original_5_14.png,data/processed/train/genuine/original_5_2.png,1,genuine_genuine,5,5
data/processed/validation/genuine/original_38_19.png,data/processed/validation/forged/forgeries_38_5.png,0,skilled_forgery,38,38
data/processed/train/genuine/original_6_12.png,data/processed/train/genuine/original_6_7.png,1,genuine_genuine,6,6
data/processed/train/genuine/original_17_10.png,data/processed/train/genuine/original_17_21.png,1,genuine_genuine,17,17
data/processed/train/genuine/original_8_19.png,data/processed/train/forged/forgeries_8_17.png,0,skilled_forgery,8,8
data/processed/train/genuine/original_4_10.png,data/processed/train/genuine/original_4_3.png,1,genuine_genuine,4,4
data/processed/train/genuine/original_26_13.png,data/processed/train/genuine/original_26_4.png,1,genuine_genuine,26,26
data/processed/train/genuine/original_18_9.png,data/processed/train/forged/forgeries_18_12.png,0,skilled_forgery,18,18
data/processed/train/genuine/original_23_13.png,data/processed/train/genuine/original_23_5.png,1,genuine_genuine,23,23
data/processed/train/genuine/original_18_14.png,data/processed/train/genuine/original_11_20.png,0,random_forgery,18,11
data/processed/train/genuine/original_7_21.png,data/processed/train/genuine/original_17_18.png,0,random_forgery,7,17
data/processed/train/genuine/original_21_11.png,data/processed/train/genuine/original_21_17.png,1,genuine_genuine,21,21
data/processed/train/genuine/original_1_1.png,data/processed/validation/genuine/original_45_22.png,0,random_forgery,1,45
data/processed/train/genuine/original_18_1.png,data/processed/train/genuine/original_18_19.png,1,genuine_genuine,18,18
data/processed/validation/genuine/original_45_4.png,data/processed/validation/forged/forgeries_45_23.png,0,skilled_forgery,45,45
data/processed/train/genuine/original_7_12.png,data/processed/validation/genuine/original_44_19.png,0,random_forgery,7,44
data/processed/train/genuine/original_17_22.png,data/processed/train/genuine/original_27_6.png,0,random_forgery,17,27
data/processed/validation/genuine/original_41_22.png,data/processed/validation/genuine/original_41_23.png,1,genuine_genuine,41,41
data/processed/train/genuine/original_1_5.png,data/processed/train/genuine/original_1_7.png,1,genuine_genuine,1,1
data/processed/train/genuine/original_24_1.png,data/processed/train/genuine/original_24_7.png,1,genuine_genuine,24,24
data/processed/train/genuine/original_21_3.png,data/processed/train/genuine/original_21_4.png,1,genuine_genuine,21,21
data/processed/train/genuine/original_7_15.png,data/processed/train/genuine/original_7_4.png,1,genuine_genuine,7,7
data/processed/validation/genuine/original_39_13.png,data/processed/validation/forged/forgeries_39_10.png,0,skilled_forgery,39,39
data/processed/validation/genuine/original_43_10.png,data/processed/train/genuine/original_24_6.png,0,random_forgery,43,24
data/processed/validation/genuine/original_38_11.png,data/processed/validation/genuine/original_38_6.png,1,genuine_genuine,38,38
data/processed/validation/genuine/original_41_3.png,data/processed/train/genuine/original_21_17.png,0,random_forgery,41,21
data/processed/train/genuine/original_14_8.png,data/processed/train/forged/forgeries_14_4.png,0,skilled_forgery,14,14
data/processed/train/genuine/original_2_10.png,data/processed/train/genuine/original_2_22.png,1,genuine_genuine,2,2
data/processed/train/genuine/original_18_10.png,data/processed/train/genuine/original_18_22.png,1,genuine_genuine,18,18
data/processed/train/genuine/original_5_3.png,data/processed/train/genuine/original_5_6.png,1,genuine_genuine,5,5
data/processed/validation/genuine/original_39_16.png,data/processed/validation/genuine/original_39_22.png,1,genuine_genuine,39,39
data/processed/train/genuine/original_12_12.png,data/processed/train/genuine/original_12_7.png,1,genuine_genuine,12,12
data/processed/train/genuine/original_19_17.png,data/processed/validation/genuine/original_45_6.png,0,random_forgery,19,45
data/processed/validation/genuine/original_41_3.png,data/processed/validation/genuine/original_41_9.png,1,genuine_genuine,41,41
data/processed/validation/genuine/original_39_2.png,data/processed/validation/genuine/original_39_24.png,1,genuine_genuine,39,39
data/processed/train/genuine/original_2_13.png,data/processed/train/genuine/original_2_2.png,1,genuine_genuine,2,2
data/processed/train/genuine/original_3_6.png,data/processed/train/forged/forgeries_3_3.png,0,skilled_forgery,3,3
data/processed/validation/genuine/original_37_14.png,data/processed/validation/forged/forgeries_37_9.png,0,skilled_forgery,37,37
data/processed/train/genuine/original_21_19.png,data/processed/train/forged/forgeries_21_10.png,0,skilled_forgery,21,21
data/processed/train/genuine/original_3_15.png,data/processed/train/genuine/original_3_6.png,1,genuine_genuine,3,3
data/processed/train/genuine/original_9_9.png,data/processed/validation/genuine/original_42_20.png,0,random_forgery,9,42
data/processed/train/genuine/original_11_9.png,data/processed/train/forged/forgeries_11_16.png,0,skilled_forgery,11,11
data/processed/validation/genuine/original_39_23.png,data/processed/validation/genuine/original_39_3.png,1,genuine_genuine,39,39
data/processed/train/genuine/original_23_13.png,data/processed/train/genuine/original_23_8.png,1,genuine_genuine,23,23
data/processed/validation/genuine/original_45_20.png,data/processed/validation/genuine/original_45_24.png,1,genuine_genuine,45,45
data/processed/train/genuine/original_12_16.png,data/processed/train/forged/forgeries_12_14.png,0,skilled_forgery,12,12
data/processed/train/genuine/original_3_23.png,data/processed/train/genuine/original_15_14.png,0,random_forgery,3,15
data/processed/train/genuine/original_20_2.png,data/processed/train/genuine/original_10_24.png,0,random_forgery,20,10
data/processed/train/genuine/original_8_14.png,data/processed/train/genuine/original_8_9.png,1,genuine_genuine,8,8
data/processed/train/genuine/original_22_3.png,data/processed/train/genuine/original_22_4.png,1,genuine_genuine,22,22
data/processed/train/genuine/original_13_9.png,data/processed/train/genuine/original_19_1.png,0,random_forgery,13,19
data/processed/train/genuine/original_14_14.png,data/processed/train/genuine/original_14_6.png,1,genuine_genuine,14,14
data/processed/train/genuine/original_2_5.png,data/processed/train/genuine/original_2_6.png,1,genuine_genuine,2,2
data/processed/train/genuine/original_26_10.png,data/processed/train/genuine/original_26_17.png,1,genuine_genuine,26,26
data/processed/train/genuine/original_13_13.png,data/processed/train/forged/forgeries_13_17.png,0,skilled_forgery,13,13
data/processed/train/genuine/original_13_11.png,data/processed/train/genuine/original_13_7.png,1,genuine_genuine,13,13
data/processed/train/genuine/original_14_10.png,data/processed/train/genuine/original_14_21.png,1,genuine_genuine,14,14
data/processed/train/genuine/original_10_21.png,data/processed/train/genuine/original_8_22.png,0,random_forgery,10,8
data/processed/train/genuine/original_27_21.png,data/processed/train/forged/forgeries_27_19.png,0,skilled_forgery,27,27
data/processed/train/genuine/original_25_11.png,data/processed/train/forged/forgeries_25_17.png,0,skilled_forgery,25,25
data/processed/train/genuine/original_19_21.png,data/processed/train/genuine/original_19_8.png,1,genuine_genuine,19,19
data/processed/train/genuine/original_16_13.png,data/processed/train/forged/forgeries_16_7.png,0,skilled_forgery,16,16
data/processed/validation/genuine/original_39_12.png,data/processed/train/genuine/original_23_24.png,0,random_forgery,39,23
data/processed/train/genuine/original_7_14.png,data/processed/train/genuine/original_7_16.png,1,genuine_genuine,7,7
data/processed/train/genuine/original_4_16.png,data/processed/train/genuine/original_4_2.png,1,genuine_genuine,4,4
data/processed/train/genuine/original_13_15.png,data/processed/train/forged/forgeries_13_20.png,0,skilled_forgery,13,13
data/processed/validation/genuine/original_44_10.png,data/processed/validation/genuine/original_44_13.png,1,genuine_genuine,44,44
data/processed/train/genuine/original_3_21.png,data/processed/train/genuine/original_3_22.png,1,genuine_genuine,3,3
data/processed/train/genuine/original_6_6.png,data/processed/train/forged/forgeries_6_16.png,0,skilled_forgery,6,6
data/processed/train/genuine/original_14_15.png,data/processed/train/genuine/original_14_23.png,1,genuine_genuine,14,14
data/processed/train/genuine/original_9_17.png,data/processed/train/genuine/original_12_15.png,0,random_forgery,9,12
data/processed/train/genuine/original_4_21.png,data/processed/train/genuine/original_4_22.png,1,genuine_genuine,4,4
data/processed/train/genuine/original_23_14.png,data/processed/train/genuine/original_23_6.png,1,genuine_genuine,23,23
data/processed/train/genuine/original_10_17.png,data/processed/train/forged/forgeries_10_13.png,0,skilled_forgery,10,10
data/processed/train/genuine/original_14_15.png,data/processed/train/genuine/original_14_9.png,1,genuine_genuine,14,14
data/processed/train/genuine/original_23_18.png,data/processed/train/genuine/original_6_18.png,0,random_forgery,23,6
data/processed/validation/genuine/original_40_14.png,data/processed/train/genuine/original_26_15.png,0,random_forgery,40,26
data/processed/train/genuine/original_12_17.png,data/processed/train/forged/forgeries_12_10.png,0,skilled_forgery,12,12
data/processed/train/genuine/original_14_10.png,data/processed/validation/genuine/original_45_8.png,0,random_forgery,14,45
data/processed/train/genuine/original_7_18.png,data/processed/train/forged/forgeries_7_19.png,0,skilled_forgery,7,7
data/processed/validation/genuine/original_44_19.png,data/processed/validation/forged/forgeries_44_16.png,0,skilled_forgery,44,44
data/processed/train/genuine/original_11_16.png,data/processed/train/genuine/original_11_5.png,1,genuine_genuine,11,11
data/processed/validation/genuine/original_39_18.png,data/processed/validation/genuine/original_39_6.png,1,genuine_genuine,39,39
data/processed/validation/genuine/original_37_24.png,data/processed/validation/forged/forgeries_37_24.png,0,skilled_forgery,37,37
data/processed/train/genuine/original_15_16.png,data/processed/train/genuine/original_15_2.png,1,genuine_genuine,15,15
data/processed/train/genuine/original_18_15.png,data/processed/train/genuine/original_18_23.png,1,genuine_genuine,18,18
data/processed/train/genuine/original_6_17.png,data/processed/train/genuine/original_6_22.png,1,genuine_genuine,6,6
data/processed/train/genuine/original_7_14.png,data/processed/train/genuine/original_7_8.png,1,genuine_genuine,7,7
data/processed/validation/genuine/original_40_24.png,data/processed/train/genuine/original_11_17.png,0,random_forgery,40,11
data/processed/validation/genuine/original_39_5.png,data/processed/train/genuine/original_26_14.png,0,random_forgery,39,26
data/processed/train/genuine/original_7_4.png,data/processed/train/forged/forgeries_7_2.png,0,skilled_forgery,7,7
data/processed/train/genuine/original_14_17.png,data/processed/train/genuine/original_14_24.png,1,genuine_genuine,14,14
data/processed/train/genuine/original_9_13.png,data/processed/train/genuine/original_9_8.png,1,genuine_genuine,9,9
data/processed/validation/genuine/original_38_18.png,data/processed/validation/genuine/original_38_5.png,1,genuine_genuine,38,38
data/processed/validation/genuine/original_39_20.png,data/processed/validation/genuine/original_39_3.png,1,genuine_genuine,39,39
data/processed/train/genuine/original_8_10.png,data/processed/train/forged/forgeries_8_16.png,0,skilled_forgery,8,8
data/processed/train/genuine/original_14_23.png,data/processed/train/genuine/original_4_16.png,0,random_forgery,14,4
data/processed/train/genuine/original_23_21.png,data/processed/train/genuine/original_15_10.png,0,random_forgery,23,15
data/processed/train/genuine/original_27_16.png,data/processed/train/genuine/original_25_13.png,0,random_forgery,27,25
data/processed/train/genuine/original_2_8.png,data/processed/train/genuine/original_18_6.png,0,random_forgery,2,18
data/processed/train/genuine/original_26_5.png,data/processed/train/genuine/original_26_8.png,1,genuine_genuine,26,26
data/processed/validation/genuine/original_37_16.png,data/processed/validation/genuine/original_37_2.png,1,genuine_genuine,37,37
data/processed/train/genuine/original_13_16.png,data/processed/train/forged/forgeries_13_7.png,0,skilled_forgery,13,13
data/processed/train/genuine/original_20_20.png,data/processed/train/genuine/original_20_5.png,1,genuine_genuine,20,20
data/processed/validation/genuine/original_38_11.png,data/processed/validation/genuine/original_38_2.png,1,genuine_genuine,38,38
data/processed/train/genuine/original_12_22.png,data/processed/train/forged/forgeries_12_14.png,0,skilled_forgery,12,12
data/processed/train/genuine/original_1_23.png,data/processed/train/genuine/original_1_4.png,1,genuine_genuine,1,1
data/processed/validation/genuine/original_44_12.png,data/processed/train/genuine/original_4_13.png,0,random_forgery,44,4
data/processed/train/genuine/original_4_18.png,data/processed/train/genuine/original_4_9.png,1,genuine_genuine,4,4
data/processed/validation/genuine/original_39_8.png,data/processed/validation/forged/forgeries_39_11.png,0,skilled_forgery,39,39
data/processed/validation/genuine/original_45_16.png,data/processed/validation/genuine/original_45_23.png,1,genuine_genuine,45,45
data/processed/validation/genuine/original_41_6.png,data/processed/validation/genuine/original_41_8.png,1,genuine_genuine,41,41
data/processed/train/genuine/original_5_3.png,data/processed/train/forged/forgeries_5_2.png,0,skilled_forgery,5,5
data/processed/train/genuine/original_22_14.png,data/processed/train/genuine/original_22_22.png,1,genuine_genuine,22,22
data/processed/validation/genuine/original_43_3.png,data/processed/validation/genuine/original_43_7.png,1,genuine_genuine,43,43
data/processed/validation/genuine/original_45_17.png,data/processed/validation/genuine/original_45_24.png,1,genuine_genuine,45,45
data/processed/train/genuine/original_26_15.png,data/processed/train/genuine/original_26_7.png,1,genuine_genuine,26,26
data/processed/train/genuine/original_18_20.png,data/processed/train/genuine/original_18_6.png,1,genuine_genuine,18,18
data/processed/train/genuine/original_27_11.png,data/processed/train/genuine/original_27_21.png,1,genuine_genuine,27,27
data/processed/train/genuine/original_3_1.png,data/processed/train/genuine/original_3_14.png,1,genuine_genuine,3,3
data/processed/train/genuine/original_13_14.png,data/processed/train/forged/forgeries_13_6.png,0,skilled_forgery,13,13
data/processed/train/genuine/original_26_7.png,data/processed/train/forged/forgeries_26_15.png,0,skilled_forgery,26,26
data/processed/validation/genuine/original_42_3.png,data/processed/validation/genuine/original_42_8.png,1,genuine_genuine,42,42
data/processed/train/genuine/original_3_10.png,data/processed/train/genuine/original_3_17.png,1,genuine_genuine,3,3
data/processed/train/genuine/original_24_7.png,data/processed/train/genuine/original_13_16.png,0,random_forgery,24,13
data/processed/train/genuine/original_22_1.png,data/processed/train/genuine/original_22_23.png,1,genuine_genuine,22,22
data/processed/train/genuine/original_2_19.png,data/processed/train/genuine/original_12_22.png,0,random_forgery,2,12
data/processed/train/genuine/original_3_20.png,data/processed/train/forged/forgeries_3_23.png,0,skilled_forgery,3,3
data/processed/train/genuine/original_12_13.png,data/processed/train/genuine/original_12_15.png,1,genuine_genuine,12,12
data/processed/train/genuine/original_24_12.png,data/processed/train/genuine/original_24_6.png,1,genuine_genuine,24,24
data/processed/train/genuine/original_13_15.png,data/processed/train/genuine/original_13_5.png,1,genuine_genuine,13,13
data/processed/validation/genuine/original_40_18.png,data/processed/validation/forged/forgeries_40_20.png,0,skilled_forgery,40,40
data/processed/train/genuine/original_20_4.png,data/processed/train/genuine/original_20_5.png,1,genuine_genuine,20,20
data/processed/train/genuine/original_19_12.png,data/processed/train/forged/forgeries_19_3.png,0,skilled_forgery,19,19
data/processed/train/genuine/original_16_13.png,data/processed/train/genuine/original_16_5.png,1,genuine_genuine,16,16
data/processed/train/genuine/original_19_16.png,data/processed/train/forged/forgeries_19_19.png,0,skilled_forgery,19,19
data/processed/train/genuine/original_9_24.png,data/processed/train/genuine/original_9_8.png,1,genuine_genuine,9,9
data/processed/validation/genuine/original_40_12.png,data/processed/train/genuine/original_7_5.png,0,random_forgery,40,7
data/processed/train/genuine/original_27_17.png,data/processed/train/genuine/original_27_2.png,1,genuine_genuine,27,27
data/processed/validation/genuine/original_42_1.png,data/processed/validation/genuine/original_42_23.png,1,genuine_genuine,42,42
data/processed/validation/genuine/original_45_10.png,data/processed/validation/genuine/original_45_20.png,1,genuine_genuine,45,45
data/processed/validation/genuine/original_38_23.png,data/processed/validation/forged/forgeries_38_5.png,0,skilled_forgery,38,38
data/processed/train/genuine/original_12_14.png,data/processed/train/genuine/original_12_22.png,1,genuine_genuine,12,12
data/processed/train/genuine/original_9_11.png,data/processed/train/forged/forgeries_9_20.png,0,skilled_forgery,9,9
data/processed/train/genuine/original_23_13.png,data/processed/train/genuine/original_23_4.png,1,genuine_genuine,23,23
data/processed/validation/genuine/original_37_21.png,data/processed/validation/forged/forgeries_37_24.png,0,skilled_forgery,37,37
data/processed/train/genuine/original_26_18.png,data/processed/train/genuine/original_24_15.png,0,random_forgery,26,24
data/processed/train/genuine/original_23_13.png,data/processed/train/genuine/original_23_24.png,1,genuine_genuine,23,23
data/processed/train/genuine/original_15_23.png,data/processed/train/genuine/original_4_12.png,0,random_forgery,15,4
data/processed/train/genuine/original_12_8.png,data/processed/train/forged/forgeries_12_15.png,0,skilled_forgery,12,12
data/processed/train/genuine/original_21_11.png,data/processed/train/genuine/original_3_20.png,0,random_forgery,21,3
data/processed/train/genuine/original_23_20.png,data/processed/train/genuine/original_23_8.png,1,genuine_genuine,23,23
data/processed/train/genuine/original_22_1.png,data/processed/train/genuine/original_22_9.png,1,genuine_genuine,22,22
data/processed/validation/genuine/original_39_14.png,data/processed/validation/genuine/original_39_3.png,1,genuine_genuine,39,39
data/processed/validation/genuine/original_41_11.png,data/processed/validation/forged/forgeries_41_4.png,0,skilled_forgery,41,41
data/processed/validation/genuine/original_44_23.png,data/processed/train/genuine/original_18_13.png,0,random_forgery,44,18
data/processed/train/genuine/original_1_24.png,data/processed/train/forged/forgeries_1_11.png,0,skilled_forgery,1,1
data/processed/validation/genuine/original_39_5.png,data/processed/validation/forged/forgeries_39_13.png,0,skilled_forgery,39,39
data/processed/train/genuine/original_26_20.png,data/processed/validation/genuine/original_38_8.png,0,random_forgery,26,38
data/processed/train/genuine/original_10_2.png,data/processed/train/genuine/original_10_9.png,1,genuine_genuine,10,10
data/processed/train/genuine/original_8_2.png,data/processed/train/forged/forgeries_8_23.png,0,skilled_forgery,8,8
data/processed/train/genuine/original_16_4.png,data/processed/train/genuine/original_16_7.png,1,genuine_genuine,16,16
data/processed/train/genuine/original_27_16.png,data/processed/train/genuine/original_27_4.png,1,genuine_genuine,27,27
data/processed/train/genuine/original_20_11.png,data/processed/train/genuine/original_20_9.png,1,genuine_genuine,20,20
data/processed/train/genuine/original_6_22.png,data/processed/train/genuine/original_6_5.png,1,genuine_genuine,6,6
data/processed/validation/genuine/original_39_12.png,data/processed/validation/forged/forgeries_39_24.png,0,skilled_forgery,39,39
data/processed/train/genuine/original_7_23.png,data/processed/train/forged/forgeries_7_22.png,0,skilled_forgery,7,7
data/processed/validation/genuine/original_37_10.png,data/processed/validation/genuine/original_37_17.png,1,genuine_genuine,37,37
data/processed/validation/genuine/original_45_23.png,data/processed/validation/genuine/original_45_6.png,1,genuine_genuine,45,45
data/processed/train/genuine/original_8_17.png,data/processed/train/genuine/original_8_4.png,1,genuine_genuine,8,8
data/processed/validation/genuine/original_39_7.png,data/processed/validation/forged/forgeries_39_5.png,0,skilled_forgery,39,39
data/processed/train/genuine/original_25_12.png,data/processed/train/genuine/original_25_8.png,1,genuine_genuine,25,25
data/processed/train/genuine/original_14_6.png,data/processed/train/genuine/original_14_9.png,1,genuine_genuine,14,14
data/processed/train/genuine/original_26_21.png,data/processed/train/genuine/original_2_4.png,0,random_forgery,26,2
data/processed/train/genuine/original_8_18.png,data/processed/train/genuine/original_8_7.png,1,genuine_genuine,8,8
data/processed/train/genuine/original_25_9.png,data/processed/train/genuine/original_1_17.png,0,random_forgery,25,1
data/processed/train/genuine/original_13_2.png,data/processed/train/genuine/original_13_6.png,1,genuine_genuine,13,13
data/processed/train/genuine/original_22_9.png,data/processed/train/forged/forgeries_22_5.png,0,skilled_forgery,22,22
data/processed/train/genuine/original_23_13.png,data/processed/train/genuine/original_23_21.png,1,genuine_genuine,23,23
data/processed/train/genuine/original_19_19.png,data/processed/train/genuine/original_19_4.png,1,genuine_genuine,19,19
data/processed/train/genuine/original_7_16.png,data/processed/train/forged/forgeries_7_5.png,0,skilled_forgery,7,7
data/processed/train/genuine/original_17_15.png,data/processed/train/genuine/original_17_9.png,1,genuine_genuine,17,17
data/processed/train/genuine/original_11_2.png,data/processed/train/genuine/original_11_22.png,1,genuine_genuine,11,11
data/processed/train/genuine/original_10_10.png,data/processed/train/genuine/original_10_13.png,1,genuine_genuine,10,10
data/processed/train/genuine/original_20_3.png,data/processed/train/forged/forgeries_20_14.png,0,skilled_forgery,20,20
data/processed/train/genuine/original_24_20.png,data/processed/train/genuine/original_21_11.png,0,random_forgery,24,21
data/processed/train/genuine/original_13_9.png,data/processed/train/genuine/original_5_22.png,0,random_forgery,13,5
data/processed/train/genuine/original_8_13.png,data/processed/train/genuine/original_8_22.png,1,genuine_genuine,8,8
data/processed/train/genuine/original_18_12.png,data/processed/train/forged/forgeries_18_15.png,0,skilled_forgery,18,18
data/processed/validation/genuine/original_39_2.png,data/processed/validation/genuine/original_39_21.png,1,genuine_genuine,39,39
data/processed/validation/genuine/original_42_22.png,data/processed/train/genuine/original_13_10.png,0,random_forgery,42,13
data/processed/train/genuine/original_2_13.png,data/processed/train/genuine/original_2_16.png,1,genuine_genuine,2,2
data/processed/train/genuine/original_27_24.png,data/processed/train/genuine/original_17_17.png,0,random_forgery,27,17
data/processed/train/genuine/original_15_16.png,data/processed/train/genuine/original_15_4.png,1,genuine_genuine,15,15
data/processed/validation/genuine/original_42_16.png,data/processed/validation/forged/forgeries_42_9.png,0,skilled_forgery,42,42
data/processed/validation/genuine/original_41_15.png,data/processed/validation/genuine/original_41_4.png,1,genuine_genuine,41,41
data/processed/validation/genuine/original_45_19.png,data/processed/train/genuine/original_5_2.png,0,random_forgery,45,5
data/processed/train/genuine/original_23_18.png,data/processed/train/genuine/original_23_9.png,1,genuine_genuine,23,23
data/processed/train/genuine/original_15_13.png,data/processed/train/forged/forgeries_15_9.png,0,skilled_forgery,15,15
data/processed/train/genuine/original_4_1.png,data/processed/train/genuine/original_4_18.png,1,genuine_genuine,4,4
data/processed/train/genuine/original_27_21.png,data/processed/train/genuine/original_27_4.png,1,genuine_genuine,27,27
data/processed/validation/genuine/original_40_13.png,data/processed/validation/genuine/original_40_23.png,1,genuine_genuine,40,40
data/processed/train/genuine/original_21_13.png,data/processed/validation/genuine/original_38_17.png,0,random_forgery,21,38
data/processed/train/genuine/original_24_21.png,data/processed/train/forged/forgeries_24_22.png,0,skilled_forgery,24,24
data/processed/train/genuine/original_5_12.png,data/processed/train/genuine/original_25_16.png,0,random_forgery,5,25
data/processed/train/genuine/original_19_19.png,data/processed/train/genuine/original_1_23.png,0,random_forgery,19,1
data/processed/train/genuine/original_13_20.png,data/processed/train/genuine/original_13_7.png,1,genuine_genuine,13,13
data/processed/train/genuine/original_13_10.png,data/processed/train/genuine/original_13_9.png,1,genuine_genuine,13,13
data/processed/train/genuine/original_8_16.png,data/processed/train/forged/forgeries_8_7.png,0,skilled_forgery,8,8
data/processed/train/genuine/original_22_12.png,data/processed/train/genuine/original_22_5.png,1,genuine_genuine,22,22
data/processed/train/genuine/original_16_22.png,data/processed/train/genuine/original_16_23.png,1,genuine_genuine,16,16
data/processed/train/genuine/original_27_16.png,data/processed/train/forged/forgeries_27_17.png,0,skilled_forgery,27,27
data/processed/train/genuine/original_17_15.png,data/processed/train/forged/forgeries_17_11.png,0,skilled_forgery,17,17
data/processed/train/genuine/original_15_1.png,data/processed/train/genuine/original_15_4.png,1,genuine_genuine,15,15
data/processed/train/genuine/original_6_11.png,data/processed/train/genuine/original_6_16.png,1,genuine_genuine,6,6
data/processed/train/genuine/original_1_16.png,data/processed/train/forged/forgeries_1_24.png,0,skilled_forgery,1,1
data/processed/validation/genuine/original_43_17.png,data/processed/validation/forged/forgeries_43_3.png,0,skilled_forgery,43,43
data/processed/validation/genuine/original_41_22.png,data/processed/validation/forged/forgeries_41_19.png,0,skilled_forgery,41,41
data/processed/train/genuine/original_19_5.png,data/processed/train/forged/forgeries_19_21.png,0,skilled_forgery,19,19
data/processed/train/genuine/original_24_14.png,data/processed/train/genuine/original_24_9.png,1,genuine_genuine,24,24
data/processed/train/genuine/original_16_16.png,data/processed/train/genuine/original_16_9.png,1,genuine_genuine,16,16
data/processed/train/genuine/original_1_10.png,data/processed/train/forged/forgeries_1_24.png,0,skilled_forgery,1,1
data/processed/validation/genuine/original_43_11.png,data/processed/validation/genuine/original_43_22.png,1,genuine_genuine,43,43
data/processed/train/genuine/original_18_7.png,data/processed/train/forged/forgeries_18_8.png,0,skilled_forgery,18,18
data/processed/train/genuine/original_14_2.png,data/processed/train/genuine/original_14_5.png,1,genuine_genuine,14,14
data/processed/validation/genuine/original_39_14.png,data/processed/validation/forged/forgeries_39_6.png,0,skilled_forgery,39,39
data/processed/train/genuine/original_24_18.png,data/processed/train/forged/forgeries_24_17.png,0,skilled_forgery,24,24
data/processed/train/genuine/original_21_1.png,data/processed/train/genuine/original_21_19.png,1,genuine_genuine,21,21
data/processed/train/genuine/original_7_13.png,data/processed/train/genuine/original_14_11.png,0,random_forgery,7,14
data/processed/train/genuine/original_2_4.png,data/processed/train/forged/forgeries_2_19.png,0,skilled_forgery,2,2
data/processed/validation/genuine/original_40_1.png,data/processed/validation/forged/forgeries_40_1.png,0,skilled_forgery,40,40
data/processed/validation/genuine/original_44_23.png,data/processed/train/genuine/original_19_20.png,0,random_forgery,44,19
data/processed/validation/genuine/original_43_2.png,data/processed/validation/genuine/original_43_21.png,1,genuine_genuine,43,43
data/processed/train/genuine/original_9_3.png,data/processed/train/forged/forgeries_9_10.png,0,skilled_forgery,9,9
data/processed/validation/genuine/original_43_10.png,data/processed/validation/forged/forgeries_43_10.png,0,skilled_forgery,43,43
data/processed/train/genuine/original_23_20.png,data/processed/train/forged/forgeries_23_9.png,0,skilled_forgery,23,23
data/processed/validation/genuine/original_42_13.png,data/processed/train/genuine/original_11_10.png,0,random_forgery,42,11
data/processed/validation/genuine/original_45_2.png,data/processed/validation/forged/forgeries_45_10.png,0,skilled_forgery,45,45
data/processed/train/genuine/original_11_10.png,data/processed/train/genuine/original_11_24.png,1,genuine_genuine,11,11
data/processed/train/genuine/original_19_16.png,data/processed/train/genuine/original_19_17.png,1,genuine_genuine,19,19
data/processed/train/genuine/original_3_10.png,data/processed/train/genuine/original_3_5.png,1,genuine_genuine,3,3
data/processed/train/genuine/original_6_24.png,data/processed/train/forged/forgeries_6_18.png,0,skilled_forgery,6,6
data/processed/validation/genuine/original_45_24.png,data/processed/validation/genuine/original_45_7.png,1,genuine_genuine,45,45
data/processed/validation/genuine/original_44_3.png,data/processed/validation/forged/forgeries_44_2.png,0,skilled_forgery,44,44
data/processed/train/genuine/original_13_21.png,data/processed/validation/genuine/original_37_5.png,0,random_forgery,13,37
data/processed/train/genuine/original_23_1.png,data/processed/train/genuine/original_23_16.png,1,genuine_genuine,23,23
data/processed/train/genuine/original_6_9.png,data/processed/train/genuine/original_26_10.png,0,random_forgery,6,26
data/processed/validation/genuine/original_40_14.png,data/processed/validation/genuine/original_40_4.png,1,genuine_genuine,40,40
data/processed/train/genuine/original_27_11.png,data/processed/train/genuine/original_27_15.png,1,genuine_genuine,27,27
data/processed/train/genuine/original_24_24.png,data/processed/train/forged/forgeries_24_10.png,0,skilled_forgery,24,24
data/processed/train/genuine/original_27_22.png,data/processed/train/forged/forgeries_27_9.png,0,skilled_forgery,27,27
data/processed/train/genuine/original_11_20.png,data/processed/train/genuine/original_11_8.png,1,genuine_genuine,11,11
data/processed/train/genuine/original_15_15.png,data/processed/train/genuine/original_15_22.png,1,genuine_genuine,15,15
data/processed/train/genuine/original_3_16.png,data/processed/train/genuine/original_10_3.png,0,random_forgery,3,10
data/processed/train/genuine/original_21_16.png,data/processed/train/genuine/original_9_10.png,0,random_forgery,21,9
data/processed/train/genuine/original_24_21.png,data/processed/train/genuine/original_1_18.png,0,random_forgery,24,1
data/processed/train/genuine/original_13_12.png,data/processed/train/genuine/original_13_8.png,1,genuine_genuine,13,13
data/processed/train/genuine/original_27_19.png,data/processed/train/genuine/original_17_13.png,0,random_forgery,27,17
data/processed/train/genuine/original_26_18.png,data/processed/train/genuine/original_26_8.png,1,genuine_genuine,26,26
data/processed/validation/genuine/original_43_7.png,data/processed/train/genuine/original_24_22.png,0,random_forgery,43,24
data/processed/train/genuine/original_20_20.png,data/processed/train/forged/forgeries_20_15.png,0,skilled_forgery,20,20
data/processed/train/genuine/original_27_16.png,data/processed/train/genuine/original_27_22.png,1,genuine_genuine,27,27
data/processed/train/genuine/original_18_11.png,data/processed/train/genuine/original_18_8.png,1,genuine_genuine,18,18
data/processed/train/genuine/original_3_24.png,data/processed/train/genuine/original_3_5.png,1,genuine_genuine,3,3
data/processed/train/genuine/original_3_1.png,data/processed/train/forged/forgeries_3_10.png,0,skilled_forgery,3,3
data/processed/train/genuine/original_6_2.png,data/processed/train/genuine/original_18_23.png,0,random_forgery,6,18
data/processed/train/genuine/original_19_18.png,data/processed/train/genuine/original_19_22.png,1,genuine_genuine,19,19
data/processed/validation/genuine/original_42_2.png,data/processed/validation/forged/forgeries_42_19.png,0,skilled_forgery,42,42
data/processed/validation/genuine/original_44_4.png,data/processed/validation/genuine/original_40_23.png,0,random_forgery,44,40
data/processed/validation/genuine/original_37_2.png,data/processed/validation/genuine/original_45_14.png,0,random_forgery,37,45
data/processed/train/genuine/original_3_1.png,data/processed/train/genuine/original_3_19.png,1,genuine_genuine,3,3
data/processed/train/genuine/original_15_20.png,data/processed/train/genuine/original_15_24.png,1,genuine_genuine,15,15
data/processed/train/genuine/original_23_7.png,data/processed/train/genuine/original_23_8.png,1,genuine_genuine,23,23
data/processed/train/genuine/original_13_20.png,data/processed/train/genuine/original_13_8.png,1,genuine_genuine,13,13
data/processed/train/genuine/original_3_10.png,data/processed/train/genuine/original_3_24.png,1,genuine_genuine,3,3
data/processed/validation/genuine/original_41_11.png,data/processed/validation/forged/forgeries_41_14.png,0,skilled_forgery,41,41
data/processed/train/genuine/original_2_1.png,data/processed/train/genuine/original_2_16.png,1,genuine_genuine,2,2
data/processed/train/genuine/original_23_15.png,data/processed/train/genuine/original_23_5.png,1,genuine_genuine,23,23
data/processed/train/genuine/original_25_20.png,data/processed/train/genuine/original_25_22.png,1,genuine_genuine,25,25
data/processed/train/genuine/original_4_11.png,data/processed/train/genuine/original_4_23.png,1,genuine_genuine,4,4
data/processed/validation/genuine/original_41_1.png,data/processed/validation/genuine/original_41_6.png,1,genuine_genuine,41,41
data/processed/train/genuine/original_13_6.png,data/processed/train/forged/forgeries_13_24.png,0,skilled_forgery,13,13
data/processed/train/genuine/original_24_16.png,data/processed/train/genuine/original_24_2.png,1,genuine_genuine,24,24
data/processed/train/genuine/original_3_22.png,data/processed/train/genuine/original_3_3.png,1,genuine_genuine,3,3
data/processed/train/genuine/original_12_12.png,data/processed/train/forged/forgeries_12_24.png,0,skilled_forgery,12,12
data/processed/validation/genuine/original_43_18.png,data/processed/validation/genuine/original_43_7.png,1,genuine_genuine,43,43
data/processed/train/genuine/original_17_1.png,data/processed/train/genuine/original_17_14.png,1,genuine_genuine,17,17
data/processed/validation/genuine/original_37_13.png,data/processed/validation/genuine/original_37_14.png,1,genuine_genuine,37,37
data/processed/validation/genuine/original_37_10.png,data/processed/train/genuine/original_5_2.png,0,random_forgery,37,5
data/processed/validation/genuine/original_37_6.png,data/processed/validation/genuine/original_44_21.png,0,random_forgery,37,44
data/processed/train/genuine/original_14_22.png,data/processed/train/genuine/original_14_9.png,1,genuine_genuine,14,14
data/processed/train/genuine/original_12_7.png,data/processed/train/forged/forgeries_12_14.png,0,skilled_forgery,12,12
data/processed/train/genuine/original_10_1.png,data/processed/train/genuine/original_10_14.png,1,genuine_genuine,10,10
data/processed/train/genuine/original_26_22.png,data/processed/train/forged/forgeries_26_3.png,0,skilled_forgery,26,26
data/processed/validation/genuine/original_38_20.png,data/processed/validation/genuine/original_38_22.png,1,genuine_genuine,38,38
data/processed/train/genuine/original_6_20.png,data/processed/train/genuine/original_6_23.png,1,genuine_genuine,6,6
data/processed/validation/genuine/original_40_19.png,data/processed/validation/forged/forgeries_40_14.png,0,skilled_forgery,40,40
data/processed/validation/genuine/original_40_2.png,data/processed/validation/genuine/original_40_23.png,1,genuine_genuine,40,40
data/processed/validation/genuine/original_45_20.png,data/processed/validation/genuine/original_45_21.png,1,genuine_genuine,45,45
data/processed/train/genuine/original_16_18.png,data/processed/train/genuine/original_16_5.png,1,genuine_genuine,16,16
data/processed/train/genuine/original_26_20.png,data/processed/train/forged/forgeries_26_4.png,0,skilled_forgery,26,26
data/processed/train/genuine/original_21_9.png,data/processed/train/genuine/original_6_22.png,0,random_forgery,21,6
data/processed/train/genuine/original_23_22.png,data/processed/train/genuine/original_23_4.png,1,genuine_genuine,23,23
data/processed/validation/genuine/original_43_18.png,data/processed/validation/forged/forgeries_43_15.png,0,skilled_forgery,43,43
data/processed/train/genuine/original_18_19.png,data/processed/train/genuine/original_18_21.png,1,genuine_genuine,18,18
data/processed/train/genuine/original_8_2.png,data/processed/validation/genuine/original_45_22.png,0,random_forgery,8,45
data/processed/train/genuine/original_5_18.png,data/processed/train/genuine/original_9_17.png,0,random_forgery,5,9
data/processed/train/genuine/original_22_15.png,data/processed/train/genuine/original_22_20.png,1,genuine_genuine,22,22
data/processed/train/genuine/original_6_2.png,data/processed/train/genuine/original_23_3.png,0,random_forgery,6,23
data/processed/train/genuine/original_17_2.png,data/processed/train/forged/forgeries_17_17.png,0,skilled_forgery,17,17
data/processed/validation/genuine/original_43_19.png,data/processed/validation/forged/forgeries_43_12.png,0,skilled_forgery,43,43
data/processed/train/genuine/original_8_20.png,data/processed/train/genuine/original_20_15.png,0,random_forgery,8,20
data/processed/train/genuine/original_5_18.png,data/processed/train/genuine/original_5_8.png,1,genuine_genuine,5,5
data/processed/train/genuine/original_27_11.png,data/processed/train/genuine/original_27_23.png,1,genuine_genuine,27,27
data/processed/validation/genuine/original_38_13.png,data/processed/validation/genuine/original_38_23.png,1,genuine_genuine,38,38
data/processed/train/genuine/original_14_24.png,data/processed/train/forged/forgeries_14_14.png,0,skilled_forgery,14,14
data/processed/train/genuine/original_13_23.png,data/processed/train/genuine/original_25_14.png,0,random_forgery,13,25
data/processed/train/genuine/original_27_14.png,data/processed/train/forged/forgeries_27_17.png,0,skilled_forgery,27,27
data/processed/train/genuine/original_23_13.png,data/processed/train/genuine/original_23_2.png,1,genuine_genuine,23,23
data/processed/validation/genuine/original_38_13.png,data/processed/validation/forged/forgeries_38_22.png,0,skilled_forgery,38,38
data/processed/train/genuine/original_20_10.png,data/processed/train/genuine/original_20_6.png,1,genuine_genuine,20,20
data/processed/train/genuine/original_20_18.png,data/processed/train/genuine/original_20_4.png,1,genuine_genuine,20,20
data/processed/validation/genuine/original_41_23.png,data/processed/validation/forged/forgeries_41_24.png,0,skilled_forgery,41,41
data/processed/train/genuine/original_22_17.png,data/processed/train/genuine/original_22_18.png,1,genuine_genuine,22,22
data/processed/train/genuine/original_5_1.png,data/processed/train/genuine/original_5_4.png,1,genuine_genuine,5,5
data/processed/train/genuine/original_2_21.png,data/processed/validation/genuine/original_40_15.png,0,random_forgery,2,40
data/processed/train/genuine/original_5_21.png,data/processed/train/forged/forgeries_5_1.png,0,skilled_forgery,5,5
data/processed/validation/genuine/original_43_20.png,data/processed/validation/genuine/original_43_7.png,1,genuine_genuine,43,43
data/processed/train/genuine/original_12_19.png,data/processed/train/genuine/original_12_24.png,1,genuine_genuine,12,12
data/processed/train/genuine/original_8_21.png,data/processed/train/genuine/original_8_5.png,1,genuine_genuine,8,8
data/processed/train/genuine/original_17_8.png,data/processed/validation/genuine/original_42_19.png,0,random_forgery,17,42
data/processed/train/genuine/original_8_17.png,data/processed/train/genuine/original_8_18.png,1,genuine_genuine,8,8
data/processed/train/genuine/original_19_18.png,data/processed/train/genuine/original_19_19.png,1,genuine_genuine,19,19
data/processed/train/genuine/original_9_13.png,data/processed/train/genuine/original_27_17.png,0,random_forgery,9,27
data/processed/validation/genuine/original_40_22.png,data/processed/train/genuine/original_15_19.png,0,random_forgery,40,15
data/processed/train/genuine/original_9_19.png,data/processed/train/forged/forgeries_9_15.png,0,skilled_forgery,9,9
data/processed/train/genuine/original_11_2.png,data/processed/train/forged/forgeries_11_23.png,0,skilled_forgery,11,11
data/processed/train/genuine/original_19_11.png,data/processed/train/forged/forgeries_19_2.png,0,skilled_forgery,19,19
data/processed/validation/genuine/original_43_5.png,data/processed/validation/genuine/original_43_9.png,1,genuine_genuine,43,43
data/processed/validation/genuine/original_38_15.png,data/processed/validation/genuine/original_38_4.png,1,genuine_genuine,38,38
data/processed/validation/genuine/original_39_6.png,data/processed/validation/forged/forgeries_39_18.png,0,skilled_forgery,39,39
data/processed/validation/genuine/original_42_16.png,data/processed/validation/forged/forgeries_42_7.png,0,skilled_forgery,42,42
data/processed/train/genuine/original_26_21.png,data/processed/train/genuine/original_26_4.png,1,genuine_genuine,26,26
data/processed/train/genuine/original_6_13.png,data/processed/train/genuine/original_6_9.png,1,genuine_genuine,6,6
data/processed/train/genuine/original_5_5.png,data/processed/train/forged/forgeries_5_20.png,0,skilled_forgery,5,5
data/processed/train/genuine/original_13_2.png,data/processed/train/forged/forgeries_13_5.png,0,skilled_forgery,13,13
data/processed/train/genuine/original_27_8.png,data/processed/train/forged/forgeries_27_21.png,0,skilled_forgery,27,27
data/processed/train/genuine/original_27_4.png,data/processed/train/forged/forgeries_27_17.png,0,skilled_forgery,27,27
data/processed/train/genuine/original_26_3.png,data/processed/validation/genuine/original_39_9.png,0,random_forgery,26,39
data/processed/train/genuine/original_10_15.png,data/processed/validation/genuine/original_41_6.png,0,random_forgery,10,41
data/processed/validation/genuine/original_45_12.png,data/processed/validation/forged/forgeries_45_10.png,0,skilled_forgery,45,45
data/processed/train/genuine/original_19_15.png,data/processed/train/genuine/original_19_8.png,1,genuine_genuine,19,19
data/processed/train/genuine/original_24_9.png,data/processed/train/forged/forgeries_24_8.png,0,skilled_forgery,24,24
data/processed/train/genuine/original_4_14.png,data/processed/validation/genuine/original_42_23.png,0,random_forgery,4,42
data/processed/train/genuine/original_21_6.png,data/processed/train/genuine/original_14_22.png,0,random_forgery,21,14
data/processed/validation/genuine/original_37_8.png,data/processed/validation/genuine/original_40_8.png,0,random_forgery,37,40
data/processed/validation/genuine/original_43_15.png,data/processed/train/genuine/original_24_18.png,0,random_forgery,43,24
data/processed/validation/genuine/original_38_13.png,data/processed/validation/forged/forgeries_38_15.png,0,skilled_forgery,38,38
data/processed/train/genuine/original_3_3.png,data/processed/train/genuine/original_3_7.png,1,genuine_genuine,3,3
data/processed/train/genuine/original_18_24.png,data/processed/train/forged/forgeries_18_12.png,0,skilled_forgery,18,18
data/processed/train/genuine/original_24_21.png,data/processed/train/genuine/original_24_22.png,1,genuine_genuine,24,24
data/processed/train/genuine/original_4_1.png,data/processed/train/genuine/original_4_11.png,1,genuine_genuine,4,4
data/processed/train/genuine/original_16_21.png,data/processed/train/genuine/original_15_14.png,0,random_forgery,16,15
data/processed/train/genuine/original_20_5.png,data/processed/train/forged/forgeries_20_23.png,0,skilled_forgery,20,20
data/processed/train/genuine/original_3_10.png,data/processed/train/genuine/original_3_6.png,1,genuine_genuine,3,3
data/processed/validation/genuine/original_44_16.png,data/processed/validation/genuine/original_44_17.png,1,genuine_genuine,44,44
data/processed/validation/genuine/original_42_3.png,data/processed/validation/genuine/original_42_4.png,1,genuine_genuine,42,42
data/processed/train/genuine/original_18_22.png,data/processed/train/genuine/original_18_6.png,1,genuine_genuine,18,18
data/processed/train/genuine/original_11_13.png,data/processed/train/genuine/original_7_7.png,0,random_forgery,11,7
data/processed/train/genuine/original_11_5.png,data/processed/train/genuine/original_11_8.png,1,genuine_genuine,11,11
data/processed/validation/genuine/original_37_13.png,data/processed/validation/genuine/original_37_19.png,1,genuine_genuine,37,37
data/processed/train/genuine/original_13_5.png,data/processed/train/genuine/original_14_16.png,0,random_forgery,13,14
data/processed/train/genuine/original_19_23.png,data/processed/train/forged/forgeries_19_5.png,0,skilled_forgery,19,19
data/processed/train/genuine/original_6_21.png,data/processed/train/forged/forgeries_6_6.png,0,skilled_forgery,6,6
data/processed/train/genuine/original_25_13.png,data/processed/train/forged/forgeries_25_9.png,0,skilled_forgery,25,25
data/processed/train/genuine/original_16_17.png,data/processed/train/genuine/original_16_5.png,1,genuine_genuine,16,16
data/processed/train/genuine/original_22_15.png,data/processed/validation/genuine/original_42_8.png,0,random_forgery,22,42
data/processed/train/genuine/original_27_2.png,data/processed/train/genuine/original_27_7.png,1,genuine_genuine,27,27
data/processed/train/genuine/original_19_8.png,data/processed/train/genuine/original_19_9.png,1,genuine_genuine,19,19
data/processed/train/genuine/original_8_12.png,data/processed/train/genuine/original_8_5.png,1,genuine_genuine,8,8
data/processed/validation/genuine/original_37_16.png,data/processed/validation/genuine/original_37_19.png,1,genuine_genuine,37,37
data/processed/train/genuine/original_13_1.png,data/processed/train/genuine/original_13_4.png,1,genuine_genuine,13,13
data/processed/train/genuine/original_11_14.png,data/processed/train/forged/forgeries_11_17.png,0,skilled_forgery,11,11
data/processed/train/genuine/original_7_3.png,data/processed/train/genuine/original_7_6.png,1,genuine_genuine,7,7
data/processed/train/genuine/original_6_1.png,data/processed/train/forged/forgeries_6_16.png,0,skilled_forgery,6,6
data/processed/train/genuine/original_11_23.png,data/processed/train/forged/forgeries_11_21.png,0,skilled_forgery,11,11
data/processed/train/genuine/original_15_14.png,data/processed/train/genuine/original_1_10.png,0,random_forgery,15,1
data/processed/train/genuine/original_23_16.png,data/processed/train/genuine/original_23_8.png,1,genuine_genuine,23,23
data/processed/train/genuine/original_27_9.png,data/processed/train/forged/forgeries_27_9.png,0,skilled_forgery,27,27
data/processed/validation/genuine/original_40_17.png,data/processed/validation/genuine/original_40_2.png,1,genuine_genuine,40,40
data/processed/validation/genuine/original_42_12.png,data/processed/validation/genuine/original_42_16.png,1,genuine_genuine,42,42
data/processed/train/genuine/original_6_5.png,data/processed/train/forged/forgeries_6_3.png,0,skilled_forgery,6,6
data/processed/train/genuine/original_15_8.png,data/processed/train/forged/forgeries_15_1.png,0,skilled_forgery,15,15
data/processed/train/genuine/original_16_16.png,data/processed/train/forged/forgeries_16_17.png,0,skilled_forgery,16,16
data/processed/train/genuine/original_16_10.png,data/processed/train/genuine/original_16_6.png,1,genuine_genuine,16,16
data/processed/train/genuine/original_21_3.png,data/processed/train/genuine/original_21_6.png,1,genuine_genuine,21,21
data/processed/validation/genuine/original_45_8.png,data/processed/validation/forged/forgeries_45_10.png,0,skilled_forgery,45,45
data/processed/train/genuine/original_2_5.png,data/processed/validation/genuine/original_41_4.png,0,random_forgery,2,41
data/processed/train/genuine/original_20_23.png,data/processed/train/genuine/original_20_3.png,1,genuine_genuine,20,20
data/processed/train/genuine/original_6_17.png,data/processed/train/genuine/original_6_6.png,1,genuine_genuine,6,6
data/processed/train/genuine/original_14_19.png,data/processed/train/genuine/original_14_4.png,1,genuine_genuine,14,14
data/processed/train/genuine/original_10_1.png,data/processed/train/forged/forgeries_10_6.png,0,skilled_forgery,10,10
data/processed/train/genuine/original_24_18.png,data/processed/train/genuine/original_24_2.png,1,genuine_genuine,24,24
data/processed/train/genuine/original_17_19.png,data/processed/train/forged/forgeries_17_15.png,0,skilled_forgery,17,17
data/processed/train/genuine/original_13_20.png,data/processed/train/genuine/original_13_24.png,1,genuine_genuine,13,13
data/processed/train/genuine/original_2_20.png,data/processed/train/forged/forgeries_2_21.png,0,skilled_forgery,2,2
data/processed/validation/genuine/original_41_7.png,data/processed/train/genuine/original_25_7.png,0,random_forgery,41,25
data/processed/train/genuine/original_22_13.png,data/processed/train/genuine/original_22_5.png,1,genuine_genuine,22,22
data/processed/train/genuine/original_6_1.png,data/processed/train/forged/forgeries_6_13.png,0,skilled_forgery,6,6
data/processed/train/genuine/original_17_3.png,data/processed/train/forged/forgeries_17_14.png,0,skilled_forgery,17,17
data/processed/train/genuine/original_11_22.png,data/processed/train/genuine/original_11_7.png,1,genuine_genuine,11,11
data/processed/validation/genuine/original_45_18.png,data/processed/validation/forged/forgeries_45_21.png,0,skilled_forgery,45,45
data/processed/train/genuine/original_19_23.png,data/processed/train/forged/forgeries_19_18.png,0,skilled_forgery,19,19
data/processed/train/genuine/original_2_15.png,data/processed/train/genuine/original_25_13.png,0,random_forgery,2,25
data/processed/validation/genuine/original_42_10.png,data/processed/train/genuine/original_8_21.png,0,random_forgery,42,8
data/processed/train/genuine/original_5_18.png,data/processed/train/forged/forgeries_5_17.png,0,skilled_forgery,5,5
data/processed/train/genuine/original_13_24.png,data/processed/train/genuine/original_13_6.png,1,genuine_genuine,13,13
data/processed/validation/genuine/original_44_15.png,data/processed/validation/forged/forgeries_44_22.png,0,skilled_forgery,44,44
data/processed/train/genuine/original_16_22.png,data/processed/train/forged/forgeries_16_19.png,0,skilled_forgery,16,16
data/processed/train/genuine/original_11_12.png,data/processed/train/genuine/original_11_8.png,1,genuine_genuine,11,11
data/processed/train/genuine/original_7_16.png,data/processed/train/genuine/original_7_7.png,1,genuine_genuine,7,7
data/processed/validation/genuine/original_45_13.png,data/processed/validation/genuine/original_45_6.png,1,genuine_genuine,45,45
data/processed/train/genuine/original_13_18.png,data/processed/train/genuine/original_13_22.png,1,genuine_genuine,13,13
data/processed/train/genuine/original_8_14.png,data/processed/train/genuine/original_8_5.png,1,genuine_genuine,8,8
data/processed/train/genuine/original_7_10.png,data/processed/train/genuine/original_9_23.png,0,random_forgery,7,9
data/processed/validation/genuine/original_42_9.png,data/processed/train/genuine/original_9_19.png,0,random_forgery,42,9
data/processed/train/genuine/original_27_5.png,data/processed/train/forged/forgeries_27_18.png,0,skilled_forgery,27,27
data/processed/train/genuine/original_27_22.png,data/processed/train/genuine/original_27_3.png,1,genuine_genuine,27,27
data/processed/train/genuine/original_5_18.png,data/processed/train/genuine/original_5_2.png,1,genuine_genuine,5,5
data/processed/train/genuine/original_4_18.png,data/processed/train/genuine/original_1_15.png,0,random_forgery,4,1
data/processed/train/genuine/original_21_15.png,data/processed/train/genuine/original_6_9.png,0,random_forgery,21,6
data/processed/train/genuine/original_6_6.png,data/processed/train/genuine/original_6_7.png,1,genuine_genuine,6,6
data/processed/train/genuine/original_6_10.png,data/processed/train/forged/forgeries_6_2.png,0,skilled_forgery,6,6
data/processed/train/genuine/original_22_13.png,data/processed/train/genuine/original_22_15.png,1,genuine_genuine,22,22
data/processed/train/genuine/original_3_2.png,data/processed/train/genuine/original_3_24.png,1,genuine_genuine,3,3
data/processed/train/genuine/original_26_10.png,data/processed/train/genuine/original_26_5.png,1,genuine_genuine,26,26
data/processed/train/genuine/original_23_11.png,data/processed/train/genuine/original_23_20.png,1,genuine_genuine,23,23
data/processed/validation/genuine/original_39_4.png,data/processed/validation/genuine/original_39_5.png,1,genuine_genuine,39,39
data/processed/train/genuine/original_20_15.png,data/processed/train/genuine/original_20_5.png,1,genuine_genuine,20,20
data/processed/train/genuine/original_23_23.png,data/processed/train/forged/forgeries_23_15.png,0,skilled_forgery,23,23
data/processed/validation/genuine/original_41_6.png,data/processed/train/genuine/original_15_3.png,0,random_forgery,41,15
data/processed/train/genuine/original_18_4.png,data/processed/train/forged/forgeries_18_16.png,0,skilled_forgery,18,18
data/processed/train/genuine/original_11_11.png,data/processed/train/forged/forgeries_11_16.png,0,skilled_forgery,11,11
data/processed/validation/genuine/original_38_6.png,data/processed/validation/forged/forgeries_38_23.png,0,skilled_forgery,38,38
data/processed/validation/genuine/original_41_12.png,data/processed/train/genuine/original_26_7.png,0,random_forgery,41,26
data/processed/train/genuine/original_2_19.png,data/processed/train/genuine/original_2_23.png,1,genuine_genuine,2,2
data/processed/train/genuine/original_15_7.png,data/processed/train/genuine/original_13_19.png,0,random_forgery,15,13
data/processed/train/genuine/original_2_18.png,data/processed/train/forged/forgeries_2_8.png,0,skilled_forgery,2,2
data/processed/train/genuine/original_20_12.png,data/processed/train/genuine/original_20_8.png,1,genuine_genuine,20,20
data/processed/train/genuine/original_6_7.png,data/processed/train/genuine/original_20_20.png,0,random_forgery,6,20
data/processed/train/genuine/original_9_22.png,data/processed/train/forged/forgeries_9_17.png,0,skilled_forgery,9,9
data/processed/train/genuine/original_26_15.png,data/processed/train/genuine/original_26_16.png,1,genuine_genuine,26,26
data/processed/train/genuine/original_10_22.png,data/processed/train/forged/forgeries_10_11.png,0,skilled_forgery,10,10
data/processed/train/genuine/original_26_21.png,data/processed/train/genuine/original_15_12.png,0,random_forgery,26,15
data/processed/train/genuine/original_22_12.png,data/processed/validation/genuine/original_39_19.png,0,random_forgery,22,39
data/processed/train/genuine/original_5_24.png,data/processed/validation/genuine/original_40_11.png,0,random_forgery,5,40
data/processed/validation/genuine/original_39_16.png,data/processed/validation/forged/forgeries_39_6.png,0,skilled_forgery,39,39
data/processed/validation/genuine/original_38_1.png,data/processed/train/genuine/original_26_5.png,0,random_forgery,38,26
data/processed/train/genuine/original_10_12.png,data/processed/train/genuine/original_10_3.png,1,genuine_genuine,10,10
data/processed/validation/genuine/original_45_13.png,data/processed/train/genuine/original_3_9.png,0,random_forgery,45,3
data/processed/train/genuine/original_25_22.png,data/processed/train/genuine/original_7_3.png,0,random_forgery,25,7
data/processed/validation/genuine/original_42_13.png,data/processed/validation/genuine/original_42_16.png,1,genuine_genuine,42,42
data/processed/train/genuine/original_25_24.png,data/processed/train/genuine/original_25_3.png,1,genuine_genuine,25,25
data/processed/train/genuine/original_6_17.png,data/processed/train/forged/forgeries_6_13.png,0,skilled_forgery,6,6
data/processed/train/genuine/original_15_6.png,data/processed/train/forged/forgeries_15_16.png,0,skilled_forgery,15,15
data/processed/train/genuine/original_25_14.png,data/processed/train/genuine/original_25_15.png,1,genuine_genuine,25,25
data/processed/train/genuine/original_14_1.png,data/processed/train/genuine/original_14_8.png,1,genuine_genuine,14,14
data/processed/validation/genuine/original_42_14.png,data/processed/validation/genuine/original_42_24.png,1,genuine_genuine,42,42
data/processed/validation/genuine/original_39_21.png,data/processed/validation/genuine/original_39_5.png,1,genuine_genuine,39,39
data/processed/train/genuine/original_4_12.png,data/processed/train/genuine/original_4_2.png,1,genuine_genuine,4,4
data/processed/train/genuine/original_3_22.png,data/processed/train/genuine/original_3_5.png,1,genuine_genuine,3,3
data/processed/train/genuine/original_8_3.png,data/processed/train/forged/forgeries_8_8.png,0,skilled_forgery,8,8
data/processed/train/genuine/original_7_6.png,data/processed/train/forged/forgeries_7_23.png,0,skilled_forgery,7,7
data/processed/train/genuine/original_16_12.png,data/processed/train/genuine/original_16_16.png,1,genuine_genuine,16,16
data/processed/train/genuine/original_23_13.png,data/processed/train/genuine/original_23_16.png,1,genuine_genuine,23,23
data/processed/train/genuine/original_21_16.png,data/processed/train/genuine/original_21_2.png,1,genuine_genuine,21,21
data/processed/train/genuine/original_14_9.png,data/processed/train/forged/forgeries_14_2.png,0,skilled_forgery,14,14
data/processed/train/genuine/original_25_13.png,data/processed/train/genuine/original_25_9.png,1,genuine_genuine,25,25
data/processed/train/genuine/original_10_17.png,data/processed/train/genuine/original_10_20.png,1,genuine_genuine,10,10
data/processed/train/genuine/original_2_24.png,data/processed/train/genuine/original_14_13.png,0,random_forgery,2,14
data/processed/train/genuine/original_27_22.png,data/processed/train/genuine/original_27_5.png,1,genuine_genuine,27,27
data/processed/train/genuine/original_15_1.png,data/processed/train/forged/forgeries_15_15.png,0,skilled_forgery,15,15
data/processed/train/genuine/original_27_1.png,data/processed/train/genuine/original_27_5.png,1,genuine_genuine,27,27
data/processed/train/genuine/original_21_10.png,data/processed/train/genuine/original_21_22.png,1,genuine_genuine,21,21
data/processed/validation/genuine/original_43_6.png,data/processed/validation/forged/forgeries_43_24.png,0,skilled_forgery,43,43
data/processed/train/genuine/original_3_7.png,data/processed/validation/genuine/original_40_18.png,0,random_forgery,3,40
data/processed/validation/genuine/original_38_10.png,data/processed/train/genuine/original_22_4.png,0,random_forgery,38,22
data/processed/train/genuine/original_14_13.png,data/processed/train/genuine/original_14_22.png,1,genuine_genuine,14,14
data/processed/train/genuine/original_24_16.png,data/processed/train/genuine/original_21_14.png,0,random_forgery,24,21
data/processed/validation/genuine/original_40_20.png,data/processed/validation/forged/forgeries_40_22.png,0,skilled_forgery,40,40
data/processed/train/genuine/original_15_14.png,data/processed/train/genuine/original_19_23.png,0,random_forgery,15,19
data/processed/train/genuine/original_23_19.png,data/processed/train/genuine/original_23_7.png,1,genuine_genuine,23,23
data/processed/train/genuine/original_24_14.png,data/processed/train/genuine/original_24_18.png,1,genuine_genuine,24,24
data/processed/train/genuine/original_24_14.png,data/processed/train/genuine/original_24_24.png,1,genuine_genuine,24,24
data/processed/train/genuine/original_9_9.png,data/processed/train/genuine/original_27_3.png,0,random_forgery,9,27
data/processed/validation/genuine/original_42_16.png,data/processed/validation/genuine/original_42_8.png,1,genuine_genuine,42,42
data/processed/train/genuine/original_2_17.png,data/processed/train/genuine/original_2_21.png,1,genuine_genuine,2,2
data/processed/train/genuine/original_27_10.png,data/processed/train/forged/forgeries_27_13.png,0,skilled_forgery,27,27
data/processed/train/genuine/original_5_6.png,data/processed/train/genuine/original_5_8.png,1,genuine_genuine,5,5
data/processed/train/genuine/original_4_13.png,data/processed/train/genuine/original_4_5.png,1,genuine_genuine,4,4
data/processed/train/genuine/original_5_22.png,data/processed/train/genuine/original_5_8.png,1,genuine_genuine,5,5
data/processed/train/genuine/original_9_18.png,data/processed/train/forged/forgeries_9_22.png,0,skilled_forgery,9,9
data/processed/train/genuine/original_27_23.png,data/processed/train/forged/forgeries_27_7.png,0,skilled_forgery,27,27
data/processed/train/genuine/original_6_13.png,data/processed/train/genuine/original_6_19.png,1,genuine_genuine,6,6
data/processed/train/genuine/original_25_18.png,data/processed/train/forged/forgeries_25_3.png,0,skilled_forgery,25,25
data/processed/train/genuine/original_2_10.png,data/processed/train/genuine/original_24_5.png,0,random_forgery,2,24
data/processed/train/genuine/original_6_18.png,data/processed/train/genuine/original_6_20.png,1,genuine_genuine,6,6
data/processed/train/genuine/original_10_6.png,data/processed/train/forged/forgeries_10_17.png,0,skilled_forgery,10,10
data/processed/validation/genuine/original_39_11.png,data/processed/validation/genuine/original_39_8.png,1,genuine_genuine,39,39
data/processed/train/genuine/original_17_8.png,data/processed/train/forged/forgeries_17_11.png,0,skilled_forgery,17,17
data/processed/train/genuine/original_8_13.png,data/processed/train/genuine/original_26_20.png,0,random_forgery,8,26
data/processed/validation/genuine/original_44_18.png,data/processed/validation/forged/forgeries_44_12.png,0,skilled_forgery,44,44
data/processed/validation/genuine/original_40_4.png,data/processed/validation/forged/forgeries_40_12.png,0,skilled_forgery,40,40
data/processed/validation/genuine/original_42_17.png,data/processed/train/genuine/original_4_24.png,0,random_forgery,42,4
data/processed/train/genuine/original_10_23.png,data/processed/train/genuine/original_10_4.png,1,genuine_genuine,10,10
data/processed/validation/genuine/original_38_17.png,data/processed/train/genuine/original_11_24.png,0,random_forgery,38,11
data/processed/train/genuine/original_2_12.png,data/processed/train/genuine/original_2_13.png,1,genuine_genuine,2,2
data/processed/train/genuine/original_10_21.png,data/processed/train/genuine/original_3_21.png,0,random_forgery,10,3
data/processed/validation/genuine/original_45_2.png,data/processed/validation/forged/forgeries_45_19.png,0,skilled_forgery,45,45
data/processed/train/genuine/original_1_10.png,data/processed/train/genuine/original_1_7.png,1,genuine_genuine,1,1
data/processed/train/genuine/original_23_14.png,data/processed/train/genuine/original_23_7.png,1,genuine_genuine,23,23
data/processed/train/genuine/original_24_10.png,data/processed/train/genuine/original_24_16.png,1,genuine_genuine,24,24
data/processed/train/genuine/original_4_1.png,data/processed/train/forged/forgeries_4_12.png,0,skilled_forgery,4,4
data/processed/validation/genuine/original_38_1.png,data/processed/validation/forged/forgeries_38_13.png,0,skilled_forgery,38,38
data/processed/train/genuine/original_13_23.png,data/processed/train/forged/forgeries_13_12.png,0,skilled_forgery,13,13
data/processed/train/genuine/original_5_8.png,data/processed/train/forged/forgeries_5_1.png,0,skilled_forgery,5,5
data/processed/train/genuine/original_24_24.png,data/processed/train/genuine/original_24_6.png,1,genuine_genuine,24,24
data/processed/train/genuine/original_13_19.png,data/processed/train/genuine/original_13_8.png,1,genuine_genuine,13,13
data/processed/train/genuine/original_17_20.png,data/processed/train/forged/forgeries_17_13.png,0,skilled_forgery,17,17
data/processed/train/genuine/original_3_21.png,data/processed/train/forged/forgeries_3_18.png,0,skilled_forgery,3,3
data/processed/train/genuine/original_18_18.png,data/processed/train/genuine/original_18_3.png,1,genuine_genuine,18,18
data/processed/validation/genuine/original_44_2.png,data/processed/validation/forged/forgeries_44_1.png,0,skilled_forgery,44,44
data/processed/validation/genuine/original_44_8.png,data/processed/validation/forged/forgeries_44_4.png,0,skilled_forgery,44,44
data/processed/train/genuine/original_2_15.png,data/processed/train/genuine/original_2_8.png,1,genuine_genuine,2,2
data/processed/train/genuine/original_7_6.png,data/processed/train/genuine/original_6_15.png,0,random_forgery,7,6
data/processed/train/genuine/original_5_13.png,data/processed/train/genuine/original_5_3.png,1,genuine_genuine,5,5
data/processed/validation/genuine/original_42_10.png,data/processed/validation/genuine/original_42_15.png,1,genuine_genuine,42,42
data/processed/train/genuine/original_12_7.png,data/processed/train/forged/forgeries_12_16.png,0,skilled_forgery,12,12
data/processed/train/genuine/original_24_1.png,data/processed/train/genuine/original_24_5.png,1,genuine_genuine,24,24
data/processed/validation/genuine/original_42_12.png,data/processed/validation/genuine/original_42_21.png,1,genuine_genuine,42,42
data/processed/train/genuine/original_19_6.png,data/processed/train/forged/forgeries_19_3.png,0,skilled_forgery,19,19
data/processed/train/genuine/original_26_5.png,data/processed/train/genuine/original_13_6.png,0,random_forgery,26,13
data/processed/train/genuine/original_23_11.png,data/processed/train/genuine/original_23_19.png,1,genuine_genuine,23,23
data/processed/train/genuine/original_26_4.png,data/processed/train/forged/forgeries_26_9.png,0,skilled_forgery,26,26
data/processed/train/genuine/original_22_2.png,data/processed/train/genuine/original_22_24.png,1,genuine_genuine,22,22
data/processed/train/genuine/original_16_18.png,data/processed/train/genuine/original_16_22.png,1,genuine_genuine,16,16
data/processed/train/genuine/original_5_23.png,data/processed/train/genuine/original_20_15.png,0,random_forgery,5,20
data/processed/train/genuine/original_3_4.png,data/processed/train/forged/forgeries_3_23.png,0,skilled_forgery,3,3
data/processed/train/genuine/original_15_3.png,data/processed/train/genuine/original_15_8.png,1,genuine_genuine,15,15
data/processed/validation/genuine/original_45_8.png,data/processed/validation/forged/forgeries_45_3.png,0,skilled_forgery,45,45
data/processed/train/genuine/original_21_16.png,data/processed/train/genuine/original_21_4.png,1,genuine_genuine,21,21
data/processed/train/genuine/original_23_17.png,data/processed/train/forged/forgeries_23_2.png,0,skilled_forgery,23,23
data/processed/validation/genuine/original_37_6.png,data/processed/train/genuine/original_3_16.png,0,random_forgery,37,3
data/processed/train/genuine/original_1_20.png,data/processed/train/forged/forgeries_1_5.png,0,skilled_forgery,1,1
data/processed/train/genuine/original_14_1.png,data/processed/train/genuine/original_14_15.png,1,genuine_genuine,14,14
data/processed/train/genuine/original_15_9.png,data/processed/train/forged/forgeries_15_8.png,0,skilled_forgery,15,15
data/processed/train/genuine/original_25_19.png,data/processed/train/genuine/original_25_2.png,1,genuine_genuine,25,25
data/processed/train/genuine/original_6_24.png,data/processed/train/forged/forgeries_6_7.png,0,skilled_forgery,6,6
data/processed/train/genuine/original_15_5.png,data/processed/train/forged/forgeries_15_24.png,0,skilled_forgery,15,15
data/processed/validation/genuine/original_43_2.png,data/processed/validation/genuine/original_43_22.png,1,genuine_genuine,43,43
data/processed/train/genuine/original_22_10.png,data/processed/validation/genuine/original_40_8.png,0,random_forgery,22,40
data/processed/train/genuine/original_2_11.png,data/processed/train/genuine/original_2_5.png,1,genuine_genuine,2,2
data/processed/validation/genuine/original_44_2.png,data/processed/validation/genuine/original_44_5.png,1,genuine_genuine,44,44
data/processed/validation/genuine/original_43_10.png,data/processed/validation/genuine/original_43_20.png,1,genuine_genuine,43,43
data/processed/train/genuine/original_16_4.png,data/processed/train/forged/forgeries_16_8.png,0,skilled_forgery,16,16
data/processed/train/genuine/original_9_24.png,data/processed/train/forged/forgeries_9_20.png,0,skilled_forgery,9,9
data/processed/train/genuine/original_16_9.png,data/processed/train/forged/forgeries_16_15.png,0,skilled_forgery,16,16
data/processed/validation/genuine/original_40_9.png,data/processed/validation/forged/forgeries_40_16.png,0,skilled_forgery,40,40
data/processed/train/genuine/original_8_16.png,data/processed/train/genuine/original_8_6.png,1,genuine_genuine,8,8
data/processed/train/genuine/original_21_21.png,data/processed/train/genuine/original_6_4.png,0,random_forgery,21,6
data/processed/train/genuine/original_15_21.png,data/processed/train/genuine/original_15_23.png,1,genuine_genuine,15,15
data/processed/train/genuine/original_19_6.png,data/processed/train/forged/forgeries_19_22.png,0,skilled_forgery,19,19
data/processed/validation/genuine/original_44_1.png,data/processed/validation/genuine/original_44_23.png,1,genuine_genuine,44,44
data/processed/train/genuine/original_27_15.png,data/processed/train/genuine/original_27_8.png,1,genuine_genuine,27,27
data/processed/train/genuine/original_22_13.png,data/processed/train/forged/forgeries_22_16.png,0,skilled_forgery,22,22
data/processed/train/genuine/original_12_9.png,data/processed/train/forged/forgeries_12_18.png,0,skilled_forgery,12,12
data/processed/validation/genuine/original_38_15.png,data/processed/validation/forged/forgeries_38_2.png,0,skilled_forgery,38,38
data/processed/validation/genuine/original_38_11.png,data/processed/validation/genuine/original_38_9.png,1,genuine_genuine,38,38
data/processed/validation/genuine/original_41_16.png,data/processed/train/genuine/original_25_6.png,0,random_forgery,41,25
data/processed/train/genuine/original_11_10.png,data/processed/train/genuine/original_11_19.png,1,genuine_genuine,11,11
data/processed/train/genuine/original_24_4.png,data/processed/train/forged/forgeries_24_13.png,0,skilled_forgery,24,24
data/processed/validation/genuine/original_43_2.png,data/processed/validation/forged/forgeries_43_16.png,0,skilled_forgery,43,43
data/processed/validation/genuine/original_39_10.png,data/processed/validation/genuine/original_39_17.png,1,genuine_genuine,39,39
data/processed/train/genuine/original_11_10.png,data/processed/train/forged/forgeries_11_24.png,0,skilled_forgery,11,11
data/processed/validation/genuine/original_43_16.png,data/processed/validation/forged/forgeries_43_18.png,0,skilled_forgery,43,43
data/processed/train/genuine/original_16_17.png,data/processed/train/genuine/original_16_9.png,1,genuine_genuine,16,16
data/processed/train/genuine/original_25_10.png,data/processed/train/genuine/original_25_7.png,1,genuine_genuine,25,25
data/processed/train/genuine/original_19_18.png,data/processed/train/genuine/original_19_20.png,1,genuine_genuine,19,19
data/processed/validation/genuine/original_39_6.png,data/processed/validation/forged/forgeries_39_13.png,0,skilled_forgery,39,39
data/processed/train/genuine/original_18_24.png,data/processed/train/genuine/original_18_8.png,1,genuine_genuine,18,18
data/processed/train/genuine/original_25_2.png,data/processed/train/genuine/original_25_24.png,1,genuine_genuine,25,25
data/processed/train/genuine/original_3_24.png,data/processed/train/forged/forgeries_3_19.png,0,skilled_forgery,3,3
data/processed/train/genuine/original_9_16.png,data/processed/train/genuine/original_9_5.png,1,genuine_genuine,9,9
data/processed/validation/genuine/original_44_14.png,data/processed/validation/genuine/original_44_16.png,1,genuine_genuine,44,44
data/processed/validation/genuine/original_42_9.png,data/processed/validation/forged/forgeries_42_16.png,0,skilled_forgery,42,42
data/processed/train/genuine/original_17_24.png,data/processed/train/forged/forgeries_17_20.png,0,skilled_forgery,17,17
data/processed/train/genuine/original_13_22.png,data/processed/train/genuine/original_13_23.png,1,genuine_genuine,13,13
data/processed/train/genuine/original_4_14.png,data/processed/train/genuine/original_4_4.png,1,genuine_genuine,4,4
data/processed/train/genuine/original_8_3.png,data/processed/train/genuine/original_9_23.png,0,random_forgery,8,9
data/processed/train/genuine/original_1_20.png,data/processed/train/genuine/original_1_9.png,1,genuine_genuine,1,1
data/processed/train/genuine/original_3_10.png,data/processed/train/genuine/original_3_4.png,1,genuine_genuine,3,3
data/processed/validation/genuine/original_38_22.png,data/processed/validation/genuine/original_38_24.png,1,genuine_genuine,38,38
data/processed/train/genuine/original_19_1.png,data/processed/validation/genuine/original_44_6.png,0,random_forgery,19,44
data/processed/train/genuine/original_10_22.png,data/processed/train/genuine/original_10_5.png,1,genuine_genuine,10,10
data/processed/train/genuine/original_4_18.png,data/processed/train/genuine/original_4_20.png,1,genuine_genuine,4,4
data/processed/train/genuine/original_13_21.png,data/processed/train/genuine/original_13_8.png,1,genuine_genuine,13,13
data/processed/train/genuine/original_8_5.png,data/processed/train/forged/forgeries_8_17.png,0,skilled_forgery,8,8
data/processed/train/genuine/original_14_11.png,data/processed/train/genuine/original_14_12.png,1,genuine_genuine,14,14
data/processed/train/genuine/original_8_12.png,data/processed/train/genuine/original_8_22.png,1,genuine_genuine,8,8
data/processed/train/genuine/original_5_4.png,data/processed/train/genuine/original_5_9.png,1,genuine_genuine,5,5
data/processed/train/genuine/original_23_19.png,data/processed/train/forged/forgeries_23_17.png,0,skilled_forgery,23,23
data/processed/train/genuine/original_27_12.png,data/processed/train/genuine/original_27_17.png,1,genuine_genuine,27,27
data/processed/train/genuine/original_20_24.png,data/processed/train/genuine/original_20_7.png,1,genuine_genuine,20,20
data/processed/train/genuine/original_5_2.png,data/processed/train/genuine/original_5_4.png,1,genuine_genuine,5,5
data/processed/train/genuine/original_7_14.png,data/processed/train/genuine/original_7_2.png,1,genuine_genuine,7,7
data/processed/train/genuine/original_24_8.png,data/processed/train/genuine/original_26_3.png,0,random_forgery,24,26
data/processed/train/genuine/original_16_15.png,data/processed/train/forged/forgeries_16_10.png,0,skilled_forgery,16,16
data/processed/train/genuine/original_26_2.png,data/processed/train/genuine/original_26_23.png,1,genuine_genuine,26,26
data/processed/train/genuine/original_14_23.png,data/processed/train/forged/forgeries_14_16.png,0,skilled_forgery,14,14
data/processed/train/genuine/original_9_1.png,data/processed/train/genuine/original_9_7.png,1,genuine_genuine,9,9
data/processed/validation/genuine/original_40_21.png,data/processed/train/genuine/original_27_16.png,0,random_forgery,40,27
data/processed/train/genuine/original_27_5.png,data/processed/train/genuine/original_27_8.png,1,genuine_genuine,27,27
data/processed/train/genuine/original_18_20.png,data/processed/train/genuine/original_1_18.png,0,random_forgery,18,1
data/processed/train/genuine/original_10_21.png,data/processed/train/genuine/original_10_4.png,1,genuine_genuine,10,10
data/processed/train/genuine/original_7_11.png,data/processed/train/forged/forgeries_7_23.png,0,skilled_forgery,7,7
data/processed/train/genuine/original_16_14.png,data/processed/train/forged/forgeries_16_10.png,0,skilled_forgery,16,16
data/processed/validation/genuine/original_38_24.png,data/processed/validation/genuine/original_38_4.png,1,genuine_genuine,38,38
data/processed/train/genuine/original_23_23.png,data/processed/train/genuine/original_23_24.png,1,genuine_genuine,23,23
data/processed/train/genuine/original_12_12.png,data/processed/train/forged/forgeries_12_3.png,0,skilled_forgery,12,12
data/processed/validation/genuine/original_37_17.png,data/processed/validation/forged/forgeries_37_3.png,0,skilled_forgery,37,37
data/processed/train/genuine/original_20_6.png,data/processed/train/genuine/original_26_1.png,0,random_forgery,20,26
data/processed/train/genuine/original_16_18.png,data/processed/train/genuine/original_23_21.png,0,random_forgery,16,23
data/processed/validation/genuine/original_42_2.png,data/processed/train/genuine/original_12_17.png,0,random_forgery,42,12
data/processed/train/genuine/original_22_2.png,data/processed/train/genuine/original_22_3.png,1,genuine_genuine,22,22
data/processed/train/genuine/original_26_9.png,data/processed/train/forged/forgeries_26_18.png,0,skilled_forgery,26,26
data/processed/train/genuine/original_25_3.png,data/processed/train/genuine/original_25_5.png,1,genuine_genuine,25,25
data/processed/train/genuine/original_3_15.png,data/processed/train/genuine/original_3_19.png,1,genuine_genuine,3,3
data/processed/train/genuine/original_16_24.png,data/processed/train/genuine/original_16_6.png,1,genuine_genuine,16,16
data/processed/train/genuine/original_1_18.png,data/processed/train/genuine/original_1_24.png,1,genuine_genuine,1,1
data/processed/validation/genuine/original_44_12.png,data/processed/validation/genuine/original_44_8.png,1,genuine_genuine,44,44
data/processed/train/genuine/original_26_1.png,data/processed/train/genuine/original_26_15.png,1,genuine_genuine,26,26
data/processed/train/genuine/original_5_4.png,data/processed/train/genuine/original_5_5.png,1,genuine_genuine,5,5
data/processed/train/genuine/original_9_19.png,data/processed/train/genuine/original_9_4.png,1,genuine_genuine,9,9
data/processed/train/genuine/original_9_16.png,data/processed/train/genuine/original_9_3.png,1,genuine_genuine,9,9
data/processed/validation/genuine/original_38_10.png,data/processed/validation/genuine/original_38_14.png,1,genuine_genuine,38,38
data/processed/train/genuine/original_14_3.png,data/processed/train/genuine/original_13_17.png,0,random_forgery,14,13
data/processed/train/genuine/original_2_15.png,data/processed/train/forged/forgeries_2_15.png,0,skilled_forgery,2,2
data/processed/train/genuine/original_14_18.png,data/processed/train/genuine/original_14_3.png,1,genuine_genuine,14,14
data/processed/train/genuine/original_27_13.png,data/processed/train/genuine/original_5_16.png,0,random_forgery,27,5
data/processed/validation/genuine/original_43_11.png,data/processed/validation/forged/forgeries_43_23.png,0,skilled_forgery,43,43
data/processed/train/genuine/original_13_17.png,data/processed/train/genuine/original_13_7.png,1,genuine_genuine,13,13
data/processed/validation/genuine/original_41_12.png,data/processed/validation/genuine/original_41_22.png,1,genuine_genuine,41,41
data/processed/validation/genuine/original_41_10.png,data/processed/train/genuine/original_14_13.png,0,random_forgery,41,14
data/processed/train/genuine/original_18_13.png,data/processed/train/genuine/original_8_17.png,0,random_forgery,18,8
data/processed/train/genuine/original_24_7.png,data/processed/train/genuine/original_19_15.png,0,random_forgery,24,19
data/processed/train/genuine/original_12_15.png,data/processed/train/genuine/original_12_20.png,1,genuine_genuine,12,12
data/processed/train/genuine/original_4_21.png,data/processed/train/forged/forgeries_4_18.png,0,skilled_forgery,4,4
data/processed/train/genuine/original_24_10.png,data/processed/train/genuine/original_24_23.png,1,genuine_genuine,24,24
data/processed/train/genuine/original_4_11.png,data/processed/train/genuine/original_18_12.png,0,random_forgery,4,18
data/processed/train/genuine/original_23_9.png,data/processed/train/forged/forgeries_23_15.png,0,skilled_forgery,23,23
data/processed/train/genuine/original_9_5.png,data/processed/train/genuine/original_9_9.png,1,genuine_genuine,9,9
data/processed/validation/genuine/original_44_18.png,data/processed/validation/forged/forgeries_44_11.png,0,skilled_forgery,44,44
data/processed/train/genuine/original_5_15.png,data/processed/train/genuine/original_25_22.png,0,random_forgery,5,25
data/processed/train/genuine/original_12_14.png,data/processed/train/genuine/original_12_21.png,1,genuine_genuine,12,12
data/processed/validation/genuine/original_43_13.png,data/processed/validation/forged/forgeries_43_13.png,0,skilled_forgery,43,43
data/processed/validation/genuine/original_43_4.png,data/processed/validation/forged/forgeries_43_14.png,0,skilled_forgery,43,43
data/processed/train/genuine/original_3_24.png,data/processed/train/genuine/original_3_7.png,1,genuine_genuine,3,3
data/processed/train/genuine/original_3_19.png,data/processed/train/genuine/original_3_23.png,1,genuine_genuine,3,3
data/processed/validation/genuine/original_44_19.png,data/processed/validation/forged/forgeries_44_17.png,0,skilled_forgery,44,44
data/processed/train/genuine/original_26_7.png,data/processed/train/forged/forgeries_26_11.png,0,skilled_forgery,26,26
data/processed/train/genuine/original_16_13.png,data/processed/train/genuine/original_11_21.png,0,random_forgery,16,11
data/processed/validation/genuine/original_42_17.png,data/processed/validation/genuine/original_42_21.png,1,genuine_genuine,42,42
data/processed/train/genuine/original_25_8.png,data/processed/train/genuine/original_14_9.png,0,random_forgery,25,14
data/processed/train/genuine/original_1_24.png,data/processed/train/genuine/original_1_6.png,1,genuine_genuine,1,1
data/processed/validation/genuine/original_43_12.png,data/processed/validation/genuine/original_43_18.png,1,genuine_genuine,43,43
data/processed/train/genuine/original_17_19.png,data/processed/train/genuine/original_17_22.png,1,genuine_genuine,17,17
data/processed/train/genuine/original_15_15.png,data/processed/train/genuine/original_15_8.png,1,genuine_genuine,15,15
data/processed/train/genuine/original_18_11.png,data/processed/train/genuine/original_15_2.png,0,random_forgery,18,15
data/processed/train/genuine/original_1_5.png,data/processed/train/genuine/original_19_5.png,0,random_forgery,1,19
data/processed/train/genuine/original_2_1.png,data/processed/train/genuine/original_15_17.png,0,random_forgery,2,15
data/processed/train/genuine/original_16_11.png,data/processed/train/genuine/original_16_19.png,1,genuine_genuine,16,16
data/processed/train/genuine/original_7_11.png,data/processed/train/forged/forgeries_7_2.png,0,skilled_forgery,7,7
data/processed/validation/genuine/original_40_24.png,data/processed/validation/forged/forgeries_40_21.png,0,skilled_forgery,40,40
data/processed/train/genuine/original_9_10.png,data/processed/train/genuine/original_9_5.png,1,genuine_genuine,9,9
data/processed/train/genuine/original_12_5.png,data/processed/train/genuine/original_22_2.png,0,random_forgery,12,22
data/processed/train/genuine/original_20_20.png,data/processed/train/genuine/original_20_22.png,1,genuine_genuine,20,20
data/processed/validation/genuine/original_44_17.png,data/processed/validation/genuine/original_44_2.png,1,genuine_genuine,44,44
data/processed/train/genuine/original_12_13.png,data/processed/train/genuine/original_12_16.png,1,genuine_genuine,12,12
data/processed/train/genuine/original_22_5.png,data/processed/train/genuine/original_18_24.png,0,random_forgery,22,18
data/processed/train/genuine/original_19_19.png,data/processed/train/genuine/original_19_22.png,1,genuine_genuine,19,19
data/processed/train/genuine/original_22_24.png,data/processed/validation/genuine/original_40_7.png,0,random_forgery,22,40
data/processed/train/genuine/original_27_16.png,data/processed/train/genuine/original_27_9.png,1,genuine_genuine,27,27
data/processed/validation/genuine/original_42_2.png,data/processed/validation/genuine/original_42_22.png,1,genuine_genuine,42,42
data/processed/train/genuine/original_19_18.png,data/processed/train/genuine/original_19_7.png,1,genuine_genuine,19,19
data/processed/train/genuine/original_12_12.png,data/processed/train/genuine/original_12_3.png,1,genuine_genuine,12,12
data/processed/train/genuine/original_11_5.png,data/processed/train/genuine/original_11_7.png,1,genuine_genuine,11,11
data/processed/train/genuine/original_18_12.png,data/processed/train/genuine/original_18_3.png,1,genuine_genuine,18,18
data/processed/train/genuine/original_6_9.png,data/processed/validation/genuine/original_43_21.png,0,random_forgery,6,43
data/processed/validation/genuine/original_43_2.png,data/processed/validation/genuine/original_43_24.png,1,genuine_genuine,43,43
data/processed/train/genuine/original_4_9.png,data/processed/train/forged/forgeries_4_2.png,0,skilled_forgery,4,4
data/processed/train/genuine/original_20_6.png,data/processed/train/genuine/original_17_24.png,0,random_forgery,20,17
data/processed/train/genuine/original_14_10.png,data/processed/train/genuine/original_14_16.png,1,genuine_genuine,14,14
data/processed/train/genuine/original_21_2.png,data/processed/train/forged/forgeries_21_22.png,0,skilled_forgery,21,21
data/processed/train/genuine/original_10_14.png,data/processed/train/genuine/original_10_8.png,1,genuine_genuine,10,10
data/processed/train/genuine/original_4_5.png,data/processed/train/genuine/original_8_10.png,0,random_forgery,4,8
data/processed/validation/genuine/original_44_17.png,data/processed/validation/genuine/original_44_24.png,1,genuine_genuine,44,44
data/processed/validation/genuine/original_45_14.png,data/processed/validation/genuine/original_45_9.png,1,genuine_genuine,45,45
data/processed/train/genuine/original_21_2.png,data/processed/train/genuine/original_16_21.png,0,random_forgery,21,16
data/processed/validation/genuine/original_40_4.png,data/processed/train/genuine/original_21_18.png,0,random_forgery,40,21
data/processed/train/genuine/original_24_19.png,data/processed/train/forged/forgeries_24_23.png,0,skilled_forgery,24,24
data/processed/train/genuine/original_2_12.png,data/processed/train/genuine/original_2_8.png,1,genuine_genuine,2,2
data/processed/train/genuine/original_8_24.png,data/processed/train/forged/forgeries_8_2.png,0,skilled_forgery,8,8
data/processed/train/genuine/original_14_23.png,data/processed/train/genuine/original_14_7.png,1,genuine_genuine,14,14
data/processed/train/genuine/original_10_21.png,data/processed/train/forged/forgeries_10_3.png,0,skilled_forgery,10,10
data/processed/validation/genuine/original_37_19.png,data/processed/validation/forged/forgeries_37_14.png,0,skilled_forgery,37,37
data/processed/train/genuine/original_12_20.png,data/processed/train/genuine/original_12_5.png,1,genuine_genuine,12,12
data/processed/train/genuine/original_19_1.png,data/processed/train/genuine/original_5_20.png,0,random_forgery,19,5
data/processed/train/genuine/original_18_17.png,data/processed/train/genuine/original_18_23.png,1,genuine_genuine,18,18
data/processed/train/genuine/original_24_18.png,data/processed/train/genuine/original_24_9.png,1,genuine_genuine,24,24
data/processed/train/genuine/original_25_10.png,data/processed/train/genuine/original_25_17.png,1,genuine_genuine,25,25
data/processed/train/genuine/original_3_17.png,data/processed/train/genuine/original_3_7.png,1,genuine_genuine,3,3
data/processed/train/genuine/original_2_3.png,data/processed/train/genuine/original_2_4.png,1,genuine_genuine,2,2
data/processed/train/genuine/original_20_17.png,data/processed/train/genuine/original_20_23.png,1,genuine_genuine,20,20
data/processed/train/genuine/original_17_1.png,data/processed/train/genuine/original_17_23.png,1,genuine_genuine,17,17
data/processed/validation/genuine/original_43_14.png,data/processed/train/genuine/original_6_15.png,0,random_forgery,43,6
data/processed/train/genuine/original_27_13.png,data/processed/train/genuine/original_27_2.png,1,genuine_genuine,27,27
data/processed/train/genuine/original_1_20.png,data/processed/train/genuine/original_25_3.png,0,random_forgery,1,25
data/processed/train/genuine/original_13_21.png,data/processed/train/forged/forgeries_13_1.png,0,skilled_forgery,13,13
data/processed/train/genuine/original_16_11.png,data/processed/train/genuine/original_16_15.png,1,genuine_genuine,16,16
data/processed/validation/genuine/original_42_19.png,data/processed/validation/genuine/original_42_2.png,1,genuine_genuine,42,42
data/processed/train/genuine/original_11_24.png,data/processed/train/genuine/original_11_4.png,1,genuine_genuine,11,11
data/processed/train/genuine/original_21_23.png,data/processed/train/genuine/original_21_3.png,1,genuine_genuine,21,21
data/processed/validation/genuine/original_42_11.png,data/processed/validation/genuine/original_42_16.png,1,genuine_genuine,42,42
data/processed/train/genuine/original_24_10.png,data/processed/train/genuine/original_24_5.png,1,genuine_genuine,24,24
data/processed/validation/genuine/original_37_21.png,data/processed/validation/genuine/original_37_24.png,1,genuine_genuine,37,37
data/processed/train/genuine/original_2_22.png,data/processed/validation/genuine/original_44_6.png,0,random_forgery,2,44
data/processed/train/genuine/original_3_3.png,data/processed/train/genuine/original_15_22.png,0,random_forgery,3,15
data/processed/train/genuine/original_21_16.png,data/processed/train/forged/forgeries_21_12.png,0,skilled_forgery,21,21
data/processed/train/genuine/original_19_16.png,data/processed/train/forged/forgeries_19_6.png,0,skilled_forgery,19,19
data/processed/train/genuine/original_23_10.png,data/processed/train/genuine/original_23_3.png,1,genuine_genuine,23,23
data/processed/train/genuine/original_3_16.png,data/processed/validation/genuine/original_41_23.png,0,random_forgery,3,41
data/processed/train/genuine/original_1_12.png,data/processed/validation/genuine/original_44_24.png,0,random_forgery,1,44
data/processed/train/genuine/original_24_17.png,data/processed/train/forged/forgeries_24_18.png,0,skilled_forgery,24,24
data/processed/train/genuine/original_19_23.png,data/processed/train/genuine/original_19_4.png,1,genuine_genuine,19,19
data/processed/validation/genuine/original_40_13.png,data/processed/validation/genuine/original_40_18.png,1,genuine_genuine,40,40
data/processed/validation/genuine/original_38_5.png,data/processed/validation/genuine/original_42_14.png,0,random_forgery,38,42
data/processed/validation/genuine/original_42_1.png,data/processed/validation/forged/forgeries_42_20.png,0,skilled_forgery,42,42
data/processed/validation/genuine/original_45_14.png,data/processed/validation/forged/forgeries_45_24.png,0,skilled_forgery,45,45
