image_1_path,image_2_path,label,pair_type,writer_1,writer_2
data/processed/train/genuine/original_12_24.png,data/processed/train/genuine/original_3_21.png,0,random_forgery,12,3
data/processed/validation/genuine/original_45_7.png,data/processed/validation/genuine/original_45_9.png,1,genuine_genuine,45,45
data/processed/train/genuine/original_14_20.png,data/processed/train/forged/forgeries_14_5.png,0,skilled_forgery,14,14
data/processed/train/genuine/original_13_11.png,data/processed/validation/genuine/original_44_3.png,0,random_forgery,13,44
data/processed/train/genuine/original_5_14.png,data/processed/train/forged/forgeries_5_15.png,0,skilled_forgery,5,5
data/processed/train/genuine/original_13_11.png,data/processed/train/genuine/original_13_2.png,1,genuine_genuine,13,13
data/processed/train/genuine/original_35_23.png,data/processed/validation/genuine/original_37_24.png,0,random_forgery,35,37
data/processed/train/genuine/original_30_10.png,data/processed/train/genuine/original_30_4.png,1,genuine_genuine,30,30
data/processed/validation/genuine/original_36_15.png,data/processed/validation/forged/forgeries_36_24.png,0,skilled_forgery,36,36
data/processed/train/genuine/original_10_8.png,data/processed/train/forged/forgeries_10_6.png,0,skilled_forgery,10,10
data/processed/validation/genuine/original_45_17.png,data/processed/validation/forged/forgeries_45_6.png,0,skilled_forgery,45,45
data/processed/train/genuine/original_14_23.png,data/processed/train/genuine/original_14_4.png,1,genuine_genuine,14,14
data/processed/train/genuine/original_35_20.png,data/processed/train/genuine/original_30_22.png,0,random_forgery,35,30
data/processed/train/genuine/original_4_12.png,data/processed/train/genuine/original_4_21.png,1,genuine_genuine,4,4
data/processed/train/genuine/original_12_20.png,data/processed/train/genuine/original_3_9.png,0,random_forgery,12,3
data/processed/train/genuine/original_5_14.png,data/processed/train/genuine/original_3_7.png,0,random_forgery,5,3
data/processed/train/genuine/original_16_21.png,data/processed/train/genuine/original_16_8.png,1,genuine_genuine,16,16
data/processed/train/genuine/original_3_20.png,data/processed/train/genuine/original_13_11.png,0,random_forgery,3,13
data/processed/train/genuine/original_17_16.png,data/processed/train/genuine/original_17_21.png,1,genuine_genuine,17,17
data/processed/train/genuine/original_16_21.png,data/processed/train/forged/forgeries_16_4.png,0,skilled_forgery,16,16
data/processed/train/genuine/original_9_19.png,data/processed/train/genuine/original_9_24.png,1,genuine_genuine,9,9
data/processed/train/genuine/original_8_13.png,data/processed/train/genuine/original_8_4.png,1,genuine_genuine,8,8
data/processed/train/genuine/original_31_5.png,data/processed/train/genuine/original_31_8.png,1,genuine_genuine,31,31
data/processed/validation/genuine/original_36_23.png,data/processed/validation/forged/forgeries_36_8.png,0,skilled_forgery,36,36
data/processed/train/genuine/original_16_23.png,data/processed/train/forged/forgeries_16_5.png,0,skilled_forgery,16,16
data/processed/validation/genuine/original_36_15.png,data/processed/train/genuine/original_1_5.png,0,random_forgery,36,1
data/processed/train/genuine/original_1_16.png,data/processed/train/genuine/original_1_18.png,1,genuine_genuine,1,1
data/processed/validation/genuine/original_40_23.png,data/processed/validation/genuine/original_44_19.png,0,random_forgery,40,44
data/processed/train/genuine/original_34_21.png,data/processed/train/genuine/original_34_9.png,1,genuine_genuine,34,34
data/processed/validation/genuine/original_36_7.png,data/processed/validation/genuine/original_45_7.png,0,random_forgery,36,45
data/processed/train/genuine/original_1_4.png,data/processed/train/genuine/original_1_5.png,1,genuine_genuine,1,1
data/processed/train/genuine/original_30_7.png,data/processed/validation/genuine/original_41_17.png,0,random_forgery,30,41
data/processed/train/genuine/original_10_22.png,data/processed/train/genuine/original_10_9.png,1,genuine_genuine,10,10
data/processed/validation/genuine/original_45_13.png,data/processed/validation/genuine/original_45_6.png,1,genuine_genuine,45,45
data/processed/train/genuine/original_10_1.png,data/processed/train/forged/forgeries_10_3.png,0,skilled_forgery,10,10
data/processed/train/genuine/original_8_6.png,data/processed/train/genuine/original_29_2.png,0,random_forgery,8,29
data/processed/validation/genuine/original_36_9.png,data/processed/train/genuine/original_12_21.png,0,random_forgery,36,12
data/processed/validation/genuine/original_44_6.png,data/processed/validation/forged/forgeries_44_20.png,0,skilled_forgery,44,44
data/processed/validation/genuine/original_37_5.png,data/processed/validation/forged/forgeries_37_15.png,0,skilled_forgery,37,37
data/processed/train/genuine/original_31_17.png,data/processed/train/genuine/original_31_19.png,1,genuine_genuine,31,31
data/processed/validation/genuine/original_37_13.png,data/processed/validation/genuine/original_37_19.png,1,genuine_genuine,37,37
data/processed/train/genuine/original_5_7.png,data/processed/validation/genuine/original_37_11.png,0,random_forgery,5,37
data/processed/train/genuine/original_7_2.png,data/processed/train/forged/forgeries_7_8.png,0,skilled_forgery,7,7
data/processed/train/genuine/original_14_7.png,data/processed/validation/genuine/original_39_5.png,0,random_forgery,14,39
data/processed/validation/genuine/original_36_14.png,data/processed/validation/forged/forgeries_36_4.png,0,skilled_forgery,36,36
data/processed/validation/genuine/original_38_5.png,data/processed/validation/forged/forgeries_38_6.png,0,skilled_forgery,38,38
data/processed/train/genuine/original_29_12.png,data/processed/train/genuine/original_1_22.png,0,random_forgery,29,1
data/processed/validation/genuine/original_40_22.png,data/processed/validation/genuine/original_40_4.png,1,genuine_genuine,40,40
data/processed/validation/genuine/original_39_13.png,data/processed/validation/genuine/original_39_21.png,1,genuine_genuine,39,39
data/processed/train/genuine/original_13_10.png,data/processed/train/genuine/original_13_17.png,1,genuine_genuine,13,13
data/processed/train/genuine/original_1_8.png,data/processed/train/forged/forgeries_1_6.png,0,skilled_forgery,1,1
data/processed/train/genuine/original_6_12.png,data/processed/train/forged/forgeries_6_22.png,0,skilled_forgery,6,6
data/processed/train/genuine/original_8_15.png,data/processed/train/forged/forgeries_8_8.png,0,skilled_forgery,8,8
data/processed/train/genuine/original_11_3.png,data/processed/train/forged/forgeries_11_13.png,0,skilled_forgery,11,11
data/processed/train/genuine/original_8_16.png,data/processed/train/genuine/original_8_21.png,1,genuine_genuine,8,8
data/processed/train/genuine/original_9_19.png,data/processed/train/genuine/original_9_20.png,1,genuine_genuine,9,9
data/processed/train/genuine/original_14_10.png,data/processed/train/forged/forgeries_14_10.png,0,skilled_forgery,14,14
data/processed/validation/genuine/original_43_5.png,data/processed/validation/forged/forgeries_43_17.png,0,skilled_forgery,43,43
data/processed/train/genuine/original_18_22.png,data/processed/train/forged/forgeries_18_23.png,0,skilled_forgery,18,18
data/processed/train/genuine/original_34_21.png,data/processed/train/genuine/original_34_23.png,1,genuine_genuine,34,34
data/processed/validation/genuine/original_36_24.png,data/processed/validation/genuine/original_36_9.png,1,genuine_genuine,36,36
data/processed/validation/genuine/original_42_17.png,data/processed/validation/genuine/original_42_19.png,1,genuine_genuine,42,42
data/processed/train/genuine/original_5_18.png,data/processed/train/genuine/original_5_3.png,1,genuine_genuine,5,5
data/processed/validation/genuine/original_42_18.png,data/processed/train/genuine/original_32_19.png,0,random_forgery,42,32
data/processed/validation/genuine/original_39_4.png,data/processed/train/genuine/original_16_12.png,0,random_forgery,39,16
data/processed/train/genuine/original_32_13.png,data/processed/train/genuine/original_32_19.png,1,genuine_genuine,32,32
data/processed/train/genuine/original_18_19.png,data/processed/train/forged/forgeries_18_15.png,0,skilled_forgery,18,18
data/processed/train/genuine/original_17_4.png,data/processed/train/forged/forgeries_17_19.png,0,skilled_forgery,17,17
data/processed/train/genuine/original_7_18.png,data/processed/train/genuine/original_7_7.png,1,genuine_genuine,7,7
data/processed/train/genuine/original_17_16.png,data/processed/train/forged/forgeries_17_13.png,0,skilled_forgery,17,17
data/processed/train/genuine/original_28_2.png,data/processed/train/genuine/original_28_5.png,1,genuine_genuine,28,28
data/processed/validation/genuine/original_37_17.png,data/processed/validation/genuine/original_37_22.png,1,genuine_genuine,37,37
data/processed/validation/genuine/original_43_16.png,data/processed/train/genuine/original_5_6.png,0,random_forgery,43,5
data/processed/train/genuine/original_16_23.png,data/processed/train/genuine/original_30_4.png,0,random_forgery,16,30
data/processed/validation/genuine/original_37_18.png,data/processed/validation/genuine/original_37_7.png,1,genuine_genuine,37,37
data/processed/train/genuine/original_1_19.png,data/processed/train/forged/forgeries_1_21.png,0,skilled_forgery,1,1
data/processed/train/genuine/original_6_12.png,data/processed/train/genuine/original_6_3.png,1,genuine_genuine,6,6
data/processed/train/genuine/original_13_6.png,data/processed/validation/genuine/original_41_3.png,0,random_forgery,13,41
data/processed/train/genuine/original_6_21.png,data/processed/validation/genuine/original_36_23.png,0,random_forgery,6,36
data/processed/validation/genuine/original_41_13.png,data/processed/validation/genuine/original_38_24.png,0,random_forgery,41,38
data/processed/train/genuine/original_7_10.png,data/processed/train/genuine/original_4_13.png,0,random_forgery,7,4
data/processed/validation/genuine/original_44_22.png,data/processed/validation/forged/forgeries_44_10.png,0,skilled_forgery,44,44
data/processed/train/genuine/original_12_17.png,data/processed/train/genuine/original_2_21.png,0,random_forgery,12,2
data/processed/train/genuine/original_11_18.png,data/processed/train/genuine/original_13_18.png,0,random_forgery,11,13
data/processed/validation/genuine/original_38_21.png,data/processed/validation/forged/forgeries_38_18.png,0,skilled_forgery,38,38
data/processed/train/genuine/original_10_10.png,data/processed/train/genuine/original_10_22.png,1,genuine_genuine,10,10
data/processed/train/genuine/original_16_10.png,data/processed/train/genuine/original_16_7.png,1,genuine_genuine,16,16
data/processed/validation/genuine/original_39_17.png,data/processed/validation/genuine/original_39_23.png,1,genuine_genuine,39,39
data/processed/train/genuine/original_11_17.png,data/processed/train/genuine/original_32_20.png,0,random_forgery,11,32
data/processed/train/genuine/original_29_12.png,data/processed/train/forged/forgeries_29_9.png,0,skilled_forgery,29,29
data/processed/train/genuine/original_2_10.png,data/processed/validation/genuine/original_37_15.png,0,random_forgery,2,37
data/processed/train/genuine/original_2_8.png,data/processed/train/genuine/original_2_9.png,1,genuine_genuine,2,2
data/processed/train/genuine/original_30_6.png,data/processed/train/genuine/original_16_20.png,0,random_forgery,30,16
data/processed/train/genuine/original_13_14.png,data/processed/train/forged/forgeries_13_10.png,0,skilled_forgery,13,13
data/processed/train/genuine/original_2_3.png,data/processed/train/genuine/original_2_4.png,1,genuine_genuine,2,2
data/processed/validation/genuine/original_36_9.png,data/processed/validation/forged/forgeries_36_21.png,0,skilled_forgery,36,36
data/processed/validation/genuine/original_40_12.png,data/processed/validation/genuine/original_40_17.png,1,genuine_genuine,40,40
data/processed/train/genuine/original_6_1.png,data/processed/train/genuine/original_6_12.png,1,genuine_genuine,6,6
data/processed/train/genuine/original_33_4.png,data/processed/train/genuine/original_2_13.png,0,random_forgery,33,2
data/processed/train/genuine/original_2_24.png,data/processed/train/forged/forgeries_2_6.png,0,skilled_forgery,2,2
data/processed/validation/genuine/original_44_24.png,data/processed/validation/forged/forgeries_44_24.png,0,skilled_forgery,44,44
data/processed/train/genuine/original_15_23.png,data/processed/train/forged/forgeries_15_11.png,0,skilled_forgery,15,15
data/processed/train/genuine/original_4_12.png,data/processed/train/genuine/original_4_4.png,1,genuine_genuine,4,4
data/processed/train/genuine/original_11_10.png,data/processed/train/genuine/original_8_17.png,0,random_forgery,11,8
data/processed/train/genuine/original_16_5.png,data/processed/train/forged/forgeries_16_13.png,0,skilled_forgery,16,16
data/processed/train/genuine/original_32_11.png,data/processed/train/genuine/original_32_23.png,1,genuine_genuine,32,32
data/processed/train/genuine/original_3_17.png,data/processed/train/genuine/original_3_6.png,1,genuine_genuine,3,3
data/processed/train/genuine/original_32_11.png,data/processed/train/genuine/original_32_21.png,1,genuine_genuine,32,32
data/processed/validation/genuine/original_38_24.png,data/processed/validation/forged/forgeries_38_3.png,0,skilled_forgery,38,38
data/processed/train/genuine/original_2_6.png,data/processed/train/forged/forgeries_2_20.png,0,skilled_forgery,2,2
data/processed/train/genuine/original_12_14.png,data/processed/train/genuine/original_12_2.png,1,genuine_genuine,12,12
data/processed/train/genuine/original_3_3.png,data/processed/train/forged/forgeries_3_23.png,0,skilled_forgery,3,3
data/processed/train/genuine/original_8_1.png,data/processed/train/genuine/original_8_20.png,1,genuine_genuine,8,8
data/processed/train/genuine/original_1_11.png,data/processed/train/genuine/original_1_4.png,1,genuine_genuine,1,1
data/processed/train/genuine/original_9_2.png,data/processed/train/genuine/original_9_3.png,1,genuine_genuine,9,9
data/processed/train/genuine/original_30_22.png,data/processed/train/genuine/original_30_5.png,1,genuine_genuine,30,30
data/processed/train/genuine/original_9_20.png,data/processed/train/forged/forgeries_9_12.png,0,skilled_forgery,9,9
data/processed/train/genuine/original_31_16.png,data/processed/train/genuine/original_29_21.png,0,random_forgery,31,29
data/processed/train/genuine/original_14_20.png,data/processed/train/genuine/original_14_3.png,1,genuine_genuine,14,14
data/processed/train/genuine/original_16_12.png,data/processed/train/forged/forgeries_16_19.png,0,skilled_forgery,16,16
data/processed/validation/genuine/original_42_11.png,data/processed/validation/forged/forgeries_42_1.png,0,skilled_forgery,42,42
data/processed/validation/genuine/original_42_23.png,data/processed/validation/genuine/original_42_5.png,1,genuine_genuine,42,42
data/processed/validation/genuine/original_38_10.png,data/processed/validation/genuine/original_38_22.png,1,genuine_genuine,38,38
data/processed/train/genuine/original_12_22.png,data/processed/train/forged/forgeries_12_20.png,0,skilled_forgery,12,12
data/processed/train/genuine/original_31_11.png,data/processed/train/genuine/original_31_12.png,1,genuine_genuine,31,31
data/processed/validation/genuine/original_39_24.png,data/processed/validation/genuine/original_39_9.png,1,genuine_genuine,39,39
data/processed/validation/genuine/original_45_19.png,data/processed/validation/forged/forgeries_45_16.png,0,skilled_forgery,45,45
data/processed/train/genuine/original_11_1.png,data/processed/train/forged/forgeries_11_24.png,0,skilled_forgery,11,11
data/processed/train/genuine/original_18_16.png,data/processed/train/genuine/original_18_8.png,1,genuine_genuine,18,18
data/processed/train/genuine/original_15_3.png,data/processed/train/genuine/original_16_15.png,0,random_forgery,15,16
data/processed/validation/genuine/original_45_9.png,data/processed/train/genuine/original_17_23.png,0,random_forgery,45,17
data/processed/train/genuine/original_9_6.png,data/processed/train/genuine/original_4_13.png,0,random_forgery,9,4
data/processed/train/genuine/original_34_7.png,data/processed/validation/genuine/original_38_4.png,0,random_forgery,34,38
data/processed/train/genuine/original_4_9.png,data/processed/train/genuine/original_16_17.png,0,random_forgery,4,16
data/processed/train/genuine/original_15_16.png,data/processed/train/genuine/original_15_4.png,1,genuine_genuine,15,15
data/processed/train/genuine/original_16_1.png,data/processed/train/genuine/original_16_16.png,1,genuine_genuine,16,16
data/processed/train/genuine/original_31_13.png,data/processed/train/genuine/original_31_3.png,1,genuine_genuine,31,31
data/processed/train/genuine/original_16_20.png,data/processed/train/forged/forgeries_16_4.png,0,skilled_forgery,16,16
data/processed/train/genuine/original_5_19.png,data/processed/train/genuine/original_5_21.png,1,genuine_genuine,5,5
data/processed/train/genuine/original_10_3.png,data/processed/train/genuine/original_10_8.png,1,genuine_genuine,10,10
data/processed/validation/genuine/original_44_21.png,data/processed/validation/forged/forgeries_44_7.png,0,skilled_forgery,44,44
data/processed/validation/genuine/original_36_23.png,data/processed/validation/genuine/original_36_7.png,1,genuine_genuine,36,36
data/processed/train/genuine/original_6_11.png,data/processed/train/genuine/original_6_15.png,1,genuine_genuine,6,6
data/processed/train/genuine/original_35_2.png,data/processed/train/genuine/original_35_22.png,1,genuine_genuine,35,35
data/processed/train/genuine/original_10_16.png,data/processed/train/genuine/original_12_19.png,0,random_forgery,10,12
data/processed/train/genuine/original_7_16.png,data/processed/train/genuine/original_7_9.png,1,genuine_genuine,7,7
data/processed/train/genuine/original_28_18.png,data/processed/validation/genuine/original_43_5.png,0,random_forgery,28,43
data/processed/train/genuine/original_2_1.png,data/processed/train/forged/forgeries_2_9.png,0,skilled_forgery,2,2
data/processed/train/genuine/original_9_12.png,data/processed/train/genuine/original_9_9.png,1,genuine_genuine,9,9
data/processed/train/genuine/original_30_15.png,data/processed/train/genuine/original_2_3.png,0,random_forgery,30,2
data/processed/train/genuine/original_17_12.png,data/processed/train/genuine/original_17_7.png,1,genuine_genuine,17,17
data/processed/train/genuine/original_8_19.png,data/processed/train/forged/forgeries_8_16.png,0,skilled_forgery,8,8
data/processed/train/genuine/original_30_24.png,data/processed/train/genuine/original_30_8.png,1,genuine_genuine,30,30
data/processed/train/genuine/original_31_16.png,data/processed/train/genuine/original_31_20.png,1,genuine_genuine,31,31
data/processed/train/genuine/original_5_13.png,data/processed/train/genuine/original_15_23.png,0,random_forgery,5,15
data/processed/train/genuine/original_9_13.png,data/processed/train/forged/forgeries_9_17.png,0,skilled_forgery,9,9
data/processed/train/genuine/original_13_10.png,data/processed/train/genuine/original_13_20.png,1,genuine_genuine,13,13
data/processed/validation/genuine/original_45_18.png,data/processed/validation/genuine/original_38_8.png,0,random_forgery,45,38
data/processed/train/genuine/original_31_15.png,data/processed/train/forged/forgeries_31_17.png,0,skilled_forgery,31,31
data/processed/train/genuine/original_18_11.png,data/processed/train/genuine/original_18_13.png,1,genuine_genuine,18,18
data/processed/train/genuine/original_28_19.png,data/processed/validation/genuine/original_36_12.png,0,random_forgery,28,36
data/processed/train/genuine/original_14_6.png,data/processed/train/forged/forgeries_14_17.png,0,skilled_forgery,14,14
data/processed/validation/genuine/original_36_22.png,data/processed/validation/genuine/original_36_23.png,1,genuine_genuine,36,36
data/processed/train/genuine/original_2_14.png,data/processed/train/genuine/original_2_19.png,1,genuine_genuine,2,2
data/processed/validation/genuine/original_43_7.png,data/processed/validation/forged/forgeries_43_16.png,0,skilled_forgery,43,43
data/processed/validation/genuine/original_41_10.png,data/processed/validation/genuine/original_41_12.png,1,genuine_genuine,41,41
data/processed/train/genuine/original_8_14.png,data/processed/validation/genuine/original_37_18.png,0,random_forgery,8,37
data/processed/validation/genuine/original_38_15.png,data/processed/validation/genuine/original_38_9.png,1,genuine_genuine,38,38
data/processed/train/genuine/original_16_1.png,data/processed/train/genuine/original_16_8.png,1,genuine_genuine,16,16
data/processed/train/genuine/original_6_17.png,data/processed/validation/genuine/original_45_4.png,0,random_forgery,6,45
data/processed/train/genuine/original_4_18.png,data/processed/validation/genuine/original_40_7.png,0,random_forgery,4,40
data/processed/validation/genuine/original_40_23.png,data/processed/validation/forged/forgeries_40_6.png,0,skilled_forgery,40,40
data/processed/train/genuine/original_30_11.png,data/processed/train/genuine/original_30_14.png,1,genuine_genuine,30,30
data/processed/validation/genuine/original_41_9.png,data/processed/validation/forged/forgeries_41_4.png,0,skilled_forgery,41,41
data/processed/train/genuine/original_10_13.png,data/processed/train/genuine/original_10_23.png,1,genuine_genuine,10,10
data/processed/train/genuine/original_15_10.png,data/processed/train/genuine/original_15_5.png,1,genuine_genuine,15,15
data/processed/validation/genuine/original_43_10.png,data/processed/validation/genuine/original_43_24.png,1,genuine_genuine,43,43
data/processed/train/genuine/original_6_14.png,data/processed/train/forged/forgeries_6_5.png,0,skilled_forgery,6,6
data/processed/train/genuine/original_11_16.png,data/processed/train/forged/forgeries_11_20.png,0,skilled_forgery,11,11
data/processed/train/genuine/original_7_17.png,data/processed/train/genuine/original_7_21.png,1,genuine_genuine,7,7
data/processed/validation/genuine/original_40_6.png,data/processed/validation/forged/forgeries_40_4.png,0,skilled_forgery,40,40
data/processed/train/genuine/original_32_11.png,data/processed/train/forged/forgeries_32_23.png,0,skilled_forgery,32,32
data/processed/train/genuine/original_9_19.png,data/processed/train/forged/forgeries_9_2.png,0,skilled_forgery,9,9
data/processed/train/genuine/original_14_19.png,data/processed/train/genuine/original_14_5.png,1,genuine_genuine,14,14
data/processed/validation/genuine/original_36_23.png,data/processed/validation/genuine/original_36_6.png,1,genuine_genuine,36,36
data/processed/train/genuine/original_1_11.png,data/processed/train/genuine/original_30_9.png,0,random_forgery,1,30
data/processed/validation/genuine/original_43_22.png,data/processed/validation/forged/forgeries_43_16.png,0,skilled_forgery,43,43
data/processed/validation/genuine/original_39_2.png,data/processed/validation/forged/forgeries_39_22.png,0,skilled_forgery,39,39
data/processed/train/genuine/original_10_24.png,data/processed/train/genuine/original_8_4.png,0,random_forgery,10,8
data/processed/train/genuine/original_17_24.png,data/processed/train/genuine/original_17_4.png,1,genuine_genuine,17,17
data/processed/train/genuine/original_14_15.png,data/processed/train/forged/forgeries_14_21.png,0,skilled_forgery,14,14
data/processed/train/genuine/original_10_16.png,data/processed/train/genuine/original_7_5.png,0,random_forgery,10,7
data/processed/validation/genuine/original_44_16.png,data/processed/validation/genuine/original_44_22.png,1,genuine_genuine,44,44
data/processed/validation/genuine/original_45_22.png,data/processed/train/genuine/original_12_2.png,0,random_forgery,45,12
data/processed/train/genuine/original_15_10.png,data/processed/train/genuine/original_15_12.png,1,genuine_genuine,15,15
data/processed/train/genuine/original_7_17.png,data/processed/train/forged/forgeries_7_10.png,0,skilled_forgery,7,7
data/processed/validation/genuine/original_36_15.png,data/processed/validation/forged/forgeries_36_8.png,0,skilled_forgery,36,36
data/processed/train/genuine/original_35_16.png,data/processed/train/genuine/original_35_24.png,1,genuine_genuine,35,35
data/processed/validation/genuine/original_42_15.png,data/processed/validation/forged/forgeries_42_18.png,0,skilled_forgery,42,42
data/processed/train/genuine/original_1_1.png,data/processed/train/genuine/original_1_7.png,1,genuine_genuine,1,1
data/processed/train/genuine/original_11_15.png,data/processed/train/genuine/original_11_3.png,1,genuine_genuine,11,11
data/processed/train/genuine/original_18_24.png,data/processed/train/genuine/original_18_6.png,1,genuine_genuine,18,18
data/processed/validation/genuine/original_43_10.png,data/processed/validation/genuine/original_43_15.png,1,genuine_genuine,43,43
data/processed/train/genuine/original_13_11.png,data/processed/train/genuine/original_13_22.png,1,genuine_genuine,13,13
data/processed/train/genuine/original_34_21.png,data/processed/train/forged/forgeries_34_18.png,0,skilled_forgery,34,34
data/processed/train/genuine/original_30_14.png,data/processed/train/forged/forgeries_30_23.png,0,skilled_forgery,30,30
data/processed/train/genuine/original_14_2.png,data/processed/train/forged/forgeries_14_7.png,0,skilled_forgery,14,14
data/processed/validation/genuine/original_44_10.png,data/processed/validation/forged/forgeries_44_17.png,0,skilled_forgery,44,44
data/processed/train/genuine/original_35_4.png,data/processed/validation/genuine/original_42_13.png,0,random_forgery,35,42
data/processed/train/genuine/original_18_22.png,data/processed/train/forged/forgeries_18_17.png,0,skilled_forgery,18,18
data/processed/train/genuine/original_33_4.png,data/processed/train/genuine/original_4_15.png,0,random_forgery,33,4
data/processed/train/genuine/original_29_3.png,data/processed/train/forged/forgeries_29_22.png,0,skilled_forgery,29,29
data/processed/train/genuine/original_11_1.png,data/processed/train/genuine/original_11_5.png,1,genuine_genuine,11,11
data/processed/train/genuine/original_5_7.png,data/processed/train/forged/forgeries_5_12.png,0,skilled_forgery,5,5
data/processed/train/genuine/original_14_15.png,data/processed/train/genuine/original_14_9.png,1,genuine_genuine,14,14
data/processed/train/genuine/original_15_24.png,data/processed/train/forged/forgeries_15_9.png,0,skilled_forgery,15,15
data/processed/train/genuine/original_34_22.png,data/processed/train/genuine/original_34_6.png,1,genuine_genuine,34,34
data/processed/validation/genuine/original_39_18.png,data/processed/train/genuine/original_12_2.png,0,random_forgery,39,12
data/processed/train/genuine/original_13_1.png,data/processed/train/genuine/original_13_14.png,1,genuine_genuine,13,13
data/processed/train/genuine/original_34_24.png,data/processed/train/genuine/original_34_3.png,1,genuine_genuine,34,34
data/processed/train/genuine/original_2_20.png,data/processed/train/genuine/original_2_4.png,1,genuine_genuine,2,2
data/processed/train/genuine/original_31_1.png,data/processed/train/forged/forgeries_31_9.png,0,skilled_forgery,31,31
data/processed/train/genuine/original_14_21.png,data/processed/train/genuine/original_14_6.png,1,genuine_genuine,14,14
data/processed/train/genuine/original_3_14.png,data/processed/train/genuine/original_3_19.png,1,genuine_genuine,3,3
data/processed/train/genuine/original_32_9.png,data/processed/train/forged/forgeries_32_24.png,0,skilled_forgery,32,32
data/processed/train/genuine/original_10_1.png,data/processed/train/genuine/original_10_17.png,1,genuine_genuine,10,10
data/processed/validation/genuine/original_40_1.png,data/processed/validation/forged/forgeries_40_6.png,0,skilled_forgery,40,40
data/processed/train/genuine/original_28_22.png,data/processed/train/genuine/original_28_7.png,1,genuine_genuine,28,28
data/processed/train/genuine/original_3_14.png,data/processed/train/genuine/original_3_4.png,1,genuine_genuine,3,3
data/processed/train/genuine/original_18_13.png,data/processed/train/genuine/original_18_21.png,1,genuine_genuine,18,18
data/processed/train/genuine/original_1_10.png,data/processed/train/genuine/original_1_7.png,1,genuine_genuine,1,1
data/processed/train/genuine/original_2_9.png,data/processed/train/forged/forgeries_2_5.png,0,skilled_forgery,2,2
data/processed/train/genuine/original_30_1.png,data/processed/train/forged/forgeries_30_7.png,0,skilled_forgery,30,30
data/processed/train/genuine/original_29_18.png,data/processed/train/genuine/original_29_24.png,1,genuine_genuine,29,29
data/processed/validation/genuine/original_36_7.png,data/processed/validation/forged/forgeries_36_13.png,0,skilled_forgery,36,36
data/processed/train/genuine/original_15_10.png,data/processed/train/genuine/original_8_16.png,0,random_forgery,15,8
data/processed/train/genuine/original_18_14.png,data/processed/train/genuine/original_18_20.png,1,genuine_genuine,18,18
data/processed/validation/genuine/original_36_3.png,data/processed/validation/genuine/original_36_5.png,1,genuine_genuine,36,36
data/processed/train/genuine/original_14_1.png,data/processed/train/genuine/original_14_13.png,1,genuine_genuine,14,14
data/processed/train/genuine/original_29_12.png,data/processed/train/forged/forgeries_29_6.png,0,skilled_forgery,29,29
data/processed/train/genuine/original_30_20.png,data/processed/validation/genuine/original_40_17.png,0,random_forgery,30,40
data/processed/validation/genuine/original_41_15.png,data/processed/validation/genuine/original_41_20.png,1,genuine_genuine,41,41
data/processed/train/genuine/original_4_13.png,data/processed/train/genuine/original_4_2.png,1,genuine_genuine,4,4
data/processed/validation/genuine/original_41_11.png,data/processed/validation/forged/forgeries_41_20.png,0,skilled_forgery,41,41
data/processed/train/genuine/original_31_13.png,data/processed/train/genuine/original_31_7.png,1,genuine_genuine,31,31
data/processed/train/genuine/original_5_13.png,data/processed/train/genuine/original_5_7.png,1,genuine_genuine,5,5
data/processed/train/genuine/original_30_1.png,data/processed/train/forged/forgeries_30_20.png,0,skilled_forgery,30,30
data/processed/train/genuine/original_35_18.png,data/processed/train/forged/forgeries_35_18.png,0,skilled_forgery,35,35
data/processed/train/genuine/original_16_20.png,data/processed/train/forged/forgeries_16_2.png,0,skilled_forgery,16,16
data/processed/validation/genuine/original_44_6.png,data/processed/train/genuine/original_6_16.png,0,random_forgery,44,6
data/processed/validation/genuine/original_43_19.png,data/processed/validation/genuine/original_43_8.png,1,genuine_genuine,43,43
data/processed/train/genuine/original_30_20.png,data/processed/train/forged/forgeries_30_10.png,0,skilled_forgery,30,30
data/processed/train/genuine/original_34_14.png,data/processed/train/genuine/original_34_6.png,1,genuine_genuine,34,34
data/processed/train/genuine/original_2_19.png,data/processed/train/genuine/original_2_22.png,1,genuine_genuine,2,2
data/processed/validation/genuine/original_43_14.png,data/processed/validation/genuine/original_43_3.png,1,genuine_genuine,43,43
data/processed/train/genuine/original_6_18.png,data/processed/validation/genuine/original_38_15.png,0,random_forgery,6,38
data/processed/train/genuine/original_14_21.png,data/processed/train/genuine/original_14_24.png,1,genuine_genuine,14,14
data/processed/train/genuine/original_29_16.png,data/processed/train/forged/forgeries_29_10.png,0,skilled_forgery,29,29
data/processed/train/genuine/original_31_11.png,data/processed/train/genuine/original_31_18.png,1,genuine_genuine,31,31
data/processed/validation/genuine/original_44_11.png,data/processed/validation/forged/forgeries_44_16.png,0,skilled_forgery,44,44
data/processed/train/genuine/original_6_18.png,data/processed/train/genuine/original_6_3.png,1,genuine_genuine,6,6
data/processed/train/genuine/original_13_21.png,data/processed/train/forged/forgeries_13_5.png,0,skilled_forgery,13,13
data/processed/train/genuine/original_5_2.png,data/processed/train/forged/forgeries_5_16.png,0,skilled_forgery,5,5
data/processed/validation/genuine/original_40_20.png,data/processed/train/genuine/original_15_8.png,0,random_forgery,40,15
data/processed/validation/genuine/original_36_19.png,data/processed/validation/genuine/original_36_8.png,1,genuine_genuine,36,36
data/processed/train/genuine/original_35_6.png,data/processed/train/forged/forgeries_35_8.png,0,skilled_forgery,35,35
data/processed/train/genuine/original_29_16.png,data/processed/train/genuine/original_10_17.png,0,random_forgery,29,10
data/processed/train/genuine/original_32_9.png,data/processed/train/genuine/original_9_14.png,0,random_forgery,32,9
data/processed/train/genuine/original_15_17.png,data/processed/train/genuine/original_15_4.png,1,genuine_genuine,15,15
data/processed/validation/genuine/original_43_1.png,data/processed/train/genuine/original_11_11.png,0,random_forgery,43,11
data/processed/train/genuine/original_30_3.png,data/processed/train/forged/forgeries_30_2.png,0,skilled_forgery,30,30
data/processed/train/genuine/original_15_11.png,data/processed/train/forged/forgeries_15_10.png,0,skilled_forgery,15,15
data/processed/validation/genuine/original_37_15.png,data/processed/validation/genuine/original_37_17.png,1,genuine_genuine,37,37
data/processed/train/genuine/original_7_12.png,data/processed/train/forged/forgeries_7_5.png,0,skilled_forgery,7,7
data/processed/train/genuine/original_33_23.png,data/processed/train/genuine/original_33_5.png,1,genuine_genuine,33,33
data/processed/train/genuine/original_31_8.png,data/processed/validation/genuine/original_36_14.png,0,random_forgery,31,36
data/processed/train/genuine/original_4_19.png,data/processed/train/forged/forgeries_4_15.png,0,skilled_forgery,4,4
data/processed/validation/genuine/original_39_12.png,data/processed/validation/genuine/original_39_7.png,1,genuine_genuine,39,39
data/processed/train/genuine/original_12_1.png,data/processed/train/genuine/original_12_10.png,1,genuine_genuine,12,12
data/processed/train/genuine/original_28_16.png,data/processed/train/genuine/original_28_3.png,1,genuine_genuine,28,28
data/processed/train/genuine/original_35_24.png,data/processed/train/forged/forgeries_35_7.png,0,skilled_forgery,35,35
data/processed/train/genuine/original_5_11.png,data/processed/train/forged/forgeries_5_15.png,0,skilled_forgery,5,5
data/processed/train/genuine/original_11_1.png,data/processed/train/genuine/original_11_17.png,1,genuine_genuine,11,11
data/processed/train/genuine/original_9_16.png,data/processed/train/genuine/original_9_7.png,1,genuine_genuine,9,9
data/processed/train/genuine/original_13_14.png,data/processed/train/forged/forgeries_13_11.png,0,skilled_forgery,13,13
data/processed/validation/genuine/original_41_17.png,data/processed/validation/genuine/original_41_4.png,1,genuine_genuine,41,41
data/processed/train/genuine/original_14_10.png,data/processed/train/genuine/original_2_8.png,0,random_forgery,14,2
data/processed/train/genuine/original_18_10.png,data/processed/train/genuine/original_18_5.png,1,genuine_genuine,18,18
data/processed/validation/genuine/original_40_8.png,data/processed/validation/forged/forgeries_40_8.png,0,skilled_forgery,40,40
data/processed/train/genuine/original_4_16.png,data/processed/train/genuine/original_8_14.png,0,random_forgery,4,8
data/processed/train/genuine/original_15_5.png,data/processed/train/genuine/original_8_19.png,0,random_forgery,15,8
data/processed/train/genuine/original_9_24.png,data/processed/train/genuine/original_31_1.png,0,random_forgery,9,31
data/processed/train/genuine/original_29_23.png,data/processed/train/forged/forgeries_29_23.png,0,skilled_forgery,29,29
data/processed/train/genuine/original_28_21.png,data/processed/train/genuine/original_6_22.png,0,random_forgery,28,6
data/processed/train/genuine/original_11_20.png,data/processed/train/genuine/original_30_17.png,0,random_forgery,11,30
data/processed/train/genuine/original_12_2.png,data/processed/train/genuine/original_18_21.png,0,random_forgery,12,18
data/processed/validation/genuine/original_41_11.png,data/processed/validation/forged/forgeries_41_10.png,0,skilled_forgery,41,41
data/processed/validation/genuine/original_43_15.png,data/processed/validation/genuine/original_43_24.png,1,genuine_genuine,43,43
data/processed/validation/genuine/original_37_16.png,data/processed/validation/genuine/original_37_3.png,1,genuine_genuine,37,37
data/processed/train/genuine/original_11_19.png,data/processed/validation/genuine/original_45_14.png,0,random_forgery,11,45
data/processed/train/genuine/original_2_24.png,data/processed/train/genuine/original_2_8.png,1,genuine_genuine,2,2
data/processed/train/genuine/original_13_1.png,data/processed/train/genuine/original_13_6.png,1,genuine_genuine,13,13
data/processed/validation/genuine/original_39_21.png,data/processed/validation/genuine/original_39_4.png,1,genuine_genuine,39,39
data/processed/train/genuine/original_2_22.png,data/processed/train/genuine/original_2_7.png,1,genuine_genuine,2,2
data/processed/train/genuine/original_13_12.png,data/processed/train/genuine/original_13_6.png,1,genuine_genuine,13,13
data/processed/validation/genuine/original_37_12.png,data/processed/validation/genuine/original_37_3.png,1,genuine_genuine,37,37
data/processed/train/genuine/original_34_23.png,data/processed/train/genuine/original_34_3.png,1,genuine_genuine,34,34
data/processed/train/genuine/original_15_11.png,data/processed/train/genuine/original_15_4.png,1,genuine_genuine,15,15
data/processed/train/genuine/original_30_2.png,data/processed/validation/genuine/original_38_4.png,0,random_forgery,30,38
data/processed/train/genuine/original_30_3.png,data/processed/train/genuine/original_35_7.png,0,random_forgery,30,35
data/processed/train/genuine/original_15_13.png,data/processed/train/genuine/original_15_14.png,1,genuine_genuine,15,15
data/processed/train/genuine/original_11_21.png,data/processed/train/genuine/original_11_3.png,1,genuine_genuine,11,11
data/processed/validation/genuine/original_45_16.png,data/processed/validation/genuine/original_45_23.png,1,genuine_genuine,45,45
data/processed/train/genuine/original_11_24.png,data/processed/train/forged/forgeries_11_20.png,0,skilled_forgery,11,11
data/processed/train/genuine/original_33_10.png,data/processed/validation/genuine/original_38_23.png,0,random_forgery,33,38
data/processed/validation/genuine/original_44_19.png,data/processed/validation/forged/forgeries_44_13.png,0,skilled_forgery,44,44
data/processed/train/genuine/original_18_6.png,data/processed/train/forged/forgeries_18_22.png,0,skilled_forgery,18,18
data/processed/train/genuine/original_13_21.png,data/processed/train/forged/forgeries_13_12.png,0,skilled_forgery,13,13
data/processed/validation/genuine/original_40_7.png,data/processed/validation/genuine/original_40_8.png,1,genuine_genuine,40,40
data/processed/train/genuine/original_34_12.png,data/processed/train/genuine/original_34_19.png,1,genuine_genuine,34,34
data/processed/train/genuine/original_30_14.png,data/processed/train/forged/forgeries_30_1.png,0,skilled_forgery,30,30
data/processed/validation/genuine/original_38_2.png,data/processed/validation/genuine/original_38_3.png,1,genuine_genuine,38,38
data/processed/train/genuine/original_35_8.png,data/processed/validation/genuine/original_44_23.png,0,random_forgery,35,44
data/processed/train/genuine/original_9_16.png,data/processed/train/genuine/original_9_22.png,1,genuine_genuine,9,9
data/processed/validation/genuine/original_45_10.png,data/processed/validation/genuine/original_39_2.png,0,random_forgery,45,39
data/processed/train/genuine/original_4_12.png,data/processed/train/genuine/original_4_15.png,1,genuine_genuine,4,4
data/processed/train/genuine/original_7_11.png,data/processed/train/genuine/original_7_17.png,1,genuine_genuine,7,7
data/processed/train/genuine/original_7_10.png,data/processed/train/genuine/original_7_23.png,1,genuine_genuine,7,7
data/processed/train/genuine/original_8_21.png,data/processed/validation/genuine/original_44_7.png,0,random_forgery,8,44
data/processed/train/genuine/original_31_5.png,data/processed/train/forged/forgeries_31_6.png,0,skilled_forgery,31,31
data/processed/validation/genuine/original_44_6.png,data/processed/validation/forged/forgeries_44_6.png,0,skilled_forgery,44,44
data/processed/train/genuine/original_14_13.png,data/processed/train/genuine/original_14_4.png,1,genuine_genuine,14,14
data/processed/train/genuine/original_4_12.png,data/processed/train/forged/forgeries_4_11.png,0,skilled_forgery,4,4
data/processed/validation/genuine/original_37_12.png,data/processed/validation/genuine/original_37_18.png,1,genuine_genuine,37,37
data/processed/train/genuine/original_18_16.png,data/processed/validation/genuine/original_37_1.png,0,random_forgery,18,37
data/processed/validation/genuine/original_38_16.png,data/processed/validation/genuine/original_38_7.png,1,genuine_genuine,38,38
data/processed/validation/genuine/original_43_14.png,data/processed/validation/genuine/original_43_22.png,1,genuine_genuine,43,43
data/processed/train/genuine/original_5_22.png,data/processed/validation/genuine/original_42_13.png,0,random_forgery,5,42
data/processed/train/genuine/original_5_19.png,data/processed/train/genuine/original_5_3.png,1,genuine_genuine,5,5
data/processed/train/genuine/original_32_6.png,data/processed/train/genuine/original_32_9.png,1,genuine_genuine,32,32
data/processed/train/genuine/original_4_8.png,data/processed/train/forged/forgeries_4_16.png,0,skilled_forgery,4,4
data/processed/train/genuine/original_3_11.png,data/processed/validation/genuine/original_42_7.png,0,random_forgery,3,42
data/processed/train/genuine/original_28_23.png,data/processed/train/genuine/original_28_4.png,1,genuine_genuine,28,28
data/processed/validation/genuine/original_44_17.png,data/processed/validation/genuine/original_44_18.png,1,genuine_genuine,44,44
data/processed/train/genuine/original_11_1.png,data/processed/train/genuine/original_11_19.png,1,genuine_genuine,11,11
data/processed/train/genuine/original_1_3.png,data/processed/validation/genuine/original_41_13.png,0,random_forgery,1,41
data/processed/train/genuine/original_32_12.png,data/processed/train/genuine/original_32_14.png,1,genuine_genuine,32,32
data/processed/train/genuine/original_7_18.png,data/processed/train/genuine/original_7_5.png,1,genuine_genuine,7,7
data/processed/train/genuine/original_13_13.png,data/processed/train/genuine/original_6_18.png,0,random_forgery,13,6
data/processed/validation/genuine/original_41_17.png,data/processed/train/genuine/original_34_9.png,0,random_forgery,41,34
data/processed/validation/genuine/original_40_13.png,data/processed/validation/genuine/original_40_17.png,1,genuine_genuine,40,40
data/processed/train/genuine/original_13_4.png,data/processed/train/genuine/original_28_3.png,0,random_forgery,13,28
data/processed/validation/genuine/original_38_15.png,data/processed/validation/genuine/original_38_24.png,1,genuine_genuine,38,38
data/processed/validation/genuine/original_42_1.png,data/processed/validation/genuine/original_42_8.png,1,genuine_genuine,42,42
data/processed/validation/genuine/original_36_20.png,data/processed/validation/genuine/original_36_3.png,1,genuine_genuine,36,36
data/processed/train/genuine/original_2_11.png,data/processed/train/genuine/original_6_14.png,0,random_forgery,2,6
data/processed/validation/genuine/original_44_13.png,data/processed/validation/genuine/original_44_21.png,1,genuine_genuine,44,44
data/processed/train/genuine/original_6_1.png,data/processed/train/genuine/original_6_20.png,1,genuine_genuine,6,6
data/processed/train/genuine/original_15_14.png,data/processed/train/genuine/original_15_22.png,1,genuine_genuine,15,15
data/processed/train/genuine/original_8_12.png,data/processed/train/genuine/original_8_14.png,1,genuine_genuine,8,8
data/processed/train/genuine/original_2_22.png,data/processed/train/forged/forgeries_2_12.png,0,skilled_forgery,2,2
data/processed/train/genuine/original_2_3.png,data/processed/train/genuine/original_14_16.png,0,random_forgery,2,14
data/processed/validation/genuine/original_40_12.png,data/processed/validation/forged/forgeries_40_12.png,0,skilled_forgery,40,40
data/processed/train/genuine/original_35_11.png,data/processed/train/genuine/original_35_9.png,1,genuine_genuine,35,35
data/processed/validation/genuine/original_42_16.png,data/processed/validation/genuine/original_42_3.png,1,genuine_genuine,42,42
data/processed/validation/genuine/original_41_6.png,data/processed/validation/forged/forgeries_41_7.png,0,skilled_forgery,41,41
data/processed/validation/genuine/original_42_24.png,data/processed/train/genuine/original_6_2.png,0,random_forgery,42,6
data/processed/train/genuine/original_9_21.png,data/processed/train/genuine/original_9_8.png,1,genuine_genuine,9,9
data/processed/train/genuine/original_9_3.png,data/processed/train/genuine/original_9_6.png,1,genuine_genuine,9,9
data/processed/train/genuine/original_28_14.png,data/processed/train/genuine/original_28_23.png,1,genuine_genuine,28,28
data/processed/train/genuine/original_17_12.png,data/processed/train/genuine/original_17_16.png,1,genuine_genuine,17,17
data/processed/train/genuine/original_14_19.png,data/processed/train/genuine/original_14_24.png,1,genuine_genuine,14,14
data/processed/validation/genuine/original_44_20.png,data/processed/train/genuine/original_28_7.png,0,random_forgery,44,28
data/processed/validation/genuine/original_44_23.png,data/processed/validation/forged/forgeries_44_7.png,0,skilled_forgery,44,44
data/processed/train/genuine/original_17_12.png,data/processed/train/genuine/original_14_14.png,0,random_forgery,17,14
data/processed/train/genuine/original_13_4.png,data/processed/validation/genuine/original_38_3.png,0,random_forgery,13,38
data/processed/train/genuine/original_31_10.png,data/processed/train/genuine/original_31_15.png,1,genuine_genuine,31,31
data/processed/validation/genuine/original_36_12.png,data/processed/validation/genuine/original_36_4.png,1,genuine_genuine,36,36
data/processed/train/genuine/original_5_11.png,data/processed/train/forged/forgeries_5_11.png,0,skilled_forgery,5,5
data/processed/train/genuine/original_28_1.png,data/processed/train/genuine/original_28_6.png,1,genuine_genuine,28,28
data/processed/train/genuine/original_1_2.png,data/processed/train/genuine/original_1_21.png,1,genuine_genuine,1,1
data/processed/train/genuine/original_4_3.png,data/processed/train/genuine/original_9_13.png,0,random_forgery,4,9
data/processed/train/genuine/original_15_13.png,data/processed/train/genuine/original_15_2.png,1,genuine_genuine,15,15
data/processed/train/genuine/original_7_16.png,data/processed/train/genuine/original_7_20.png,1,genuine_genuine,7,7
data/processed/train/genuine/original_34_5.png,data/processed/train/genuine/original_34_7.png,1,genuine_genuine,34,34
data/processed/train/genuine/original_33_21.png,data/processed/train/genuine/original_33_5.png,1,genuine_genuine,33,33
data/processed/validation/genuine/original_42_5.png,data/processed/validation/genuine/original_38_8.png,0,random_forgery,42,38
data/processed/train/genuine/original_29_20.png,data/processed/train/forged/forgeries_29_6.png,0,skilled_forgery,29,29
data/processed/train/genuine/original_18_10.png,data/processed/validation/genuine/original_36_4.png,0,random_forgery,18,36
data/processed/validation/genuine/original_41_6.png,data/processed/train/genuine/original_32_19.png,0,random_forgery,41,32
data/processed/validation/genuine/original_40_24.png,data/processed/train/genuine/original_34_13.png,0,random_forgery,40,34
data/processed/validation/genuine/original_37_16.png,data/processed/train/genuine/original_28_19.png,0,random_forgery,37,28
data/processed/train/genuine/original_7_6.png,data/processed/train/genuine/original_10_23.png,0,random_forgery,7,10
data/processed/train/genuine/original_14_3.png,data/processed/train/genuine/original_14_8.png,1,genuine_genuine,14,14
data/processed/train/genuine/original_3_12.png,data/processed/train/genuine/original_3_19.png,1,genuine_genuine,3,3
data/processed/train/genuine/original_15_18.png,data/processed/train/genuine/original_15_8.png,1,genuine_genuine,15,15
data/processed/validation/genuine/original_42_10.png,data/processed/validation/forged/forgeries_42_17.png,0,skilled_forgery,42,42
data/processed/validation/genuine/original_36_10.png,data/processed/validation/genuine/original_36_24.png,1,genuine_genuine,36,36
data/processed/train/genuine/original_33_19.png,data/processed/train/genuine/original_33_22.png,1,genuine_genuine,33,33
data/processed/train/genuine/original_16_4.png,data/processed/train/genuine/original_30_7.png,0,random_forgery,16,30
data/processed/validation/genuine/original_38_12.png,data/processed/validation/forged/forgeries_38_20.png,0,skilled_forgery,38,38
data/processed/validation/genuine/original_36_13.png,data/processed/validation/genuine/original_36_23.png,1,genuine_genuine,36,36
data/processed/train/genuine/original_9_8.png,data/processed/validation/genuine/original_45_3.png,0,random_forgery,9,45
data/processed/validation/genuine/original_44_12.png,data/processed/validation/forged/forgeries_44_23.png,0,skilled_forgery,44,44
data/processed/train/genuine/original_11_19.png,data/processed/train/genuine/original_11_22.png,1,genuine_genuine,11,11
data/processed/train/genuine/original_9_12.png,data/processed/train/forged/forgeries_9_11.png,0,skilled_forgery,9,9
data/processed/train/genuine/original_31_11.png,data/processed/train/genuine/original_31_23.png,1,genuine_genuine,31,31
data/processed/train/genuine/original_13_20.png,data/processed/validation/genuine/original_41_12.png,0,random_forgery,13,41
data/processed/train/genuine/original_28_20.png,data/processed/train/forged/forgeries_28_1.png,0,skilled_forgery,28,28
data/processed/train/genuine/original_34_2.png,data/processed/validation/genuine/original_42_20.png,0,random_forgery,34,42
data/processed/train/genuine/original_4_18.png,data/processed/train/forged/forgeries_4_6.png,0,skilled_forgery,4,4
data/processed/train/genuine/original_29_16.png,data/processed/train/forged/forgeries_29_11.png,0,skilled_forgery,29,29
data/processed/train/genuine/original_9_1.png,data/processed/train/genuine/original_9_15.png,1,genuine_genuine,9,9
data/processed/train/genuine/original_2_23.png,data/processed/train/genuine/original_2_24.png,1,genuine_genuine,2,2
data/processed/train/genuine/original_4_17.png,data/processed/train/genuine/original_2_22.png,0,random_forgery,4,2
data/processed/train/genuine/original_7_18.png,data/processed/validation/genuine/original_40_11.png,0,random_forgery,7,40
data/processed/train/genuine/original_17_21.png,data/processed/train/genuine/original_17_3.png,1,genuine_genuine,17,17
data/processed/train/genuine/original_8_15.png,data/processed/train/genuine/original_8_22.png,1,genuine_genuine,8,8
data/processed/validation/genuine/original_37_7.png,data/processed/validation/genuine/original_37_8.png,1,genuine_genuine,37,37
data/processed/validation/genuine/original_44_19.png,data/processed/validation/genuine/original_43_16.png,0,random_forgery,44,43
data/processed/train/genuine/original_16_16.png,data/processed/train/genuine/original_16_6.png,1,genuine_genuine,16,16
data/processed/validation/genuine/original_36_20.png,data/processed/validation/genuine/original_43_2.png,0,random_forgery,36,43
data/processed/train/genuine/original_7_10.png,data/processed/train/genuine/original_7_7.png,1,genuine_genuine,7,7
data/processed/train/genuine/original_31_1.png,data/processed/train/genuine/original_31_17.png,1,genuine_genuine,31,31
data/processed/train/genuine/original_17_4.png,data/processed/train/forged/forgeries_17_16.png,0,skilled_forgery,17,17
data/processed/validation/genuine/original_38_11.png,data/processed/train/genuine/original_14_7.png,0,random_forgery,38,14
data/processed/train/genuine/original_4_11.png,data/processed/train/genuine/original_4_2.png,1,genuine_genuine,4,4
data/processed/train/genuine/original_32_7.png,data/processed/train/forged/forgeries_32_6.png,0,skilled_forgery,32,32
data/processed/train/genuine/original_7_19.png,data/processed/train/genuine/original_31_23.png,0,random_forgery,7,31
data/processed/train/genuine/original_28_12.png,data/processed/train/genuine/original_28_18.png,1,genuine_genuine,28,28
data/processed/train/genuine/original_6_6.png,data/processed/train/forged/forgeries_6_10.png,0,skilled_forgery,6,6
data/processed/validation/genuine/original_38_16.png,data/processed/validation/forged/forgeries_38_24.png,0,skilled_forgery,38,38
data/processed/train/genuine/original_29_14.png,data/processed/train/genuine/original_17_2.png,0,random_forgery,29,17
data/processed/validation/genuine/original_39_13.png,data/processed/train/genuine/original_5_14.png,0,random_forgery,39,5
data/processed/train/genuine/original_30_21.png,data/processed/train/genuine/original_30_3.png,1,genuine_genuine,30,30
data/processed/train/genuine/original_8_5.png,data/processed/train/genuine/original_8_7.png,1,genuine_genuine,8,8
data/processed/train/genuine/original_28_11.png,data/processed/train/genuine/original_28_5.png,1,genuine_genuine,28,28
data/processed/train/genuine/original_12_14.png,data/processed/train/genuine/original_12_22.png,1,genuine_genuine,12,12
data/processed/train/genuine/original_34_10.png,data/processed/train/genuine/original_34_20.png,1,genuine_genuine,34,34
data/processed/train/genuine/original_33_23.png,data/processed/train/genuine/original_14_6.png,0,random_forgery,33,14
data/processed/validation/genuine/original_45_22.png,data/processed/validation/forged/forgeries_45_21.png,0,skilled_forgery,45,45
data/processed/train/genuine/original_18_18.png,data/processed/train/forged/forgeries_18_3.png,0,skilled_forgery,18,18
data/processed/train/genuine/original_4_12.png,data/processed/train/forged/forgeries_4_9.png,0,skilled_forgery,4,4
data/processed/train/genuine/original_13_13.png,data/processed/train/genuine/original_13_3.png,1,genuine_genuine,13,13
data/processed/validation/genuine/original_36_11.png,data/processed/validation/genuine/original_36_23.png,1,genuine_genuine,36,36
data/processed/train/genuine/original_11_5.png,data/processed/train/genuine/original_13_17.png,0,random_forgery,11,13
data/processed/validation/genuine/original_36_4.png,data/processed/validation/genuine/original_43_4.png,0,random_forgery,36,43
data/processed/train/genuine/original_13_4.png,data/processed/train/genuine/original_13_8.png,1,genuine_genuine,13,13
data/processed/train/genuine/original_2_10.png,data/processed/train/genuine/original_2_5.png,1,genuine_genuine,2,2
data/processed/train/genuine/original_8_14.png,data/processed/train/forged/forgeries_8_20.png,0,skilled_forgery,8,8
data/processed/train/genuine/original_5_14.png,data/processed/train/forged/forgeries_5_5.png,0,skilled_forgery,5,5
data/processed/train/genuine/original_34_21.png,data/processed/train/genuine/original_34_22.png,1,genuine_genuine,34,34
data/processed/train/genuine/original_1_16.png,data/processed/train/genuine/original_1_17.png,1,genuine_genuine,1,1
data/processed/validation/genuine/original_41_11.png,data/processed/validation/genuine/original_41_4.png,1,genuine_genuine,41,41
data/processed/validation/genuine/original_39_14.png,data/processed/validation/genuine/original_39_22.png,1,genuine_genuine,39,39
data/processed/validation/genuine/original_36_13.png,data/processed/validation/forged/forgeries_36_24.png,0,skilled_forgery,36,36
data/processed/train/genuine/original_13_17.png,data/processed/train/genuine/original_13_20.png,1,genuine_genuine,13,13
data/processed/train/genuine/original_34_18.png,data/processed/train/forged/forgeries_34_1.png,0,skilled_forgery,34,34
data/processed/train/genuine/original_29_19.png,data/processed/validation/genuine/original_39_24.png,0,random_forgery,29,39
data/processed/train/genuine/original_7_15.png,data/processed/train/genuine/original_7_7.png,1,genuine_genuine,7,7
data/processed/train/genuine/original_29_11.png,data/processed/train/genuine/original_29_21.png,1,genuine_genuine,29,29
data/processed/validation/genuine/original_39_2.png,data/processed/validation/forged/forgeries_39_9.png,0,skilled_forgery,39,39
data/processed/train/genuine/original_14_6.png,data/processed/train/forged/forgeries_14_10.png,0,skilled_forgery,14,14
data/processed/train/genuine/original_10_13.png,data/processed/train/genuine/original_10_5.png,1,genuine_genuine,10,10
data/processed/train/genuine/original_30_18.png,data/processed/train/genuine/original_13_23.png,0,random_forgery,30,13
data/processed/validation/genuine/original_44_21.png,data/processed/validation/genuine/original_44_4.png,1,genuine_genuine,44,44
data/processed/train/genuine/original_8_16.png,data/processed/train/genuine/original_8_18.png,1,genuine_genuine,8,8
data/processed/train/genuine/original_5_15.png,data/processed/train/genuine/original_5_24.png,1,genuine_genuine,5,5
data/processed/train/genuine/original_17_12.png,data/processed/train/genuine/original_2_4.png,0,random_forgery,17,2
data/processed/validation/genuine/original_36_18.png,data/processed/validation/forged/forgeries_36_1.png,0,skilled_forgery,36,36
data/processed/validation/genuine/original_44_18.png,data/processed/validation/genuine/original_44_8.png,1,genuine_genuine,44,44
data/processed/train/genuine/original_3_16.png,data/processed/train/forged/forgeries_3_15.png,0,skilled_forgery,3,3
data/processed/validation/genuine/original_39_22.png,data/processed/validation/genuine/original_39_5.png,1,genuine_genuine,39,39
data/processed/train/genuine/original_5_24.png,data/processed/train/genuine/original_5_3.png,1,genuine_genuine,5,5
data/processed/train/genuine/original_10_23.png,data/processed/train/genuine/original_10_4.png,1,genuine_genuine,10,10
data/processed/validation/genuine/original_44_11.png,data/processed/validation/genuine/original_44_14.png,1,genuine_genuine,44,44
data/processed/train/genuine/original_12_18.png,data/processed/train/genuine/original_12_4.png,1,genuine_genuine,12,12
data/processed/train/genuine/original_15_6.png,data/processed/train/genuine/original_1_13.png,0,random_forgery,15,1
data/processed/validation/genuine/original_42_4.png,data/processed/validation/genuine/original_42_9.png,1,genuine_genuine,42,42
data/processed/train/genuine/original_35_21.png,data/processed/train/forged/forgeries_35_11.png,0,skilled_forgery,35,35
data/processed/train/genuine/original_8_13.png,data/processed/train/genuine/original_8_22.png,1,genuine_genuine,8,8
data/processed/train/genuine/original_33_19.png,data/processed/validation/genuine/original_37_13.png,0,random_forgery,33,37
data/processed/validation/genuine/original_40_13.png,data/processed/validation/forged/forgeries_40_4.png,0,skilled_forgery,40,40
data/processed/validation/genuine/original_40_11.png,data/processed/validation/genuine/original_40_15.png,1,genuine_genuine,40,40
data/processed/train/genuine/original_12_7.png,data/processed/train/genuine/original_2_21.png,0,random_forgery,12,2
data/processed/train/genuine/original_14_11.png,data/processed/train/genuine/original_14_24.png,1,genuine_genuine,14,14
data/processed/train/genuine/original_34_7.png,data/processed/train/genuine/original_32_7.png,0,random_forgery,34,32
data/processed/train/genuine/original_13_1.png,data/processed/train/forged/forgeries_13_8.png,0,skilled_forgery,13,13
data/processed/validation/genuine/original_44_6.png,data/processed/validation/genuine/original_44_8.png,1,genuine_genuine,44,44
data/processed/validation/genuine/original_41_15.png,data/processed/validation/genuine/original_41_24.png,1,genuine_genuine,41,41
data/processed/validation/genuine/original_43_12.png,data/processed/validation/genuine/original_43_15.png,1,genuine_genuine,43,43
data/processed/train/genuine/original_30_10.png,data/processed/train/genuine/original_30_24.png,1,genuine_genuine,30,30
data/processed/train/genuine/original_14_22.png,data/processed/train/forged/forgeries_14_22.png,0,skilled_forgery,14,14
data/processed/train/genuine/original_9_23.png,data/processed/train/genuine/original_9_4.png,1,genuine_genuine,9,9
data/processed/train/genuine/original_12_15.png,data/processed/train/forged/forgeries_12_2.png,0,skilled_forgery,12,12
data/processed/train/genuine/original_2_21.png,data/processed/train/genuine/original_2_3.png,1,genuine_genuine,2,2
data/processed/validation/genuine/original_44_13.png,data/processed/validation/genuine/original_44_8.png,1,genuine_genuine,44,44
data/processed/train/genuine/original_13_17.png,data/processed/train/genuine/original_13_3.png,1,genuine_genuine,13,13
data/processed/train/genuine/original_33_23.png,data/processed/train/forged/forgeries_33_12.png,0,skilled_forgery,33,33
data/processed/train/genuine/original_10_13.png,data/processed/train/forged/forgeries_10_1.png,0,skilled_forgery,10,10
data/processed/train/genuine/original_34_14.png,data/processed/validation/genuine/original_44_24.png,0,random_forgery,34,44
data/processed/validation/genuine/original_37_19.png,data/processed/validation/forged/forgeries_37_22.png,0,skilled_forgery,37,37
data/processed/train/genuine/original_8_24.png,data/processed/train/forged/forgeries_8_23.png,0,skilled_forgery,8,8
data/processed/train/genuine/original_31_24.png,data/processed/train/genuine/original_15_9.png,0,random_forgery,31,15
data/processed/train/genuine/original_33_24.png,data/processed/train/genuine/original_33_4.png,1,genuine_genuine,33,33
data/processed/train/genuine/original_5_24.png,data/processed/train/genuine/original_5_6.png,1,genuine_genuine,5,5
data/processed/validation/genuine/original_44_16.png,data/processed/validation/genuine/original_44_21.png,1,genuine_genuine,44,44
data/processed/train/genuine/original_31_12.png,data/processed/train/genuine/original_31_17.png,1,genuine_genuine,31,31
data/processed/validation/genuine/original_41_20.png,data/processed/validation/forged/forgeries_41_10.png,0,skilled_forgery,41,41
data/processed/train/genuine/original_2_20.png,data/processed/train/genuine/original_2_22.png,1,genuine_genuine,2,2
data/processed/train/genuine/original_29_11.png,data/processed/train/genuine/original_10_6.png,0,random_forgery,29,10
data/processed/train/genuine/original_30_16.png,data/processed/train/genuine/original_30_7.png,1,genuine_genuine,30,30
data/processed/train/genuine/original_30_16.png,data/processed/train/genuine/original_30_21.png,1,genuine_genuine,30,30
data/processed/train/genuine/original_14_12.png,data/processed/train/genuine/original_14_7.png,1,genuine_genuine,14,14
data/processed/validation/genuine/original_41_15.png,data/processed/validation/forged/forgeries_41_20.png,0,skilled_forgery,41,41
data/processed/train/genuine/original_4_13.png,data/processed/train/genuine/original_4_3.png,1,genuine_genuine,4,4
data/processed/train/genuine/original_13_12.png,data/processed/train/genuine/original_29_2.png,0,random_forgery,13,29
data/processed/validation/genuine/original_41_2.png,data/processed/validation/genuine/original_41_21.png,1,genuine_genuine,41,41
data/processed/validation/genuine/original_38_10.png,data/processed/validation/forged/forgeries_38_20.png,0,skilled_forgery,38,38
data/processed/train/genuine/original_6_18.png,data/processed/train/forged/forgeries_6_21.png,0,skilled_forgery,6,6
data/processed/train/genuine/original_7_17.png,data/processed/train/genuine/original_6_3.png,0,random_forgery,7,6
data/processed/validation/genuine/original_40_3.png,data/processed/validation/genuine/original_40_6.png,1,genuine_genuine,40,40
data/processed/train/genuine/original_8_4.png,data/processed/train/forged/forgeries_8_13.png,0,skilled_forgery,8,8
data/processed/train/genuine/original_17_3.png,data/processed/train/genuine/original_17_5.png,1,genuine_genuine,17,17
data/processed/validation/genuine/original_38_21.png,data/processed/validation/forged/forgeries_38_14.png,0,skilled_forgery,38,38
data/processed/train/genuine/original_14_14.png,data/processed/train/genuine/original_14_7.png,1,genuine_genuine,14,14
data/processed/train/genuine/original_3_7.png,data/processed/validation/genuine/original_36_21.png,0,random_forgery,3,36
data/processed/train/genuine/original_33_1.png,data/processed/train/forged/forgeries_33_20.png,0,skilled_forgery,33,33
data/processed/validation/genuine/original_44_20.png,data/processed/train/genuine/original_32_15.png,0,random_forgery,44,32
data/processed/train/genuine/original_15_23.png,data/processed/train/forged/forgeries_15_15.png,0,skilled_forgery,15,15
data/processed/train/genuine/original_33_10.png,data/processed/train/forged/forgeries_33_9.png,0,skilled_forgery,33,33
data/processed/train/genuine/original_12_11.png,data/processed/train/genuine/original_12_13.png,1,genuine_genuine,12,12
data/processed/train/genuine/original_28_9.png,data/processed/train/genuine/original_1_23.png,0,random_forgery,28,1
data/processed/train/genuine/original_1_11.png,data/processed/train/genuine/original_1_14.png,1,genuine_genuine,1,1
data/processed/train/genuine/original_15_10.png,data/processed/train/forged/forgeries_15_15.png,0,skilled_forgery,15,15
data/processed/train/genuine/original_16_17.png,data/processed/train/genuine/original_2_19.png,0,random_forgery,16,2
data/processed/train/genuine/original_6_18.png,data/processed/train/genuine/original_6_5.png,1,genuine_genuine,6,6
data/processed/train/genuine/original_34_17.png,data/processed/train/forged/forgeries_34_22.png,0,skilled_forgery,34,34
data/processed/validation/genuine/original_43_14.png,data/processed/validation/forged/forgeries_43_16.png,0,skilled_forgery,43,43
data/processed/train/genuine/original_31_14.png,data/processed/train/forged/forgeries_31_7.png,0,skilled_forgery,31,31
data/processed/train/genuine/original_29_19.png,data/processed/train/genuine/original_29_7.png,1,genuine_genuine,29,29
data/processed/train/genuine/original_34_4.png,data/processed/train/genuine/original_30_9.png,0,random_forgery,34,30
data/processed/validation/genuine/original_40_19.png,data/processed/validation/genuine/original_40_21.png,1,genuine_genuine,40,40
data/processed/train/genuine/original_7_24.png,data/processed/train/genuine/original_7_4.png,1,genuine_genuine,7,7
data/processed/train/genuine/original_28_23.png,data/processed/train/forged/forgeries_28_14.png,0,skilled_forgery,28,28
data/processed/validation/genuine/original_41_7.png,data/processed/validation/forged/forgeries_41_10.png,0,skilled_forgery,41,41
data/processed/train/genuine/original_7_4.png,data/processed/train/forged/forgeries_7_23.png,0,skilled_forgery,7,7
data/processed/train/genuine/original_31_22.png,data/processed/train/genuine/original_31_5.png,1,genuine_genuine,31,31
data/processed/validation/genuine/original_37_22.png,data/processed/validation/forged/forgeries_37_23.png,0,skilled_forgery,37,37
data/processed/train/genuine/original_8_16.png,data/processed/train/genuine/original_8_17.png,1,genuine_genuine,8,8
data/processed/train/genuine/original_31_6.png,data/processed/train/forged/forgeries_31_18.png,0,skilled_forgery,31,31
data/processed/validation/genuine/original_36_1.png,data/processed/validation/forged/forgeries_36_4.png,0,skilled_forgery,36,36
data/processed/train/genuine/original_28_15.png,data/processed/train/genuine/original_28_23.png,1,genuine_genuine,28,28
data/processed/validation/genuine/original_41_21.png,data/processed/validation/genuine/original_41_6.png,1,genuine_genuine,41,41
data/processed/validation/genuine/original_38_6.png,data/processed/validation/forged/forgeries_38_15.png,0,skilled_forgery,38,38
data/processed/train/genuine/original_2_6.png,data/processed/train/forged/forgeries_2_8.png,0,skilled_forgery,2,2
data/processed/validation/genuine/original_39_21.png,data/processed/train/genuine/original_18_1.png,0,random_forgery,39,18
data/processed/train/genuine/original_28_1.png,data/processed/train/genuine/original_28_8.png,1,genuine_genuine,28,28
data/processed/train/genuine/original_6_12.png,data/processed/train/genuine/original_6_7.png,1,genuine_genuine,6,6
data/processed/validation/genuine/original_45_13.png,data/processed/validation/genuine/original_45_22.png,1,genuine_genuine,45,45
data/processed/train/genuine/original_12_10.png,data/processed/train/genuine/original_12_15.png,1,genuine_genuine,12,12
data/processed/train/genuine/original_30_3.png,data/processed/train/forged/forgeries_30_20.png,0,skilled_forgery,30,30
data/processed/train/genuine/original_18_10.png,data/processed/train/genuine/original_18_9.png,1,genuine_genuine,18,18
data/processed/train/genuine/original_33_18.png,data/processed/train/forged/forgeries_33_1.png,0,skilled_forgery,33,33
data/processed/train/genuine/original_15_19.png,data/processed/train/genuine/original_32_17.png,0,random_forgery,15,32
data/processed/train/genuine/original_35_10.png,data/processed/train/genuine/original_35_22.png,1,genuine_genuine,35,35
data/processed/train/genuine/original_11_17.png,data/processed/train/genuine/original_11_18.png,1,genuine_genuine,11,11
data/processed/validation/genuine/original_42_13.png,data/processed/validation/genuine/original_42_8.png,1,genuine_genuine,42,42
data/processed/validation/genuine/original_43_18.png,data/processed/validation/forged/forgeries_43_2.png,0,skilled_forgery,43,43
data/processed/train/genuine/original_31_15.png,data/processed/train/genuine/original_3_3.png,0,random_forgery,31,3
data/processed/validation/genuine/original_38_15.png,data/processed/validation/forged/forgeries_38_7.png,0,skilled_forgery,38,38
data/processed/train/genuine/original_6_18.png,data/processed/train/forged/forgeries_6_16.png,0,skilled_forgery,6,6
data/processed/train/genuine/original_10_18.png,data/processed/train/genuine/original_10_9.png,1,genuine_genuine,10,10
data/processed/train/genuine/original_16_15.png,data/processed/train/genuine/original_16_24.png,1,genuine_genuine,16,16
data/processed/validation/genuine/original_43_20.png,data/processed/validation/forged/forgeries_43_20.png,0,skilled_forgery,43,43
data/processed/validation/genuine/original_44_10.png,data/processed/train/genuine/original_18_3.png,0,random_forgery,44,18
data/processed/train/genuine/original_34_4.png,data/processed/train/forged/forgeries_34_17.png,0,skilled_forgery,34,34
data/processed/train/genuine/original_35_6.png,data/processed/train/forged/forgeries_35_23.png,0,skilled_forgery,35,35
data/processed/validation/genuine/original_38_11.png,data/processed/validation/genuine/original_38_20.png,1,genuine_genuine,38,38
data/processed/validation/genuine/original_43_5.png,data/processed/validation/genuine/original_39_12.png,0,random_forgery,43,39
data/processed/train/genuine/original_11_11.png,data/processed/train/genuine/original_11_3.png,1,genuine_genuine,11,11
data/processed/train/genuine/original_32_15.png,data/processed/train/genuine/original_32_23.png,1,genuine_genuine,32,32
data/processed/train/genuine/original_13_10.png,data/processed/train/genuine/original_13_5.png,1,genuine_genuine,13,13
data/processed/train/genuine/original_4_3.png,data/processed/train/genuine/original_18_6.png,0,random_forgery,4,18
data/processed/train/genuine/original_31_3.png,data/processed/train/genuine/original_31_7.png,1,genuine_genuine,31,31
data/processed/validation/genuine/original_42_18.png,data/processed/validation/genuine/original_42_9.png,1,genuine_genuine,42,42
data/processed/validation/genuine/original_41_15.png,data/processed/validation/genuine/original_41_17.png,1,genuine_genuine,41,41
data/processed/validation/genuine/original_45_13.png,data/processed/validation/genuine/original_45_14.png,1,genuine_genuine,45,45
data/processed/validation/genuine/original_42_23.png,data/processed/validation/genuine/original_42_9.png,1,genuine_genuine,42,42
data/processed/train/genuine/original_8_1.png,data/processed/train/genuine/original_8_4.png,1,genuine_genuine,8,8
data/processed/validation/genuine/original_38_24.png,data/processed/validation/genuine/original_38_8.png,1,genuine_genuine,38,38
data/processed/validation/genuine/original_42_19.png,data/processed/train/genuine/original_30_15.png,0,random_forgery,42,30
data/processed/validation/genuine/original_39_15.png,data/processed/validation/genuine/original_39_7.png,1,genuine_genuine,39,39
data/processed/validation/genuine/original_39_12.png,data/processed/validation/genuine/original_39_15.png,1,genuine_genuine,39,39
data/processed/validation/genuine/original_41_20.png,data/processed/validation/forged/forgeries_41_11.png,0,skilled_forgery,41,41
data/processed/train/genuine/original_13_18.png,data/processed/train/genuine/original_13_2.png,1,genuine_genuine,13,13
data/processed/train/genuine/original_17_21.png,data/processed/train/genuine/original_17_22.png,1,genuine_genuine,17,17
data/processed/train/genuine/original_2_20.png,data/processed/train/forged/forgeries_2_20.png,0,skilled_forgery,2,2
data/processed/validation/genuine/original_43_14.png,data/processed/validation/genuine/original_38_2.png,0,random_forgery,43,38
data/processed/train/genuine/original_31_18.png,data/processed/train/genuine/original_31_21.png,1,genuine_genuine,31,31
data/processed/validation/genuine/original_39_23.png,data/processed/validation/forged/forgeries_39_8.png,0,skilled_forgery,39,39
data/processed/validation/genuine/original_37_17.png,data/processed/validation/genuine/original_37_6.png,1,genuine_genuine,37,37
data/processed/train/genuine/original_11_11.png,data/processed/train/genuine/original_11_17.png,1,genuine_genuine,11,11
data/processed/validation/genuine/original_37_1.png,data/processed/validation/forged/forgeries_37_12.png,0,skilled_forgery,37,37
data/processed/validation/genuine/original_38_23.png,data/processed/validation/forged/forgeries_38_23.png,0,skilled_forgery,38,38
data/processed/train/genuine/original_11_6.png,data/processed/train/genuine/original_11_8.png,1,genuine_genuine,11,11
data/processed/train/genuine/original_14_18.png,data/processed/train/forged/forgeries_14_18.png,0,skilled_forgery,14,14
data/processed/validation/genuine/original_42_2.png,data/processed/validation/forged/forgeries_42_22.png,0,skilled_forgery,42,42
data/processed/train/genuine/original_31_22.png,data/processed/train/forged/forgeries_31_14.png,0,skilled_forgery,31,31
data/processed/train/genuine/original_1_14.png,data/processed/train/forged/forgeries_1_18.png,0,skilled_forgery,1,1
data/processed/validation/genuine/original_43_19.png,data/processed/validation/genuine/original_43_6.png,1,genuine_genuine,43,43
data/processed/train/genuine/original_29_16.png,data/processed/train/genuine/original_29_17.png,1,genuine_genuine,29,29
data/processed/train/genuine/original_1_3.png,data/processed/validation/genuine/original_41_2.png,0,random_forgery,1,41
data/processed/train/genuine/original_8_1.png,data/processed/validation/genuine/original_39_23.png,0,random_forgery,8,39
data/processed/validation/genuine/original_44_23.png,data/processed/validation/genuine/original_44_9.png,1,genuine_genuine,44,44
data/processed/validation/genuine/original_43_13.png,data/processed/validation/forged/forgeries_43_19.png,0,skilled_forgery,43,43
data/processed/validation/genuine/original_40_15.png,data/processed/validation/genuine/original_40_23.png,1,genuine_genuine,40,40
data/processed/train/genuine/original_32_2.png,data/processed/train/forged/forgeries_32_15.png,0,skilled_forgery,32,32
data/processed/train/genuine/original_31_12.png,data/processed/train/genuine/original_31_22.png,1,genuine_genuine,31,31
data/processed/train/genuine/original_6_1.png,data/processed/train/forged/forgeries_6_9.png,0,skilled_forgery,6,6
data/processed/train/genuine/original_31_12.png,data/processed/train/genuine/original_31_7.png,1,genuine_genuine,31,31
data/processed/validation/genuine/original_44_24.png,data/processed/validation/genuine/original_44_9.png,1,genuine_genuine,44,44
data/processed/validation/genuine/original_42_22.png,data/processed/validation/genuine/original_42_3.png,1,genuine_genuine,42,42
data/processed/train/genuine/original_12_10.png,data/processed/train/genuine/original_17_16.png,0,random_forgery,12,17
data/processed/validation/genuine/original_41_19.png,data/processed/validation/genuine/original_41_8.png,1,genuine_genuine,41,41
data/processed/train/genuine/original_2_13.png,data/processed/train/genuine/original_28_4.png,0,random_forgery,2,28
data/processed/validation/genuine/original_39_18.png,data/processed/train/genuine/original_5_3.png,0,random_forgery,39,5
data/processed/validation/genuine/original_37_2.png,data/processed/validation/genuine/original_37_8.png,1,genuine_genuine,37,37
data/processed/validation/genuine/original_44_21.png,data/processed/validation/genuine/original_44_24.png,1,genuine_genuine,44,44
data/processed/train/genuine/original_3_18.png,data/processed/train/forged/forgeries_3_24.png,0,skilled_forgery,3,3
data/processed/validation/genuine/original_41_6.png,data/processed/train/genuine/original_6_10.png,0,random_forgery,41,6
data/processed/train/genuine/original_10_19.png,data/processed/train/genuine/original_10_20.png,1,genuine_genuine,10,10
data/processed/train/genuine/original_9_19.png,data/processed/train/genuine/original_9_6.png,1,genuine_genuine,9,9
data/processed/train/genuine/original_13_23.png,data/processed/train/forged/forgeries_13_2.png,0,skilled_forgery,13,13
data/processed/train/genuine/original_10_10.png,data/processed/train/genuine/original_10_4.png,1,genuine_genuine,10,10
data/processed/validation/genuine/original_36_22.png,data/processed/validation/genuine/original_36_9.png,1,genuine_genuine,36,36
data/processed/train/genuine/original_18_11.png,data/processed/train/genuine/original_18_2.png,1,genuine_genuine,18,18
data/processed/train/genuine/original_33_9.png,data/processed/train/genuine/original_2_22.png,0,random_forgery,33,2
data/processed/train/genuine/original_31_15.png,data/processed/validation/genuine/original_38_13.png,0,random_forgery,31,38
data/processed/train/genuine/original_1_12.png,data/processed/train/forged/forgeries_1_19.png,0,skilled_forgery,1,1
data/processed/train/genuine/original_4_21.png,data/processed/train/genuine/original_4_5.png,1,genuine_genuine,4,4
data/processed/train/genuine/original_29_22.png,data/processed/train/forged/forgeries_29_21.png,0,skilled_forgery,29,29
data/processed/train/genuine/original_7_11.png,data/processed/train/forged/forgeries_7_23.png,0,skilled_forgery,7,7
data/processed/train/genuine/original_9_19.png,data/processed/train/genuine/original_9_22.png,1,genuine_genuine,9,9
data/processed/train/genuine/original_33_14.png,data/processed/train/forged/forgeries_33_1.png,0,skilled_forgery,33,33
data/processed/train/genuine/original_32_18.png,data/processed/validation/genuine/original_40_21.png,0,random_forgery,32,40
data/processed/train/genuine/original_33_17.png,data/processed/train/forged/forgeries_33_16.png,0,skilled_forgery,33,33
data/processed/train/genuine/original_35_20.png,data/processed/train/genuine/original_35_5.png,1,genuine_genuine,35,35
data/processed/train/genuine/original_16_4.png,data/processed/validation/genuine/original_38_9.png,0,random_forgery,16,38
data/processed/train/genuine/original_17_22.png,data/processed/train/genuine/original_17_8.png,1,genuine_genuine,17,17
data/processed/train/genuine/original_13_2.png,data/processed/train/forged/forgeries_13_16.png,0,skilled_forgery,13,13
data/processed/train/genuine/original_16_12.png,data/processed/validation/genuine/original_37_16.png,0,random_forgery,16,37
data/processed/train/genuine/original_30_10.png,data/processed/train/forged/forgeries_30_11.png,0,skilled_forgery,30,30
data/processed/validation/genuine/original_37_20.png,data/processed/validation/genuine/original_37_9.png,1,genuine_genuine,37,37
data/processed/validation/genuine/original_36_3.png,data/processed/train/genuine/original_15_15.png,0,random_forgery,36,15
data/processed/train/genuine/original_3_4.png,data/processed/train/forged/forgeries_3_13.png,0,skilled_forgery,3,3
data/processed/train/genuine/original_13_10.png,data/processed/train/genuine/original_13_24.png,1,genuine_genuine,13,13
data/processed/train/genuine/original_14_19.png,data/processed/train/genuine/original_33_23.png,0,random_forgery,14,33
data/processed/validation/genuine/original_45_7.png,data/processed/validation/forged/forgeries_45_5.png,0,skilled_forgery,45,45
data/processed/train/genuine/original_9_11.png,data/processed/train/forged/forgeries_9_18.png,0,skilled_forgery,9,9
data/processed/train/genuine/original_15_10.png,data/processed/train/genuine/original_5_5.png,0,random_forgery,15,5
data/processed/train/genuine/original_18_6.png,data/processed/train/genuine/original_18_9.png,1,genuine_genuine,18,18
data/processed/train/genuine/original_29_13.png,data/processed/train/genuine/original_29_19.png,1,genuine_genuine,29,29
data/processed/validation/genuine/original_40_22.png,data/processed/validation/forged/forgeries_40_2.png,0,skilled_forgery,40,40
data/processed/train/genuine/original_5_18.png,data/processed/train/genuine/original_5_22.png,1,genuine_genuine,5,5
data/processed/train/genuine/original_9_2.png,data/processed/train/forged/forgeries_9_14.png,0,skilled_forgery,9,9
data/processed/train/genuine/original_33_20.png,data/processed/train/genuine/original_33_21.png,1,genuine_genuine,33,33
data/processed/train/genuine/original_28_21.png,data/processed/train/genuine/original_28_3.png,1,genuine_genuine,28,28
data/processed/validation/genuine/original_36_15.png,data/processed/train/genuine/original_16_4.png,0,random_forgery,36,16
data/processed/train/genuine/original_30_14.png,data/processed/train/forged/forgeries_30_5.png,0,skilled_forgery,30,30
data/processed/train/genuine/original_28_20.png,data/processed/train/genuine/original_7_14.png,0,random_forgery,28,7
data/processed/train/genuine/original_9_17.png,data/processed/train/genuine/original_9_20.png,1,genuine_genuine,9,9
data/processed/train/genuine/original_18_19.png,data/processed/train/genuine/original_18_6.png,1,genuine_genuine,18,18
data/processed/validation/genuine/original_42_13.png,data/processed/validation/genuine/original_42_6.png,1,genuine_genuine,42,42
data/processed/validation/genuine/original_37_11.png,data/processed/validation/genuine/original_37_23.png,1,genuine_genuine,37,37
data/processed/validation/genuine/original_41_3.png,data/processed/validation/forged/forgeries_41_13.png,0,skilled_forgery,41,41
data/processed/train/genuine/original_16_11.png,data/processed/train/genuine/original_16_9.png,1,genuine_genuine,16,16
data/processed/validation/genuine/original_45_14.png,data/processed/validation/genuine/original_45_6.png,1,genuine_genuine,45,45
data/processed/train/genuine/original_32_9.png,data/processed/train/forged/forgeries_32_12.png,0,skilled_forgery,32,32
data/processed/train/genuine/original_29_16.png,data/processed/train/forged/forgeries_29_1.png,0,skilled_forgery,29,29
data/processed/train/genuine/original_29_15.png,data/processed/train/genuine/original_29_16.png,1,genuine_genuine,29,29
data/processed/validation/genuine/original_45_17.png,data/processed/validation/forged/forgeries_45_10.png,0,skilled_forgery,45,45
data/processed/validation/genuine/original_43_16.png,data/processed/validation/genuine/original_43_9.png,1,genuine_genuine,43,43
data/processed/validation/genuine/original_39_16.png,data/processed/validation/genuine/original_39_6.png,1,genuine_genuine,39,39
data/processed/train/genuine/original_31_22.png,data/processed/train/genuine/original_31_23.png,1,genuine_genuine,31,31
data/processed/train/genuine/original_35_3.png,data/processed/train/forged/forgeries_35_15.png,0,skilled_forgery,35,35
data/processed/train/genuine/original_7_14.png,data/processed/train/genuine/original_7_15.png,1,genuine_genuine,7,7
data/processed/validation/genuine/original_39_1.png,data/processed/validation/genuine/original_39_5.png,1,genuine_genuine,39,39
data/processed/train/genuine/original_31_12.png,data/processed/train/genuine/original_31_19.png,1,genuine_genuine,31,31
data/processed/validation/genuine/original_38_18.png,data/processed/validation/genuine/original_38_5.png,1,genuine_genuine,38,38
data/processed/validation/genuine/original_40_1.png,data/processed/validation/genuine/original_40_23.png,1,genuine_genuine,40,40
data/processed/train/genuine/original_12_15.png,data/processed/train/forged/forgeries_12_24.png,0,skilled_forgery,12,12
data/processed/validation/genuine/original_45_10.png,data/processed/validation/genuine/original_45_18.png,1,genuine_genuine,45,45
data/processed/train/genuine/original_33_5.png,data/processed/train/forged/forgeries_33_9.png,0,skilled_forgery,33,33
data/processed/validation/genuine/original_40_16.png,data/processed/validation/forged/forgeries_40_2.png,0,skilled_forgery,40,40
data/processed/train/genuine/original_35_19.png,data/processed/train/genuine/original_4_5.png,0,random_forgery,35,4
data/processed/train/genuine/original_18_22.png,data/processed/train/genuine/original_18_3.png,1,genuine_genuine,18,18
data/processed/train/genuine/original_6_12.png,data/processed/train/genuine/original_6_13.png,1,genuine_genuine,6,6
data/processed/validation/genuine/original_41_1.png,data/processed/validation/forged/forgeries_41_6.png,0,skilled_forgery,41,41
data/processed/train/genuine/original_30_13.png,data/processed/train/genuine/original_30_2.png,1,genuine_genuine,30,30
data/processed/train/genuine/original_13_12.png,data/processed/train/genuine/original_13_14.png,1,genuine_genuine,13,13
data/processed/train/genuine/original_5_2.png,data/processed/train/genuine/original_5_3.png,1,genuine_genuine,5,5
data/processed/train/genuine/original_17_15.png,data/processed/train/genuine/original_17_6.png,1,genuine_genuine,17,17
data/processed/train/genuine/original_15_23.png,data/processed/train/genuine/original_35_5.png,0,random_forgery,15,35
data/processed/train/genuine/original_32_20.png,data/processed/train/genuine/original_32_8.png,1,genuine_genuine,32,32
data/processed/train/genuine/original_12_18.png,data/processed/train/genuine/original_2_22.png,0,random_forgery,12,2
data/processed/validation/genuine/original_45_16.png,data/processed/validation/genuine/original_45_8.png,1,genuine_genuine,45,45
data/processed/validation/genuine/original_43_17.png,data/processed/validation/genuine/original_43_9.png,1,genuine_genuine,43,43
data/processed/validation/genuine/original_42_21.png,data/processed/train/genuine/original_4_19.png,0,random_forgery,42,4
data/processed/train/genuine/original_30_17.png,data/processed/train/forged/forgeries_30_10.png,0,skilled_forgery,30,30
data/processed/train/genuine/original_28_17.png,data/processed/train/genuine/original_14_20.png,0,random_forgery,28,14
data/processed/validation/genuine/original_38_21.png,data/processed/validation/genuine/original_38_8.png,1,genuine_genuine,38,38
data/processed/validation/genuine/original_41_20.png,data/processed/train/genuine/original_13_10.png,0,random_forgery,41,13
data/processed/train/genuine/original_7_18.png,data/processed/train/genuine/original_7_22.png,1,genuine_genuine,7,7
data/processed/train/genuine/original_18_15.png,data/processed/train/genuine/original_18_17.png,1,genuine_genuine,18,18
data/processed/train/genuine/original_6_14.png,data/processed/train/genuine/original_6_16.png,1,genuine_genuine,6,6
data/processed/train/genuine/original_7_11.png,data/processed/train/genuine/original_7_19.png,1,genuine_genuine,7,7
data/processed/train/genuine/original_15_9.png,data/processed/train/genuine/original_13_9.png,0,random_forgery,15,13
data/processed/train/genuine/original_12_15.png,data/processed/train/genuine/original_12_4.png,1,genuine_genuine,12,12
data/processed/validation/genuine/original_43_9.png,data/processed/validation/genuine/original_36_2.png,0,random_forgery,43,36
data/processed/validation/genuine/original_43_3.png,data/processed/validation/genuine/original_44_22.png,0,random_forgery,43,44
data/processed/train/genuine/original_31_4.png,data/processed/train/genuine/original_5_6.png,0,random_forgery,31,5
data/processed/train/genuine/original_31_7.png,data/processed/train/forged/forgeries_31_15.png,0,skilled_forgery,31,31
data/processed/train/genuine/original_2_15.png,data/processed/train/genuine/original_2_18.png,1,genuine_genuine,2,2
data/processed/validation/genuine/original_42_24.png,data/processed/validation/forged/forgeries_42_15.png,0,skilled_forgery,42,42
data/processed/train/genuine/original_28_13.png,data/processed/train/genuine/original_28_4.png,1,genuine_genuine,28,28
data/processed/validation/genuine/original_44_20.png,data/processed/validation/genuine/original_44_6.png,1,genuine_genuine,44,44
data/processed/train/genuine/original_35_1.png,data/processed/train/genuine/original_35_4.png,1,genuine_genuine,35,35
data/processed/train/genuine/original_15_1.png,data/processed/train/genuine/original_15_10.png,1,genuine_genuine,15,15
data/processed/train/genuine/original_4_14.png,data/processed/train/genuine/original_4_24.png,1,genuine_genuine,4,4
data/processed/validation/genuine/original_40_17.png,data/processed/validation/genuine/original_40_6.png,1,genuine_genuine,40,40
data/processed/train/genuine/original_3_1.png,data/processed/train/genuine/original_3_2.png,1,genuine_genuine,3,3
data/processed/train/genuine/original_1_8.png,data/processed/train/genuine/original_6_19.png,0,random_forgery,1,6
data/processed/train/genuine/original_14_3.png,data/processed/train/genuine/original_14_6.png,1,genuine_genuine,14,14
data/processed/train/genuine/original_11_10.png,data/processed/train/genuine/original_11_8.png,1,genuine_genuine,11,11
data/processed/train/genuine/original_29_12.png,data/processed/train/genuine/original_29_7.png,1,genuine_genuine,29,29
data/processed/train/genuine/original_10_4.png,data/processed/train/forged/forgeries_10_4.png,0,skilled_forgery,10,10
data/processed/train/genuine/original_6_21.png,data/processed/train/forged/forgeries_6_23.png,0,skilled_forgery,6,6
data/processed/train/genuine/original_35_5.png,data/processed/train/genuine/original_35_6.png,1,genuine_genuine,35,35
data/processed/train/genuine/original_32_13.png,data/processed/train/genuine/original_32_16.png,1,genuine_genuine,32,32
data/processed/validation/genuine/original_44_5.png,data/processed/validation/forged/forgeries_44_19.png,0,skilled_forgery,44,44
data/processed/validation/genuine/original_42_9.png,data/processed/validation/forged/forgeries_42_3.png,0,skilled_forgery,42,42
data/processed/train/genuine/original_18_15.png,data/processed/train/genuine/original_13_8.png,0,random_forgery,18,13
data/processed/train/genuine/original_10_24.png,data/processed/train/forged/forgeries_10_15.png,0,skilled_forgery,10,10
data/processed/train/genuine/original_31_2.png,data/processed/train/forged/forgeries_31_6.png,0,skilled_forgery,31,31
data/processed/validation/genuine/original_45_11.png,data/processed/validation/genuine/original_45_8.png,1,genuine_genuine,45,45
data/processed/train/genuine/original_13_11.png,data/processed/train/genuine/original_13_4.png,1,genuine_genuine,13,13
data/processed/train/genuine/original_3_18.png,data/processed/train/forged/forgeries_3_16.png,0,skilled_forgery,3,3
data/processed/train/genuine/original_9_10.png,data/processed/train/genuine/original_9_18.png,1,genuine_genuine,9,9
data/processed/train/genuine/original_31_17.png,data/processed/train/forged/forgeries_31_12.png,0,skilled_forgery,31,31
data/processed/train/genuine/original_31_15.png,data/processed/train/genuine/original_31_7.png,1,genuine_genuine,31,31
data/processed/train/genuine/original_29_21.png,data/processed/train/genuine/original_29_8.png,1,genuine_genuine,29,29
data/processed/train/genuine/original_2_11.png,data/processed/train/genuine/original_2_23.png,1,genuine_genuine,2,2
data/processed/train/genuine/original_34_13.png,data/processed/train/genuine/original_18_7.png,0,random_forgery,34,18
data/processed/validation/genuine/original_41_15.png,data/processed/validation/genuine/original_41_6.png,1,genuine_genuine,41,41
data/processed/validation/genuine/original_40_11.png,data/processed/validation/forged/forgeries_40_9.png,0,skilled_forgery,40,40
data/processed/train/genuine/original_15_10.png,data/processed/train/genuine/original_15_21.png,1,genuine_genuine,15,15
data/processed/train/genuine/original_33_18.png,data/processed/train/genuine/original_33_5.png,1,genuine_genuine,33,33
data/processed/train/genuine/original_31_1.png,data/processed/train/genuine/original_31_12.png,1,genuine_genuine,31,31
data/processed/validation/genuine/original_41_7.png,data/processed/train/genuine/original_32_20.png,0,random_forgery,41,32
data/processed/train/genuine/original_3_16.png,data/processed/train/genuine/original_3_7.png,1,genuine_genuine,3,3
data/processed/train/genuine/original_9_15.png,data/processed/train/genuine/original_9_17.png,1,genuine_genuine,9,9
data/processed/train/genuine/original_33_16.png,data/processed/train/genuine/original_33_19.png,1,genuine_genuine,33,33
data/processed/train/genuine/original_31_18.png,data/processed/train/forged/forgeries_31_22.png,0,skilled_forgery,31,31
data/processed/train/genuine/original_18_16.png,data/processed/train/genuine/original_18_23.png,1,genuine_genuine,18,18
data/processed/train/genuine/original_8_13.png,data/processed/train/genuine/original_8_15.png,1,genuine_genuine,8,8
data/processed/validation/genuine/original_42_18.png,data/processed/validation/forged/forgeries_42_4.png,0,skilled_forgery,42,42
data/processed/train/genuine/original_12_9.png,data/processed/train/forged/forgeries_12_22.png,0,skilled_forgery,12,12
data/processed/validation/genuine/original_37_2.png,data/processed/train/genuine/original_8_22.png,0,random_forgery,37,8
data/processed/train/genuine/original_6_10.png,data/processed/train/genuine/original_18_4.png,0,random_forgery,6,18
data/processed/train/genuine/original_14_22.png,data/processed/train/forged/forgeries_14_10.png,0,skilled_forgery,14,14
data/processed/train/genuine/original_12_18.png,data/processed/train/genuine/original_12_24.png,1,genuine_genuine,12,12
data/processed/train/genuine/original_31_21.png,data/processed/validation/genuine/original_44_3.png,0,random_forgery,31,44
data/processed/validation/genuine/original_41_16.png,data/processed/validation/genuine/original_41_3.png,1,genuine_genuine,41,41
data/processed/train/genuine/original_9_6.png,data/processed/train/genuine/original_13_15.png,0,random_forgery,9,13
data/processed/train/genuine/original_3_13.png,data/processed/train/genuine/original_31_18.png,0,random_forgery,3,31
data/processed/train/genuine/original_4_16.png,data/processed/train/forged/forgeries_4_15.png,0,skilled_forgery,4,4
data/processed/train/genuine/original_31_18.png,data/processed/train/genuine/original_31_19.png,1,genuine_genuine,31,31
data/processed/train/genuine/original_7_17.png,data/processed/train/forged/forgeries_7_7.png,0,skilled_forgery,7,7
data/processed/validation/genuine/original_44_1.png,data/processed/validation/genuine/original_44_19.png,1,genuine_genuine,44,44
data/processed/train/genuine/original_6_18.png,data/processed/train/genuine/original_11_5.png,0,random_forgery,6,11
data/processed/train/genuine/original_5_20.png,data/processed/train/genuine/original_5_21.png,1,genuine_genuine,5,5
data/processed/validation/genuine/original_40_14.png,data/processed/validation/genuine/original_40_20.png,1,genuine_genuine,40,40
data/processed/train/genuine/original_30_8.png,data/processed/train/forged/forgeries_30_15.png,0,skilled_forgery,30,30
data/processed/validation/genuine/original_37_17.png,data/processed/validation/genuine/original_37_24.png,1,genuine_genuine,37,37
data/processed/validation/genuine/original_37_1.png,data/processed/train/genuine/original_35_5.png,0,random_forgery,37,35
data/processed/validation/genuine/original_43_20.png,data/processed/validation/genuine/original_43_8.png,1,genuine_genuine,43,43
data/processed/train/genuine/original_14_19.png,data/processed/train/genuine/original_9_10.png,0,random_forgery,14,9
data/processed/validation/genuine/original_45_16.png,data/processed/train/genuine/original_15_5.png,0,random_forgery,45,15
data/processed/train/genuine/original_1_13.png,data/processed/train/genuine/original_1_23.png,1,genuine_genuine,1,1
data/processed/train/genuine/original_5_2.png,data/processed/train/genuine/original_5_21.png,1,genuine_genuine,5,5
data/processed/train/genuine/original_34_12.png,data/processed/train/forged/forgeries_34_10.png,0,skilled_forgery,34,34
data/processed/train/genuine/original_18_1.png,data/processed/train/genuine/original_18_14.png,1,genuine_genuine,18,18
data/processed/train/genuine/original_7_16.png,data/processed/train/forged/forgeries_7_14.png,0,skilled_forgery,7,7
data/processed/train/genuine/original_6_10.png,data/processed/train/forged/forgeries_6_21.png,0,skilled_forgery,6,6
data/processed/train/genuine/original_8_19.png,data/processed/train/genuine/original_8_22.png,1,genuine_genuine,8,8
data/processed/train/genuine/original_11_17.png,data/processed/train/forged/forgeries_11_19.png,0,skilled_forgery,11,11
data/processed/validation/genuine/original_39_24.png,data/processed/validation/forged/forgeries_39_19.png,0,skilled_forgery,39,39
data/processed/train/genuine/original_1_18.png,data/processed/train/forged/forgeries_1_20.png,0,skilled_forgery,1,1
data/processed/train/genuine/original_3_13.png,data/processed/train/genuine/original_3_2.png,1,genuine_genuine,3,3
data/processed/train/genuine/original_8_23.png,data/processed/train/forged/forgeries_8_11.png,0,skilled_forgery,8,8
data/processed/train/genuine/original_18_1.png,data/processed/train/genuine/original_18_10.png,1,genuine_genuine,18,18
data/processed/validation/genuine/original_40_13.png,data/processed/validation/forged/forgeries_40_5.png,0,skilled_forgery,40,40
data/processed/train/genuine/original_13_23.png,data/processed/train/genuine/original_9_2.png,0,random_forgery,13,9
data/processed/train/genuine/original_29_8.png,data/processed/validation/genuine/original_44_12.png,0,random_forgery,29,44
data/processed/train/genuine/original_31_12.png,data/processed/train/genuine/original_31_18.png,1,genuine_genuine,31,31
data/processed/train/genuine/original_15_16.png,data/processed/train/genuine/original_15_22.png,1,genuine_genuine,15,15
data/processed/train/genuine/original_31_13.png,data/processed/train/forged/forgeries_31_3.png,0,skilled_forgery,31,31
data/processed/train/genuine/original_34_21.png,data/processed/train/genuine/original_34_3.png,1,genuine_genuine,34,34
data/processed/train/genuine/original_14_23.png,data/processed/validation/genuine/original_37_3.png,0,random_forgery,14,37
data/processed/train/genuine/original_35_18.png,data/processed/train/genuine/original_35_5.png,1,genuine_genuine,35,35
data/processed/train/genuine/original_17_19.png,data/processed/train/genuine/original_17_2.png,1,genuine_genuine,17,17
data/processed/train/genuine/original_2_7.png,data/processed/train/forged/forgeries_2_14.png,0,skilled_forgery,2,2
data/processed/train/genuine/original_13_14.png,data/processed/train/forged/forgeries_13_24.png,0,skilled_forgery,13,13
data/processed/train/genuine/original_9_9.png,data/processed/train/genuine/original_30_5.png,0,random_forgery,9,30
data/processed/validation/genuine/original_39_24.png,data/processed/validation/genuine/original_39_5.png,1,genuine_genuine,39,39
data/processed/train/genuine/original_33_3.png,data/processed/train/forged/forgeries_33_23.png,0,skilled_forgery,33,33
data/processed/validation/genuine/original_45_10.png,data/processed/validation/genuine/original_45_7.png,1,genuine_genuine,45,45
data/processed/train/genuine/original_29_6.png,data/processed/train/genuine/original_29_8.png,1,genuine_genuine,29,29
data/processed/train/genuine/original_29_4.png,data/processed/train/genuine/original_29_7.png,1,genuine_genuine,29,29
data/processed/train/genuine/original_1_16.png,data/processed/train/genuine/original_1_22.png,1,genuine_genuine,1,1
data/processed/train/genuine/original_1_23.png,data/processed/train/genuine/original_1_6.png,1,genuine_genuine,1,1
data/processed/validation/genuine/original_42_10.png,data/processed/validation/forged/forgeries_42_1.png,0,skilled_forgery,42,42
data/processed/train/genuine/original_9_24.png,data/processed/validation/genuine/original_38_24.png,0,random_forgery,9,38
data/processed/train/genuine/original_35_5.png,data/processed/train/forged/forgeries_35_21.png,0,skilled_forgery,35,35
data/processed/train/genuine/original_2_10.png,data/processed/train/genuine/original_2_23.png,1,genuine_genuine,2,2
data/processed/train/genuine/original_5_3.png,data/processed/train/forged/forgeries_5_1.png,0,skilled_forgery,5,5
data/processed/train/genuine/original_34_1.png,data/processed/train/genuine/original_34_10.png,1,genuine_genuine,34,34
data/processed/train/genuine/original_18_14.png,data/processed/train/genuine/original_18_7.png,1,genuine_genuine,18,18
data/processed/train/genuine/original_16_8.png,data/processed/train/forged/forgeries_16_9.png,0,skilled_forgery,16,16
data/processed/train/genuine/original_11_12.png,data/processed/train/genuine/original_11_4.png,1,genuine_genuine,11,11
data/processed/train/genuine/original_35_14.png,data/processed/train/genuine/original_35_7.png,1,genuine_genuine,35,35
data/processed/train/genuine/original_32_14.png,data/processed/train/genuine/original_32_3.png,1,genuine_genuine,32,32
data/processed/train/genuine/original_8_18.png,data/processed/train/forged/forgeries_8_19.png,0,skilled_forgery,8,8
data/processed/train/genuine/original_11_17.png,data/processed/train/genuine/original_6_10.png,0,random_forgery,11,6
data/processed/validation/genuine/original_43_11.png,data/processed/validation/genuine/original_43_21.png,1,genuine_genuine,43,43
data/processed/train/genuine/original_16_18.png,data/processed/train/genuine/original_9_13.png,0,random_forgery,16,9
data/processed/train/genuine/original_29_18.png,data/processed/train/genuine/original_34_18.png,0,random_forgery,29,34
data/processed/validation/genuine/original_37_9.png,data/processed/train/genuine/original_6_13.png,0,random_forgery,37,6
data/processed/train/genuine/original_15_14.png,data/processed/train/genuine/original_15_17.png,1,genuine_genuine,15,15
data/processed/train/genuine/original_8_19.png,data/processed/train/forged/forgeries_8_10.png,0,skilled_forgery,8,8
data/processed/train/genuine/original_28_15.png,data/processed/train/genuine/original_28_19.png,1,genuine_genuine,28,28
data/processed/validation/genuine/original_44_9.png,data/processed/validation/genuine/original_41_11.png,0,random_forgery,44,41
data/processed/train/genuine/original_33_15.png,data/processed/train/forged/forgeries_33_17.png,0,skilled_forgery,33,33
data/processed/train/genuine/original_33_14.png,data/processed/train/genuine/original_33_4.png,1,genuine_genuine,33,33
data/processed/validation/genuine/original_39_24.png,data/processed/validation/forged/forgeries_39_7.png,0,skilled_forgery,39,39
data/processed/train/genuine/original_8_13.png,data/processed/train/forged/forgeries_8_23.png,0,skilled_forgery,8,8
data/processed/validation/genuine/original_39_11.png,data/processed/validation/genuine/original_39_17.png,1,genuine_genuine,39,39
data/processed/validation/genuine/original_37_5.png,data/processed/validation/forged/forgeries_37_24.png,0,skilled_forgery,37,37
data/processed/train/genuine/original_31_3.png,data/processed/train/forged/forgeries_31_7.png,0,skilled_forgery,31,31
data/processed/train/genuine/original_34_10.png,data/processed/train/genuine/original_34_21.png,1,genuine_genuine,34,34
data/processed/train/genuine/original_15_11.png,data/processed/train/forged/forgeries_15_15.png,0,skilled_forgery,15,15
data/processed/train/genuine/original_31_8.png,data/processed/train/genuine/original_10_5.png,0,random_forgery,31,10
data/processed/train/genuine/original_9_24.png,data/processed/train/forged/forgeries_9_16.png,0,skilled_forgery,9,9
data/processed/train/genuine/original_6_8.png,data/processed/train/genuine/original_17_4.png,0,random_forgery,6,17
data/processed/train/genuine/original_3_7.png,data/processed/train/forged/forgeries_3_12.png,0,skilled_forgery,3,3
data/processed/train/genuine/original_15_10.png,data/processed/validation/genuine/original_44_15.png,0,random_forgery,15,44
data/processed/train/genuine/original_4_21.png,data/processed/train/genuine/original_4_23.png,1,genuine_genuine,4,4
data/processed/train/genuine/original_32_5.png,data/processed/train/forged/forgeries_32_11.png,0,skilled_forgery,32,32
data/processed/train/genuine/original_9_12.png,data/processed/train/genuine/original_9_13.png,1,genuine_genuine,9,9
data/processed/train/genuine/original_14_21.png,data/processed/train/forged/forgeries_14_22.png,0,skilled_forgery,14,14
data/processed/train/genuine/original_3_17.png,data/processed/train/forged/forgeries_3_21.png,0,skilled_forgery,3,3
data/processed/train/genuine/original_15_17.png,data/processed/train/genuine/original_13_10.png,0,random_forgery,15,13
data/processed/train/genuine/original_11_20.png,data/processed/train/genuine/original_11_4.png,1,genuine_genuine,11,11
data/processed/train/genuine/original_2_13.png,data/processed/train/genuine/original_2_4.png,1,genuine_genuine,2,2
data/processed/train/genuine/original_15_12.png,data/processed/train/genuine/original_15_3.png,1,genuine_genuine,15,15
data/processed/validation/genuine/original_37_10.png,data/processed/validation/genuine/original_37_12.png,1,genuine_genuine,37,37
data/processed/train/genuine/original_6_12.png,data/processed/validation/genuine/original_36_3.png,0,random_forgery,6,36
data/processed/train/genuine/original_1_15.png,data/processed/train/genuine/original_31_22.png,0,random_forgery,1,31
data/processed/train/genuine/original_7_4.png,data/processed/train/genuine/original_29_4.png,0,random_forgery,7,29
data/processed/train/genuine/original_3_10.png,data/processed/train/genuine/original_3_4.png,1,genuine_genuine,3,3
data/processed/train/genuine/original_28_6.png,data/processed/train/forged/forgeries_28_13.png,0,skilled_forgery,28,28
data/processed/validation/genuine/original_36_13.png,data/processed/validation/genuine/original_36_22.png,1,genuine_genuine,36,36
data/processed/train/genuine/original_34_16.png,data/processed/train/genuine/original_34_9.png,1,genuine_genuine,34,34
data/processed/train/genuine/original_5_4.png,data/processed/train/genuine/original_32_6.png,0,random_forgery,5,32
data/processed/train/genuine/original_5_12.png,data/processed/train/genuine/original_5_19.png,1,genuine_genuine,5,5
data/processed/train/genuine/original_30_20.png,data/processed/train/genuine/original_30_22.png,1,genuine_genuine,30,30
data/processed/train/genuine/original_2_11.png,data/processed/train/genuine/original_2_2.png,1,genuine_genuine,2,2
data/processed/validation/genuine/original_37_19.png,data/processed/validation/forged/forgeries_37_4.png,0,skilled_forgery,37,37
data/processed/train/genuine/original_2_13.png,data/processed/validation/genuine/original_44_2.png,0,random_forgery,2,44
data/processed/validation/genuine/original_43_6.png,data/processed/validation/genuine/original_43_7.png,1,genuine_genuine,43,43
data/processed/train/genuine/original_15_14.png,data/processed/train/genuine/original_15_5.png,1,genuine_genuine,15,15
data/processed/validation/genuine/original_39_21.png,data/processed/validation/forged/forgeries_39_1.png,0,skilled_forgery,39,39
data/processed/train/genuine/original_17_17.png,data/processed/train/genuine/original_14_4.png,0,random_forgery,17,14
data/processed/validation/genuine/original_39_19.png,data/processed/validation/forged/forgeries_39_15.png,0,skilled_forgery,39,39
data/processed/train/genuine/original_9_16.png,data/processed/train/genuine/original_9_20.png,1,genuine_genuine,9,9
data/processed/validation/genuine/original_41_12.png,data/processed/validation/genuine/original_41_21.png,1,genuine_genuine,41,41
data/processed/validation/genuine/original_45_20.png,data/processed/validation/forged/forgeries_45_14.png,0,skilled_forgery,45,45
data/processed/train/genuine/original_31_17.png,data/processed/train/forged/forgeries_31_7.png,0,skilled_forgery,31,31
data/processed/train/genuine/original_8_22.png,data/processed/train/forged/forgeries_8_19.png,0,skilled_forgery,8,8
data/processed/train/genuine/original_7_22.png,data/processed/train/genuine/original_7_24.png,1,genuine_genuine,7,7
data/processed/validation/genuine/original_42_21.png,data/processed/validation/forged/forgeries_42_12.png,0,skilled_forgery,42,42
data/processed/validation/genuine/original_36_10.png,data/processed/validation/genuine/original_36_23.png,1,genuine_genuine,36,36
data/processed/validation/genuine/original_36_21.png,data/processed/validation/genuine/original_36_7.png,1,genuine_genuine,36,36
data/processed/train/genuine/original_16_16.png,data/processed/train/genuine/original_16_3.png,1,genuine_genuine,16,16
data/processed/validation/genuine/original_45_17.png,data/processed/validation/genuine/original_45_22.png,1,genuine_genuine,45,45
data/processed/train/genuine/original_32_4.png,data/processed/train/genuine/original_32_8.png,1,genuine_genuine,32,32
data/processed/validation/genuine/original_42_11.png,data/processed/validation/forged/forgeries_42_3.png,0,skilled_forgery,42,42
data/processed/train/genuine/original_15_2.png,data/processed/train/genuine/original_15_8.png,1,genuine_genuine,15,15
data/processed/validation/genuine/original_44_19.png,data/processed/validation/genuine/original_44_8.png,1,genuine_genuine,44,44
data/processed/validation/genuine/original_43_11.png,data/processed/train/genuine/original_13_2.png,0,random_forgery,43,13
data/processed/train/genuine/original_29_6.png,data/processed/validation/genuine/original_37_9.png,0,random_forgery,29,37
data/processed/validation/genuine/original_41_12.png,data/processed/validation/forged/forgeries_41_23.png,0,skilled_forgery,41,41
data/processed/train/genuine/original_30_16.png,data/processed/validation/genuine/original_36_21.png,0,random_forgery,30,36
data/processed/train/genuine/original_17_21.png,data/processed/train/forged/forgeries_17_15.png,0,skilled_forgery,17,17
data/processed/validation/genuine/original_37_16.png,data/processed/validation/forged/forgeries_37_2.png,0,skilled_forgery,37,37
data/processed/train/genuine/original_10_3.png,data/processed/train/genuine/original_10_5.png,1,genuine_genuine,10,10
data/processed/train/genuine/original_34_20.png,data/processed/validation/genuine/original_38_13.png,0,random_forgery,34,38
data/processed/train/genuine/original_13_19.png,data/processed/train/forged/forgeries_13_20.png,0,skilled_forgery,13,13
data/processed/train/genuine/original_5_1.png,data/processed/train/genuine/original_5_10.png,1,genuine_genuine,5,5
data/processed/train/genuine/original_28_20.png,data/processed/train/forged/forgeries_28_20.png,0,skilled_forgery,28,28
data/processed/validation/genuine/original_45_10.png,data/processed/validation/genuine/original_45_13.png,1,genuine_genuine,45,45
data/processed/validation/genuine/original_41_19.png,data/processed/validation/genuine/original_37_5.png,0,random_forgery,41,37
data/processed/train/genuine/original_29_6.png,data/processed/train/genuine/original_29_7.png,1,genuine_genuine,29,29
data/processed/train/genuine/original_30_21.png,data/processed/train/genuine/original_30_23.png,1,genuine_genuine,30,30
data/processed/train/genuine/original_8_7.png,data/processed/train/forged/forgeries_8_6.png,0,skilled_forgery,8,8
data/processed/validation/genuine/original_37_11.png,data/processed/validation/genuine/original_37_4.png,1,genuine_genuine,37,37
data/processed/train/genuine/original_4_19.png,data/processed/train/genuine/original_4_5.png,1,genuine_genuine,4,4
data/processed/train/genuine/original_18_15.png,data/processed/train/forged/forgeries_18_7.png,0,skilled_forgery,18,18
data/processed/train/genuine/original_32_18.png,data/processed/train/genuine/original_32_9.png,1,genuine_genuine,32,32
data/processed/train/genuine/original_15_15.png,data/processed/train/forged/forgeries_15_2.png,0,skilled_forgery,15,15
data/processed/train/genuine/original_30_17.png,data/processed/train/genuine/original_6_2.png,0,random_forgery,30,6
data/processed/train/genuine/original_12_23.png,data/processed/train/genuine/original_12_6.png,1,genuine_genuine,12,12
data/processed/train/genuine/original_33_23.png,data/processed/validation/genuine/original_44_24.png,0,random_forgery,33,44
data/processed/train/genuine/original_5_16.png,data/processed/train/genuine/original_5_2.png,1,genuine_genuine,5,5
data/processed/train/genuine/original_5_24.png,data/processed/train/genuine/original_33_19.png,0,random_forgery,5,33
data/processed/validation/genuine/original_38_10.png,data/processed/validation/forged/forgeries_38_8.png,0,skilled_forgery,38,38
data/processed/train/genuine/original_30_4.png,data/processed/train/forged/forgeries_30_23.png,0,skilled_forgery,30,30
data/processed/validation/genuine/original_36_20.png,data/processed/validation/forged/forgeries_36_15.png,0,skilled_forgery,36,36
data/processed/train/genuine/original_12_20.png,data/processed/train/genuine/original_12_6.png,1,genuine_genuine,12,12
data/processed/validation/genuine/original_45_1.png,data/processed/validation/forged/forgeries_45_2.png,0,skilled_forgery,45,45
data/processed/train/genuine/original_9_17.png,data/processed/train/genuine/original_9_23.png,1,genuine_genuine,9,9
data/processed/train/genuine/original_16_10.png,data/processed/train/forged/forgeries_16_15.png,0,skilled_forgery,16,16
data/processed/validation/genuine/original_40_11.png,data/processed/validation/genuine/original_40_16.png,1,genuine_genuine,40,40
data/processed/train/genuine/original_30_11.png,data/processed/train/genuine/original_30_19.png,1,genuine_genuine,30,30
data/processed/train/genuine/original_9_15.png,data/processed/train/genuine/original_9_5.png,1,genuine_genuine,9,9
data/processed/train/genuine/original_2_2.png,data/processed/train/genuine/original_2_23.png,1,genuine_genuine,2,2
data/processed/train/genuine/original_34_13.png,data/processed/validation/genuine/original_38_18.png,0,random_forgery,34,38
data/processed/train/genuine/original_6_21.png,data/processed/train/genuine/original_6_6.png,1,genuine_genuine,6,6
data/processed/train/genuine/original_1_17.png,data/processed/train/genuine/original_29_14.png,0,random_forgery,1,29
data/processed/validation/genuine/original_37_19.png,data/processed/train/genuine/original_3_20.png,0,random_forgery,37,3
data/processed/train/genuine/original_12_6.png,data/processed/train/genuine/original_12_8.png,1,genuine_genuine,12,12
data/processed/train/genuine/original_8_4.png,data/processed/train/genuine/original_8_8.png,1,genuine_genuine,8,8
data/processed/train/genuine/original_29_18.png,data/processed/train/forged/forgeries_29_22.png,0,skilled_forgery,29,29
data/processed/train/genuine/original_16_18.png,data/processed/train/genuine/original_11_5.png,0,random_forgery,16,11
data/processed/train/genuine/original_11_2.png,data/processed/train/forged/forgeries_11_15.png,0,skilled_forgery,11,11
data/processed/validation/genuine/original_37_19.png,data/processed/validation/genuine/original_37_23.png,1,genuine_genuine,37,37
data/processed/train/genuine/original_15_15.png,data/processed/train/genuine/original_15_19.png,1,genuine_genuine,15,15
data/processed/train/genuine/original_9_15.png,data/processed/validation/genuine/original_40_20.png,0,random_forgery,9,40
data/processed/validation/genuine/original_40_19.png,data/processed/validation/genuine/original_40_22.png,1,genuine_genuine,40,40
data/processed/validation/genuine/original_38_10.png,data/processed/validation/genuine/original_38_4.png,1,genuine_genuine,38,38
data/processed/train/genuine/original_18_4.png,data/processed/train/genuine/original_35_20.png,0,random_forgery,18,35
data/processed/train/genuine/original_32_13.png,data/processed/train/genuine/original_8_9.png,0,random_forgery,32,8
data/processed/train/genuine/original_28_11.png,data/processed/train/forged/forgeries_28_6.png,0,skilled_forgery,28,28
data/processed/train/genuine/original_14_17.png,data/processed/train/genuine/original_13_8.png,0,random_forgery,14,13
data/processed/validation/genuine/original_44_12.png,data/processed/validation/forged/forgeries_44_16.png,0,skilled_forgery,44,44
data/processed/validation/genuine/original_43_3.png,data/processed/validation/genuine/original_41_13.png,0,random_forgery,43,41
data/processed/train/genuine/original_34_15.png,data/processed/train/genuine/original_34_5.png,1,genuine_genuine,34,34
data/processed/train/genuine/original_11_23.png,data/processed/train/forged/forgeries_11_7.png,0,skilled_forgery,11,11
data/processed/train/genuine/original_1_1.png,data/processed/validation/genuine/original_45_14.png,0,random_forgery,1,45
data/processed/train/genuine/original_15_17.png,data/processed/train/genuine/original_32_10.png,0,random_forgery,15,32
data/processed/validation/genuine/original_40_4.png,data/processed/validation/forged/forgeries_40_3.png,0,skilled_forgery,40,40
data/processed/train/genuine/original_11_11.png,data/processed/train/genuine/original_11_14.png,1,genuine_genuine,11,11
data/processed/validation/genuine/original_40_24.png,data/processed/validation/forged/forgeries_40_18.png,0,skilled_forgery,40,40
data/processed/train/genuine/original_32_17.png,data/processed/train/genuine/original_32_2.png,1,genuine_genuine,32,32
data/processed/train/genuine/original_14_19.png,data/processed/train/genuine/original_14_8.png,1,genuine_genuine,14,14
data/processed/train/genuine/original_31_16.png,data/processed/train/forged/forgeries_31_15.png,0,skilled_forgery,31,31
data/processed/validation/genuine/original_41_5.png,data/processed/validation/genuine/original_41_9.png,1,genuine_genuine,41,41
data/processed/train/genuine/original_13_1.png,data/processed/train/forged/forgeries_13_9.png,0,skilled_forgery,13,13
data/processed/train/genuine/original_2_22.png,data/processed/train/genuine/original_2_8.png,1,genuine_genuine,2,2
data/processed/train/genuine/original_6_20.png,data/processed/train/genuine/original_6_23.png,1,genuine_genuine,6,6
data/processed/train/genuine/original_13_24.png,data/processed/train/genuine/original_1_3.png,0,random_forgery,13,1
data/processed/train/genuine/original_28_1.png,data/processed/train/genuine/original_28_10.png,1,genuine_genuine,28,28
data/processed/train/genuine/original_33_17.png,data/processed/train/forged/forgeries_33_14.png,0,skilled_forgery,33,33
data/processed/train/genuine/original_16_2.png,data/processed/train/forged/forgeries_16_13.png,0,skilled_forgery,16,16
data/processed/train/genuine/original_32_12.png,data/processed/train/genuine/original_32_24.png,1,genuine_genuine,32,32
data/processed/train/genuine/original_10_19.png,data/processed/train/genuine/original_10_24.png,1,genuine_genuine,10,10
data/processed/train/genuine/original_35_5.png,data/processed/train/forged/forgeries_35_13.png,0,skilled_forgery,35,35
data/processed/train/genuine/original_2_15.png,data/processed/train/forged/forgeries_2_1.png,0,skilled_forgery,2,2
data/processed/validation/genuine/original_42_22.png,data/processed/validation/genuine/original_42_6.png,1,genuine_genuine,42,42
data/processed/train/genuine/original_5_13.png,data/processed/train/genuine/original_5_5.png,1,genuine_genuine,5,5
data/processed/train/genuine/original_12_18.png,data/processed/train/forged/forgeries_12_18.png,0,skilled_forgery,12,12
data/processed/train/genuine/original_13_5.png,data/processed/train/genuine/original_31_8.png,0,random_forgery,13,31
data/processed/train/genuine/original_29_2.png,data/processed/train/forged/forgeries_29_1.png,0,skilled_forgery,29,29
data/processed/train/genuine/original_28_18.png,data/processed/train/genuine/original_28_22.png,1,genuine_genuine,28,28
data/processed/train/genuine/original_15_17.png,data/processed/train/genuine/original_15_23.png,1,genuine_genuine,15,15
data/processed/train/genuine/original_5_8.png,data/processed/train/forged/forgeries_5_23.png,0,skilled_forgery,5,5
data/processed/train/genuine/original_18_16.png,data/processed/train/genuine/original_18_17.png,1,genuine_genuine,18,18
data/processed/validation/genuine/original_36_13.png,data/processed/validation/forged/forgeries_36_22.png,0,skilled_forgery,36,36
data/processed/train/genuine/original_4_20.png,data/processed/train/genuine/original_4_3.png,1,genuine_genuine,4,4
data/processed/train/genuine/original_11_7.png,data/processed/train/forged/forgeries_11_14.png,0,skilled_forgery,11,11
data/processed/validation/genuine/original_44_14.png,data/processed/validation/genuine/original_44_9.png,1,genuine_genuine,44,44
data/processed/validation/genuine/original_40_10.png,data/processed/validation/genuine/original_40_11.png,1,genuine_genuine,40,40
data/processed/train/genuine/original_15_10.png,data/processed/train/genuine/original_15_18.png,1,genuine_genuine,15,15
data/processed/train/genuine/original_35_11.png,data/processed/train/genuine/original_16_5.png,0,random_forgery,35,16
data/processed/train/genuine/original_32_21.png,data/processed/train/genuine/original_7_19.png,0,random_forgery,32,7
data/processed/validation/genuine/original_45_13.png,data/processed/train/genuine/original_4_10.png,0,random_forgery,45,4
data/processed/train/genuine/original_18_3.png,data/processed/train/genuine/original_18_4.png,1,genuine_genuine,18,18
data/processed/train/genuine/original_8_7.png,data/processed/train/forged/forgeries_8_13.png,0,skilled_forgery,8,8
data/processed/train/genuine/original_9_12.png,data/processed/train/genuine/original_9_4.png,1,genuine_genuine,9,9
data/processed/validation/genuine/original_40_22.png,data/processed/validation/genuine/original_40_8.png,1,genuine_genuine,40,40
data/processed/validation/genuine/original_42_15.png,data/processed/validation/genuine/original_42_2.png,1,genuine_genuine,42,42
data/processed/train/genuine/original_9_13.png,data/processed/train/forged/forgeries_9_5.png,0,skilled_forgery,9,9
data/processed/train/genuine/original_10_19.png,data/processed/train/genuine/original_10_5.png,1,genuine_genuine,10,10
data/processed/train/genuine/original_4_22.png,data/processed/train/forged/forgeries_4_1.png,0,skilled_forgery,4,4
data/processed/train/genuine/original_28_17.png,data/processed/train/genuine/original_28_18.png,1,genuine_genuine,28,28
data/processed/validation/genuine/original_40_20.png,data/processed/validation/genuine/original_40_6.png,1,genuine_genuine,40,40
data/processed/train/genuine/original_29_22.png,data/processed/train/genuine/original_29_8.png,1,genuine_genuine,29,29
data/processed/train/genuine/original_7_19.png,data/processed/train/genuine/original_7_5.png,1,genuine_genuine,7,7
data/processed/validation/genuine/original_36_1.png,data/processed/validation/genuine/original_36_7.png,1,genuine_genuine,36,36
data/processed/validation/genuine/original_40_5.png,data/processed/validation/forged/forgeries_40_20.png,0,skilled_forgery,40,40
data/processed/validation/genuine/original_42_12.png,data/processed/validation/genuine/original_42_5.png,1,genuine_genuine,42,42
data/processed/train/genuine/original_28_2.png,data/processed/train/genuine/original_28_4.png,1,genuine_genuine,28,28
data/processed/train/genuine/original_30_10.png,data/processed/train/genuine/original_30_8.png,1,genuine_genuine,30,30
data/processed/validation/genuine/original_38_15.png,data/processed/validation/genuine/original_38_22.png,1,genuine_genuine,38,38
data/processed/train/genuine/original_28_2.png,data/processed/train/forged/forgeries_28_10.png,0,skilled_forgery,28,28
data/processed/train/genuine/original_33_1.png,data/processed/train/genuine/original_33_19.png,1,genuine_genuine,33,33
data/processed/train/genuine/original_18_12.png,data/processed/train/forged/forgeries_18_3.png,0,skilled_forgery,18,18
data/processed/train/genuine/original_32_6.png,data/processed/train/forged/forgeries_32_16.png,0,skilled_forgery,32,32
data/processed/train/genuine/original_8_2.png,data/processed/train/genuine/original_8_6.png,1,genuine_genuine,8,8
data/processed/validation/genuine/original_45_14.png,data/processed/validation/forged/forgeries_45_13.png,0,skilled_forgery,45,45
data/processed/validation/genuine/original_42_1.png,data/processed/validation/genuine/original_42_11.png,1,genuine_genuine,42,42
data/processed/train/genuine/original_29_12.png,data/processed/train/genuine/original_29_21.png,1,genuine_genuine,29,29
data/processed/validation/genuine/original_45_14.png,data/processed/validation/genuine/original_45_24.png,1,genuine_genuine,45,45
data/processed/train/genuine/original_33_19.png,data/processed/train/genuine/original_2_11.png,0,random_forgery,33,2
data/processed/validation/genuine/original_40_10.png,data/processed/train/genuine/original_16_19.png,0,random_forgery,40,16
data/processed/train/genuine/original_17_23.png,data/processed/train/genuine/original_17_24.png,1,genuine_genuine,17,17
data/processed/train/genuine/original_5_14.png,data/processed/train/genuine/original_1_7.png,0,random_forgery,5,1
data/processed/train/genuine/original_18_11.png,data/processed/train/genuine/original_18_4.png,1,genuine_genuine,18,18
data/processed/train/genuine/original_2_20.png,data/processed/train/genuine/original_2_7.png,1,genuine_genuine,2,2
data/processed/train/genuine/original_8_22.png,data/processed/train/forged/forgeries_8_4.png,0,skilled_forgery,8,8
data/processed/train/genuine/original_13_18.png,data/processed/train/genuine/original_13_9.png,1,genuine_genuine,13,13
data/processed/train/genuine/original_15_5.png,data/processed/train/forged/forgeries_15_8.png,0,skilled_forgery,15,15
data/processed/train/genuine/original_8_18.png,data/processed/train/genuine/original_16_6.png,0,random_forgery,8,16
data/processed/train/genuine/original_2_14.png,data/processed/train/genuine/original_2_20.png,1,genuine_genuine,2,2
data/processed/train/genuine/original_15_1.png,data/processed/train/genuine/original_15_18.png,1,genuine_genuine,15,15
data/processed/train/genuine/original_1_20.png,data/processed/train/genuine/original_1_22.png,1,genuine_genuine,1,1
data/processed/validation/genuine/original_37_4.png,data/processed/validation/forged/forgeries_37_4.png,0,skilled_forgery,37,37
data/processed/train/genuine/original_12_6.png,data/processed/train/forged/forgeries_12_2.png,0,skilled_forgery,12,12
data/processed/train/genuine/original_18_6.png,data/processed/validation/genuine/original_37_13.png,0,random_forgery,18,37
data/processed/train/genuine/original_11_22.png,data/processed/train/genuine/original_32_21.png,0,random_forgery,11,32
data/processed/train/genuine/original_9_12.png,data/processed/train/forged/forgeries_9_1.png,0,skilled_forgery,9,9
data/processed/validation/genuine/original_44_10.png,data/processed/validation/forged/forgeries_44_18.png,0,skilled_forgery,44,44
data/processed/train/genuine/original_15_1.png,data/processed/train/genuine/original_15_23.png,1,genuine_genuine,15,15
data/processed/validation/genuine/original_44_4.png,data/processed/validation/genuine/original_44_5.png,1,genuine_genuine,44,44
data/processed/train/genuine/original_30_13.png,data/processed/train/genuine/original_30_5.png,1,genuine_genuine,30,30
data/processed/train/genuine/original_9_16.png,data/processed/train/genuine/original_9_23.png,1,genuine_genuine,9,9
data/processed/train/genuine/original_30_6.png,data/processed/train/forged/forgeries_30_12.png,0,skilled_forgery,30,30
data/processed/validation/genuine/original_39_1.png,data/processed/validation/genuine/original_39_9.png,1,genuine_genuine,39,39
data/processed/train/genuine/original_4_4.png,data/processed/train/genuine/original_4_5.png,1,genuine_genuine,4,4
data/processed/train/genuine/original_33_10.png,data/processed/train/forged/forgeries_33_1.png,0,skilled_forgery,33,33
data/processed/validation/genuine/original_37_13.png,data/processed/validation/genuine/original_37_4.png,1,genuine_genuine,37,37
data/processed/validation/genuine/original_38_15.png,data/processed/validation/genuine/original_38_8.png,1,genuine_genuine,38,38
data/processed/train/genuine/original_18_15.png,data/processed/train/genuine/original_28_19.png,0,random_forgery,18,28
data/processed/train/genuine/original_32_12.png,data/processed/train/genuine/original_32_8.png,1,genuine_genuine,32,32
data/processed/train/genuine/original_18_20.png,data/processed/train/forged/forgeries_18_7.png,0,skilled_forgery,18,18
data/processed/train/genuine/original_11_12.png,data/processed/train/forged/forgeries_11_9.png,0,skilled_forgery,11,11
data/processed/train/genuine/original_33_16.png,data/processed/train/genuine/original_33_2.png,1,genuine_genuine,33,33
data/processed/train/genuine/original_6_20.png,data/processed/train/genuine/original_6_8.png,1,genuine_genuine,6,6
data/processed/validation/genuine/original_43_19.png,data/processed/validation/genuine/original_43_7.png,1,genuine_genuine,43,43
data/processed/train/genuine/original_18_13.png,data/processed/train/forged/forgeries_18_8.png,0,skilled_forgery,18,18
data/processed/train/genuine/original_12_22.png,data/processed/train/genuine/original_12_9.png,1,genuine_genuine,12,12
data/processed/train/genuine/original_2_8.png,data/processed/train/forged/forgeries_2_10.png,0,skilled_forgery,2,2
data/processed/train/genuine/original_13_4.png,data/processed/train/forged/forgeries_13_20.png,0,skilled_forgery,13,13
data/processed/train/genuine/original_30_2.png,data/processed/train/genuine/original_30_7.png,1,genuine_genuine,30,30
data/processed/train/genuine/original_6_15.png,data/processed/train/genuine/original_6_9.png,1,genuine_genuine,6,6
data/processed/validation/genuine/original_41_13.png,data/processed/validation/genuine/original_41_18.png,1,genuine_genuine,41,41
data/processed/validation/genuine/original_44_12.png,data/processed/train/genuine/original_9_16.png,0,random_forgery,44,9
data/processed/validation/genuine/original_39_10.png,data/processed/validation/genuine/original_39_15.png,1,genuine_genuine,39,39
data/processed/train/genuine/original_31_16.png,data/processed/train/genuine/original_31_7.png,1,genuine_genuine,31,31
data/processed/train/genuine/original_11_9.png,data/processed/train/forged/forgeries_11_9.png,0,skilled_forgery,11,11
data/processed/validation/genuine/original_41_18.png,data/processed/validation/forged/forgeries_41_6.png,0,skilled_forgery,41,41
data/processed/train/genuine/original_6_23.png,data/processed/train/genuine/original_15_13.png,0,random_forgery,6,15
data/processed/train/genuine/original_12_13.png,data/processed/train/genuine/original_2_19.png,0,random_forgery,12,2
data/processed/train/genuine/original_30_21.png,data/processed/train/genuine/original_30_4.png,1,genuine_genuine,30,30
data/processed/train/genuine/original_9_1.png,data/processed/validation/genuine/original_38_4.png,0,random_forgery,9,38
data/processed/validation/genuine/original_42_3.png,data/processed/validation/forged/forgeries_42_23.png,0,skilled_forgery,42,42
data/processed/train/genuine/original_30_21.png,data/processed/train/genuine/original_30_6.png,1,genuine_genuine,30,30
data/processed/train/genuine/original_3_13.png,data/processed/train/forged/forgeries_3_1.png,0,skilled_forgery,3,3
data/processed/train/genuine/original_28_14.png,data/processed/train/genuine/original_6_9.png,0,random_forgery,28,6
data/processed/validation/genuine/original_44_4.png,data/processed/validation/genuine/original_44_8.png,1,genuine_genuine,44,44
data/processed/validation/genuine/original_36_12.png,data/processed/validation/forged/forgeries_36_10.png,0,skilled_forgery,36,36
data/processed/train/genuine/original_8_1.png,data/processed/train/forged/forgeries_8_12.png,0,skilled_forgery,8,8
data/processed/train/genuine/original_12_23.png,data/processed/train/forged/forgeries_12_4.png,0,skilled_forgery,12,12
data/processed/train/genuine/original_6_5.png,data/processed/train/genuine/original_5_8.png,0,random_forgery,6,5
data/processed/validation/genuine/original_44_20.png,data/processed/validation/genuine/original_44_7.png,1,genuine_genuine,44,44
data/processed/train/genuine/original_7_3.png,data/processed/validation/genuine/original_36_23.png,0,random_forgery,7,36
data/processed/train/genuine/original_11_22.png,data/processed/train/genuine/original_18_7.png,0,random_forgery,11,18
data/processed/train/genuine/original_31_13.png,data/processed/train/genuine/original_31_21.png,1,genuine_genuine,31,31
data/processed/train/genuine/original_14_4.png,data/processed/train/genuine/original_12_15.png,0,random_forgery,14,12
data/processed/train/genuine/original_15_11.png,data/processed/train/genuine/original_15_9.png,1,genuine_genuine,15,15
data/processed/validation/genuine/original_38_3.png,data/processed/validation/genuine/original_43_19.png,0,random_forgery,38,43
data/processed/train/genuine/original_6_17.png,data/processed/train/forged/forgeries_6_19.png,0,skilled_forgery,6,6
data/processed/validation/genuine/original_37_11.png,data/processed/validation/genuine/original_37_3.png,1,genuine_genuine,37,37
data/processed/validation/genuine/original_42_3.png,data/processed/validation/forged/forgeries_42_11.png,0,skilled_forgery,42,42
data/processed/validation/genuine/original_39_3.png,data/processed/validation/genuine/original_39_4.png,1,genuine_genuine,39,39
data/processed/train/genuine/original_35_3.png,data/processed/train/genuine/original_34_5.png,0,random_forgery,35,34
data/processed/validation/genuine/original_40_15.png,data/processed/validation/genuine/original_40_24.png,1,genuine_genuine,40,40
data/processed/validation/genuine/original_42_19.png,data/processed/validation/genuine/original_44_13.png,0,random_forgery,42,44
data/processed/validation/genuine/original_40_12.png,data/processed/validation/genuine/original_40_5.png,1,genuine_genuine,40,40
data/processed/train/genuine/original_7_2.png,data/processed/train/forged/forgeries_7_17.png,0,skilled_forgery,7,7
data/processed/validation/genuine/original_43_13.png,data/processed/validation/genuine/original_43_7.png,1,genuine_genuine,43,43
data/processed/train/genuine/original_17_11.png,data/processed/train/genuine/original_17_17.png,1,genuine_genuine,17,17
data/processed/train/genuine/original_3_3.png,data/processed/train/genuine/original_3_7.png,1,genuine_genuine,3,3
data/processed/train/genuine/original_29_20.png,data/processed/train/forged/forgeries_29_4.png,0,skilled_forgery,29,29
data/processed/train/genuine/original_15_10.png,data/processed/train/genuine/original_15_2.png,1,genuine_genuine,15,15
data/processed/train/genuine/original_11_6.png,data/processed/train/forged/forgeries_11_3.png,0,skilled_forgery,11,11
data/processed/validation/genuine/original_44_10.png,data/processed/validation/genuine/original_44_20.png,1,genuine_genuine,44,44
data/processed/train/genuine/original_16_2.png,data/processed/train/genuine/original_2_17.png,0,random_forgery,16,2
data/processed/train/genuine/original_31_5.png,data/processed/validation/genuine/original_38_20.png,0,random_forgery,31,38
data/processed/validation/genuine/original_44_1.png,data/processed/validation/genuine/original_44_2.png,1,genuine_genuine,44,44
data/processed/train/genuine/original_7_15.png,data/processed/train/forged/forgeries_7_10.png,0,skilled_forgery,7,7
data/processed/train/genuine/original_2_4.png,data/processed/train/genuine/original_2_7.png,1,genuine_genuine,2,2
data/processed/train/genuine/original_17_14.png,data/processed/train/forged/forgeries_17_5.png,0,skilled_forgery,17,17
data/processed/train/genuine/original_10_11.png,data/processed/train/genuine/original_10_22.png,1,genuine_genuine,10,10
data/processed/train/genuine/original_10_24.png,data/processed/train/genuine/original_10_6.png,1,genuine_genuine,10,10
data/processed/train/genuine/original_34_6.png,data/processed/train/genuine/original_34_8.png,1,genuine_genuine,34,34
data/processed/validation/genuine/original_44_19.png,data/processed/validation/genuine/original_44_9.png,1,genuine_genuine,44,44
data/processed/train/genuine/original_17_13.png,data/processed/train/genuine/original_17_18.png,1,genuine_genuine,17,17
data/processed/train/genuine/original_17_12.png,data/processed/train/genuine/original_17_18.png,1,genuine_genuine,17,17
data/processed/validation/genuine/original_42_12.png,data/processed/validation/genuine/original_42_4.png,1,genuine_genuine,42,42
data/processed/train/genuine/original_9_12.png,data/processed/train/forged/forgeries_9_3.png,0,skilled_forgery,9,9
data/processed/train/genuine/original_16_11.png,data/processed/train/genuine/original_16_15.png,1,genuine_genuine,16,16
data/processed/train/genuine/original_12_7.png,data/processed/train/genuine/original_12_8.png,1,genuine_genuine,12,12
data/processed/train/genuine/original_32_5.png,data/processed/train/genuine/original_32_7.png,1,genuine_genuine,32,32
data/processed/train/genuine/original_12_13.png,data/processed/train/forged/forgeries_12_19.png,0,skilled_forgery,12,12
data/processed/validation/genuine/original_39_16.png,data/processed/validation/forged/forgeries_39_23.png,0,skilled_forgery,39,39
data/processed/train/genuine/original_34_4.png,data/processed/train/forged/forgeries_34_5.png,0,skilled_forgery,34,34
data/processed/train/genuine/original_34_1.png,data/processed/train/forged/forgeries_34_24.png,0,skilled_forgery,34,34
data/processed/validation/genuine/original_36_19.png,data/processed/train/genuine/original_6_23.png,0,random_forgery,36,6
data/processed/train/genuine/original_12_6.png,data/processed/train/forged/forgeries_12_23.png,0,skilled_forgery,12,12
data/processed/train/genuine/original_11_12.png,data/processed/train/genuine/original_11_19.png,1,genuine_genuine,11,11
data/processed/train/genuine/original_12_17.png,data/processed/train/forged/forgeries_12_16.png,0,skilled_forgery,12,12
data/processed/validation/genuine/original_43_5.png,data/processed/validation/genuine/original_42_4.png,0,random_forgery,43,42
data/processed/train/genuine/original_10_16.png,data/processed/train/genuine/original_10_5.png,1,genuine_genuine,10,10
data/processed/train/genuine/original_32_21.png,data/processed/train/forged/forgeries_32_3.png,0,skilled_forgery,32,32
data/processed/train/genuine/original_11_11.png,data/processed/validation/genuine/original_40_6.png,0,random_forgery,11,40
data/processed/train/genuine/original_18_23.png,data/processed/train/genuine/original_13_5.png,0,random_forgery,18,13
data/processed/train/genuine/original_14_14.png,data/processed/train/forged/forgeries_14_20.png,0,skilled_forgery,14,14
data/processed/validation/genuine/original_45_17.png,data/processed/validation/genuine/original_45_3.png,1,genuine_genuine,45,45
data/processed/train/genuine/original_12_12.png,data/processed/train/genuine/original_12_2.png,1,genuine_genuine,12,12
data/processed/train/genuine/original_30_17.png,data/processed/train/genuine/original_30_20.png,1,genuine_genuine,30,30
data/processed/train/genuine/original_28_10.png,data/processed/train/genuine/original_28_17.png,1,genuine_genuine,28,28
data/processed/validation/genuine/original_43_5.png,data/processed/validation/forged/forgeries_43_8.png,0,skilled_forgery,43,43
data/processed/validation/genuine/original_41_19.png,data/processed/train/genuine/original_12_13.png,0,random_forgery,41,12
data/processed/validation/genuine/original_40_2.png,data/processed/train/genuine/original_7_17.png,0,random_forgery,40,7
data/processed/validation/genuine/original_40_15.png,data/processed/train/genuine/original_32_17.png,0,random_forgery,40,32
data/processed/train/genuine/original_31_4.png,data/processed/train/genuine/original_31_9.png,1,genuine_genuine,31,31
data/processed/validation/genuine/original_40_11.png,data/processed/train/genuine/original_8_13.png,0,random_forgery,40,8
data/processed/train/genuine/original_9_2.png,data/processed/train/forged/forgeries_9_8.png,0,skilled_forgery,9,9
data/processed/train/genuine/original_4_10.png,data/processed/train/genuine/original_4_21.png,1,genuine_genuine,4,4
data/processed/train/genuine/original_6_17.png,data/processed/train/forged/forgeries_6_3.png,0,skilled_forgery,6,6
data/processed/train/genuine/original_31_6.png,data/processed/train/forged/forgeries_31_7.png,0,skilled_forgery,31,31
data/processed/train/genuine/original_30_10.png,data/processed/train/genuine/original_30_20.png,1,genuine_genuine,30,30
data/processed/train/genuine/original_17_14.png,data/processed/train/genuine/original_17_18.png,1,genuine_genuine,17,17
data/processed/train/genuine/original_32_24.png,data/processed/train/genuine/original_2_23.png,0,random_forgery,32,2
data/processed/train/genuine/original_9_18.png,data/processed/validation/genuine/original_41_18.png,0,random_forgery,9,41
data/processed/validation/genuine/original_36_17.png,data/processed/validation/genuine/original_36_5.png,1,genuine_genuine,36,36
data/processed/train/genuine/original_15_18.png,data/processed/train/forged/forgeries_15_13.png,0,skilled_forgery,15,15
data/processed/train/genuine/original_6_21.png,data/processed/train/forged/forgeries_6_19.png,0,skilled_forgery,6,6
data/processed/validation/genuine/original_41_19.png,data/processed/validation/genuine/original_41_4.png,1,genuine_genuine,41,41
data/processed/train/genuine/original_32_21.png,data/processed/validation/genuine/original_37_21.png,0,random_forgery,32,37
data/processed/train/genuine/original_2_8.png,data/processed/validation/genuine/original_41_13.png,0,random_forgery,2,41
data/processed/train/genuine/original_1_21.png,data/processed/train/forged/forgeries_1_8.png,0,skilled_forgery,1,1
data/processed/train/genuine/original_11_2.png,data/processed/train/genuine/original_11_9.png,1,genuine_genuine,11,11
data/processed/train/genuine/original_16_13.png,data/processed/train/genuine/original_16_8.png,1,genuine_genuine,16,16
data/processed/validation/genuine/original_37_14.png,data/processed/validation/genuine/original_37_23.png,1,genuine_genuine,37,37
data/processed/train/genuine/original_14_9.png,data/processed/train/forged/forgeries_14_11.png,0,skilled_forgery,14,14
data/processed/train/genuine/original_16_23.png,data/processed/train/genuine/original_29_21.png,0,random_forgery,16,29
data/processed/train/genuine/original_28_14.png,data/processed/train/genuine/original_28_16.png,1,genuine_genuine,28,28
data/processed/train/genuine/original_9_11.png,data/processed/train/genuine/original_29_11.png,0,random_forgery,9,29
data/processed/validation/genuine/original_40_23.png,data/processed/validation/forged/forgeries_40_14.png,0,skilled_forgery,40,40
data/processed/train/genuine/original_5_17.png,data/processed/train/genuine/original_5_6.png,1,genuine_genuine,5,5
data/processed/train/genuine/original_15_14.png,data/processed/train/genuine/original_15_6.png,1,genuine_genuine,15,15
data/processed/validation/genuine/original_37_22.png,data/processed/validation/genuine/original_37_23.png,1,genuine_genuine,37,37
data/processed/train/genuine/original_34_18.png,data/processed/train/genuine/original_34_22.png,1,genuine_genuine,34,34
data/processed/train/genuine/original_7_5.png,data/processed/train/genuine/original_7_7.png,1,genuine_genuine,7,7
data/processed/validation/genuine/original_42_3.png,data/processed/train/genuine/original_7_14.png,0,random_forgery,42,7
data/processed/validation/genuine/original_44_21.png,data/processed/train/genuine/original_30_9.png,0,random_forgery,44,30
data/processed/validation/genuine/original_39_23.png,data/processed/validation/genuine/original_39_7.png,1,genuine_genuine,39,39
data/processed/validation/genuine/original_40_14.png,data/processed/validation/genuine/original_40_16.png,1,genuine_genuine,40,40
data/processed/train/genuine/original_13_19.png,data/processed/train/forged/forgeries_13_7.png,0,skilled_forgery,13,13
data/processed/validation/genuine/original_44_13.png,data/processed/validation/genuine/original_36_15.png,0,random_forgery,44,36
data/processed/train/genuine/original_4_21.png,data/processed/train/genuine/original_4_6.png,1,genuine_genuine,4,4
data/processed/validation/genuine/original_39_11.png,data/processed/validation/genuine/original_39_20.png,1,genuine_genuine,39,39
data/processed/train/genuine/original_13_21.png,data/processed/train/genuine/original_13_23.png,1,genuine_genuine,13,13
data/processed/validation/genuine/original_36_23.png,data/processed/validation/genuine/original_36_8.png,1,genuine_genuine,36,36
data/processed/validation/genuine/original_43_10.png,data/processed/validation/genuine/original_43_6.png,1,genuine_genuine,43,43
data/processed/train/genuine/original_11_14.png,data/processed/train/genuine/original_11_21.png,1,genuine_genuine,11,11
data/processed/train/genuine/original_5_19.png,data/processed/train/genuine/original_35_22.png,0,random_forgery,5,35
data/processed/train/genuine/original_34_12.png,data/processed/train/genuine/original_34_3.png,1,genuine_genuine,34,34
data/processed/validation/genuine/original_37_10.png,data/processed/validation/genuine/original_37_24.png,1,genuine_genuine,37,37
data/processed/train/genuine/original_14_10.png,data/processed/train/genuine/original_14_11.png,1,genuine_genuine,14,14
data/processed/train/genuine/original_4_22.png,data/processed/train/forged/forgeries_4_24.png,0,skilled_forgery,4,4
data/processed/train/genuine/original_18_13.png,data/processed/train/genuine/original_9_12.png,0,random_forgery,18,9
data/processed/validation/genuine/original_44_14.png,data/processed/validation/genuine/original_44_5.png,1,genuine_genuine,44,44
data/processed/train/genuine/original_15_24.png,data/processed/train/genuine/original_9_18.png,0,random_forgery,15,9
data/processed/validation/genuine/original_40_2.png,data/processed/validation/forged/forgeries_40_23.png,0,skilled_forgery,40,40
data/processed/train/genuine/original_28_13.png,data/processed/train/genuine/original_28_19.png,1,genuine_genuine,28,28
data/processed/train/genuine/original_6_19.png,data/processed/train/genuine/original_6_8.png,1,genuine_genuine,6,6
data/processed/train/genuine/original_9_12.png,data/processed/train/genuine/original_9_8.png,1,genuine_genuine,9,9
data/processed/validation/genuine/original_36_13.png,data/processed/validation/genuine/original_36_3.png,1,genuine_genuine,36,36
data/processed/train/genuine/original_18_7.png,data/processed/train/forged/forgeries_18_5.png,0,skilled_forgery,18,18
data/processed/train/genuine/original_12_1.png,data/processed/train/genuine/original_12_5.png,1,genuine_genuine,12,12
data/processed/train/genuine/original_3_9.png,data/processed/train/forged/forgeries_3_21.png,0,skilled_forgery,3,3
data/processed/validation/genuine/original_37_19.png,data/processed/validation/forged/forgeries_37_21.png,0,skilled_forgery,37,37
data/processed/validation/genuine/original_45_16.png,data/processed/validation/genuine/original_45_21.png,1,genuine_genuine,45,45
data/processed/train/genuine/original_29_8.png,data/processed/train/forged/forgeries_29_12.png,0,skilled_forgery,29,29
data/processed/validation/genuine/original_39_1.png,data/processed/validation/genuine/original_39_10.png,1,genuine_genuine,39,39
data/processed/validation/genuine/original_42_16.png,data/processed/validation/forged/forgeries_42_11.png,0,skilled_forgery,42,42
data/processed/train/genuine/original_2_1.png,data/processed/train/forged/forgeries_2_20.png,0,skilled_forgery,2,2
data/processed/validation/genuine/original_44_14.png,data/processed/validation/genuine/original_44_2.png,1,genuine_genuine,44,44
data/processed/train/genuine/original_29_21.png,data/processed/train/forged/forgeries_29_3.png,0,skilled_forgery,29,29
data/processed/validation/genuine/original_41_13.png,data/processed/validation/genuine/original_41_24.png,1,genuine_genuine,41,41
data/processed/train/genuine/original_28_21.png,data/processed/train/forged/forgeries_28_1.png,0,skilled_forgery,28,28
data/processed/train/genuine/original_7_3.png,data/processed/train/genuine/original_7_6.png,1,genuine_genuine,7,7
data/processed/train/genuine/original_16_20.png,data/processed/train/genuine/original_16_6.png,1,genuine_genuine,16,16
data/processed/train/genuine/original_12_14.png,data/processed/train/genuine/original_14_4.png,0,random_forgery,12,14
data/processed/train/genuine/original_6_15.png,data/processed/train/forged/forgeries_6_4.png,0,skilled_forgery,6,6
data/processed/train/genuine/original_16_14.png,data/processed/train/genuine/original_16_9.png,1,genuine_genuine,16,16
data/processed/validation/genuine/original_44_22.png,data/processed/validation/genuine/original_44_4.png,1,genuine_genuine,44,44
data/processed/train/genuine/original_29_1.png,data/processed/train/genuine/original_29_19.png,1,genuine_genuine,29,29
data/processed/train/genuine/original_1_11.png,data/processed/train/genuine/original_1_24.png,1,genuine_genuine,1,1
data/processed/train/genuine/original_29_1.png,data/processed/train/forged/forgeries_29_23.png,0,skilled_forgery,29,29
data/processed/train/genuine/original_12_24.png,data/processed/train/genuine/original_17_24.png,0,random_forgery,12,17
data/processed/validation/genuine/original_37_21.png,data/processed/validation/genuine/original_37_5.png,1,genuine_genuine,37,37
data/processed/train/genuine/original_30_23.png,data/processed/train/genuine/original_11_11.png,0,random_forgery,30,11
data/processed/validation/genuine/original_37_2.png,data/processed/validation/genuine/original_37_20.png,1,genuine_genuine,37,37
data/processed/train/genuine/original_29_11.png,data/processed/train/forged/forgeries_29_13.png,0,skilled_forgery,29,29
data/processed/train/genuine/original_31_16.png,data/processed/train/genuine/original_6_16.png,0,random_forgery,31,6
data/processed/train/genuine/original_9_8.png,data/processed/train/genuine/original_30_7.png,0,random_forgery,9,30
data/processed/validation/genuine/original_44_21.png,data/processed/train/genuine/original_29_20.png,0,random_forgery,44,29
data/processed/train/genuine/original_4_12.png,data/processed/train/genuine/original_4_9.png,1,genuine_genuine,4,4
data/processed/train/genuine/original_33_12.png,data/processed/train/genuine/original_33_21.png,1,genuine_genuine,33,33
data/processed/train/genuine/original_29_20.png,data/processed/train/forged/forgeries_29_5.png,0,skilled_forgery,29,29
data/processed/train/genuine/original_35_22.png,data/processed/train/genuine/original_35_9.png,1,genuine_genuine,35,35
data/processed/train/genuine/original_2_15.png,data/processed/train/genuine/original_15_12.png,0,random_forgery,2,15
data/processed/validation/genuine/original_43_3.png,data/processed/validation/forged/forgeries_43_17.png,0,skilled_forgery,43,43
data/processed/train/genuine/original_17_2.png,data/processed/train/genuine/original_17_7.png,1,genuine_genuine,17,17
data/processed/train/genuine/original_9_23.png,data/processed/train/genuine/original_9_24.png,1,genuine_genuine,9,9
data/processed/train/genuine/original_15_1.png,data/processed/train/genuine/original_15_13.png,1,genuine_genuine,15,15
data/processed/train/genuine/original_15_4.png,data/processed/train/forged/forgeries_15_7.png,0,skilled_forgery,15,15
data/processed/train/genuine/original_1_5.png,data/processed/train/forged/forgeries_1_19.png,0,skilled_forgery,1,1
data/processed/validation/genuine/original_39_13.png,data/processed/train/genuine/original_33_6.png,0,random_forgery,39,33
data/processed/train/genuine/original_7_20.png,data/processed/train/genuine/original_7_6.png,1,genuine_genuine,7,7
data/processed/train/genuine/original_16_9.png,data/processed/validation/genuine/original_43_1.png,0,random_forgery,16,43
data/processed/validation/genuine/original_36_13.png,data/processed/validation/genuine/original_36_6.png,1,genuine_genuine,36,36
data/processed/train/genuine/original_31_2.png,data/processed/train/genuine/original_34_10.png,0,random_forgery,31,34
data/processed/train/genuine/original_15_19.png,data/processed/train/genuine/original_15_9.png,1,genuine_genuine,15,15
data/processed/train/genuine/original_7_16.png,data/processed/train/genuine/original_7_3.png,1,genuine_genuine,7,7
data/processed/train/genuine/original_15_19.png,data/processed/train/forged/forgeries_15_18.png,0,skilled_forgery,15,15
data/processed/train/genuine/original_8_8.png,data/processed/train/forged/forgeries_8_17.png,0,skilled_forgery,8,8
data/processed/train/genuine/original_1_6.png,data/processed/train/forged/forgeries_1_12.png,0,skilled_forgery,1,1
data/processed/train/genuine/original_12_21.png,data/processed/train/genuine/original_12_22.png,1,genuine_genuine,12,12
data/processed/train/genuine/original_5_16.png,data/processed/train/genuine/original_13_18.png,0,random_forgery,5,13
data/processed/train/genuine/original_8_17.png,data/processed/train/genuine/original_8_23.png,1,genuine_genuine,8,8
data/processed/train/genuine/original_33_18.png,data/processed/train/forged/forgeries_33_17.png,0,skilled_forgery,33,33
data/processed/train/genuine/original_2_11.png,data/processed/train/genuine/original_2_22.png,1,genuine_genuine,2,2
data/processed/train/genuine/original_9_21.png,data/processed/train/forged/forgeries_9_2.png,0,skilled_forgery,9,9
data/processed/train/genuine/original_2_22.png,data/processed/train/genuine/original_6_17.png,0,random_forgery,2,6
data/processed/train/genuine/original_12_14.png,data/processed/train/genuine/original_12_3.png,1,genuine_genuine,12,12
data/processed/train/genuine/original_1_10.png,data/processed/train/genuine/original_1_14.png,1,genuine_genuine,1,1
data/processed/train/genuine/original_10_10.png,data/processed/validation/genuine/original_40_18.png,0,random_forgery,10,40
data/processed/train/genuine/original_17_17.png,data/processed/train/genuine/original_17_6.png,1,genuine_genuine,17,17
data/processed/train/genuine/original_33_4.png,data/processed/train/genuine/original_33_6.png,1,genuine_genuine,33,33
data/processed/train/genuine/original_31_18.png,data/processed/train/forged/forgeries_31_2.png,0,skilled_forgery,31,31
data/processed/train/genuine/original_14_24.png,data/processed/train/genuine/original_14_8.png,1,genuine_genuine,14,14
data/processed/train/genuine/original_3_21.png,data/processed/train/forged/forgeries_3_9.png,0,skilled_forgery,3,3
data/processed/train/genuine/original_15_11.png,data/processed/train/forged/forgeries_15_6.png,0,skilled_forgery,15,15
data/processed/validation/genuine/original_40_17.png,data/processed/validation/genuine/original_38_15.png,0,random_forgery,40,38
data/processed/train/genuine/original_30_11.png,data/processed/train/genuine/original_30_16.png,1,genuine_genuine,30,30
data/processed/train/genuine/original_13_4.png,data/processed/train/genuine/original_13_9.png,1,genuine_genuine,13,13
data/processed/train/genuine/original_29_9.png,data/processed/train/forged/forgeries_29_8.png,0,skilled_forgery,29,29
data/processed/train/genuine/original_4_1.png,data/processed/train/genuine/original_4_13.png,1,genuine_genuine,4,4
data/processed/validation/genuine/original_40_23.png,data/processed/train/genuine/original_35_18.png,0,random_forgery,40,35
data/processed/validation/genuine/original_44_4.png,data/processed/validation/forged/forgeries_44_22.png,0,skilled_forgery,44,44
data/processed/train/genuine/original_29_1.png,data/processed/train/genuine/original_29_17.png,1,genuine_genuine,29,29
data/processed/train/genuine/original_11_11.png,data/processed/train/genuine/original_11_2.png,1,genuine_genuine,11,11
data/processed/train/genuine/original_11_24.png,data/processed/train/genuine/original_11_6.png,1,genuine_genuine,11,11
data/processed/train/genuine/original_35_22.png,data/processed/train/forged/forgeries_35_3.png,0,skilled_forgery,35,35
data/processed/train/genuine/original_30_18.png,data/processed/train/genuine/original_12_2.png,0,random_forgery,30,12
data/processed/train/genuine/original_17_15.png,data/processed/train/genuine/original_17_19.png,1,genuine_genuine,17,17
data/processed/train/genuine/original_5_21.png,data/processed/train/genuine/original_5_7.png,1,genuine_genuine,5,5
data/processed/validation/genuine/original_43_24.png,data/processed/validation/forged/forgeries_43_17.png,0,skilled_forgery,43,43
data/processed/validation/genuine/original_43_1.png,data/processed/validation/genuine/original_43_9.png,1,genuine_genuine,43,43
data/processed/train/genuine/original_1_20.png,data/processed/train/genuine/original_1_9.png,1,genuine_genuine,1,1
data/processed/train/genuine/original_7_2.png,data/processed/train/forged/forgeries_7_11.png,0,skilled_forgery,7,7
data/processed/train/genuine/original_29_18.png,data/processed/validation/genuine/original_37_16.png,0,random_forgery,29,37
data/processed/train/genuine/original_35_15.png,data/processed/train/genuine/original_35_16.png,1,genuine_genuine,35,35
data/processed/train/genuine/original_18_17.png,data/processed/train/genuine/original_18_20.png,1,genuine_genuine,18,18
data/processed/train/genuine/original_6_14.png,data/processed/train/genuine/original_6_6.png,1,genuine_genuine,6,6
data/processed/train/genuine/original_10_13.png,data/processed/train/genuine/original_10_6.png,1,genuine_genuine,10,10
data/processed/train/genuine/original_3_5.png,data/processed/train/genuine/original_3_7.png,1,genuine_genuine,3,3
data/processed/train/genuine/original_31_19.png,data/processed/train/genuine/original_31_5.png,1,genuine_genuine,31,31
data/processed/train/genuine/original_7_14.png,data/processed/train/genuine/original_7_20.png,1,genuine_genuine,7,7
data/processed/validation/genuine/original_45_14.png,data/processed/validation/genuine/original_45_7.png,1,genuine_genuine,45,45
data/processed/train/genuine/original_33_7.png,data/processed/train/forged/forgeries_33_24.png,0,skilled_forgery,33,33
data/processed/validation/genuine/original_37_20.png,data/processed/validation/genuine/original_37_3.png,1,genuine_genuine,37,37
data/processed/validation/genuine/original_39_7.png,data/processed/validation/genuine/original_37_12.png,0,random_forgery,39,37
data/processed/train/genuine/original_31_15.png,data/processed/validation/genuine/original_36_11.png,0,random_forgery,31,36
data/processed/validation/genuine/original_40_21.png,data/processed/validation/genuine/original_40_22.png,1,genuine_genuine,40,40
data/processed/train/genuine/original_4_17.png,data/processed/train/forged/forgeries_4_1.png,0,skilled_forgery,4,4
data/processed/train/genuine/original_28_7.png,data/processed/train/genuine/original_7_5.png,0,random_forgery,28,7
data/processed/train/genuine/original_5_21.png,data/processed/train/forged/forgeries_5_23.png,0,skilled_forgery,5,5
data/processed/train/genuine/original_28_16.png,data/processed/train/genuine/original_28_20.png,1,genuine_genuine,28,28
data/processed/train/genuine/original_32_9.png,data/processed/train/forged/forgeries_32_9.png,0,skilled_forgery,32,32
data/processed/train/genuine/original_1_18.png,data/processed/train/forged/forgeries_1_17.png,0,skilled_forgery,1,1
data/processed/train/genuine/original_29_15.png,data/processed/train/genuine/original_29_19.png,1,genuine_genuine,29,29
data/processed/train/genuine/original_8_20.png,data/processed/train/genuine/original_8_23.png,1,genuine_genuine,8,8
data/processed/train/genuine/original_6_13.png,data/processed/train/genuine/original_6_8.png,1,genuine_genuine,6,6
data/processed/validation/genuine/original_37_8.png,data/processed/validation/forged/forgeries_37_16.png,0,skilled_forgery,37,37
data/processed/train/genuine/original_34_1.png,data/processed/train/genuine/original_34_21.png,1,genuine_genuine,34,34
data/processed/train/genuine/original_10_4.png,data/processed/train/genuine/original_10_6.png,1,genuine_genuine,10,10
data/processed/train/genuine/original_2_13.png,data/processed/train/genuine/original_2_2.png,1,genuine_genuine,2,2
data/processed/train/genuine/original_35_3.png,data/processed/validation/genuine/original_45_8.png,0,random_forgery,35,45
data/processed/train/genuine/original_30_12.png,data/processed/train/forged/forgeries_30_23.png,0,skilled_forgery,30,30
data/processed/validation/genuine/original_42_14.png,data/processed/validation/forged/forgeries_42_9.png,0,skilled_forgery,42,42
data/processed/train/genuine/original_9_18.png,data/processed/train/genuine/original_9_3.png,1,genuine_genuine,9,9
data/processed/validation/genuine/original_41_23.png,data/processed/validation/genuine/original_41_8.png,1,genuine_genuine,41,41
data/processed/validation/genuine/original_37_13.png,data/processed/validation/genuine/original_37_21.png,1,genuine_genuine,37,37
data/processed/train/genuine/original_8_5.png,data/processed/train/forged/forgeries_8_1.png,0,skilled_forgery,8,8
data/processed/train/genuine/original_3_13.png,data/processed/train/genuine/original_3_19.png,1,genuine_genuine,3,3
data/processed/train/genuine/original_34_11.png,data/processed/train/genuine/original_34_18.png,1,genuine_genuine,34,34
data/processed/train/genuine/original_34_19.png,data/processed/train/genuine/original_34_4.png,1,genuine_genuine,34,34
data/processed/train/genuine/original_11_10.png,data/processed/train/genuine/original_11_21.png,1,genuine_genuine,11,11
data/processed/validation/genuine/original_43_24.png,data/processed/validation/genuine/original_43_5.png,1,genuine_genuine,43,43
data/processed/validation/genuine/original_42_22.png,data/processed/validation/genuine/original_38_16.png,0,random_forgery,42,38
data/processed/train/genuine/original_29_20.png,data/processed/train/genuine/original_29_23.png,1,genuine_genuine,29,29
data/processed/validation/genuine/original_37_3.png,data/processed/train/genuine/original_31_20.png,0,random_forgery,37,31
data/processed/train/genuine/original_12_16.png,data/processed/train/genuine/original_12_24.png,1,genuine_genuine,12,12
data/processed/train/genuine/original_17_18.png,data/processed/train/genuine/original_5_21.png,0,random_forgery,17,5
data/processed/train/genuine/original_9_9.png,data/processed/train/forged/forgeries_9_14.png,0,skilled_forgery,9,9
data/processed/train/genuine/original_35_12.png,data/processed/train/genuine/original_35_21.png,1,genuine_genuine,35,35
data/processed/validation/genuine/original_43_19.png,data/processed/validation/forged/forgeries_43_7.png,0,skilled_forgery,43,43
data/processed/validation/genuine/original_44_13.png,data/processed/validation/genuine/original_44_9.png,1,genuine_genuine,44,44
data/processed/train/genuine/original_14_3.png,data/processed/train/genuine/original_14_9.png,1,genuine_genuine,14,14
data/processed/train/genuine/original_28_13.png,data/processed/train/genuine/original_28_9.png,1,genuine_genuine,28,28
data/processed/train/genuine/original_17_13.png,data/processed/train/genuine/original_28_18.png,0,random_forgery,17,28
data/processed/train/genuine/original_7_1.png,data/processed/train/genuine/original_7_17.png,1,genuine_genuine,7,7
data/processed/train/genuine/original_4_13.png,data/processed/train/forged/forgeries_4_18.png,0,skilled_forgery,4,4
data/processed/train/genuine/original_14_14.png,data/processed/train/genuine/original_14_17.png,1,genuine_genuine,14,14
data/processed/train/genuine/original_30_12.png,data/processed/train/genuine/original_30_14.png,1,genuine_genuine,30,30
data/processed/train/genuine/original_9_19.png,data/processed/train/forged/forgeries_9_23.png,0,skilled_forgery,9,9
data/processed/train/genuine/original_7_13.png,data/processed/train/genuine/original_7_8.png,1,genuine_genuine,7,7
data/processed/train/genuine/original_7_1.png,data/processed/train/forged/forgeries_7_12.png,0,skilled_forgery,7,7
data/processed/validation/genuine/original_45_1.png,data/processed/validation/genuine/original_45_9.png,1,genuine_genuine,45,45
data/processed/train/genuine/original_28_22.png,data/processed/train/forged/forgeries_28_9.png,0,skilled_forgery,28,28
data/processed/train/genuine/original_8_1.png,data/processed/train/genuine/original_8_3.png,1,genuine_genuine,8,8
data/processed/train/genuine/original_13_4.png,data/processed/validation/genuine/original_45_17.png,0,random_forgery,13,45
data/processed/train/genuine/original_16_3.png,data/processed/train/forged/forgeries_16_20.png,0,skilled_forgery,16,16
data/processed/validation/genuine/original_39_3.png,data/processed/train/genuine/original_32_6.png,0,random_forgery,39,32
data/processed/train/genuine/original_34_12.png,data/processed/train/forged/forgeries_34_5.png,0,skilled_forgery,34,34
data/processed/validation/genuine/original_44_2.png,data/processed/validation/forged/forgeries_44_20.png,0,skilled_forgery,44,44
data/processed/validation/genuine/original_43_5.png,data/processed/validation/genuine/original_45_18.png,0,random_forgery,43,45
data/processed/train/genuine/original_1_11.png,data/processed/train/genuine/original_3_22.png,0,random_forgery,1,3
data/processed/train/genuine/original_6_20.png,data/processed/train/genuine/original_7_16.png,0,random_forgery,6,7
data/processed/train/genuine/original_32_19.png,data/processed/train/genuine/original_32_6.png,1,genuine_genuine,32,32
data/processed/train/genuine/original_15_16.png,data/processed/train/forged/forgeries_15_14.png,0,skilled_forgery,15,15
data/processed/train/genuine/original_16_14.png,data/processed/train/genuine/original_16_22.png,1,genuine_genuine,16,16
data/processed/validation/genuine/original_41_24.png,data/processed/validation/genuine/original_41_8.png,1,genuine_genuine,41,41
data/processed/train/genuine/original_33_2.png,data/processed/train/forged/forgeries_33_18.png,0,skilled_forgery,33,33
data/processed/train/genuine/original_12_10.png,data/processed/train/forged/forgeries_12_21.png,0,skilled_forgery,12,12
data/processed/train/genuine/original_10_18.png,data/processed/train/genuine/original_10_4.png,1,genuine_genuine,10,10
data/processed/train/genuine/original_12_15.png,data/processed/train/forged/forgeries_12_19.png,0,skilled_forgery,12,12
data/processed/train/genuine/original_1_19.png,data/processed/train/genuine/original_1_9.png,1,genuine_genuine,1,1
data/processed/train/genuine/original_16_6.png,data/processed/train/genuine/original_16_9.png,1,genuine_genuine,16,16
data/processed/train/genuine/original_17_1.png,data/processed/train/genuine/original_17_4.png,1,genuine_genuine,17,17
data/processed/train/genuine/original_18_22.png,data/processed/train/forged/forgeries_18_21.png,0,skilled_forgery,18,18
data/processed/train/genuine/original_3_20.png,data/processed/validation/genuine/original_37_3.png,0,random_forgery,3,37
data/processed/validation/genuine/original_37_15.png,data/processed/validation/genuine/original_37_16.png,1,genuine_genuine,37,37
data/processed/validation/genuine/original_41_18.png,data/processed/validation/genuine/original_43_7.png,0,random_forgery,41,43
data/processed/train/genuine/original_32_15.png,data/processed/train/genuine/original_32_7.png,1,genuine_genuine,32,32
data/processed/train/genuine/original_7_22.png,data/processed/train/genuine/original_7_6.png,1,genuine_genuine,7,7
data/processed/validation/genuine/original_43_18.png,data/processed/validation/genuine/original_43_23.png,1,genuine_genuine,43,43
data/processed/train/genuine/original_14_2.png,data/processed/train/forged/forgeries_14_3.png,0,skilled_forgery,14,14
data/processed/validation/genuine/original_36_13.png,data/processed/validation/forged/forgeries_36_5.png,0,skilled_forgery,36,36
data/processed/train/genuine/original_16_9.png,data/processed/train/forged/forgeries_16_20.png,0,skilled_forgery,16,16
data/processed/train/genuine/original_9_2.png,data/processed/validation/genuine/original_42_6.png,0,random_forgery,9,42
data/processed/train/genuine/original_13_15.png,data/processed/train/forged/forgeries_13_17.png,0,skilled_forgery,13,13
data/processed/validation/genuine/original_41_18.png,data/processed/validation/genuine/original_41_7.png,1,genuine_genuine,41,41
data/processed/train/genuine/original_32_13.png,data/processed/train/genuine/original_32_6.png,1,genuine_genuine,32,32
data/processed/train/genuine/original_17_23.png,data/processed/train/genuine/original_17_8.png,1,genuine_genuine,17,17
data/processed/train/genuine/original_34_13.png,data/processed/train/genuine/original_34_23.png,1,genuine_genuine,34,34
data/processed/validation/genuine/original_42_15.png,data/processed/validation/genuine/original_42_7.png,1,genuine_genuine,42,42
data/processed/train/genuine/original_31_19.png,data/processed/train/forged/forgeries_31_15.png,0,skilled_forgery,31,31
data/processed/train/genuine/original_14_15.png,data/processed/train/genuine/original_14_19.png,1,genuine_genuine,14,14
data/processed/train/genuine/original_10_13.png,data/processed/train/forged/forgeries_10_11.png,0,skilled_forgery,10,10
data/processed/train/genuine/original_35_14.png,data/processed/train/genuine/original_3_3.png,0,random_forgery,35,3
data/processed/train/genuine/original_6_10.png,data/processed/train/genuine/original_6_12.png,1,genuine_genuine,6,6
data/processed/train/genuine/original_15_10.png,data/processed/train/genuine/original_15_19.png,1,genuine_genuine,15,15
data/processed/train/genuine/original_29_18.png,data/processed/train/genuine/original_29_6.png,1,genuine_genuine,29,29
data/processed/validation/genuine/original_37_14.png,data/processed/validation/genuine/original_37_8.png,1,genuine_genuine,37,37
data/processed/train/genuine/original_18_8.png,data/processed/train/forged/forgeries_18_21.png,0,skilled_forgery,18,18
data/processed/train/genuine/original_8_12.png,data/processed/train/genuine/original_8_5.png,1,genuine_genuine,8,8
data/processed/train/genuine/original_35_13.png,data/processed/train/genuine/original_35_3.png,1,genuine_genuine,35,35
data/processed/train/genuine/original_33_14.png,data/processed/train/genuine/original_33_9.png,1,genuine_genuine,33,33
data/processed/validation/genuine/original_37_3.png,data/processed/validation/genuine/original_37_4.png,1,genuine_genuine,37,37
data/processed/train/genuine/original_8_4.png,data/processed/train/genuine/original_8_5.png,1,genuine_genuine,8,8
data/processed/train/genuine/original_28_21.png,data/processed/train/forged/forgeries_28_13.png,0,skilled_forgery,28,28
data/processed/validation/genuine/original_39_15.png,data/processed/validation/genuine/original_39_6.png,1,genuine_genuine,39,39
data/processed/train/genuine/original_33_12.png,data/processed/train/genuine/original_33_23.png,1,genuine_genuine,33,33
data/processed/train/genuine/original_16_10.png,data/processed/train/genuine/original_16_9.png,1,genuine_genuine,16,16
data/processed/train/genuine/original_15_22.png,data/processed/train/forged/forgeries_15_3.png,0,skilled_forgery,15,15
data/processed/validation/genuine/original_37_15.png,data/processed/validation/forged/forgeries_37_14.png,0,skilled_forgery,37,37
data/processed/train/genuine/original_4_11.png,data/processed/train/genuine/original_4_8.png,1,genuine_genuine,4,4
data/processed/validation/genuine/original_39_11.png,data/processed/train/genuine/original_12_13.png,0,random_forgery,39,12
data/processed/validation/genuine/original_39_19.png,data/processed/validation/genuine/original_39_5.png,1,genuine_genuine,39,39
data/processed/train/genuine/original_14_22.png,data/processed/train/forged/forgeries_14_15.png,0,skilled_forgery,14,14
data/processed/validation/genuine/original_39_6.png,data/processed/train/genuine/original_1_17.png,0,random_forgery,39,1
data/processed/train/genuine/original_11_18.png,data/processed/train/genuine/original_11_9.png,1,genuine_genuine,11,11
data/processed/validation/genuine/original_36_11.png,data/processed/validation/genuine/original_36_4.png,1,genuine_genuine,36,36
data/processed/train/genuine/original_8_19.png,data/processed/train/genuine/original_8_20.png,1,genuine_genuine,8,8
data/processed/validation/genuine/original_38_21.png,data/processed/train/genuine/original_15_6.png,0,random_forgery,38,15
data/processed/train/genuine/original_16_21.png,data/processed/train/forged/forgeries_16_9.png,0,skilled_forgery,16,16
data/processed/train/genuine/original_16_12.png,data/processed/train/genuine/original_16_16.png,1,genuine_genuine,16,16
data/processed/train/genuine/original_32_21.png,data/processed/train/genuine/original_32_6.png,1,genuine_genuine,32,32
data/processed/train/genuine/original_35_3.png,data/processed/train/genuine/original_30_5.png,0,random_forgery,35,30
data/processed/train/genuine/original_6_17.png,data/processed/train/forged/forgeries_6_5.png,0,skilled_forgery,6,6
data/processed/validation/genuine/original_39_15.png,data/processed/validation/forged/forgeries_39_24.png,0,skilled_forgery,39,39
data/processed/validation/genuine/original_39_14.png,data/processed/validation/genuine/original_39_5.png,1,genuine_genuine,39,39
data/processed/train/genuine/original_7_23.png,data/processed/validation/genuine/original_39_15.png,0,random_forgery,7,39
data/processed/validation/genuine/original_44_19.png,data/processed/validation/genuine/original_44_4.png,1,genuine_genuine,44,44
data/processed/train/genuine/original_12_12.png,data/processed/train/genuine/original_12_3.png,1,genuine_genuine,12,12
data/processed/validation/genuine/original_44_17.png,data/processed/validation/genuine/original_44_8.png,1,genuine_genuine,44,44
data/processed/validation/genuine/original_41_10.png,data/processed/validation/genuine/original_41_13.png,1,genuine_genuine,41,41
data/processed/train/genuine/original_32_10.png,data/processed/train/genuine/original_32_14.png,1,genuine_genuine,32,32
data/processed/train/genuine/original_17_12.png,data/processed/train/genuine/original_17_4.png,1,genuine_genuine,17,17
data/processed/train/genuine/original_12_2.png,data/processed/train/forged/forgeries_12_20.png,0,skilled_forgery,12,12
data/processed/validation/genuine/original_44_18.png,data/processed/validation/genuine/original_44_23.png,1,genuine_genuine,44,44
data/processed/train/genuine/original_17_12.png,data/processed/train/forged/forgeries_17_10.png,0,skilled_forgery,17,17
data/processed/train/genuine/original_2_14.png,data/processed/train/genuine/original_29_17.png,0,random_forgery,2,29
data/processed/train/genuine/original_15_22.png,data/processed/train/forged/forgeries_15_4.png,0,skilled_forgery,15,15
data/processed/train/genuine/original_31_13.png,data/processed/train/genuine/original_31_4.png,1,genuine_genuine,31,31
data/processed/train/genuine/original_14_5.png,data/processed/train/genuine/original_14_8.png,1,genuine_genuine,14,14
data/processed/validation/genuine/original_41_2.png,data/processed/validation/genuine/original_41_8.png,1,genuine_genuine,41,41
data/processed/train/genuine/original_10_1.png,data/processed/train/genuine/original_10_9.png,1,genuine_genuine,10,10
data/processed/train/genuine/original_16_11.png,data/processed/train/genuine/original_16_18.png,1,genuine_genuine,16,16
data/processed/train/genuine/original_10_21.png,data/processed/train/genuine/original_10_5.png,1,genuine_genuine,10,10
data/processed/train/genuine/original_13_19.png,data/processed/validation/genuine/original_36_10.png,0,random_forgery,13,36
data/processed/validation/genuine/original_42_1.png,data/processed/validation/genuine/original_36_11.png,0,random_forgery,42,36
data/processed/train/genuine/original_6_10.png,data/processed/train/genuine/original_6_11.png,1,genuine_genuine,6,6
data/processed/train/genuine/original_4_10.png,data/processed/train/genuine/original_4_7.png,1,genuine_genuine,4,4
data/processed/train/genuine/original_15_14.png,data/processed/train/genuine/original_15_18.png,1,genuine_genuine,15,15
data/processed/train/genuine/original_15_10.png,data/processed/train/genuine/original_15_16.png,1,genuine_genuine,15,15
data/processed/train/genuine/original_15_12.png,data/processed/train/genuine/original_15_2.png,1,genuine_genuine,15,15
data/processed/train/genuine/original_3_18.png,data/processed/train/genuine/original_3_3.png,1,genuine_genuine,3,3
data/processed/train/genuine/original_13_10.png,data/processed/train/genuine/original_3_3.png,0,random_forgery,13,3
data/processed/train/genuine/original_8_18.png,data/processed/train/genuine/original_8_23.png,1,genuine_genuine,8,8
data/processed/train/genuine/original_6_16.png,data/processed/train/forged/forgeries_6_24.png,0,skilled_forgery,6,6
data/processed/validation/genuine/original_43_6.png,data/processed/validation/genuine/original_43_9.png,1,genuine_genuine,43,43
data/processed/train/genuine/original_3_11.png,data/processed/train/genuine/original_3_9.png,1,genuine_genuine,3,3
data/processed/train/genuine/original_6_13.png,data/processed/train/forged/forgeries_6_9.png,0,skilled_forgery,6,6
data/processed/train/genuine/original_33_2.png,data/processed/train/genuine/original_33_5.png,1,genuine_genuine,33,33
data/processed/train/genuine/original_5_18.png,data/processed/train/forged/forgeries_5_20.png,0,skilled_forgery,5,5
data/processed/train/genuine/original_4_13.png,data/processed/train/genuine/original_18_1.png,0,random_forgery,4,18
data/processed/train/genuine/original_31_17.png,data/processed/train/genuine/original_31_23.png,1,genuine_genuine,31,31
data/processed/train/genuine/original_31_16.png,data/processed/train/genuine/original_31_6.png,1,genuine_genuine,31,31
data/processed/train/genuine/original_11_10.png,data/processed/train/genuine/original_11_19.png,1,genuine_genuine,11,11
data/processed/train/genuine/original_5_11.png,data/processed/train/genuine/original_5_8.png,1,genuine_genuine,5,5
data/processed/train/genuine/original_28_22.png,data/processed/train/forged/forgeries_28_22.png,0,skilled_forgery,28,28
data/processed/validation/genuine/original_40_21.png,data/processed/validation/forged/forgeries_40_16.png,0,skilled_forgery,40,40
data/processed/train/genuine/original_1_8.png,data/processed/train/forged/forgeries_1_1.png,0,skilled_forgery,1,1
data/processed/validation/genuine/original_39_2.png,data/processed/validation/genuine/original_39_8.png,1,genuine_genuine,39,39
data/processed/train/genuine/original_3_17.png,data/processed/train/forged/forgeries_3_23.png,0,skilled_forgery,3,3
data/processed/train/genuine/original_15_15.png,data/processed/train/genuine/original_12_16.png,0,random_forgery,15,12
data/processed/validation/genuine/original_43_9.png,data/processed/validation/forged/forgeries_43_6.png,0,skilled_forgery,43,43
data/processed/train/genuine/original_2_16.png,data/processed/train/forged/forgeries_2_11.png,0,skilled_forgery,2,2
data/processed/train/genuine/original_34_3.png,data/processed/train/forged/forgeries_34_15.png,0,skilled_forgery,34,34
data/processed/train/genuine/original_2_11.png,data/processed/train/genuine/original_2_7.png,1,genuine_genuine,2,2
data/processed/train/genuine/original_34_12.png,data/processed/train/forged/forgeries_34_8.png,0,skilled_forgery,34,34
data/processed/train/genuine/original_15_21.png,data/processed/train/forged/forgeries_15_18.png,0,skilled_forgery,15,15
data/processed/train/genuine/original_4_16.png,data/processed/train/genuine/original_4_9.png,1,genuine_genuine,4,4
data/processed/train/genuine/original_16_22.png,data/processed/train/forged/forgeries_16_4.png,0,skilled_forgery,16,16
data/processed/validation/genuine/original_45_19.png,data/processed/validation/genuine/original_45_5.png,1,genuine_genuine,45,45
data/processed/train/genuine/original_34_12.png,data/processed/train/genuine/original_34_13.png,1,genuine_genuine,34,34
data/processed/train/genuine/original_34_12.png,data/processed/train/genuine/original_34_22.png,1,genuine_genuine,34,34
data/processed/validation/genuine/original_45_10.png,data/processed/validation/genuine/original_45_21.png,1,genuine_genuine,45,45
data/processed/train/genuine/original_29_23.png,data/processed/train/genuine/original_29_4.png,1,genuine_genuine,29,29
data/processed/train/genuine/original_31_5.png,data/processed/train/genuine/original_15_24.png,0,random_forgery,31,15
data/processed/train/genuine/original_10_9.png,data/processed/train/forged/forgeries_10_1.png,0,skilled_forgery,10,10
data/processed/train/genuine/original_31_10.png,data/processed/train/forged/forgeries_31_14.png,0,skilled_forgery,31,31
data/processed/train/genuine/original_4_23.png,data/processed/train/genuine/original_4_24.png,1,genuine_genuine,4,4
data/processed/train/genuine/original_35_14.png,data/processed/train/genuine/original_35_21.png,1,genuine_genuine,35,35
data/processed/validation/genuine/original_38_11.png,data/processed/validation/forged/forgeries_38_14.png,0,skilled_forgery,38,38
data/processed/validation/genuine/original_38_16.png,data/processed/validation/genuine/original_38_6.png,1,genuine_genuine,38,38
data/processed/train/genuine/original_12_13.png,data/processed/train/genuine/original_12_19.png,1,genuine_genuine,12,12
data/processed/train/genuine/original_33_19.png,data/processed/train/forged/forgeries_33_20.png,0,skilled_forgery,33,33
data/processed/train/genuine/original_15_13.png,data/processed/train/genuine/original_15_23.png,1,genuine_genuine,15,15
data/processed/train/genuine/original_14_20.png,data/processed/train/genuine/original_14_8.png,1,genuine_genuine,14,14
data/processed/train/genuine/original_33_24.png,data/processed/train/genuine/original_1_23.png,0,random_forgery,33,1
data/processed/validation/genuine/original_41_13.png,data/processed/validation/genuine/original_41_7.png,1,genuine_genuine,41,41
data/processed/train/genuine/original_32_10.png,data/processed/train/forged/forgeries_32_13.png,0,skilled_forgery,32,32
data/processed/train/genuine/original_34_2.png,data/processed/train/genuine/original_34_3.png,1,genuine_genuine,34,34
data/processed/train/genuine/original_30_24.png,data/processed/train/genuine/original_30_7.png,1,genuine_genuine,30,30
data/processed/validation/genuine/original_39_2.png,data/processed/validation/forged/forgeries_39_10.png,0,skilled_forgery,39,39
data/processed/validation/genuine/original_41_20.png,data/processed/train/genuine/original_29_15.png,0,random_forgery,41,29
data/processed/validation/genuine/original_38_13.png,data/processed/validation/genuine/original_38_22.png,1,genuine_genuine,38,38
data/processed/train/genuine/original_5_16.png,data/processed/train/genuine/original_5_24.png,1,genuine_genuine,5,5
data/processed/train/genuine/original_35_19.png,data/processed/train/genuine/original_35_22.png,1,genuine_genuine,35,35
data/processed/train/genuine/original_11_18.png,data/processed/train/genuine/original_11_23.png,1,genuine_genuine,11,11
data/processed/validation/genuine/original_43_16.png,data/processed/train/genuine/original_30_9.png,0,random_forgery,43,30
data/processed/train/genuine/original_34_1.png,data/processed/train/genuine/original_34_14.png,1,genuine_genuine,34,34
data/processed/train/genuine/original_32_21.png,data/processed/train/forged/forgeries_32_19.png,0,skilled_forgery,32,32
data/processed/train/genuine/original_29_10.png,data/processed/train/genuine/original_29_3.png,1,genuine_genuine,29,29
data/processed/train/genuine/original_16_6.png,data/processed/train/forged/forgeries_16_13.png,0,skilled_forgery,16,16
data/processed/validation/genuine/original_36_10.png,data/processed/validation/genuine/original_36_5.png,1,genuine_genuine,36,36
data/processed/validation/genuine/original_36_1.png,data/processed/validation/forged/forgeries_36_13.png,0,skilled_forgery,36,36
data/processed/train/genuine/original_6_16.png,data/processed/train/forged/forgeries_6_15.png,0,skilled_forgery,6,6
data/processed/train/genuine/original_18_8.png,data/processed/train/genuine/original_29_16.png,0,random_forgery,18,29
data/processed/train/genuine/original_13_11.png,data/processed/train/genuine/original_13_20.png,1,genuine_genuine,13,13
data/processed/train/genuine/original_15_3.png,data/processed/train/genuine/original_15_6.png,1,genuine_genuine,15,15
data/processed/validation/genuine/original_40_21.png,data/processed/validation/genuine/original_40_23.png,1,genuine_genuine,40,40
data/processed/train/genuine/original_9_10.png,data/processed/train/forged/forgeries_9_17.png,0,skilled_forgery,9,9
data/processed/validation/genuine/original_36_16.png,data/processed/validation/genuine/original_36_23.png,1,genuine_genuine,36,36
data/processed/train/genuine/original_17_19.png,data/processed/train/genuine/original_17_5.png,1,genuine_genuine,17,17
data/processed/validation/genuine/original_36_10.png,data/processed/train/genuine/original_5_2.png,0,random_forgery,36,5
data/processed/train/genuine/original_5_21.png,data/processed/train/genuine/original_5_4.png,1,genuine_genuine,5,5
data/processed/train/genuine/original_11_14.png,data/processed/train/forged/forgeries_11_14.png,0,skilled_forgery,11,11
data/processed/validation/genuine/original_44_10.png,data/processed/validation/forged/forgeries_44_3.png,0,skilled_forgery,44,44
data/processed/train/genuine/original_12_13.png,data/processed/train/genuine/original_15_2.png,0,random_forgery,12,15
data/processed/train/genuine/original_17_21.png,data/processed/train/genuine/original_17_8.png,1,genuine_genuine,17,17
data/processed/validation/genuine/original_41_20.png,data/processed/validation/genuine/original_41_8.png,1,genuine_genuine,41,41
data/processed/train/genuine/original_11_23.png,data/processed/train/forged/forgeries_11_9.png,0,skilled_forgery,11,11
data/processed/train/genuine/original_12_6.png,data/processed/train/forged/forgeries_12_17.png,0,skilled_forgery,12,12
data/processed/train/genuine/original_33_22.png,data/processed/train/genuine/original_33_7.png,1,genuine_genuine,33,33
data/processed/validation/genuine/original_40_7.png,data/processed/validation/genuine/original_42_15.png,0,random_forgery,40,42
data/processed/train/genuine/original_33_14.png,data/processed/train/genuine/original_18_22.png,0,random_forgery,33,18
data/processed/train/genuine/original_29_13.png,data/processed/train/genuine/original_29_3.png,1,genuine_genuine,29,29
data/processed/train/genuine/original_16_20.png,data/processed/train/genuine/original_16_5.png,1,genuine_genuine,16,16
data/processed/train/genuine/original_13_12.png,data/processed/train/genuine/original_13_4.png,1,genuine_genuine,13,13
data/processed/train/genuine/original_9_20.png,data/processed/train/genuine/original_9_7.png,1,genuine_genuine,9,9
data/processed/train/genuine/original_18_10.png,data/processed/train/genuine/original_18_6.png,1,genuine_genuine,18,18
data/processed/train/genuine/original_12_24.png,data/processed/train/genuine/original_12_7.png,1,genuine_genuine,12,12
data/processed/train/genuine/original_28_6.png,data/processed/train/forged/forgeries_28_15.png,0,skilled_forgery,28,28
data/processed/validation/genuine/original_40_17.png,data/processed/validation/forged/forgeries_40_16.png,0,skilled_forgery,40,40
data/processed/train/genuine/original_9_18.png,data/processed/train/forged/forgeries_9_16.png,0,skilled_forgery,9,9
data/processed/train/genuine/original_2_12.png,data/processed/train/forged/forgeries_2_10.png,0,skilled_forgery,2,2
data/processed/train/genuine/original_16_23.png,data/processed/train/forged/forgeries_16_23.png,0,skilled_forgery,16,16
data/processed/train/genuine/original_34_24.png,data/processed/train/genuine/original_34_4.png,1,genuine_genuine,34,34
data/processed/validation/genuine/original_43_11.png,data/processed/validation/genuine/original_36_15.png,0,random_forgery,43,36
data/processed/validation/genuine/original_41_17.png,data/processed/validation/genuine/original_41_20.png,1,genuine_genuine,41,41
data/processed/train/genuine/original_18_3.png,data/processed/validation/genuine/original_42_14.png,0,random_forgery,18,42
data/processed/train/genuine/original_7_24.png,data/processed/train/genuine/original_34_17.png,0,random_forgery,7,34
data/processed/train/genuine/original_7_14.png,data/processed/train/forged/forgeries_7_15.png,0,skilled_forgery,7,7
data/processed/train/genuine/original_1_24.png,data/processed/train/forged/forgeries_1_22.png,0,skilled_forgery,1,1
data/processed/train/genuine/original_12_9.png,data/processed/train/genuine/original_8_23.png,0,random_forgery,12,8
data/processed/train/genuine/original_32_13.png,data/processed/train/genuine/original_30_24.png,0,random_forgery,32,30
data/processed/train/genuine/original_8_21.png,data/processed/train/forged/forgeries_8_6.png,0,skilled_forgery,8,8
data/processed/train/genuine/original_16_8.png,data/processed/train/forged/forgeries_16_14.png,0,skilled_forgery,16,16
data/processed/train/genuine/original_30_6.png,data/processed/validation/genuine/original_36_15.png,0,random_forgery,30,36
data/processed/validation/genuine/original_38_18.png,data/processed/validation/genuine/original_38_8.png,1,genuine_genuine,38,38
data/processed/train/genuine/original_35_10.png,data/processed/train/genuine/original_35_13.png,1,genuine_genuine,35,35
data/processed/train/genuine/original_35_12.png,data/processed/train/genuine/original_35_15.png,1,genuine_genuine,35,35
data/processed/train/genuine/original_14_24.png,data/processed/train/genuine/original_14_4.png,1,genuine_genuine,14,14
data/processed/train/genuine/original_31_9.png,data/processed/train/forged/forgeries_31_14.png,0,skilled_forgery,31,31
data/processed/train/genuine/original_11_18.png,data/processed/train/forged/forgeries_11_13.png,0,skilled_forgery,11,11
data/processed/validation/genuine/original_38_10.png,data/processed/validation/genuine/original_38_13.png,1,genuine_genuine,38,38
data/processed/train/genuine/original_34_13.png,data/processed/train/genuine/original_34_3.png,1,genuine_genuine,34,34
data/processed/train/genuine/original_6_17.png,data/processed/train/genuine/original_6_24.png,1,genuine_genuine,6,6
data/processed/validation/genuine/original_42_13.png,data/processed/train/genuine/original_33_18.png,0,random_forgery,42,33
data/processed/train/genuine/original_1_1.png,data/processed/train/genuine/original_1_16.png,1,genuine_genuine,1,1
data/processed/train/genuine/original_1_22.png,data/processed/train/genuine/original_1_5.png,1,genuine_genuine,1,1
data/processed/train/genuine/original_30_20.png,data/processed/train/genuine/original_30_4.png,1,genuine_genuine,30,30
data/processed/validation/genuine/original_38_13.png,data/processed/validation/forged/forgeries_38_8.png,0,skilled_forgery,38,38
data/processed/train/genuine/original_12_14.png,data/processed/train/forged/forgeries_12_19.png,0,skilled_forgery,12,12
data/processed/train/genuine/original_11_13.png,data/processed/train/forged/forgeries_11_14.png,0,skilled_forgery,11,11
data/processed/validation/genuine/original_43_21.png,data/processed/validation/forged/forgeries_43_24.png,0,skilled_forgery,43,43
data/processed/train/genuine/original_10_4.png,data/processed/train/forged/forgeries_10_6.png,0,skilled_forgery,10,10
data/processed/train/genuine/original_30_14.png,data/processed/train/genuine/original_10_17.png,0,random_forgery,30,10
data/processed/train/genuine/original_17_4.png,data/processed/train/genuine/original_17_9.png,1,genuine_genuine,17,17
data/processed/validation/genuine/original_42_16.png,data/processed/validation/forged/forgeries_42_21.png,0,skilled_forgery,42,42
data/processed/validation/genuine/original_36_16.png,data/processed/validation/genuine/original_40_20.png,0,random_forgery,36,40
data/processed/train/genuine/original_16_17.png,data/processed/train/genuine/original_16_22.png,1,genuine_genuine,16,16
data/processed/train/genuine/original_34_1.png,data/processed/train/genuine/original_34_11.png,1,genuine_genuine,34,34
data/processed/train/genuine/original_15_22.png,data/processed/train/genuine/original_15_5.png,1,genuine_genuine,15,15
data/processed/validation/genuine/original_43_7.png,data/processed/validation/forged/forgeries_43_24.png,0,skilled_forgery,43,43
data/processed/train/genuine/original_30_7.png,data/processed/train/forged/forgeries_30_21.png,0,skilled_forgery,30,30
data/processed/validation/genuine/original_45_21.png,data/processed/validation/forged/forgeries_45_2.png,0,skilled_forgery,45,45
data/processed/train/genuine/original_28_18.png,data/processed/train/genuine/original_28_8.png,1,genuine_genuine,28,28
data/processed/train/genuine/original_18_17.png,data/processed/validation/genuine/original_43_13.png,0,random_forgery,18,43
data/processed/train/genuine/original_13_15.png,data/processed/train/genuine/original_13_9.png,1,genuine_genuine,13,13
data/processed/train/genuine/original_2_10.png,data/processed/train/genuine/original_2_19.png,1,genuine_genuine,2,2
data/processed/train/genuine/original_9_12.png,data/processed/train/forged/forgeries_9_17.png,0,skilled_forgery,9,9
data/processed/validation/genuine/original_36_16.png,data/processed/validation/genuine/original_36_20.png,1,genuine_genuine,36,36
data/processed/train/genuine/original_4_17.png,data/processed/train/genuine/original_4_9.png,1,genuine_genuine,4,4
data/processed/train/genuine/original_29_20.png,data/processed/train/forged/forgeries_29_17.png,0,skilled_forgery,29,29
data/processed/train/genuine/original_33_14.png,data/processed/train/genuine/original_33_15.png,1,genuine_genuine,33,33
data/processed/train/genuine/original_35_10.png,data/processed/train/genuine/original_35_15.png,1,genuine_genuine,35,35
data/processed/train/genuine/original_3_15.png,data/processed/train/genuine/original_13_20.png,0,random_forgery,3,13
data/processed/train/genuine/original_3_8.png,data/processed/train/genuine/original_7_2.png,0,random_forgery,3,7
data/processed/validation/genuine/original_43_15.png,data/processed/validation/forged/forgeries_43_5.png,0,skilled_forgery,43,43
data/processed/train/genuine/original_34_5.png,data/processed/train/genuine/original_13_4.png,0,random_forgery,34,13
data/processed/train/genuine/original_34_15.png,data/processed/train/genuine/original_34_2.png,1,genuine_genuine,34,34
data/processed/validation/genuine/original_37_1.png,data/processed/train/genuine/original_2_21.png,0,random_forgery,37,2
data/processed/train/genuine/original_9_5.png,data/processed/train/genuine/original_2_12.png,0,random_forgery,9,2
data/processed/train/genuine/original_18_18.png,data/processed/train/forged/forgeries_18_9.png,0,skilled_forgery,18,18
data/processed/train/genuine/original_9_20.png,data/processed/train/genuine/original_9_8.png,1,genuine_genuine,9,9
data/processed/train/genuine/original_8_3.png,data/processed/train/genuine/original_1_15.png,0,random_forgery,8,1
data/processed/train/genuine/original_11_12.png,data/processed/train/forged/forgeries_11_4.png,0,skilled_forgery,11,11
data/processed/validation/genuine/original_36_15.png,data/processed/validation/forged/forgeries_36_10.png,0,skilled_forgery,36,36
data/processed/train/genuine/original_15_1.png,data/processed/train/forged/forgeries_15_22.png,0,skilled_forgery,15,15
data/processed/train/genuine/original_10_24.png,data/processed/train/forged/forgeries_10_11.png,0,skilled_forgery,10,10
data/processed/train/genuine/original_31_10.png,data/processed/train/forged/forgeries_31_4.png,0,skilled_forgery,31,31
data/processed/train/genuine/original_33_22.png,data/processed/train/genuine/original_10_22.png,0,random_forgery,33,10
data/processed/validation/genuine/original_38_5.png,data/processed/validation/forged/forgeries_38_8.png,0,skilled_forgery,38,38
data/processed/validation/genuine/original_39_8.png,data/processed/validation/genuine/original_39_9.png,1,genuine_genuine,39,39
data/processed/train/genuine/original_14_19.png,data/processed/train/genuine/original_14_9.png,1,genuine_genuine,14,14
data/processed/train/genuine/original_31_6.png,data/processed/train/genuine/original_31_7.png,1,genuine_genuine,31,31
data/processed/validation/genuine/original_45_1.png,data/processed/train/genuine/original_14_9.png,0,random_forgery,45,14
data/processed/train/genuine/original_30_1.png,data/processed/train/genuine/original_30_17.png,1,genuine_genuine,30,30
data/processed/train/genuine/original_3_21.png,data/processed/train/forged/forgeries_3_11.png,0,skilled_forgery,3,3
data/processed/train/genuine/original_14_4.png,data/processed/train/genuine/original_14_5.png,1,genuine_genuine,14,14
data/processed/train/genuine/original_10_3.png,data/processed/validation/genuine/original_37_11.png,0,random_forgery,10,37
data/processed/train/genuine/original_16_11.png,data/processed/train/genuine/original_16_12.png,1,genuine_genuine,16,16
data/processed/train/genuine/original_7_23.png,data/processed/train/forged/forgeries_7_13.png,0,skilled_forgery,7,7
data/processed/train/genuine/original_15_13.png,data/processed/train/forged/forgeries_15_5.png,0,skilled_forgery,15,15
data/processed/validation/genuine/original_40_12.png,data/processed/validation/genuine/original_40_16.png,1,genuine_genuine,40,40
data/processed/train/genuine/original_7_22.png,data/processed/train/forged/forgeries_7_7.png,0,skilled_forgery,7,7
data/processed/train/genuine/original_15_2.png,data/processed/train/genuine/original_15_9.png,1,genuine_genuine,15,15
data/processed/validation/genuine/original_37_22.png,data/processed/validation/forged/forgeries_37_13.png,0,skilled_forgery,37,37
data/processed/train/genuine/original_5_8.png,data/processed/train/forged/forgeries_5_16.png,0,skilled_forgery,5,5
data/processed/validation/genuine/original_38_11.png,data/processed/validation/genuine/original_38_19.png,1,genuine_genuine,38,38
data/processed/train/genuine/original_3_18.png,data/processed/train/genuine/original_3_9.png,1,genuine_genuine,3,3
data/processed/validation/genuine/original_36_21.png,data/processed/validation/forged/forgeries_36_7.png,0,skilled_forgery,36,36
data/processed/train/genuine/original_4_6.png,data/processed/train/genuine/original_4_9.png,1,genuine_genuine,4,4
data/processed/validation/genuine/original_40_10.png,data/processed/validation/genuine/original_40_19.png,1,genuine_genuine,40,40
data/processed/validation/genuine/original_37_17.png,data/processed/validation/genuine/original_37_18.png,1,genuine_genuine,37,37
data/processed/train/genuine/original_3_17.png,data/processed/train/genuine/original_8_22.png,0,random_forgery,3,8
data/processed/train/genuine/original_5_16.png,data/processed/train/genuine/original_5_4.png,1,genuine_genuine,5,5
data/processed/train/genuine/original_9_2.png,data/processed/train/genuine/original_9_20.png,1,genuine_genuine,9,9
data/processed/validation/genuine/original_38_3.png,data/processed/validation/genuine/original_38_4.png,1,genuine_genuine,38,38
data/processed/train/genuine/original_11_21.png,data/processed/train/forged/forgeries_11_20.png,0,skilled_forgery,11,11
data/processed/train/genuine/original_10_10.png,data/processed/train/genuine/original_10_13.png,1,genuine_genuine,10,10
data/processed/train/genuine/original_33_17.png,data/processed/train/genuine/original_33_22.png,1,genuine_genuine,33,33
data/processed/train/genuine/original_4_18.png,data/processed/train/genuine/original_7_20.png,0,random_forgery,4,7
data/processed/train/genuine/original_7_11.png,data/processed/train/genuine/original_7_3.png,1,genuine_genuine,7,7
data/processed/validation/genuine/original_43_12.png,data/processed/validation/genuine/original_43_20.png,1,genuine_genuine,43,43
data/processed/validation/genuine/original_43_15.png,data/processed/validation/forged/forgeries_43_16.png,0,skilled_forgery,43,43
data/processed/train/genuine/original_1_19.png,data/processed/train/genuine/original_1_8.png,1,genuine_genuine,1,1
data/processed/train/genuine/original_2_17.png,data/processed/train/genuine/original_16_15.png,0,random_forgery,2,16
data/processed/validation/genuine/original_42_24.png,data/processed/validation/genuine/original_42_8.png,1,genuine_genuine,42,42
data/processed/train/genuine/original_1_24.png,data/processed/train/forged/forgeries_1_24.png,0,skilled_forgery,1,1
data/processed/train/genuine/original_2_15.png,data/processed/train/genuine/original_2_5.png,1,genuine_genuine,2,2
data/processed/train/genuine/original_7_20.png,data/processed/train/forged/forgeries_7_12.png,0,skilled_forgery,7,7
data/processed/validation/genuine/original_44_11.png,data/processed/validation/genuine/original_44_3.png,1,genuine_genuine,44,44
data/processed/train/genuine/original_11_24.png,data/processed/train/forged/forgeries_11_8.png,0,skilled_forgery,11,11
data/processed/validation/genuine/original_37_15.png,data/processed/validation/genuine/original_37_3.png,1,genuine_genuine,37,37
data/processed/train/genuine/original_6_2.png,data/processed/train/genuine/original_6_7.png,1,genuine_genuine,6,6
data/processed/train/genuine/original_5_10.png,data/processed/train/forged/forgeries_5_8.png,0,skilled_forgery,5,5
data/processed/train/genuine/original_8_1.png,data/processed/train/genuine/original_8_5.png,1,genuine_genuine,8,8
data/processed/train/genuine/original_8_20.png,data/processed/train/forged/forgeries_8_9.png,0,skilled_forgery,8,8
data/processed/train/genuine/original_15_19.png,data/processed/train/genuine/original_13_11.png,0,random_forgery,15,13
data/processed/train/genuine/original_11_12.png,data/processed/validation/genuine/original_42_20.png,0,random_forgery,11,42
data/processed/train/genuine/original_29_13.png,data/processed/train/genuine/original_29_20.png,1,genuine_genuine,29,29
data/processed/train/genuine/original_1_22.png,data/processed/train/genuine/original_1_9.png,1,genuine_genuine,1,1
data/processed/validation/genuine/original_43_9.png,data/processed/validation/forged/forgeries_43_9.png,0,skilled_forgery,43,43
data/processed/validation/genuine/original_37_19.png,data/processed/validation/genuine/original_37_2.png,1,genuine_genuine,37,37
data/processed/train/genuine/original_29_11.png,data/processed/train/forged/forgeries_29_24.png,0,skilled_forgery,29,29
data/processed/train/genuine/original_17_13.png,data/processed/train/genuine/original_17_9.png,1,genuine_genuine,17,17
data/processed/train/genuine/original_6_17.png,data/processed/train/genuine/original_6_20.png,1,genuine_genuine,6,6
data/processed/train/genuine/original_3_3.png,data/processed/train/genuine/original_3_6.png,1,genuine_genuine,3,3
data/processed/train/genuine/original_30_18.png,data/processed/train/genuine/original_8_6.png,0,random_forgery,30,8
data/processed/train/genuine/original_3_10.png,data/processed/train/genuine/original_3_14.png,1,genuine_genuine,3,3
data/processed/validation/genuine/original_36_20.png,data/processed/validation/genuine/original_36_22.png,1,genuine_genuine,36,36
data/processed/train/genuine/original_6_17.png,data/processed/train/genuine/original_6_19.png,1,genuine_genuine,6,6
data/processed/train/genuine/original_33_1.png,data/processed/train/genuine/original_33_24.png,1,genuine_genuine,33,33
data/processed/validation/genuine/original_37_11.png,data/processed/validation/genuine/original_37_22.png,1,genuine_genuine,37,37
data/processed/train/genuine/original_9_20.png,data/processed/train/forged/forgeries_9_7.png,0,skilled_forgery,9,9
data/processed/train/genuine/original_34_19.png,data/processed/train/forged/forgeries_34_2.png,0,skilled_forgery,34,34
data/processed/validation/genuine/original_36_16.png,data/processed/train/genuine/original_15_15.png,0,random_forgery,36,15
data/processed/train/genuine/original_5_6.png,data/processed/train/forged/forgeries_5_14.png,0,skilled_forgery,5,5
data/processed/train/genuine/original_5_17.png,data/processed/validation/genuine/original_45_5.png,0,random_forgery,5,45
data/processed/train/genuine/original_35_20.png,data/processed/train/genuine/original_35_3.png,1,genuine_genuine,35,35
data/processed/validation/genuine/original_42_13.png,data/processed/train/genuine/original_13_1.png,0,random_forgery,42,13
data/processed/train/genuine/original_30_1.png,data/processed/train/forged/forgeries_30_10.png,0,skilled_forgery,30,30
data/processed/train/genuine/original_11_6.png,data/processed/train/forged/forgeries_11_8.png,0,skilled_forgery,11,11
data/processed/train/genuine/original_16_10.png,data/processed/train/genuine/original_16_13.png,1,genuine_genuine,16,16
data/processed/train/genuine/original_17_5.png,data/processed/validation/genuine/original_40_24.png,0,random_forgery,17,40
data/processed/validation/genuine/original_43_2.png,data/processed/validation/forged/forgeries_43_13.png,0,skilled_forgery,43,43
data/processed/train/genuine/original_2_21.png,data/processed/train/forged/forgeries_2_10.png,0,skilled_forgery,2,2
data/processed/train/genuine/original_15_24.png,data/processed/train/genuine/original_11_21.png,0,random_forgery,15,11
data/processed/validation/genuine/original_38_14.png,data/processed/validation/genuine/original_38_23.png,1,genuine_genuine,38,38
data/processed/train/genuine/original_31_16.png,data/processed/train/genuine/original_15_8.png,0,random_forgery,31,15
data/processed/train/genuine/original_12_5.png,data/processed/train/genuine/original_12_7.png,1,genuine_genuine,12,12
data/processed/train/genuine/original_34_9.png,data/processed/train/forged/forgeries_34_23.png,0,skilled_forgery,34,34
data/processed/train/genuine/original_10_20.png,data/processed/train/genuine/original_10_23.png,1,genuine_genuine,10,10
data/processed/train/genuine/original_2_11.png,data/processed/train/genuine/original_2_16.png,1,genuine_genuine,2,2
data/processed/train/genuine/original_17_12.png,data/processed/train/genuine/original_17_22.png,1,genuine_genuine,17,17
data/processed/train/genuine/original_12_12.png,data/processed/train/genuine/original_12_4.png,1,genuine_genuine,12,12
data/processed/train/genuine/original_15_10.png,data/processed/train/forged/forgeries_15_22.png,0,skilled_forgery,15,15
data/processed/train/genuine/original_4_3.png,data/processed/train/forged/forgeries_4_8.png,0,skilled_forgery,4,4
data/processed/train/genuine/original_32_12.png,data/processed/train/genuine/original_32_18.png,1,genuine_genuine,32,32
data/processed/train/genuine/original_4_7.png,data/processed/train/forged/forgeries_4_18.png,0,skilled_forgery,4,4
data/processed/validation/genuine/original_43_11.png,data/processed/validation/forged/forgeries_43_11.png,0,skilled_forgery,43,43
data/processed/train/genuine/original_31_7.png,data/processed/train/forged/forgeries_31_21.png,0,skilled_forgery,31,31
data/processed/train/genuine/original_3_14.png,data/processed/train/genuine/original_3_22.png,1,genuine_genuine,3,3
data/processed/train/genuine/original_17_6.png,data/processed/train/forged/forgeries_17_19.png,0,skilled_forgery,17,17
data/processed/train/genuine/original_31_2.png,data/processed/train/genuine/original_31_22.png,1,genuine_genuine,31,31
data/processed/train/genuine/original_6_10.png,data/processed/train/genuine/original_6_19.png,1,genuine_genuine,6,6
data/processed/validation/genuine/original_36_14.png,data/processed/validation/genuine/original_36_17.png,1,genuine_genuine,36,36
data/processed/train/genuine/original_15_18.png,data/processed/train/forged/forgeries_15_10.png,0,skilled_forgery,15,15
data/processed/train/genuine/original_5_11.png,data/processed/train/genuine/original_5_21.png,1,genuine_genuine,5,5
data/processed/train/genuine/original_3_17.png,data/processed/train/genuine/original_3_9.png,1,genuine_genuine,3,3
data/processed/validation/genuine/original_41_7.png,data/processed/validation/forged/forgeries_41_1.png,0,skilled_forgery,41,41
data/processed/train/genuine/original_11_15.png,data/processed/validation/genuine/original_40_11.png,0,random_forgery,11,40
data/processed/train/genuine/original_11_14.png,data/processed/train/genuine/original_33_14.png,0,random_forgery,11,33
data/processed/validation/genuine/original_42_22.png,data/processed/validation/genuine/original_42_23.png,1,genuine_genuine,42,42
data/processed/train/genuine/original_3_19.png,data/processed/train/genuine/original_3_2.png,1,genuine_genuine,3,3
data/processed/train/genuine/original_14_1.png,data/processed/train/genuine/original_14_16.png,1,genuine_genuine,14,14
data/processed/train/genuine/original_35_11.png,data/processed/train/genuine/original_8_14.png,0,random_forgery,35,8
data/processed/validation/genuine/original_45_11.png,data/processed/validation/genuine/original_45_4.png,1,genuine_genuine,45,45
data/processed/validation/genuine/original_37_24.png,data/processed/validation/genuine/original_37_8.png,1,genuine_genuine,37,37
data/processed/validation/genuine/original_45_8.png,data/processed/validation/forged/forgeries_45_16.png,0,skilled_forgery,45,45
data/processed/train/genuine/original_6_14.png,data/processed/train/forged/forgeries_6_24.png,0,skilled_forgery,6,6
data/processed/validation/genuine/original_43_17.png,data/processed/validation/genuine/original_43_18.png,1,genuine_genuine,43,43
data/processed/train/genuine/original_3_18.png,data/processed/train/forged/forgeries_3_5.png,0,skilled_forgery,3,3
data/processed/train/genuine/original_5_12.png,data/processed/train/genuine/original_5_21.png,1,genuine_genuine,5,5
data/processed/train/genuine/original_33_18.png,data/processed/train/forged/forgeries_33_4.png,0,skilled_forgery,33,33
data/processed/validation/genuine/original_38_22.png,data/processed/validation/genuine/original_38_8.png,1,genuine_genuine,38,38
data/processed/train/genuine/original_14_3.png,data/processed/train/forged/forgeries_14_4.png,0,skilled_forgery,14,14
data/processed/train/genuine/original_32_17.png,data/processed/train/forged/forgeries_32_14.png,0,skilled_forgery,32,32
data/processed/train/genuine/original_14_2.png,data/processed/train/genuine/original_10_14.png,0,random_forgery,14,10
data/processed/train/genuine/original_29_21.png,data/processed/train/genuine/original_29_9.png,1,genuine_genuine,29,29
data/processed/train/genuine/original_32_17.png,data/processed/train/genuine/original_2_16.png,0,random_forgery,32,2
data/processed/validation/genuine/original_39_22.png,data/processed/validation/forged/forgeries_39_13.png,0,skilled_forgery,39,39
data/processed/train/genuine/original_17_21.png,data/processed/train/genuine/original_17_5.png,1,genuine_genuine,17,17
data/processed/validation/genuine/original_45_20.png,data/processed/validation/forged/forgeries_45_12.png,0,skilled_forgery,45,45
data/processed/train/genuine/original_13_23.png,data/processed/train/genuine/original_33_18.png,0,random_forgery,13,33
data/processed/train/genuine/original_5_11.png,data/processed/train/genuine/original_8_14.png,0,random_forgery,5,8
data/processed/train/genuine/original_29_12.png,data/processed/train/genuine/original_29_8.png,1,genuine_genuine,29,29
data/processed/validation/genuine/original_41_3.png,data/processed/validation/genuine/original_41_7.png,1,genuine_genuine,41,41
data/processed/validation/genuine/original_38_17.png,data/processed/validation/forged/forgeries_38_4.png,0,skilled_forgery,38,38
data/processed/train/genuine/original_10_12.png,data/processed/train/genuine/original_34_14.png,0,random_forgery,10,34
data/processed/train/genuine/original_11_15.png,data/processed/train/genuine/original_11_9.png,1,genuine_genuine,11,11
data/processed/validation/genuine/original_41_20.png,data/processed/train/genuine/original_33_18.png,0,random_forgery,41,33
data/processed/train/genuine/original_29_23.png,data/processed/train/genuine/original_11_21.png,0,random_forgery,29,11
data/processed/train/genuine/original_1_19.png,data/processed/train/genuine/original_1_20.png,1,genuine_genuine,1,1
data/processed/validation/genuine/original_40_5.png,data/processed/validation/forged/forgeries_40_1.png,0,skilled_forgery,40,40
data/processed/train/genuine/original_10_21.png,data/processed/train/forged/forgeries_10_22.png,0,skilled_forgery,10,10
data/processed/validation/genuine/original_42_20.png,data/processed/validation/genuine/original_42_8.png,1,genuine_genuine,42,42
data/processed/train/genuine/original_34_6.png,data/processed/train/genuine/original_34_7.png,1,genuine_genuine,34,34
data/processed/train/genuine/original_10_10.png,data/processed/train/forged/forgeries_10_1.png,0,skilled_forgery,10,10
data/processed/train/genuine/original_18_2.png,data/processed/train/genuine/original_18_9.png,1,genuine_genuine,18,18
data/processed/validation/genuine/original_42_16.png,data/processed/validation/genuine/original_42_22.png,1,genuine_genuine,42,42
data/processed/train/genuine/original_11_16.png,data/processed/train/genuine/original_11_3.png,1,genuine_genuine,11,11
data/processed/validation/genuine/original_39_13.png,data/processed/validation/genuine/original_39_22.png,1,genuine_genuine,39,39
data/processed/train/genuine/original_7_24.png,data/processed/train/genuine/original_11_3.png,0,random_forgery,7,11
data/processed/validation/genuine/original_44_16.png,data/processed/validation/genuine/original_44_4.png,1,genuine_genuine,44,44
data/processed/train/genuine/original_7_1.png,data/processed/train/genuine/original_7_18.png,1,genuine_genuine,7,7
data/processed/train/genuine/original_28_9.png,data/processed/validation/genuine/original_39_10.png,0,random_forgery,28,39
data/processed/validation/genuine/original_42_24.png,data/processed/validation/forged/forgeries_42_5.png,0,skilled_forgery,42,42
data/processed/validation/genuine/original_43_16.png,data/processed/validation/genuine/original_43_6.png,1,genuine_genuine,43,43
data/processed/train/genuine/original_31_10.png,data/processed/train/genuine/original_31_21.png,1,genuine_genuine,31,31
data/processed/train/genuine/original_30_5.png,data/processed/train/genuine/original_30_7.png,1,genuine_genuine,30,30
data/processed/validation/genuine/original_36_11.png,data/processed/validation/genuine/original_36_18.png,1,genuine_genuine,36,36
data/processed/validation/genuine/original_38_2.png,data/processed/validation/genuine/original_38_4.png,1,genuine_genuine,38,38
data/processed/train/genuine/original_6_8.png,data/processed/train/forged/forgeries_6_3.png,0,skilled_forgery,6,6
data/processed/validation/genuine/original_43_18.png,data/processed/validation/genuine/original_43_6.png,1,genuine_genuine,43,43
data/processed/train/genuine/original_4_16.png,data/processed/train/forged/forgeries_4_17.png,0,skilled_forgery,4,4
data/processed/train/genuine/original_3_11.png,data/processed/validation/genuine/original_37_4.png,0,random_forgery,3,37
data/processed/validation/genuine/original_44_12.png,data/processed/validation/genuine/original_44_9.png,1,genuine_genuine,44,44
data/processed/train/genuine/original_3_24.png,data/processed/validation/genuine/original_36_9.png,0,random_forgery,3,36
data/processed/validation/genuine/original_37_16.png,data/processed/validation/genuine/original_37_23.png,1,genuine_genuine,37,37
data/processed/validation/genuine/original_43_14.png,data/processed/validation/genuine/original_43_24.png,1,genuine_genuine,43,43
data/processed/train/genuine/original_2_15.png,data/processed/train/genuine/original_2_7.png,1,genuine_genuine,2,2
data/processed/train/genuine/original_6_8.png,data/processed/train/genuine/original_9_18.png,0,random_forgery,6,9
data/processed/validation/genuine/original_45_8.png,data/processed/validation/forged/forgeries_45_3.png,0,skilled_forgery,45,45
data/processed/train/genuine/original_7_5.png,data/processed/validation/genuine/original_43_11.png,0,random_forgery,7,43
data/processed/train/genuine/original_13_1.png,data/processed/train/genuine/original_13_4.png,1,genuine_genuine,13,13
data/processed/validation/genuine/original_41_21.png,data/processed/train/genuine/original_1_18.png,0,random_forgery,41,1
data/processed/train/genuine/original_15_21.png,data/processed/train/genuine/original_15_8.png,1,genuine_genuine,15,15
data/processed/train/genuine/original_8_11.png,data/processed/train/genuine/original_8_4.png,1,genuine_genuine,8,8
data/processed/train/genuine/original_3_11.png,data/processed/train/genuine/original_3_20.png,1,genuine_genuine,3,3
data/processed/train/genuine/original_8_17.png,data/processed/train/genuine/original_8_18.png,1,genuine_genuine,8,8
data/processed/validation/genuine/original_40_3.png,data/processed/validation/genuine/original_40_8.png,1,genuine_genuine,40,40
data/processed/train/genuine/original_11_19.png,data/processed/train/genuine/original_11_23.png,1,genuine_genuine,11,11
data/processed/train/genuine/original_9_10.png,data/processed/train/genuine/original_9_20.png,1,genuine_genuine,9,9
data/processed/train/genuine/original_31_4.png,data/processed/train/genuine/original_31_6.png,1,genuine_genuine,31,31
data/processed/train/genuine/original_9_22.png,data/processed/train/genuine/original_9_5.png,1,genuine_genuine,9,9
data/processed/train/genuine/original_11_2.png,data/processed/train/genuine/original_28_6.png,0,random_forgery,11,28
data/processed/train/genuine/original_7_14.png,data/processed/train/forged/forgeries_7_1.png,0,skilled_forgery,7,7
data/processed/validation/genuine/original_37_11.png,data/processed/validation/genuine/original_37_20.png,1,genuine_genuine,37,37
data/processed/train/genuine/original_10_4.png,data/processed/train/forged/forgeries_10_10.png,0,skilled_forgery,10,10
data/processed/train/genuine/original_17_15.png,data/processed/train/forged/forgeries_17_23.png,0,skilled_forgery,17,17
data/processed/train/genuine/original_30_3.png,data/processed/train/genuine/original_30_9.png,1,genuine_genuine,30,30
data/processed/train/genuine/original_12_18.png,data/processed/train/genuine/original_17_17.png,0,random_forgery,12,17
data/processed/train/genuine/original_5_20.png,data/processed/train/genuine/original_5_5.png,1,genuine_genuine,5,5
data/processed/validation/genuine/original_37_2.png,data/processed/train/genuine/original_11_8.png,0,random_forgery,37,11
data/processed/train/genuine/original_13_11.png,data/processed/validation/genuine/original_40_13.png,0,random_forgery,13,40
data/processed/validation/genuine/original_37_23.png,data/processed/validation/forged/forgeries_37_17.png,0,skilled_forgery,37,37
data/processed/train/genuine/original_5_23.png,data/processed/train/forged/forgeries_5_13.png,0,skilled_forgery,5,5
data/processed/train/genuine/original_17_21.png,data/processed/train/genuine/original_32_7.png,0,random_forgery,17,32
data/processed/train/genuine/original_28_19.png,data/processed/train/genuine/original_28_2.png,1,genuine_genuine,28,28
data/processed/train/genuine/original_30_11.png,data/processed/train/forged/forgeries_30_4.png,0,skilled_forgery,30,30
data/processed/train/genuine/original_15_23.png,data/processed/train/genuine/original_8_21.png,0,random_forgery,15,8
data/processed/train/genuine/original_29_1.png,data/processed/train/forged/forgeries_29_1.png,0,skilled_forgery,29,29
data/processed/train/genuine/original_5_19.png,data/processed/validation/genuine/original_37_1.png,0,random_forgery,5,37
data/processed/validation/genuine/original_36_19.png,data/processed/validation/genuine/original_36_22.png,1,genuine_genuine,36,36
data/processed/validation/genuine/original_45_18.png,data/processed/validation/genuine/original_45_3.png,1,genuine_genuine,45,45
data/processed/train/genuine/original_15_10.png,data/processed/train/forged/forgeries_15_14.png,0,skilled_forgery,15,15
data/processed/train/genuine/original_34_4.png,data/processed/train/forged/forgeries_34_22.png,0,skilled_forgery,34,34
data/processed/train/genuine/original_4_14.png,data/processed/train/genuine/original_4_9.png,1,genuine_genuine,4,4
data/processed/train/genuine/original_14_19.png,data/processed/train/genuine/original_2_13.png,0,random_forgery,14,2
data/processed/validation/genuine/original_45_16.png,data/processed/validation/genuine/original_45_7.png,1,genuine_genuine,45,45
data/processed/train/genuine/original_17_10.png,data/processed/train/genuine/original_17_2.png,1,genuine_genuine,17,17
data/processed/train/genuine/original_15_13.png,data/processed/train/genuine/original_15_15.png,1,genuine_genuine,15,15
data/processed/validation/genuine/original_45_4.png,data/processed/validation/forged/forgeries_45_2.png,0,skilled_forgery,45,45
data/processed/train/genuine/original_10_11.png,data/processed/train/genuine/original_10_14.png,1,genuine_genuine,10,10
data/processed/validation/genuine/original_44_24.png,data/processed/validation/forged/forgeries_44_3.png,0,skilled_forgery,44,44
data/processed/train/genuine/original_13_19.png,data/processed/train/genuine/original_13_3.png,1,genuine_genuine,13,13
data/processed/train/genuine/original_35_10.png,data/processed/train/genuine/original_35_16.png,1,genuine_genuine,35,35
data/processed/validation/genuine/original_37_24.png,data/processed/train/genuine/original_17_19.png,0,random_forgery,37,17
data/processed/train/genuine/original_9_24.png,data/processed/train/genuine/original_9_4.png,1,genuine_genuine,9,9
data/processed/validation/genuine/original_41_21.png,data/processed/validation/forged/forgeries_41_5.png,0,skilled_forgery,41,41
data/processed/train/genuine/original_10_4.png,data/processed/train/genuine/original_15_5.png,0,random_forgery,10,15
data/processed/validation/genuine/original_36_20.png,data/processed/validation/forged/forgeries_36_17.png,0,skilled_forgery,36,36
data/processed/validation/genuine/original_42_17.png,data/processed/validation/genuine/original_42_22.png,1,genuine_genuine,42,42
data/processed/train/genuine/original_32_1.png,data/processed/train/forged/forgeries_32_9.png,0,skilled_forgery,32,32
data/processed/train/genuine/original_18_23.png,data/processed/train/genuine/original_18_3.png,1,genuine_genuine,18,18
data/processed/validation/genuine/original_39_16.png,data/processed/validation/genuine/original_39_5.png,1,genuine_genuine,39,39
data/processed/train/genuine/original_3_21.png,data/processed/train/genuine/original_35_12.png,0,random_forgery,3,35
data/processed/validation/genuine/original_36_18.png,data/processed/validation/genuine/original_36_24.png,1,genuine_genuine,36,36
data/processed/train/genuine/original_9_18.png,data/processed/train/forged/forgeries_9_19.png,0,skilled_forgery,9,9
data/processed/train/genuine/original_1_7.png,data/processed/train/genuine/original_15_13.png,0,random_forgery,1,15
data/processed/train/genuine/original_10_3.png,data/processed/train/forged/forgeries_10_20.png,0,skilled_forgery,10,10
data/processed/validation/genuine/original_39_23.png,data/processed/validation/genuine/original_40_12.png,0,random_forgery,39,40
data/processed/train/genuine/original_1_19.png,data/processed/train/genuine/original_1_24.png,1,genuine_genuine,1,1
data/processed/validation/genuine/original_36_19.png,data/processed/validation/genuine/original_36_21.png,1,genuine_genuine,36,36
data/processed/train/genuine/original_7_18.png,data/processed/train/genuine/original_7_19.png,1,genuine_genuine,7,7
data/processed/train/genuine/original_33_20.png,data/processed/train/forged/forgeries_33_15.png,0,skilled_forgery,33,33
data/processed/train/genuine/original_13_15.png,data/processed/train/genuine/original_13_5.png,1,genuine_genuine,13,13
data/processed/validation/genuine/original_42_10.png,data/processed/validation/genuine/original_42_11.png,1,genuine_genuine,42,42
data/processed/train/genuine/original_31_19.png,data/processed/train/genuine/original_34_11.png,0,random_forgery,31,34
data/processed/validation/genuine/original_43_14.png,data/processed/validation/genuine/original_43_19.png,1,genuine_genuine,43,43
data/processed/train/genuine/original_13_23.png,data/processed/train/forged/forgeries_13_22.png,0,skilled_forgery,13,13
data/processed/train/genuine/original_16_1.png,data/processed/train/forged/forgeries_16_14.png,0,skilled_forgery,16,16
data/processed/train/genuine/original_33_5.png,data/processed/train/forged/forgeries_33_7.png,0,skilled_forgery,33,33
data/processed/validation/genuine/original_45_1.png,data/processed/validation/genuine/original_45_18.png,1,genuine_genuine,45,45
data/processed/train/genuine/original_35_15.png,data/processed/train/genuine/original_31_19.png,0,random_forgery,35,31
data/processed/train/genuine/original_31_6.png,data/processed/train/forged/forgeries_31_14.png,0,skilled_forgery,31,31
data/processed/validation/genuine/original_37_24.png,data/processed/validation/genuine/original_37_9.png,1,genuine_genuine,37,37
data/processed/train/genuine/original_9_13.png,data/processed/train/genuine/original_7_20.png,0,random_forgery,9,7
data/processed/train/genuine/original_33_19.png,data/processed/train/genuine/original_33_9.png,1,genuine_genuine,33,33
data/processed/train/genuine/original_31_24.png,data/processed/train/genuine/original_31_3.png,1,genuine_genuine,31,31
data/processed/train/genuine/original_8_17.png,data/processed/train/genuine/original_8_2.png,1,genuine_genuine,8,8
data/processed/validation/genuine/original_41_5.png,data/processed/validation/genuine/original_41_6.png,1,genuine_genuine,41,41
data/processed/train/genuine/original_2_15.png,data/processed/train/forged/forgeries_2_12.png,0,skilled_forgery,2,2
data/processed/train/genuine/original_32_17.png,data/processed/train/genuine/original_32_9.png,1,genuine_genuine,32,32
data/processed/train/genuine/original_34_13.png,data/processed/train/genuine/original_34_22.png,1,genuine_genuine,34,34
data/processed/train/genuine/original_2_4.png,data/processed/validation/genuine/original_42_8.png,0,random_forgery,2,42
data/processed/validation/genuine/original_45_11.png,data/processed/validation/genuine/original_45_20.png,1,genuine_genuine,45,45
data/processed/validation/genuine/original_45_18.png,data/processed/validation/forged/forgeries_45_18.png,0,skilled_forgery,45,45
data/processed/train/genuine/original_5_8.png,data/processed/train/forged/forgeries_5_12.png,0,skilled_forgery,5,5
data/processed/train/genuine/original_9_13.png,data/processed/train/forged/forgeries_9_19.png,0,skilled_forgery,9,9
data/processed/train/genuine/original_9_17.png,data/processed/train/genuine/original_9_5.png,1,genuine_genuine,9,9
data/processed/validation/genuine/original_40_18.png,data/processed/train/genuine/original_10_18.png,0,random_forgery,40,10
data/processed/train/genuine/original_17_22.png,data/processed/train/genuine/original_8_21.png,0,random_forgery,17,8
data/processed/validation/genuine/original_45_21.png,data/processed/validation/genuine/original_45_5.png,1,genuine_genuine,45,45
data/processed/train/genuine/original_3_6.png,data/processed/train/genuine/original_32_5.png,0,random_forgery,3,32
data/processed/validation/genuine/original_38_18.png,data/processed/validation/genuine/original_38_23.png,1,genuine_genuine,38,38
data/processed/train/genuine/original_17_24.png,data/processed/train/genuine/original_9_2.png,0,random_forgery,17,9
data/processed/validation/genuine/original_37_19.png,data/processed/validation/genuine/original_37_3.png,1,genuine_genuine,37,37
data/processed/train/genuine/original_32_16.png,data/processed/train/genuine/original_32_19.png,1,genuine_genuine,32,32
data/processed/train/genuine/original_1_22.png,data/processed/train/genuine/original_1_24.png,1,genuine_genuine,1,1
data/processed/train/genuine/original_3_10.png,data/processed/train/genuine/original_3_8.png,1,genuine_genuine,3,3
data/processed/validation/genuine/original_42_23.png,data/processed/validation/genuine/original_42_8.png,1,genuine_genuine,42,42
data/processed/validation/genuine/original_44_18.png,data/processed/validation/genuine/original_44_21.png,1,genuine_genuine,44,44
data/processed/train/genuine/original_30_23.png,data/processed/validation/genuine/original_45_3.png,0,random_forgery,30,45
data/processed/train/genuine/original_7_11.png,data/processed/train/genuine/original_7_8.png,1,genuine_genuine,7,7
data/processed/train/genuine/original_32_10.png,data/processed/train/genuine/original_32_2.png,1,genuine_genuine,32,32
data/processed/train/genuine/original_34_11.png,data/processed/train/genuine/original_34_13.png,1,genuine_genuine,34,34
data/processed/train/genuine/original_3_5.png,data/processed/train/genuine/original_3_6.png,1,genuine_genuine,3,3
data/processed/validation/genuine/original_38_8.png,data/processed/train/genuine/original_31_4.png,0,random_forgery,38,31
data/processed/train/genuine/original_7_14.png,data/processed/train/genuine/original_7_21.png,1,genuine_genuine,7,7
data/processed/train/genuine/original_30_11.png,data/processed/train/forged/forgeries_30_1.png,0,skilled_forgery,30,30
data/processed/train/genuine/original_15_23.png,data/processed/train/genuine/original_15_9.png,1,genuine_genuine,15,15
data/processed/train/genuine/original_1_13.png,data/processed/train/genuine/original_1_9.png,1,genuine_genuine,1,1
data/processed/train/genuine/original_9_5.png,data/processed/train/forged/forgeries_9_11.png,0,skilled_forgery,9,9
data/processed/validation/genuine/original_42_10.png,data/processed/validation/genuine/original_42_5.png,1,genuine_genuine,42,42
data/processed/train/genuine/original_5_17.png,data/processed/train/genuine/original_5_20.png,1,genuine_genuine,5,5
data/processed/train/genuine/original_30_22.png,data/processed/train/forged/forgeries_30_18.png,0,skilled_forgery,30,30
data/processed/train/genuine/original_6_24.png,data/processed/train/forged/forgeries_6_23.png,0,skilled_forgery,6,6
data/processed/validation/genuine/original_38_13.png,data/processed/validation/genuine/original_38_2.png,1,genuine_genuine,38,38
data/processed/train/genuine/original_16_17.png,data/processed/train/genuine/original_16_5.png,1,genuine_genuine,16,16
data/processed/train/genuine/original_5_6.png,data/processed/train/genuine/original_18_20.png,0,random_forgery,5,18
data/processed/validation/genuine/original_37_17.png,data/processed/validation/genuine/original_37_4.png,1,genuine_genuine,37,37
data/processed/train/genuine/original_31_11.png,data/processed/train/genuine/original_9_6.png,0,random_forgery,31,9
data/processed/validation/genuine/original_37_1.png,data/processed/validation/forged/forgeries_37_14.png,0,skilled_forgery,37,37
data/processed/train/genuine/original_2_1.png,data/processed/train/genuine/original_2_10.png,1,genuine_genuine,2,2
data/processed/train/genuine/original_15_21.png,data/processed/train/genuine/original_15_23.png,1,genuine_genuine,15,15
data/processed/train/genuine/original_16_19.png,data/processed/train/genuine/original_32_2.png,0,random_forgery,16,32
data/processed/train/genuine/original_14_18.png,data/processed/validation/genuine/original_39_8.png,0,random_forgery,14,39
data/processed/train/genuine/original_13_9.png,data/processed/train/forged/forgeries_13_4.png,0,skilled_forgery,13,13
data/processed/validation/genuine/original_40_12.png,data/processed/validation/forged/forgeries_40_24.png,0,skilled_forgery,40,40
data/processed/train/genuine/original_33_16.png,data/processed/train/genuine/original_33_20.png,1,genuine_genuine,33,33
data/processed/train/genuine/original_18_20.png,data/processed/train/genuine/original_18_24.png,1,genuine_genuine,18,18
data/processed/train/genuine/original_7_16.png,data/processed/train/genuine/original_7_24.png,1,genuine_genuine,7,7
data/processed/train/genuine/original_28_11.png,data/processed/train/genuine/original_28_20.png,1,genuine_genuine,28,28
data/processed/train/genuine/original_10_13.png,data/processed/train/genuine/original_13_22.png,0,random_forgery,10,13
data/processed/validation/genuine/original_42_16.png,data/processed/validation/genuine/original_42_7.png,1,genuine_genuine,42,42
data/processed/train/genuine/original_8_24.png,data/processed/validation/genuine/original_37_4.png,0,random_forgery,8,37
data/processed/train/genuine/original_2_14.png,data/processed/train/genuine/original_2_22.png,1,genuine_genuine,2,2
data/processed/train/genuine/original_29_2.png,data/processed/train/genuine/original_14_9.png,0,random_forgery,29,14
data/processed/validation/genuine/original_41_15.png,data/processed/validation/genuine/original_41_7.png,1,genuine_genuine,41,41
data/processed/train/genuine/original_35_9.png,data/processed/train/forged/forgeries_35_3.png,0,skilled_forgery,35,35
data/processed/train/genuine/original_18_9.png,data/processed/validation/genuine/original_42_13.png,0,random_forgery,18,42
data/processed/train/genuine/original_2_20.png,data/processed/train/genuine/original_2_24.png,1,genuine_genuine,2,2
data/processed/validation/genuine/original_40_19.png,data/processed/validation/forged/forgeries_40_17.png,0,skilled_forgery,40,40
data/processed/train/genuine/original_31_16.png,data/processed/train/forged/forgeries_31_5.png,0,skilled_forgery,31,31
data/processed/train/genuine/original_29_14.png,data/processed/train/forged/forgeries_29_1.png,0,skilled_forgery,29,29
data/processed/train/genuine/original_35_12.png,data/processed/train/genuine/original_35_18.png,1,genuine_genuine,35,35
data/processed/validation/genuine/original_39_10.png,data/processed/validation/genuine/original_39_3.png,1,genuine_genuine,39,39
data/processed/train/genuine/original_32_24.png,data/processed/train/genuine/original_15_18.png,0,random_forgery,32,15
data/processed/train/genuine/original_30_1.png,data/processed/train/genuine/original_30_24.png,1,genuine_genuine,30,30
data/processed/train/genuine/original_4_14.png,data/processed/train/forged/forgeries_4_24.png,0,skilled_forgery,4,4
data/processed/train/genuine/original_2_19.png,data/processed/train/genuine/original_2_8.png,1,genuine_genuine,2,2
data/processed/validation/genuine/original_38_2.png,data/processed/validation/genuine/original_38_6.png,1,genuine_genuine,38,38
data/processed/validation/genuine/original_40_17.png,data/processed/train/genuine/original_3_2.png,0,random_forgery,40,3
data/processed/train/genuine/original_11_11.png,data/processed/train/genuine/original_11_22.png,1,genuine_genuine,11,11
data/processed/validation/genuine/original_43_18.png,data/processed/validation/forged/forgeries_43_3.png,0,skilled_forgery,43,43
data/processed/train/genuine/original_7_19.png,data/processed/train/genuine/original_7_24.png,1,genuine_genuine,7,7
data/processed/train/genuine/original_29_15.png,data/processed/validation/genuine/original_36_24.png,0,random_forgery,29,36
data/processed/validation/genuine/original_44_10.png,data/processed/validation/forged/forgeries_44_5.png,0,skilled_forgery,44,44
data/processed/validation/genuine/original_43_6.png,data/processed/validation/forged/forgeries_43_8.png,0,skilled_forgery,43,43
data/processed/validation/genuine/original_39_1.png,data/processed/validation/genuine/original_39_16.png,1,genuine_genuine,39,39
data/processed/train/genuine/original_18_1.png,data/processed/train/genuine/original_18_21.png,1,genuine_genuine,18,18
data/processed/train/genuine/original_5_16.png,data/processed/train/genuine/original_17_19.png,0,random_forgery,5,17
data/processed/validation/genuine/original_37_12.png,data/processed/validation/forged/forgeries_37_10.png,0,skilled_forgery,37,37
data/processed/train/genuine/original_30_1.png,data/processed/train/genuine/original_30_4.png,1,genuine_genuine,30,30
data/processed/train/genuine/original_35_11.png,data/processed/train/genuine/original_35_12.png,1,genuine_genuine,35,35
data/processed/train/genuine/original_28_19.png,data/processed/train/genuine/original_28_9.png,1,genuine_genuine,28,28
data/processed/train/genuine/original_29_11.png,data/processed/train/genuine/original_29_13.png,1,genuine_genuine,29,29
data/processed/train/genuine/original_10_13.png,data/processed/train/forged/forgeries_10_17.png,0,skilled_forgery,10,10
data/processed/train/genuine/original_9_10.png,data/processed/train/genuine/original_9_19.png,1,genuine_genuine,9,9
data/processed/train/genuine/original_17_1.png,data/processed/train/genuine/original_17_14.png,1,genuine_genuine,17,17
data/processed/train/genuine/original_28_3.png,data/processed/train/genuine/original_28_6.png,1,genuine_genuine,28,28
data/processed/train/genuine/original_7_5.png,data/processed/train/genuine/original_7_9.png,1,genuine_genuine,7,7
data/processed/validation/genuine/original_37_23.png,data/processed/validation/forged/forgeries_37_1.png,0,skilled_forgery,37,37
data/processed/validation/genuine/original_40_12.png,data/processed/validation/genuine/original_40_14.png,1,genuine_genuine,40,40
data/processed/train/genuine/original_28_22.png,data/processed/train/genuine/original_28_5.png,1,genuine_genuine,28,28
data/processed/train/genuine/original_28_7.png,data/processed/train/forged/forgeries_28_14.png,0,skilled_forgery,28,28
data/processed/train/genuine/original_1_3.png,data/processed/train/genuine/original_1_6.png,1,genuine_genuine,1,1
data/processed/train/genuine/original_1_9.png,data/processed/train/forged/forgeries_1_14.png,0,skilled_forgery,1,1
data/processed/train/genuine/original_31_17.png,data/processed/train/genuine/original_31_6.png,1,genuine_genuine,31,31
data/processed/train/genuine/original_2_17.png,data/processed/train/genuine/original_2_7.png,1,genuine_genuine,2,2
data/processed/train/genuine/original_10_18.png,data/processed/train/genuine/original_10_20.png,1,genuine_genuine,10,10
data/processed/train/genuine/original_35_13.png,data/processed/train/genuine/original_35_18.png,1,genuine_genuine,35,35
data/processed/train/genuine/original_35_22.png,data/processed/train/genuine/original_35_6.png,1,genuine_genuine,35,35
data/processed/validation/genuine/original_41_5.png,data/processed/train/genuine/original_29_14.png,0,random_forgery,41,29
data/processed/train/genuine/original_28_15.png,data/processed/train/genuine/original_13_9.png,0,random_forgery,28,13
data/processed/train/genuine/original_2_13.png,data/processed/train/genuine/original_2_21.png,1,genuine_genuine,2,2
data/processed/validation/genuine/original_43_17.png,data/processed/validation/genuine/original_43_21.png,1,genuine_genuine,43,43
data/processed/train/genuine/original_4_2.png,data/processed/train/genuine/original_15_12.png,0,random_forgery,4,15
data/processed/train/genuine/original_14_12.png,data/processed/train/genuine/original_14_17.png,1,genuine_genuine,14,14
data/processed/validation/genuine/original_36_7.png,data/processed/validation/genuine/original_36_8.png,1,genuine_genuine,36,36
data/processed/train/genuine/original_5_2.png,data/processed/train/genuine/original_5_7.png,1,genuine_genuine,5,5
data/processed/validation/genuine/original_44_21.png,data/processed/validation/genuine/original_44_5.png,1,genuine_genuine,44,44
data/processed/train/genuine/original_3_14.png,data/processed/train/genuine/original_3_20.png,1,genuine_genuine,3,3
data/processed/train/genuine/original_10_20.png,data/processed/train/genuine/original_10_7.png,1,genuine_genuine,10,10
data/processed/train/genuine/original_7_21.png,data/processed/train/forged/forgeries_7_4.png,0,skilled_forgery,7,7
data/processed/train/genuine/original_9_7.png,data/processed/train/forged/forgeries_9_8.png,0,skilled_forgery,9,9
data/processed/validation/genuine/original_40_13.png,data/processed/validation/genuine/original_40_3.png,1,genuine_genuine,40,40
data/processed/train/genuine/original_34_18.png,data/processed/train/genuine/original_34_4.png,1,genuine_genuine,34,34
data/processed/train/genuine/original_8_18.png,data/processed/train/genuine/original_18_18.png,0,random_forgery,8,18
data/processed/validation/genuine/original_44_18.png,data/processed/validation/genuine/original_44_2.png,1,genuine_genuine,44,44
data/processed/train/genuine/original_13_19.png,data/processed/train/genuine/original_13_2.png,1,genuine_genuine,13,13
data/processed/validation/genuine/original_42_1.png,data/processed/validation/genuine/original_42_22.png,1,genuine_genuine,42,42
data/processed/train/genuine/original_16_2.png,data/processed/train/genuine/original_8_2.png,0,random_forgery,16,8
data/processed/train/genuine/original_15_1.png,data/processed/train/genuine/original_15_7.png,1,genuine_genuine,15,15
data/processed/validation/genuine/original_39_18.png,data/processed/validation/forged/forgeries_39_8.png,0,skilled_forgery,39,39
data/processed/validation/genuine/original_36_2.png,data/processed/validation/genuine/original_36_3.png,1,genuine_genuine,36,36
data/processed/train/genuine/original_7_11.png,data/processed/train/forged/forgeries_7_5.png,0,skilled_forgery,7,7
data/processed/train/genuine/original_33_3.png,data/processed/train/forged/forgeries_33_12.png,0,skilled_forgery,33,33
data/processed/train/genuine/original_34_10.png,data/processed/train/genuine/original_34_14.png,1,genuine_genuine,34,34
data/processed/train/genuine/original_15_6.png,data/processed/train/forged/forgeries_15_24.png,0,skilled_forgery,15,15
data/processed/train/genuine/original_8_13.png,data/processed/train/genuine/original_8_9.png,1,genuine_genuine,8,8
data/processed/train/genuine/original_3_17.png,data/processed/train/forged/forgeries_3_15.png,0,skilled_forgery,3,3
data/processed/validation/genuine/original_37_4.png,data/processed/validation/forged/forgeries_37_13.png,0,skilled_forgery,37,37
data/processed/validation/genuine/original_44_15.png,data/processed/validation/genuine/original_44_19.png,1,genuine_genuine,44,44
data/processed/validation/genuine/original_36_10.png,data/processed/validation/genuine/original_36_18.png,1,genuine_genuine,36,36
data/processed/validation/genuine/original_40_13.png,data/processed/validation/genuine/original_40_4.png,1,genuine_genuine,40,40
data/processed/train/genuine/original_5_10.png,data/processed/train/genuine/original_5_8.png,1,genuine_genuine,5,5
data/processed/validation/genuine/original_45_7.png,data/processed/validation/genuine/original_45_8.png,1,genuine_genuine,45,45
data/processed/validation/genuine/original_42_13.png,data/processed/train/genuine/original_33_24.png,0,random_forgery,42,33
data/processed/train/genuine/original_31_1.png,data/processed/train/forged/forgeries_31_19.png,0,skilled_forgery,31,31
data/processed/train/genuine/original_18_1.png,data/processed/train/genuine/original_18_22.png,1,genuine_genuine,18,18
data/processed/train/genuine/original_9_14.png,data/processed/train/genuine/original_9_5.png,1,genuine_genuine,9,9
data/processed/train/genuine/original_17_19.png,data/processed/train/genuine/original_17_20.png,1,genuine_genuine,17,17
data/processed/train/genuine/original_3_1.png,data/processed/train/genuine/original_3_22.png,1,genuine_genuine,3,3
data/processed/train/genuine/original_13_11.png,data/processed/validation/genuine/original_38_17.png,0,random_forgery,13,38
data/processed/train/genuine/original_32_14.png,data/processed/train/genuine/original_32_2.png,1,genuine_genuine,32,32
data/processed/validation/genuine/original_39_12.png,data/processed/validation/forged/forgeries_39_15.png,0,skilled_forgery,39,39
data/processed/train/genuine/original_33_15.png,data/processed/train/genuine/original_33_9.png,1,genuine_genuine,33,33
data/processed/train/genuine/original_3_14.png,data/processed/train/genuine/original_3_2.png,1,genuine_genuine,3,3
data/processed/train/genuine/original_16_16.png,data/processed/train/genuine/original_16_17.png,1,genuine_genuine,16,16
data/processed/train/genuine/original_18_4.png,data/processed/train/forged/forgeries_18_3.png,0,skilled_forgery,18,18
data/processed/train/genuine/original_12_4.png,data/processed/train/genuine/original_12_6.png,1,genuine_genuine,12,12
data/processed/train/genuine/original_12_12.png,data/processed/train/genuine/original_12_22.png,1,genuine_genuine,12,12
data/processed/train/genuine/original_17_14.png,data/processed/train/forged/forgeries_17_9.png,0,skilled_forgery,17,17
data/processed/train/genuine/original_29_3.png,data/processed/train/genuine/original_29_8.png,1,genuine_genuine,29,29
data/processed/train/genuine/original_34_24.png,data/processed/validation/genuine/original_41_20.png,0,random_forgery,34,41
data/processed/train/genuine/original_17_15.png,data/processed/train/genuine/original_17_18.png,1,genuine_genuine,17,17
data/processed/train/genuine/original_6_23.png,data/processed/train/genuine/original_11_21.png,0,random_forgery,6,11
data/processed/train/genuine/original_14_3.png,data/processed/train/forged/forgeries_14_23.png,0,skilled_forgery,14,14
data/processed/validation/genuine/original_45_23.png,data/processed/validation/forged/forgeries_45_19.png,0,skilled_forgery,45,45
data/processed/train/genuine/original_3_3.png,data/processed/validation/genuine/original_44_12.png,0,random_forgery,3,44
data/processed/validation/genuine/original_45_19.png,data/processed/train/genuine/original_32_11.png,0,random_forgery,45,32
data/processed/train/genuine/original_32_24.png,data/processed/train/genuine/original_10_6.png,0,random_forgery,32,10
data/processed/train/genuine/original_32_10.png,data/processed/train/forged/forgeries_32_19.png,0,skilled_forgery,32,32
data/processed/train/genuine/original_28_16.png,data/processed/train/genuine/original_28_17.png,1,genuine_genuine,28,28
data/processed/train/genuine/original_28_18.png,data/processed/train/forged/forgeries_28_22.png,0,skilled_forgery,28,28
data/processed/train/genuine/original_11_14.png,data/processed/train/genuine/original_11_4.png,1,genuine_genuine,11,11
data/processed/train/genuine/original_11_19.png,data/processed/train/genuine/original_6_14.png,0,random_forgery,11,6
data/processed/train/genuine/original_29_11.png,data/processed/train/genuine/original_29_2.png,1,genuine_genuine,29,29
data/processed/train/genuine/original_12_17.png,data/processed/train/genuine/original_12_24.png,1,genuine_genuine,12,12
data/processed/validation/genuine/original_36_20.png,data/processed/train/genuine/original_14_23.png,0,random_forgery,36,14
data/processed/train/genuine/original_4_11.png,data/processed/train/genuine/original_4_20.png,1,genuine_genuine,4,4
data/processed/train/genuine/original_1_14.png,data/processed/train/forged/forgeries_1_17.png,0,skilled_forgery,1,1
data/processed/train/genuine/original_4_14.png,data/processed/train/genuine/original_4_5.png,1,genuine_genuine,4,4
data/processed/train/genuine/original_2_10.png,data/processed/train/genuine/original_2_20.png,1,genuine_genuine,2,2
data/processed/validation/genuine/original_43_9.png,data/processed/validation/forged/forgeries_43_18.png,0,skilled_forgery,43,43
data/processed/train/genuine/original_31_21.png,data/processed/train/genuine/original_10_6.png,0,random_forgery,31,10
data/processed/train/genuine/original_35_19.png,data/processed/train/forged/forgeries_35_15.png,0,skilled_forgery,35,35
data/processed/train/genuine/original_33_23.png,data/processed/train/forged/forgeries_33_1.png,0,skilled_forgery,33,33
data/processed/train/genuine/original_7_12.png,data/processed/train/genuine/original_3_20.png,0,random_forgery,7,3
data/processed/train/genuine/original_17_1.png,data/processed/train/genuine/original_17_15.png,1,genuine_genuine,17,17
data/processed/validation/genuine/original_39_20.png,data/processed/validation/forged/forgeries_39_6.png,0,skilled_forgery,39,39
data/processed/train/genuine/original_30_1.png,data/processed/train/forged/forgeries_30_11.png,0,skilled_forgery,30,30
data/processed/validation/genuine/original_39_20.png,data/processed/validation/genuine/original_43_3.png,0,random_forgery,39,43
data/processed/train/genuine/original_12_5.png,data/processed/train/forged/forgeries_12_20.png,0,skilled_forgery,12,12
data/processed/validation/genuine/original_39_19.png,data/processed/validation/forged/forgeries_39_20.png,0,skilled_forgery,39,39
data/processed/train/genuine/original_31_5.png,data/processed/train/forged/forgeries_31_20.png,0,skilled_forgery,31,31
data/processed/train/genuine/original_13_14.png,data/processed/train/genuine/original_13_19.png,1,genuine_genuine,13,13
data/processed/validation/genuine/original_40_24.png,data/processed/validation/genuine/original_45_8.png,0,random_forgery,40,45
data/processed/validation/genuine/original_39_22.png,data/processed/train/genuine/original_10_16.png,0,random_forgery,39,10
data/processed/validation/genuine/original_43_1.png,data/processed/train/genuine/original_11_18.png,0,random_forgery,43,11
data/processed/train/genuine/original_12_12.png,data/processed/train/genuine/original_10_14.png,0,random_forgery,12,10
data/processed/validation/genuine/original_44_14.png,data/processed/validation/genuine/original_44_4.png,1,genuine_genuine,44,44
data/processed/train/genuine/original_8_10.png,data/processed/train/genuine/original_8_5.png,1,genuine_genuine,8,8
data/processed/train/genuine/original_15_14.png,data/processed/train/genuine/original_6_12.png,0,random_forgery,15,6
data/processed/validation/genuine/original_40_18.png,data/processed/validation/genuine/original_40_9.png,1,genuine_genuine,40,40
data/processed/train/genuine/original_8_23.png,data/processed/train/forged/forgeries_8_21.png,0,skilled_forgery,8,8
data/processed/validation/genuine/original_39_3.png,data/processed/validation/genuine/original_37_24.png,0,random_forgery,39,37
data/processed/train/genuine/original_4_21.png,data/processed/train/forged/forgeries_4_20.png,0,skilled_forgery,4,4
data/processed/train/genuine/original_9_22.png,data/processed/train/forged/forgeries_9_23.png,0,skilled_forgery,9,9
data/processed/train/genuine/original_31_19.png,data/processed/train/genuine/original_31_2.png,1,genuine_genuine,31,31
data/processed/train/genuine/original_5_9.png,data/processed/train/genuine/original_28_11.png,0,random_forgery,5,28
data/processed/validation/genuine/original_38_22.png,data/processed/validation/forged/forgeries_38_18.png,0,skilled_forgery,38,38
data/processed/validation/genuine/original_40_8.png,data/processed/validation/forged/forgeries_40_14.png,0,skilled_forgery,40,40
data/processed/validation/genuine/original_45_20.png,data/processed/validation/forged/forgeries_45_5.png,0,skilled_forgery,45,45
data/processed/train/genuine/original_16_3.png,data/processed/train/forged/forgeries_16_9.png,0,skilled_forgery,16,16
data/processed/train/genuine/original_28_22.png,data/processed/train/genuine/original_2_23.png,0,random_forgery,28,2
data/processed/validation/genuine/original_40_2.png,data/processed/validation/genuine/original_40_22.png,1,genuine_genuine,40,40
data/processed/train/genuine/original_15_7.png,data/processed/validation/genuine/original_36_11.png,0,random_forgery,15,36
data/processed/train/genuine/original_10_22.png,data/processed/validation/genuine/original_40_8.png,0,random_forgery,10,40
data/processed/train/genuine/original_13_13.png,data/processed/train/forged/forgeries_13_12.png,0,skilled_forgery,13,13
data/processed/train/genuine/original_7_4.png,data/processed/validation/genuine/original_45_21.png,0,random_forgery,7,45
data/processed/train/genuine/original_35_7.png,data/processed/validation/genuine/original_42_6.png,0,random_forgery,35,42
data/processed/train/genuine/original_17_2.png,data/processed/train/forged/forgeries_17_10.png,0,skilled_forgery,17,17
data/processed/train/genuine/original_9_1.png,data/processed/train/genuine/original_9_3.png,1,genuine_genuine,9,9
data/processed/train/genuine/original_28_6.png,data/processed/train/genuine/original_28_9.png,1,genuine_genuine,28,28
data/processed/train/genuine/original_14_9.png,data/processed/validation/genuine/original_40_13.png,0,random_forgery,14,40
data/processed/train/genuine/original_18_18.png,data/processed/train/genuine/original_18_21.png,1,genuine_genuine,18,18
data/processed/train/genuine/original_35_15.png,data/processed/train/forged/forgeries_35_17.png,0,skilled_forgery,35,35
data/processed/train/genuine/original_33_12.png,data/processed/validation/genuine/original_39_13.png,0,random_forgery,33,39
data/processed/train/genuine/original_30_24.png,data/processed/train/forged/forgeries_30_20.png,0,skilled_forgery,30,30
data/processed/validation/genuine/original_45_16.png,data/processed/validation/genuine/original_45_20.png,1,genuine_genuine,45,45
data/processed/train/genuine/original_1_13.png,data/processed/train/genuine/original_32_9.png,0,random_forgery,1,32
data/processed/train/genuine/original_30_3.png,data/processed/train/genuine/original_30_6.png,1,genuine_genuine,30,30
data/processed/train/genuine/original_7_1.png,data/processed/train/genuine/original_6_17.png,0,random_forgery,7,6
data/processed/train/genuine/original_33_23.png,data/processed/train/forged/forgeries_33_4.png,0,skilled_forgery,33,33
data/processed/train/genuine/original_9_5.png,data/processed/train/genuine/original_9_8.png,1,genuine_genuine,9,9
data/processed/train/genuine/original_13_20.png,data/processed/train/genuine/original_13_5.png,1,genuine_genuine,13,13
data/processed/train/genuine/original_11_16.png,data/processed/train/genuine/original_11_7.png,1,genuine_genuine,11,11
data/processed/train/genuine/original_5_6.png,data/processed/train/forged/forgeries_5_23.png,0,skilled_forgery,5,5
data/processed/train/genuine/original_13_5.png,data/processed/train/genuine/original_13_6.png,1,genuine_genuine,13,13
data/processed/train/genuine/original_1_19.png,data/processed/train/genuine/original_1_4.png,1,genuine_genuine,1,1
data/processed/validation/genuine/original_36_22.png,data/processed/validation/forged/forgeries_36_17.png,0,skilled_forgery,36,36
data/processed/train/genuine/original_9_22.png,data/processed/train/forged/forgeries_9_14.png,0,skilled_forgery,9,9
data/processed/train/genuine/original_5_11.png,data/processed/train/genuine/original_5_4.png,1,genuine_genuine,5,5
data/processed/train/genuine/original_3_22.png,data/processed/train/genuine/original_32_18.png,0,random_forgery,3,32
data/processed/train/genuine/original_29_2.png,data/processed/train/genuine/original_29_8.png,1,genuine_genuine,29,29
data/processed/train/genuine/original_18_18.png,data/processed/train/genuine/original_18_7.png,1,genuine_genuine,18,18
data/processed/train/genuine/original_35_17.png,data/processed/train/genuine/original_35_20.png,1,genuine_genuine,35,35
data/processed/train/genuine/original_10_1.png,data/processed/train/forged/forgeries_10_5.png,0,skilled_forgery,10,10
data/processed/train/genuine/original_17_15.png,data/processed/train/forged/forgeries_17_14.png,0,skilled_forgery,17,17
data/processed/train/genuine/original_34_6.png,data/processed/train/genuine/original_4_11.png,0,random_forgery,34,4
data/processed/train/genuine/original_34_16.png,data/processed/train/genuine/original_34_18.png,1,genuine_genuine,34,34
data/processed/train/genuine/original_3_17.png,data/processed/train/forged/forgeries_3_7.png,0,skilled_forgery,3,3
data/processed/train/genuine/original_3_17.png,data/processed/train/genuine/original_3_21.png,1,genuine_genuine,3,3
data/processed/validation/genuine/original_37_11.png,data/processed/validation/genuine/original_37_18.png,1,genuine_genuine,37,37
data/processed/train/genuine/original_28_6.png,data/processed/train/genuine/original_1_5.png,0,random_forgery,28,1
data/processed/train/genuine/original_5_20.png,data/processed/train/genuine/original_5_8.png,1,genuine_genuine,5,5
data/processed/validation/genuine/original_43_17.png,data/processed/validation/forged/forgeries_43_16.png,0,skilled_forgery,43,43
data/processed/train/genuine/original_5_3.png,data/processed/train/genuine/original_5_5.png,1,genuine_genuine,5,5
data/processed/train/genuine/original_32_1.png,data/processed/train/genuine/original_32_10.png,1,genuine_genuine,32,32
data/processed/train/genuine/original_18_10.png,data/processed/train/genuine/original_18_13.png,1,genuine_genuine,18,18
data/processed/train/genuine/original_8_23.png,data/processed/train/genuine/original_8_5.png,1,genuine_genuine,8,8
data/processed/train/genuine/original_31_19.png,data/processed/train/forged/forgeries_31_21.png,0,skilled_forgery,31,31
data/processed/train/genuine/original_8_1.png,data/processed/train/genuine/original_8_12.png,1,genuine_genuine,8,8
data/processed/train/genuine/original_34_10.png,data/processed/train/genuine/original_34_23.png,1,genuine_genuine,34,34
data/processed/train/genuine/original_1_15.png,data/processed/train/genuine/original_1_21.png,1,genuine_genuine,1,1
data/processed/train/genuine/original_4_16.png,data/processed/train/forged/forgeries_4_14.png,0,skilled_forgery,4,4
data/processed/train/genuine/original_31_17.png,data/processed/train/genuine/original_31_24.png,1,genuine_genuine,31,31
data/processed/train/genuine/original_31_10.png,data/processed/train/genuine/original_31_13.png,1,genuine_genuine,31,31
data/processed/train/genuine/original_16_18.png,data/processed/train/forged/forgeries_16_21.png,0,skilled_forgery,16,16
data/processed/train/genuine/original_29_8.png,data/processed/train/forged/forgeries_29_21.png,0,skilled_forgery,29,29
data/processed/train/genuine/original_5_23.png,data/processed/train/genuine/original_5_3.png,1,genuine_genuine,5,5
data/processed/train/genuine/original_5_5.png,data/processed/train/genuine/original_5_7.png,1,genuine_genuine,5,5
data/processed/train/genuine/original_2_18.png,data/processed/validation/genuine/original_39_7.png,0,random_forgery,2,39
data/processed/train/genuine/original_16_18.png,data/processed/train/genuine/original_16_19.png,1,genuine_genuine,16,16
data/processed/train/genuine/original_4_17.png,data/processed/train/genuine/original_4_21.png,1,genuine_genuine,4,4
data/processed/train/genuine/original_6_10.png,data/processed/train/forged/forgeries_6_23.png,0,skilled_forgery,6,6
data/processed/validation/genuine/original_41_8.png,data/processed/validation/forged/forgeries_41_4.png,0,skilled_forgery,41,41
data/processed/train/genuine/original_9_24.png,data/processed/train/genuine/original_35_19.png,0,random_forgery,9,35
data/processed/train/genuine/original_2_11.png,data/processed/train/genuine/original_2_24.png,1,genuine_genuine,2,2
data/processed/train/genuine/original_33_22.png,data/processed/train/forged/forgeries_33_11.png,0,skilled_forgery,33,33
data/processed/train/genuine/original_3_11.png,data/processed/train/genuine/original_3_4.png,1,genuine_genuine,3,3
data/processed/train/genuine/original_33_1.png,data/processed/train/genuine/original_33_7.png,1,genuine_genuine,33,33
data/processed/validation/genuine/original_37_12.png,data/processed/validation/genuine/original_37_23.png,1,genuine_genuine,37,37
data/processed/train/genuine/original_33_1.png,data/processed/train/genuine/original_33_16.png,1,genuine_genuine,33,33
data/processed/train/genuine/original_35_18.png,data/processed/train/genuine/original_35_23.png,1,genuine_genuine,35,35
data/processed/train/genuine/original_15_24.png,data/processed/train/genuine/original_31_19.png,0,random_forgery,15,31
data/processed/validation/genuine/original_42_13.png,data/processed/validation/forged/forgeries_42_18.png,0,skilled_forgery,42,42
data/processed/train/genuine/original_35_11.png,data/processed/train/genuine/original_35_4.png,1,genuine_genuine,35,35
data/processed/validation/genuine/original_44_2.png,data/processed/validation/genuine/original_44_7.png,1,genuine_genuine,44,44
data/processed/train/genuine/original_17_22.png,data/processed/train/genuine/original_17_6.png,1,genuine_genuine,17,17
data/processed/train/genuine/original_31_4.png,data/processed/train/forged/forgeries_31_3.png,0,skilled_forgery,31,31
data/processed/validation/genuine/original_39_21.png,data/processed/validation/genuine/original_44_16.png,0,random_forgery,39,44
data/processed/train/genuine/original_10_23.png,data/processed/train/genuine/original_10_3.png,1,genuine_genuine,10,10
data/processed/validation/genuine/original_42_2.png,data/processed/validation/forged/forgeries_42_10.png,0,skilled_forgery,42,42
data/processed/train/genuine/original_3_3.png,data/processed/train/forged/forgeries_3_7.png,0,skilled_forgery,3,3
data/processed/train/genuine/original_32_24.png,data/processed/train/genuine/original_32_3.png,1,genuine_genuine,32,32
data/processed/train/genuine/original_4_18.png,data/processed/train/genuine/original_4_4.png,1,genuine_genuine,4,4
data/processed/validation/genuine/original_42_12.png,data/processed/validation/forged/forgeries_42_14.png,0,skilled_forgery,42,42
data/processed/validation/genuine/original_45_12.png,data/processed/validation/forged/forgeries_45_10.png,0,skilled_forgery,45,45
data/processed/train/genuine/original_9_1.png,data/processed/train/genuine/original_9_12.png,1,genuine_genuine,9,9
data/processed/train/genuine/original_9_4.png,data/processed/validation/genuine/original_42_20.png,0,random_forgery,9,42
data/processed/train/genuine/original_5_2.png,data/processed/train/genuine/original_1_3.png,0,random_forgery,5,1
data/processed/train/genuine/original_17_24.png,data/processed/train/forged/forgeries_17_14.png,0,skilled_forgery,17,17
data/processed/train/genuine/original_13_19.png,data/processed/train/forged/forgeries_13_9.png,0,skilled_forgery,13,13
data/processed/validation/genuine/original_40_12.png,data/processed/validation/genuine/original_40_19.png,1,genuine_genuine,40,40
data/processed/train/genuine/original_12_10.png,data/processed/train/genuine/original_12_3.png,1,genuine_genuine,12,12
data/processed/train/genuine/original_7_6.png,data/processed/train/forged/forgeries_7_9.png,0,skilled_forgery,7,7
data/processed/train/genuine/original_13_17.png,data/processed/train/genuine/original_13_21.png,1,genuine_genuine,13,13
data/processed/train/genuine/original_18_8.png,data/processed/train/forged/forgeries_18_11.png,0,skilled_forgery,18,18
data/processed/validation/genuine/original_43_1.png,data/processed/validation/forged/forgeries_43_1.png,0,skilled_forgery,43,43
data/processed/train/genuine/original_18_24.png,data/processed/train/genuine/original_7_19.png,0,random_forgery,18,7
data/processed/train/genuine/original_13_10.png,data/processed/train/genuine/original_13_12.png,1,genuine_genuine,13,13
data/processed/validation/genuine/original_38_11.png,data/processed/validation/forged/forgeries_38_22.png,0,skilled_forgery,38,38
data/processed/train/genuine/original_28_2.png,data/processed/train/forged/forgeries_28_1.png,0,skilled_forgery,28,28
data/processed/train/genuine/original_5_5.png,data/processed/train/forged/forgeries_5_1.png,0,skilled_forgery,5,5
data/processed/train/genuine/original_12_11.png,data/processed/train/forged/forgeries_12_22.png,0,skilled_forgery,12,12
data/processed/train/genuine/original_4_15.png,data/processed/train/genuine/original_4_19.png,1,genuine_genuine,4,4
data/processed/train/genuine/original_31_11.png,data/processed/train/genuine/original_31_21.png,1,genuine_genuine,31,31
data/processed/train/genuine/original_7_16.png,data/processed/train/forged/forgeries_7_1.png,0,skilled_forgery,7,7
data/processed/train/genuine/original_7_1.png,data/processed/train/forged/forgeries_7_15.png,0,skilled_forgery,7,7
data/processed/train/genuine/original_12_14.png,data/processed/train/genuine/original_12_19.png,1,genuine_genuine,12,12
data/processed/validation/genuine/original_44_10.png,data/processed/validation/genuine/original_44_18.png,1,genuine_genuine,44,44
data/processed/validation/genuine/original_42_22.png,data/processed/validation/forged/forgeries_42_3.png,0,skilled_forgery,42,42
data/processed/train/genuine/original_15_19.png,data/processed/train/genuine/original_15_3.png,1,genuine_genuine,15,15
data/processed/validation/genuine/original_37_5.png,data/processed/validation/forged/forgeries_37_22.png,0,skilled_forgery,37,37
data/processed/train/genuine/original_11_11.png,data/processed/train/genuine/original_11_20.png,1,genuine_genuine,11,11
data/processed/train/genuine/original_8_10.png,data/processed/train/genuine/original_8_20.png,1,genuine_genuine,8,8
data/processed/validation/genuine/original_37_5.png,data/processed/validation/forged/forgeries_37_21.png,0,skilled_forgery,37,37
data/processed/train/genuine/original_11_17.png,data/processed/train/genuine/original_11_23.png,1,genuine_genuine,11,11
data/processed/train/genuine/original_11_12.png,data/processed/train/genuine/original_11_20.png,1,genuine_genuine,11,11
data/processed/train/genuine/original_4_23.png,data/processed/train/forged/forgeries_4_4.png,0,skilled_forgery,4,4
data/processed/validation/genuine/original_38_12.png,data/processed/validation/genuine/original_38_20.png,1,genuine_genuine,38,38
data/processed/train/genuine/original_18_18.png,data/processed/train/genuine/original_18_19.png,1,genuine_genuine,18,18
data/processed/train/genuine/original_17_3.png,data/processed/train/genuine/original_17_9.png,1,genuine_genuine,17,17
data/processed/train/genuine/original_8_23.png,data/processed/train/genuine/original_35_14.png,0,random_forgery,8,35
data/processed/train/genuine/original_17_8.png,data/processed/train/forged/forgeries_17_4.png,0,skilled_forgery,17,17
data/processed/train/genuine/original_13_12.png,data/processed/train/genuine/original_13_16.png,1,genuine_genuine,13,13
data/processed/train/genuine/original_8_17.png,data/processed/train/genuine/original_8_20.png,1,genuine_genuine,8,8
data/processed/train/genuine/original_11_22.png,data/processed/train/genuine/original_31_1.png,0,random_forgery,11,31
data/processed/train/genuine/original_4_8.png,data/processed/train/forged/forgeries_4_8.png,0,skilled_forgery,4,4
data/processed/train/genuine/original_33_3.png,data/processed/train/forged/forgeries_33_2.png,0,skilled_forgery,33,33
data/processed/train/genuine/original_14_12.png,data/processed/train/genuine/original_14_2.png,1,genuine_genuine,14,14
data/processed/validation/genuine/original_38_10.png,data/processed/validation/genuine/original_38_8.png,1,genuine_genuine,38,38
data/processed/validation/genuine/original_36_18.png,data/processed/validation/genuine/original_36_20.png,1,genuine_genuine,36,36
data/processed/train/genuine/original_10_5.png,data/processed/train/forged/forgeries_10_5.png,0,skilled_forgery,10,10
data/processed/validation/genuine/original_43_10.png,data/processed/validation/genuine/original_43_11.png,1,genuine_genuine,43,43
data/processed/train/genuine/original_31_1.png,data/processed/train/genuine/original_31_21.png,1,genuine_genuine,31,31
data/processed/train/genuine/original_33_6.png,data/processed/train/genuine/original_33_8.png,1,genuine_genuine,33,33
data/processed/train/genuine/original_6_9.png,data/processed/train/genuine/original_7_20.png,0,random_forgery,6,7
data/processed/train/genuine/original_29_17.png,data/processed/train/genuine/original_29_3.png,1,genuine_genuine,29,29
data/processed/validation/genuine/original_38_10.png,data/processed/validation/genuine/original_38_12.png,1,genuine_genuine,38,38
data/processed/validation/genuine/original_37_11.png,data/processed/validation/forged/forgeries_37_12.png,0,skilled_forgery,37,37
data/processed/train/genuine/original_13_21.png,data/processed/train/genuine/original_13_9.png,1,genuine_genuine,13,13
data/processed/train/genuine/original_3_15.png,data/processed/train/genuine/original_3_18.png,1,genuine_genuine,3,3
data/processed/train/genuine/original_15_16.png,data/processed/train/forged/forgeries_15_3.png,0,skilled_forgery,15,15
data/processed/train/genuine/original_3_1.png,data/processed/train/genuine/original_3_4.png,1,genuine_genuine,3,3
data/processed/train/genuine/original_1_11.png,data/processed/train/genuine/original_13_5.png,0,random_forgery,1,13
data/processed/validation/genuine/original_41_23.png,data/processed/validation/genuine/original_41_9.png,1,genuine_genuine,41,41
data/processed/train/genuine/original_31_1.png,data/processed/train/forged/forgeries_31_5.png,0,skilled_forgery,31,31
data/processed/train/genuine/original_31_11.png,data/processed/train/genuine/original_12_13.png,0,random_forgery,31,12
data/processed/train/genuine/original_8_20.png,data/processed/train/genuine/original_2_17.png,0,random_forgery,8,2
data/processed/train/genuine/original_34_5.png,data/processed/train/forged/forgeries_34_13.png,0,skilled_forgery,34,34
data/processed/train/genuine/original_2_3.png,data/processed/train/genuine/original_2_8.png,1,genuine_genuine,2,2
data/processed/validation/genuine/original_36_16.png,data/processed/validation/genuine/original_36_22.png,1,genuine_genuine,36,36
data/processed/train/genuine/original_5_5.png,data/processed/train/genuine/original_15_2.png,0,random_forgery,5,15
data/processed/train/genuine/original_28_11.png,data/processed/validation/genuine/original_40_1.png,0,random_forgery,28,40
data/processed/validation/genuine/original_39_16.png,data/processed/train/genuine/original_34_24.png,0,random_forgery,39,34
data/processed/train/genuine/original_7_18.png,data/processed/train/genuine/original_15_18.png,0,random_forgery,7,15
data/processed/train/genuine/original_1_20.png,data/processed/train/genuine/original_1_3.png,1,genuine_genuine,1,1
data/processed/train/genuine/original_16_17.png,data/processed/train/genuine/original_16_23.png,1,genuine_genuine,16,16
data/processed/train/genuine/original_3_4.png,data/processed/train/genuine/original_18_8.png,0,random_forgery,3,18
data/processed/train/genuine/original_16_23.png,data/processed/train/genuine/original_16_9.png,1,genuine_genuine,16,16
data/processed/validation/genuine/original_41_3.png,data/processed/validation/forged/forgeries_41_15.png,0,skilled_forgery,41,41
data/processed/train/genuine/original_4_14.png,data/processed/train/genuine/original_4_16.png,1,genuine_genuine,4,4
data/processed/validation/genuine/original_42_13.png,data/processed/validation/genuine/original_42_4.png,1,genuine_genuine,42,42
data/processed/train/genuine/original_10_12.png,data/processed/train/genuine/original_10_21.png,1,genuine_genuine,10,10
data/processed/train/genuine/original_3_11.png,data/processed/train/genuine/original_3_7.png,1,genuine_genuine,3,3
data/processed/validation/genuine/original_45_11.png,data/processed/validation/genuine/original_45_22.png,1,genuine_genuine,45,45
data/processed/train/genuine/original_29_6.png,data/processed/train/genuine/original_1_21.png,0,random_forgery,29,1
data/processed/train/genuine/original_7_13.png,data/processed/train/forged/forgeries_7_21.png,0,skilled_forgery,7,7
data/processed/validation/genuine/original_40_1.png,data/processed/train/genuine/original_16_21.png,0,random_forgery,40,16
data/processed/train/genuine/original_32_1.png,data/processed/train/forged/forgeries_32_1.png,0,skilled_forgery,32,32
data/processed/train/genuine/original_5_10.png,data/processed/train/forged/forgeries_5_15.png,0,skilled_forgery,5,5
data/processed/train/genuine/original_18_3.png,data/processed/train/genuine/original_10_18.png,0,random_forgery,18,10
data/processed/validation/genuine/original_43_12.png,data/processed/validation/genuine/original_43_2.png,1,genuine_genuine,43,43
data/processed/validation/genuine/original_42_10.png,data/processed/validation/genuine/original_42_15.png,1,genuine_genuine,42,42
data/processed/validation/genuine/original_45_24.png,data/processed/validation/forged/forgeries_45_12.png,0,skilled_forgery,45,45
data/processed/train/genuine/original_33_22.png,data/processed/train/genuine/original_33_24.png,1,genuine_genuine,33,33
data/processed/train/genuine/original_12_21.png,data/processed/train/forged/forgeries_12_22.png,0,skilled_forgery,12,12
data/processed/train/genuine/original_2_15.png,data/processed/train/genuine/original_2_20.png,1,genuine_genuine,2,2
data/processed/train/genuine/original_17_23.png,data/processed/train/forged/forgeries_17_23.png,0,skilled_forgery,17,17
data/processed/train/genuine/original_5_19.png,data/processed/train/genuine/original_5_23.png,1,genuine_genuine,5,5
data/processed/validation/genuine/original_44_24.png,data/processed/validation/genuine/original_44_8.png,1,genuine_genuine,44,44
data/processed/validation/genuine/original_41_2.png,data/processed/validation/genuine/original_41_7.png,1,genuine_genuine,41,41
data/processed/validation/genuine/original_39_2.png,data/processed/validation/genuine/original_39_23.png,1,genuine_genuine,39,39
data/processed/train/genuine/original_33_21.png,data/processed/validation/genuine/original_37_1.png,0,random_forgery,33,37
data/processed/train/genuine/original_9_3.png,data/processed/train/forged/forgeries_9_8.png,0,skilled_forgery,9,9
data/processed/train/genuine/original_17_19.png,data/processed/train/forged/forgeries_17_4.png,0,skilled_forgery,17,17
data/processed/validation/genuine/original_43_1.png,data/processed/validation/genuine/original_43_3.png,1,genuine_genuine,43,43
data/processed/validation/genuine/original_38_17.png,data/processed/validation/genuine/original_38_19.png,1,genuine_genuine,38,38
data/processed/train/genuine/original_18_14.png,data/processed/train/genuine/original_18_16.png,1,genuine_genuine,18,18
data/processed/train/genuine/original_17_12.png,data/processed/train/genuine/original_17_19.png,1,genuine_genuine,17,17
data/processed/train/genuine/original_28_23.png,data/processed/train/forged/forgeries_28_23.png,0,skilled_forgery,28,28
data/processed/train/genuine/original_4_4.png,data/processed/train/forged/forgeries_4_20.png,0,skilled_forgery,4,4
data/processed/train/genuine/original_34_19.png,data/processed/train/genuine/original_34_20.png,1,genuine_genuine,34,34
data/processed/train/genuine/original_32_20.png,data/processed/train/genuine/original_32_9.png,1,genuine_genuine,32,32
data/processed/train/genuine/original_14_19.png,data/processed/train/forged/forgeries_14_8.png,0,skilled_forgery,14,14
data/processed/validation/genuine/original_38_14.png,data/processed/validation/forged/forgeries_38_18.png,0,skilled_forgery,38,38
data/processed/train/genuine/original_18_23.png,data/processed/train/genuine/original_18_4.png,1,genuine_genuine,18,18
data/processed/train/genuine/original_4_21.png,data/processed/train/forged/forgeries_4_1.png,0,skilled_forgery,4,4
data/processed/validation/genuine/original_41_17.png,data/processed/validation/genuine/original_41_2.png,1,genuine_genuine,41,41
data/processed/train/genuine/original_32_16.png,data/processed/train/genuine/original_32_23.png,1,genuine_genuine,32,32
data/processed/validation/genuine/original_43_8.png,data/processed/validation/forged/forgeries_43_4.png,0,skilled_forgery,43,43
data/processed/train/genuine/original_6_1.png,data/processed/train/genuine/original_6_11.png,1,genuine_genuine,6,6
data/processed/validation/genuine/original_37_23.png,data/processed/train/genuine/original_18_3.png,0,random_forgery,37,18
data/processed/train/genuine/original_10_11.png,data/processed/train/genuine/original_10_6.png,1,genuine_genuine,10,10
data/processed/train/genuine/original_18_1.png,data/processed/train/genuine/original_18_17.png,1,genuine_genuine,18,18
data/processed/validation/genuine/original_39_2.png,data/processed/validation/genuine/original_39_20.png,1,genuine_genuine,39,39
data/processed/validation/genuine/original_45_22.png,data/processed/train/genuine/original_8_2.png,0,random_forgery,45,8
data/processed/train/genuine/original_5_18.png,data/processed/train/genuine/original_5_9.png,1,genuine_genuine,5,5
data/processed/train/genuine/original_1_10.png,data/processed/train/forged/forgeries_1_7.png,0,skilled_forgery,1,1
data/processed/train/genuine/original_3_19.png,data/processed/train/forged/forgeries_3_7.png,0,skilled_forgery,3,3
data/processed/train/genuine/original_6_2.png,data/processed/train/genuine/original_10_8.png,0,random_forgery,6,10
data/processed/validation/genuine/original_40_12.png,data/processed/validation/genuine/original_40_21.png,1,genuine_genuine,40,40
data/processed/train/genuine/original_8_11.png,data/processed/train/genuine/original_8_7.png,1,genuine_genuine,8,8
data/processed/train/genuine/original_29_22.png,data/processed/train/genuine/original_29_4.png,1,genuine_genuine,29,29
data/processed/validation/genuine/original_42_10.png,data/processed/train/genuine/original_10_20.png,0,random_forgery,42,10
data/processed/train/genuine/original_12_15.png,data/processed/train/genuine/original_12_8.png,1,genuine_genuine,12,12
data/processed/train/genuine/original_33_14.png,data/processed/train/genuine/original_33_18.png,1,genuine_genuine,33,33
data/processed/validation/genuine/original_39_12.png,data/processed/validation/genuine/original_39_2.png,1,genuine_genuine,39,39
data/processed/validation/genuine/original_45_16.png,data/processed/validation/genuine/original_45_4.png,1,genuine_genuine,45,45
data/processed/validation/genuine/original_37_14.png,data/processed/validation/genuine/original_37_2.png,1,genuine_genuine,37,37
data/processed/train/genuine/original_17_22.png,data/processed/train/forged/forgeries_17_5.png,0,skilled_forgery,17,17
data/processed/validation/genuine/original_41_8.png,data/processed/train/genuine/original_5_9.png,0,random_forgery,41,5
data/processed/train/genuine/original_13_17.png,data/processed/train/forged/forgeries_13_10.png,0,skilled_forgery,13,13
data/processed/train/genuine/original_8_19.png,data/processed/train/genuine/original_8_6.png,1,genuine_genuine,8,8
data/processed/train/genuine/original_2_1.png,data/processed/train/genuine/original_3_22.png,0,random_forgery,2,3
data/processed/train/genuine/original_14_22.png,data/processed/train/forged/forgeries_14_4.png,0,skilled_forgery,14,14
data/processed/validation/genuine/original_37_1.png,data/processed/validation/genuine/original_37_19.png,1,genuine_genuine,37,37
data/processed/validation/genuine/original_44_4.png,data/processed/validation/forged/forgeries_44_17.png,0,skilled_forgery,44,44
data/processed/train/genuine/original_3_20.png,data/processed/train/forged/forgeries_3_9.png,0,skilled_forgery,3,3
data/processed/train/genuine/original_16_5.png,data/processed/train/genuine/original_13_23.png,0,random_forgery,16,13
data/processed/validation/genuine/original_37_21.png,data/processed/validation/forged/forgeries_37_22.png,0,skilled_forgery,37,37
data/processed/train/genuine/original_34_21.png,data/processed/validation/genuine/original_37_4.png,0,random_forgery,34,37
data/processed/train/genuine/original_28_7.png,data/processed/train/forged/forgeries_28_9.png,0,skilled_forgery,28,28
data/processed/train/genuine/original_33_24.png,data/processed/train/forged/forgeries_33_14.png,0,skilled_forgery,33,33
data/processed/validation/genuine/original_43_1.png,data/processed/train/genuine/original_29_24.png,0,random_forgery,43,29
data/processed/validation/genuine/original_45_3.png,data/processed/validation/genuine/original_45_6.png,1,genuine_genuine,45,45
data/processed/train/genuine/original_5_2.png,data/processed/train/genuine/original_5_4.png,1,genuine_genuine,5,5
data/processed/validation/genuine/original_38_18.png,data/processed/validation/genuine/original_38_9.png,1,genuine_genuine,38,38
data/processed/validation/genuine/original_45_9.png,data/processed/validation/genuine/original_38_14.png,0,random_forgery,45,38
data/processed/validation/genuine/original_41_6.png,data/processed/validation/forged/forgeries_41_4.png,0,skilled_forgery,41,41
data/processed/train/genuine/original_35_19.png,data/processed/train/genuine/original_35_24.png,1,genuine_genuine,35,35
data/processed/validation/genuine/original_38_8.png,data/processed/validation/forged/forgeries_38_21.png,0,skilled_forgery,38,38
data/processed/train/genuine/original_12_20.png,data/processed/train/forged/forgeries_12_23.png,0,skilled_forgery,12,12
data/processed/train/genuine/original_18_1.png,data/processed/train/genuine/original_18_23.png,1,genuine_genuine,18,18
data/processed/train/genuine/original_35_8.png,data/processed/train/forged/forgeries_35_17.png,0,skilled_forgery,35,35
data/processed/train/genuine/original_32_10.png,data/processed/train/genuine/original_32_23.png,1,genuine_genuine,32,32
data/processed/train/genuine/original_15_17.png,data/processed/train/forged/forgeries_15_7.png,0,skilled_forgery,15,15
data/processed/validation/genuine/original_37_12.png,data/processed/validation/genuine/original_37_6.png,1,genuine_genuine,37,37
data/processed/validation/genuine/original_37_16.png,data/processed/train/genuine/original_30_13.png,0,random_forgery,37,30
data/processed/train/genuine/original_32_20.png,data/processed/train/forged/forgeries_32_22.png,0,skilled_forgery,32,32
data/processed/train/genuine/original_8_3.png,data/processed/train/genuine/original_8_8.png,1,genuine_genuine,8,8
data/processed/train/genuine/original_5_19.png,data/processed/train/genuine/original_5_22.png,1,genuine_genuine,5,5
data/processed/validation/genuine/original_37_16.png,data/processed/validation/genuine/original_37_20.png,1,genuine_genuine,37,37
data/processed/train/genuine/original_17_10.png,data/processed/train/genuine/original_17_3.png,1,genuine_genuine,17,17
data/processed/validation/genuine/original_37_13.png,data/processed/validation/genuine/original_37_15.png,1,genuine_genuine,37,37
data/processed/train/genuine/original_14_9.png,data/processed/train/forged/forgeries_14_1.png,0,skilled_forgery,14,14
data/processed/train/genuine/original_14_16.png,data/processed/train/forged/forgeries_14_6.png,0,skilled_forgery,14,14
data/processed/train/genuine/original_32_9.png,data/processed/train/forged/forgeries_32_19.png,0,skilled_forgery,32,32
data/processed/validation/genuine/original_45_11.png,data/processed/validation/forged/forgeries_45_6.png,0,skilled_forgery,45,45
data/processed/validation/genuine/original_43_20.png,data/processed/train/genuine/original_7_23.png,0,random_forgery,43,7
data/processed/train/genuine/original_6_13.png,data/processed/train/genuine/original_6_19.png,1,genuine_genuine,6,6
data/processed/train/genuine/original_18_2.png,data/processed/train/genuine/original_18_20.png,1,genuine_genuine,18,18
data/processed/train/genuine/original_3_14.png,data/processed/train/genuine/original_3_24.png,1,genuine_genuine,3,3
data/processed/train/genuine/original_17_15.png,data/processed/train/genuine/original_17_23.png,1,genuine_genuine,17,17
data/processed/train/genuine/original_9_2.png,data/processed/train/genuine/original_17_21.png,0,random_forgery,9,17
data/processed/train/genuine/original_16_22.png,data/processed/train/genuine/original_16_23.png,1,genuine_genuine,16,16
data/processed/train/genuine/original_31_14.png,data/processed/train/genuine/original_31_3.png,1,genuine_genuine,31,31
data/processed/train/genuine/original_28_4.png,data/processed/train/genuine/original_28_8.png,1,genuine_genuine,28,28
data/processed/train/genuine/original_34_15.png,data/processed/train/forged/forgeries_34_19.png,0,skilled_forgery,34,34
data/processed/validation/genuine/original_39_19.png,data/processed/validation/genuine/original_39_7.png,1,genuine_genuine,39,39
data/processed/train/genuine/original_15_1.png,data/processed/train/genuine/original_15_3.png,1,genuine_genuine,15,15
data/processed/train/genuine/original_3_7.png,data/processed/train/genuine/original_3_9.png,1,genuine_genuine,3,3
data/processed/validation/genuine/original_40_22.png,data/processed/validation/forged/forgeries_40_14.png,0,skilled_forgery,40,40
data/processed/train/genuine/original_28_11.png,data/processed/train/genuine/original_28_3.png,1,genuine_genuine,28,28
data/processed/train/genuine/original_33_22.png,data/processed/train/genuine/original_33_5.png,1,genuine_genuine,33,33
data/processed/train/genuine/original_32_6.png,data/processed/train/forged/forgeries_32_5.png,0,skilled_forgery,32,32
data/processed/validation/genuine/original_45_12.png,data/processed/train/genuine/original_3_6.png,0,random_forgery,45,3
data/processed/validation/genuine/original_43_16.png,data/processed/validation/forged/forgeries_43_1.png,0,skilled_forgery,43,43
data/processed/train/genuine/original_3_21.png,data/processed/train/genuine/original_3_4.png,1,genuine_genuine,3,3
data/processed/validation/genuine/original_44_17.png,data/processed/validation/forged/forgeries_44_19.png,0,skilled_forgery,44,44
data/processed/train/genuine/original_18_18.png,data/processed/train/genuine/original_17_24.png,0,random_forgery,18,17
data/processed/validation/genuine/original_38_10.png,data/processed/validation/genuine/original_38_14.png,1,genuine_genuine,38,38
data/processed/train/genuine/original_12_14.png,data/processed/train/genuine/original_12_5.png,1,genuine_genuine,12,12
data/processed/validation/genuine/original_45_9.png,data/processed/validation/forged/forgeries_45_20.png,0,skilled_forgery,45,45
data/processed/train/genuine/original_6_13.png,data/processed/train/genuine/original_6_20.png,1,genuine_genuine,6,6
data/processed/train/genuine/original_34_1.png,data/processed/train/genuine/original_34_3.png,1,genuine_genuine,34,34
data/processed/train/genuine/original_11_19.png,data/processed/train/forged/forgeries_11_6.png,0,skilled_forgery,11,11
data/processed/train/genuine/original_9_15.png,data/processed/train/genuine/original_9_9.png,1,genuine_genuine,9,9
data/processed/validation/genuine/original_38_2.png,data/processed/validation/forged/forgeries_38_18.png,0,skilled_forgery,38,38
data/processed/validation/genuine/original_42_8.png,data/processed/validation/forged/forgeries_42_23.png,0,skilled_forgery,42,42
data/processed/validation/genuine/original_42_21.png,data/processed/validation/genuine/original_42_7.png,1,genuine_genuine,42,42
data/processed/train/genuine/original_17_20.png,data/processed/validation/genuine/original_40_1.png,0,random_forgery,17,40
data/processed/validation/genuine/original_41_17.png,data/processed/validation/genuine/original_41_8.png,1,genuine_genuine,41,41
data/processed/train/genuine/original_30_9.png,data/processed/train/genuine/original_33_10.png,0,random_forgery,30,33
data/processed/train/genuine/original_9_3.png,data/processed/train/genuine/original_9_8.png,1,genuine_genuine,9,9
data/processed/validation/genuine/original_43_21.png,data/processed/validation/genuine/original_43_5.png,1,genuine_genuine,43,43
data/processed/train/genuine/original_6_10.png,data/processed/train/genuine/original_6_16.png,1,genuine_genuine,6,6
data/processed/train/genuine/original_7_1.png,data/processed/train/genuine/original_7_11.png,1,genuine_genuine,7,7
data/processed/validation/genuine/original_41_22.png,data/processed/validation/genuine/original_41_23.png,1,genuine_genuine,41,41
data/processed/train/genuine/original_31_24.png,data/processed/train/genuine/original_31_7.png,1,genuine_genuine,31,31
data/processed/train/genuine/original_2_6.png,data/processed/train/genuine/original_2_9.png,1,genuine_genuine,2,2
data/processed/train/genuine/original_13_11.png,data/processed/train/genuine/original_13_17.png,1,genuine_genuine,13,13
data/processed/validation/genuine/original_42_10.png,data/processed/validation/genuine/original_42_2.png,1,genuine_genuine,42,42
data/processed/validation/genuine/original_39_12.png,data/processed/validation/forged/forgeries_39_24.png,0,skilled_forgery,39,39
data/processed/train/genuine/original_8_10.png,data/processed/train/genuine/original_8_15.png,1,genuine_genuine,8,8
data/processed/train/genuine/original_17_21.png,data/processed/train/genuine/original_5_24.png,0,random_forgery,17,5
data/processed/validation/genuine/original_40_18.png,data/processed/validation/forged/forgeries_40_24.png,0,skilled_forgery,40,40
data/processed/train/genuine/original_8_17.png,data/processed/train/genuine/original_8_22.png,1,genuine_genuine,8,8
data/processed/train/genuine/original_17_21.png,data/processed/train/genuine/original_17_6.png,1,genuine_genuine,17,17
data/processed/train/genuine/original_11_5.png,data/processed/train/genuine/original_11_8.png,1,genuine_genuine,11,11
data/processed/train/genuine/original_6_19.png,data/processed/train/genuine/original_6_20.png,1,genuine_genuine,6,6
data/processed/train/genuine/original_28_11.png,data/processed/train/genuine/original_28_23.png,1,genuine_genuine,28,28
data/processed/validation/genuine/original_44_5.png,data/processed/validation/forged/forgeries_44_23.png,0,skilled_forgery,44,44
data/processed/train/genuine/original_9_17.png,data/processed/train/genuine/original_9_18.png,1,genuine_genuine,9,9
data/processed/train/genuine/original_10_19.png,data/processed/validation/genuine/original_45_18.png,0,random_forgery,10,45
data/processed/train/genuine/original_3_14.png,data/processed/train/forged/forgeries_3_4.png,0,skilled_forgery,3,3
data/processed/validation/genuine/original_37_20.png,data/processed/validation/genuine/original_37_23.png,1,genuine_genuine,37,37
data/processed/train/genuine/original_15_1.png,data/processed/train/genuine/original_4_9.png,0,random_forgery,15,4
data/processed/validation/genuine/original_44_1.png,data/processed/validation/genuine/original_44_10.png,1,genuine_genuine,44,44
data/processed/validation/genuine/original_42_2.png,data/processed/validation/genuine/original_42_20.png,1,genuine_genuine,42,42
data/processed/validation/genuine/original_40_2.png,data/processed/validation/genuine/original_40_5.png,1,genuine_genuine,40,40
data/processed/validation/genuine/original_42_15.png,data/processed/validation/genuine/original_40_16.png,0,random_forgery,42,40
data/processed/train/genuine/original_14_15.png,data/processed/train/genuine/original_14_8.png,1,genuine_genuine,14,14
data/processed/train/genuine/original_35_21.png,data/processed/train/forged/forgeries_35_22.png,0,skilled_forgery,35,35
data/processed/train/genuine/original_16_2.png,data/processed/train/genuine/original_16_24.png,1,genuine_genuine,16,16
data/processed/train/genuine/original_11_8.png,data/processed/train/forged/forgeries_11_3.png,0,skilled_forgery,11,11
data/processed/train/genuine/original_12_7.png,data/processed/train/forged/forgeries_12_23.png,0,skilled_forgery,12,12
data/processed/train/genuine/original_10_10.png,data/processed/train/genuine/original_10_5.png,1,genuine_genuine,10,10
data/processed/train/genuine/original_29_13.png,data/processed/validation/genuine/original_43_22.png,0,random_forgery,29,43
data/processed/validation/genuine/original_40_14.png,data/processed/validation/genuine/original_40_8.png,1,genuine_genuine,40,40
data/processed/train/genuine/original_9_13.png,data/processed/train/genuine/original_9_16.png,1,genuine_genuine,9,9
data/processed/train/genuine/original_2_16.png,data/processed/train/genuine/original_2_17.png,1,genuine_genuine,2,2
data/processed/train/genuine/original_1_17.png,data/processed/train/genuine/original_1_18.png,1,genuine_genuine,1,1
data/processed/train/genuine/original_30_21.png,data/processed/train/forged/forgeries_30_2.png,0,skilled_forgery,30,30
data/processed/validation/genuine/original_37_2.png,data/processed/validation/genuine/original_37_4.png,1,genuine_genuine,37,37
data/processed/validation/genuine/original_42_3.png,data/processed/train/genuine/original_8_23.png,0,random_forgery,42,8
data/processed/train/genuine/original_16_17.png,data/processed/train/forged/forgeries_16_17.png,0,skilled_forgery,16,16
data/processed/train/genuine/original_15_16.png,data/processed/train/genuine/original_15_9.png,1,genuine_genuine,15,15
data/processed/validation/genuine/original_40_1.png,data/processed/validation/genuine/original_40_18.png,1,genuine_genuine,40,40
data/processed/validation/genuine/original_40_24.png,data/processed/validation/forged/forgeries_40_14.png,0,skilled_forgery,40,40
data/processed/train/genuine/original_28_13.png,data/processed/train/genuine/original_28_7.png,1,genuine_genuine,28,28
data/processed/train/genuine/original_33_21.png,data/processed/train/genuine/original_33_23.png,1,genuine_genuine,33,33
data/processed/train/genuine/original_6_3.png,data/processed/train/forged/forgeries_6_17.png,0,skilled_forgery,6,6
data/processed/train/genuine/original_29_1.png,data/processed/train/genuine/original_29_24.png,1,genuine_genuine,29,29
data/processed/train/genuine/original_28_20.png,data/processed/train/genuine/original_28_4.png,1,genuine_genuine,28,28
data/processed/validation/genuine/original_40_12.png,data/processed/validation/genuine/original_40_6.png,1,genuine_genuine,40,40
data/processed/validation/genuine/original_40_15.png,data/processed/train/genuine/original_29_12.png,0,random_forgery,40,29
data/processed/validation/genuine/original_39_11.png,data/processed/validation/genuine/original_39_14.png,1,genuine_genuine,39,39
data/processed/train/genuine/original_5_21.png,data/processed/train/forged/forgeries_5_3.png,0,skilled_forgery,5,5
data/processed/validation/genuine/original_36_1.png,data/processed/validation/genuine/original_36_3.png,1,genuine_genuine,36,36
data/processed/train/genuine/original_15_24.png,data/processed/train/genuine/original_15_7.png,1,genuine_genuine,15,15
data/processed/train/genuine/original_4_17.png,data/processed/train/genuine/original_4_19.png,1,genuine_genuine,4,4
data/processed/validation/genuine/original_37_22.png,data/processed/validation/genuine/original_37_6.png,1,genuine_genuine,37,37
data/processed/validation/genuine/original_42_12.png,data/processed/validation/forged/forgeries_42_5.png,0,skilled_forgery,42,42
data/processed/train/genuine/original_31_20.png,data/processed/train/genuine/original_13_8.png,0,random_forgery,31,13
data/processed/train/genuine/original_32_10.png,data/processed/train/genuine/original_32_24.png,1,genuine_genuine,32,32
data/processed/train/genuine/original_6_21.png,data/processed/train/genuine/original_7_21.png,0,random_forgery,6,7
data/processed/validation/genuine/original_43_21.png,data/processed/validation/forged/forgeries_43_15.png,0,skilled_forgery,43,43
data/processed/train/genuine/original_15_24.png,data/processed/train/genuine/original_35_7.png,0,random_forgery,15,35
data/processed/train/genuine/original_5_1.png,data/processed/train/genuine/original_5_23.png,1,genuine_genuine,5,5
data/processed/train/genuine/original_29_10.png,data/processed/train/genuine/original_29_12.png,1,genuine_genuine,29,29
data/processed/train/genuine/original_5_6.png,data/processed/train/forged/forgeries_5_21.png,0,skilled_forgery,5,5
data/processed/train/genuine/original_33_20.png,data/processed/train/genuine/original_33_6.png,1,genuine_genuine,33,33
data/processed/train/genuine/original_17_7.png,data/processed/train/forged/forgeries_17_17.png,0,skilled_forgery,17,17
data/processed/train/genuine/original_3_16.png,data/processed/train/genuine/original_8_9.png,0,random_forgery,3,8
data/processed/train/genuine/original_32_19.png,data/processed/train/genuine/original_29_13.png,0,random_forgery,32,29
data/processed/train/genuine/original_4_4.png,data/processed/train/forged/forgeries_4_12.png,0,skilled_forgery,4,4
data/processed/validation/genuine/original_38_6.png,data/processed/validation/forged/forgeries_38_2.png,0,skilled_forgery,38,38
data/processed/train/genuine/original_18_15.png,data/processed/train/genuine/original_29_13.png,0,random_forgery,18,29
data/processed/train/genuine/original_34_16.png,data/processed/train/genuine/original_32_19.png,0,random_forgery,34,32
data/processed/train/genuine/original_3_22.png,data/processed/train/forged/forgeries_3_19.png,0,skilled_forgery,3,3
data/processed/train/genuine/original_10_15.png,data/processed/train/forged/forgeries_10_24.png,0,skilled_forgery,10,10
data/processed/train/genuine/original_14_2.png,data/processed/train/forged/forgeries_14_20.png,0,skilled_forgery,14,14
data/processed/train/genuine/original_16_14.png,data/processed/train/genuine/original_16_24.png,1,genuine_genuine,16,16
data/processed/validation/genuine/original_45_10.png,data/processed/validation/genuine/original_45_5.png,1,genuine_genuine,45,45
data/processed/train/genuine/original_9_10.png,data/processed/validation/genuine/original_41_21.png,0,random_forgery,9,41
data/processed/train/genuine/original_5_18.png,data/processed/train/forged/forgeries_5_5.png,0,skilled_forgery,5,5
data/processed/train/genuine/original_29_18.png,data/processed/train/genuine/original_29_23.png,1,genuine_genuine,29,29
data/processed/train/genuine/original_13_23.png,data/processed/train/genuine/original_13_9.png,1,genuine_genuine,13,13
data/processed/train/genuine/original_31_4.png,data/processed/train/forged/forgeries_31_22.png,0,skilled_forgery,31,31
data/processed/validation/genuine/original_39_3.png,data/processed/validation/forged/forgeries_39_7.png,0,skilled_forgery,39,39
data/processed/train/genuine/original_5_8.png,data/processed/train/forged/forgeries_5_2.png,0,skilled_forgery,5,5
data/processed/train/genuine/original_11_18.png,data/processed/train/genuine/original_11_8.png,1,genuine_genuine,11,11
data/processed/train/genuine/original_34_3.png,data/processed/train/genuine/original_34_9.png,1,genuine_genuine,34,34
data/processed/validation/genuine/original_43_12.png,data/processed/validation/genuine/original_43_9.png,1,genuine_genuine,43,43
data/processed/validation/genuine/original_41_24.png,data/processed/validation/genuine/original_41_4.png,1,genuine_genuine,41,41
data/processed/train/genuine/original_10_2.png,data/processed/train/forged/forgeries_10_11.png,0,skilled_forgery,10,10
data/processed/validation/genuine/original_40_13.png,data/processed/validation/forged/forgeries_40_18.png,0,skilled_forgery,40,40
data/processed/train/genuine/original_11_10.png,data/processed/train/forged/forgeries_11_21.png,0,skilled_forgery,11,11
data/processed/train/genuine/original_7_2.png,data/processed/train/genuine/original_7_23.png,1,genuine_genuine,7,7
data/processed/train/genuine/original_31_23.png,data/processed/train/genuine/original_31_3.png,1,genuine_genuine,31,31
data/processed/validation/genuine/original_42_22.png,data/processed/validation/genuine/original_42_5.png,1,genuine_genuine,42,42
data/processed/train/genuine/original_35_21.png,data/processed/train/forged/forgeries_35_3.png,0,skilled_forgery,35,35
data/processed/train/genuine/original_7_19.png,data/processed/train/genuine/original_7_7.png,1,genuine_genuine,7,7
data/processed/train/genuine/original_7_24.png,data/processed/train/genuine/original_28_12.png,0,random_forgery,7,28
data/processed/train/genuine/original_1_23.png,data/processed/train/forged/forgeries_1_7.png,0,skilled_forgery,1,1
data/processed/train/genuine/original_2_11.png,data/processed/train/genuine/original_2_4.png,1,genuine_genuine,2,2
data/processed/train/genuine/original_6_20.png,data/processed/train/forged/forgeries_6_24.png,0,skilled_forgery,6,6
data/processed/validation/genuine/original_42_19.png,data/processed/validation/forged/forgeries_42_11.png,0,skilled_forgery,42,42
data/processed/train/genuine/original_33_12.png,data/processed/train/genuine/original_33_14.png,1,genuine_genuine,33,33
data/processed/train/genuine/original_10_17.png,data/processed/train/genuine/original_10_19.png,1,genuine_genuine,10,10
data/processed/validation/genuine/original_38_17.png,data/processed/validation/forged/forgeries_38_17.png,0,skilled_forgery,38,38
data/processed/train/genuine/original_29_18.png,data/processed/train/genuine/original_34_16.png,0,random_forgery,29,34
data/processed/validation/genuine/original_39_18.png,data/processed/validation/forged/forgeries_39_5.png,0,skilled_forgery,39,39
data/processed/train/genuine/original_33_24.png,data/processed/validation/genuine/original_43_1.png,0,random_forgery,33,43
data/processed/train/genuine/original_29_3.png,data/processed/train/genuine/original_33_12.png,0,random_forgery,29,33
data/processed/train/genuine/original_17_18.png,data/processed/train/forged/forgeries_17_19.png,0,skilled_forgery,17,17
data/processed/train/genuine/original_29_11.png,data/processed/train/genuine/original_29_9.png,1,genuine_genuine,29,29
data/processed/train/genuine/original_29_24.png,data/processed/train/forged/forgeries_29_12.png,0,skilled_forgery,29,29
data/processed/train/genuine/original_8_22.png,data/processed/train/forged/forgeries_8_15.png,0,skilled_forgery,8,8
data/processed/train/genuine/original_15_3.png,data/processed/train/genuine/original_15_8.png,1,genuine_genuine,15,15
data/processed/train/genuine/original_28_23.png,data/processed/train/genuine/original_1_20.png,0,random_forgery,28,1
data/processed/train/genuine/original_13_18.png,data/processed/train/genuine/original_13_4.png,1,genuine_genuine,13,13
data/processed/validation/genuine/original_39_8.png,data/processed/validation/forged/forgeries_39_13.png,0,skilled_forgery,39,39
data/processed/train/genuine/original_10_21.png,data/processed/train/genuine/original_7_24.png,0,random_forgery,10,7
data/processed/train/genuine/original_32_11.png,data/processed/train/forged/forgeries_32_24.png,0,skilled_forgery,32,32
data/processed/validation/genuine/original_39_5.png,data/processed/validation/forged/forgeries_39_5.png,0,skilled_forgery,39,39
data/processed/train/genuine/original_1_13.png,data/processed/train/genuine/original_1_24.png,1,genuine_genuine,1,1
data/processed/train/genuine/original_33_13.png,data/processed/train/genuine/original_33_24.png,1,genuine_genuine,33,33
data/processed/train/genuine/original_13_18.png,data/processed/train/genuine/original_13_23.png,1,genuine_genuine,13,13
data/processed/validation/genuine/original_43_4.png,data/processed/train/genuine/original_10_19.png,0,random_forgery,43,10
data/processed/train/genuine/original_12_19.png,data/processed/train/forged/forgeries_12_14.png,0,skilled_forgery,12,12
data/processed/validation/genuine/original_36_23.png,data/processed/validation/genuine/original_36_24.png,1,genuine_genuine,36,36
data/processed/validation/genuine/original_41_13.png,data/processed/validation/genuine/original_41_22.png,1,genuine_genuine,41,41
data/processed/train/genuine/original_3_18.png,data/processed/train/forged/forgeries_3_23.png,0,skilled_forgery,3,3
data/processed/train/genuine/original_10_11.png,data/processed/train/genuine/original_10_23.png,1,genuine_genuine,10,10
data/processed/train/genuine/original_15_22.png,data/processed/train/genuine/original_15_9.png,1,genuine_genuine,15,15
data/processed/train/genuine/original_34_14.png,data/processed/train/genuine/original_7_23.png,0,random_forgery,34,7
data/processed/train/genuine/original_14_1.png,data/processed/train/genuine/original_14_7.png,1,genuine_genuine,14,14
data/processed/train/genuine/original_12_2.png,data/processed/train/genuine/original_12_7.png,1,genuine_genuine,12,12
data/processed/validation/genuine/original_45_16.png,data/processed/validation/genuine/original_45_24.png,1,genuine_genuine,45,45
data/processed/train/genuine/original_29_18.png,data/processed/train/forged/forgeries_29_3.png,0,skilled_forgery,29,29
data/processed/validation/genuine/original_39_15.png,data/processed/validation/forged/forgeries_39_20.png,0,skilled_forgery,39,39
data/processed/validation/genuine/original_43_10.png,data/processed/validation/genuine/original_45_11.png,0,random_forgery,43,45
data/processed/train/genuine/original_18_18.png,data/processed/train/forged/forgeries_18_8.png,0,skilled_forgery,18,18
data/processed/train/genuine/original_35_4.png,data/processed/train/forged/forgeries_35_21.png,0,skilled_forgery,35,35
data/processed/train/genuine/original_30_15.png,data/processed/train/genuine/original_30_3.png,1,genuine_genuine,30,30
data/processed/train/genuine/original_1_1.png,data/processed/train/genuine/original_1_10.png,1,genuine_genuine,1,1
data/processed/train/genuine/original_14_19.png,data/processed/train/forged/forgeries_14_22.png,0,skilled_forgery,14,14
data/processed/validation/genuine/original_43_2.png,data/processed/train/genuine/original_28_8.png,0,random_forgery,43,28
data/processed/train/genuine/original_32_10.png,data/processed/train/genuine/original_13_24.png,0,random_forgery,32,13
data/processed/validation/genuine/original_36_3.png,data/processed/validation/forged/forgeries_36_5.png,0,skilled_forgery,36,36
data/processed/train/genuine/original_5_15.png,data/processed/train/genuine/original_5_22.png,1,genuine_genuine,5,5
data/processed/validation/genuine/original_42_1.png,data/processed/validation/genuine/original_42_3.png,1,genuine_genuine,42,42
data/processed/train/genuine/original_30_23.png,data/processed/train/genuine/original_30_3.png,1,genuine_genuine,30,30
data/processed/validation/genuine/original_40_11.png,data/processed/validation/genuine/original_40_17.png,1,genuine_genuine,40,40
data/processed/validation/genuine/original_45_10.png,data/processed/validation/genuine/original_45_24.png,1,genuine_genuine,45,45
data/processed/train/genuine/original_12_10.png,data/processed/train/genuine/original_12_16.png,1,genuine_genuine,12,12
data/processed/train/genuine/original_29_18.png,data/processed/train/forged/forgeries_29_14.png,0,skilled_forgery,29,29
data/processed/train/genuine/original_4_8.png,data/processed/train/forged/forgeries_4_6.png,0,skilled_forgery,4,4
data/processed/train/genuine/original_33_13.png,data/processed/train/genuine/original_33_4.png,1,genuine_genuine,33,33
data/processed/train/genuine/original_33_14.png,data/processed/train/genuine/original_33_8.png,1,genuine_genuine,33,33
data/processed/train/genuine/original_8_10.png,data/processed/validation/genuine/original_38_14.png,0,random_forgery,8,38
data/processed/train/genuine/original_29_5.png,data/processed/train/forged/forgeries_29_7.png,0,skilled_forgery,29,29
data/processed/train/genuine/original_14_14.png,data/processed/train/genuine/original_14_22.png,1,genuine_genuine,14,14
data/processed/validation/genuine/original_40_23.png,data/processed/validation/genuine/original_40_7.png,1,genuine_genuine,40,40
data/processed/train/genuine/original_28_5.png,data/processed/train/forged/forgeries_28_15.png,0,skilled_forgery,28,28
data/processed/train/genuine/original_9_9.png,data/processed/train/genuine/original_34_12.png,0,random_forgery,9,34
data/processed/validation/genuine/original_39_10.png,data/processed/validation/genuine/original_39_23.png,1,genuine_genuine,39,39
data/processed/train/genuine/original_4_16.png,data/processed/train/genuine/original_34_18.png,0,random_forgery,4,34
data/processed/train/genuine/original_8_6.png,data/processed/train/genuine/original_8_7.png,1,genuine_genuine,8,8
data/processed/validation/genuine/original_37_23.png,data/processed/validation/genuine/original_37_9.png,1,genuine_genuine,37,37
data/processed/train/genuine/original_12_18.png,data/processed/train/genuine/original_12_2.png,1,genuine_genuine,12,12
data/processed/train/genuine/original_28_8.png,data/processed/train/forged/forgeries_28_2.png,0,skilled_forgery,28,28
data/processed/validation/genuine/original_39_16.png,data/processed/validation/forged/forgeries_39_8.png,0,skilled_forgery,39,39
data/processed/train/genuine/original_34_23.png,data/processed/train/genuine/original_34_6.png,1,genuine_genuine,34,34
data/processed/train/genuine/original_34_19.png,data/processed/train/forged/forgeries_34_22.png,0,skilled_forgery,34,34
data/processed/train/genuine/original_13_22.png,data/processed/train/forged/forgeries_13_16.png,0,skilled_forgery,13,13
data/processed/train/genuine/original_4_16.png,data/processed/train/forged/forgeries_4_22.png,0,skilled_forgery,4,4
data/processed/train/genuine/original_13_11.png,data/processed/train/genuine/original_13_18.png,1,genuine_genuine,13,13
data/processed/train/genuine/original_16_23.png,data/processed/train/genuine/original_32_14.png,0,random_forgery,16,32
data/processed/train/genuine/original_8_16.png,data/processed/train/genuine/original_8_20.png,1,genuine_genuine,8,8
data/processed/validation/genuine/original_38_15.png,data/processed/validation/forged/forgeries_38_24.png,0,skilled_forgery,38,38
data/processed/train/genuine/original_3_17.png,data/processed/train/genuine/original_3_7.png,1,genuine_genuine,3,3
data/processed/validation/genuine/original_38_16.png,data/processed/validation/forged/forgeries_38_17.png,0,skilled_forgery,38,38
data/processed/train/genuine/original_28_21.png,data/processed/train/genuine/original_28_9.png,1,genuine_genuine,28,28
data/processed/train/genuine/original_34_1.png,data/processed/train/genuine/original_34_15.png,1,genuine_genuine,34,34
data/processed/validation/genuine/original_41_12.png,data/processed/validation/genuine/original_41_5.png,1,genuine_genuine,41,41
data/processed/train/genuine/original_8_19.png,data/processed/train/genuine/original_8_24.png,1,genuine_genuine,8,8
data/processed/validation/genuine/original_43_21.png,data/processed/train/genuine/original_17_5.png,0,random_forgery,43,17
data/processed/train/genuine/original_3_19.png,data/processed/train/genuine/original_10_10.png,0,random_forgery,3,10
data/processed/train/genuine/original_3_13.png,data/processed/train/genuine/original_35_23.png,0,random_forgery,3,35
data/processed/train/genuine/original_34_23.png,data/processed/train/forged/forgeries_34_2.png,0,skilled_forgery,34,34
data/processed/train/genuine/original_9_23.png,data/processed/train/genuine/original_7_15.png,0,random_forgery,9,7
data/processed/train/genuine/original_16_3.png,data/processed/train/forged/forgeries_16_1.png,0,skilled_forgery,16,16
data/processed/train/genuine/original_28_12.png,data/processed/train/genuine/original_28_3.png,1,genuine_genuine,28,28
data/processed/train/genuine/original_33_5.png,data/processed/train/forged/forgeries_33_8.png,0,skilled_forgery,33,33
data/processed/train/genuine/original_15_9.png,data/processed/train/forged/forgeries_15_23.png,0,skilled_forgery,15,15
data/processed/train/genuine/original_11_17.png,data/processed/train/genuine/original_17_16.png,0,random_forgery,11,17
data/processed/validation/genuine/original_40_13.png,data/processed/validation/forged/forgeries_40_17.png,0,skilled_forgery,40,40
data/processed/validation/genuine/original_44_23.png,data/processed/train/genuine/original_8_20.png,0,random_forgery,44,8
data/processed/train/genuine/original_28_1.png,data/processed/train/genuine/original_28_16.png,1,genuine_genuine,28,28
data/processed/train/genuine/original_1_2.png,data/processed/train/genuine/original_1_3.png,1,genuine_genuine,1,1
data/processed/train/genuine/original_10_2.png,data/processed/train/forged/forgeries_10_14.png,0,skilled_forgery,10,10
data/processed/train/genuine/original_32_3.png,data/processed/train/genuine/original_8_1.png,0,random_forgery,32,8
data/processed/validation/genuine/original_38_14.png,data/processed/validation/genuine/original_38_17.png,1,genuine_genuine,38,38
data/processed/train/genuine/original_28_11.png,data/processed/train/genuine/original_28_15.png,1,genuine_genuine,28,28
data/processed/train/genuine/original_4_12.png,data/processed/train/genuine/original_4_24.png,1,genuine_genuine,4,4
data/processed/train/genuine/original_13_22.png,data/processed/train/genuine/original_13_8.png,1,genuine_genuine,13,13
data/processed/train/genuine/original_8_10.png,data/processed/train/forged/forgeries_8_18.png,0,skilled_forgery,8,8
data/processed/validation/genuine/original_44_3.png,data/processed/train/genuine/original_28_4.png,0,random_forgery,44,28
data/processed/validation/genuine/original_39_19.png,data/processed/validation/genuine/original_39_9.png,1,genuine_genuine,39,39
data/processed/train/genuine/original_35_20.png,data/processed/train/genuine/original_35_6.png,1,genuine_genuine,35,35
data/processed/train/genuine/original_4_13.png,data/processed/train/genuine/original_4_4.png,1,genuine_genuine,4,4
data/processed/train/genuine/original_15_15.png,data/processed/train/genuine/original_9_21.png,0,random_forgery,15,9
data/processed/train/genuine/original_13_18.png,data/processed/train/genuine/original_13_19.png,1,genuine_genuine,13,13
data/processed/validation/genuine/original_41_1.png,data/processed/validation/genuine/original_41_8.png,1,genuine_genuine,41,41
data/processed/train/genuine/original_6_6.png,data/processed/train/forged/forgeries_6_17.png,0,skilled_forgery,6,6
data/processed/validation/genuine/original_39_11.png,data/processed/validation/genuine/original_39_23.png,1,genuine_genuine,39,39
data/processed/validation/genuine/original_37_15.png,data/processed/validation/genuine/original_37_2.png,1,genuine_genuine,37,37
data/processed/train/genuine/original_32_23.png,data/processed/train/genuine/original_32_3.png,1,genuine_genuine,32,32
data/processed/train/genuine/original_18_11.png,data/processed/train/genuine/original_18_9.png,1,genuine_genuine,18,18
data/processed/train/genuine/original_9_12.png,data/processed/train/genuine/original_9_6.png,1,genuine_genuine,9,9
data/processed/train/genuine/original_18_5.png,data/processed/train/genuine/original_18_8.png,1,genuine_genuine,18,18
data/processed/train/genuine/original_12_19.png,data/processed/train/genuine/original_12_8.png,1,genuine_genuine,12,12
data/processed/train/genuine/original_6_18.png,data/processed/train/genuine/original_6_20.png,1,genuine_genuine,6,6
data/processed/train/genuine/original_18_10.png,data/processed/train/genuine/original_18_20.png,1,genuine_genuine,18,18
data/processed/train/genuine/original_3_3.png,data/processed/train/forged/forgeries_3_24.png,0,skilled_forgery,3,3
data/processed/train/genuine/original_29_19.png,data/processed/train/genuine/original_29_2.png,1,genuine_genuine,29,29
data/processed/train/genuine/original_30_6.png,data/processed/train/forged/forgeries_30_8.png,0,skilled_forgery,30,30
data/processed/train/genuine/original_18_23.png,data/processed/train/forged/forgeries_18_14.png,0,skilled_forgery,18,18
data/processed/validation/genuine/original_40_23.png,data/processed/validation/forged/forgeries_40_2.png,0,skilled_forgery,40,40
data/processed/train/genuine/original_9_8.png,data/processed/train/genuine/original_2_4.png,0,random_forgery,9,2
data/processed/train/genuine/original_8_1.png,data/processed/train/forged/forgeries_8_10.png,0,skilled_forgery,8,8
data/processed/train/genuine/original_15_24.png,data/processed/train/genuine/original_15_5.png,1,genuine_genuine,15,15
data/processed/train/genuine/original_14_20.png,data/processed/validation/genuine/original_38_6.png,0,random_forgery,14,38
data/processed/train/genuine/original_31_4.png,data/processed/train/genuine/original_31_7.png,1,genuine_genuine,31,31
data/processed/train/genuine/original_33_22.png,data/processed/train/genuine/original_33_23.png,1,genuine_genuine,33,33
data/processed/train/genuine/original_1_1.png,data/processed/train/genuine/original_14_6.png,0,random_forgery,1,14
data/processed/train/genuine/original_30_18.png,data/processed/train/genuine/original_33_15.png,0,random_forgery,30,33
data/processed/validation/genuine/original_44_4.png,data/processed/validation/forged/forgeries_44_15.png,0,skilled_forgery,44,44
data/processed/train/genuine/original_16_5.png,data/processed/train/genuine/original_16_8.png,1,genuine_genuine,16,16
data/processed/validation/genuine/original_42_18.png,data/processed/validation/genuine/original_42_19.png,1,genuine_genuine,42,42
data/processed/train/genuine/original_14_7.png,data/processed/train/forged/forgeries_14_14.png,0,skilled_forgery,14,14
data/processed/train/genuine/original_2_10.png,data/processed/train/forged/forgeries_2_8.png,0,skilled_forgery,2,2
data/processed/validation/genuine/original_38_18.png,data/processed/validation/genuine/original_38_21.png,1,genuine_genuine,38,38
data/processed/train/genuine/original_15_21.png,data/processed/train/forged/forgeries_15_7.png,0,skilled_forgery,15,15
data/processed/train/genuine/original_35_15.png,data/processed/train/genuine/original_35_4.png,1,genuine_genuine,35,35
data/processed/validation/genuine/original_42_19.png,data/processed/validation/forged/forgeries_42_3.png,0,skilled_forgery,42,42
data/processed/train/genuine/original_9_6.png,data/processed/validation/genuine/original_43_19.png,0,random_forgery,9,43
data/processed/train/genuine/original_17_4.png,data/processed/train/forged/forgeries_17_4.png,0,skilled_forgery,17,17
data/processed/train/genuine/original_11_7.png,data/processed/train/genuine/original_14_20.png,0,random_forgery,11,14
data/processed/train/genuine/original_18_5.png,data/processed/train/forged/forgeries_18_21.png,0,skilled_forgery,18,18
data/processed/validation/genuine/original_42_4.png,data/processed/validation/forged/forgeries_42_24.png,0,skilled_forgery,42,42
data/processed/train/genuine/original_32_6.png,data/processed/validation/genuine/original_36_7.png,0,random_forgery,32,36
data/processed/train/genuine/original_31_10.png,data/processed/train/genuine/original_31_2.png,1,genuine_genuine,31,31
data/processed/validation/genuine/original_43_11.png,data/processed/validation/genuine/original_43_18.png,1,genuine_genuine,43,43
data/processed/train/genuine/original_11_9.png,data/processed/train/forged/forgeries_11_8.png,0,skilled_forgery,11,11
data/processed/train/genuine/original_16_3.png,data/processed/train/forged/forgeries_16_22.png,0,skilled_forgery,16,16
data/processed/train/genuine/original_4_18.png,data/processed/train/genuine/original_4_8.png,1,genuine_genuine,4,4
data/processed/train/genuine/original_7_12.png,data/processed/train/genuine/original_7_2.png,1,genuine_genuine,7,7
data/processed/train/genuine/original_4_4.png,data/processed/train/forged/forgeries_4_11.png,0,skilled_forgery,4,4
data/processed/train/genuine/original_8_22.png,data/processed/train/genuine/original_14_7.png,0,random_forgery,8,14
data/processed/validation/genuine/original_36_16.png,data/processed/validation/genuine/original_36_5.png,1,genuine_genuine,36,36
data/processed/train/genuine/original_16_2.png,data/processed/train/forged/forgeries_16_11.png,0,skilled_forgery,16,16
data/processed/validation/genuine/original_45_3.png,data/processed/validation/genuine/original_45_9.png,1,genuine_genuine,45,45
data/processed/train/genuine/original_7_16.png,data/processed/train/genuine/original_7_8.png,1,genuine_genuine,7,7
data/processed/train/genuine/original_2_21.png,data/processed/train/forged/forgeries_2_8.png,0,skilled_forgery,2,2
data/processed/validation/genuine/original_38_22.png,data/processed/validation/genuine/original_38_4.png,1,genuine_genuine,38,38
data/processed/train/genuine/original_3_4.png,data/processed/train/genuine/original_3_5.png,1,genuine_genuine,3,3
data/processed/train/genuine/original_31_16.png,data/processed/validation/genuine/original_42_1.png,0,random_forgery,31,42
data/processed/validation/genuine/original_40_12.png,data/processed/train/genuine/original_4_5.png,0,random_forgery,40,4
data/processed/train/genuine/original_7_23.png,data/processed/train/genuine/original_7_3.png,1,genuine_genuine,7,7
data/processed/validation/genuine/original_36_18.png,data/processed/validation/genuine/original_36_3.png,1,genuine_genuine,36,36
data/processed/train/genuine/original_4_12.png,data/processed/train/forged/forgeries_4_7.png,0,skilled_forgery,4,4
data/processed/validation/genuine/original_39_4.png,data/processed/validation/forged/forgeries_39_5.png,0,skilled_forgery,39,39
data/processed/train/genuine/original_11_11.png,data/processed/train/forged/forgeries_11_7.png,0,skilled_forgery,11,11
data/processed/train/genuine/original_34_12.png,data/processed/train/genuine/original_34_6.png,1,genuine_genuine,34,34
data/processed/train/genuine/original_7_1.png,data/processed/train/genuine/original_7_12.png,1,genuine_genuine,7,7
data/processed/validation/genuine/original_40_1.png,data/processed/validation/genuine/original_40_7.png,1,genuine_genuine,40,40
data/processed/train/genuine/original_4_10.png,data/processed/train/genuine/original_4_8.png,1,genuine_genuine,4,4
data/processed/validation/genuine/original_44_16.png,data/processed/validation/genuine/original_44_18.png,1,genuine_genuine,44,44
data/processed/train/genuine/original_7_4.png,data/processed/train/forged/forgeries_7_15.png,0,skilled_forgery,7,7
data/processed/train/genuine/original_28_13.png,data/processed/train/genuine/original_28_20.png,1,genuine_genuine,28,28
data/processed/train/genuine/original_31_2.png,data/processed/train/genuine/original_31_9.png,1,genuine_genuine,31,31
data/processed/validation/genuine/original_42_23.png,data/processed/train/genuine/original_4_18.png,0,random_forgery,42,4
data/processed/validation/genuine/original_40_13.png,data/processed/validation/genuine/original_40_23.png,1,genuine_genuine,40,40
data/processed/validation/genuine/original_39_6.png,data/processed/validation/genuine/original_39_7.png,1,genuine_genuine,39,39
data/processed/validation/genuine/original_36_19.png,data/processed/validation/forged/forgeries_36_17.png,0,skilled_forgery,36,36
data/processed/train/genuine/original_11_23.png,data/processed/train/genuine/original_11_3.png,1,genuine_genuine,11,11
data/processed/train/genuine/original_4_18.png,data/processed/train/genuine/original_6_24.png,0,random_forgery,4,6
data/processed/train/genuine/original_3_16.png,data/processed/train/genuine/original_3_2.png,1,genuine_genuine,3,3
data/processed/train/genuine/original_35_20.png,data/processed/train/genuine/original_35_24.png,1,genuine_genuine,35,35
data/processed/train/genuine/original_29_10.png,data/processed/train/forged/forgeries_29_11.png,0,skilled_forgery,29,29
data/processed/validation/genuine/original_44_17.png,data/processed/validation/genuine/original_44_9.png,1,genuine_genuine,44,44
data/processed/train/genuine/original_35_11.png,data/processed/train/genuine/original_28_19.png,0,random_forgery,35,28
data/processed/train/genuine/original_32_22.png,data/processed/train/genuine/original_32_23.png,1,genuine_genuine,32,32
data/processed/train/genuine/original_31_14.png,data/processed/train/genuine/original_31_18.png,1,genuine_genuine,31,31
data/processed/validation/genuine/original_38_1.png,data/processed/validation/genuine/original_38_11.png,1,genuine_genuine,38,38
data/processed/train/genuine/original_4_19.png,data/processed/train/genuine/original_12_24.png,0,random_forgery,4,12
data/processed/train/genuine/original_4_4.png,data/processed/train/genuine/original_4_6.png,1,genuine_genuine,4,4
data/processed/validation/genuine/original_39_6.png,data/processed/validation/genuine/original_39_8.png,1,genuine_genuine,39,39
data/processed/train/genuine/original_5_2.png,data/processed/train/genuine/original_5_9.png,1,genuine_genuine,5,5
data/processed/train/genuine/original_11_4.png,data/processed/train/genuine/original_16_9.png,0,random_forgery,11,16
data/processed/train/genuine/original_16_9.png,data/processed/train/forged/forgeries_16_2.png,0,skilled_forgery,16,16
data/processed/train/genuine/original_35_16.png,data/processed/train/genuine/original_35_18.png,1,genuine_genuine,35,35
data/processed/train/genuine/original_2_14.png,data/processed/train/forged/forgeries_2_13.png,0,skilled_forgery,2,2
data/processed/validation/genuine/original_44_9.png,data/processed/train/genuine/original_8_19.png,0,random_forgery,44,8
data/processed/validation/genuine/original_41_9.png,data/processed/validation/genuine/original_42_15.png,0,random_forgery,41,42
data/processed/train/genuine/original_9_18.png,data/processed/train/forged/forgeries_9_17.png,0,skilled_forgery,9,9
data/processed/train/genuine/original_3_14.png,data/processed/train/genuine/original_3_23.png,1,genuine_genuine,3,3
data/processed/train/genuine/original_3_16.png,data/processed/train/forged/forgeries_3_19.png,0,skilled_forgery,3,3
data/processed/validation/genuine/original_37_23.png,data/processed/validation/forged/forgeries_37_14.png,0,skilled_forgery,37,37
data/processed/train/genuine/original_15_13.png,data/processed/train/forged/forgeries_15_18.png,0,skilled_forgery,15,15
data/processed/validation/genuine/original_43_13.png,data/processed/validation/genuine/original_43_15.png,1,genuine_genuine,43,43
data/processed/train/genuine/original_16_10.png,data/processed/train/forged/forgeries_16_22.png,0,skilled_forgery,16,16
data/processed/train/genuine/original_17_15.png,data/processed/train/forged/forgeries_17_17.png,0,skilled_forgery,17,17
data/processed/train/genuine/original_28_24.png,data/processed/train/forged/forgeries_28_16.png,0,skilled_forgery,28,28
data/processed/validation/genuine/original_41_20.png,data/processed/train/genuine/original_5_19.png,0,random_forgery,41,5
data/processed/train/genuine/original_30_11.png,data/processed/train/genuine/original_30_17.png,1,genuine_genuine,30,30
data/processed/train/genuine/original_18_22.png,data/processed/train/forged/forgeries_18_20.png,0,skilled_forgery,18,18
data/processed/train/genuine/original_8_20.png,data/processed/train/genuine/original_8_4.png,1,genuine_genuine,8,8
data/processed/validation/genuine/original_38_16.png,data/processed/validation/genuine/original_38_19.png,1,genuine_genuine,38,38
data/processed/train/genuine/original_7_13.png,data/processed/train/genuine/original_7_21.png,1,genuine_genuine,7,7
data/processed/validation/genuine/original_42_6.png,data/processed/train/genuine/original_11_10.png,0,random_forgery,42,11
data/processed/train/genuine/original_15_22.png,data/processed/train/forged/forgeries_15_10.png,0,skilled_forgery,15,15
data/processed/validation/genuine/original_40_2.png,data/processed/validation/forged/forgeries_40_24.png,0,skilled_forgery,40,40
data/processed/validation/genuine/original_37_13.png,data/processed/validation/genuine/original_37_20.png,1,genuine_genuine,37,37
data/processed/train/genuine/original_7_24.png,data/processed/train/genuine/original_7_8.png,1,genuine_genuine,7,7
data/processed/validation/genuine/original_44_15.png,data/processed/validation/genuine/original_44_18.png,1,genuine_genuine,44,44
data/processed/train/genuine/original_16_1.png,data/processed/validation/genuine/original_40_22.png,0,random_forgery,16,40
data/processed/train/genuine/original_6_10.png,data/processed/train/genuine/original_6_21.png,1,genuine_genuine,6,6
data/processed/train/genuine/original_28_21.png,data/processed/train/forged/forgeries_28_24.png,0,skilled_forgery,28,28
data/processed/validation/genuine/original_41_3.png,data/processed/validation/forged/forgeries_41_21.png,0,skilled_forgery,41,41
data/processed/train/genuine/original_8_22.png,data/processed/train/forged/forgeries_8_5.png,0,skilled_forgery,8,8
data/processed/validation/genuine/original_39_1.png,data/processed/validation/genuine/original_39_15.png,1,genuine_genuine,39,39
data/processed/validation/genuine/original_41_19.png,data/processed/validation/forged/forgeries_41_17.png,0,skilled_forgery,41,41
data/processed/train/genuine/original_11_23.png,data/processed/train/forged/forgeries_11_3.png,0,skilled_forgery,11,11
data/processed/train/genuine/original_1_4.png,data/processed/train/forged/forgeries_1_22.png,0,skilled_forgery,1,1
data/processed/train/genuine/original_31_14.png,data/processed/train/forged/forgeries_31_19.png,0,skilled_forgery,31,31
data/processed/validation/genuine/original_36_4.png,data/processed/validation/forged/forgeries_36_22.png,0,skilled_forgery,36,36
data/processed/train/genuine/original_12_5.png,data/processed/train/genuine/original_12_6.png,1,genuine_genuine,12,12
data/processed/train/genuine/original_12_2.png,data/processed/train/genuine/original_13_13.png,0,random_forgery,12,13
data/processed/validation/genuine/original_41_10.png,data/processed/validation/genuine/original_41_24.png,1,genuine_genuine,41,41
data/processed/validation/genuine/original_42_14.png,data/processed/validation/forged/forgeries_42_15.png,0,skilled_forgery,42,42
data/processed/validation/genuine/original_42_15.png,data/processed/validation/genuine/original_42_5.png,1,genuine_genuine,42,42
data/processed/train/genuine/original_4_9.png,data/processed/train/forged/forgeries_4_3.png,0,skilled_forgery,4,4
data/processed/train/genuine/original_4_17.png,data/processed/train/genuine/original_34_4.png,0,random_forgery,4,34
data/processed/train/genuine/original_16_16.png,data/processed/train/genuine/original_16_8.png,1,genuine_genuine,16,16
data/processed/validation/genuine/original_45_13.png,data/processed/validation/genuine/original_45_3.png,1,genuine_genuine,45,45
data/processed/train/genuine/original_5_19.png,data/processed/validation/genuine/original_38_9.png,0,random_forgery,5,38
data/processed/train/genuine/original_30_24.png,data/processed/validation/genuine/original_41_22.png,0,random_forgery,30,41
data/processed/train/genuine/original_33_11.png,data/processed/train/genuine/original_33_22.png,1,genuine_genuine,33,33
data/processed/validation/genuine/original_37_21.png,data/processed/validation/forged/forgeries_37_16.png,0,skilled_forgery,37,37
data/processed/validation/genuine/original_37_14.png,data/processed/validation/forged/forgeries_37_7.png,0,skilled_forgery,37,37
data/processed/train/genuine/original_7_21.png,data/processed/train/genuine/original_7_4.png,1,genuine_genuine,7,7
data/processed/train/genuine/original_7_24.png,data/processed/train/forged/forgeries_7_15.png,0,skilled_forgery,7,7
data/processed/validation/genuine/original_41_18.png,data/processed/validation/genuine/original_41_20.png,1,genuine_genuine,41,41
data/processed/train/genuine/original_29_1.png,data/processed/train/genuine/original_29_10.png,1,genuine_genuine,29,29
data/processed/train/genuine/original_33_21.png,data/processed/train/genuine/original_28_17.png,0,random_forgery,33,28
data/processed/train/genuine/original_29_21.png,data/processed/train/genuine/original_29_23.png,1,genuine_genuine,29,29
data/processed/train/genuine/original_11_16.png,data/processed/train/genuine/original_11_24.png,1,genuine_genuine,11,11
data/processed/train/genuine/original_3_3.png,data/processed/train/genuine/original_3_8.png,1,genuine_genuine,3,3
data/processed/train/genuine/original_29_12.png,data/processed/train/forged/forgeries_29_8.png,0,skilled_forgery,29,29
data/processed/train/genuine/original_14_13.png,data/processed/train/forged/forgeries_14_19.png,0,skilled_forgery,14,14
data/processed/validation/genuine/original_41_16.png,data/processed/validation/forged/forgeries_41_2.png,0,skilled_forgery,41,41
data/processed/train/genuine/original_14_23.png,data/processed/train/genuine/original_14_24.png,1,genuine_genuine,14,14
data/processed/train/genuine/original_32_1.png,data/processed/train/genuine/original_32_14.png,1,genuine_genuine,32,32
data/processed/validation/genuine/original_39_22.png,data/processed/validation/genuine/original_39_4.png,1,genuine_genuine,39,39
data/processed/validation/genuine/original_42_12.png,data/processed/validation/genuine/original_42_15.png,1,genuine_genuine,42,42
data/processed/train/genuine/original_10_4.png,data/processed/train/genuine/original_16_22.png,0,random_forgery,10,16
data/processed/validation/genuine/original_43_2.png,data/processed/validation/forged/forgeries_43_12.png,0,skilled_forgery,43,43
data/processed/train/genuine/original_11_10.png,data/processed/train/genuine/original_11_13.png,1,genuine_genuine,11,11
data/processed/train/genuine/original_15_20.png,data/processed/train/genuine/original_15_5.png,1,genuine_genuine,15,15
data/processed/validation/genuine/original_37_19.png,data/processed/validation/genuine/original_37_7.png,1,genuine_genuine,37,37
data/processed/train/genuine/original_32_15.png,data/processed/train/genuine/original_12_9.png,0,random_forgery,32,12
data/processed/train/genuine/original_3_21.png,data/processed/train/genuine/original_3_5.png,1,genuine_genuine,3,3
data/processed/validation/genuine/original_39_16.png,data/processed/train/genuine/original_17_24.png,0,random_forgery,39,17
data/processed/train/genuine/original_4_13.png,data/processed/train/genuine/original_4_18.png,1,genuine_genuine,4,4
data/processed/train/genuine/original_10_6.png,data/processed/train/genuine/original_10_9.png,1,genuine_genuine,10,10
data/processed/train/genuine/original_34_14.png,data/processed/train/genuine/original_34_20.png,1,genuine_genuine,34,34
data/processed/train/genuine/original_2_11.png,data/processed/train/genuine/original_2_13.png,1,genuine_genuine,2,2
data/processed/train/genuine/original_12_9.png,data/processed/train/genuine/original_17_8.png,0,random_forgery,12,17
data/processed/train/genuine/original_3_1.png,data/processed/train/genuine/original_3_18.png,1,genuine_genuine,3,3
data/processed/train/genuine/original_14_14.png,data/processed/train/genuine/original_14_5.png,1,genuine_genuine,14,14
data/processed/validation/genuine/original_42_19.png,data/processed/validation/forged/forgeries_42_24.png,0,skilled_forgery,42,42
data/processed/train/genuine/original_2_10.png,data/processed/train/forged/forgeries_2_15.png,0,skilled_forgery,2,2
data/processed/train/genuine/original_11_1.png,data/processed/train/genuine/original_11_10.png,1,genuine_genuine,11,11
data/processed/train/genuine/original_11_19.png,data/processed/train/genuine/original_11_24.png,1,genuine_genuine,11,11
data/processed/train/genuine/original_28_11.png,data/processed/train/forged/forgeries_28_20.png,0,skilled_forgery,28,28
data/processed/train/genuine/original_32_11.png,data/processed/train/genuine/original_32_18.png,1,genuine_genuine,32,32
data/processed/train/genuine/original_29_15.png,data/processed/train/forged/forgeries_29_4.png,0,skilled_forgery,29,29
data/processed/validation/genuine/original_38_11.png,data/processed/validation/genuine/original_38_4.png,1,genuine_genuine,38,38
data/processed/validation/genuine/original_36_12.png,data/processed/validation/forged/forgeries_36_14.png,0,skilled_forgery,36,36
data/processed/train/genuine/original_9_4.png,data/processed/train/genuine/original_9_7.png,1,genuine_genuine,9,9
data/processed/train/genuine/original_31_14.png,data/processed/train/forged/forgeries_31_15.png,0,skilled_forgery,31,31
data/processed/train/genuine/original_16_10.png,data/processed/train/genuine/original_16_18.png,1,genuine_genuine,16,16
data/processed/train/genuine/original_14_16.png,data/processed/validation/genuine/original_36_3.png,0,random_forgery,14,36
data/processed/validation/genuine/original_42_13.png,data/processed/validation/genuine/original_42_17.png,1,genuine_genuine,42,42
data/processed/train/genuine/original_1_20.png,data/processed/train/forged/forgeries_1_17.png,0,skilled_forgery,1,1
data/processed/train/genuine/original_7_11.png,data/processed/train/genuine/original_7_2.png,1,genuine_genuine,7,7
data/processed/train/genuine/original_29_23.png,data/processed/train/genuine/original_29_3.png,1,genuine_genuine,29,29
data/processed/train/genuine/original_17_22.png,data/processed/train/genuine/original_10_11.png,0,random_forgery,17,10
data/processed/train/genuine/original_28_22.png,data/processed/train/genuine/original_7_13.png,0,random_forgery,28,7
data/processed/train/genuine/original_32_17.png,data/processed/train/genuine/original_32_7.png,1,genuine_genuine,32,32
data/processed/train/genuine/original_3_13.png,data/processed/train/forged/forgeries_3_18.png,0,skilled_forgery,3,3
data/processed/validation/genuine/original_45_19.png,data/processed/validation/genuine/original_45_2.png,1,genuine_genuine,45,45
data/processed/train/genuine/original_30_14.png,data/processed/train/genuine/original_30_18.png,1,genuine_genuine,30,30
data/processed/validation/genuine/original_41_13.png,data/processed/validation/genuine/original_41_8.png,1,genuine_genuine,41,41
data/processed/train/genuine/original_32_17.png,data/processed/train/forged/forgeries_32_16.png,0,skilled_forgery,32,32
data/processed/train/genuine/original_13_18.png,data/processed/train/forged/forgeries_13_11.png,0,skilled_forgery,13,13
data/processed/validation/genuine/original_44_10.png,data/processed/validation/genuine/original_40_10.png,0,random_forgery,44,40
data/processed/validation/genuine/original_39_21.png,data/processed/validation/genuine/original_39_22.png,1,genuine_genuine,39,39
data/processed/train/genuine/original_14_12.png,data/processed/train/genuine/original_14_4.png,1,genuine_genuine,14,14
data/processed/validation/genuine/original_40_5.png,data/processed/validation/forged/forgeries_40_10.png,0,skilled_forgery,40,40
data/processed/validation/genuine/original_42_11.png,data/processed/validation/genuine/original_42_21.png,1,genuine_genuine,42,42
data/processed/train/genuine/original_11_15.png,data/processed/train/genuine/original_11_22.png,1,genuine_genuine,11,11
data/processed/train/genuine/original_6_15.png,data/processed/train/genuine/original_6_22.png,1,genuine_genuine,6,6
data/processed/validation/genuine/original_41_18.png,data/processed/train/genuine/original_9_24.png,0,random_forgery,41,9
data/processed/train/genuine/original_17_22.png,data/processed/train/forged/forgeries_17_10.png,0,skilled_forgery,17,17
data/processed/train/genuine/original_31_10.png,data/processed/train/genuine/original_31_19.png,1,genuine_genuine,31,31
data/processed/train/genuine/original_14_23.png,data/processed/train/genuine/original_6_13.png,0,random_forgery,14,6
data/processed/train/genuine/original_34_19.png,data/processed/train/genuine/original_2_23.png,0,random_forgery,34,2
data/processed/train/genuine/original_16_18.png,data/processed/train/genuine/original_35_7.png,0,random_forgery,16,35
data/processed/validation/genuine/original_43_24.png,data/processed/validation/genuine/original_43_9.png,1,genuine_genuine,43,43
data/processed/train/genuine/original_17_5.png,data/processed/train/genuine/original_17_6.png,1,genuine_genuine,17,17
data/processed/train/genuine/original_30_21.png,data/processed/train/genuine/original_30_22.png,1,genuine_genuine,30,30
data/processed/train/genuine/original_33_16.png,data/processed/train/forged/forgeries_33_4.png,0,skilled_forgery,33,33
data/processed/validation/genuine/original_42_13.png,data/processed/train/genuine/original_29_23.png,0,random_forgery,42,29
data/processed/train/genuine/original_1_14.png,data/processed/train/genuine/original_1_23.png,1,genuine_genuine,1,1
data/processed/validation/genuine/original_38_22.png,data/processed/train/genuine/original_14_14.png,0,random_forgery,38,14
data/processed/train/genuine/original_9_3.png,data/processed/train/forged/forgeries_9_9.png,0,skilled_forgery,9,9
data/processed/validation/genuine/original_44_12.png,data/processed/validation/forged/forgeries_44_7.png,0,skilled_forgery,44,44
data/processed/train/genuine/original_16_10.png,data/processed/train/forged/forgeries_16_7.png,0,skilled_forgery,16,16
data/processed/train/genuine/original_31_13.png,data/processed/validation/genuine/original_36_21.png,0,random_forgery,31,36
data/processed/train/genuine/original_6_11.png,data/processed/train/genuine/original_6_6.png,1,genuine_genuine,6,6
data/processed/train/genuine/original_12_18.png,data/processed/train/forged/forgeries_12_9.png,0,skilled_forgery,12,12
data/processed/train/genuine/original_13_24.png,data/processed/train/genuine/original_5_3.png,0,random_forgery,13,5
data/processed/train/genuine/original_2_16.png,data/processed/train/genuine/original_2_8.png,1,genuine_genuine,2,2
data/processed/train/genuine/original_31_10.png,data/processed/train/genuine/original_31_9.png,1,genuine_genuine,31,31
data/processed/train/genuine/original_11_9.png,data/processed/train/forged/forgeries_11_11.png,0,skilled_forgery,11,11
data/processed/train/genuine/original_9_23.png,data/processed/train/forged/forgeries_9_7.png,0,skilled_forgery,9,9
data/processed/validation/genuine/original_44_18.png,data/processed/validation/genuine/original_44_24.png,1,genuine_genuine,44,44
data/processed/validation/genuine/original_42_19.png,data/processed/validation/forged/forgeries_42_10.png,0,skilled_forgery,42,42
data/processed/train/genuine/original_7_4.png,data/processed/train/genuine/original_7_6.png,1,genuine_genuine,7,7
data/processed/validation/genuine/original_38_7.png,data/processed/validation/forged/forgeries_38_1.png,0,skilled_forgery,38,38
data/processed/train/genuine/original_9_17.png,data/processed/train/forged/forgeries_9_18.png,0,skilled_forgery,9,9
data/processed/train/genuine/original_8_20.png,data/processed/train/forged/forgeries_8_11.png,0,skilled_forgery,8,8
data/processed/train/genuine/original_30_14.png,data/processed/train/genuine/original_29_14.png,0,random_forgery,30,29
data/processed/validation/genuine/original_40_15.png,data/processed/validation/forged/forgeries_40_11.png,0,skilled_forgery,40,40
data/processed/train/genuine/original_1_15.png,data/processed/train/genuine/original_1_19.png,1,genuine_genuine,1,1
data/processed/validation/genuine/original_36_11.png,data/processed/validation/genuine/original_36_5.png,1,genuine_genuine,36,36
data/processed/validation/genuine/original_38_16.png,data/processed/validation/forged/forgeries_38_1.png,0,skilled_forgery,38,38
data/processed/train/genuine/original_35_5.png,data/processed/train/genuine/original_7_14.png,0,random_forgery,35,7
data/processed/train/genuine/original_3_6.png,data/processed/train/genuine/original_28_2.png,0,random_forgery,3,28
data/processed/train/genuine/original_1_2.png,data/processed/train/genuine/original_1_4.png,1,genuine_genuine,1,1
data/processed/train/genuine/original_10_21.png,data/processed/train/forged/forgeries_10_14.png,0,skilled_forgery,10,10
data/processed/validation/genuine/original_39_1.png,data/processed/validation/genuine/original_39_17.png,1,genuine_genuine,39,39
data/processed/validation/genuine/original_45_17.png,data/processed/validation/genuine/original_45_5.png,1,genuine_genuine,45,45
data/processed/train/genuine/original_32_21.png,data/processed/train/forged/forgeries_32_2.png,0,skilled_forgery,32,32
data/processed/train/genuine/original_5_2.png,data/processed/train/forged/forgeries_5_3.png,0,skilled_forgery,5,5
data/processed/train/genuine/original_31_22.png,data/processed/train/forged/forgeries_31_9.png,0,skilled_forgery,31,31
data/processed/train/genuine/original_28_22.png,data/processed/train/genuine/original_28_8.png,1,genuine_genuine,28,28
data/processed/train/genuine/original_8_6.png,data/processed/train/genuine/original_8_9.png,1,genuine_genuine,8,8
data/processed/train/genuine/original_32_15.png,data/processed/train/genuine/original_32_19.png,1,genuine_genuine,32,32
data/processed/validation/genuine/original_44_11.png,data/processed/validation/genuine/original_44_19.png,1,genuine_genuine,44,44
data/processed/train/genuine/original_12_3.png,data/processed/train/forged/forgeries_12_21.png,0,skilled_forgery,12,12
data/processed/validation/genuine/original_40_8.png,data/processed/validation/forged/forgeries_40_13.png,0,skilled_forgery,40,40
data/processed/validation/genuine/original_45_22.png,data/processed/train/genuine/original_11_1.png,0,random_forgery,45,11
data/processed/validation/genuine/original_44_15.png,data/processed/validation/forged/forgeries_44_16.png,0,skilled_forgery,44,44
data/processed/train/genuine/original_5_13.png,data/processed/train/genuine/original_5_4.png,1,genuine_genuine,5,5
data/processed/train/genuine/original_6_14.png,data/processed/train/genuine/original_6_18.png,1,genuine_genuine,6,6
data/processed/train/genuine/original_32_17.png,data/processed/train/forged/forgeries_32_13.png,0,skilled_forgery,32,32
data/processed/validation/genuine/original_41_11.png,data/processed/validation/forged/forgeries_41_11.png,0,skilled_forgery,41,41
data/processed/train/genuine/original_29_13.png,data/processed/train/genuine/original_29_4.png,1,genuine_genuine,29,29
data/processed/train/genuine/original_2_9.png,data/processed/train/forged/forgeries_2_23.png,0,skilled_forgery,2,2
data/processed/validation/genuine/original_38_11.png,data/processed/validation/genuine/original_38_5.png,1,genuine_genuine,38,38
data/processed/train/genuine/original_15_24.png,data/processed/train/genuine/original_15_6.png,1,genuine_genuine,15,15
data/processed/train/genuine/original_16_18.png,data/processed/train/forged/forgeries_16_23.png,0,skilled_forgery,16,16
data/processed/train/genuine/original_31_18.png,data/processed/train/genuine/original_31_22.png,1,genuine_genuine,31,31
data/processed/train/genuine/original_14_22.png,data/processed/train/genuine/original_5_4.png,0,random_forgery,14,5
data/processed/train/genuine/original_14_16.png,data/processed/train/genuine/original_14_19.png,1,genuine_genuine,14,14
data/processed/train/genuine/original_11_22.png,data/processed/train/genuine/original_31_12.png,0,random_forgery,11,31
data/processed/train/genuine/original_15_5.png,data/processed/train/genuine/original_15_7.png,1,genuine_genuine,15,15
data/processed/train/genuine/original_33_11.png,data/processed/validation/genuine/original_39_4.png,0,random_forgery,33,39
data/processed/train/genuine/original_2_11.png,data/processed/train/genuine/original_2_9.png,1,genuine_genuine,2,2
data/processed/train/genuine/original_6_11.png,data/processed/train/genuine/original_6_24.png,1,genuine_genuine,6,6
data/processed/validation/genuine/original_44_2.png,data/processed/validation/genuine/original_44_23.png,1,genuine_genuine,44,44
data/processed/train/genuine/original_5_14.png,data/processed/train/genuine/original_5_8.png,1,genuine_genuine,5,5
data/processed/train/genuine/original_9_12.png,data/processed/train/genuine/original_9_3.png,1,genuine_genuine,9,9
data/processed/train/genuine/original_10_1.png,data/processed/train/forged/forgeries_10_19.png,0,skilled_forgery,10,10
data/processed/train/genuine/original_32_14.png,data/processed/train/genuine/original_32_20.png,1,genuine_genuine,32,32
data/processed/validation/genuine/original_38_20.png,data/processed/train/genuine/original_13_1.png,0,random_forgery,38,13
data/processed/validation/genuine/original_38_17.png,data/processed/validation/genuine/original_42_22.png,0,random_forgery,38,42
data/processed/train/genuine/original_5_14.png,data/processed/train/genuine/original_5_24.png,1,genuine_genuine,5,5
data/processed/train/genuine/original_35_16.png,data/processed/train/genuine/original_29_16.png,0,random_forgery,35,29
data/processed/train/genuine/original_16_22.png,data/processed/train/genuine/original_16_7.png,1,genuine_genuine,16,16
data/processed/train/genuine/original_16_24.png,data/processed/train/forged/forgeries_16_19.png,0,skilled_forgery,16,16
data/processed/validation/genuine/original_37_11.png,data/processed/validation/genuine/original_37_13.png,1,genuine_genuine,37,37
data/processed/validation/genuine/original_40_19.png,data/processed/validation/genuine/original_40_5.png,1,genuine_genuine,40,40
data/processed/train/genuine/original_33_21.png,data/processed/train/forged/forgeries_33_21.png,0,skilled_forgery,33,33
data/processed/train/genuine/original_6_19.png,data/processed/train/genuine/original_6_4.png,1,genuine_genuine,6,6
data/processed/train/genuine/original_15_16.png,data/processed/train/genuine/original_15_23.png,1,genuine_genuine,15,15
data/processed/train/genuine/original_8_13.png,data/processed/validation/genuine/original_39_14.png,0,random_forgery,8,39
data/processed/train/genuine/original_1_8.png,data/processed/train/genuine/original_2_6.png,0,random_forgery,1,2
data/processed/train/genuine/original_6_18.png,data/processed/train/genuine/original_6_24.png,1,genuine_genuine,6,6
data/processed/train/genuine/original_16_6.png,data/processed/train/genuine/original_16_7.png,1,genuine_genuine,16,16
data/processed/train/genuine/original_14_1.png,data/processed/train/forged/forgeries_14_15.png,0,skilled_forgery,14,14
data/processed/train/genuine/original_2_18.png,data/processed/train/forged/forgeries_2_3.png,0,skilled_forgery,2,2
data/processed/train/genuine/original_31_15.png,data/processed/train/forged/forgeries_31_19.png,0,skilled_forgery,31,31
data/processed/train/genuine/original_12_13.png,data/processed/train/genuine/original_12_16.png,1,genuine_genuine,12,12
data/processed/validation/genuine/original_45_22.png,data/processed/validation/forged/forgeries_45_1.png,0,skilled_forgery,45,45
data/processed/train/genuine/original_1_21.png,data/processed/train/genuine/original_1_7.png,1,genuine_genuine,1,1
data/processed/train/genuine/original_7_21.png,data/processed/train/genuine/original_7_7.png,1,genuine_genuine,7,7
data/processed/validation/genuine/original_42_22.png,data/processed/validation/genuine/original_42_4.png,1,genuine_genuine,42,42
data/processed/validation/genuine/original_39_18.png,data/processed/validation/genuine/original_39_23.png,1,genuine_genuine,39,39
data/processed/validation/genuine/original_40_23.png,data/processed/validation/genuine/original_40_4.png,1,genuine_genuine,40,40
data/processed/train/genuine/original_29_11.png,data/processed/train/genuine/original_29_7.png,1,genuine_genuine,29,29
data/processed/train/genuine/original_14_19.png,data/processed/train/genuine/original_14_3.png,1,genuine_genuine,14,14
data/processed/train/genuine/original_31_12.png,data/processed/train/genuine/original_31_13.png,1,genuine_genuine,31,31
data/processed/train/genuine/original_3_10.png,data/processed/train/genuine/original_3_24.png,1,genuine_genuine,3,3
data/processed/train/genuine/original_28_17.png,data/processed/train/genuine/original_28_4.png,1,genuine_genuine,28,28
data/processed/train/genuine/original_1_23.png,data/processed/train/genuine/original_3_23.png,0,random_forgery,1,3
data/processed/validation/genuine/original_45_19.png,data/processed/validation/genuine/original_45_6.png,1,genuine_genuine,45,45
data/processed/train/genuine/original_5_1.png,data/processed/train/genuine/original_5_22.png,1,genuine_genuine,5,5
data/processed/train/genuine/original_10_21.png,data/processed/validation/genuine/original_42_12.png,0,random_forgery,10,42
data/processed/validation/genuine/original_36_6.png,data/processed/validation/forged/forgeries_36_7.png,0,skilled_forgery,36,36
data/processed/validation/genuine/original_45_1.png,data/processed/validation/genuine/original_45_16.png,1,genuine_genuine,45,45
data/processed/train/genuine/original_32_3.png,data/processed/train/forged/forgeries_32_9.png,0,skilled_forgery,32,32
data/processed/train/genuine/original_8_11.png,data/processed/train/genuine/original_8_23.png,1,genuine_genuine,8,8
data/processed/train/genuine/original_34_23.png,data/processed/train/forged/forgeries_34_10.png,0,skilled_forgery,34,34
data/processed/train/genuine/original_9_10.png,data/processed/train/genuine/original_9_16.png,1,genuine_genuine,9,9
data/processed/train/genuine/original_18_1.png,data/processed/train/genuine/original_18_12.png,1,genuine_genuine,18,18
data/processed/train/genuine/original_33_21.png,data/processed/train/genuine/original_34_6.png,0,random_forgery,33,34
data/processed/train/genuine/original_13_1.png,data/processed/train/genuine/original_13_23.png,1,genuine_genuine,13,13
data/processed/train/genuine/original_34_19.png,data/processed/train/forged/forgeries_34_8.png,0,skilled_forgery,34,34
data/processed/train/genuine/original_28_4.png,data/processed/validation/genuine/original_38_21.png,0,random_forgery,28,38
data/processed/train/genuine/original_3_10.png,data/processed/train/genuine/original_3_5.png,1,genuine_genuine,3,3
data/processed/train/genuine/original_33_13.png,data/processed/train/genuine/original_33_18.png,1,genuine_genuine,33,33
data/processed/train/genuine/original_28_11.png,data/processed/train/genuine/original_28_6.png,1,genuine_genuine,28,28
data/processed/validation/genuine/original_45_20.png,data/processed/validation/genuine/original_45_24.png,1,genuine_genuine,45,45
data/processed/train/genuine/original_35_3.png,data/processed/train/genuine/original_35_7.png,1,genuine_genuine,35,35
data/processed/validation/genuine/original_39_14.png,data/processed/validation/genuine/original_39_24.png,1,genuine_genuine,39,39
data/processed/train/genuine/original_16_15.png,data/processed/train/genuine/original_16_22.png,1,genuine_genuine,16,16
data/processed/validation/genuine/original_37_22.png,data/processed/validation/genuine/original_42_20.png,0,random_forgery,37,42
data/processed/train/genuine/original_2_22.png,data/processed/train/genuine/original_2_24.png,1,genuine_genuine,2,2
data/processed/train/genuine/original_13_20.png,data/processed/train/forged/forgeries_13_12.png,0,skilled_forgery,13,13
data/processed/train/genuine/original_4_15.png,data/processed/train/genuine/original_4_3.png,1,genuine_genuine,4,4
data/processed/train/genuine/original_34_18.png,data/processed/train/genuine/original_10_17.png,0,random_forgery,34,10
data/processed/train/genuine/original_33_11.png,data/processed/train/genuine/original_33_16.png,1,genuine_genuine,33,33
data/processed/validation/genuine/original_45_1.png,data/processed/validation/forged/forgeries_45_13.png,0,skilled_forgery,45,45
data/processed/validation/genuine/original_36_22.png,data/processed/train/genuine/original_12_14.png,0,random_forgery,36,12
data/processed/validation/genuine/original_45_11.png,data/processed/validation/genuine/original_45_15.png,1,genuine_genuine,45,45
data/processed/train/genuine/original_3_12.png,data/processed/train/genuine/original_3_15.png,1,genuine_genuine,3,3
data/processed/train/genuine/original_29_15.png,data/processed/train/forged/forgeries_29_24.png,0,skilled_forgery,29,29
data/processed/validation/genuine/original_39_13.png,data/processed/validation/forged/forgeries_39_5.png,0,skilled_forgery,39,39
data/processed/train/genuine/original_35_15.png,data/processed/train/genuine/original_35_22.png,1,genuine_genuine,35,35
data/processed/train/genuine/original_29_17.png,data/processed/train/forged/forgeries_29_19.png,0,skilled_forgery,29,29
data/processed/train/genuine/original_14_14.png,data/processed/train/genuine/original_6_8.png,0,random_forgery,14,6
data/processed/train/genuine/original_15_8.png,data/processed/train/forged/forgeries_15_23.png,0,skilled_forgery,15,15
data/processed/train/genuine/original_16_7.png,data/processed/train/forged/forgeries_16_20.png,0,skilled_forgery,16,16
data/processed/train/genuine/original_33_15.png,data/processed/train/genuine/original_33_18.png,1,genuine_genuine,33,33
data/processed/train/genuine/original_30_24.png,data/processed/train/genuine/original_30_3.png,1,genuine_genuine,30,30
data/processed/validation/genuine/original_41_7.png,data/processed/validation/forged/forgeries_41_13.png,0,skilled_forgery,41,41
data/processed/validation/genuine/original_42_11.png,data/processed/train/genuine/original_13_21.png,0,random_forgery,42,13
data/processed/train/genuine/original_15_13.png,data/processed/train/genuine/original_15_4.png,1,genuine_genuine,15,15
data/processed/train/genuine/original_35_24.png,data/processed/train/genuine/original_35_3.png,1,genuine_genuine,35,35
data/processed/train/genuine/original_9_4.png,data/processed/train/genuine/original_14_5.png,0,random_forgery,9,14
data/processed/train/genuine/original_11_19.png,data/processed/train/genuine/original_11_8.png,1,genuine_genuine,11,11
data/processed/train/genuine/original_28_10.png,data/processed/train/genuine/original_28_8.png,1,genuine_genuine,28,28
data/processed/train/genuine/original_18_23.png,data/processed/train/genuine/original_11_13.png,0,random_forgery,18,11
data/processed/train/genuine/original_15_23.png,data/processed/train/forged/forgeries_15_14.png,0,skilled_forgery,15,15
data/processed/validation/genuine/original_36_18.png,data/processed/validation/forged/forgeries_36_3.png,0,skilled_forgery,36,36
data/processed/train/genuine/original_7_13.png,data/processed/train/genuine/original_7_19.png,1,genuine_genuine,7,7
data/processed/train/genuine/original_35_15.png,data/processed/train/genuine/original_35_17.png,1,genuine_genuine,35,35
data/processed/validation/genuine/original_45_5.png,data/processed/train/genuine/original_28_8.png,0,random_forgery,45,28
data/processed/validation/genuine/original_39_23.png,data/processed/train/genuine/original_13_19.png,0,random_forgery,39,13
data/processed/train/genuine/original_28_8.png,data/processed/train/forged/forgeries_28_13.png,0,skilled_forgery,28,28
data/processed/train/genuine/original_33_8.png,data/processed/train/forged/forgeries_33_13.png,0,skilled_forgery,33,33
data/processed/train/genuine/original_13_17.png,data/processed/train/genuine/original_32_14.png,0,random_forgery,13,32
data/processed/train/genuine/original_3_4.png,data/processed/train/forged/forgeries_3_2.png,0,skilled_forgery,3,3
data/processed/train/genuine/original_14_23.png,data/processed/train/genuine/original_14_9.png,1,genuine_genuine,14,14
data/processed/train/genuine/original_1_14.png,data/processed/train/genuine/original_1_6.png,1,genuine_genuine,1,1
data/processed/validation/genuine/original_38_23.png,data/processed/validation/genuine/original_38_8.png,1,genuine_genuine,38,38
data/processed/validation/genuine/original_37_1.png,data/processed/train/genuine/original_9_22.png,0,random_forgery,37,9
data/processed/train/genuine/original_1_2.png,data/processed/train/forged/forgeries_1_6.png,0,skilled_forgery,1,1
data/processed/train/genuine/original_29_3.png,data/processed/train/genuine/original_29_7.png,1,genuine_genuine,29,29
data/processed/train/genuine/original_31_24.png,data/processed/train/genuine/original_31_8.png,1,genuine_genuine,31,31
data/processed/train/genuine/original_33_15.png,data/processed/train/genuine/original_3_15.png,0,random_forgery,33,3
data/processed/train/genuine/original_29_15.png,data/processed/train/forged/forgeries_29_21.png,0,skilled_forgery,29,29
data/processed/train/genuine/original_12_24.png,data/processed/validation/genuine/original_37_15.png,0,random_forgery,12,37
data/processed/train/genuine/original_15_19.png,data/processed/train/genuine/original_15_8.png,1,genuine_genuine,15,15
data/processed/train/genuine/original_14_6.png,data/processed/train/genuine/original_16_23.png,0,random_forgery,14,16
data/processed/train/genuine/original_16_10.png,data/processed/train/forged/forgeries_16_3.png,0,skilled_forgery,16,16
data/processed/validation/genuine/original_41_14.png,data/processed/validation/forged/forgeries_41_14.png,0,skilled_forgery,41,41
data/processed/train/genuine/original_13_8.png,data/processed/validation/genuine/original_38_10.png,0,random_forgery,13,38
data/processed/train/genuine/original_6_18.png,data/processed/train/genuine/original_28_21.png,0,random_forgery,6,28
data/processed/validation/genuine/original_45_9.png,data/processed/validation/genuine/original_44_18.png,0,random_forgery,45,44
data/processed/validation/genuine/original_43_8.png,data/processed/validation/forged/forgeries_43_11.png,0,skilled_forgery,43,43
data/processed/validation/genuine/original_45_1.png,data/processed/validation/genuine/original_45_15.png,1,genuine_genuine,45,45
data/processed/validation/genuine/original_39_12.png,data/processed/validation/genuine/original_39_16.png,1,genuine_genuine,39,39
data/processed/train/genuine/original_9_21.png,data/processed/train/genuine/original_9_9.png,1,genuine_genuine,9,9
data/processed/train/genuine/original_12_21.png,data/processed/train/genuine/original_12_4.png,1,genuine_genuine,12,12
data/processed/train/genuine/original_11_12.png,data/processed/train/forged/forgeries_11_14.png,0,skilled_forgery,11,11
data/processed/validation/genuine/original_41_7.png,data/processed/validation/forged/forgeries_41_23.png,0,skilled_forgery,41,41
data/processed/validation/genuine/original_38_22.png,data/processed/train/genuine/original_31_20.png,0,random_forgery,38,31
data/processed/train/genuine/original_1_12.png,data/processed/train/genuine/original_1_24.png,1,genuine_genuine,1,1
data/processed/train/genuine/original_7_1.png,data/processed/train/genuine/original_7_20.png,1,genuine_genuine,7,7
data/processed/train/genuine/original_15_11.png,data/processed/train/genuine/original_15_24.png,1,genuine_genuine,15,15
data/processed/train/genuine/original_1_19.png,data/processed/train/genuine/original_1_7.png,1,genuine_genuine,1,1
data/processed/train/genuine/original_32_1.png,data/processed/train/genuine/original_29_20.png,0,random_forgery,32,29
data/processed/train/genuine/original_31_19.png,data/processed/validation/genuine/original_40_3.png,0,random_forgery,31,40
data/processed/train/genuine/original_5_2.png,data/processed/train/genuine/original_5_20.png,1,genuine_genuine,5,5
data/processed/validation/genuine/original_36_22.png,data/processed/train/genuine/original_30_23.png,0,random_forgery,36,30
data/processed/train/genuine/original_11_1.png,data/processed/train/genuine/original_29_23.png,0,random_forgery,11,29
data/processed/train/genuine/original_29_18.png,data/processed/train/forged/forgeries_29_15.png,0,skilled_forgery,29,29
data/processed/train/genuine/original_12_23.png,data/processed/train/forged/forgeries_12_3.png,0,skilled_forgery,12,12
data/processed/train/genuine/original_13_2.png,data/processed/train/genuine/original_13_3.png,1,genuine_genuine,13,13
data/processed/train/genuine/original_35_13.png,data/processed/train/forged/forgeries_35_15.png,0,skilled_forgery,35,35
data/processed/validation/genuine/original_43_11.png,data/processed/validation/genuine/original_43_22.png,1,genuine_genuine,43,43
data/processed/train/genuine/original_34_16.png,data/processed/train/genuine/original_34_19.png,1,genuine_genuine,34,34
data/processed/train/genuine/original_1_6.png,data/processed/train/genuine/original_32_24.png,0,random_forgery,1,32
data/processed/train/genuine/original_12_20.png,data/processed/train/forged/forgeries_12_20.png,0,skilled_forgery,12,12
data/processed/train/genuine/original_30_20.png,data/processed/train/genuine/original_31_14.png,0,random_forgery,30,31
data/processed/train/genuine/original_14_13.png,data/processed/train/genuine/original_14_21.png,1,genuine_genuine,14,14
data/processed/validation/genuine/original_45_6.png,data/processed/train/genuine/original_15_13.png,0,random_forgery,45,15
data/processed/train/genuine/original_12_5.png,data/processed/train/genuine/original_12_8.png,1,genuine_genuine,12,12
data/processed/train/genuine/original_32_2.png,data/processed/train/genuine/original_32_7.png,1,genuine_genuine,32,32
data/processed/train/genuine/original_8_24.png,data/processed/train/forged/forgeries_8_11.png,0,skilled_forgery,8,8
data/processed/train/genuine/original_4_2.png,data/processed/train/genuine/original_4_7.png,1,genuine_genuine,4,4
data/processed/train/genuine/original_10_18.png,data/processed/train/genuine/original_10_24.png,1,genuine_genuine,10,10
data/processed/train/genuine/original_11_1.png,data/processed/train/genuine/original_11_22.png,1,genuine_genuine,11,11
data/processed/validation/genuine/original_37_13.png,data/processed/validation/genuine/original_37_5.png,1,genuine_genuine,37,37
data/processed/train/genuine/original_18_23.png,data/processed/train/forged/forgeries_18_4.png,0,skilled_forgery,18,18
data/processed/train/genuine/original_1_16.png,data/processed/train/forged/forgeries_1_3.png,0,skilled_forgery,1,1
data/processed/train/genuine/original_31_11.png,data/processed/train/genuine/original_31_2.png,1,genuine_genuine,31,31
data/processed/validation/genuine/original_43_17.png,data/processed/validation/forged/forgeries_43_19.png,0,skilled_forgery,43,43
data/processed/train/genuine/original_8_23.png,data/processed/train/forged/forgeries_8_17.png,0,skilled_forgery,8,8
data/processed/train/genuine/original_4_24.png,data/processed/train/genuine/original_6_8.png,0,random_forgery,4,6
data/processed/train/genuine/original_16_15.png,data/processed/train/forged/forgeries_16_13.png,0,skilled_forgery,16,16
data/processed/train/genuine/original_6_21.png,data/processed/train/genuine/original_6_22.png,1,genuine_genuine,6,6
data/processed/train/genuine/original_33_11.png,data/processed/train/genuine/original_33_18.png,1,genuine_genuine,33,33
data/processed/train/genuine/original_13_18.png,data/processed/train/genuine/original_4_16.png,0,random_forgery,13,4
data/processed/train/genuine/original_1_22.png,data/processed/train/forged/forgeries_1_23.png,0,skilled_forgery,1,1
data/processed/train/genuine/original_3_17.png,data/processed/train/genuine/original_3_24.png,1,genuine_genuine,3,3
data/processed/train/genuine/original_17_19.png,data/processed/train/genuine/original_16_6.png,0,random_forgery,17,16
data/processed/train/genuine/original_12_7.png,data/processed/train/forged/forgeries_12_2.png,0,skilled_forgery,12,12
data/processed/validation/genuine/original_38_2.png,data/processed/validation/forged/forgeries_38_7.png,0,skilled_forgery,38,38
data/processed/validation/genuine/original_37_6.png,data/processed/validation/forged/forgeries_37_10.png,0,skilled_forgery,37,37
data/processed/train/genuine/original_16_2.png,data/processed/train/genuine/original_16_4.png,1,genuine_genuine,16,16
data/processed/train/genuine/original_14_17.png,data/processed/train/genuine/original_14_20.png,1,genuine_genuine,14,14
data/processed/train/genuine/original_2_12.png,data/processed/train/genuine/original_2_8.png,1,genuine_genuine,2,2
data/processed/train/genuine/original_29_17.png,data/processed/train/genuine/original_29_21.png,1,genuine_genuine,29,29
data/processed/validation/genuine/original_41_11.png,data/processed/validation/genuine/original_41_23.png,1,genuine_genuine,41,41
data/processed/validation/genuine/original_40_11.png,data/processed/validation/genuine/original_40_8.png,1,genuine_genuine,40,40
data/processed/train/genuine/original_18_11.png,data/processed/train/forged/forgeries_18_24.png,0,skilled_forgery,18,18
data/processed/train/genuine/original_12_1.png,data/processed/train/forged/forgeries_12_24.png,0,skilled_forgery,12,12
data/processed/train/genuine/original_1_2.png,data/processed/train/forged/forgeries_1_21.png,0,skilled_forgery,1,1
data/processed/train/genuine/original_3_22.png,data/processed/train/genuine/original_3_8.png,1,genuine_genuine,3,3
data/processed/validation/genuine/original_36_18.png,data/processed/validation/genuine/original_36_23.png,1,genuine_genuine,36,36
data/processed/validation/genuine/original_41_4.png,data/processed/validation/forged/forgeries_41_24.png,0,skilled_forgery,41,41
data/processed/train/genuine/original_30_24.png,data/processed/train/genuine/original_30_9.png,1,genuine_genuine,30,30
data/processed/validation/genuine/original_43_23.png,data/processed/validation/forged/forgeries_43_15.png,0,skilled_forgery,43,43
data/processed/train/genuine/original_18_21.png,data/processed/train/forged/forgeries_18_10.png,0,skilled_forgery,18,18
data/processed/validation/genuine/original_39_15.png,data/processed/validation/genuine/original_39_23.png,1,genuine_genuine,39,39
data/processed/train/genuine/original_34_13.png,data/processed/train/forged/forgeries_34_20.png,0,skilled_forgery,34,34
data/processed/train/genuine/original_4_13.png,data/processed/train/genuine/original_4_8.png,1,genuine_genuine,4,4
data/processed/train/genuine/original_5_10.png,data/processed/train/genuine/original_5_7.png,1,genuine_genuine,5,5
data/processed/train/genuine/original_32_10.png,data/processed/train/genuine/original_32_13.png,1,genuine_genuine,32,32
data/processed/train/genuine/original_15_22.png,data/processed/train/genuine/original_15_7.png,1,genuine_genuine,15,15
data/processed/train/genuine/original_7_12.png,data/processed/train/genuine/original_7_21.png,1,genuine_genuine,7,7
data/processed/validation/genuine/original_39_18.png,data/processed/validation/genuine/original_39_24.png,1,genuine_genuine,39,39
data/processed/validation/genuine/original_36_10.png,data/processed/validation/genuine/original_36_19.png,1,genuine_genuine,36,36
data/processed/validation/genuine/original_38_22.png,data/processed/train/genuine/original_4_2.png,0,random_forgery,38,4
data/processed/train/genuine/original_16_7.png,data/processed/train/forged/forgeries_16_23.png,0,skilled_forgery,16,16
data/processed/validation/genuine/original_39_10.png,data/processed/validation/genuine/original_39_18.png,1,genuine_genuine,39,39
data/processed/validation/genuine/original_38_6.png,data/processed/validation/forged/forgeries_38_18.png,0,skilled_forgery,38,38
data/processed/train/genuine/original_35_17.png,data/processed/validation/genuine/original_40_14.png,0,random_forgery,35,40
data/processed/train/genuine/original_18_20.png,data/processed/train/genuine/original_18_6.png,1,genuine_genuine,18,18
data/processed/train/genuine/original_33_1.png,data/processed/train/forged/forgeries_33_14.png,0,skilled_forgery,33,33
data/processed/validation/genuine/original_38_3.png,data/processed/validation/genuine/original_38_9.png,1,genuine_genuine,38,38
data/processed/train/genuine/original_2_5.png,data/processed/train/genuine/original_3_7.png,0,random_forgery,2,3
data/processed/train/genuine/original_6_15.png,data/processed/train/genuine/original_6_24.png,1,genuine_genuine,6,6
data/processed/validation/genuine/original_39_14.png,data/processed/validation/genuine/original_39_2.png,1,genuine_genuine,39,39
data/processed/train/genuine/original_29_1.png,data/processed/validation/genuine/original_42_13.png,0,random_forgery,29,42
data/processed/validation/genuine/original_43_7.png,data/processed/validation/forged/forgeries_43_15.png,0,skilled_forgery,43,43
data/processed/train/genuine/original_16_2.png,data/processed/train/forged/forgeries_16_2.png,0,skilled_forgery,16,16
data/processed/train/genuine/original_10_19.png,data/processed/train/genuine/original_10_6.png,1,genuine_genuine,10,10
data/processed/train/genuine/original_35_18.png,data/processed/train/forged/forgeries_35_16.png,0,skilled_forgery,35,35
data/processed/validation/genuine/original_38_12.png,data/processed/validation/genuine/original_38_9.png,1,genuine_genuine,38,38
data/processed/validation/genuine/original_37_3.png,data/processed/validation/forged/forgeries_37_3.png,0,skilled_forgery,37,37
data/processed/validation/genuine/original_39_17.png,data/processed/validation/forged/forgeries_39_7.png,0,skilled_forgery,39,39
data/processed/train/genuine/original_34_3.png,data/processed/train/genuine/original_8_16.png,0,random_forgery,34,8
data/processed/validation/genuine/original_44_23.png,data/processed/train/genuine/original_34_20.png,0,random_forgery,44,34
data/processed/train/genuine/original_1_20.png,data/processed/train/genuine/original_13_20.png,0,random_forgery,1,13
data/processed/validation/genuine/original_38_11.png,data/processed/validation/genuine/original_38_9.png,1,genuine_genuine,38,38
data/processed/train/genuine/original_35_19.png,data/processed/train/forged/forgeries_35_13.png,0,skilled_forgery,35,35
data/processed/train/genuine/original_13_8.png,data/processed/train/genuine/original_18_4.png,0,random_forgery,13,18
data/processed/train/genuine/original_10_13.png,data/processed/train/forged/forgeries_10_16.png,0,skilled_forgery,10,10
data/processed/validation/genuine/original_41_3.png,data/processed/validation/forged/forgeries_41_4.png,0,skilled_forgery,41,41
data/processed/train/genuine/original_8_12.png,data/processed/train/genuine/original_8_22.png,1,genuine_genuine,8,8
data/processed/train/genuine/original_33_20.png,data/processed/train/genuine/original_33_7.png,1,genuine_genuine,33,33
data/processed/validation/genuine/original_44_20.png,data/processed/validation/forged/forgeries_44_13.png,0,skilled_forgery,44,44
data/processed/train/genuine/original_2_17.png,data/processed/train/forged/forgeries_2_8.png,0,skilled_forgery,2,2
data/processed/train/genuine/original_14_20.png,data/processed/train/genuine/original_14_9.png,1,genuine_genuine,14,14
data/processed/train/genuine/original_29_21.png,data/processed/train/genuine/original_1_23.png,0,random_forgery,29,1
data/processed/train/genuine/original_2_12.png,data/processed/train/genuine/original_4_2.png,0,random_forgery,2,4
data/processed/validation/genuine/original_36_1.png,data/processed/validation/genuine/original_36_16.png,1,genuine_genuine,36,36
data/processed/train/genuine/original_18_11.png,data/processed/train/forged/forgeries_18_11.png,0,skilled_forgery,18,18
data/processed/train/genuine/original_12_6.png,data/processed/train/forged/forgeries_12_12.png,0,skilled_forgery,12,12
data/processed/train/genuine/original_13_14.png,data/processed/train/genuine/original_11_21.png,0,random_forgery,13,11
data/processed/validation/genuine/original_37_24.png,data/processed/validation/forged/forgeries_37_1.png,0,skilled_forgery,37,37
data/processed/train/genuine/original_8_13.png,data/processed/train/genuine/original_8_16.png,1,genuine_genuine,8,8
data/processed/train/genuine/original_35_10.png,data/processed/train/genuine/original_35_6.png,1,genuine_genuine,35,35
data/processed/train/genuine/original_11_14.png,data/processed/train/genuine/original_11_9.png,1,genuine_genuine,11,11
data/processed/train/genuine/original_18_19.png,data/processed/train/genuine/original_18_9.png,1,genuine_genuine,18,18
data/processed/train/genuine/original_11_17.png,data/processed/train/genuine/original_11_6.png,1,genuine_genuine,11,11
data/processed/train/genuine/original_9_10.png,data/processed/train/genuine/original_9_21.png,1,genuine_genuine,9,9
data/processed/train/genuine/original_10_1.png,data/processed/train/genuine/original_10_18.png,1,genuine_genuine,10,10
data/processed/train/genuine/original_7_1.png,data/processed/train/genuine/original_7_21.png,1,genuine_genuine,7,7
data/processed/validation/genuine/original_42_6.png,data/processed/validation/genuine/original_38_10.png,0,random_forgery,42,38
data/processed/train/genuine/original_16_18.png,data/processed/train/forged/forgeries_16_12.png,0,skilled_forgery,16,16
data/processed/validation/genuine/original_41_12.png,data/processed/validation/genuine/original_43_9.png,0,random_forgery,41,43
data/processed/train/genuine/original_12_2.png,data/processed/train/forged/forgeries_12_3.png,0,skilled_forgery,12,12
data/processed/train/genuine/original_8_7.png,data/processed/validation/genuine/original_36_13.png,0,random_forgery,8,36
data/processed/train/genuine/original_2_11.png,data/processed/train/forged/forgeries_2_3.png,0,skilled_forgery,2,2
data/processed/train/genuine/original_18_16.png,data/processed/train/genuine/original_18_19.png,1,genuine_genuine,18,18
data/processed/train/genuine/original_10_17.png,data/processed/train/genuine/original_32_22.png,0,random_forgery,10,32
data/processed/train/genuine/original_14_24.png,data/processed/train/genuine/original_29_11.png,0,random_forgery,14,29
data/processed/train/genuine/original_32_21.png,data/processed/train/genuine/original_32_3.png,1,genuine_genuine,32,32
data/processed/train/genuine/original_7_6.png,data/processed/train/genuine/original_5_4.png,0,random_forgery,7,5
data/processed/train/genuine/original_13_12.png,data/processed/train/genuine/original_13_17.png,1,genuine_genuine,13,13
data/processed/train/genuine/original_32_22.png,data/processed/train/forged/forgeries_32_21.png,0,skilled_forgery,32,32
data/processed/train/genuine/original_30_14.png,data/processed/train/genuine/original_30_4.png,1,genuine_genuine,30,30
data/processed/validation/genuine/original_36_18.png,data/processed/validation/genuine/original_36_21.png,1,genuine_genuine,36,36
data/processed/train/genuine/original_34_5.png,data/processed/train/genuine/original_8_24.png,0,random_forgery,34,8
data/processed/validation/genuine/original_45_21.png,data/processed/validation/genuine/original_45_7.png,1,genuine_genuine,45,45
data/processed/validation/genuine/original_36_21.png,data/processed/train/genuine/original_12_24.png,0,random_forgery,36,12
data/processed/train/genuine/original_4_22.png,data/processed/train/forged/forgeries_4_8.png,0,skilled_forgery,4,4
data/processed/train/genuine/original_8_20.png,data/processed/train/genuine/original_1_23.png,0,random_forgery,8,1
data/processed/train/genuine/original_28_2.png,data/processed/train/forged/forgeries_28_18.png,0,skilled_forgery,28,28
data/processed/validation/genuine/original_41_13.png,data/processed/validation/forged/forgeries_41_12.png,0,skilled_forgery,41,41
data/processed/validation/genuine/original_36_2.png,data/processed/validation/genuine/original_45_14.png,0,random_forgery,36,45
data/processed/train/genuine/original_35_14.png,data/processed/train/genuine/original_16_9.png,0,random_forgery,35,16
data/processed/train/genuine/original_15_4.png,data/processed/train/forged/forgeries_15_11.png,0,skilled_forgery,15,15
data/processed/validation/genuine/original_43_22.png,data/processed/validation/genuine/original_43_4.png,1,genuine_genuine,43,43
data/processed/train/genuine/original_15_7.png,data/processed/train/forged/forgeries_15_20.png,0,skilled_forgery,15,15
data/processed/train/genuine/original_3_16.png,data/processed/train/genuine/original_3_24.png,1,genuine_genuine,3,3
data/processed/validation/genuine/original_42_22.png,data/processed/validation/genuine/original_42_8.png,1,genuine_genuine,42,42
data/processed/train/genuine/original_2_9.png,data/processed/train/genuine/original_8_4.png,0,random_forgery,2,8
data/processed/validation/genuine/original_40_11.png,data/processed/validation/genuine/original_40_4.png,1,genuine_genuine,40,40
data/processed/train/genuine/original_16_4.png,data/processed/train/genuine/original_16_8.png,1,genuine_genuine,16,16
data/processed/train/genuine/original_3_18.png,data/processed/train/genuine/original_3_19.png,1,genuine_genuine,3,3
data/processed/train/genuine/original_12_21.png,data/processed/train/forged/forgeries_12_12.png,0,skilled_forgery,12,12
data/processed/validation/genuine/original_40_11.png,data/processed/validation/genuine/original_40_24.png,1,genuine_genuine,40,40
data/processed/validation/genuine/original_42_24.png,data/processed/validation/forged/forgeries_42_13.png,0,skilled_forgery,42,42
data/processed/validation/genuine/original_38_9.png,data/processed/validation/forged/forgeries_38_23.png,0,skilled_forgery,38,38
data/processed/train/genuine/original_3_24.png,data/processed/train/forged/forgeries_3_6.png,0,skilled_forgery,3,3
data/processed/validation/genuine/original_38_12.png,data/processed/validation/genuine/original_38_8.png,1,genuine_genuine,38,38
data/processed/validation/genuine/original_45_19.png,data/processed/validation/forged/forgeries_45_12.png,0,skilled_forgery,45,45
data/processed/train/genuine/original_9_5.png,data/processed/train/genuine/original_11_18.png,0,random_forgery,9,11
data/processed/train/genuine/original_29_22.png,data/processed/train/genuine/original_29_6.png,1,genuine_genuine,29,29
data/processed/validation/genuine/original_40_7.png,data/processed/train/genuine/original_11_12.png,0,random_forgery,40,11
data/processed/train/genuine/original_30_6.png,data/processed/train/forged/forgeries_30_7.png,0,skilled_forgery,30,30
data/processed/train/genuine/original_13_12.png,data/processed/train/genuine/original_13_8.png,1,genuine_genuine,13,13
data/processed/train/genuine/original_9_24.png,data/processed/train/genuine/original_9_5.png,1,genuine_genuine,9,9
data/processed/train/genuine/original_18_13.png,data/processed/train/genuine/original_18_6.png,1,genuine_genuine,18,18
data/processed/validation/genuine/original_42_2.png,data/processed/validation/genuine/original_42_4.png,1,genuine_genuine,42,42
data/processed/train/genuine/original_17_14.png,data/processed/validation/genuine/original_42_22.png,0,random_forgery,17,42
data/processed/train/genuine/original_33_18.png,data/processed/train/genuine/original_33_24.png,1,genuine_genuine,33,33
data/processed/train/genuine/original_12_12.png,data/processed/train/genuine/original_12_19.png,1,genuine_genuine,12,12
data/processed/validation/genuine/original_41_5.png,data/processed/train/genuine/original_28_17.png,0,random_forgery,41,28
data/processed/train/genuine/original_35_2.png,data/processed/train/genuine/original_35_23.png,1,genuine_genuine,35,35
data/processed/train/genuine/original_31_18.png,data/processed/train/genuine/original_31_5.png,1,genuine_genuine,31,31
data/processed/train/genuine/original_34_11.png,data/processed/train/genuine/original_34_15.png,1,genuine_genuine,34,34
data/processed/train/genuine/original_9_23.png,data/processed/train/forged/forgeries_9_18.png,0,skilled_forgery,9,9
data/processed/train/genuine/original_13_1.png,data/processed/train/genuine/original_13_20.png,1,genuine_genuine,13,13
data/processed/train/genuine/original_33_10.png,data/processed/train/genuine/original_33_7.png,1,genuine_genuine,33,33
data/processed/validation/genuine/original_41_1.png,data/processed/validation/forged/forgeries_41_11.png,0,skilled_forgery,41,41
data/processed/train/genuine/original_28_11.png,data/processed/train/genuine/original_17_20.png,0,random_forgery,28,17
data/processed/train/genuine/original_8_3.png,data/processed/train/genuine/original_8_4.png,1,genuine_genuine,8,8
data/processed/train/genuine/original_8_11.png,data/processed/train/genuine/original_8_9.png,1,genuine_genuine,8,8
data/processed/train/genuine/original_12_13.png,data/processed/train/forged/forgeries_12_13.png,0,skilled_forgery,12,12
data/processed/train/genuine/original_10_23.png,data/processed/train/genuine/original_33_3.png,0,random_forgery,10,33
data/processed/train/genuine/original_32_10.png,data/processed/train/genuine/original_32_22.png,1,genuine_genuine,32,32
data/processed/train/genuine/original_6_5.png,data/processed/train/genuine/original_3_24.png,0,random_forgery,6,3
data/processed/train/genuine/original_2_14.png,data/processed/train/genuine/original_2_24.png,1,genuine_genuine,2,2
data/processed/train/genuine/original_32_12.png,data/processed/train/genuine/original_32_4.png,1,genuine_genuine,32,32
data/processed/train/genuine/original_4_18.png,data/processed/train/genuine/original_4_3.png,1,genuine_genuine,4,4
data/processed/train/genuine/original_16_15.png,data/processed/train/forged/forgeries_16_16.png,0,skilled_forgery,16,16
data/processed/validation/genuine/original_44_14.png,data/processed/validation/genuine/original_44_8.png,1,genuine_genuine,44,44
data/processed/validation/genuine/original_40_6.png,data/processed/train/genuine/original_14_3.png,0,random_forgery,40,14
data/processed/validation/genuine/original_37_11.png,data/processed/validation/genuine/original_37_5.png,1,genuine_genuine,37,37
data/processed/train/genuine/original_8_18.png,data/processed/train/genuine/original_29_21.png,0,random_forgery,8,29
data/processed/validation/genuine/original_43_18.png,data/processed/validation/genuine/original_43_21.png,1,genuine_genuine,43,43
data/processed/train/genuine/original_3_7.png,data/processed/validation/genuine/original_43_19.png,0,random_forgery,3,43
data/processed/train/genuine/original_28_13.png,data/processed/train/genuine/original_28_22.png,1,genuine_genuine,28,28
data/processed/train/genuine/original_12_12.png,data/processed/train/genuine/original_12_16.png,1,genuine_genuine,12,12
data/processed/train/genuine/original_33_2.png,data/processed/train/forged/forgeries_33_3.png,0,skilled_forgery,33,33
data/processed/validation/genuine/original_40_2.png,data/processed/validation/genuine/original_40_21.png,1,genuine_genuine,40,40
data/processed/train/genuine/original_10_1.png,data/processed/train/genuine/original_10_13.png,1,genuine_genuine,10,10
data/processed/train/genuine/original_33_2.png,data/processed/train/forged/forgeries_33_5.png,0,skilled_forgery,33,33
data/processed/train/genuine/original_34_1.png,data/processed/train/genuine/original_34_13.png,1,genuine_genuine,34,34
data/processed/train/genuine/original_30_5.png,data/processed/train/forged/forgeries_30_21.png,0,skilled_forgery,30,30
data/processed/train/genuine/original_3_2.png,data/processed/train/forged/forgeries_3_16.png,0,skilled_forgery,3,3
data/processed/train/genuine/original_14_10.png,data/processed/train/genuine/original_14_21.png,1,genuine_genuine,14,14
data/processed/train/genuine/original_30_18.png,data/processed/train/genuine/original_30_2.png,1,genuine_genuine,30,30
data/processed/validation/genuine/original_39_22.png,data/processed/validation/genuine/original_39_7.png,1,genuine_genuine,39,39
data/processed/train/genuine/original_35_24.png,data/processed/train/genuine/original_35_6.png,1,genuine_genuine,35,35
data/processed/train/genuine/original_9_19.png,data/processed/train/genuine/original_9_3.png,1,genuine_genuine,9,9
data/processed/train/genuine/original_3_1.png,data/processed/train/genuine/original_3_7.png,1,genuine_genuine,3,3
data/processed/train/genuine/original_8_11.png,data/processed/train/genuine/original_8_20.png,1,genuine_genuine,8,8
data/processed/train/genuine/original_2_3.png,data/processed/train/forged/forgeries_2_19.png,0,skilled_forgery,2,2
data/processed/validation/genuine/original_41_15.png,data/processed/validation/genuine/original_41_21.png,1,genuine_genuine,41,41
data/processed/train/genuine/original_12_15.png,data/processed/train/genuine/original_12_6.png,1,genuine_genuine,12,12
data/processed/validation/genuine/original_44_6.png,data/processed/validation/genuine/original_36_12.png,0,random_forgery,44,36
data/processed/train/genuine/original_30_18.png,data/processed/validation/genuine/original_45_12.png,0,random_forgery,30,45
data/processed/train/genuine/original_13_4.png,data/processed/train/genuine/original_13_5.png,1,genuine_genuine,13,13
data/processed/train/genuine/original_34_14.png,data/processed/validation/genuine/original_43_11.png,0,random_forgery,34,43
data/processed/train/genuine/original_17_8.png,data/processed/train/forged/forgeries_17_21.png,0,skilled_forgery,17,17
data/processed/validation/genuine/original_43_7.png,data/processed/validation/forged/forgeries_43_13.png,0,skilled_forgery,43,43
data/processed/train/genuine/original_28_17.png,data/processed/train/genuine/original_28_23.png,1,genuine_genuine,28,28
data/processed/validation/genuine/original_37_19.png,data/processed/validation/genuine/original_38_14.png,0,random_forgery,37,38
data/processed/train/genuine/original_35_4.png,data/processed/train/forged/forgeries_35_19.png,0,skilled_forgery,35,35
data/processed/train/genuine/original_4_16.png,data/processed/train/forged/forgeries_4_19.png,0,skilled_forgery,4,4
data/processed/train/genuine/original_4_13.png,data/processed/train/genuine/original_33_9.png,0,random_forgery,4,33
data/processed/validation/genuine/original_37_19.png,data/processed/validation/genuine/original_37_21.png,1,genuine_genuine,37,37
data/processed/validation/genuine/original_38_1.png,data/processed/train/genuine/original_6_20.png,0,random_forgery,38,6
data/processed/train/genuine/original_6_4.png,data/processed/validation/genuine/original_41_19.png,0,random_forgery,6,41
data/processed/train/genuine/original_1_14.png,data/processed/train/genuine/original_1_16.png,1,genuine_genuine,1,1
data/processed/train/genuine/original_34_12.png,data/processed/train/genuine/original_34_21.png,1,genuine_genuine,34,34
data/processed/train/genuine/original_35_18.png,data/processed/train/genuine/original_35_3.png,1,genuine_genuine,35,35
data/processed/validation/genuine/original_45_11.png,data/processed/validation/genuine/original_45_24.png,1,genuine_genuine,45,45
data/processed/train/genuine/original_14_22.png,data/processed/train/forged/forgeries_14_24.png,0,skilled_forgery,14,14
data/processed/train/genuine/original_5_17.png,data/processed/train/forged/forgeries_5_14.png,0,skilled_forgery,5,5
data/processed/validation/genuine/original_38_1.png,data/processed/validation/genuine/original_38_10.png,1,genuine_genuine,38,38
data/processed/train/genuine/original_15_15.png,data/processed/train/genuine/original_15_20.png,1,genuine_genuine,15,15
data/processed/validation/genuine/original_39_20.png,data/processed/validation/forged/forgeries_39_21.png,0,skilled_forgery,39,39
data/processed/train/genuine/original_30_14.png,data/processed/train/genuine/original_30_9.png,1,genuine_genuine,30,30
data/processed/train/genuine/original_3_13.png,data/processed/train/genuine/original_3_4.png,1,genuine_genuine,3,3
data/processed/validation/genuine/original_40_17.png,data/processed/validation/genuine/original_40_23.png,1,genuine_genuine,40,40
data/processed/train/genuine/original_10_18.png,data/processed/train/genuine/original_10_2.png,1,genuine_genuine,10,10
data/processed/validation/genuine/original_36_17.png,data/processed/validation/forged/forgeries_36_8.png,0,skilled_forgery,36,36
data/processed/train/genuine/original_13_19.png,data/processed/train/forged/forgeries_13_22.png,0,skilled_forgery,13,13
data/processed/train/genuine/original_32_1.png,data/processed/train/genuine/original_32_18.png,1,genuine_genuine,32,32
data/processed/train/genuine/original_15_11.png,data/processed/train/genuine/original_15_19.png,1,genuine_genuine,15,15
data/processed/train/genuine/original_13_1.png,data/processed/train/forged/forgeries_13_2.png,0,skilled_forgery,13,13
data/processed/train/genuine/original_15_19.png,data/processed/train/forged/forgeries_15_3.png,0,skilled_forgery,15,15
data/processed/train/genuine/original_17_14.png,data/processed/train/forged/forgeries_17_10.png,0,skilled_forgery,17,17
data/processed/train/genuine/original_30_14.png,data/processed/train/genuine/original_30_23.png,1,genuine_genuine,30,30
data/processed/train/genuine/original_13_6.png,data/processed/train/forged/forgeries_13_1.png,0,skilled_forgery,13,13
data/processed/train/genuine/original_16_1.png,data/processed/train/genuine/original_16_13.png,1,genuine_genuine,16,16
data/processed/train/genuine/original_11_7.png,data/processed/train/forged/forgeries_11_1.png,0,skilled_forgery,11,11
data/processed/validation/genuine/original_41_1.png,data/processed/validation/forged/forgeries_41_9.png,0,skilled_forgery,41,41
data/processed/train/genuine/original_9_10.png,data/processed/train/genuine/original_9_2.png,1,genuine_genuine,9,9
data/processed/train/genuine/original_35_18.png,data/processed/train/genuine/original_35_21.png,1,genuine_genuine,35,35
data/processed/train/genuine/original_31_2.png,data/processed/train/forged/forgeries_31_3.png,0,skilled_forgery,31,31
data/processed/train/genuine/original_32_19.png,data/processed/train/genuine/original_32_4.png,1,genuine_genuine,32,32
data/processed/train/genuine/original_35_17.png,data/processed/train/forged/forgeries_35_15.png,0,skilled_forgery,35,35
data/processed/train/genuine/original_9_2.png,data/processed/train/forged/forgeries_9_7.png,0,skilled_forgery,9,9
data/processed/train/genuine/original_33_24.png,data/processed/train/genuine/original_33_7.png,1,genuine_genuine,33,33
data/processed/train/genuine/original_6_13.png,data/processed/train/genuine/original_6_23.png,1,genuine_genuine,6,6
data/processed/validation/genuine/original_43_12.png,data/processed/validation/genuine/original_43_13.png,1,genuine_genuine,43,43
data/processed/train/genuine/original_12_24.png,data/processed/train/genuine/original_12_4.png,1,genuine_genuine,12,12
data/processed/train/genuine/original_29_14.png,data/processed/train/genuine/original_29_18.png,1,genuine_genuine,29,29
data/processed/validation/genuine/original_44_12.png,data/processed/validation/forged/forgeries_44_17.png,0,skilled_forgery,44,44
data/processed/validation/genuine/original_43_1.png,data/processed/validation/genuine/original_43_6.png,1,genuine_genuine,43,43
data/processed/validation/genuine/original_39_2.png,data/processed/validation/forged/forgeries_39_1.png,0,skilled_forgery,39,39
data/processed/train/genuine/original_11_4.png,data/processed/validation/genuine/original_37_20.png,0,random_forgery,11,37
data/processed/train/genuine/original_33_14.png,data/processed/train/genuine/original_5_16.png,0,random_forgery,33,5
data/processed/train/genuine/original_13_15.png,data/processed/train/genuine/original_13_22.png,1,genuine_genuine,13,13
data/processed/train/genuine/original_6_14.png,data/processed/train/genuine/original_6_5.png,1,genuine_genuine,6,6
data/processed/train/genuine/original_10_20.png,data/processed/train/genuine/original_3_20.png,0,random_forgery,10,3
data/processed/train/genuine/original_30_2.png,data/processed/train/forged/forgeries_30_12.png,0,skilled_forgery,30,30
data/processed/train/genuine/original_4_11.png,data/processed/train/genuine/original_4_3.png,1,genuine_genuine,4,4
data/processed/validation/genuine/original_36_17.png,data/processed/validation/genuine/original_36_19.png,1,genuine_genuine,36,36
data/processed/train/genuine/original_11_11.png,data/processed/train/genuine/original_11_24.png,1,genuine_genuine,11,11
data/processed/validation/genuine/original_36_20.png,data/processed/validation/forged/forgeries_36_10.png,0,skilled_forgery,36,36
data/processed/train/genuine/original_1_24.png,data/processed/train/genuine/original_1_6.png,1,genuine_genuine,1,1
data/processed/train/genuine/original_13_10.png,data/processed/train/genuine/original_17_15.png,0,random_forgery,13,17
data/processed/validation/genuine/original_41_17.png,data/processed/validation/genuine/original_41_18.png,1,genuine_genuine,41,41
data/processed/train/genuine/original_5_6.png,data/processed/validation/genuine/original_43_10.png,0,random_forgery,5,43
data/processed/train/genuine/original_28_7.png,data/processed/train/forged/forgeries_28_20.png,0,skilled_forgery,28,28
data/processed/train/genuine/original_16_2.png,data/processed/train/genuine/original_16_23.png,1,genuine_genuine,16,16
data/processed/train/genuine/original_4_20.png,data/processed/train/forged/forgeries_4_3.png,0,skilled_forgery,4,4
data/processed/train/genuine/original_1_11.png,data/processed/train/forged/forgeries_1_17.png,0,skilled_forgery,1,1
data/processed/train/genuine/original_17_16.png,data/processed/train/genuine/original_17_8.png,1,genuine_genuine,17,17
data/processed/train/genuine/original_16_24.png,data/processed/train/forged/forgeries_16_6.png,0,skilled_forgery,16,16
data/processed/train/genuine/original_15_6.png,data/processed/train/genuine/original_13_12.png,0,random_forgery,15,13
data/processed/train/genuine/original_1_1.png,data/processed/train/forged/forgeries_1_11.png,0,skilled_forgery,1,1
data/processed/train/genuine/original_15_13.png,data/processed/train/genuine/original_15_5.png,1,genuine_genuine,15,15
data/processed/train/genuine/original_7_7.png,data/processed/train/forged/forgeries_7_18.png,0,skilled_forgery,7,7
data/processed/train/genuine/original_9_3.png,data/processed/train/forged/forgeries_9_23.png,0,skilled_forgery,9,9
data/processed/train/genuine/original_7_18.png,data/processed/train/genuine/original_7_2.png,1,genuine_genuine,7,7
data/processed/validation/genuine/original_39_13.png,data/processed/validation/genuine/original_43_22.png,0,random_forgery,39,43
data/processed/train/genuine/original_9_20.png,data/processed/train/genuine/original_9_6.png,1,genuine_genuine,9,9
data/processed/train/genuine/original_35_14.png,data/processed/train/genuine/original_35_15.png,1,genuine_genuine,35,35
data/processed/validation/genuine/original_41_12.png,data/processed/validation/forged/forgeries_41_4.png,0,skilled_forgery,41,41
data/processed/train/genuine/original_32_23.png,data/processed/train/genuine/original_28_23.png,0,random_forgery,32,28
data/processed/validation/genuine/original_37_2.png,data/processed/validation/genuine/original_37_21.png,1,genuine_genuine,37,37
data/processed/train/genuine/original_35_2.png,data/processed/train/forged/forgeries_35_5.png,0,skilled_forgery,35,35
data/processed/train/genuine/original_10_16.png,data/processed/train/genuine/original_10_9.png,1,genuine_genuine,10,10
data/processed/train/genuine/original_17_19.png,data/processed/train/forged/forgeries_17_20.png,0,skilled_forgery,17,17
data/processed/train/genuine/original_35_12.png,data/processed/train/genuine/original_35_9.png,1,genuine_genuine,35,35
data/processed/train/genuine/original_5_10.png,data/processed/train/genuine/original_5_5.png,1,genuine_genuine,5,5
data/processed/train/genuine/original_5_18.png,data/processed/train/genuine/original_5_19.png,1,genuine_genuine,5,5
data/processed/validation/genuine/original_40_10.png,data/processed/validation/genuine/original_40_8.png,1,genuine_genuine,40,40
data/processed/train/genuine/original_10_24.png,data/processed/train/genuine/original_28_19.png,0,random_forgery,10,28
data/processed/train/genuine/original_8_11.png,data/processed/train/genuine/original_8_18.png,1,genuine_genuine,8,8
data/processed/train/genuine/original_11_10.png,data/processed/train/forged/forgeries_11_18.png,0,skilled_forgery,11,11
data/processed/train/genuine/original_13_20.png,data/processed/train/forged/forgeries_13_13.png,0,skilled_forgery,13,13
data/processed/train/genuine/original_10_6.png,data/processed/train/genuine/original_10_7.png,1,genuine_genuine,10,10
data/processed/train/genuine/original_30_4.png,data/processed/train/genuine/original_30_8.png,1,genuine_genuine,30,30
data/processed/train/genuine/original_2_16.png,data/processed/train/genuine/original_2_19.png,1,genuine_genuine,2,2
data/processed/train/genuine/original_10_8.png,data/processed/train/genuine/original_8_3.png,0,random_forgery,10,8
data/processed/validation/genuine/original_41_19.png,data/processed/validation/forged/forgeries_41_6.png,0,skilled_forgery,41,41
data/processed/train/genuine/original_34_22.png,data/processed/train/genuine/original_34_5.png,1,genuine_genuine,34,34
data/processed/train/genuine/original_34_10.png,data/processed/train/genuine/original_34_13.png,1,genuine_genuine,34,34
data/processed/train/genuine/original_5_1.png,data/processed/train/forged/forgeries_5_16.png,0,skilled_forgery,5,5
data/processed/validation/genuine/original_36_19.png,data/processed/train/genuine/original_12_22.png,0,random_forgery,36,12
data/processed/train/genuine/original_3_12.png,data/processed/train/forged/forgeries_3_13.png,0,skilled_forgery,3,3
data/processed/validation/genuine/original_38_21.png,data/processed/validation/forged/forgeries_38_11.png,0,skilled_forgery,38,38
data/processed/validation/genuine/original_40_15.png,data/processed/validation/genuine/original_40_8.png,1,genuine_genuine,40,40
data/processed/train/genuine/original_32_18.png,data/processed/validation/genuine/original_36_12.png,0,random_forgery,32,36
data/processed/train/genuine/original_2_22.png,data/processed/train/genuine/original_2_3.png,1,genuine_genuine,2,2
data/processed/train/genuine/original_33_1.png,data/processed/train/genuine/original_33_14.png,1,genuine_genuine,33,33
data/processed/train/genuine/original_32_11.png,data/processed/train/genuine/original_32_3.png,1,genuine_genuine,32,32
data/processed/train/genuine/original_13_10.png,data/processed/train/genuine/original_13_13.png,1,genuine_genuine,13,13
data/processed/validation/genuine/original_37_20.png,data/processed/validation/genuine/original_37_5.png,1,genuine_genuine,37,37
data/processed/validation/genuine/original_45_16.png,data/processed/validation/forged/forgeries_45_17.png,0,skilled_forgery,45,45
data/processed/train/genuine/original_6_6.png,data/processed/train/genuine/original_10_15.png,0,random_forgery,6,10
data/processed/validation/genuine/original_45_13.png,data/processed/validation/genuine/original_45_19.png,1,genuine_genuine,45,45
data/processed/train/genuine/original_31_17.png,data/processed/train/genuine/original_31_3.png,1,genuine_genuine,31,31
data/processed/train/genuine/original_7_8.png,data/processed/train/genuine/original_16_3.png,0,random_forgery,7,16
data/processed/train/genuine/original_28_18.png,data/processed/train/genuine/original_28_9.png,1,genuine_genuine,28,28
data/processed/validation/genuine/original_44_16.png,data/processed/validation/genuine/original_44_20.png,1,genuine_genuine,44,44
data/processed/validation/genuine/original_37_21.png,data/processed/validation/genuine/original_43_11.png,0,random_forgery,37,43
data/processed/train/genuine/original_1_1.png,data/processed/train/genuine/original_1_8.png,1,genuine_genuine,1,1
data/processed/train/genuine/original_11_10.png,data/processed/train/genuine/original_11_24.png,1,genuine_genuine,11,11
data/processed/train/genuine/original_18_1.png,data/processed/train/genuine/original_9_16.png,0,random_forgery,18,9
data/processed/train/genuine/original_3_10.png,data/processed/train/genuine/original_3_16.png,1,genuine_genuine,3,3
data/processed/validation/genuine/original_38_21.png,data/processed/validation/forged/forgeries_38_20.png,0,skilled_forgery,38,38
data/processed/train/genuine/original_7_14.png,data/processed/train/genuine/original_7_2.png,1,genuine_genuine,7,7
data/processed/train/genuine/original_7_4.png,data/processed/train/forged/forgeries_7_24.png,0,skilled_forgery,7,7
data/processed/train/genuine/original_11_10.png,data/processed/train/genuine/original_11_12.png,1,genuine_genuine,11,11
data/processed/train/genuine/original_7_11.png,data/processed/train/genuine/original_7_5.png,1,genuine_genuine,7,7
data/processed/train/genuine/original_11_13.png,data/processed/train/genuine/original_11_8.png,1,genuine_genuine,11,11
data/processed/train/genuine/original_7_22.png,data/processed/train/forged/forgeries_7_3.png,0,skilled_forgery,7,7
data/processed/train/genuine/original_33_15.png,data/processed/train/genuine/original_33_3.png,1,genuine_genuine,33,33
data/processed/train/genuine/original_35_19.png,data/processed/validation/genuine/original_42_23.png,0,random_forgery,35,42
data/processed/train/genuine/original_2_13.png,data/processed/train/forged/forgeries_2_24.png,0,skilled_forgery,2,2
data/processed/validation/genuine/original_42_13.png,data/processed/validation/genuine/original_41_10.png,0,random_forgery,42,41
data/processed/train/genuine/original_2_2.png,data/processed/train/genuine/original_2_3.png,1,genuine_genuine,2,2
data/processed/train/genuine/original_10_13.png,data/processed/train/genuine/original_3_11.png,0,random_forgery,10,3
data/processed/validation/genuine/original_44_19.png,data/processed/validation/genuine/original_44_5.png,1,genuine_genuine,44,44
data/processed/validation/genuine/original_44_14.png,data/processed/validation/genuine/original_44_17.png,1,genuine_genuine,44,44
data/processed/validation/genuine/original_36_21.png,data/processed/validation/forged/forgeries_36_5.png,0,skilled_forgery,36,36
data/processed/validation/genuine/original_41_19.png,data/processed/validation/genuine/original_41_20.png,1,genuine_genuine,41,41
data/processed/train/genuine/original_14_20.png,data/processed/train/genuine/original_11_8.png,0,random_forgery,14,11
data/processed/train/genuine/original_31_10.png,data/processed/train/genuine/original_31_18.png,1,genuine_genuine,31,31
data/processed/validation/genuine/original_37_12.png,data/processed/validation/genuine/original_37_17.png,1,genuine_genuine,37,37
data/processed/validation/genuine/original_43_2.png,data/processed/validation/genuine/original_43_22.png,1,genuine_genuine,43,43
data/processed/train/genuine/original_17_18.png,data/processed/train/genuine/original_17_5.png,1,genuine_genuine,17,17
data/processed/train/genuine/original_2_17.png,data/processed/train/genuine/original_2_9.png,1,genuine_genuine,2,2
data/processed/train/genuine/original_32_16.png,data/processed/train/genuine/original_32_7.png,1,genuine_genuine,32,32
data/processed/validation/genuine/original_39_14.png,data/processed/validation/genuine/original_39_9.png,1,genuine_genuine,39,39
data/processed/train/genuine/original_34_14.png,data/processed/train/genuine/original_34_22.png,1,genuine_genuine,34,34
data/processed/train/genuine/original_16_19.png,data/processed/train/genuine/original_16_5.png,1,genuine_genuine,16,16
data/processed/train/genuine/original_6_16.png,data/processed/train/genuine/original_6_17.png,1,genuine_genuine,6,6
data/processed/train/genuine/original_2_4.png,data/processed/validation/genuine/original_37_14.png,0,random_forgery,2,37
data/processed/validation/genuine/original_42_19.png,data/processed/validation/forged/forgeries_42_13.png,0,skilled_forgery,42,42
data/processed/validation/genuine/original_38_13.png,data/processed/train/genuine/original_11_14.png,0,random_forgery,38,11
data/processed/train/genuine/original_14_17.png,data/processed/train/forged/forgeries_14_15.png,0,skilled_forgery,14,14
data/processed/train/genuine/original_14_23.png,data/processed/train/genuine/original_30_17.png,0,random_forgery,14,30
data/processed/validation/genuine/original_43_8.png,data/processed/train/genuine/original_9_14.png,0,random_forgery,43,9
data/processed/train/genuine/original_7_1.png,data/processed/train/genuine/original_7_10.png,1,genuine_genuine,7,7
data/processed/train/genuine/original_2_18.png,data/processed/train/genuine/original_2_22.png,1,genuine_genuine,2,2
data/processed/validation/genuine/original_39_7.png,data/processed/validation/forged/forgeries_39_20.png,0,skilled_forgery,39,39
data/processed/validation/genuine/original_41_15.png,data/processed/train/genuine/original_35_23.png,0,random_forgery,41,35
data/processed/train/genuine/original_35_1.png,data/processed/train/genuine/original_35_3.png,1,genuine_genuine,35,35
data/processed/train/genuine/original_14_8.png,data/processed/train/genuine/original_34_6.png,0,random_forgery,14,34
data/processed/train/genuine/original_13_14.png,data/processed/train/genuine/original_13_23.png,1,genuine_genuine,13,13
data/processed/validation/genuine/original_36_22.png,data/processed/validation/forged/forgeries_36_13.png,0,skilled_forgery,36,36
data/processed/train/genuine/original_35_1.png,data/processed/train/genuine/original_32_5.png,0,random_forgery,35,32
data/processed/train/genuine/original_13_13.png,data/processed/train/forged/forgeries_13_3.png,0,skilled_forgery,13,13
data/processed/train/genuine/original_14_2.png,data/processed/train/genuine/original_29_3.png,0,random_forgery,14,29
data/processed/train/genuine/original_7_14.png,data/processed/train/genuine/original_7_24.png,1,genuine_genuine,7,7
data/processed/validation/genuine/original_41_11.png,data/processed/validation/forged/forgeries_41_12.png,0,skilled_forgery,41,41
data/processed/train/genuine/original_35_20.png,data/processed/validation/genuine/original_37_14.png,0,random_forgery,35,37
data/processed/train/genuine/original_7_16.png,data/processed/train/forged/forgeries_7_5.png,0,skilled_forgery,7,7
data/processed/validation/genuine/original_41_15.png,data/processed/validation/genuine/original_41_19.png,1,genuine_genuine,41,41
data/processed/validation/genuine/original_40_2.png,data/processed/train/genuine/original_10_23.png,0,random_forgery,40,10
data/processed/validation/genuine/original_44_12.png,data/processed/validation/forged/forgeries_44_4.png,0,skilled_forgery,44,44
data/processed/train/genuine/original_11_18.png,data/processed/train/genuine/original_11_2.png,1,genuine_genuine,11,11
data/processed/validation/genuine/original_44_3.png,data/processed/train/genuine/original_16_24.png,0,random_forgery,44,16
data/processed/validation/genuine/original_45_5.png,data/processed/validation/forged/forgeries_45_1.png,0,skilled_forgery,45,45
data/processed/train/genuine/original_1_6.png,data/processed/validation/genuine/original_36_11.png,0,random_forgery,1,36
data/processed/validation/genuine/original_44_16.png,data/processed/validation/genuine/original_44_9.png,1,genuine_genuine,44,44
data/processed/validation/genuine/original_42_24.png,data/processed/validation/forged/forgeries_42_22.png,0,skilled_forgery,42,42
data/processed/train/genuine/original_31_21.png,data/processed/train/forged/forgeries_31_23.png,0,skilled_forgery,31,31
data/processed/validation/genuine/original_39_15.png,data/processed/validation/genuine/original_39_8.png,1,genuine_genuine,39,39
data/processed/train/genuine/original_6_14.png,data/processed/train/genuine/original_6_24.png,1,genuine_genuine,6,6
data/processed/train/genuine/original_17_21.png,data/processed/validation/genuine/original_39_20.png,0,random_forgery,17,39
data/processed/validation/genuine/original_43_1.png,data/processed/validation/genuine/original_43_11.png,1,genuine_genuine,43,43
data/processed/validation/genuine/original_37_14.png,data/processed/validation/forged/forgeries_37_11.png,0,skilled_forgery,37,37
data/processed/train/genuine/original_31_18.png,data/processed/train/forged/forgeries_31_23.png,0,skilled_forgery,31,31
data/processed/train/genuine/original_13_14.png,data/processed/train/genuine/original_13_15.png,1,genuine_genuine,13,13
data/processed/train/genuine/original_35_11.png,data/processed/train/genuine/original_35_20.png,1,genuine_genuine,35,35
data/processed/train/genuine/original_18_9.png,data/processed/train/forged/forgeries_18_17.png,0,skilled_forgery,18,18
data/processed/train/genuine/original_10_15.png,data/processed/train/genuine/original_10_21.png,1,genuine_genuine,10,10
data/processed/train/genuine/original_7_3.png,data/processed/validation/genuine/original_38_13.png,0,random_forgery,7,38
data/processed/train/genuine/original_10_23.png,data/processed/validation/genuine/original_42_17.png,0,random_forgery,10,42
data/processed/train/genuine/original_8_10.png,data/processed/train/genuine/original_7_6.png,0,random_forgery,8,7
data/processed/train/genuine/original_10_22.png,data/processed/validation/genuine/original_38_2.png,0,random_forgery,10,38
data/processed/validation/genuine/original_43_24.png,data/processed/validation/genuine/original_43_6.png,1,genuine_genuine,43,43
data/processed/validation/genuine/original_39_23.png,data/processed/train/genuine/original_12_16.png,0,random_forgery,39,12
data/processed/train/genuine/original_31_10.png,data/processed/train/genuine/original_31_12.png,1,genuine_genuine,31,31
data/processed/train/genuine/original_3_10.png,data/processed/train/genuine/original_3_7.png,1,genuine_genuine,3,3
data/processed/validation/genuine/original_42_12.png,data/processed/validation/genuine/original_42_13.png,1,genuine_genuine,42,42
data/processed/train/genuine/original_11_13.png,data/processed/train/genuine/original_11_7.png,1,genuine_genuine,11,11
data/processed/train/genuine/original_16_12.png,data/processed/train/genuine/original_16_23.png,1,genuine_genuine,16,16
data/processed/train/genuine/original_16_21.png,data/processed/train/forged/forgeries_16_12.png,0,skilled_forgery,16,16
data/processed/validation/genuine/original_37_12.png,data/processed/validation/forged/forgeries_37_24.png,0,skilled_forgery,37,37
data/processed/train/genuine/original_18_10.png,data/processed/train/genuine/original_18_23.png,1,genuine_genuine,18,18
data/processed/train/genuine/original_8_15.png,data/processed/train/forged/forgeries_8_2.png,0,skilled_forgery,8,8
data/processed/validation/genuine/original_39_9.png,data/processed/validation/forged/forgeries_39_7.png,0,skilled_forgery,39,39
data/processed/train/genuine/original_13_23.png,data/processed/train/genuine/original_4_12.png,0,random_forgery,13,4
data/processed/train/genuine/original_14_16.png,data/processed/train/genuine/original_14_9.png,1,genuine_genuine,14,14
data/processed/train/genuine/original_8_5.png,data/processed/train/forged/forgeries_8_18.png,0,skilled_forgery,8,8
data/processed/validation/genuine/original_36_20.png,data/processed/validation/genuine/original_36_9.png,1,genuine_genuine,36,36
data/processed/train/genuine/original_30_21.png,data/processed/train/forged/forgeries_30_6.png,0,skilled_forgery,30,30
data/processed/validation/genuine/original_43_1.png,data/processed/validation/forged/forgeries_43_3.png,0,skilled_forgery,43,43
data/processed/train/genuine/original_6_22.png,data/processed/train/genuine/original_6_24.png,1,genuine_genuine,6,6
data/processed/train/genuine/original_31_8.png,data/processed/train/genuine/original_31_9.png,1,genuine_genuine,31,31
data/processed/train/genuine/original_6_10.png,data/processed/train/genuine/original_6_4.png,1,genuine_genuine,6,6
data/processed/validation/genuine/original_36_18.png,data/processed/validation/forged/forgeries_36_14.png,0,skilled_forgery,36,36
data/processed/train/genuine/original_13_11.png,data/processed/train/genuine/original_13_3.png,1,genuine_genuine,13,13
data/processed/train/genuine/original_10_5.png,data/processed/train/forged/forgeries_10_24.png,0,skilled_forgery,10,10
data/processed/train/genuine/original_12_13.png,data/processed/train/genuine/original_12_21.png,1,genuine_genuine,12,12
data/processed/validation/genuine/original_45_15.png,data/processed/validation/genuine/original_42_10.png,0,random_forgery,45,42
data/processed/validation/genuine/original_41_3.png,data/processed/validation/genuine/original_41_8.png,1,genuine_genuine,41,41
data/processed/validation/genuine/original_38_1.png,data/processed/validation/genuine/original_38_16.png,1,genuine_genuine,38,38
data/processed/train/genuine/original_11_11.png,data/processed/train/genuine/original_11_19.png,1,genuine_genuine,11,11
data/processed/train/genuine/original_31_3.png,data/processed/train/genuine/original_31_9.png,1,genuine_genuine,31,31
data/processed/validation/genuine/original_38_13.png,data/processed/validation/genuine/original_38_3.png,1,genuine_genuine,38,38
data/processed/validation/genuine/original_42_20.png,data/processed/train/genuine/original_35_20.png,0,random_forgery,42,35
data/processed/train/genuine/original_5_12.png,data/processed/train/genuine/original_5_16.png,1,genuine_genuine,5,5
data/processed/validation/genuine/original_37_21.png,data/processed/validation/genuine/original_37_7.png,1,genuine_genuine,37,37
data/processed/train/genuine/original_3_8.png,data/processed/train/forged/forgeries_3_11.png,0,skilled_forgery,3,3
data/processed/train/genuine/original_34_11.png,data/processed/validation/genuine/original_45_9.png,0,random_forgery,34,45
data/processed/train/genuine/original_31_15.png,data/processed/train/genuine/original_28_24.png,0,random_forgery,31,28
data/processed/train/genuine/original_12_20.png,data/processed/train/genuine/original_12_4.png,1,genuine_genuine,12,12
data/processed/train/genuine/original_16_13.png,data/processed/train/genuine/original_12_7.png,0,random_forgery,16,12
data/processed/validation/genuine/original_44_12.png,data/processed/validation/forged/forgeries_44_22.png,0,skilled_forgery,44,44
data/processed/train/genuine/original_31_12.png,data/processed/train/genuine/original_31_23.png,1,genuine_genuine,31,31
data/processed/train/genuine/original_5_15.png,data/processed/train/genuine/original_5_23.png,1,genuine_genuine,5,5
data/processed/train/genuine/original_30_1.png,data/processed/train/genuine/original_30_19.png,1,genuine_genuine,30,30
data/processed/validation/genuine/original_37_9.png,data/processed/validation/forged/forgeries_37_2.png,0,skilled_forgery,37,37
data/processed/validation/genuine/original_36_2.png,data/processed/train/genuine/original_18_15.png,0,random_forgery,36,18
data/processed/train/genuine/original_4_12.png,data/processed/train/forged/forgeries_4_14.png,0,skilled_forgery,4,4
data/processed/train/genuine/original_1_14.png,data/processed/train/genuine/original_1_19.png,1,genuine_genuine,1,1
data/processed/train/genuine/original_35_8.png,data/processed/train/genuine/original_17_19.png,0,random_forgery,35,17
data/processed/validation/genuine/original_40_22.png,data/processed/validation/genuine/original_40_24.png,1,genuine_genuine,40,40
data/processed/train/genuine/original_4_18.png,data/processed/train/genuine/original_1_7.png,0,random_forgery,4,1
data/processed/train/genuine/original_14_23.png,data/processed/train/forged/forgeries_14_12.png,0,skilled_forgery,14,14
data/processed/validation/genuine/original_39_3.png,data/processed/validation/genuine/original_39_7.png,1,genuine_genuine,39,39
data/processed/train/genuine/original_17_9.png,data/processed/train/forged/forgeries_17_6.png,0,skilled_forgery,17,17
data/processed/train/genuine/original_8_14.png,data/processed/train/genuine/original_8_3.png,1,genuine_genuine,8,8
data/processed/train/genuine/original_17_10.png,data/processed/train/genuine/original_17_6.png,1,genuine_genuine,17,17
data/processed/train/genuine/original_7_17.png,data/processed/train/genuine/original_7_4.png,1,genuine_genuine,7,7
data/processed/validation/genuine/original_41_11.png,data/processed/validation/genuine/original_41_16.png,1,genuine_genuine,41,41
data/processed/train/genuine/original_3_15.png,data/processed/train/genuine/original_32_14.png,0,random_forgery,3,32
data/processed/validation/genuine/original_42_18.png,data/processed/validation/genuine/original_42_2.png,1,genuine_genuine,42,42
data/processed/train/genuine/original_30_7.png,data/processed/train/genuine/original_7_6.png,0,random_forgery,30,7
data/processed/train/genuine/original_31_23.png,data/processed/train/genuine/original_9_15.png,0,random_forgery,31,9
data/processed/validation/genuine/original_36_21.png,data/processed/validation/forged/forgeries_36_16.png,0,skilled_forgery,36,36
data/processed/validation/genuine/original_38_23.png,data/processed/validation/genuine/original_38_3.png,1,genuine_genuine,38,38
data/processed/train/genuine/original_28_22.png,data/processed/train/forged/forgeries_28_16.png,0,skilled_forgery,28,28
data/processed/train/genuine/original_15_15.png,data/processed/train/genuine/original_15_4.png,1,genuine_genuine,15,15
data/processed/train/genuine/original_17_18.png,data/processed/train/genuine/original_17_23.png,1,genuine_genuine,17,17
data/processed/train/genuine/original_33_6.png,data/processed/train/genuine/original_18_6.png,0,random_forgery,33,18
data/processed/validation/genuine/original_42_7.png,data/processed/validation/genuine/original_42_8.png,1,genuine_genuine,42,42
data/processed/train/genuine/original_13_14.png,data/processed/train/genuine/original_13_7.png,1,genuine_genuine,13,13
data/processed/train/genuine/original_2_19.png,data/processed/train/genuine/original_14_9.png,0,random_forgery,2,14
data/processed/train/genuine/original_29_15.png,data/processed/validation/genuine/original_42_14.png,0,random_forgery,29,42
data/processed/validation/genuine/original_38_6.png,data/processed/validation/forged/forgeries_38_20.png,0,skilled_forgery,38,38
data/processed/train/genuine/original_4_17.png,data/processed/train/genuine/original_4_24.png,1,genuine_genuine,4,4
data/processed/train/genuine/original_11_17.png,data/processed/train/genuine/original_2_23.png,0,random_forgery,11,2
data/processed/train/genuine/original_17_1.png,data/processed/train/genuine/original_17_24.png,1,genuine_genuine,17,17
data/processed/validation/genuine/original_41_8.png,data/processed/validation/forged/forgeries_41_22.png,0,skilled_forgery,41,41
data/processed/train/genuine/original_6_20.png,data/processed/train/genuine/original_6_3.png,1,genuine_genuine,6,6
data/processed/validation/genuine/original_43_11.png,data/processed/validation/forged/forgeries_43_19.png,0,skilled_forgery,43,43
data/processed/train/genuine/original_11_15.png,data/processed/train/genuine/original_11_18.png,1,genuine_genuine,11,11
data/processed/train/genuine/original_14_1.png,data/processed/train/forged/forgeries_14_23.png,0,skilled_forgery,14,14
data/processed/train/genuine/original_11_12.png,data/processed/train/genuine/original_11_21.png,1,genuine_genuine,11,11
data/processed/validation/genuine/original_37_10.png,data/processed/validation/forged/forgeries_37_1.png,0,skilled_forgery,37,37
data/processed/train/genuine/original_4_19.png,data/processed/train/genuine/original_4_23.png,1,genuine_genuine,4,4
data/processed/train/genuine/original_11_17.png,data/processed/train/genuine/original_11_5.png,1,genuine_genuine,11,11
data/processed/train/genuine/original_8_19.png,data/processed/train/genuine/original_18_18.png,0,random_forgery,8,18
data/processed/train/genuine/original_2_7.png,data/processed/train/genuine/original_28_14.png,0,random_forgery,2,28
data/processed/train/genuine/original_28_4.png,data/processed/train/genuine/original_13_6.png,0,random_forgery,28,13
data/processed/train/genuine/original_17_2.png,data/processed/train/genuine/original_17_6.png,1,genuine_genuine,17,17
data/processed/train/genuine/original_30_12.png,data/processed/train/genuine/original_30_20.png,1,genuine_genuine,30,30
data/processed/train/genuine/original_31_20.png,data/processed/train/genuine/original_31_5.png,1,genuine_genuine,31,31
data/processed/validation/genuine/original_37_20.png,data/processed/train/genuine/original_13_3.png,0,random_forgery,37,13
data/processed/train/genuine/original_14_18.png,data/processed/train/genuine/original_14_7.png,1,genuine_genuine,14,14
data/processed/train/genuine/original_10_21.png,data/processed/train/genuine/original_10_23.png,1,genuine_genuine,10,10
data/processed/validation/genuine/original_44_22.png,data/processed/validation/genuine/original_44_3.png,1,genuine_genuine,44,44
data/processed/train/genuine/original_15_12.png,data/processed/train/forged/forgeries_15_11.png,0,skilled_forgery,15,15
data/processed/train/genuine/original_18_11.png,data/processed/train/forged/forgeries_18_18.png,0,skilled_forgery,18,18
data/processed/validation/genuine/original_36_14.png,data/processed/validation/genuine/original_36_4.png,1,genuine_genuine,36,36
data/processed/validation/genuine/original_37_4.png,data/processed/validation/genuine/original_44_23.png,0,random_forgery,37,44
data/processed/train/genuine/original_11_13.png,data/processed/train/genuine/original_11_21.png,1,genuine_genuine,11,11
data/processed/train/genuine/original_4_2.png,data/processed/train/genuine/original_4_3.png,1,genuine_genuine,4,4
data/processed/train/genuine/original_4_18.png,data/processed/train/genuine/original_4_9.png,1,genuine_genuine,4,4
data/processed/train/genuine/original_31_18.png,data/processed/train/genuine/original_31_8.png,1,genuine_genuine,31,31
data/processed/train/genuine/original_8_17.png,data/processed/train/genuine/original_8_21.png,1,genuine_genuine,8,8
data/processed/train/genuine/original_35_24.png,data/processed/train/genuine/original_35_5.png,1,genuine_genuine,35,35
data/processed/train/genuine/original_5_21.png,data/processed/train/genuine/original_5_3.png,1,genuine_genuine,5,5
data/processed/train/genuine/original_6_11.png,data/processed/train/genuine/original_6_13.png,1,genuine_genuine,6,6
data/processed/train/genuine/original_7_14.png,data/processed/train/genuine/original_7_16.png,1,genuine_genuine,7,7
data/processed/train/genuine/original_5_1.png,data/processed/train/genuine/original_5_9.png,1,genuine_genuine,5,5
data/processed/validation/genuine/original_42_1.png,data/processed/validation/forged/forgeries_42_4.png,0,skilled_forgery,42,42
data/processed/train/genuine/original_13_1.png,data/processed/train/genuine/original_13_7.png,1,genuine_genuine,13,13
data/processed/train/genuine/original_34_8.png,data/processed/train/forged/forgeries_34_4.png,0,skilled_forgery,34,34
data/processed/validation/genuine/original_42_13.png,data/processed/validation/genuine/original_42_9.png,1,genuine_genuine,42,42
data/processed/validation/genuine/original_41_15.png,data/processed/train/genuine/original_32_1.png,0,random_forgery,41,32
data/processed/train/genuine/original_28_12.png,data/processed/train/genuine/original_28_17.png,1,genuine_genuine,28,28
data/processed/validation/genuine/original_38_6.png,data/processed/validation/genuine/original_38_8.png,1,genuine_genuine,38,38
data/processed/train/genuine/original_18_6.png,data/processed/train/forged/forgeries_18_4.png,0,skilled_forgery,18,18
data/processed/train/genuine/original_1_1.png,data/processed/train/genuine/original_33_7.png,0,random_forgery,1,33
data/processed/train/genuine/original_1_1.png,data/processed/train/genuine/original_1_17.png,1,genuine_genuine,1,1
data/processed/train/genuine/original_30_19.png,data/processed/train/genuine/original_30_22.png,1,genuine_genuine,30,30
data/processed/validation/genuine/original_44_15.png,data/processed/validation/genuine/original_44_4.png,1,genuine_genuine,44,44
data/processed/train/genuine/original_34_16.png,data/processed/train/forged/forgeries_34_13.png,0,skilled_forgery,34,34
data/processed/train/genuine/original_10_14.png,data/processed/train/genuine/original_10_6.png,1,genuine_genuine,10,10
data/processed/train/genuine/original_16_6.png,data/processed/train/forged/forgeries_16_3.png,0,skilled_forgery,16,16
data/processed/validation/genuine/original_39_19.png,data/processed/validation/genuine/original_39_21.png,1,genuine_genuine,39,39
data/processed/train/genuine/original_10_1.png,data/processed/train/forged/forgeries_10_15.png,0,skilled_forgery,10,10
data/processed/validation/genuine/original_43_21.png,data/processed/validation/genuine/original_43_7.png,1,genuine_genuine,43,43
data/processed/train/genuine/original_28_18.png,data/processed/train/genuine/original_28_2.png,1,genuine_genuine,28,28
data/processed/train/genuine/original_33_13.png,data/processed/train/forged/forgeries_33_17.png,0,skilled_forgery,33,33
data/processed/train/genuine/original_1_18.png,data/processed/train/genuine/original_1_3.png,1,genuine_genuine,1,1
data/processed/train/genuine/original_1_20.png,data/processed/train/genuine/original_1_5.png,1,genuine_genuine,1,1
data/processed/train/genuine/original_9_1.png,data/processed/train/genuine/original_30_2.png,0,random_forgery,9,30
data/processed/train/genuine/original_16_8.png,data/processed/train/genuine/original_34_16.png,0,random_forgery,16,34
data/processed/validation/genuine/original_40_10.png,data/processed/validation/genuine/original_40_23.png,1,genuine_genuine,40,40
data/processed/train/genuine/original_30_3.png,data/processed/train/forged/forgeries_30_7.png,0,skilled_forgery,30,30
data/processed/train/genuine/original_4_17.png,data/processed/train/genuine/original_4_20.png,1,genuine_genuine,4,4
data/processed/train/genuine/original_1_1.png,data/processed/train/genuine/original_32_3.png,0,random_forgery,1,32
data/processed/train/genuine/original_4_15.png,data/processed/train/genuine/original_4_8.png,1,genuine_genuine,4,4
data/processed/train/genuine/original_4_8.png,data/processed/train/forged/forgeries_4_17.png,0,skilled_forgery,4,4
data/processed/train/genuine/original_13_10.png,data/processed/train/forged/forgeries_13_9.png,0,skilled_forgery,13,13
data/processed/train/genuine/original_18_17.png,data/processed/train/genuine/original_18_3.png,1,genuine_genuine,18,18
data/processed/train/genuine/original_13_2.png,data/processed/train/genuine/original_13_21.png,1,genuine_genuine,13,13
data/processed/train/genuine/original_10_16.png,data/processed/train/genuine/original_29_23.png,0,random_forgery,10,29
data/processed/train/genuine/original_31_2.png,data/processed/train/genuine/original_31_4.png,1,genuine_genuine,31,31
data/processed/train/genuine/original_1_6.png,data/processed/validation/genuine/original_43_6.png,0,random_forgery,1,43
data/processed/train/genuine/original_9_23.png,data/processed/train/genuine/original_9_8.png,1,genuine_genuine,9,9
data/processed/train/genuine/original_30_24.png,data/processed/train/forged/forgeries_30_24.png,0,skilled_forgery,30,30
data/processed/train/genuine/original_5_17.png,data/processed/train/genuine/original_5_5.png,1,genuine_genuine,5,5
data/processed/train/genuine/original_18_21.png,data/processed/train/genuine/original_18_5.png,1,genuine_genuine,18,18
data/processed/train/genuine/original_17_19.png,data/processed/train/forged/forgeries_17_19.png,0,skilled_forgery,17,17
data/processed/train/genuine/original_15_20.png,data/processed/train/genuine/original_32_14.png,0,random_forgery,15,32
data/processed/train/genuine/original_35_13.png,data/processed/train/forged/forgeries_35_21.png,0,skilled_forgery,35,35
data/processed/train/genuine/original_34_13.png,data/processed/train/genuine/original_34_9.png,1,genuine_genuine,34,34
data/processed/train/genuine/original_15_16.png,data/processed/train/genuine/original_2_11.png,0,random_forgery,15,2
data/processed/train/genuine/original_6_13.png,data/processed/train/forged/forgeries_6_23.png,0,skilled_forgery,6,6
data/processed/train/genuine/original_34_1.png,data/processed/train/forged/forgeries_34_7.png,0,skilled_forgery,34,34
data/processed/train/genuine/original_7_22.png,data/processed/train/genuine/original_7_3.png,1,genuine_genuine,7,7
data/processed/train/genuine/original_11_22.png,data/processed/train/genuine/original_3_12.png,0,random_forgery,11,3
data/processed/validation/genuine/original_44_14.png,data/processed/validation/genuine/original_44_18.png,1,genuine_genuine,44,44
data/processed/train/genuine/original_28_24.png,data/processed/train/forged/forgeries_28_11.png,0,skilled_forgery,28,28
data/processed/train/genuine/original_7_18.png,data/processed/train/genuine/original_7_6.png,1,genuine_genuine,7,7
data/processed/train/genuine/original_2_20.png,data/processed/train/genuine/original_2_9.png,1,genuine_genuine,2,2
data/processed/validation/genuine/original_45_13.png,data/processed/validation/genuine/original_45_15.png,1,genuine_genuine,45,45
data/processed/validation/genuine/original_38_22.png,data/processed/train/genuine/original_13_2.png,0,random_forgery,38,13
data/processed/validation/genuine/original_41_23.png,data/processed/validation/genuine/original_41_6.png,1,genuine_genuine,41,41
data/processed/validation/genuine/original_38_11.png,data/processed/validation/genuine/original_38_18.png,1,genuine_genuine,38,38
data/processed/validation/genuine/original_45_18.png,data/processed/validation/genuine/original_45_24.png,1,genuine_genuine,45,45
data/processed/train/genuine/original_29_11.png,data/processed/train/genuine/original_29_3.png,1,genuine_genuine,29,29
data/processed/train/genuine/original_14_13.png,data/processed/train/forged/forgeries_14_18.png,0,skilled_forgery,14,14
data/processed/train/genuine/original_5_14.png,data/processed/train/genuine/original_5_20.png,1,genuine_genuine,5,5
data/processed/train/genuine/original_7_11.png,data/processed/train/genuine/original_29_7.png,0,random_forgery,7,29
data/processed/validation/genuine/original_36_1.png,data/processed/validation/genuine/original_45_10.png,0,random_forgery,36,45
data/processed/validation/genuine/original_39_10.png,data/processed/train/genuine/original_1_24.png,0,random_forgery,39,1
data/processed/train/genuine/original_14_2.png,data/processed/train/genuine/original_14_21.png,1,genuine_genuine,14,14
data/processed/train/genuine/original_35_16.png,data/processed/train/genuine/original_35_5.png,1,genuine_genuine,35,35
data/processed/train/genuine/original_34_15.png,data/processed/train/forged/forgeries_34_16.png,0,skilled_forgery,34,34
data/processed/validation/genuine/original_40_1.png,data/processed/validation/genuine/original_40_16.png,1,genuine_genuine,40,40
data/processed/train/genuine/original_12_10.png,data/processed/train/genuine/original_16_24.png,0,random_forgery,12,16
data/processed/train/genuine/original_5_3.png,data/processed/train/forged/forgeries_5_17.png,0,skilled_forgery,5,5
data/processed/train/genuine/original_30_14.png,data/processed/train/genuine/original_30_24.png,1,genuine_genuine,30,30
data/processed/validation/genuine/original_37_21.png,data/processed/validation/genuine/original_37_24.png,1,genuine_genuine,37,37
data/processed/validation/genuine/original_38_17.png,data/processed/validation/forged/forgeries_38_15.png,0,skilled_forgery,38,38
data/processed/train/genuine/original_31_8.png,data/processed/train/genuine/original_5_8.png,0,random_forgery,31,5
data/processed/train/genuine/original_28_22.png,data/processed/train/genuine/original_6_18.png,0,random_forgery,28,6
data/processed/train/genuine/original_1_15.png,data/processed/train/genuine/original_1_2.png,1,genuine_genuine,1,1
data/processed/train/genuine/original_12_2.png,data/processed/train/genuine/original_12_9.png,1,genuine_genuine,12,12
data/processed/validation/genuine/original_38_1.png,data/processed/validation/genuine/original_38_20.png,1,genuine_genuine,38,38
data/processed/train/genuine/original_10_8.png,data/processed/train/forged/forgeries_10_8.png,0,skilled_forgery,10,10
data/processed/validation/genuine/original_39_14.png,data/processed/validation/genuine/original_39_20.png,1,genuine_genuine,39,39
data/processed/train/genuine/original_14_22.png,data/processed/train/genuine/original_14_24.png,1,genuine_genuine,14,14
data/processed/train/genuine/original_16_3.png,data/processed/train/forged/forgeries_16_7.png,0,skilled_forgery,16,16
data/processed/train/genuine/original_9_20.png,data/processed/train/genuine/original_9_9.png,1,genuine_genuine,9,9
data/processed/train/genuine/original_6_16.png,data/processed/train/genuine/original_6_18.png,1,genuine_genuine,6,6
data/processed/train/genuine/original_33_12.png,data/processed/train/genuine/original_33_17.png,1,genuine_genuine,33,33
data/processed/validation/genuine/original_43_1.png,data/processed/validation/genuine/original_43_24.png,1,genuine_genuine,43,43
data/processed/validation/genuine/original_44_24.png,data/processed/validation/genuine/original_44_6.png,1,genuine_genuine,44,44
data/processed/validation/genuine/original_36_11.png,data/processed/validation/genuine/original_36_20.png,1,genuine_genuine,36,36
data/processed/validation/genuine/original_38_14.png,data/processed/validation/genuine/original_38_18.png,1,genuine_genuine,38,38
data/processed/train/genuine/original_31_2.png,data/processed/train/genuine/original_31_3.png,1,genuine_genuine,31,31
data/processed/train/genuine/original_5_24.png,data/processed/train/forged/forgeries_5_16.png,0,skilled_forgery,5,5
data/processed/validation/genuine/original_42_13.png,data/processed/validation/forged/forgeries_42_23.png,0,skilled_forgery,42,42
data/processed/train/genuine/original_17_17.png,data/processed/train/genuine/original_17_7.png,1,genuine_genuine,17,17
data/processed/train/genuine/original_1_24.png,data/processed/validation/genuine/original_45_17.png,0,random_forgery,1,45
data/processed/train/genuine/original_18_17.png,data/processed/train/genuine/original_18_2.png,1,genuine_genuine,18,18
data/processed/validation/genuine/original_36_5.png,data/processed/train/genuine/original_34_3.png,0,random_forgery,36,34
data/processed/validation/genuine/original_37_16.png,data/processed/validation/forged/forgeries_37_19.png,0,skilled_forgery,37,37
data/processed/train/genuine/original_15_8.png,data/processed/train/forged/forgeries_15_24.png,0,skilled_forgery,15,15
data/processed/train/genuine/original_16_21.png,data/processed/train/genuine/original_16_4.png,1,genuine_genuine,16,16
data/processed/train/genuine/original_2_18.png,data/processed/train/genuine/original_2_24.png,1,genuine_genuine,2,2
data/processed/validation/genuine/original_36_17.png,data/processed/validation/forged/forgeries_36_18.png,0,skilled_forgery,36,36
data/processed/validation/genuine/original_45_5.png,data/processed/validation/genuine/original_45_6.png,1,genuine_genuine,45,45
data/processed/train/genuine/original_35_12.png,data/processed/train/forged/forgeries_35_21.png,0,skilled_forgery,35,35
data/processed/validation/genuine/original_36_19.png,data/processed/validation/forged/forgeries_36_5.png,0,skilled_forgery,36,36
data/processed/train/genuine/original_18_22.png,data/processed/train/forged/forgeries_18_10.png,0,skilled_forgery,18,18
data/processed/validation/genuine/original_44_21.png,data/processed/validation/genuine/original_44_6.png,1,genuine_genuine,44,44
data/processed/validation/genuine/original_38_16.png,data/processed/validation/genuine/original_38_2.png,1,genuine_genuine,38,38
data/processed/train/genuine/original_8_18.png,data/processed/train/forged/forgeries_8_15.png,0,skilled_forgery,8,8
data/processed/train/genuine/original_6_14.png,data/processed/train/forged/forgeries_6_1.png,0,skilled_forgery,6,6
data/processed/train/genuine/original_10_23.png,data/processed/train/genuine/original_10_5.png,1,genuine_genuine,10,10
data/processed/train/genuine/original_31_13.png,data/processed/train/genuine/original_31_16.png,1,genuine_genuine,31,31
data/processed/train/genuine/original_2_12.png,data/processed/train/genuine/original_2_21.png,1,genuine_genuine,2,2
data/processed/validation/genuine/original_43_1.png,data/processed/validation/genuine/original_43_19.png,1,genuine_genuine,43,43
data/processed/train/genuine/original_13_14.png,data/processed/train/genuine/original_13_2.png,1,genuine_genuine,13,13
data/processed/train/genuine/original_29_16.png,data/processed/train/genuine/original_29_23.png,1,genuine_genuine,29,29
data/processed/train/genuine/original_8_22.png,data/processed/train/genuine/original_8_8.png,1,genuine_genuine,8,8
data/processed/validation/genuine/original_42_1.png,data/processed/validation/genuine/original_42_20.png,1,genuine_genuine,42,42
data/processed/validation/genuine/original_40_2.png,data/processed/validation/genuine/original_40_7.png,1,genuine_genuine,40,40
data/processed/train/genuine/original_8_15.png,data/processed/train/genuine/original_8_4.png,1,genuine_genuine,8,8
data/processed/train/genuine/original_4_21.png,data/processed/train/genuine/original_4_4.png,1,genuine_genuine,4,4
data/processed/train/genuine/original_32_5.png,data/processed/train/forged/forgeries_32_13.png,0,skilled_forgery,32,32
data/processed/validation/genuine/original_38_14.png,data/processed/train/genuine/original_17_21.png,0,random_forgery,38,17
data/processed/validation/genuine/original_36_13.png,data/processed/validation/genuine/original_36_2.png,1,genuine_genuine,36,36
data/processed/train/genuine/original_4_15.png,data/processed/train/genuine/original_4_9.png,1,genuine_genuine,4,4
data/processed/train/genuine/original_15_12.png,data/processed/train/forged/forgeries_15_19.png,0,skilled_forgery,15,15
data/processed/validation/genuine/original_43_14.png,data/processed/validation/genuine/original_43_9.png,1,genuine_genuine,43,43
data/processed/validation/genuine/original_36_14.png,data/processed/train/genuine/original_9_10.png,0,random_forgery,36,9
data/processed/validation/genuine/original_37_13.png,data/processed/validation/genuine/original_37_24.png,1,genuine_genuine,37,37
data/processed/train/genuine/original_3_2.png,data/processed/train/genuine/original_3_22.png,1,genuine_genuine,3,3
data/processed/train/genuine/original_35_12.png,data/processed/train/genuine/original_35_3.png,1,genuine_genuine,35,35
data/processed/validation/genuine/original_44_3.png,data/processed/validation/forged/forgeries_44_18.png,0,skilled_forgery,44,44
data/processed/train/genuine/original_1_15.png,data/processed/train/genuine/original_1_5.png,1,genuine_genuine,1,1
data/processed/train/genuine/original_15_16.png,data/processed/validation/genuine/original_36_5.png,0,random_forgery,15,36
data/processed/train/genuine/original_6_17.png,data/processed/train/genuine/original_13_14.png,0,random_forgery,6,13
data/processed/train/genuine/original_7_15.png,data/processed/train/forged/forgeries_7_13.png,0,skilled_forgery,7,7
data/processed/train/genuine/original_16_8.png,data/processed/train/forged/forgeries_16_15.png,0,skilled_forgery,16,16
data/processed/validation/genuine/original_36_24.png,data/processed/validation/forged/forgeries_36_2.png,0,skilled_forgery,36,36
data/processed/train/genuine/original_18_1.png,data/processed/train/genuine/original_18_3.png,1,genuine_genuine,18,18
data/processed/train/genuine/original_33_13.png,data/processed/train/genuine/original_33_8.png,1,genuine_genuine,33,33
data/processed/train/genuine/original_34_12.png,data/processed/train/forged/forgeries_34_2.png,0,skilled_forgery,34,34
data/processed/train/genuine/original_17_2.png,data/processed/train/forged/forgeries_17_12.png,0,skilled_forgery,17,17
data/processed/validation/genuine/original_44_11.png,data/processed/validation/genuine/original_44_24.png,1,genuine_genuine,44,44
data/processed/train/genuine/original_16_1.png,data/processed/train/genuine/original_16_20.png,1,genuine_genuine,16,16
data/processed/train/genuine/original_10_1.png,data/processed/train/genuine/original_10_24.png,1,genuine_genuine,10,10
data/processed/validation/genuine/original_45_11.png,data/processed/validation/genuine/original_45_16.png,1,genuine_genuine,45,45
data/processed/validation/genuine/original_45_3.png,data/processed/validation/genuine/original_45_8.png,1,genuine_genuine,45,45
data/processed/train/genuine/original_34_11.png,data/processed/train/genuine/original_34_17.png,1,genuine_genuine,34,34
data/processed/train/genuine/original_6_23.png,data/processed/train/genuine/original_6_7.png,1,genuine_genuine,6,6
data/processed/train/genuine/original_1_16.png,data/processed/train/forged/forgeries_1_24.png,0,skilled_forgery,1,1
data/processed/train/genuine/original_3_19.png,data/processed/train/forged/forgeries_3_15.png,0,skilled_forgery,3,3
data/processed/validation/genuine/original_38_22.png,data/processed/validation/genuine/original_38_7.png,1,genuine_genuine,38,38
data/processed/train/genuine/original_28_14.png,data/processed/train/genuine/original_28_22.png,1,genuine_genuine,28,28
data/processed/validation/genuine/original_36_2.png,data/processed/train/genuine/original_35_6.png,0,random_forgery,36,35
data/processed/train/genuine/original_5_4.png,data/processed/train/genuine/original_5_7.png,1,genuine_genuine,5,5
data/processed/train/genuine/original_7_16.png,data/processed/train/forged/forgeries_7_24.png,0,skilled_forgery,7,7
data/processed/train/genuine/original_35_3.png,data/processed/train/forged/forgeries_35_1.png,0,skilled_forgery,35,35
data/processed/train/genuine/original_6_13.png,data/processed/train/genuine/original_6_22.png,1,genuine_genuine,6,6
data/processed/train/genuine/original_3_3.png,data/processed/validation/genuine/original_38_16.png,0,random_forgery,3,38
data/processed/train/genuine/original_17_18.png,data/processed/train/genuine/original_17_21.png,1,genuine_genuine,17,17
data/processed/train/genuine/original_5_20.png,data/processed/train/forged/forgeries_5_16.png,0,skilled_forgery,5,5
data/processed/validation/genuine/original_42_18.png,data/processed/validation/forged/forgeries_42_14.png,0,skilled_forgery,42,42
data/processed/train/genuine/original_16_10.png,data/processed/train/forged/forgeries_16_20.png,0,skilled_forgery,16,16
data/processed/train/genuine/original_1_17.png,data/processed/train/genuine/original_1_24.png,1,genuine_genuine,1,1
data/processed/train/genuine/original_29_16.png,data/processed/train/genuine/original_29_7.png,1,genuine_genuine,29,29
data/processed/train/genuine/original_17_21.png,data/processed/train/genuine/original_17_24.png,1,genuine_genuine,17,17
data/processed/validation/genuine/original_37_15.png,data/processed/validation/genuine/original_37_5.png,1,genuine_genuine,37,37
data/processed/train/genuine/original_16_23.png,data/processed/train/forged/forgeries_16_14.png,0,skilled_forgery,16,16
data/processed/validation/genuine/original_45_24.png,data/processed/validation/forged/forgeries_45_24.png,0,skilled_forgery,45,45
data/processed/train/genuine/original_5_21.png,data/processed/train/genuine/original_5_24.png,1,genuine_genuine,5,5
data/processed/train/genuine/original_7_18.png,data/processed/train/genuine/original_7_20.png,1,genuine_genuine,7,7
data/processed/train/genuine/original_9_16.png,data/processed/train/genuine/original_9_21.png,1,genuine_genuine,9,9
data/processed/validation/genuine/original_39_15.png,data/processed/validation/genuine/original_39_21.png,1,genuine_genuine,39,39
data/processed/validation/genuine/original_43_2.png,data/processed/validation/genuine/original_43_9.png,1,genuine_genuine,43,43
data/processed/train/genuine/original_29_15.png,data/processed/train/genuine/original_29_22.png,1,genuine_genuine,29,29
data/processed/train/genuine/original_8_16.png,data/processed/train/genuine/original_8_22.png,1,genuine_genuine,8,8
data/processed/train/genuine/original_15_15.png,data/processed/train/genuine/original_15_6.png,1,genuine_genuine,15,15
data/processed/train/genuine/original_12_18.png,data/processed/train/genuine/original_12_23.png,1,genuine_genuine,12,12
data/processed/train/genuine/original_15_16.png,data/processed/train/genuine/original_15_20.png,1,genuine_genuine,15,15
data/processed/train/genuine/original_9_24.png,data/processed/train/genuine/original_29_22.png,0,random_forgery,9,29
data/processed/validation/genuine/original_36_3.png,data/processed/validation/forged/forgeries_36_4.png,0,skilled_forgery,36,36
data/processed/train/genuine/original_14_5.png,data/processed/train/forged/forgeries_14_23.png,0,skilled_forgery,14,14
data/processed/train/genuine/original_29_11.png,data/processed/validation/genuine/original_43_17.png,0,random_forgery,29,43
data/processed/train/genuine/original_14_10.png,data/processed/train/genuine/original_14_24.png,1,genuine_genuine,14,14
data/processed/validation/genuine/original_42_17.png,data/processed/validation/genuine/original_42_6.png,1,genuine_genuine,42,42
data/processed/train/genuine/original_30_12.png,data/processed/train/forged/forgeries_30_3.png,0,skilled_forgery,30,30
data/processed/train/genuine/original_14_3.png,data/processed/train/forged/forgeries_14_21.png,0,skilled_forgery,14,14
data/processed/train/genuine/original_17_11.png,data/processed/train/genuine/original_17_3.png,1,genuine_genuine,17,17
data/processed/train/genuine/original_34_15.png,data/processed/train/genuine/original_34_19.png,1,genuine_genuine,34,34
data/processed/train/genuine/original_17_2.png,data/processed/train/forged/forgeries_17_24.png,0,skilled_forgery,17,17
data/processed/train/genuine/original_15_1.png,data/processed/train/forged/forgeries_15_11.png,0,skilled_forgery,15,15
data/processed/validation/genuine/original_45_8.png,data/processed/validation/forged/forgeries_45_23.png,0,skilled_forgery,45,45
data/processed/train/genuine/original_13_12.png,data/processed/train/genuine/original_13_24.png,1,genuine_genuine,13,13
data/processed/train/genuine/original_10_15.png,data/processed/train/genuine/original_10_8.png,1,genuine_genuine,10,10
data/processed/train/genuine/original_34_2.png,data/processed/train/genuine/original_34_21.png,1,genuine_genuine,34,34
data/processed/train/genuine/original_2_12.png,data/processed/train/genuine/original_2_3.png,1,genuine_genuine,2,2
data/processed/validation/genuine/original_41_20.png,data/processed/train/genuine/original_7_22.png,0,random_forgery,41,7
data/processed/train/genuine/original_17_2.png,data/processed/train/genuine/original_17_21.png,1,genuine_genuine,17,17
data/processed/train/genuine/original_9_12.png,data/processed/train/genuine/original_9_22.png,1,genuine_genuine,9,9
data/processed/train/genuine/original_35_12.png,data/processed/train/genuine/original_35_14.png,1,genuine_genuine,35,35
data/processed/train/genuine/original_33_12.png,data/processed/train/genuine/original_32_24.png,0,random_forgery,33,32
data/processed/train/genuine/original_30_10.png,data/processed/train/forged/forgeries_30_2.png,0,skilled_forgery,30,30
data/processed/validation/genuine/original_41_19.png,data/processed/validation/forged/forgeries_41_12.png,0,skilled_forgery,41,41
data/processed/train/genuine/original_34_21.png,data/processed/train/genuine/original_34_24.png,1,genuine_genuine,34,34
data/processed/train/genuine/original_13_1.png,data/processed/train/genuine/original_13_12.png,1,genuine_genuine,13,13
data/processed/train/genuine/original_18_4.png,data/processed/train/forged/forgeries_18_11.png,0,skilled_forgery,18,18
data/processed/validation/genuine/original_37_17.png,data/processed/validation/genuine/original_37_5.png,1,genuine_genuine,37,37
data/processed/validation/genuine/original_39_14.png,data/processed/validation/genuine/original_39_18.png,1,genuine_genuine,39,39
data/processed/train/genuine/original_31_14.png,data/processed/train/genuine/original_31_23.png,1,genuine_genuine,31,31
data/processed/train/genuine/original_32_11.png,data/processed/train/genuine/original_32_5.png,1,genuine_genuine,32,32
data/processed/train/genuine/original_18_4.png,data/processed/train/genuine/original_18_5.png,1,genuine_genuine,18,18
data/processed/train/genuine/original_9_22.png,data/processed/train/forged/forgeries_9_18.png,0,skilled_forgery,9,9
data/processed/train/genuine/original_7_18.png,data/processed/train/genuine/original_13_22.png,0,random_forgery,7,13
data/processed/train/genuine/original_14_21.png,data/processed/train/genuine/original_14_4.png,1,genuine_genuine,14,14
data/processed/train/genuine/original_35_1.png,data/processed/train/forged/forgeries_35_16.png,0,skilled_forgery,35,35
data/processed/train/genuine/original_16_12.png,data/processed/train/genuine/original_16_19.png,1,genuine_genuine,16,16
data/processed/train/genuine/original_10_22.png,data/processed/train/genuine/original_10_8.png,1,genuine_genuine,10,10
data/processed/validation/genuine/original_39_13.png,data/processed/validation/genuine/original_39_15.png,1,genuine_genuine,39,39
data/processed/validation/genuine/original_36_16.png,data/processed/validation/genuine/original_36_24.png,1,genuine_genuine,36,36
data/processed/validation/genuine/original_38_8.png,data/processed/validation/forged/forgeries_38_11.png,0,skilled_forgery,38,38
data/processed/validation/genuine/original_41_4.png,data/processed/validation/forged/forgeries_41_19.png,0,skilled_forgery,41,41
data/processed/train/genuine/original_3_12.png,data/processed/train/genuine/original_3_22.png,1,genuine_genuine,3,3
data/processed/validation/genuine/original_44_5.png,data/processed/train/genuine/original_16_16.png,0,random_forgery,44,16
data/processed/validation/genuine/original_44_12.png,data/processed/validation/genuine/original_44_8.png,1,genuine_genuine,44,44
data/processed/validation/genuine/original_43_14.png,data/processed/validation/genuine/original_43_2.png,1,genuine_genuine,43,43
data/processed/train/genuine/original_7_1.png,data/processed/train/genuine/original_4_20.png,0,random_forgery,7,4
data/processed/validation/genuine/original_43_10.png,data/processed/train/genuine/original_32_15.png,0,random_forgery,43,32
data/processed/validation/genuine/original_41_21.png,data/processed/validation/forged/forgeries_41_21.png,0,skilled_forgery,41,41
data/processed/train/genuine/original_1_14.png,data/processed/train/forged/forgeries_1_14.png,0,skilled_forgery,1,1
data/processed/train/genuine/original_8_15.png,data/processed/train/genuine/original_12_14.png,0,random_forgery,8,12
data/processed/train/genuine/original_12_6.png,data/processed/train/forged/forgeries_12_21.png,0,skilled_forgery,12,12
data/processed/train/genuine/original_17_13.png,data/processed/train/genuine/original_17_21.png,1,genuine_genuine,17,17
data/processed/train/genuine/original_18_12.png,data/processed/train/genuine/original_7_15.png,0,random_forgery,18,7
data/processed/train/genuine/original_31_15.png,data/processed/train/genuine/original_31_4.png,1,genuine_genuine,31,31
data/processed/train/genuine/original_32_9.png,data/processed/train/genuine/original_35_5.png,0,random_forgery,32,35
data/processed/train/genuine/original_8_3.png,data/processed/train/forged/forgeries_8_18.png,0,skilled_forgery,8,8
data/processed/train/genuine/original_33_3.png,data/processed/train/genuine/original_13_18.png,0,random_forgery,33,13
data/processed/train/genuine/original_14_24.png,data/processed/train/genuine/original_14_7.png,1,genuine_genuine,14,14
data/processed/train/genuine/original_2_5.png,data/processed/train/forged/forgeries_2_17.png,0,skilled_forgery,2,2
data/processed/train/genuine/original_32_18.png,data/processed/train/genuine/original_32_22.png,1,genuine_genuine,32,32
data/processed/train/genuine/original_15_18.png,data/processed/train/genuine/original_32_12.png,0,random_forgery,15,32
data/processed/train/genuine/original_34_9.png,data/processed/train/forged/forgeries_34_8.png,0,skilled_forgery,34,34
data/processed/validation/genuine/original_41_12.png,data/processed/validation/genuine/original_41_15.png,1,genuine_genuine,41,41
data/processed/train/genuine/original_12_21.png,data/processed/train/genuine/original_12_23.png,1,genuine_genuine,12,12
data/processed/train/genuine/original_4_20.png,data/processed/train/genuine/original_15_4.png,0,random_forgery,4,15
data/processed/validation/genuine/original_37_14.png,data/processed/validation/genuine/original_37_17.png,1,genuine_genuine,37,37
data/processed/train/genuine/original_15_3.png,data/processed/train/genuine/original_15_5.png,1,genuine_genuine,15,15
data/processed/train/genuine/original_8_7.png,data/processed/train/forged/forgeries_8_2.png,0,skilled_forgery,8,8
data/processed/validation/genuine/original_41_16.png,data/processed/validation/genuine/original_41_6.png,1,genuine_genuine,41,41
data/processed/validation/genuine/original_40_5.png,data/processed/train/genuine/original_13_7.png,0,random_forgery,40,13
data/processed/train/genuine/original_9_17.png,data/processed/train/genuine/original_9_24.png,1,genuine_genuine,9,9
data/processed/validation/genuine/original_45_10.png,data/processed/validation/genuine/original_45_9.png,1,genuine_genuine,45,45
data/processed/train/genuine/original_8_11.png,data/processed/train/forged/forgeries_8_13.png,0,skilled_forgery,8,8
data/processed/train/genuine/original_4_19.png,data/processed/train/genuine/original_4_3.png,1,genuine_genuine,4,4
data/processed/train/genuine/original_7_10.png,data/processed/train/genuine/original_7_21.png,1,genuine_genuine,7,7
data/processed/validation/genuine/original_43_8.png,data/processed/validation/forged/forgeries_43_17.png,0,skilled_forgery,43,43
data/processed/validation/genuine/original_42_21.png,data/processed/validation/forged/forgeries_42_20.png,0,skilled_forgery,42,42
data/processed/train/genuine/original_30_23.png,data/processed/train/genuine/original_30_24.png,1,genuine_genuine,30,30
data/processed/validation/genuine/original_42_3.png,data/processed/validation/forged/forgeries_42_5.png,0,skilled_forgery,42,42
data/processed/train/genuine/original_2_19.png,data/processed/train/genuine/original_2_23.png,1,genuine_genuine,2,2
data/processed/train/genuine/original_16_11.png,data/processed/train/genuine/original_16_20.png,1,genuine_genuine,16,16
data/processed/train/genuine/original_17_14.png,data/processed/train/genuine/original_3_22.png,0,random_forgery,17,3
data/processed/validation/genuine/original_41_6.png,data/processed/validation/forged/forgeries_41_14.png,0,skilled_forgery,41,41
data/processed/validation/genuine/original_36_17.png,data/processed/validation/forged/forgeries_36_17.png,0,skilled_forgery,36,36
data/processed/validation/genuine/original_38_16.png,data/processed/validation/forged/forgeries_38_7.png,0,skilled_forgery,38,38
data/processed/train/genuine/original_8_3.png,data/processed/train/genuine/original_10_18.png,0,random_forgery,8,10
data/processed/train/genuine/original_14_2.png,data/processed/train/genuine/original_14_4.png,1,genuine_genuine,14,14
data/processed/validation/genuine/original_37_3.png,data/processed/validation/genuine/original_37_6.png,1,genuine_genuine,37,37
data/processed/train/genuine/original_31_12.png,data/processed/train/genuine/original_31_5.png,1,genuine_genuine,31,31
data/processed/train/genuine/original_30_12.png,data/processed/train/genuine/original_30_22.png,1,genuine_genuine,30,30
data/processed/validation/genuine/original_42_1.png,data/processed/train/genuine/original_31_11.png,0,random_forgery,42,31
data/processed/train/genuine/original_34_13.png,data/processed/train/genuine/original_13_19.png,0,random_forgery,34,13
data/processed/train/genuine/original_29_1.png,data/processed/train/forged/forgeries_29_20.png,0,skilled_forgery,29,29
data/processed/train/genuine/original_7_13.png,data/processed/train/genuine/original_35_1.png,0,random_forgery,7,35
data/processed/train/genuine/original_6_12.png,data/processed/train/genuine/original_6_4.png,1,genuine_genuine,6,6
data/processed/validation/genuine/original_44_8.png,data/processed/train/genuine/original_2_15.png,0,random_forgery,44,2
data/processed/train/genuine/original_9_8.png,data/processed/train/forged/forgeries_9_11.png,0,skilled_forgery,9,9
data/processed/validation/genuine/original_44_21.png,data/processed/train/genuine/original_3_13.png,0,random_forgery,44,3
data/processed/validation/genuine/original_41_15.png,data/processed/validation/forged/forgeries_41_8.png,0,skilled_forgery,41,41
data/processed/train/genuine/original_32_22.png,data/processed/train/genuine/original_30_7.png,0,random_forgery,32,30
data/processed/train/genuine/original_14_19.png,data/processed/train/genuine/original_14_20.png,1,genuine_genuine,14,14
data/processed/validation/genuine/original_44_15.png,data/processed/validation/genuine/original_44_8.png,1,genuine_genuine,44,44
data/processed/train/genuine/original_35_6.png,data/processed/train/forged/forgeries_35_19.png,0,skilled_forgery,35,35
data/processed/train/genuine/original_1_12.png,data/processed/train/forged/forgeries_1_23.png,0,skilled_forgery,1,1
data/processed/train/genuine/original_6_2.png,data/processed/train/forged/forgeries_6_19.png,0,skilled_forgery,6,6
data/processed/train/genuine/original_31_6.png,data/processed/train/genuine/original_18_15.png,0,random_forgery,31,18
data/processed/train/genuine/original_4_19.png,data/processed/train/genuine/original_4_21.png,1,genuine_genuine,4,4
data/processed/validation/genuine/original_40_11.png,data/processed/validation/genuine/original_40_9.png,1,genuine_genuine,40,40
data/processed/train/genuine/original_35_12.png,data/processed/train/genuine/original_35_13.png,1,genuine_genuine,35,35
data/processed/train/genuine/original_28_15.png,data/processed/train/genuine/original_28_16.png,1,genuine_genuine,28,28
data/processed/validation/genuine/original_45_13.png,data/processed/validation/genuine/original_45_23.png,1,genuine_genuine,45,45
data/processed/train/genuine/original_10_20.png,data/processed/train/genuine/original_10_8.png,1,genuine_genuine,10,10
data/processed/train/genuine/original_13_3.png,data/processed/train/forged/forgeries_13_2.png,0,skilled_forgery,13,13
data/processed/train/genuine/original_5_18.png,data/processed/train/genuine/original_5_2.png,1,genuine_genuine,5,5
data/processed/validation/genuine/original_40_11.png,data/processed/validation/genuine/original_40_23.png,1,genuine_genuine,40,40
data/processed/train/genuine/original_4_17.png,data/processed/train/genuine/original_4_23.png,1,genuine_genuine,4,4
data/processed/train/genuine/original_29_23.png,data/processed/train/genuine/original_29_9.png,1,genuine_genuine,29,29
data/processed/train/genuine/original_2_14.png,data/processed/train/forged/forgeries_2_19.png,0,skilled_forgery,2,2
data/processed/validation/genuine/original_45_15.png,data/processed/validation/genuine/original_40_18.png,0,random_forgery,45,40
data/processed/train/genuine/original_17_4.png,data/processed/train/genuine/original_17_7.png,1,genuine_genuine,17,17
data/processed/train/genuine/original_33_8.png,data/processed/train/forged/forgeries_33_10.png,0,skilled_forgery,33,33
data/processed/validation/genuine/original_36_3.png,data/processed/validation/forged/forgeries_36_6.png,0,skilled_forgery,36,36
data/processed/train/genuine/original_5_17.png,data/processed/train/genuine/original_34_1.png,0,random_forgery,5,34
data/processed/train/genuine/original_9_4.png,data/processed/train/forged/forgeries_9_13.png,0,skilled_forgery,9,9
data/processed/train/genuine/original_32_7.png,data/processed/train/genuine/original_13_2.png,0,random_forgery,32,13
data/processed/train/genuine/original_5_2.png,data/processed/train/genuine/original_5_8.png,1,genuine_genuine,5,5
data/processed/train/genuine/original_8_2.png,data/processed/train/genuine/original_15_24.png,0,random_forgery,8,15
data/processed/validation/genuine/original_38_6.png,data/processed/validation/forged/forgeries_38_19.png,0,skilled_forgery,38,38
data/processed/train/genuine/original_5_7.png,data/processed/train/forged/forgeries_5_18.png,0,skilled_forgery,5,5
data/processed/train/genuine/original_30_5.png,data/processed/train/forged/forgeries_30_17.png,0,skilled_forgery,30,30
data/processed/train/genuine/original_28_2.png,data/processed/train/genuine/original_28_9.png,1,genuine_genuine,28,28
data/processed/train/genuine/original_34_20.png,data/processed/train/genuine/original_34_4.png,1,genuine_genuine,34,34
data/processed/train/genuine/original_30_2.png,data/processed/train/genuine/original_30_6.png,1,genuine_genuine,30,30
data/processed/train/genuine/original_28_13.png,data/processed/train/forged/forgeries_28_24.png,0,skilled_forgery,28,28
data/processed/train/genuine/original_11_21.png,data/processed/train/genuine/original_11_9.png,1,genuine_genuine,11,11
data/processed/train/genuine/original_4_7.png,data/processed/train/genuine/original_4_9.png,1,genuine_genuine,4,4
data/processed/train/genuine/original_1_10.png,data/processed/train/genuine/original_1_8.png,1,genuine_genuine,1,1
data/processed/validation/genuine/original_40_19.png,data/processed/validation/forged/forgeries_40_6.png,0,skilled_forgery,40,40
data/processed/train/genuine/original_29_10.png,data/processed/train/genuine/original_29_23.png,1,genuine_genuine,29,29
data/processed/train/genuine/original_32_6.png,data/processed/train/forged/forgeries_32_18.png,0,skilled_forgery,32,32
data/processed/train/genuine/original_33_20.png,data/processed/train/forged/forgeries_33_12.png,0,skilled_forgery,33,33
data/processed/validation/genuine/original_45_2.png,data/processed/validation/genuine/original_45_21.png,1,genuine_genuine,45,45
data/processed/validation/genuine/original_43_19.png,data/processed/train/genuine/original_12_1.png,0,random_forgery,43,12
data/processed/train/genuine/original_12_9.png,data/processed/train/genuine/original_18_23.png,0,random_forgery,12,18
data/processed/train/genuine/original_8_22.png,data/processed/validation/genuine/original_41_20.png,0,random_forgery,8,41
data/processed/train/genuine/original_33_5.png,data/processed/train/forged/forgeries_33_22.png,0,skilled_forgery,33,33
data/processed/validation/genuine/original_44_19.png,data/processed/validation/forged/forgeries_44_21.png,0,skilled_forgery,44,44
data/processed/train/genuine/original_28_23.png,data/processed/train/genuine/original_28_7.png,1,genuine_genuine,28,28
data/processed/train/genuine/original_9_13.png,data/processed/train/genuine/original_9_14.png,1,genuine_genuine,9,9
data/processed/validation/genuine/original_36_12.png,data/processed/validation/genuine/original_37_6.png,0,random_forgery,36,37
data/processed/train/genuine/original_35_9.png,data/processed/train/forged/forgeries_35_19.png,0,skilled_forgery,35,35
data/processed/train/genuine/original_13_12.png,data/processed/train/forged/forgeries_13_6.png,0,skilled_forgery,13,13
data/processed/validation/genuine/original_42_15.png,data/processed/validation/forged/forgeries_42_14.png,0,skilled_forgery,42,42
data/processed/train/genuine/original_9_7.png,data/processed/train/forged/forgeries_9_6.png,0,skilled_forgery,9,9
data/processed/train/genuine/original_6_4.png,data/processed/train/forged/forgeries_6_14.png,0,skilled_forgery,6,6
data/processed/validation/genuine/original_42_20.png,data/processed/validation/genuine/original_42_23.png,1,genuine_genuine,42,42
data/processed/train/genuine/original_34_19.png,data/processed/train/genuine/original_34_7.png,1,genuine_genuine,34,34
data/processed/validation/genuine/original_42_14.png,data/processed/validation/genuine/original_42_4.png,1,genuine_genuine,42,42
data/processed/train/genuine/original_5_22.png,data/processed/train/forged/forgeries_5_6.png,0,skilled_forgery,5,5
data/processed/train/genuine/original_13_10.png,data/processed/train/genuine/original_13_4.png,1,genuine_genuine,13,13
data/processed/train/genuine/original_18_1.png,data/processed/train/genuine/original_7_9.png,0,random_forgery,18,7
data/processed/validation/genuine/original_44_12.png,data/processed/validation/genuine/original_44_16.png,1,genuine_genuine,44,44
data/processed/train/genuine/original_8_8.png,data/processed/train/forged/forgeries_8_22.png,0,skilled_forgery,8,8
data/processed/validation/genuine/original_36_15.png,data/processed/train/genuine/original_7_23.png,0,random_forgery,36,7
data/processed/validation/genuine/original_37_1.png,data/processed/train/genuine/original_33_18.png,0,random_forgery,37,33
data/processed/train/genuine/original_11_4.png,data/processed/train/genuine/original_11_8.png,1,genuine_genuine,11,11
data/processed/train/genuine/original_34_22.png,data/processed/train/genuine/original_34_4.png,1,genuine_genuine,34,34
data/processed/train/genuine/original_35_13.png,data/processed/train/forged/forgeries_35_14.png,0,skilled_forgery,35,35
data/processed/validation/genuine/original_42_4.png,data/processed/validation/genuine/original_42_5.png,1,genuine_genuine,42,42
data/processed/train/genuine/original_35_16.png,data/processed/train/forged/forgeries_35_1.png,0,skilled_forgery,35,35
data/processed/validation/genuine/original_43_10.png,data/processed/validation/genuine/original_43_9.png,1,genuine_genuine,43,43
data/processed/train/genuine/original_32_1.png,data/processed/train/genuine/original_32_12.png,1,genuine_genuine,32,32
data/processed/train/genuine/original_11_21.png,data/processed/train/forged/forgeries_11_16.png,0,skilled_forgery,11,11
data/processed/train/genuine/original_16_4.png,data/processed/train/genuine/original_16_9.png,1,genuine_genuine,16,16
data/processed/train/genuine/original_8_18.png,data/processed/train/genuine/original_8_19.png,1,genuine_genuine,8,8
data/processed/train/genuine/original_13_23.png,data/processed/train/genuine/original_13_8.png,1,genuine_genuine,13,13
data/processed/train/genuine/original_17_19.png,data/processed/train/genuine/original_17_22.png,1,genuine_genuine,17,17
data/processed/train/genuine/original_10_22.png,data/processed/train/forged/forgeries_10_6.png,0,skilled_forgery,10,10
data/processed/validation/genuine/original_36_18.png,data/processed/train/genuine/original_8_18.png,0,random_forgery,36,8
data/processed/train/genuine/original_28_10.png,data/processed/train/genuine/original_28_4.png,1,genuine_genuine,28,28
data/processed/train/genuine/original_35_14.png,data/processed/train/genuine/original_35_24.png,1,genuine_genuine,35,35
data/processed/train/genuine/original_6_11.png,data/processed/train/genuine/original_6_22.png,1,genuine_genuine,6,6
data/processed/train/genuine/original_15_14.png,data/processed/train/forged/forgeries_15_24.png,0,skilled_forgery,15,15
data/processed/train/genuine/original_12_12.png,data/processed/train/genuine/original_12_21.png,1,genuine_genuine,12,12
data/processed/validation/genuine/original_40_11.png,data/processed/train/genuine/original_13_5.png,0,random_forgery,40,13
data/processed/train/genuine/original_4_17.png,data/processed/train/genuine/original_4_5.png,1,genuine_genuine,4,4
data/processed/train/genuine/original_15_21.png,data/processed/train/genuine/original_15_4.png,1,genuine_genuine,15,15
data/processed/train/genuine/original_4_24.png,data/processed/train/forged/forgeries_4_2.png,0,skilled_forgery,4,4
data/processed/train/genuine/original_35_8.png,data/processed/train/genuine/original_11_17.png,0,random_forgery,35,11
data/processed/train/genuine/original_32_21.png,data/processed/train/genuine/original_32_5.png,1,genuine_genuine,32,32
data/processed/train/genuine/original_16_6.png,data/processed/train/genuine/original_35_15.png,0,random_forgery,16,35
data/processed/validation/genuine/original_36_21.png,data/processed/validation/genuine/original_36_3.png,1,genuine_genuine,36,36
data/processed/train/genuine/original_1_17.png,data/processed/train/forged/forgeries_1_8.png,0,skilled_forgery,1,1
data/processed/train/genuine/original_30_15.png,data/processed/train/genuine/original_30_4.png,1,genuine_genuine,30,30
data/processed/validation/genuine/original_38_5.png,data/processed/train/genuine/original_12_12.png,0,random_forgery,38,12
data/processed/train/genuine/original_9_5.png,data/processed/train/forged/forgeries_9_14.png,0,skilled_forgery,9,9
data/processed/train/genuine/original_1_3.png,data/processed/train/forged/forgeries_1_2.png,0,skilled_forgery,1,1
data/processed/train/genuine/original_18_11.png,data/processed/train/genuine/original_18_17.png,1,genuine_genuine,18,18
data/processed/train/genuine/original_7_16.png,data/processed/train/genuine/original_7_22.png,1,genuine_genuine,7,7
data/processed/train/genuine/original_1_16.png,data/processed/train/genuine/original_1_3.png,1,genuine_genuine,1,1
data/processed/validation/genuine/original_37_18.png,data/processed/validation/genuine/original_37_24.png,1,genuine_genuine,37,37
data/processed/train/genuine/original_11_17.png,data/processed/train/genuine/original_11_8.png,1,genuine_genuine,11,11
data/processed/train/genuine/original_16_6.png,data/processed/train/forged/forgeries_16_23.png,0,skilled_forgery,16,16
data/processed/train/genuine/original_5_5.png,data/processed/validation/genuine/original_36_11.png,0,random_forgery,5,36
data/processed/validation/genuine/original_39_10.png,data/processed/validation/genuine/original_39_21.png,1,genuine_genuine,39,39
data/processed/train/genuine/original_35_21.png,data/processed/train/genuine/original_28_20.png,0,random_forgery,35,28
data/processed/validation/genuine/original_36_11.png,data/processed/validation/genuine/original_36_17.png,1,genuine_genuine,36,36
data/processed/train/genuine/original_6_1.png,data/processed/train/genuine/original_6_22.png,1,genuine_genuine,6,6
data/processed/train/genuine/original_15_15.png,data/processed/train/genuine/original_9_3.png,0,random_forgery,15,9
data/processed/validation/genuine/original_45_20.png,data/processed/validation/forged/forgeries_45_9.png,0,skilled_forgery,45,45
data/processed/train/genuine/original_8_11.png,data/processed/train/genuine/original_3_3.png,0,random_forgery,8,3
data/processed/validation/genuine/original_41_21.png,data/processed/validation/genuine/original_41_8.png,1,genuine_genuine,41,41
data/processed/train/genuine/original_17_10.png,data/processed/train/forged/forgeries_17_16.png,0,skilled_forgery,17,17
data/processed/validation/genuine/original_43_10.png,data/processed/validation/genuine/original_43_8.png,1,genuine_genuine,43,43
data/processed/train/genuine/original_12_4.png,data/processed/train/genuine/original_12_9.png,1,genuine_genuine,12,12
data/processed/train/genuine/original_8_10.png,data/processed/train/forged/forgeries_8_8.png,0,skilled_forgery,8,8
data/processed/train/genuine/original_9_10.png,data/processed/train/genuine/original_9_11.png,1,genuine_genuine,9,9
data/processed/train/genuine/original_10_13.png,data/processed/train/genuine/original_10_16.png,1,genuine_genuine,10,10
data/processed/train/genuine/original_13_11.png,data/processed/train/forged/forgeries_13_8.png,0,skilled_forgery,13,13
data/processed/train/genuine/original_6_1.png,data/processed/train/genuine/original_6_16.png,1,genuine_genuine,6,6
data/processed/train/genuine/original_4_7.png,data/processed/train/forged/forgeries_4_6.png,0,skilled_forgery,4,4
data/processed/train/genuine/original_9_22.png,data/processed/train/genuine/original_10_19.png,0,random_forgery,9,10
data/processed/train/genuine/original_28_14.png,data/processed/train/genuine/original_28_21.png,1,genuine_genuine,28,28
data/processed/train/genuine/original_28_13.png,data/processed/train/genuine/original_28_17.png,1,genuine_genuine,28,28
data/processed/train/genuine/original_5_10.png,data/processed/train/genuine/original_5_3.png,1,genuine_genuine,5,5
data/processed/validation/genuine/original_44_16.png,data/processed/validation/genuine/original_40_22.png,0,random_forgery,44,40
data/processed/train/genuine/original_12_22.png,data/processed/train/forged/forgeries_12_19.png,0,skilled_forgery,12,12
data/processed/train/genuine/original_8_17.png,data/processed/train/genuine/original_8_3.png,1,genuine_genuine,8,8
data/processed/validation/genuine/original_39_24.png,data/processed/validation/genuine/original_39_7.png,1,genuine_genuine,39,39
data/processed/validation/genuine/original_44_11.png,data/processed/validation/genuine/original_44_22.png,1,genuine_genuine,44,44
data/processed/train/genuine/original_16_3.png,data/processed/train/genuine/original_16_5.png,1,genuine_genuine,16,16
data/processed/validation/genuine/original_44_4.png,data/processed/validation/forged/forgeries_44_21.png,0,skilled_forgery,44,44
data/processed/train/genuine/original_30_18.png,data/processed/train/genuine/original_30_21.png,1,genuine_genuine,30,30
data/processed/train/genuine/original_12_19.png,data/processed/train/genuine/original_12_6.png,1,genuine_genuine,12,12
data/processed/train/genuine/original_31_11.png,data/processed/train/forged/forgeries_31_13.png,0,skilled_forgery,31,31
data/processed/validation/genuine/original_40_4.png,data/processed/validation/genuine/original_38_18.png,0,random_forgery,40,38
data/processed/train/genuine/original_32_15.png,data/processed/train/genuine/original_32_6.png,1,genuine_genuine,32,32
data/processed/validation/genuine/original_36_9.png,data/processed/validation/forged/forgeries_36_19.png,0,skilled_forgery,36,36
data/processed/train/genuine/original_1_5.png,data/processed/train/forged/forgeries_1_6.png,0,skilled_forgery,1,1
data/processed/train/genuine/original_6_13.png,data/processed/train/genuine/original_6_18.png,1,genuine_genuine,6,6
data/processed/train/genuine/original_10_1.png,data/processed/train/genuine/original_12_4.png,0,random_forgery,10,12
data/processed/train/genuine/original_1_3.png,data/processed/train/forged/forgeries_1_19.png,0,skilled_forgery,1,1
data/processed/train/genuine/original_16_18.png,data/processed/train/genuine/original_16_8.png,1,genuine_genuine,16,16
data/processed/train/genuine/original_16_3.png,data/processed/train/genuine/original_16_9.png,1,genuine_genuine,16,16
data/processed/train/genuine/original_17_19.png,data/processed/train/genuine/original_17_23.png,1,genuine_genuine,17,17
data/processed/validation/genuine/original_42_15.png,data/processed/validation/forged/forgeries_42_22.png,0,skilled_forgery,42,42
data/processed/train/genuine/original_4_2.png,data/processed/train/forged/forgeries_4_8.png,0,skilled_forgery,4,4
data/processed/validation/genuine/original_45_5.png,data/processed/validation/forged/forgeries_45_16.png,0,skilled_forgery,45,45
data/processed/train/genuine/original_14_19.png,data/processed/validation/genuine/original_43_18.png,0,random_forgery,14,43
data/processed/train/genuine/original_28_7.png,data/processed/train/forged/forgeries_28_22.png,0,skilled_forgery,28,28
data/processed/train/genuine/original_7_8.png,data/processed/validation/genuine/original_42_7.png,0,random_forgery,7,42
data/processed/train/genuine/original_3_18.png,data/processed/train/forged/forgeries_3_7.png,0,skilled_forgery,3,3
data/processed/train/genuine/original_5_4.png,data/processed/train/genuine/original_14_2.png,0,random_forgery,5,14
data/processed/train/genuine/original_11_15.png,data/processed/train/genuine/original_3_12.png,0,random_forgery,11,3
data/processed/train/genuine/original_35_21.png,data/processed/train/forged/forgeries_35_24.png,0,skilled_forgery,35,35
data/processed/train/genuine/original_6_10.png,data/processed/train/forged/forgeries_6_11.png,0,skilled_forgery,6,6
data/processed/validation/genuine/original_38_20.png,data/processed/validation/forged/forgeries_38_20.png,0,skilled_forgery,38,38
data/processed/train/genuine/original_28_7.png,data/processed/train/forged/forgeries_28_13.png,0,skilled_forgery,28,28
data/processed/train/genuine/original_29_23.png,data/processed/train/genuine/original_5_22.png,0,random_forgery,29,5
data/processed/validation/genuine/original_45_18.png,data/processed/validation/genuine/original_45_4.png,1,genuine_genuine,45,45
data/processed/train/genuine/original_11_11.png,data/processed/train/genuine/original_11_9.png,1,genuine_genuine,11,11
data/processed/validation/genuine/original_37_19.png,data/processed/validation/forged/forgeries_37_9.png,0,skilled_forgery,37,37
data/processed/train/genuine/original_32_14.png,data/processed/train/genuine/original_32_5.png,1,genuine_genuine,32,32
data/processed/train/genuine/original_6_24.png,data/processed/train/genuine/original_6_5.png,1,genuine_genuine,6,6
data/processed/train/genuine/original_5_19.png,data/processed/train/forged/forgeries_5_18.png,0,skilled_forgery,5,5
data/processed/train/genuine/original_16_17.png,data/processed/train/forged/forgeries_16_6.png,0,skilled_forgery,16,16
data/processed/validation/genuine/original_43_18.png,data/processed/validation/forged/forgeries_43_11.png,0,skilled_forgery,43,43
data/processed/train/genuine/original_30_19.png,data/processed/train/genuine/original_30_6.png,1,genuine_genuine,30,30
data/processed/train/genuine/original_11_12.png,data/processed/train/genuine/original_16_7.png,0,random_forgery,11,16
data/processed/train/genuine/original_11_13.png,data/processed/train/genuine/original_11_22.png,1,genuine_genuine,11,11
data/processed/train/genuine/original_31_7.png,data/processed/train/forged/forgeries_31_18.png,0,skilled_forgery,31,31
data/processed/train/genuine/original_34_21.png,data/processed/train/forged/forgeries_34_5.png,0,skilled_forgery,34,34
data/processed/train/genuine/original_15_14.png,data/processed/train/genuine/original_15_20.png,1,genuine_genuine,15,15
data/processed/train/genuine/original_13_11.png,data/processed/train/genuine/original_4_3.png,0,random_forgery,13,4
data/processed/validation/genuine/original_44_8.png,data/processed/validation/forged/forgeries_44_5.png,0,skilled_forgery,44,44
data/processed/train/genuine/original_15_10.png,data/processed/train/genuine/original_15_9.png,1,genuine_genuine,15,15
data/processed/train/genuine/original_7_7.png,data/processed/train/genuine/original_31_14.png,0,random_forgery,7,31
data/processed/train/genuine/original_7_20.png,data/processed/train/genuine/original_2_4.png,0,random_forgery,7,2
data/processed/train/genuine/original_30_6.png,data/processed/train/genuine/original_18_21.png,0,random_forgery,30,18
data/processed/train/genuine/original_12_9.png,data/processed/train/forged/forgeries_12_21.png,0,skilled_forgery,12,12
data/processed/validation/genuine/original_41_10.png,data/processed/validation/genuine/original_41_3.png,1,genuine_genuine,41,41
data/processed/train/genuine/original_30_18.png,data/processed/train/forged/forgeries_30_23.png,0,skilled_forgery,30,30
data/processed/validation/genuine/original_43_1.png,data/processed/validation/genuine/original_43_8.png,1,genuine_genuine,43,43
data/processed/train/genuine/original_17_5.png,data/processed/train/genuine/original_17_8.png,1,genuine_genuine,17,17
data/processed/validation/genuine/original_43_4.png,data/processed/validation/genuine/original_43_6.png,1,genuine_genuine,43,43
data/processed/train/genuine/original_33_3.png,data/processed/train/forged/forgeries_33_9.png,0,skilled_forgery,33,33
data/processed/train/genuine/original_29_12.png,data/processed/train/genuine/original_29_13.png,1,genuine_genuine,29,29
data/processed/validation/genuine/original_42_24.png,data/processed/train/genuine/original_15_23.png,0,random_forgery,42,15
data/processed/train/genuine/original_18_17.png,data/processed/train/forged/forgeries_18_8.png,0,skilled_forgery,18,18
data/processed/train/genuine/original_10_19.png,data/processed/train/forged/forgeries_10_1.png,0,skilled_forgery,10,10
data/processed/train/genuine/original_29_21.png,data/processed/train/genuine/original_29_22.png,1,genuine_genuine,29,29
data/processed/train/genuine/original_33_20.png,data/processed/train/genuine/original_33_5.png,1,genuine_genuine,33,33
data/processed/validation/genuine/original_40_8.png,data/processed/train/genuine/original_8_16.png,0,random_forgery,40,8
data/processed/train/genuine/original_28_4.png,data/processed/train/genuine/original_16_12.png,0,random_forgery,28,16
data/processed/train/genuine/original_1_14.png,data/processed/train/genuine/original_1_18.png,1,genuine_genuine,1,1
data/processed/validation/genuine/original_44_15.png,data/processed/validation/forged/forgeries_44_22.png,0,skilled_forgery,44,44
data/processed/validation/genuine/original_39_22.png,data/processed/validation/genuine/original_41_12.png,0,random_forgery,39,41
data/processed/train/genuine/original_31_1.png,data/processed/train/genuine/original_31_13.png,1,genuine_genuine,31,31
data/processed/train/genuine/original_3_21.png,data/processed/train/genuine/original_3_6.png,1,genuine_genuine,3,3
data/processed/train/genuine/original_1_14.png,data/processed/train/genuine/original_1_4.png,1,genuine_genuine,1,1
data/processed/train/genuine/original_16_16.png,data/processed/train/genuine/original_16_23.png,1,genuine_genuine,16,16
data/processed/validation/genuine/original_44_11.png,data/processed/validation/genuine/original_44_9.png,1,genuine_genuine,44,44
data/processed/validation/genuine/original_40_10.png,data/processed/validation/genuine/original_40_5.png,1,genuine_genuine,40,40
data/processed/train/genuine/original_13_19.png,data/processed/train/genuine/original_13_20.png,1,genuine_genuine,13,13
data/processed/train/genuine/original_28_17.png,data/processed/train/genuine/original_28_22.png,1,genuine_genuine,28,28
data/processed/train/genuine/original_34_2.png,data/processed/train/forged/forgeries_34_22.png,0,skilled_forgery,34,34
data/processed/validation/genuine/original_45_21.png,data/processed/validation/forged/forgeries_45_11.png,0,skilled_forgery,45,45
data/processed/validation/genuine/original_45_19.png,data/processed/validation/genuine/original_45_23.png,1,genuine_genuine,45,45
data/processed/validation/genuine/original_45_19.png,data/processed/train/genuine/original_31_20.png,0,random_forgery,45,31
data/processed/train/genuine/original_13_16.png,data/processed/train/genuine/original_13_9.png,1,genuine_genuine,13,13
data/processed/train/genuine/original_14_17.png,data/processed/train/genuine/original_14_7.png,1,genuine_genuine,14,14
data/processed/validation/genuine/original_36_18.png,data/processed/validation/genuine/original_36_22.png,1,genuine_genuine,36,36
data/processed/train/genuine/original_32_8.png,data/processed/train/forged/forgeries_32_14.png,0,skilled_forgery,32,32
data/processed/train/genuine/original_11_19.png,data/processed/train/genuine/original_11_7.png,1,genuine_genuine,11,11
data/processed/train/genuine/original_15_20.png,data/processed/train/forged/forgeries_15_6.png,0,skilled_forgery,15,15
data/processed/train/genuine/original_14_18.png,data/processed/train/genuine/original_13_18.png,0,random_forgery,14,13
data/processed/validation/genuine/original_41_21.png,data/processed/validation/genuine/original_41_23.png,1,genuine_genuine,41,41
data/processed/train/genuine/original_15_18.png,data/processed/train/genuine/original_15_9.png,1,genuine_genuine,15,15
data/processed/validation/genuine/original_45_9.png,data/processed/validation/forged/forgeries_45_13.png,0,skilled_forgery,45,45
data/processed/validation/genuine/original_42_14.png,data/processed/validation/genuine/original_42_6.png,1,genuine_genuine,42,42
data/processed/validation/genuine/original_41_10.png,data/processed/validation/genuine/original_41_15.png,1,genuine_genuine,41,41
data/processed/validation/genuine/original_41_3.png,data/processed/train/genuine/original_9_20.png,0,random_forgery,41,9
data/processed/train/genuine/original_33_5.png,data/processed/train/genuine/original_33_9.png,1,genuine_genuine,33,33
data/processed/train/genuine/original_1_15.png,data/processed/train/forged/forgeries_1_17.png,0,skilled_forgery,1,1
data/processed/train/genuine/original_18_13.png,data/processed/train/genuine/original_18_18.png,1,genuine_genuine,18,18
data/processed/train/genuine/original_12_1.png,data/processed/train/genuine/original_12_17.png,1,genuine_genuine,12,12
data/processed/validation/genuine/original_36_10.png,data/processed/validation/genuine/original_36_12.png,1,genuine_genuine,36,36
data/processed/train/genuine/original_14_4.png,data/processed/train/genuine/original_14_9.png,1,genuine_genuine,14,14
data/processed/train/genuine/original_8_20.png,data/processed/validation/genuine/original_38_22.png,0,random_forgery,8,38
data/processed/train/genuine/original_31_20.png,data/processed/train/forged/forgeries_31_24.png,0,skilled_forgery,31,31
data/processed/train/genuine/original_29_15.png,data/processed/train/genuine/original_4_7.png,0,random_forgery,29,4
data/processed/train/genuine/original_14_22.png,data/processed/train/genuine/original_14_8.png,1,genuine_genuine,14,14
data/processed/train/genuine/original_5_12.png,data/processed/train/genuine/original_13_14.png,0,random_forgery,5,13
data/processed/validation/genuine/original_38_19.png,data/processed/validation/genuine/original_38_22.png,1,genuine_genuine,38,38
data/processed/validation/genuine/original_44_10.png,data/processed/validation/genuine/original_44_23.png,1,genuine_genuine,44,44
data/processed/train/genuine/original_5_14.png,data/processed/train/genuine/original_5_2.png,1,genuine_genuine,5,5
data/processed/train/genuine/original_15_1.png,data/processed/train/genuine/original_15_8.png,1,genuine_genuine,15,15
data/processed/train/genuine/original_14_10.png,data/processed/train/genuine/original_14_19.png,1,genuine_genuine,14,14
data/processed/train/genuine/original_35_14.png,data/processed/train/forged/forgeries_35_17.png,0,skilled_forgery,35,35
data/processed/validation/genuine/original_37_7.png,data/processed/train/genuine/original_33_17.png,0,random_forgery,37,33
data/processed/train/genuine/original_8_15.png,data/processed/train/genuine/original_8_23.png,1,genuine_genuine,8,8
data/processed/train/genuine/original_6_12.png,data/processed/train/genuine/original_6_19.png,1,genuine_genuine,6,6
data/processed/validation/genuine/original_39_19.png,data/processed/validation/genuine/original_39_3.png,1,genuine_genuine,39,39
data/processed/validation/genuine/original_43_1.png,data/processed/validation/forged/forgeries_43_21.png,0,skilled_forgery,43,43
data/processed/validation/genuine/original_39_7.png,data/processed/validation/forged/forgeries_39_14.png,0,skilled_forgery,39,39
data/processed/train/genuine/original_17_14.png,data/processed/train/genuine/original_35_1.png,0,random_forgery,17,35
data/processed/validation/genuine/original_36_13.png,data/processed/validation/forged/forgeries_36_17.png,0,skilled_forgery,36,36
data/processed/train/genuine/original_16_7.png,data/processed/validation/genuine/original_38_19.png,0,random_forgery,16,38
data/processed/validation/genuine/original_40_7.png,data/processed/train/genuine/original_16_6.png,0,random_forgery,40,16
data/processed/train/genuine/original_18_21.png,data/processed/train/genuine/original_18_24.png,1,genuine_genuine,18,18
data/processed/train/genuine/original_31_5.png,data/processed/train/forged/forgeries_31_5.png,0,skilled_forgery,31,31
data/processed/validation/genuine/original_36_12.png,data/processed/train/genuine/original_12_8.png,0,random_forgery,36,12
data/processed/train/genuine/original_10_1.png,data/processed/train/genuine/original_10_4.png,1,genuine_genuine,10,10
data/processed/train/genuine/original_28_12.png,data/processed/train/forged/forgeries_28_6.png,0,skilled_forgery,28,28
data/processed/validation/genuine/original_36_12.png,data/processed/validation/genuine/original_38_16.png,0,random_forgery,36,38
data/processed/validation/genuine/original_36_10.png,data/processed/validation/genuine/original_36_4.png,1,genuine_genuine,36,36
data/processed/validation/genuine/original_44_21.png,data/processed/train/genuine/original_12_2.png,0,random_forgery,44,12
data/processed/validation/genuine/original_42_16.png,data/processed/validation/genuine/original_42_23.png,1,genuine_genuine,42,42
data/processed/train/genuine/original_6_4.png,data/processed/train/forged/forgeries_6_7.png,0,skilled_forgery,6,6
data/processed/validation/genuine/original_43_5.png,data/processed/validation/genuine/original_40_6.png,0,random_forgery,43,40
data/processed/train/genuine/original_4_11.png,data/processed/train/genuine/original_4_21.png,1,genuine_genuine,4,4
data/processed/validation/genuine/original_38_10.png,data/processed/validation/forged/forgeries_38_17.png,0,skilled_forgery,38,38
data/processed/validation/genuine/original_37_13.png,data/processed/validation/genuine/original_37_3.png,1,genuine_genuine,37,37
data/processed/train/genuine/original_28_24.png,data/processed/train/forged/forgeries_28_12.png,0,skilled_forgery,28,28
data/processed/train/genuine/original_7_16.png,data/processed/train/forged/forgeries_7_3.png,0,skilled_forgery,7,7
data/processed/train/genuine/original_12_13.png,data/processed/train/genuine/original_12_22.png,1,genuine_genuine,12,12
data/processed/validation/genuine/original_42_24.png,data/processed/train/genuine/original_3_2.png,0,random_forgery,42,3
data/processed/train/genuine/original_33_11.png,data/processed/train/genuine/original_33_2.png,1,genuine_genuine,33,33
data/processed/validation/genuine/original_44_22.png,data/processed/validation/forged/forgeries_44_16.png,0,skilled_forgery,44,44
data/processed/train/genuine/original_9_4.png,data/processed/train/genuine/original_9_5.png,1,genuine_genuine,9,9
data/processed/train/genuine/original_33_19.png,data/processed/train/genuine/original_31_14.png,0,random_forgery,33,31
data/processed/train/genuine/original_3_16.png,data/processed/train/genuine/original_3_22.png,1,genuine_genuine,3,3
data/processed/train/genuine/original_7_15.png,data/processed/train/genuine/original_7_8.png,1,genuine_genuine,7,7
data/processed/validation/genuine/original_40_17.png,data/processed/validation/genuine/original_40_4.png,1,genuine_genuine,40,40
data/processed/train/genuine/original_13_16.png,data/processed/train/genuine/original_2_21.png,0,random_forgery,13,2
data/processed/validation/genuine/original_37_14.png,data/processed/validation/genuine/original_37_19.png,1,genuine_genuine,37,37
data/processed/train/genuine/original_10_17.png,data/processed/train/genuine/original_10_18.png,1,genuine_genuine,10,10
data/processed/train/genuine/original_12_10.png,data/processed/train/genuine/original_12_14.png,1,genuine_genuine,12,12
data/processed/validation/genuine/original_38_12.png,data/processed/validation/genuine/original_38_2.png,1,genuine_genuine,38,38
data/processed/validation/genuine/original_41_19.png,data/processed/validation/genuine/original_41_7.png,1,genuine_genuine,41,41
data/processed/validation/genuine/original_41_12.png,data/processed/validation/forged/forgeries_41_6.png,0,skilled_forgery,41,41
data/processed/train/genuine/original_8_7.png,data/processed/train/genuine/original_33_19.png,0,random_forgery,8,33
data/processed/train/genuine/original_17_12.png,data/processed/train/genuine/original_17_17.png,1,genuine_genuine,17,17
data/processed/validation/genuine/original_37_13.png,data/processed/train/genuine/original_15_22.png,0,random_forgery,37,15
data/processed/train/genuine/original_8_14.png,data/processed/train/forged/forgeries_8_16.png,0,skilled_forgery,8,8
data/processed/train/genuine/original_16_12.png,data/processed/train/forged/forgeries_16_24.png,0,skilled_forgery,16,16
data/processed/validation/genuine/original_36_4.png,data/processed/validation/genuine/original_36_6.png,1,genuine_genuine,36,36
data/processed/train/genuine/original_28_14.png,data/processed/train/genuine/original_28_17.png,1,genuine_genuine,28,28
data/processed/validation/genuine/original_44_13.png,data/processed/validation/genuine/original_44_3.png,1,genuine_genuine,44,44
data/processed/train/genuine/original_8_22.png,data/processed/train/forged/forgeries_8_22.png,0,skilled_forgery,8,8
data/processed/train/genuine/original_16_11.png,data/processed/train/genuine/original_16_16.png,1,genuine_genuine,16,16
data/processed/train/genuine/original_1_10.png,data/processed/train/genuine/original_1_2.png,1,genuine_genuine,1,1
data/processed/train/genuine/original_6_16.png,data/processed/train/genuine/original_6_4.png,1,genuine_genuine,6,6
data/processed/train/genuine/original_12_1.png,data/processed/train/forged/forgeries_12_13.png,0,skilled_forgery,12,12
data/processed/validation/genuine/original_45_14.png,data/processed/validation/genuine/original_45_22.png,1,genuine_genuine,45,45
data/processed/train/genuine/original_2_22.png,data/processed/train/genuine/original_2_5.png,1,genuine_genuine,2,2
data/processed/train/genuine/original_8_15.png,data/processed/train/genuine/original_8_24.png,1,genuine_genuine,8,8
data/processed/validation/genuine/original_42_2.png,data/processed/validation/forged/forgeries_42_3.png,0,skilled_forgery,42,42
data/processed/train/genuine/original_14_8.png,data/processed/train/genuine/original_16_22.png,0,random_forgery,14,16
data/processed/train/genuine/original_32_23.png,data/processed/train/forged/forgeries_32_15.png,0,skilled_forgery,32,32
data/processed/train/genuine/original_35_17.png,data/processed/train/genuine/original_35_21.png,1,genuine_genuine,35,35
data/processed/train/genuine/original_17_14.png,data/processed/train/forged/forgeries_17_13.png,0,skilled_forgery,17,17
data/processed/train/genuine/original_17_23.png,data/processed/train/genuine/original_17_5.png,1,genuine_genuine,17,17
data/processed/train/genuine/original_33_2.png,data/processed/train/genuine/original_33_6.png,1,genuine_genuine,33,33
data/processed/validation/genuine/original_39_23.png,data/processed/validation/forged/forgeries_39_10.png,0,skilled_forgery,39,39
data/processed/validation/genuine/original_43_14.png,data/processed/validation/genuine/original_43_16.png,1,genuine_genuine,43,43
data/processed/train/genuine/original_31_23.png,data/processed/validation/genuine/original_37_5.png,0,random_forgery,31,37
data/processed/validation/genuine/original_40_2.png,data/processed/validation/genuine/original_40_3.png,1,genuine_genuine,40,40
data/processed/validation/genuine/original_38_12.png,data/processed/validation/forged/forgeries_38_3.png,0,skilled_forgery,38,38
data/processed/train/genuine/original_4_19.png,data/processed/train/forged/forgeries_4_7.png,0,skilled_forgery,4,4
data/processed/train/genuine/original_10_13.png,data/processed/train/genuine/original_4_3.png,0,random_forgery,10,4
data/processed/validation/genuine/original_36_6.png,data/processed/validation/forged/forgeries_36_15.png,0,skilled_forgery,36,36
data/processed/train/genuine/original_14_10.png,data/processed/train/genuine/original_14_13.png,1,genuine_genuine,14,14
data/processed/train/genuine/original_1_21.png,data/processed/validation/genuine/original_37_3.png,0,random_forgery,1,37
data/processed/train/genuine/original_14_21.png,data/processed/train/genuine/original_18_7.png,0,random_forgery,14,18
data/processed/train/genuine/original_8_10.png,data/processed/train/genuine/original_8_14.png,1,genuine_genuine,8,8
data/processed/train/genuine/original_3_23.png,data/processed/train/forged/forgeries_3_18.png,0,skilled_forgery,3,3
data/processed/train/genuine/original_34_18.png,data/processed/train/forged/forgeries_34_19.png,0,skilled_forgery,34,34
data/processed/train/genuine/original_17_13.png,data/processed/train/genuine/original_17_5.png,1,genuine_genuine,17,17
data/processed/train/genuine/original_14_18.png,data/processed/train/genuine/original_18_6.png,0,random_forgery,14,18
data/processed/validation/genuine/original_45_2.png,data/processed/validation/genuine/original_45_5.png,1,genuine_genuine,45,45
data/processed/train/genuine/original_11_18.png,data/processed/train/genuine/original_11_6.png,1,genuine_genuine,11,11
data/processed/train/genuine/original_10_10.png,data/processed/train/genuine/original_10_12.png,1,genuine_genuine,10,10
data/processed/train/genuine/original_10_14.png,data/processed/train/genuine/original_7_10.png,0,random_forgery,10,7
data/processed/validation/genuine/original_39_17.png,data/processed/validation/forged/forgeries_39_5.png,0,skilled_forgery,39,39
data/processed/train/genuine/original_15_22.png,data/processed/train/genuine/original_18_17.png,0,random_forgery,15,18
data/processed/train/genuine/original_30_10.png,data/processed/train/genuine/original_30_14.png,1,genuine_genuine,30,30
data/processed/train/genuine/original_7_17.png,data/processed/train/genuine/original_7_6.png,1,genuine_genuine,7,7
data/processed/train/genuine/original_17_20.png,data/processed/validation/genuine/original_44_4.png,0,random_forgery,17,44
data/processed/validation/genuine/original_36_12.png,data/processed/validation/genuine/original_36_6.png,1,genuine_genuine,36,36
data/processed/train/genuine/original_2_12.png,data/processed/train/genuine/original_2_15.png,1,genuine_genuine,2,2
data/processed/validation/genuine/original_42_1.png,data/processed/validation/genuine/original_42_14.png,1,genuine_genuine,42,42
data/processed/train/genuine/original_13_1.png,data/processed/train/genuine/original_13_24.png,1,genuine_genuine,13,13
data/processed/train/genuine/original_16_12.png,data/processed/train/genuine/original_16_18.png,1,genuine_genuine,16,16
data/processed/train/genuine/original_10_1.png,data/processed/train/forged/forgeries_10_23.png,0,skilled_forgery,10,10
data/processed/validation/genuine/original_45_5.png,data/processed/validation/genuine/original_45_9.png,1,genuine_genuine,45,45
data/processed/validation/genuine/original_45_8.png,data/processed/train/genuine/original_12_1.png,0,random_forgery,45,12
data/processed/train/genuine/original_17_11.png,data/processed/train/genuine/original_17_19.png,1,genuine_genuine,17,17
data/processed/train/genuine/original_10_14.png,data/processed/train/genuine/original_10_3.png,1,genuine_genuine,10,10
data/processed/validation/genuine/original_42_11.png,data/processed/validation/genuine/original_42_24.png,1,genuine_genuine,42,42
data/processed/train/genuine/original_2_18.png,data/processed/train/forged/forgeries_2_19.png,0,skilled_forgery,2,2
data/processed/train/genuine/original_5_1.png,data/processed/train/genuine/original_5_11.png,1,genuine_genuine,5,5
data/processed/train/genuine/original_10_16.png,data/processed/train/forged/forgeries_10_13.png,0,skilled_forgery,10,10
data/processed/validation/genuine/original_36_12.png,data/processed/validation/forged/forgeries_36_12.png,0,skilled_forgery,36,36
data/processed/validation/genuine/original_36_10.png,data/processed/validation/genuine/original_36_11.png,1,genuine_genuine,36,36
data/processed/validation/genuine/original_40_19.png,data/processed/validation/forged/forgeries_40_1.png,0,skilled_forgery,40,40
data/processed/train/genuine/original_2_9.png,data/processed/train/forged/forgeries_2_19.png,0,skilled_forgery,2,2
data/processed/train/genuine/original_10_12.png,data/processed/train/genuine/original_10_8.png,1,genuine_genuine,10,10
data/processed/train/genuine/original_9_5.png,data/processed/train/forged/forgeries_9_15.png,0,skilled_forgery,9,9
data/processed/validation/genuine/original_42_13.png,data/processed/validation/genuine/original_42_2.png,1,genuine_genuine,42,42
data/processed/train/genuine/original_35_11.png,data/processed/train/genuine/original_35_24.png,1,genuine_genuine,35,35
data/processed/train/genuine/original_9_2.png,data/processed/train/genuine/original_9_22.png,1,genuine_genuine,9,9
data/processed/train/genuine/original_17_23.png,data/processed/train/forged/forgeries_17_2.png,0,skilled_forgery,17,17
data/processed/validation/genuine/original_44_5.png,data/processed/train/genuine/original_30_16.png,0,random_forgery,44,30
data/processed/validation/genuine/original_40_13.png,data/processed/validation/genuine/original_40_20.png,1,genuine_genuine,40,40
data/processed/validation/genuine/original_44_1.png,data/processed/validation/genuine/original_44_6.png,1,genuine_genuine,44,44
data/processed/train/genuine/original_8_22.png,data/processed/train/genuine/original_8_4.png,1,genuine_genuine,8,8
data/processed/train/genuine/original_7_1.png,data/processed/validation/genuine/original_37_9.png,0,random_forgery,7,37
data/processed/train/genuine/original_3_10.png,data/processed/train/genuine/original_3_13.png,1,genuine_genuine,3,3
data/processed/train/genuine/original_33_10.png,data/processed/train/genuine/original_33_19.png,1,genuine_genuine,33,33
data/processed/train/genuine/original_35_5.png,data/processed/train/forged/forgeries_35_5.png,0,skilled_forgery,35,35
data/processed/train/genuine/original_2_15.png,data/processed/train/genuine/original_2_21.png,1,genuine_genuine,2,2
data/processed/train/genuine/original_13_4.png,data/processed/train/forged/forgeries_13_17.png,0,skilled_forgery,13,13
data/processed/validation/genuine/original_43_18.png,data/processed/validation/forged/forgeries_43_20.png,0,skilled_forgery,43,43
data/processed/validation/genuine/original_42_16.png,data/processed/validation/genuine/original_42_24.png,1,genuine_genuine,42,42
data/processed/train/genuine/original_1_23.png,data/processed/train/forged/forgeries_1_5.png,0,skilled_forgery,1,1
data/processed/validation/genuine/original_38_1.png,data/processed/validation/genuine/original_38_24.png,1,genuine_genuine,38,38
data/processed/train/genuine/original_9_16.png,data/processed/train/genuine/original_9_19.png,1,genuine_genuine,9,9
data/processed/train/genuine/original_13_20.png,data/processed/train/genuine/original_13_9.png,1,genuine_genuine,13,13
data/processed/train/genuine/original_18_5.png,data/processed/train/forged/forgeries_18_19.png,0,skilled_forgery,18,18
data/processed/train/genuine/original_8_5.png,data/processed/train/forged/forgeries_8_7.png,0,skilled_forgery,8,8
data/processed/validation/genuine/original_39_16.png,data/processed/validation/genuine/original_39_20.png,1,genuine_genuine,39,39
data/processed/train/genuine/original_15_12.png,data/processed/train/genuine/original_15_8.png,1,genuine_genuine,15,15
data/processed/train/genuine/original_4_15.png,data/processed/train/genuine/original_4_16.png,1,genuine_genuine,4,4
data/processed/train/genuine/original_31_15.png,data/processed/train/genuine/original_31_5.png,1,genuine_genuine,31,31
data/processed/train/genuine/original_8_4.png,data/processed/train/genuine/original_8_9.png,1,genuine_genuine,8,8
data/processed/train/genuine/original_7_17.png,data/processed/train/forged/forgeries_7_13.png,0,skilled_forgery,7,7
data/processed/train/genuine/original_9_14.png,data/processed/train/genuine/original_11_15.png,0,random_forgery,9,11
data/processed/validation/genuine/original_39_6.png,data/processed/validation/forged/forgeries_39_4.png,0,skilled_forgery,39,39
data/processed/validation/genuine/original_37_13.png,data/processed/validation/forged/forgeries_37_11.png,0,skilled_forgery,37,37
data/processed/train/genuine/original_8_15.png,data/processed/train/genuine/original_8_21.png,1,genuine_genuine,8,8
data/processed/train/genuine/original_35_11.png,data/processed/train/genuine/original_35_18.png,1,genuine_genuine,35,35
data/processed/train/genuine/original_4_12.png,data/processed/train/genuine/original_4_19.png,1,genuine_genuine,4,4
data/processed/train/genuine/original_11_14.png,data/processed/train/genuine/original_11_19.png,1,genuine_genuine,11,11
data/processed/validation/genuine/original_39_21.png,data/processed/validation/genuine/original_39_23.png,1,genuine_genuine,39,39
data/processed/train/genuine/original_18_22.png,data/processed/train/genuine/original_15_22.png,0,random_forgery,18,15
data/processed/train/genuine/original_32_9.png,data/processed/validation/genuine/original_37_6.png,0,random_forgery,32,37
data/processed/validation/genuine/original_36_12.png,data/processed/validation/genuine/original_36_3.png,1,genuine_genuine,36,36
data/processed/validation/genuine/original_40_16.png,data/processed/train/genuine/original_9_7.png,0,random_forgery,40,9
data/processed/validation/genuine/original_39_12.png,data/processed/validation/genuine/original_39_3.png,1,genuine_genuine,39,39
data/processed/train/genuine/original_9_15.png,data/processed/train/genuine/original_9_21.png,1,genuine_genuine,9,9
data/processed/train/genuine/original_7_11.png,data/processed/train/genuine/original_7_16.png,1,genuine_genuine,7,7
data/processed/validation/genuine/original_42_19.png,data/processed/validation/genuine/original_42_23.png,1,genuine_genuine,42,42
data/processed/train/genuine/original_29_19.png,data/processed/train/genuine/original_2_6.png,0,random_forgery,29,2
data/processed/validation/genuine/original_44_10.png,data/processed/validation/forged/forgeries_44_20.png,0,skilled_forgery,44,44
data/processed/train/genuine/original_35_17.png,data/processed/train/genuine/original_35_19.png,1,genuine_genuine,35,35
data/processed/validation/genuine/original_40_11.png,data/processed/validation/genuine/original_40_12.png,1,genuine_genuine,40,40
data/processed/train/genuine/original_30_1.png,data/processed/train/forged/forgeries_30_12.png,0,skilled_forgery,30,30
data/processed/train/genuine/original_5_21.png,data/processed/train/genuine/original_5_9.png,1,genuine_genuine,5,5
data/processed/validation/genuine/original_45_7.png,data/processed/train/genuine/original_29_13.png,0,random_forgery,45,29
data/processed/train/genuine/original_18_22.png,data/processed/train/forged/forgeries_18_11.png,0,skilled_forgery,18,18
data/processed/train/genuine/original_3_11.png,data/processed/train/genuine/original_3_17.png,1,genuine_genuine,3,3
data/processed/train/genuine/original_14_1.png,data/processed/train/genuine/original_14_2.png,1,genuine_genuine,14,14
data/processed/train/genuine/original_34_19.png,data/processed/validation/genuine/original_36_11.png,0,random_forgery,34,36
data/processed/validation/genuine/original_42_1.png,data/processed/validation/genuine/original_42_15.png,1,genuine_genuine,42,42
data/processed/train/genuine/original_33_3.png,data/processed/train/forged/forgeries_33_1.png,0,skilled_forgery,33,33
data/processed/validation/genuine/original_45_12.png,data/processed/validation/genuine/original_45_15.png,1,genuine_genuine,45,45
data/processed/train/genuine/original_29_15.png,data/processed/train/genuine/original_16_21.png,0,random_forgery,29,16
data/processed/train/genuine/original_32_1.png,data/processed/train/genuine/original_32_15.png,1,genuine_genuine,32,32
data/processed/train/genuine/original_32_9.png,data/processed/train/forged/forgeries_32_5.png,0,skilled_forgery,32,32
data/processed/train/genuine/original_11_16.png,data/processed/train/genuine/original_11_20.png,1,genuine_genuine,11,11
data/processed/validation/genuine/original_37_7.png,data/processed/validation/genuine/original_37_9.png,1,genuine_genuine,37,37
data/processed/train/genuine/original_12_18.png,data/processed/train/genuine/original_11_7.png,0,random_forgery,12,11
data/processed/train/genuine/original_18_20.png,data/processed/train/forged/forgeries_18_20.png,0,skilled_forgery,18,18
data/processed/validation/genuine/original_41_14.png,data/processed/validation/forged/forgeries_41_7.png,0,skilled_forgery,41,41
data/processed/train/genuine/original_35_3.png,data/processed/train/genuine/original_35_8.png,1,genuine_genuine,35,35
data/processed/train/genuine/original_33_18.png,data/processed/train/forged/forgeries_33_13.png,0,skilled_forgery,33,33
data/processed/train/genuine/original_9_12.png,data/processed/train/genuine/original_9_15.png,1,genuine_genuine,9,9
data/processed/train/genuine/original_18_19.png,data/processed/train/forged/forgeries_18_4.png,0,skilled_forgery,18,18
data/processed/validation/genuine/original_39_21.png,data/processed/validation/forged/forgeries_39_20.png,0,skilled_forgery,39,39
data/processed/train/genuine/original_10_1.png,data/processed/train/genuine/original_10_22.png,1,genuine_genuine,10,10
data/processed/train/genuine/original_6_5.png,data/processed/train/forged/forgeries_6_12.png,0,skilled_forgery,6,6
data/processed/validation/genuine/original_38_10.png,data/processed/train/genuine/original_9_10.png,0,random_forgery,38,9
data/processed/train/genuine/original_2_14.png,data/processed/train/forged/forgeries_2_9.png,0,skilled_forgery,2,2
data/processed/train/genuine/original_4_17.png,data/processed/train/genuine/original_4_6.png,1,genuine_genuine,4,4
data/processed/train/genuine/original_34_10.png,data/processed/train/genuine/original_34_17.png,1,genuine_genuine,34,34
data/processed/train/genuine/original_34_2.png,data/processed/train/forged/forgeries_34_13.png,0,skilled_forgery,34,34
data/processed/train/genuine/original_17_23.png,data/processed/train/genuine/original_17_9.png,1,genuine_genuine,17,17
data/processed/train/genuine/original_14_12.png,data/processed/train/genuine/original_14_19.png,1,genuine_genuine,14,14
data/processed/train/genuine/original_34_11.png,data/processed/train/genuine/original_34_22.png,1,genuine_genuine,34,34
data/processed/train/genuine/original_18_20.png,data/processed/train/genuine/original_29_16.png,0,random_forgery,18,29
data/processed/train/genuine/original_12_23.png,data/processed/train/forged/forgeries_12_21.png,0,skilled_forgery,12,12
data/processed/train/genuine/original_32_4.png,data/processed/train/forged/forgeries_32_19.png,0,skilled_forgery,32,32
data/processed/validation/genuine/original_43_11.png,data/processed/train/genuine/original_32_15.png,0,random_forgery,43,32
data/processed/train/genuine/original_10_19.png,data/processed/train/genuine/original_10_8.png,1,genuine_genuine,10,10
data/processed/train/genuine/original_32_11.png,data/processed/train/genuine/original_32_17.png,1,genuine_genuine,32,32
data/processed/train/genuine/original_2_5.png,data/processed/validation/genuine/original_39_22.png,0,random_forgery,2,39
data/processed/validation/genuine/original_45_14.png,data/processed/validation/genuine/original_36_9.png,0,random_forgery,45,36
data/processed/train/genuine/original_32_23.png,data/processed/train/forged/forgeries_32_23.png,0,skilled_forgery,32,32
data/processed/train/genuine/original_35_22.png,data/processed/train/genuine/original_35_23.png,1,genuine_genuine,35,35
data/processed/train/genuine/original_28_8.png,data/processed/train/forged/forgeries_28_14.png,0,skilled_forgery,28,28
data/processed/train/genuine/original_6_16.png,data/processed/train/genuine/original_6_21.png,1,genuine_genuine,6,6
data/processed/train/genuine/original_30_1.png,data/processed/train/genuine/original_30_2.png,1,genuine_genuine,30,30
data/processed/train/genuine/original_16_13.png,data/processed/train/genuine/original_16_4.png,1,genuine_genuine,16,16
data/processed/train/genuine/original_3_11.png,data/processed/train/forged/forgeries_3_13.png,0,skilled_forgery,3,3
data/processed/validation/genuine/original_42_20.png,data/processed/validation/genuine/original_42_24.png,1,genuine_genuine,42,42
data/processed/train/genuine/original_2_16.png,data/processed/train/genuine/original_2_21.png,1,genuine_genuine,2,2
data/processed/validation/genuine/original_42_12.png,data/processed/validation/genuine/original_41_2.png,0,random_forgery,42,41
data/processed/train/genuine/original_8_24.png,data/processed/train/genuine/original_8_7.png,1,genuine_genuine,8,8
data/processed/validation/genuine/original_36_14.png,data/processed/validation/genuine/original_36_6.png,1,genuine_genuine,36,36
data/processed/train/genuine/original_33_14.png,data/processed/train/genuine/original_33_3.png,1,genuine_genuine,33,33
data/processed/train/genuine/original_15_3.png,data/processed/train/genuine/original_29_18.png,0,random_forgery,15,29
data/processed/train/genuine/original_8_14.png,data/processed/train/forged/forgeries_8_11.png,0,skilled_forgery,8,8
data/processed/train/genuine/original_3_12.png,data/processed/train/genuine/original_3_4.png,1,genuine_genuine,3,3
data/processed/train/genuine/original_15_2.png,data/processed/train/forged/forgeries_15_13.png,0,skilled_forgery,15,15
data/processed/train/genuine/original_35_12.png,data/processed/train/genuine/original_35_17.png,1,genuine_genuine,35,35
data/processed/train/genuine/original_8_8.png,data/processed/train/genuine/original_14_8.png,0,random_forgery,8,14
data/processed/train/genuine/original_10_17.png,data/processed/train/genuine/original_34_3.png,0,random_forgery,10,34
data/processed/train/genuine/original_11_3.png,data/processed/train/forged/forgeries_11_18.png,0,skilled_forgery,11,11
data/processed/train/genuine/original_34_24.png,data/processed/train/forged/forgeries_34_22.png,0,skilled_forgery,34,34
data/processed/validation/genuine/original_40_11.png,data/processed/validation/forged/forgeries_40_5.png,0,skilled_forgery,40,40
data/processed/train/genuine/original_5_20.png,data/processed/train/genuine/original_5_9.png,1,genuine_genuine,5,5
data/processed/train/genuine/original_9_4.png,data/processed/train/genuine/original_9_8.png,1,genuine_genuine,9,9
data/processed/train/genuine/original_10_8.png,data/processed/train/forged/forgeries_10_4.png,0,skilled_forgery,10,10
data/processed/train/genuine/original_6_20.png,data/processed/train/genuine/original_6_21.png,1,genuine_genuine,6,6
data/processed/validation/genuine/original_44_22.png,data/processed/validation/genuine/original_44_9.png,1,genuine_genuine,44,44
data/processed/train/genuine/original_31_1.png,data/processed/train/forged/forgeries_31_2.png,0,skilled_forgery,31,31
data/processed/train/genuine/original_7_5.png,data/processed/train/forged/forgeries_7_8.png,0,skilled_forgery,7,7
data/processed/validation/genuine/original_44_4.png,data/processed/validation/genuine/original_44_9.png,1,genuine_genuine,44,44
data/processed/train/genuine/original_10_22.png,data/processed/train/genuine/original_10_23.png,1,genuine_genuine,10,10
data/processed/validation/genuine/original_45_9.png,data/processed/validation/forged/forgeries_45_17.png,0,skilled_forgery,45,45
data/processed/validation/genuine/original_44_2.png,data/processed/validation/forged/forgeries_44_8.png,0,skilled_forgery,44,44
data/processed/train/genuine/original_18_15.png,data/processed/train/genuine/original_11_4.png,0,random_forgery,18,11
data/processed/train/genuine/original_16_11.png,data/processed/train/genuine/original_16_14.png,1,genuine_genuine,16,16
data/processed/validation/genuine/original_38_17.png,data/processed/validation/genuine/original_38_21.png,1,genuine_genuine,38,38
data/processed/train/genuine/original_33_14.png,data/processed/train/genuine/original_33_19.png,1,genuine_genuine,33,33
data/processed/validation/genuine/original_38_1.png,data/processed/validation/genuine/original_36_4.png,0,random_forgery,38,36
data/processed/train/genuine/original_17_13.png,data/processed/train/genuine/original_17_22.png,1,genuine_genuine,17,17
data/processed/train/genuine/original_29_17.png,data/processed/train/forged/forgeries_29_9.png,0,skilled_forgery,29,29
data/processed/train/genuine/original_4_1.png,data/processed/train/forged/forgeries_4_4.png,0,skilled_forgery,4,4
data/processed/train/genuine/original_17_2.png,data/processed/validation/genuine/original_36_3.png,0,random_forgery,17,36
data/processed/validation/genuine/original_36_8.png,data/processed/validation/forged/forgeries_36_23.png,0,skilled_forgery,36,36
data/processed/validation/genuine/original_42_14.png,data/processed/validation/genuine/original_42_3.png,1,genuine_genuine,42,42
data/processed/train/genuine/original_32_12.png,data/processed/train/genuine/original_32_9.png,1,genuine_genuine,32,32
data/processed/train/genuine/original_34_15.png,data/processed/train/genuine/original_34_6.png,1,genuine_genuine,34,34
data/processed/train/genuine/original_6_12.png,data/processed/train/forged/forgeries_6_4.png,0,skilled_forgery,6,6
data/processed/validation/genuine/original_45_15.png,data/processed/train/genuine/original_28_23.png,0,random_forgery,45,28
data/processed/validation/genuine/original_44_2.png,data/processed/validation/genuine/original_44_5.png,1,genuine_genuine,44,44
data/processed/train/genuine/original_35_5.png,data/processed/train/genuine/original_35_8.png,1,genuine_genuine,35,35
data/processed/validation/genuine/original_41_8.png,data/processed/validation/forged/forgeries_41_3.png,0,skilled_forgery,41,41
data/processed/train/genuine/original_8_13.png,data/processed/train/genuine/original_8_14.png,1,genuine_genuine,8,8
data/processed/train/genuine/original_33_2.png,data/processed/train/genuine/original_33_23.png,1,genuine_genuine,33,33
data/processed/validation/genuine/original_45_8.png,data/processed/train/genuine/original_30_11.png,0,random_forgery,45,30
data/processed/train/genuine/original_28_15.png,data/processed/train/genuine/original_28_20.png,1,genuine_genuine,28,28
data/processed/train/genuine/original_3_24.png,data/processed/train/genuine/original_12_16.png,0,random_forgery,3,12
data/processed/train/genuine/original_7_24.png,data/processed/train/genuine/original_7_3.png,1,genuine_genuine,7,7
data/processed/validation/genuine/original_44_22.png,data/processed/validation/genuine/original_44_24.png,1,genuine_genuine,44,44
data/processed/validation/genuine/original_44_8.png,data/processed/train/genuine/original_29_17.png,0,random_forgery,44,29
data/processed/train/genuine/original_5_15.png,data/processed/train/forged/forgeries_5_21.png,0,skilled_forgery,5,5
data/processed/train/genuine/original_6_16.png,data/processed/train/genuine/original_6_3.png,1,genuine_genuine,6,6
data/processed/train/genuine/original_11_17.png,data/processed/train/genuine/original_11_20.png,1,genuine_genuine,11,11
data/processed/train/genuine/original_12_12.png,data/processed/train/forged/forgeries_12_18.png,0,skilled_forgery,12,12
data/processed/train/genuine/original_3_1.png,data/processed/train/genuine/original_3_11.png,1,genuine_genuine,3,3
data/processed/validation/genuine/original_40_21.png,data/processed/validation/genuine/original_40_3.png,1,genuine_genuine,40,40
data/processed/train/genuine/original_2_16.png,data/processed/train/genuine/original_2_22.png,1,genuine_genuine,2,2
data/processed/train/genuine/original_4_7.png,data/processed/train/forged/forgeries_4_16.png,0,skilled_forgery,4,4
data/processed/train/genuine/original_11_13.png,data/processed/train/genuine/original_11_2.png,1,genuine_genuine,11,11
data/processed/train/genuine/original_3_10.png,data/processed/train/genuine/original_3_11.png,1,genuine_genuine,3,3
data/processed/train/genuine/original_35_1.png,data/processed/train/genuine/original_35_22.png,1,genuine_genuine,35,35
data/processed/train/genuine/original_30_5.png,data/processed/train/forged/forgeries_30_2.png,0,skilled_forgery,30,30
data/processed/train/genuine/original_1_13.png,data/processed/train/genuine/original_18_21.png,0,random_forgery,1,18
data/processed/validation/genuine/original_41_5.png,data/processed/validation/genuine/original_41_7.png,1,genuine_genuine,41,41
data/processed/train/genuine/original_30_13.png,data/processed/train/genuine/original_30_9.png,1,genuine_genuine,30,30
data/processed/train/genuine/original_14_14.png,data/processed/train/genuine/original_14_19.png,1,genuine_genuine,14,14
data/processed/validation/genuine/original_37_12.png,data/processed/validation/genuine/original_37_20.png,1,genuine_genuine,37,37
data/processed/train/genuine/original_33_18.png,data/processed/train/genuine/original_33_3.png,1,genuine_genuine,33,33
data/processed/train/genuine/original_29_15.png,data/processed/train/genuine/original_29_23.png,1,genuine_genuine,29,29
data/processed/train/genuine/original_4_1.png,data/processed/train/genuine/original_4_19.png,1,genuine_genuine,4,4
data/processed/train/genuine/original_6_13.png,data/processed/train/genuine/original_6_4.png,1,genuine_genuine,6,6
data/processed/train/genuine/original_2_15.png,data/processed/train/genuine/original_2_6.png,1,genuine_genuine,2,2
data/processed/train/genuine/original_28_1.png,data/processed/train/genuine/original_28_22.png,1,genuine_genuine,28,28
data/processed/train/genuine/original_2_1.png,data/processed/train/genuine/original_2_5.png,1,genuine_genuine,2,2
data/processed/train/genuine/original_4_9.png,data/processed/train/forged/forgeries_4_22.png,0,skilled_forgery,4,4
data/processed/train/genuine/original_4_10.png,data/processed/validation/genuine/original_40_19.png,0,random_forgery,4,40
data/processed/train/genuine/original_17_17.png,data/processed/train/forged/forgeries_17_15.png,0,skilled_forgery,17,17
data/processed/validation/genuine/original_37_9.png,data/processed/validation/forged/forgeries_37_9.png,0,skilled_forgery,37,37
data/processed/validation/genuine/original_44_5.png,data/processed/validation/genuine/original_44_6.png,1,genuine_genuine,44,44
data/processed/train/genuine/original_18_7.png,data/processed/train/genuine/original_13_19.png,0,random_forgery,18,13
data/processed/train/genuine/original_18_13.png,data/processed/train/genuine/original_18_19.png,1,genuine_genuine,18,18
data/processed/train/genuine/original_33_18.png,data/processed/train/genuine/original_33_4.png,1,genuine_genuine,33,33
data/processed/train/genuine/original_18_13.png,data/processed/train/genuine/original_18_17.png,1,genuine_genuine,18,18
data/processed/validation/genuine/original_36_21.png,data/processed/validation/genuine/original_36_23.png,1,genuine_genuine,36,36
data/processed/train/genuine/original_6_11.png,data/processed/train/forged/forgeries_6_3.png,0,skilled_forgery,6,6
data/processed/train/genuine/original_12_15.png,data/processed/train/genuine/original_12_2.png,1,genuine_genuine,12,12
data/processed/validation/genuine/original_36_8.png,data/processed/validation/genuine/original_36_9.png,1,genuine_genuine,36,36
data/processed/train/genuine/original_31_15.png,data/processed/train/forged/forgeries_31_2.png,0,skilled_forgery,31,31
data/processed/train/genuine/original_28_22.png,data/processed/train/forged/forgeries_28_11.png,0,skilled_forgery,28,28
data/processed/train/genuine/original_11_18.png,data/processed/train/genuine/original_11_20.png,1,genuine_genuine,11,11
data/processed/train/genuine/original_29_23.png,data/processed/train/genuine/original_29_8.png,1,genuine_genuine,29,29
data/processed/validation/genuine/original_37_24.png,data/processed/validation/genuine/original_39_5.png,0,random_forgery,37,39
data/processed/train/genuine/original_14_22.png,data/processed/train/genuine/original_8_24.png,0,random_forgery,14,8
data/processed/train/genuine/original_16_14.png,data/processed/train/genuine/original_16_4.png,1,genuine_genuine,16,16
data/processed/train/genuine/original_9_7.png,data/processed/train/forged/forgeries_9_3.png,0,skilled_forgery,9,9
data/processed/validation/genuine/original_37_14.png,data/processed/validation/genuine/original_40_11.png,0,random_forgery,37,40
data/processed/validation/genuine/original_43_14.png,data/processed/validation/genuine/original_43_23.png,1,genuine_genuine,43,43
data/processed/train/genuine/original_1_16.png,data/processed/train/genuine/original_1_6.png,1,genuine_genuine,1,1
data/processed/train/genuine/original_8_18.png,data/processed/train/genuine/original_8_8.png,1,genuine_genuine,8,8
data/processed/validation/genuine/original_42_19.png,data/processed/validation/genuine/original_42_7.png,1,genuine_genuine,42,42
data/processed/validation/genuine/original_39_11.png,data/processed/validation/genuine/original_39_16.png,1,genuine_genuine,39,39
data/processed/train/genuine/original_12_21.png,data/processed/train/forged/forgeries_12_14.png,0,skilled_forgery,12,12
data/processed/train/genuine/original_33_5.png,data/processed/train/forged/forgeries_33_3.png,0,skilled_forgery,33,33
data/processed/train/genuine/original_34_10.png,data/processed/train/genuine/original_34_9.png,1,genuine_genuine,34,34
data/processed/validation/genuine/original_41_12.png,data/processed/validation/genuine/original_41_14.png,1,genuine_genuine,41,41
data/processed/train/genuine/original_9_3.png,data/processed/train/forged/forgeries_9_22.png,0,skilled_forgery,9,9
data/processed/validation/genuine/original_38_17.png,data/processed/validation/genuine/original_38_23.png,1,genuine_genuine,38,38
data/processed/train/genuine/original_35_4.png,data/processed/train/forged/forgeries_35_6.png,0,skilled_forgery,35,35
data/processed/train/genuine/original_16_12.png,data/processed/train/genuine/original_16_21.png,1,genuine_genuine,16,16
data/processed/train/genuine/original_7_16.png,data/processed/train/genuine/original_7_19.png,1,genuine_genuine,7,7
data/processed/train/genuine/original_2_17.png,data/processed/train/genuine/original_2_21.png,1,genuine_genuine,2,2
data/processed/validation/genuine/original_37_4.png,data/processed/validation/forged/forgeries_37_17.png,0,skilled_forgery,37,37
data/processed/train/genuine/original_4_20.png,data/processed/train/genuine/original_4_24.png,1,genuine_genuine,4,4
data/processed/train/genuine/original_35_2.png,data/processed/train/forged/forgeries_35_8.png,0,skilled_forgery,35,35
data/processed/train/genuine/original_3_22.png,data/processed/train/genuine/original_3_23.png,1,genuine_genuine,3,3
data/processed/train/genuine/original_7_1.png,data/processed/train/forged/forgeries_7_7.png,0,skilled_forgery,7,7
data/processed/train/genuine/original_3_12.png,data/processed/train/genuine/original_3_24.png,1,genuine_genuine,3,3
data/processed/train/genuine/original_13_19.png,data/processed/train/genuine/original_5_15.png,0,random_forgery,13,5
data/processed/train/genuine/original_13_20.png,data/processed/train/genuine/original_13_22.png,1,genuine_genuine,13,13
data/processed/validation/genuine/original_44_12.png,data/processed/validation/genuine/original_44_20.png,1,genuine_genuine,44,44
data/processed/train/genuine/original_3_13.png,data/processed/train/forged/forgeries_3_17.png,0,skilled_forgery,3,3
data/processed/validation/genuine/original_45_15.png,data/processed/validation/genuine/original_45_24.png,1,genuine_genuine,45,45
data/processed/train/genuine/original_18_1.png,data/processed/train/genuine/original_18_6.png,1,genuine_genuine,18,18
data/processed/train/genuine/original_18_16.png,data/processed/train/genuine/original_18_18.png,1,genuine_genuine,18,18
data/processed/train/genuine/original_7_18.png,data/processed/train/genuine/original_7_8.png,1,genuine_genuine,7,7
data/processed/validation/genuine/original_37_13.png,data/processed/validation/genuine/original_37_22.png,1,genuine_genuine,37,37
data/processed/train/genuine/original_8_10.png,data/processed/train/genuine/original_8_17.png,1,genuine_genuine,8,8
data/processed/validation/genuine/original_42_5.png,data/processed/validation/forged/forgeries_42_23.png,0,skilled_forgery,42,42
data/processed/train/genuine/original_33_19.png,data/processed/validation/genuine/original_37_10.png,0,random_forgery,33,37
data/processed/train/genuine/original_32_1.png,data/processed/train/genuine/original_32_2.png,1,genuine_genuine,32,32
data/processed/train/genuine/original_17_21.png,data/processed/train/genuine/original_17_9.png,1,genuine_genuine,17,17
data/processed/validation/genuine/original_36_11.png,data/processed/validation/genuine/original_36_22.png,1,genuine_genuine,36,36
data/processed/train/genuine/original_8_13.png,data/processed/train/genuine/original_8_21.png,1,genuine_genuine,8,8
data/processed/train/genuine/original_18_15.png,data/processed/train/genuine/original_18_3.png,1,genuine_genuine,18,18
data/processed/validation/genuine/original_38_19.png,data/processed/validation/genuine/original_38_8.png,1,genuine_genuine,38,38
data/processed/train/genuine/original_32_20.png,data/processed/train/genuine/original_32_23.png,1,genuine_genuine,32,32
data/processed/train/genuine/original_17_19.png,data/processed/train/genuine/original_32_1.png,0,random_forgery,17,32
data/processed/validation/genuine/original_39_4.png,data/processed/train/genuine/original_10_20.png,0,random_forgery,39,10
data/processed/train/genuine/original_11_11.png,data/processed/train/genuine/original_11_7.png,1,genuine_genuine,11,11
data/processed/train/genuine/original_14_11.png,data/processed/train/genuine/original_14_19.png,1,genuine_genuine,14,14
data/processed/train/genuine/original_29_9.png,data/processed/validation/genuine/original_43_17.png,0,random_forgery,29,43
data/processed/train/genuine/original_29_3.png,data/processed/train/forged/forgeries_29_18.png,0,skilled_forgery,29,29
data/processed/validation/genuine/original_37_12.png,data/processed/validation/genuine/original_37_7.png,1,genuine_genuine,37,37
data/processed/train/genuine/original_33_11.png,data/processed/validation/genuine/original_43_6.png,0,random_forgery,33,43
data/processed/train/genuine/original_10_18.png,data/processed/train/forged/forgeries_10_6.png,0,skilled_forgery,10,10
data/processed/train/genuine/original_6_18.png,data/processed/train/genuine/original_17_8.png,0,random_forgery,6,17
data/processed/train/genuine/original_9_13.png,data/processed/train/genuine/original_9_23.png,1,genuine_genuine,9,9
data/processed/train/genuine/original_28_14.png,data/processed/train/genuine/original_28_19.png,1,genuine_genuine,28,28
data/processed/train/genuine/original_35_10.png,data/processed/train/forged/forgeries_35_8.png,0,skilled_forgery,35,35
data/processed/train/genuine/original_4_16.png,data/processed/train/genuine/original_4_20.png,1,genuine_genuine,4,4
data/processed/train/genuine/original_5_18.png,data/processed/train/genuine/original_12_18.png,0,random_forgery,5,12
data/processed/train/genuine/original_31_16.png,data/processed/train/forged/forgeries_31_4.png,0,skilled_forgery,31,31
data/processed/train/genuine/original_34_18.png,data/processed/train/forged/forgeries_34_18.png,0,skilled_forgery,34,34
data/processed/train/genuine/original_10_5.png,data/processed/train/genuine/original_10_7.png,1,genuine_genuine,10,10
data/processed/train/genuine/original_13_15.png,data/processed/train/genuine/original_30_15.png,0,random_forgery,13,30
data/processed/train/genuine/original_34_20.png,data/processed/train/genuine/original_34_3.png,1,genuine_genuine,34,34
data/processed/train/genuine/original_7_11.png,data/processed/train/genuine/original_7_4.png,1,genuine_genuine,7,7
data/processed/train/genuine/original_4_23.png,data/processed/train/genuine/original_33_10.png,0,random_forgery,4,33
data/processed/train/genuine/original_4_20.png,data/processed/train/genuine/original_4_5.png,1,genuine_genuine,4,4
data/processed/train/genuine/original_29_4.png,data/processed/validation/genuine/original_36_14.png,0,random_forgery,29,36
data/processed/train/genuine/original_17_15.png,data/processed/train/genuine/original_17_21.png,1,genuine_genuine,17,17
data/processed/train/genuine/original_5_20.png,data/processed/train/genuine/original_5_3.png,1,genuine_genuine,5,5
data/processed/train/genuine/original_12_11.png,data/processed/train/genuine/original_13_10.png,0,random_forgery,12,13
data/processed/validation/genuine/original_39_1.png,data/processed/validation/genuine/original_39_12.png,1,genuine_genuine,39,39
data/processed/train/genuine/original_11_10.png,data/processed/train/genuine/original_30_18.png,0,random_forgery,11,30
data/processed/train/genuine/original_5_13.png,data/processed/train/genuine/original_5_24.png,1,genuine_genuine,5,5
data/processed/train/genuine/original_16_10.png,data/processed/train/genuine/original_16_4.png,1,genuine_genuine,16,16
data/processed/validation/genuine/original_38_19.png,data/processed/train/genuine/original_29_1.png,0,random_forgery,38,29
data/processed/train/genuine/original_11_19.png,data/processed/train/forged/forgeries_11_11.png,0,skilled_forgery,11,11
data/processed/train/genuine/original_12_17.png,data/processed/train/genuine/original_12_7.png,1,genuine_genuine,12,12
data/processed/train/genuine/original_2_24.png,data/processed/train/forged/forgeries_2_10.png,0,skilled_forgery,2,2
data/processed/train/genuine/original_33_19.png,data/processed/train/genuine/original_3_6.png,0,random_forgery,33,3
data/processed/train/genuine/original_29_19.png,data/processed/train/genuine/original_29_6.png,1,genuine_genuine,29,29
data/processed/train/genuine/original_9_5.png,data/processed/train/genuine/original_9_6.png,1,genuine_genuine,9,9
data/processed/train/genuine/original_5_13.png,data/processed/train/forged/forgeries_5_16.png,0,skilled_forgery,5,5
data/processed/validation/genuine/original_41_19.png,data/processed/validation/genuine/original_41_2.png,1,genuine_genuine,41,41
data/processed/validation/genuine/original_37_5.png,data/processed/validation/forged/forgeries_37_4.png,0,skilled_forgery,37,37
data/processed/train/genuine/original_14_13.png,data/processed/validation/genuine/original_42_16.png,0,random_forgery,14,42
data/processed/train/genuine/original_6_5.png,data/processed/train/forged/forgeries_6_13.png,0,skilled_forgery,6,6
data/processed/validation/genuine/original_36_19.png,data/processed/validation/genuine/original_36_24.png,1,genuine_genuine,36,36
data/processed/train/genuine/original_29_15.png,data/processed/validation/genuine/original_36_11.png,0,random_forgery,29,36
data/processed/train/genuine/original_34_22.png,data/processed/train/genuine/original_34_24.png,1,genuine_genuine,34,34
data/processed/train/genuine/original_13_16.png,data/processed/train/forged/forgeries_13_2.png,0,skilled_forgery,13,13
data/processed/train/genuine/original_28_20.png,data/processed/train/genuine/original_28_23.png,1,genuine_genuine,28,28
data/processed/train/genuine/original_32_10.png,data/processed/train/forged/forgeries_32_1.png,0,skilled_forgery,32,32
data/processed/validation/genuine/original_37_22.png,data/processed/train/genuine/original_6_17.png,0,random_forgery,37,6
data/processed/train/genuine/original_3_3.png,data/processed/train/genuine/original_3_4.png,1,genuine_genuine,3,3
data/processed/validation/genuine/original_40_20.png,data/processed/validation/genuine/original_37_7.png,0,random_forgery,40,37
data/processed/train/genuine/original_17_1.png,data/processed/train/genuine/original_17_8.png,1,genuine_genuine,17,17
data/processed/validation/genuine/original_41_3.png,data/processed/validation/genuine/original_41_9.png,1,genuine_genuine,41,41
data/processed/validation/genuine/original_39_13.png,data/processed/validation/genuine/original_39_17.png,1,genuine_genuine,39,39
data/processed/train/genuine/original_35_8.png,data/processed/train/forged/forgeries_35_24.png,0,skilled_forgery,35,35
data/processed/train/genuine/original_1_17.png,data/processed/train/genuine/original_17_16.png,0,random_forgery,1,17
data/processed/train/genuine/original_31_13.png,data/processed/train/forged/forgeries_31_2.png,0,skilled_forgery,31,31
data/processed/train/genuine/original_33_14.png,data/processed/train/genuine/original_33_16.png,1,genuine_genuine,33,33
data/processed/validation/genuine/original_45_16.png,data/processed/validation/genuine/original_45_22.png,1,genuine_genuine,45,45
data/processed/train/genuine/original_32_13.png,data/processed/train/genuine/original_15_17.png,0,random_forgery,32,15
data/processed/train/genuine/original_9_11.png,data/processed/train/genuine/original_9_13.png,1,genuine_genuine,9,9
data/processed/train/genuine/original_32_11.png,data/processed/train/genuine/original_32_6.png,1,genuine_genuine,32,32
data/processed/train/genuine/original_31_19.png,data/processed/train/forged/forgeries_31_2.png,0,skilled_forgery,31,31
data/processed/validation/genuine/original_37_3.png,data/processed/validation/genuine/original_37_5.png,1,genuine_genuine,37,37
data/processed/train/genuine/original_4_7.png,data/processed/validation/genuine/original_41_11.png,0,random_forgery,4,41
data/processed/train/genuine/original_28_23.png,data/processed/train/genuine/original_28_9.png,1,genuine_genuine,28,28
data/processed/validation/genuine/original_43_20.png,data/processed/validation/genuine/original_43_24.png,1,genuine_genuine,43,43
data/processed/validation/genuine/original_42_7.png,data/processed/validation/forged/forgeries_42_5.png,0,skilled_forgery,42,42
data/processed/train/genuine/original_6_18.png,data/processed/train/forged/forgeries_6_1.png,0,skilled_forgery,6,6
data/processed/train/genuine/original_18_9.png,data/processed/validation/genuine/original_36_9.png,0,random_forgery,18,36
data/processed/train/genuine/original_7_2.png,data/processed/train/forged/forgeries_7_20.png,0,skilled_forgery,7,7
data/processed/train/genuine/original_29_22.png,data/processed/train/genuine/original_29_7.png,1,genuine_genuine,29,29
data/processed/validation/genuine/original_36_13.png,data/processed/validation/forged/forgeries_36_6.png,0,skilled_forgery,36,36
data/processed/train/genuine/original_5_10.png,data/processed/train/forged/forgeries_5_12.png,0,skilled_forgery,5,5
data/processed/validation/genuine/original_38_14.png,data/processed/validation/forged/forgeries_38_7.png,0,skilled_forgery,38,38
data/processed/train/genuine/original_4_17.png,data/processed/train/genuine/original_4_18.png,1,genuine_genuine,4,4
data/processed/train/genuine/original_9_1.png,data/processed/train/genuine/original_9_6.png,1,genuine_genuine,9,9
data/processed/train/genuine/original_18_15.png,data/processed/train/genuine/original_18_6.png,1,genuine_genuine,18,18
data/processed/train/genuine/original_14_2.png,data/processed/train/forged/forgeries_14_10.png,0,skilled_forgery,14,14
data/processed/validation/genuine/original_43_1.png,data/processed/validation/forged/forgeries_43_6.png,0,skilled_forgery,43,43
data/processed/train/genuine/original_18_19.png,data/processed/train/genuine/original_18_22.png,1,genuine_genuine,18,18
data/processed/train/genuine/original_18_24.png,data/processed/train/forged/forgeries_18_20.png,0,skilled_forgery,18,18
data/processed/train/genuine/original_6_24.png,data/processed/train/forged/forgeries_6_16.png,0,skilled_forgery,6,6
data/processed/train/genuine/original_18_2.png,data/processed/train/forged/forgeries_18_11.png,0,skilled_forgery,18,18
data/processed/train/genuine/original_18_1.png,data/processed/train/genuine/original_18_16.png,1,genuine_genuine,18,18
data/processed/train/genuine/original_34_23.png,data/processed/validation/genuine/original_44_17.png,0,random_forgery,34,44
data/processed/validation/genuine/original_44_23.png,data/processed/train/genuine/original_32_10.png,0,random_forgery,44,32
data/processed/train/genuine/original_2_15.png,data/processed/train/genuine/original_2_23.png,1,genuine_genuine,2,2
data/processed/train/genuine/original_34_2.png,data/processed/train/forged/forgeries_34_19.png,0,skilled_forgery,34,34
data/processed/validation/genuine/original_41_15.png,data/processed/validation/genuine/original_41_16.png,1,genuine_genuine,41,41
data/processed/validation/genuine/original_44_7.png,data/processed/validation/forged/forgeries_44_6.png,0,skilled_forgery,44,44
data/processed/train/genuine/original_8_8.png,data/processed/train/forged/forgeries_8_5.png,0,skilled_forgery,8,8
data/processed/train/genuine/original_33_19.png,data/processed/train/genuine/original_33_24.png,1,genuine_genuine,33,33
data/processed/train/genuine/original_6_24.png,data/processed/validation/genuine/original_45_7.png,0,random_forgery,6,45
data/processed/train/genuine/original_12_9.png,data/processed/train/forged/forgeries_12_15.png,0,skilled_forgery,12,12
data/processed/validation/genuine/original_42_21.png,data/processed/validation/genuine/original_42_8.png,1,genuine_genuine,42,42
data/processed/validation/genuine/original_39_18.png,data/processed/validation/genuine/original_39_22.png,1,genuine_genuine,39,39
data/processed/train/genuine/original_11_1.png,data/processed/train/genuine/original_34_5.png,0,random_forgery,11,34
data/processed/validation/genuine/original_36_23.png,data/processed/train/genuine/original_7_3.png,0,random_forgery,36,7
data/processed/validation/genuine/original_40_20.png,data/processed/validation/genuine/original_40_24.png,1,genuine_genuine,40,40
data/processed/validation/genuine/original_36_10.png,data/processed/validation/genuine/original_36_9.png,1,genuine_genuine,36,36
data/processed/validation/genuine/original_40_9.png,data/processed/validation/forged/forgeries_40_16.png,0,skilled_forgery,40,40
data/processed/train/genuine/original_11_13.png,data/processed/train/genuine/original_11_19.png,1,genuine_genuine,11,11
data/processed/train/genuine/original_4_23.png,data/processed/train/forged/forgeries_4_24.png,0,skilled_forgery,4,4
data/processed/validation/genuine/original_36_23.png,data/processed/validation/genuine/original_36_3.png,1,genuine_genuine,36,36
data/processed/train/genuine/original_11_10.png,data/processed/train/forged/forgeries_11_23.png,0,skilled_forgery,11,11
data/processed/train/genuine/original_35_16.png,data/processed/train/genuine/original_34_7.png,0,random_forgery,35,34
data/processed/train/genuine/original_30_5.png,data/processed/train/genuine/original_30_6.png,1,genuine_genuine,30,30
data/processed/validation/genuine/original_41_11.png,data/processed/validation/forged/forgeries_41_23.png,0,skilled_forgery,41,41
data/processed/train/genuine/original_2_19.png,data/processed/train/genuine/original_2_20.png,1,genuine_genuine,2,2
data/processed/train/genuine/original_33_10.png,data/processed/train/genuine/original_33_3.png,1,genuine_genuine,33,33
data/processed/train/genuine/original_33_4.png,data/processed/train/genuine/original_1_11.png,0,random_forgery,33,1
data/processed/train/genuine/original_29_11.png,data/processed/train/genuine/original_29_6.png,1,genuine_genuine,29,29
data/processed/train/genuine/original_12_7.png,data/processed/train/forged/forgeries_12_5.png,0,skilled_forgery,12,12
data/processed/train/genuine/original_35_18.png,data/processed/train/genuine/original_35_7.png,1,genuine_genuine,35,35
data/processed/train/genuine/original_31_11.png,data/processed/train/forged/forgeries_31_1.png,0,skilled_forgery,31,31
data/processed/train/genuine/original_14_21.png,data/processed/train/genuine/original_34_9.png,0,random_forgery,14,34
data/processed/train/genuine/original_1_13.png,data/processed/train/genuine/original_1_4.png,1,genuine_genuine,1,1
data/processed/train/genuine/original_1_14.png,data/processed/train/genuine/original_1_5.png,1,genuine_genuine,1,1
data/processed/train/genuine/original_18_24.png,data/processed/train/genuine/original_18_9.png,1,genuine_genuine,18,18
data/processed/train/genuine/original_8_20.png,data/processed/train/genuine/original_8_21.png,1,genuine_genuine,8,8
data/processed/train/genuine/original_17_16.png,data/processed/train/forged/forgeries_17_12.png,0,skilled_forgery,17,17
data/processed/train/genuine/original_30_18.png,data/processed/train/genuine/original_30_5.png,1,genuine_genuine,30,30
data/processed/train/genuine/original_10_1.png,data/processed/train/genuine/original_10_23.png,1,genuine_genuine,10,10
data/processed/validation/genuine/original_40_10.png,data/processed/validation/forged/forgeries_40_18.png,0,skilled_forgery,40,40
data/processed/train/genuine/original_7_11.png,data/processed/train/genuine/original_7_6.png,1,genuine_genuine,7,7
data/processed/validation/genuine/original_40_10.png,data/processed/validation/forged/forgeries_40_20.png,0,skilled_forgery,40,40
data/processed/train/genuine/original_30_16.png,data/processed/train/genuine/original_30_22.png,1,genuine_genuine,30,30
data/processed/train/genuine/original_17_13.png,data/processed/train/genuine/original_17_2.png,1,genuine_genuine,17,17
data/processed/train/genuine/original_31_12.png,data/processed/train/genuine/original_31_16.png,1,genuine_genuine,31,31
data/processed/train/genuine/original_15_24.png,data/processed/train/genuine/original_15_8.png,1,genuine_genuine,15,15
data/processed/validation/genuine/original_41_4.png,data/processed/train/genuine/original_11_24.png,0,random_forgery,41,11
data/processed/train/genuine/original_13_11.png,data/processed/validation/genuine/original_38_23.png,0,random_forgery,13,38
data/processed/train/genuine/original_13_24.png,data/processed/train/genuine/original_13_7.png,1,genuine_genuine,13,13
data/processed/train/genuine/original_34_9.png,data/processed/train/forged/forgeries_34_24.png,0,skilled_forgery,34,34
data/processed/validation/genuine/original_37_12.png,data/processed/validation/forged/forgeries_37_12.png,0,skilled_forgery,37,37
data/processed/train/genuine/original_18_13.png,data/processed/train/genuine/original_18_14.png,1,genuine_genuine,18,18
data/processed/train/genuine/original_13_16.png,data/processed/train/genuine/original_13_23.png,1,genuine_genuine,13,13
data/processed/train/genuine/original_35_17.png,data/processed/train/genuine/original_35_8.png,1,genuine_genuine,35,35
data/processed/train/genuine/original_32_13.png,data/processed/train/forged/forgeries_32_6.png,0,skilled_forgery,32,32
data/processed/train/genuine/original_16_23.png,data/processed/train/genuine/original_16_4.png,1,genuine_genuine,16,16
data/processed/train/genuine/original_30_14.png,data/processed/train/genuine/original_30_8.png,1,genuine_genuine,30,30
data/processed/validation/genuine/original_41_19.png,data/processed/validation/genuine/original_41_21.png,1,genuine_genuine,41,41
data/processed/train/genuine/original_6_4.png,data/processed/train/forged/forgeries_6_24.png,0,skilled_forgery,6,6
data/processed/train/genuine/original_11_24.png,data/processed/train/genuine/original_11_9.png,1,genuine_genuine,11,11
data/processed/train/genuine/original_31_8.png,data/processed/train/forged/forgeries_31_22.png,0,skilled_forgery,31,31
data/processed/train/genuine/original_14_6.png,data/processed/train/forged/forgeries_14_2.png,0,skilled_forgery,14,14
data/processed/validation/genuine/original_42_20.png,data/processed/validation/genuine/original_42_4.png,1,genuine_genuine,42,42
data/processed/train/genuine/original_30_14.png,data/processed/train/genuine/original_30_15.png,1,genuine_genuine,30,30
data/processed/train/genuine/original_3_4.png,data/processed/train/genuine/original_3_8.png,1,genuine_genuine,3,3
data/processed/train/genuine/original_5_24.png,data/processed/train/genuine/original_11_5.png,0,random_forgery,5,11
data/processed/validation/genuine/original_38_15.png,data/processed/validation/forged/forgeries_38_2.png,0,skilled_forgery,38,38
data/processed/train/genuine/original_7_16.png,data/processed/train/genuine/original_7_5.png,1,genuine_genuine,7,7
data/processed/train/genuine/original_17_1.png,data/processed/train/forged/forgeries_17_12.png,0,skilled_forgery,17,17
data/processed/train/genuine/original_2_13.png,data/processed/train/genuine/original_2_8.png,1,genuine_genuine,2,2
data/processed/train/genuine/original_2_13.png,data/processed/train/genuine/original_33_4.png,0,random_forgery,2,33
data/processed/train/genuine/original_5_3.png,data/processed/train/genuine/original_5_7.png,1,genuine_genuine,5,5
data/processed/train/genuine/original_10_15.png,data/processed/train/genuine/original_7_24.png,0,random_forgery,10,7
data/processed/train/genuine/original_31_10.png,data/processed/train/genuine/original_31_24.png,1,genuine_genuine,31,31
data/processed/validation/genuine/original_45_20.png,data/processed/train/genuine/original_1_9.png,0,random_forgery,45,1
data/processed/train/genuine/original_32_11.png,data/processed/validation/genuine/original_41_3.png,0,random_forgery,32,41
data/processed/train/genuine/original_28_10.png,data/processed/train/forged/forgeries_28_22.png,0,skilled_forgery,28,28
data/processed/validation/genuine/original_39_12.png,data/processed/validation/genuine/original_39_8.png,1,genuine_genuine,39,39
data/processed/train/genuine/original_35_13.png,data/processed/train/genuine/original_35_24.png,1,genuine_genuine,35,35
data/processed/train/genuine/original_11_13.png,data/processed/train/genuine/original_11_3.png,1,genuine_genuine,11,11
data/processed/train/genuine/original_6_22.png,data/processed/train/genuine/original_6_4.png,1,genuine_genuine,6,6
data/processed/validation/genuine/original_45_22.png,data/processed/validation/genuine/original_42_20.png,0,random_forgery,45,42
data/processed/validation/genuine/original_39_1.png,data/processed/train/genuine/original_30_15.png,0,random_forgery,39,30
data/processed/train/genuine/original_16_17.png,data/processed/train/genuine/original_4_10.png,0,random_forgery,16,4
data/processed/train/genuine/original_2_13.png,data/processed/train/genuine/original_2_24.png,1,genuine_genuine,2,2
data/processed/train/genuine/original_34_1.png,data/processed/train/genuine/original_32_9.png,0,random_forgery,34,32
data/processed/validation/genuine/original_40_1.png,data/processed/train/genuine/original_9_4.png,0,random_forgery,40,9
data/processed/train/genuine/original_30_9.png,data/processed/validation/genuine/original_42_21.png,0,random_forgery,30,42
data/processed/validation/genuine/original_38_20.png,data/processed/train/genuine/original_10_19.png,0,random_forgery,38,10
data/processed/train/genuine/original_11_24.png,data/processed/train/forged/forgeries_11_23.png,0,skilled_forgery,11,11
data/processed/train/genuine/original_16_10.png,data/processed/train/genuine/original_18_23.png,0,random_forgery,16,18
data/processed/train/genuine/original_32_1.png,data/processed/train/genuine/original_32_21.png,1,genuine_genuine,32,32
data/processed/train/genuine/original_17_12.png,data/processed/train/genuine/original_17_5.png,1,genuine_genuine,17,17
data/processed/train/genuine/original_28_4.png,data/processed/train/forged/forgeries_28_9.png,0,skilled_forgery,28,28
data/processed/validation/genuine/original_42_11.png,data/processed/validation/genuine/original_42_2.png,1,genuine_genuine,42,42
data/processed/train/genuine/original_2_23.png,data/processed/train/genuine/original_2_6.png,1,genuine_genuine,2,2
data/processed/train/genuine/original_17_23.png,data/processed/train/genuine/original_6_13.png,0,random_forgery,17,6
data/processed/train/genuine/original_13_20.png,data/processed/train/forged/forgeries_13_5.png,0,skilled_forgery,13,13
data/processed/validation/genuine/original_45_14.png,data/processed/validation/genuine/original_45_8.png,1,genuine_genuine,45,45
data/processed/train/genuine/original_18_9.png,data/processed/train/genuine/original_10_4.png,0,random_forgery,18,10
data/processed/train/genuine/original_34_23.png,data/processed/validation/genuine/original_43_6.png,0,random_forgery,34,43
data/processed/train/genuine/original_5_13.png,data/processed/train/genuine/original_5_3.png,1,genuine_genuine,5,5
data/processed/validation/genuine/original_42_10.png,data/processed/validation/forged/forgeries_42_18.png,0,skilled_forgery,42,42
data/processed/validation/genuine/original_37_15.png,data/processed/validation/genuine/original_37_8.png,1,genuine_genuine,37,37
data/processed/validation/genuine/original_40_10.png,data/processed/validation/genuine/original_40_4.png,1,genuine_genuine,40,40
data/processed/train/genuine/original_29_1.png,data/processed/train/genuine/original_29_5.png,1,genuine_genuine,29,29
data/processed/validation/genuine/original_44_13.png,data/processed/validation/genuine/original_44_17.png,1,genuine_genuine,44,44
data/processed/train/genuine/original_13_1.png,data/processed/train/genuine/original_13_8.png,1,genuine_genuine,13,13
data/processed/validation/genuine/original_38_7.png,data/processed/validation/genuine/original_38_9.png,1,genuine_genuine,38,38
data/processed/train/genuine/original_8_16.png,data/processed/train/forged/forgeries_8_18.png,0,skilled_forgery,8,8
data/processed/train/genuine/original_17_6.png,data/processed/train/forged/forgeries_17_23.png,0,skilled_forgery,17,17
data/processed/train/genuine/original_5_11.png,data/processed/train/genuine/original_16_7.png,0,random_forgery,5,16
data/processed/train/genuine/original_9_1.png,data/processed/train/genuine/original_9_18.png,1,genuine_genuine,9,9
data/processed/validation/genuine/original_43_17.png,data/processed/validation/genuine/original_43_5.png,1,genuine_genuine,43,43
data/processed/train/genuine/original_34_6.png,data/processed/train/genuine/original_2_20.png,0,random_forgery,34,2
data/processed/train/genuine/original_10_10.png,data/processed/train/genuine/original_10_7.png,1,genuine_genuine,10,10
data/processed/train/genuine/original_5_18.png,data/processed/train/genuine/original_5_4.png,1,genuine_genuine,5,5
data/processed/train/genuine/original_34_17.png,data/processed/train/forged/forgeries_34_7.png,0,skilled_forgery,34,34
data/processed/train/genuine/original_8_14.png,data/processed/train/genuine/original_8_24.png,1,genuine_genuine,8,8
data/processed/train/genuine/original_35_7.png,data/processed/train/genuine/original_3_1.png,0,random_forgery,35,3
data/processed/train/genuine/original_7_20.png,data/processed/train/genuine/original_7_24.png,1,genuine_genuine,7,7
data/processed/train/genuine/original_13_10.png,data/processed/train/genuine/original_13_8.png,1,genuine_genuine,13,13
data/processed/train/genuine/original_32_17.png,data/processed/train/forged/forgeries_32_9.png,0,skilled_forgery,32,32
data/processed/validation/genuine/original_41_18.png,data/processed/validation/forged/forgeries_41_21.png,0,skilled_forgery,41,41
data/processed/train/genuine/original_13_10.png,data/processed/train/genuine/original_13_16.png,1,genuine_genuine,13,13
data/processed/train/genuine/original_9_1.png,data/processed/train/forged/forgeries_9_12.png,0,skilled_forgery,9,9
data/processed/train/genuine/original_34_7.png,data/processed/train/genuine/original_7_13.png,0,random_forgery,34,7
data/processed/train/genuine/original_29_2.png,data/processed/validation/genuine/original_43_15.png,0,random_forgery,29,43
data/processed/validation/genuine/original_43_1.png,data/processed/validation/genuine/original_41_13.png,0,random_forgery,43,41
data/processed/validation/genuine/original_45_11.png,data/processed/validation/genuine/original_45_7.png,1,genuine_genuine,45,45
data/processed/train/genuine/original_6_13.png,data/processed/validation/genuine/original_36_3.png,0,random_forgery,6,36
data/processed/train/genuine/original_12_15.png,data/processed/train/genuine/original_1_22.png,0,random_forgery,12,1
data/processed/train/genuine/original_32_4.png,data/processed/train/genuine/original_32_5.png,1,genuine_genuine,32,32
data/processed/train/genuine/original_34_7.png,data/processed/train/forged/forgeries_34_1.png,0,skilled_forgery,34,34
data/processed/train/genuine/original_15_19.png,data/processed/train/genuine/original_15_23.png,1,genuine_genuine,15,15
data/processed/train/genuine/original_34_3.png,data/processed/train/genuine/original_12_18.png,0,random_forgery,34,12
data/processed/train/genuine/original_6_8.png,data/processed/train/genuine/original_3_24.png,0,random_forgery,6,3
data/processed/train/genuine/original_34_19.png,data/processed/train/forged/forgeries_34_11.png,0,skilled_forgery,34,34
data/processed/train/genuine/original_33_20.png,data/processed/train/genuine/original_33_4.png,1,genuine_genuine,33,33
data/processed/validation/genuine/original_38_1.png,data/processed/validation/genuine/original_38_17.png,1,genuine_genuine,38,38
data/processed/train/genuine/original_8_5.png,data/processed/train/forged/forgeries_8_17.png,0,skilled_forgery,8,8
data/processed/train/genuine/original_35_5.png,data/processed/train/forged/forgeries_35_20.png,0,skilled_forgery,35,35
data/processed/train/genuine/original_28_12.png,data/processed/train/genuine/original_28_5.png,1,genuine_genuine,28,28
data/processed/train/genuine/original_12_12.png,data/processed/train/forged/forgeries_12_23.png,0,skilled_forgery,12,12
data/processed/train/genuine/original_28_12.png,data/processed/train/genuine/original_28_13.png,1,genuine_genuine,28,28
data/processed/train/genuine/original_28_7.png,data/processed/train/genuine/original_28_8.png,1,genuine_genuine,28,28
data/processed/train/genuine/original_7_19.png,data/processed/train/forged/forgeries_7_18.png,0,skilled_forgery,7,7
data/processed/validation/genuine/original_39_10.png,data/processed/validation/genuine/original_39_22.png,1,genuine_genuine,39,39
data/processed/train/genuine/original_2_24.png,data/processed/train/genuine/original_2_7.png,1,genuine_genuine,2,2
data/processed/train/genuine/original_9_24.png,data/processed/train/genuine/original_1_20.png,0,random_forgery,9,1
data/processed/train/genuine/original_15_22.png,data/processed/train/genuine/original_15_3.png,1,genuine_genuine,15,15
data/processed/train/genuine/original_7_19.png,data/processed/train/forged/forgeries_7_3.png,0,skilled_forgery,7,7
data/processed/train/genuine/original_15_17.png,data/processed/train/genuine/original_15_5.png,1,genuine_genuine,15,15
data/processed/train/genuine/original_8_15.png,data/processed/train/genuine/original_8_16.png,1,genuine_genuine,8,8
data/processed/train/genuine/original_6_2.png,data/processed/train/genuine/original_6_4.png,1,genuine_genuine,6,6
data/processed/train/genuine/original_32_3.png,data/processed/train/genuine/original_32_5.png,1,genuine_genuine,32,32
data/processed/train/genuine/original_13_17.png,data/processed/train/genuine/original_13_5.png,1,genuine_genuine,13,13
data/processed/validation/genuine/original_44_5.png,data/processed/validation/forged/forgeries_44_10.png,0,skilled_forgery,44,44
data/processed/train/genuine/original_4_19.png,data/processed/train/genuine/original_4_8.png,1,genuine_genuine,4,4
data/processed/train/genuine/original_2_9.png,data/processed/train/forged/forgeries_2_3.png,0,skilled_forgery,2,2
data/processed/validation/genuine/original_42_3.png,data/processed/validation/genuine/original_42_8.png,1,genuine_genuine,42,42
data/processed/train/genuine/original_32_24.png,data/processed/train/genuine/original_28_9.png,0,random_forgery,32,28
data/processed/validation/genuine/original_43_1.png,data/processed/train/genuine/original_33_23.png,0,random_forgery,43,33
data/processed/train/genuine/original_15_14.png,data/processed/train/genuine/original_15_21.png,1,genuine_genuine,15,15
data/processed/train/genuine/original_35_18.png,data/processed/train/genuine/original_35_4.png,1,genuine_genuine,35,35
data/processed/train/genuine/original_8_11.png,data/processed/train/forged/forgeries_8_1.png,0,skilled_forgery,8,8
data/processed/train/genuine/original_13_16.png,data/processed/train/genuine/original_13_18.png,1,genuine_genuine,13,13
data/processed/train/genuine/original_28_16.png,data/processed/train/forged/forgeries_28_24.png,0,skilled_forgery,28,28
data/processed/train/genuine/original_2_4.png,data/processed/train/genuine/original_29_12.png,0,random_forgery,2,29
data/processed/validation/genuine/original_37_21.png,data/processed/train/genuine/original_6_4.png,0,random_forgery,37,6
data/processed/validation/genuine/original_44_19.png,data/processed/validation/forged/forgeries_44_23.png,0,skilled_forgery,44,44
data/processed/validation/genuine/original_43_17.png,data/processed/validation/forged/forgeries_43_1.png,0,skilled_forgery,43,43
data/processed/train/genuine/original_9_12.png,data/processed/train/genuine/original_9_17.png,1,genuine_genuine,9,9
data/processed/train/genuine/original_33_21.png,data/processed/train/genuine/original_33_7.png,1,genuine_genuine,33,33
data/processed/validation/genuine/original_40_6.png,data/processed/train/genuine/original_28_3.png,0,random_forgery,40,28
data/processed/train/genuine/original_30_13.png,data/processed/train/forged/forgeries_30_6.png,0,skilled_forgery,30,30
data/processed/validation/genuine/original_45_24.png,data/processed/validation/forged/forgeries_45_17.png,0,skilled_forgery,45,45
data/processed/train/genuine/original_35_1.png,data/processed/train/forged/forgeries_35_15.png,0,skilled_forgery,35,35
data/processed/train/genuine/original_10_19.png,data/processed/train/forged/forgeries_10_22.png,0,skilled_forgery,10,10
data/processed/train/genuine/original_5_5.png,data/processed/train/genuine/original_11_22.png,0,random_forgery,5,11
data/processed/train/genuine/original_6_10.png,data/processed/train/genuine/original_6_23.png,1,genuine_genuine,6,6
data/processed/validation/genuine/original_40_12.png,data/processed/validation/genuine/original_40_8.png,1,genuine_genuine,40,40
data/processed/train/genuine/original_34_14.png,data/processed/train/forged/forgeries_34_1.png,0,skilled_forgery,34,34
data/processed/train/genuine/original_33_4.png,data/processed/validation/genuine/original_42_1.png,0,random_forgery,33,42
data/processed/train/genuine/original_33_5.png,data/processed/train/genuine/original_33_8.png,1,genuine_genuine,33,33
data/processed/train/genuine/original_13_11.png,data/processed/train/genuine/original_11_11.png,0,random_forgery,13,11
data/processed/train/genuine/original_10_12.png,data/processed/train/genuine/original_10_20.png,1,genuine_genuine,10,10
data/processed/validation/genuine/original_40_8.png,data/processed/validation/forged/forgeries_40_10.png,0,skilled_forgery,40,40
data/processed/train/genuine/original_10_18.png,data/processed/train/genuine/original_10_3.png,1,genuine_genuine,10,10
data/processed/train/genuine/original_7_13.png,data/processed/train/genuine/original_7_14.png,1,genuine_genuine,7,7
data/processed/train/genuine/original_29_4.png,data/processed/train/genuine/original_16_8.png,0,random_forgery,29,16
data/processed/train/genuine/original_15_15.png,data/processed/train/forged/forgeries_15_11.png,0,skilled_forgery,15,15
data/processed/train/genuine/original_11_14.png,data/processed/train/genuine/original_11_17.png,1,genuine_genuine,11,11
data/processed/validation/genuine/original_39_20.png,data/processed/validation/genuine/original_39_9.png,1,genuine_genuine,39,39
data/processed/train/genuine/original_6_13.png,data/processed/train/forged/forgeries_6_15.png,0,skilled_forgery,6,6
data/processed/train/genuine/original_31_20.png,data/processed/train/genuine/original_31_8.png,1,genuine_genuine,31,31
data/processed/train/genuine/original_5_13.png,data/processed/train/genuine/original_5_6.png,1,genuine_genuine,5,5
data/processed/train/genuine/original_34_3.png,data/processed/validation/genuine/original_40_3.png,0,random_forgery,34,40
data/processed/validation/genuine/original_43_20.png,data/processed/validation/genuine/original_43_5.png,1,genuine_genuine,43,43
data/processed/train/genuine/original_18_17.png,data/processed/train/genuine/original_18_5.png,1,genuine_genuine,18,18
data/processed/train/genuine/original_8_21.png,data/processed/train/genuine/original_8_4.png,1,genuine_genuine,8,8
data/processed/train/genuine/original_7_17.png,data/processed/train/genuine/original_7_23.png,1,genuine_genuine,7,7
data/processed/train/genuine/original_11_22.png,data/processed/train/genuine/original_11_5.png,1,genuine_genuine,11,11
data/processed/train/genuine/original_16_9.png,data/processed/train/forged/forgeries_16_7.png,0,skilled_forgery,16,16
data/processed/validation/genuine/original_40_21.png,data/processed/validation/genuine/original_40_4.png,1,genuine_genuine,40,40
data/processed/train/genuine/original_12_16.png,data/processed/train/genuine/original_12_6.png,1,genuine_genuine,12,12
data/processed/validation/genuine/original_42_6.png,data/processed/validation/forged/forgeries_42_13.png,0,skilled_forgery,42,42
data/processed/validation/genuine/original_43_7.png,data/processed/validation/forged/forgeries_43_8.png,0,skilled_forgery,43,43
data/processed/train/genuine/original_5_10.png,data/processed/train/forged/forgeries_5_9.png,0,skilled_forgery,5,5
data/processed/train/genuine/original_6_19.png,data/processed/train/genuine/original_6_23.png,1,genuine_genuine,6,6
data/processed/train/genuine/original_13_16.png,data/processed/train/genuine/original_13_4.png,1,genuine_genuine,13,13
data/processed/train/genuine/original_32_14.png,data/processed/train/genuine/original_32_16.png,1,genuine_genuine,32,32
data/processed/train/genuine/original_6_5.png,data/processed/train/forged/forgeries_6_19.png,0,skilled_forgery,6,6
data/processed/train/genuine/original_14_24.png,data/processed/validation/genuine/original_42_17.png,0,random_forgery,14,42
data/processed/train/genuine/original_14_16.png,data/processed/train/genuine/original_14_22.png,1,genuine_genuine,14,14
data/processed/validation/genuine/original_45_13.png,data/processed/validation/genuine/original_45_21.png,1,genuine_genuine,45,45
data/processed/validation/genuine/original_45_13.png,data/processed/train/genuine/original_34_15.png,0,random_forgery,45,34
data/processed/train/genuine/original_33_17.png,data/processed/train/genuine/original_33_19.png,1,genuine_genuine,33,33
data/processed/train/genuine/original_10_22.png,data/processed/train/forged/forgeries_10_8.png,0,skilled_forgery,10,10
data/processed/train/genuine/original_3_4.png,data/processed/train/forged/forgeries_3_20.png,0,skilled_forgery,3,3
data/processed/train/genuine/original_15_14.png,data/processed/train/forged/forgeries_15_18.png,0,skilled_forgery,15,15
data/processed/train/genuine/original_33_11.png,data/processed/train/genuine/original_33_23.png,1,genuine_genuine,33,33
data/processed/train/genuine/original_12_10.png,data/processed/train/genuine/original_17_13.png,0,random_forgery,12,17
data/processed/train/genuine/original_11_6.png,data/processed/train/forged/forgeries_11_23.png,0,skilled_forgery,11,11
data/processed/train/genuine/original_2_18.png,data/processed/train/forged/forgeries_2_10.png,0,skilled_forgery,2,2
data/processed/validation/genuine/original_40_16.png,data/processed/validation/genuine/original_40_5.png,1,genuine_genuine,40,40
data/processed/validation/genuine/original_44_11.png,data/processed/validation/genuine/original_44_21.png,1,genuine_genuine,44,44
data/processed/train/genuine/original_18_14.png,data/processed/train/genuine/original_18_24.png,1,genuine_genuine,18,18
data/processed/validation/genuine/original_42_10.png,data/processed/validation/genuine/original_42_7.png,1,genuine_genuine,42,42
data/processed/validation/genuine/original_38_11.png,data/processed/train/genuine/original_31_8.png,0,random_forgery,38,31
data/processed/validation/genuine/original_39_6.png,data/processed/validation/forged/forgeries_39_15.png,0,skilled_forgery,39,39
data/processed/train/genuine/original_8_11.png,data/processed/train/genuine/original_8_22.png,1,genuine_genuine,8,8
data/processed/train/genuine/original_31_10.png,data/processed/train/forged/forgeries_31_10.png,0,skilled_forgery,31,31
data/processed/train/genuine/original_5_4.png,data/processed/train/genuine/original_5_6.png,1,genuine_genuine,5,5
data/processed/train/genuine/original_31_18.png,data/processed/train/forged/forgeries_31_24.png,0,skilled_forgery,31,31
data/processed/validation/genuine/original_37_16.png,data/processed/train/genuine/original_30_10.png,0,random_forgery,37,30
data/processed/train/genuine/original_34_15.png,data/processed/train/genuine/original_12_3.png,0,random_forgery,34,12
data/processed/train/genuine/original_29_16.png,data/processed/train/forged/forgeries_29_20.png,0,skilled_forgery,29,29
data/processed/train/genuine/original_1_12.png,data/processed/train/forged/forgeries_1_14.png,0,skilled_forgery,1,1
data/processed/train/genuine/original_35_4.png,data/processed/validation/genuine/original_44_6.png,0,random_forgery,35,44
data/processed/validation/genuine/original_37_18.png,data/processed/validation/forged/forgeries_37_21.png,0,skilled_forgery,37,37
data/processed/train/genuine/original_7_20.png,data/processed/train/forged/forgeries_7_5.png,0,skilled_forgery,7,7
data/processed/validation/genuine/original_43_24.png,data/processed/validation/forged/forgeries_43_14.png,0,skilled_forgery,43,43
data/processed/validation/genuine/original_43_16.png,data/processed/validation/forged/forgeries_43_5.png,0,skilled_forgery,43,43
data/processed/train/genuine/original_18_7.png,data/processed/train/forged/forgeries_18_17.png,0,skilled_forgery,18,18
data/processed/validation/genuine/original_38_7.png,data/processed/train/genuine/original_29_9.png,0,random_forgery,38,29
data/processed/train/genuine/original_12_13.png,data/processed/train/genuine/original_14_10.png,0,random_forgery,12,14
data/processed/validation/genuine/original_41_8.png,data/processed/validation/forged/forgeries_41_23.png,0,skilled_forgery,41,41
data/processed/train/genuine/original_13_11.png,data/processed/train/forged/forgeries_13_2.png,0,skilled_forgery,13,13
data/processed/train/genuine/original_17_9.png,data/processed/train/forged/forgeries_17_14.png,0,skilled_forgery,17,17
data/processed/train/genuine/original_33_20.png,data/processed/train/forged/forgeries_33_22.png,0,skilled_forgery,33,33
data/processed/train/genuine/original_6_17.png,data/processed/train/genuine/original_6_22.png,1,genuine_genuine,6,6
data/processed/train/genuine/original_14_10.png,data/processed/train/genuine/original_14_20.png,1,genuine_genuine,14,14
data/processed/train/genuine/original_15_13.png,data/processed/train/forged/forgeries_15_10.png,0,skilled_forgery,15,15
data/processed/train/genuine/original_35_1.png,data/processed/train/forged/forgeries_35_22.png,0,skilled_forgery,35,35
data/processed/train/genuine/original_13_22.png,data/processed/train/genuine/original_13_7.png,1,genuine_genuine,13,13
data/processed/validation/genuine/original_36_20.png,data/processed/train/genuine/original_13_8.png,0,random_forgery,36,13
data/processed/train/genuine/original_31_11.png,data/processed/train/genuine/original_31_16.png,1,genuine_genuine,31,31
data/processed/train/genuine/original_6_18.png,data/processed/train/genuine/original_6_4.png,1,genuine_genuine,6,6
data/processed/train/genuine/original_35_18.png,data/processed/train/genuine/original_35_24.png,1,genuine_genuine,35,35
data/processed/train/genuine/original_13_11.png,data/processed/train/genuine/original_13_12.png,1,genuine_genuine,13,13
data/processed/train/genuine/original_28_22.png,data/processed/train/genuine/original_17_17.png,0,random_forgery,28,17
data/processed/validation/genuine/original_40_23.png,data/processed/validation/genuine/original_40_3.png,1,genuine_genuine,40,40
data/processed/train/genuine/original_12_18.png,data/processed/train/genuine/original_1_17.png,0,random_forgery,12,1
data/processed/train/genuine/original_16_7.png,data/processed/train/genuine/original_1_2.png,0,random_forgery,16,1
data/processed/validation/genuine/original_39_19.png,data/processed/train/genuine/original_11_10.png,0,random_forgery,39,11
data/processed/train/genuine/original_31_3.png,data/processed/train/genuine/original_31_8.png,1,genuine_genuine,31,31
data/processed/train/genuine/original_16_7.png,data/processed/validation/genuine/original_36_3.png,0,random_forgery,16,36
data/processed/validation/genuine/original_37_21.png,data/processed/train/genuine/original_8_14.png,0,random_forgery,37,8
data/processed/validation/genuine/original_44_15.png,data/processed/validation/genuine/original_44_7.png,1,genuine_genuine,44,44
data/processed/train/genuine/original_34_6.png,data/processed/train/forged/forgeries_34_6.png,0,skilled_forgery,34,34
data/processed/train/genuine/original_8_1.png,data/processed/train/genuine/original_8_16.png,1,genuine_genuine,8,8
data/processed/train/genuine/original_5_17.png,data/processed/train/forged/forgeries_5_18.png,0,skilled_forgery,5,5
data/processed/validation/genuine/original_38_15.png,data/processed/train/genuine/original_30_7.png,0,random_forgery,38,30
data/processed/train/genuine/original_16_1.png,data/processed/train/genuine/original_16_24.png,1,genuine_genuine,16,16
data/processed/train/genuine/original_4_19.png,data/processed/train/genuine/original_4_6.png,1,genuine_genuine,4,4
data/processed/train/genuine/original_1_13.png,data/processed/validation/genuine/original_44_2.png,0,random_forgery,1,44
data/processed/train/genuine/original_5_9.png,data/processed/train/genuine/original_13_9.png,0,random_forgery,5,13
data/processed/train/genuine/original_5_10.png,data/processed/train/genuine/original_4_5.png,0,random_forgery,5,4
data/processed/validation/genuine/original_40_4.png,data/processed/validation/forged/forgeries_40_19.png,0,skilled_forgery,40,40
data/processed/train/genuine/original_7_10.png,data/processed/train/forged/forgeries_7_21.png,0,skilled_forgery,7,7
data/processed/train/genuine/original_32_23.png,data/processed/train/forged/forgeries_32_12.png,0,skilled_forgery,32,32
data/processed/train/genuine/original_33_6.png,data/processed/train/forged/forgeries_33_8.png,0,skilled_forgery,33,33
data/processed/validation/genuine/original_41_1.png,data/processed/validation/forged/forgeries_41_14.png,0,skilled_forgery,41,41
data/processed/validation/genuine/original_43_5.png,data/processed/validation/forged/forgeries_43_19.png,0,skilled_forgery,43,43
data/processed/train/genuine/original_8_10.png,data/processed/train/genuine/original_8_23.png,1,genuine_genuine,8,8
data/processed/validation/genuine/original_45_1.png,data/processed/validation/forged/forgeries_45_9.png,0,skilled_forgery,45,45
data/processed/train/genuine/original_32_18.png,data/processed/train/genuine/original_32_19.png,1,genuine_genuine,32,32
data/processed/train/genuine/original_14_12.png,data/processed/train/genuine/original_14_5.png,1,genuine_genuine,14,14
data/processed/validation/genuine/original_41_12.png,data/processed/validation/genuine/original_41_8.png,1,genuine_genuine,41,41
data/processed/validation/genuine/original_43_13.png,data/processed/validation/genuine/original_43_6.png,1,genuine_genuine,43,43
data/processed/train/genuine/original_30_21.png,data/processed/train/genuine/original_30_8.png,1,genuine_genuine,30,30
data/processed/train/genuine/original_3_17.png,data/processed/train/forged/forgeries_3_4.png,0,skilled_forgery,3,3
data/processed/train/genuine/original_15_5.png,data/processed/train/genuine/original_8_18.png,0,random_forgery,15,8
data/processed/train/genuine/original_35_13.png,data/processed/train/genuine/original_35_4.png,1,genuine_genuine,35,35
data/processed/train/genuine/original_5_6.png,data/processed/train/genuine/original_4_14.png,0,random_forgery,5,4
data/processed/train/genuine/original_18_11.png,data/processed/train/genuine/original_18_16.png,1,genuine_genuine,18,18
data/processed/train/genuine/original_15_11.png,data/processed/train/genuine/original_28_5.png,0,random_forgery,15,28
data/processed/train/genuine/original_16_3.png,data/processed/train/genuine/original_16_7.png,1,genuine_genuine,16,16
data/processed/train/genuine/original_32_9.png,data/processed/train/genuine/original_18_2.png,0,random_forgery,32,18
data/processed/train/genuine/original_5_17.png,data/processed/train/genuine/original_5_22.png,1,genuine_genuine,5,5
data/processed/validation/genuine/original_43_18.png,data/processed/validation/genuine/original_43_20.png,1,genuine_genuine,43,43
data/processed/train/genuine/original_2_5.png,data/processed/train/genuine/original_2_7.png,1,genuine_genuine,2,2
data/processed/train/genuine/original_13_14.png,data/processed/train/forged/forgeries_13_15.png,0,skilled_forgery,13,13
data/processed/train/genuine/original_30_10.png,data/processed/train/genuine/original_30_13.png,1,genuine_genuine,30,30
data/processed/train/genuine/original_9_1.png,data/processed/train/forged/forgeries_9_8.png,0,skilled_forgery,9,9
data/processed/train/genuine/original_12_10.png,data/processed/train/genuine/original_12_18.png,1,genuine_genuine,12,12
data/processed/train/genuine/original_13_4.png,data/processed/train/forged/forgeries_13_11.png,0,skilled_forgery,13,13
data/processed/train/genuine/original_5_13.png,data/processed/train/forged/forgeries_5_3.png,0,skilled_forgery,5,5
data/processed/validation/genuine/original_39_17.png,data/processed/validation/genuine/original_39_22.png,1,genuine_genuine,39,39
data/processed/train/genuine/original_12_22.png,data/processed/train/genuine/original_12_8.png,1,genuine_genuine,12,12
data/processed/validation/genuine/original_40_11.png,data/processed/validation/genuine/original_40_21.png,1,genuine_genuine,40,40
data/processed/train/genuine/original_8_21.png,data/processed/train/genuine/original_34_20.png,0,random_forgery,8,34
data/processed/train/genuine/original_32_6.png,data/processed/train/forged/forgeries_32_21.png,0,skilled_forgery,32,32
data/processed/validation/genuine/original_37_19.png,data/processed/validation/forged/forgeries_37_6.png,0,skilled_forgery,37,37
data/processed/train/genuine/original_29_8.png,data/processed/train/forged/forgeries_29_7.png,0,skilled_forgery,29,29
data/processed/train/genuine/original_17_11.png,data/processed/train/genuine/original_17_13.png,1,genuine_genuine,17,17
data/processed/train/genuine/original_3_3.png,data/processed/train/forged/forgeries_3_15.png,0,skilled_forgery,3,3
data/processed/validation/genuine/original_37_1.png,data/processed/validation/genuine/original_37_21.png,1,genuine_genuine,37,37
data/processed/train/genuine/original_12_12.png,data/processed/train/genuine/original_12_13.png,1,genuine_genuine,12,12
data/processed/train/genuine/original_30_19.png,data/processed/train/genuine/original_30_9.png,1,genuine_genuine,30,30
data/processed/train/genuine/original_2_6.png,data/processed/train/forged/forgeries_2_5.png,0,skilled_forgery,2,2
data/processed/train/genuine/original_16_22.png,data/processed/train/genuine/original_3_15.png,0,random_forgery,16,3
data/processed/train/genuine/original_7_23.png,data/processed/train/genuine/original_7_9.png,1,genuine_genuine,7,7
data/processed/validation/genuine/original_43_10.png,data/processed/validation/genuine/original_43_21.png,1,genuine_genuine,43,43
data/processed/train/genuine/original_8_21.png,data/processed/train/forged/forgeries_8_14.png,0,skilled_forgery,8,8
data/processed/train/genuine/original_11_9.png,data/processed/train/forged/forgeries_11_2.png,0,skilled_forgery,11,11
data/processed/validation/genuine/original_40_1.png,data/processed/validation/genuine/original_40_3.png,1,genuine_genuine,40,40
data/processed/validation/genuine/original_43_9.png,data/processed/validation/forged/forgeries_43_12.png,0,skilled_forgery,43,43
data/processed/train/genuine/original_7_6.png,data/processed/validation/genuine/original_41_24.png,0,random_forgery,7,41
data/processed/train/genuine/original_32_3.png,data/processed/train/genuine/original_32_6.png,1,genuine_genuine,32,32
data/processed/train/genuine/original_14_10.png,data/processed/train/genuine/original_14_5.png,1,genuine_genuine,14,14
data/processed/train/genuine/original_4_20.png,data/processed/train/genuine/original_1_17.png,0,random_forgery,4,1
data/processed/train/genuine/original_5_9.png,data/processed/train/forged/forgeries_5_15.png,0,skilled_forgery,5,5
data/processed/validation/genuine/original_40_6.png,data/processed/train/genuine/original_18_13.png,0,random_forgery,40,18
data/processed/validation/genuine/original_41_16.png,data/processed/validation/genuine/original_41_20.png,1,genuine_genuine,41,41
data/processed/train/genuine/original_11_5.png,data/processed/train/forged/forgeries_11_12.png,0,skilled_forgery,11,11
data/processed/validation/genuine/original_41_7.png,data/processed/validation/genuine/original_41_9.png,1,genuine_genuine,41,41
data/processed/train/genuine/original_6_23.png,data/processed/train/genuine/original_6_9.png,1,genuine_genuine,6,6
data/processed/train/genuine/original_12_15.png,data/processed/train/genuine/original_12_24.png,1,genuine_genuine,12,12
data/processed/validation/genuine/original_42_15.png,data/processed/validation/genuine/original_42_4.png,1,genuine_genuine,42,42
data/processed/validation/genuine/original_45_24.png,data/processed/validation/forged/forgeries_45_7.png,0,skilled_forgery,45,45
data/processed/validation/genuine/original_43_1.png,data/processed/validation/genuine/original_43_4.png,1,genuine_genuine,43,43
data/processed/train/genuine/original_9_8.png,data/processed/train/genuine/original_11_19.png,0,random_forgery,9,11
data/processed/train/genuine/original_1_18.png,data/processed/train/forged/forgeries_1_4.png,0,skilled_forgery,1,1
data/processed/train/genuine/original_28_22.png,data/processed/train/forged/forgeries_28_7.png,0,skilled_forgery,28,28
data/processed/validation/genuine/original_42_13.png,data/processed/validation/genuine/original_36_18.png,0,random_forgery,42,36
data/processed/train/genuine/original_34_13.png,data/processed/train/genuine/original_11_20.png,0,random_forgery,34,11
data/processed/validation/genuine/original_40_6.png,data/processed/validation/forged/forgeries_40_19.png,0,skilled_forgery,40,40
data/processed/train/genuine/original_1_1.png,data/processed/train/genuine/original_28_23.png,0,random_forgery,1,28
data/processed/train/genuine/original_18_3.png,data/processed/train/genuine/original_18_9.png,1,genuine_genuine,18,18
data/processed/train/genuine/original_7_11.png,data/processed/train/forged/forgeries_7_9.png,0,skilled_forgery,7,7
data/processed/train/genuine/original_4_24.png,data/processed/train/genuine/original_4_7.png,1,genuine_genuine,4,4
data/processed/train/genuine/original_11_10.png,data/processed/train/genuine/original_11_7.png,1,genuine_genuine,11,11
data/processed/train/genuine/original_5_21.png,data/processed/train/forged/forgeries_5_16.png,0,skilled_forgery,5,5
data/processed/train/genuine/original_1_6.png,data/processed/train/forged/forgeries_1_19.png,0,skilled_forgery,1,1
data/processed/train/genuine/original_30_21.png,data/processed/train/forged/forgeries_30_4.png,0,skilled_forgery,30,30
data/processed/train/genuine/original_10_2.png,data/processed/train/forged/forgeries_10_15.png,0,skilled_forgery,10,10
data/processed/train/genuine/original_33_24.png,data/processed/train/genuine/original_33_9.png,1,genuine_genuine,33,33
data/processed/train/genuine/original_4_4.png,data/processed/train/genuine/original_4_9.png,1,genuine_genuine,4,4
data/processed/train/genuine/original_18_12.png,data/processed/train/genuine/original_18_19.png,1,genuine_genuine,18,18
data/processed/train/genuine/original_5_21.png,data/processed/train/forged/forgeries_5_15.png,0,skilled_forgery,5,5
data/processed/train/genuine/original_4_2.png,data/processed/train/genuine/original_4_9.png,1,genuine_genuine,4,4
data/processed/train/genuine/original_5_13.png,data/processed/train/genuine/original_5_8.png,1,genuine_genuine,5,5
data/processed/train/genuine/original_31_22.png,data/processed/train/forged/forgeries_31_8.png,0,skilled_forgery,31,31
data/processed/validation/genuine/original_37_6.png,data/processed/validation/genuine/original_37_7.png,1,genuine_genuine,37,37
data/processed/train/genuine/original_9_12.png,data/processed/train/genuine/original_9_23.png,1,genuine_genuine,9,9
data/processed/train/genuine/original_10_5.png,data/processed/train/genuine/original_13_5.png,0,random_forgery,10,13
data/processed/train/genuine/original_7_17.png,data/processed/train/forged/forgeries_7_19.png,0,skilled_forgery,7,7
data/processed/validation/genuine/original_44_12.png,data/processed/train/genuine/original_11_22.png,0,random_forgery,44,11
data/processed/validation/genuine/original_40_1.png,data/processed/validation/genuine/original_40_14.png,1,genuine_genuine,40,40
data/processed/train/genuine/original_7_11.png,data/processed/train/forged/forgeries_7_7.png,0,skilled_forgery,7,7
data/processed/train/genuine/original_10_21.png,data/processed/train/genuine/original_10_7.png,1,genuine_genuine,10,10
data/processed/train/genuine/original_17_16.png,data/processed/train/genuine/original_17_3.png,1,genuine_genuine,17,17
data/processed/validation/genuine/original_38_2.png,data/processed/validation/forged/forgeries_38_19.png,0,skilled_forgery,38,38
data/processed/validation/genuine/original_36_17.png,data/processed/validation/genuine/original_36_23.png,1,genuine_genuine,36,36
data/processed/train/genuine/original_34_22.png,data/processed/train/forged/forgeries_34_19.png,0,skilled_forgery,34,34
data/processed/validation/genuine/original_40_20.png,data/processed/validation/forged/forgeries_40_11.png,0,skilled_forgery,40,40
data/processed/validation/genuine/original_37_10.png,data/processed/validation/forged/forgeries_37_23.png,0,skilled_forgery,37,37
data/processed/train/genuine/original_16_1.png,data/processed/train/forged/forgeries_16_23.png,0,skilled_forgery,16,16
data/processed/train/genuine/original_12_17.png,data/processed/train/genuine/original_12_5.png,1,genuine_genuine,12,12
data/processed/train/genuine/original_11_13.png,data/processed/train/genuine/original_11_17.png,1,genuine_genuine,11,11
data/processed/train/genuine/original_30_19.png,data/processed/train/forged/forgeries_30_1.png,0,skilled_forgery,30,30
data/processed/train/genuine/original_1_12.png,data/processed/train/genuine/original_2_21.png,0,random_forgery,1,2
data/processed/train/genuine/original_12_3.png,data/processed/train/genuine/original_2_23.png,0,random_forgery,12,2
data/processed/validation/genuine/original_36_20.png,data/processed/validation/forged/forgeries_36_4.png,0,skilled_forgery,36,36
data/processed/train/genuine/original_29_23.png,data/processed/train/forged/forgeries_29_3.png,0,skilled_forgery,29,29
data/processed/train/genuine/original_28_16.png,data/processed/train/genuine/original_28_4.png,1,genuine_genuine,28,28
data/processed/train/genuine/original_2_18.png,data/processed/train/genuine/original_2_4.png,1,genuine_genuine,2,2
data/processed/train/genuine/original_34_1.png,data/processed/train/genuine/original_34_16.png,1,genuine_genuine,34,34
data/processed/validation/genuine/original_36_22.png,data/processed/train/genuine/original_17_2.png,0,random_forgery,36,17
data/processed/train/genuine/original_2_1.png,data/processed/train/forged/forgeries_2_24.png,0,skilled_forgery,2,2
data/processed/train/genuine/original_11_3.png,data/processed/validation/genuine/original_42_24.png,0,random_forgery,11,42
data/processed/validation/genuine/original_36_5.png,data/processed/validation/genuine/original_36_9.png,1,genuine_genuine,36,36
data/processed/validation/genuine/original_37_2.png,data/processed/validation/forged/forgeries_37_23.png,0,skilled_forgery,37,37
data/processed/train/genuine/original_18_2.png,data/processed/train/genuine/original_18_8.png,1,genuine_genuine,18,18
data/processed/validation/genuine/original_42_15.png,data/processed/validation/genuine/original_42_24.png,1,genuine_genuine,42,42
data/processed/validation/genuine/original_37_6.png,data/processed/validation/forged/forgeries_37_13.png,0,skilled_forgery,37,37
data/processed/train/genuine/original_4_20.png,data/processed/train/genuine/original_4_6.png,1,genuine_genuine,4,4
data/processed/train/genuine/original_31_7.png,data/processed/train/forged/forgeries_31_1.png,0,skilled_forgery,31,31
data/processed/train/genuine/original_2_16.png,data/processed/train/forged/forgeries_2_23.png,0,skilled_forgery,2,2
data/processed/validation/genuine/original_38_3.png,data/processed/validation/genuine/original_38_8.png,1,genuine_genuine,38,38
data/processed/train/genuine/original_31_16.png,data/processed/train/genuine/original_31_17.png,1,genuine_genuine,31,31
data/processed/train/genuine/original_2_11.png,data/processed/train/forged/forgeries_2_1.png,0,skilled_forgery,2,2
data/processed/train/genuine/original_28_14.png,data/processed/train/genuine/original_28_9.png,1,genuine_genuine,28,28
data/processed/train/genuine/original_10_19.png,data/processed/validation/genuine/original_44_8.png,0,random_forgery,10,44
data/processed/validation/genuine/original_44_15.png,data/processed/validation/genuine/original_44_23.png,1,genuine_genuine,44,44
data/processed/train/genuine/original_31_22.png,data/processed/train/genuine/original_31_9.png,1,genuine_genuine,31,31
data/processed/train/genuine/original_4_2.png,data/processed/train/genuine/original_4_8.png,1,genuine_genuine,4,4
data/processed/train/genuine/original_30_8.png,data/processed/train/genuine/original_2_2.png,0,random_forgery,30,2
data/processed/train/genuine/original_18_12.png,data/processed/train/genuine/original_18_16.png,1,genuine_genuine,18,18
data/processed/train/genuine/original_13_22.png,data/processed/train/genuine/original_13_4.png,1,genuine_genuine,13,13
data/processed/train/genuine/original_28_5.png,data/processed/train/forged/forgeries_28_6.png,0,skilled_forgery,28,28
data/processed/validation/genuine/original_41_14.png,data/processed/validation/genuine/original_41_22.png,1,genuine_genuine,41,41
data/processed/train/genuine/original_18_23.png,data/processed/train/forged/forgeries_18_23.png,0,skilled_forgery,18,18
data/processed/train/genuine/original_31_20.png,data/processed/train/genuine/original_31_21.png,1,genuine_genuine,31,31
data/processed/train/genuine/original_6_11.png,data/processed/train/genuine/original_6_21.png,1,genuine_genuine,6,6
data/processed/train/genuine/original_18_18.png,data/processed/train/genuine/original_18_2.png,1,genuine_genuine,18,18
data/processed/train/genuine/original_10_16.png,data/processed/train/forged/forgeries_10_14.png,0,skilled_forgery,10,10
data/processed/train/genuine/original_15_6.png,data/processed/train/forged/forgeries_15_12.png,0,skilled_forgery,15,15
data/processed/train/genuine/original_33_13.png,data/processed/train/forged/forgeries_33_6.png,0,skilled_forgery,33,33
data/processed/train/genuine/original_13_24.png,data/processed/train/forged/forgeries_13_19.png,0,skilled_forgery,13,13
data/processed/train/genuine/original_6_18.png,data/processed/validation/genuine/original_37_19.png,0,random_forgery,6,37
data/processed/validation/genuine/original_38_14.png,data/processed/validation/genuine/original_38_3.png,1,genuine_genuine,38,38
data/processed/train/genuine/original_28_18.png,data/processed/train/forged/forgeries_28_4.png,0,skilled_forgery,28,28
data/processed/validation/genuine/original_41_8.png,data/processed/validation/forged/forgeries_41_24.png,0,skilled_forgery,41,41
data/processed/train/genuine/original_4_12.png,data/processed/train/genuine/original_4_8.png,1,genuine_genuine,4,4
data/processed/train/genuine/original_1_5.png,data/processed/train/genuine/original_1_8.png,1,genuine_genuine,1,1
data/processed/validation/genuine/original_43_5.png,data/processed/validation/genuine/original_43_9.png,1,genuine_genuine,43,43
data/processed/validation/genuine/original_36_24.png,data/processed/validation/genuine/original_36_7.png,1,genuine_genuine,36,36
data/processed/train/genuine/original_2_5.png,data/processed/train/forged/forgeries_2_21.png,0,skilled_forgery,2,2
data/processed/train/genuine/original_6_12.png,data/processed/train/genuine/original_6_17.png,1,genuine_genuine,6,6
data/processed/validation/genuine/original_36_12.png,data/processed/validation/genuine/original_36_22.png,1,genuine_genuine,36,36
data/processed/train/genuine/original_29_2.png,data/processed/train/genuine/original_29_21.png,1,genuine_genuine,29,29
data/processed/train/genuine/original_29_6.png,data/processed/train/genuine/original_35_6.png,0,random_forgery,29,35
data/processed/validation/genuine/original_39_15.png,data/processed/validation/genuine/original_39_5.png,1,genuine_genuine,39,39
data/processed/train/genuine/original_3_13.png,data/processed/train/genuine/original_3_18.png,1,genuine_genuine,3,3
data/processed/validation/genuine/original_43_12.png,data/processed/validation/genuine/original_43_17.png,1,genuine_genuine,43,43
data/processed/train/genuine/original_33_10.png,data/processed/train/genuine/original_33_14.png,1,genuine_genuine,33,33
data/processed/validation/genuine/original_38_15.png,data/processed/validation/forged/forgeries_38_8.png,0,skilled_forgery,38,38
data/processed/validation/genuine/original_37_14.png,data/processed/validation/genuine/original_37_18.png,1,genuine_genuine,37,37
data/processed/train/genuine/original_16_4.png,data/processed/train/forged/forgeries_16_6.png,0,skilled_forgery,16,16
data/processed/train/genuine/original_16_18.png,data/processed/validation/genuine/original_38_14.png,0,random_forgery,16,38
data/processed/train/genuine/original_34_22.png,data/processed/train/genuine/original_34_9.png,1,genuine_genuine,34,34
data/processed/train/genuine/original_29_19.png,data/processed/train/genuine/original_29_8.png,1,genuine_genuine,29,29
data/processed/validation/genuine/original_40_24.png,data/processed/validation/forged/forgeries_40_8.png,0,skilled_forgery,40,40
data/processed/train/genuine/original_3_17.png,data/processed/train/genuine/original_3_23.png,1,genuine_genuine,3,3
data/processed/train/genuine/original_31_2.png,data/processed/train/genuine/original_31_23.png,1,genuine_genuine,31,31
data/processed/train/genuine/original_6_13.png,data/processed/train/forged/forgeries_6_17.png,0,skilled_forgery,6,6
data/processed/validation/genuine/original_40_19.png,data/processed/validation/forged/forgeries_40_9.png,0,skilled_forgery,40,40
data/processed/train/genuine/original_11_12.png,data/processed/validation/genuine/original_38_8.png,0,random_forgery,11,38
data/processed/validation/genuine/original_36_3.png,data/processed/validation/genuine/original_36_4.png,1,genuine_genuine,36,36
data/processed/validation/genuine/original_44_10.png,data/processed/validation/forged/forgeries_44_16.png,0,skilled_forgery,44,44
data/processed/validation/genuine/original_45_21.png,data/processed/train/genuine/original_5_16.png,0,random_forgery,45,5
data/processed/train/genuine/original_2_3.png,data/processed/train/genuine/original_18_6.png,0,random_forgery,2,18
data/processed/validation/genuine/original_38_17.png,data/processed/validation/genuine/original_38_18.png,1,genuine_genuine,38,38
data/processed/train/genuine/original_3_2.png,data/processed/train/genuine/original_17_9.png,0,random_forgery,3,17
data/processed/train/genuine/original_13_10.png,data/processed/train/forged/forgeries_13_7.png,0,skilled_forgery,13,13
data/processed/train/genuine/original_4_8.png,data/processed/train/forged/forgeries_4_10.png,0,skilled_forgery,4,4
data/processed/validation/genuine/original_36_20.png,data/processed/validation/genuine/original_36_4.png,1,genuine_genuine,36,36
data/processed/train/genuine/original_4_23.png,data/processed/train/forged/forgeries_4_11.png,0,skilled_forgery,4,4
data/processed/train/genuine/original_34_4.png,data/processed/train/genuine/original_34_6.png,1,genuine_genuine,34,34
data/processed/validation/genuine/original_41_2.png,data/processed/validation/forged/forgeries_41_6.png,0,skilled_forgery,41,41
data/processed/train/genuine/original_3_11.png,data/processed/train/forged/forgeries_3_23.png,0,skilled_forgery,3,3
data/processed/validation/genuine/original_36_24.png,data/processed/train/genuine/original_35_5.png,0,random_forgery,36,35
data/processed/train/genuine/original_1_17.png,data/processed/train/forged/forgeries_1_5.png,0,skilled_forgery,1,1
data/processed/train/genuine/original_32_14.png,data/processed/train/forged/forgeries_32_8.png,0,skilled_forgery,32,32
data/processed/train/genuine/original_4_22.png,data/processed/train/forged/forgeries_4_4.png,0,skilled_forgery,4,4
data/processed/train/genuine/original_12_9.png,data/processed/train/genuine/original_3_21.png,0,random_forgery,12,3
data/processed/train/genuine/original_31_14.png,data/processed/train/genuine/original_3_20.png,0,random_forgery,31,3
data/processed/train/genuine/original_14_15.png,data/processed/train/genuine/original_14_18.png,1,genuine_genuine,14,14
data/processed/train/genuine/original_33_12.png,data/processed/train/forged/forgeries_33_1.png,0,skilled_forgery,33,33
data/processed/validation/genuine/original_44_2.png,data/processed/validation/genuine/original_44_24.png,1,genuine_genuine,44,44
data/processed/validation/genuine/original_43_13.png,data/processed/train/genuine/original_11_17.png,0,random_forgery,43,11
data/processed/train/genuine/original_11_1.png,data/processed/train/genuine/original_11_12.png,1,genuine_genuine,11,11
data/processed/train/genuine/original_30_18.png,data/processed/train/genuine/original_5_6.png,0,random_forgery,30,5
data/processed/train/genuine/original_32_1.png,data/processed/train/forged/forgeries_32_2.png,0,skilled_forgery,32,32
data/processed/train/genuine/original_9_19.png,data/processed/train/forged/forgeries_9_12.png,0,skilled_forgery,9,9
data/processed/train/genuine/original_35_9.png,data/processed/train/forged/forgeries_35_21.png,0,skilled_forgery,35,35
data/processed/train/genuine/original_30_14.png,data/processed/train/forged/forgeries_30_7.png,0,skilled_forgery,30,30
data/processed/train/genuine/original_7_2.png,data/processed/train/genuine/original_14_1.png,0,random_forgery,7,14
data/processed/validation/genuine/original_38_17.png,data/processed/validation/genuine/original_42_15.png,0,random_forgery,38,42
data/processed/train/genuine/original_14_22.png,data/processed/train/forged/forgeries_14_2.png,0,skilled_forgery,14,14
data/processed/train/genuine/original_10_19.png,data/processed/train/forged/forgeries_10_11.png,0,skilled_forgery,10,10
data/processed/train/genuine/original_2_2.png,data/processed/validation/genuine/original_43_23.png,0,random_forgery,2,43
data/processed/validation/genuine/original_36_15.png,data/processed/validation/forged/forgeries_36_2.png,0,skilled_forgery,36,36
data/processed/train/genuine/original_3_14.png,data/processed/train/genuine/original_17_24.png,0,random_forgery,3,17
data/processed/train/genuine/original_18_12.png,data/processed/train/genuine/original_18_21.png,1,genuine_genuine,18,18
data/processed/validation/genuine/original_43_17.png,data/processed/validation/genuine/original_43_23.png,1,genuine_genuine,43,43
data/processed/train/genuine/original_14_13.png,data/processed/train/forged/forgeries_14_12.png,0,skilled_forgery,14,14
data/processed/train/genuine/original_30_1.png,data/processed/train/genuine/original_30_22.png,1,genuine_genuine,30,30
data/processed/validation/genuine/original_42_3.png,data/processed/validation/forged/forgeries_42_21.png,0,skilled_forgery,42,42
data/processed/train/genuine/original_16_6.png,data/processed/train/forged/forgeries_16_22.png,0,skilled_forgery,16,16
data/processed/validation/genuine/original_45_18.png,data/processed/train/genuine/original_29_20.png,0,random_forgery,45,29
data/processed/train/genuine/original_16_10.png,data/processed/train/genuine/original_16_16.png,1,genuine_genuine,16,16
data/processed/validation/genuine/original_44_3.png,data/processed/validation/forged/forgeries_44_15.png,0,skilled_forgery,44,44
data/processed/validation/genuine/original_44_13.png,data/processed/validation/forged/forgeries_44_8.png,0,skilled_forgery,44,44
data/processed/train/genuine/original_2_5.png,data/processed/train/forged/forgeries_2_15.png,0,skilled_forgery,2,2
data/processed/train/genuine/original_28_13.png,data/processed/train/forged/forgeries_28_12.png,0,skilled_forgery,28,28
data/processed/train/genuine/original_1_3.png,data/processed/train/genuine/original_7_16.png,0,random_forgery,1,7
data/processed/train/genuine/original_9_24.png,data/processed/train/genuine/original_9_6.png,1,genuine_genuine,9,9
data/processed/train/genuine/original_29_11.png,data/processed/train/genuine/original_29_24.png,1,genuine_genuine,29,29
data/processed/train/genuine/original_18_14.png,data/processed/train/genuine/original_18_4.png,1,genuine_genuine,18,18
data/processed/train/genuine/original_1_20.png,data/processed/validation/genuine/original_39_10.png,0,random_forgery,1,39
data/processed/train/genuine/original_32_8.png,data/processed/train/forged/forgeries_32_18.png,0,skilled_forgery,32,32
data/processed/validation/genuine/original_45_21.png,data/processed/train/genuine/original_34_1.png,0,random_forgery,45,34
data/processed/train/genuine/original_30_7.png,data/processed/train/forged/forgeries_30_10.png,0,skilled_forgery,30,30
data/processed/validation/genuine/original_41_20.png,data/processed/validation/genuine/original_41_22.png,1,genuine_genuine,41,41
data/processed/train/genuine/original_18_13.png,data/processed/train/forged/forgeries_18_9.png,0,skilled_forgery,18,18
data/processed/validation/genuine/original_37_23.png,data/processed/validation/forged/forgeries_37_9.png,0,skilled_forgery,37,37
data/processed/train/genuine/original_14_17.png,data/processed/train/genuine/original_29_23.png,0,random_forgery,14,29
data/processed/train/genuine/original_4_14.png,data/processed/train/genuine/original_4_19.png,1,genuine_genuine,4,4
data/processed/validation/genuine/original_41_14.png,data/processed/validation/genuine/original_41_6.png,1,genuine_genuine,41,41
data/processed/train/genuine/original_4_17.png,data/processed/train/genuine/original_15_2.png,0,random_forgery,4,15
data/processed/train/genuine/original_6_18.png,data/processed/train/genuine/original_6_6.png,1,genuine_genuine,6,6
data/processed/train/genuine/original_12_14.png,data/processed/train/genuine/original_14_1.png,0,random_forgery,12,14
data/processed/validation/genuine/original_43_17.png,data/processed/train/genuine/original_1_21.png,0,random_forgery,43,1
data/processed/train/genuine/original_32_22.png,data/processed/validation/genuine/original_43_7.png,0,random_forgery,32,43
data/processed/train/genuine/original_15_15.png,data/processed/train/genuine/original_15_2.png,1,genuine_genuine,15,15
data/processed/validation/genuine/original_41_16.png,data/processed/validation/genuine/original_41_19.png,1,genuine_genuine,41,41
data/processed/train/genuine/original_10_20.png,data/processed/train/genuine/original_2_19.png,0,random_forgery,10,2
data/processed/validation/genuine/original_45_3.png,data/processed/validation/forged/forgeries_45_24.png,0,skilled_forgery,45,45
data/processed/train/genuine/original_5_21.png,data/processed/validation/genuine/original_36_3.png,0,random_forgery,5,36
data/processed/train/genuine/original_30_3.png,data/processed/train/forged/forgeries_30_1.png,0,skilled_forgery,30,30
data/processed/validation/genuine/original_39_8.png,data/processed/validation/forged/forgeries_39_16.png,0,skilled_forgery,39,39
data/processed/validation/genuine/original_42_17.png,data/processed/validation/forged/forgeries_42_21.png,0,skilled_forgery,42,42
data/processed/train/genuine/original_15_18.png,data/processed/train/forged/forgeries_15_1.png,0,skilled_forgery,15,15
data/processed/train/genuine/original_7_15.png,data/processed/train/forged/forgeries_7_2.png,0,skilled_forgery,7,7
data/processed/train/genuine/original_14_11.png,data/processed/train/forged/forgeries_14_2.png,0,skilled_forgery,14,14
data/processed/train/genuine/original_12_19.png,data/processed/train/forged/forgeries_12_4.png,0,skilled_forgery,12,12
data/processed/validation/genuine/original_45_2.png,data/processed/validation/genuine/original_45_7.png,1,genuine_genuine,45,45
data/processed/train/genuine/original_33_10.png,data/processed/train/genuine/original_33_23.png,1,genuine_genuine,33,33
data/processed/train/genuine/original_14_7.png,data/processed/validation/genuine/original_40_1.png,0,random_forgery,14,40
data/processed/train/genuine/original_18_19.png,data/processed/train/genuine/original_13_12.png,0,random_forgery,18,13
data/processed/validation/genuine/original_45_10.png,data/processed/validation/genuine/original_45_23.png,1,genuine_genuine,45,45
data/processed/train/genuine/original_1_21.png,data/processed/train/forged/forgeries_1_24.png,0,skilled_forgery,1,1
data/processed/train/genuine/original_15_21.png,data/processed/train/forged/forgeries_15_1.png,0,skilled_forgery,15,15
data/processed/train/genuine/original_6_22.png,data/processed/train/genuine/original_6_3.png,1,genuine_genuine,6,6
data/processed/train/genuine/original_6_3.png,data/processed/train/forged/forgeries_6_22.png,0,skilled_forgery,6,6
data/processed/train/genuine/original_28_24.png,data/processed/train/genuine/original_28_8.png,1,genuine_genuine,28,28
data/processed/train/genuine/original_10_20.png,data/processed/train/genuine/original_10_3.png,1,genuine_genuine,10,10
data/processed/train/genuine/original_9_8.png,data/processed/train/forged/forgeries_9_3.png,0,skilled_forgery,9,9
data/processed/train/genuine/original_8_18.png,data/processed/validation/genuine/original_44_23.png,0,random_forgery,8,44
data/processed/train/genuine/original_18_14.png,data/processed/train/genuine/original_34_8.png,0,random_forgery,18,34
data/processed/validation/genuine/original_40_13.png,data/processed/validation/genuine/original_40_22.png,1,genuine_genuine,40,40
data/processed/train/genuine/original_29_15.png,data/processed/train/genuine/original_29_3.png,1,genuine_genuine,29,29
data/processed/train/genuine/original_3_15.png,data/processed/train/genuine/original_3_6.png,1,genuine_genuine,3,3
data/processed/train/genuine/original_30_11.png,data/processed/train/genuine/original_15_16.png,0,random_forgery,30,15
data/processed/train/genuine/original_15_12.png,data/processed/train/genuine/original_15_4.png,1,genuine_genuine,15,15
data/processed/train/genuine/original_3_10.png,data/processed/train/genuine/original_3_19.png,1,genuine_genuine,3,3
data/processed/validation/genuine/original_42_20.png,data/processed/validation/genuine/original_42_6.png,1,genuine_genuine,42,42
data/processed/train/genuine/original_12_12.png,data/processed/train/forged/forgeries_12_11.png,0,skilled_forgery,12,12
data/processed/train/genuine/original_9_2.png,data/processed/validation/genuine/original_45_13.png,0,random_forgery,9,45
data/processed/train/genuine/original_14_24.png,data/processed/train/genuine/original_14_5.png,1,genuine_genuine,14,14
data/processed/train/genuine/original_9_21.png,data/processed/train/genuine/original_9_5.png,1,genuine_genuine,9,9
data/processed/train/genuine/original_28_13.png,data/processed/train/forged/forgeries_28_21.png,0,skilled_forgery,28,28
data/processed/train/genuine/original_34_14.png,data/processed/train/genuine/original_34_4.png,1,genuine_genuine,34,34
data/processed/train/genuine/original_15_10.png,data/processed/train/forged/forgeries_15_6.png,0,skilled_forgery,15,15
data/processed/train/genuine/original_9_7.png,data/processed/validation/genuine/original_45_15.png,0,random_forgery,9,45
data/processed/train/genuine/original_11_15.png,data/processed/train/genuine/original_11_2.png,1,genuine_genuine,11,11
data/processed/train/genuine/original_28_24.png,data/processed/train/genuine/original_28_7.png,1,genuine_genuine,28,28
data/processed/validation/genuine/original_39_22.png,data/processed/validation/forged/forgeries_39_23.png,0,skilled_forgery,39,39
data/processed/train/genuine/original_10_3.png,data/processed/train/forged/forgeries_10_10.png,0,skilled_forgery,10,10
data/processed/validation/genuine/original_39_19.png,data/processed/validation/forged/forgeries_39_23.png,0,skilled_forgery,39,39
data/processed/validation/genuine/original_38_12.png,data/processed/validation/genuine/original_38_18.png,1,genuine_genuine,38,38
data/processed/train/genuine/original_18_5.png,data/processed/train/genuine/original_31_1.png,0,random_forgery,18,31
data/processed/train/genuine/original_4_10.png,data/processed/train/genuine/original_4_24.png,1,genuine_genuine,4,4
data/processed/train/genuine/original_29_15.png,data/processed/train/genuine/original_29_9.png,1,genuine_genuine,29,29
data/processed/validation/genuine/original_43_14.png,data/processed/validation/genuine/original_43_21.png,1,genuine_genuine,43,43
data/processed/validation/genuine/original_36_2.png,data/processed/validation/genuine/original_36_8.png,1,genuine_genuine,36,36
data/processed/train/genuine/original_30_24.png,data/processed/validation/genuine/original_45_15.png,0,random_forgery,30,45
data/processed/train/genuine/original_9_12.png,data/processed/train/genuine/original_9_21.png,1,genuine_genuine,9,9
data/processed/train/genuine/original_33_1.png,data/processed/train/genuine/original_33_13.png,1,genuine_genuine,33,33
data/processed/train/genuine/original_17_20.png,data/processed/train/genuine/original_17_22.png,1,genuine_genuine,17,17
data/processed/train/genuine/original_18_3.png,data/processed/train/genuine/original_3_14.png,0,random_forgery,18,3
data/processed/train/genuine/original_16_13.png,data/processed/train/genuine/original_16_18.png,1,genuine_genuine,16,16
data/processed/validation/genuine/original_44_11.png,data/processed/validation/forged/forgeries_44_4.png,0,skilled_forgery,44,44
data/processed/train/genuine/original_29_24.png,data/processed/train/genuine/original_12_16.png,0,random_forgery,29,12
data/processed/validation/genuine/original_39_6.png,data/processed/validation/forged/forgeries_39_1.png,0,skilled_forgery,39,39
data/processed/validation/genuine/original_40_14.png,data/processed/validation/genuine/original_40_15.png,1,genuine_genuine,40,40
data/processed/train/genuine/original_8_12.png,data/processed/train/genuine/original_8_21.png,1,genuine_genuine,8,8
data/processed/validation/genuine/original_44_23.png,data/processed/validation/forged/forgeries_44_8.png,0,skilled_forgery,44,44
data/processed/train/genuine/original_11_3.png,data/processed/train/genuine/original_11_5.png,1,genuine_genuine,11,11
data/processed/train/genuine/original_30_23.png,data/processed/train/genuine/original_30_8.png,1,genuine_genuine,30,30
data/processed/train/genuine/original_15_13.png,data/processed/train/genuine/original_1_18.png,0,random_forgery,15,1
data/processed/validation/genuine/original_39_14.png,data/processed/validation/genuine/original_36_15.png,0,random_forgery,39,36
data/processed/train/genuine/original_13_21.png,data/processed/train/forged/forgeries_13_3.png,0,skilled_forgery,13,13
data/processed/validation/genuine/original_38_23.png,data/processed/validation/genuine/original_38_4.png,1,genuine_genuine,38,38
data/processed/train/genuine/original_14_18.png,data/processed/train/genuine/original_14_9.png,1,genuine_genuine,14,14
data/processed/train/genuine/original_3_11.png,data/processed/train/forged/forgeries_3_6.png,0,skilled_forgery,3,3
data/processed/validation/genuine/original_40_5.png,data/processed/validation/forged/forgeries_40_11.png,0,skilled_forgery,40,40
data/processed/train/genuine/original_13_12.png,data/processed/train/forged/forgeries_13_5.png,0,skilled_forgery,13,13
data/processed/validation/genuine/original_43_7.png,data/processed/train/genuine/original_29_11.png,0,random_forgery,43,29
data/processed/validation/genuine/original_45_3.png,data/processed/validation/forged/forgeries_45_4.png,0,skilled_forgery,45,45
data/processed/train/genuine/original_17_14.png,data/processed/train/genuine/original_17_9.png,1,genuine_genuine,17,17
data/processed/train/genuine/original_7_24.png,data/processed/train/forged/forgeries_7_22.png,0,skilled_forgery,7,7
data/processed/validation/genuine/original_37_16.png,data/processed/validation/genuine/original_37_19.png,1,genuine_genuine,37,37
data/processed/train/genuine/original_12_11.png,data/processed/train/genuine/original_12_21.png,1,genuine_genuine,12,12
data/processed/validation/genuine/original_36_15.png,data/processed/validation/genuine/original_36_8.png,1,genuine_genuine,36,36
data/processed/train/genuine/original_15_14.png,data/processed/train/genuine/original_15_3.png,1,genuine_genuine,15,15
data/processed/train/genuine/original_16_12.png,data/processed/train/genuine/original_16_13.png,1,genuine_genuine,16,16
data/processed/train/genuine/original_3_10.png,data/processed/train/genuine/original_3_2.png,1,genuine_genuine,3,3
data/processed/train/genuine/original_4_20.png,data/processed/train/genuine/original_4_4.png,1,genuine_genuine,4,4
data/processed/validation/genuine/original_39_15.png,data/processed/validation/genuine/original_36_17.png,0,random_forgery,39,36
data/processed/train/genuine/original_14_21.png,data/processed/train/forged/forgeries_14_20.png,0,skilled_forgery,14,14
data/processed/train/genuine/original_12_21.png,data/processed/train/genuine/original_12_24.png,1,genuine_genuine,12,12
data/processed/train/genuine/original_9_16.png,data/processed/train/genuine/original_9_5.png,1,genuine_genuine,9,9
data/processed/train/genuine/original_28_1.png,data/processed/train/forged/forgeries_28_15.png,0,skilled_forgery,28,28
data/processed/train/genuine/original_1_21.png,data/processed/train/genuine/original_1_9.png,1,genuine_genuine,1,1
data/processed/train/genuine/original_31_10.png,data/processed/train/forged/forgeries_31_23.png,0,skilled_forgery,31,31
data/processed/validation/genuine/original_37_3.png,data/processed/validation/genuine/original_37_7.png,1,genuine_genuine,37,37
data/processed/train/genuine/original_31_5.png,data/processed/train/forged/forgeries_31_10.png,0,skilled_forgery,31,31
data/processed/train/genuine/original_34_24.png,data/processed/train/genuine/original_11_20.png,0,random_forgery,34,11
data/processed/validation/genuine/original_37_19.png,data/processed/validation/genuine/original_43_23.png,0,random_forgery,37,43
data/processed/train/genuine/original_15_3.png,data/processed/train/forged/forgeries_15_18.png,0,skilled_forgery,15,15
data/processed/train/genuine/original_34_20.png,data/processed/train/forged/forgeries_34_12.png,0,skilled_forgery,34,34
data/processed/train/genuine/original_30_6.png,data/processed/train/genuine/original_30_7.png,1,genuine_genuine,30,30
data/processed/train/genuine/original_33_16.png,data/processed/train/genuine/original_33_18.png,1,genuine_genuine,33,33
data/processed/validation/genuine/original_38_4.png,data/processed/validation/genuine/original_38_9.png,1,genuine_genuine,38,38
data/processed/validation/genuine/original_42_15.png,data/processed/validation/genuine/original_42_22.png,1,genuine_genuine,42,42
data/processed/train/genuine/original_8_15.png,data/processed/train/genuine/original_8_17.png,1,genuine_genuine,8,8
data/processed/train/genuine/original_31_3.png,data/processed/train/genuine/original_30_16.png,0,random_forgery,31,30
data/processed/validation/genuine/original_42_12.png,data/processed/validation/genuine/original_42_19.png,1,genuine_genuine,42,42
data/processed/train/genuine/original_32_8.png,data/processed/train/forged/forgeries_32_7.png,0,skilled_forgery,32,32
data/processed/train/genuine/original_15_19.png,data/processed/train/forged/forgeries_15_10.png,0,skilled_forgery,15,15
data/processed/train/genuine/original_29_12.png,data/processed/train/genuine/original_29_20.png,1,genuine_genuine,29,29
data/processed/validation/genuine/original_40_1.png,data/processed/validation/genuine/original_40_2.png,1,genuine_genuine,40,40
data/processed/train/genuine/original_12_15.png,data/processed/train/genuine/original_12_21.png,1,genuine_genuine,12,12
data/processed/train/genuine/original_29_7.png,data/processed/train/genuine/original_29_9.png,1,genuine_genuine,29,29
data/processed/train/genuine/original_13_15.png,data/processed/train/genuine/original_13_6.png,1,genuine_genuine,13,13
data/processed/train/genuine/original_12_19.png,data/processed/train/genuine/original_13_20.png,0,random_forgery,12,13
data/processed/train/genuine/original_2_24.png,data/processed/train/forged/forgeries_2_3.png,0,skilled_forgery,2,2
data/processed/train/genuine/original_2_20.png,data/processed/validation/genuine/original_42_10.png,0,random_forgery,2,42
data/processed/validation/genuine/original_40_21.png,data/processed/validation/forged/forgeries_40_22.png,0,skilled_forgery,40,40
data/processed/train/genuine/original_29_1.png,data/processed/train/forged/forgeries_29_15.png,0,skilled_forgery,29,29
data/processed/validation/genuine/original_37_10.png,data/processed/validation/genuine/original_37_21.png,1,genuine_genuine,37,37
data/processed/validation/genuine/original_37_9.png,data/processed/validation/genuine/original_42_16.png,0,random_forgery,37,42
data/processed/train/genuine/original_13_23.png,data/processed/train/forged/forgeries_13_5.png,0,skilled_forgery,13,13
data/processed/train/genuine/original_11_16.png,data/processed/train/genuine/original_11_22.png,1,genuine_genuine,11,11
data/processed/validation/genuine/original_39_4.png,data/processed/validation/forged/forgeries_39_9.png,0,skilled_forgery,39,39
data/processed/train/genuine/original_12_5.png,data/processed/train/forged/forgeries_12_12.png,0,skilled_forgery,12,12
data/processed/train/genuine/original_28_7.png,data/processed/train/forged/forgeries_28_7.png,0,skilled_forgery,28,28
data/processed/validation/genuine/original_45_20.png,data/processed/train/genuine/original_32_12.png,0,random_forgery,45,32
data/processed/train/genuine/original_8_12.png,data/processed/train/genuine/original_8_17.png,1,genuine_genuine,8,8
data/processed/train/genuine/original_14_15.png,data/processed/train/genuine/original_14_7.png,1,genuine_genuine,14,14
data/processed/validation/genuine/original_41_20.png,data/processed/train/genuine/original_5_1.png,0,random_forgery,41,5
data/processed/train/genuine/original_13_9.png,data/processed/train/genuine/original_31_9.png,0,random_forgery,13,31
data/processed/train/genuine/original_8_12.png,data/processed/train/forged/forgeries_8_2.png,0,skilled_forgery,8,8
data/processed/validation/genuine/original_38_1.png,data/processed/validation/genuine/original_42_23.png,0,random_forgery,38,42
data/processed/train/genuine/original_17_12.png,data/processed/train/genuine/original_18_10.png,0,random_forgery,17,18
data/processed/train/genuine/original_17_7.png,data/processed/validation/genuine/original_42_5.png,0,random_forgery,17,42
data/processed/train/genuine/original_10_18.png,data/processed/train/forged/forgeries_10_16.png,0,skilled_forgery,10,10
data/processed/train/genuine/original_11_18.png,data/processed/train/forged/forgeries_11_20.png,0,skilled_forgery,11,11
data/processed/validation/genuine/original_40_5.png,data/processed/validation/genuine/original_40_9.png,1,genuine_genuine,40,40
data/processed/train/genuine/original_14_17.png,data/processed/train/genuine/original_3_9.png,0,random_forgery,14,3
data/processed/train/genuine/original_9_2.png,data/processed/train/genuine/original_9_6.png,1,genuine_genuine,9,9
data/processed/validation/genuine/original_36_17.png,data/processed/validation/forged/forgeries_36_21.png,0,skilled_forgery,36,36
data/processed/train/genuine/original_17_23.png,data/processed/train/genuine/original_17_7.png,1,genuine_genuine,17,17
data/processed/train/genuine/original_32_12.png,data/processed/train/genuine/original_32_15.png,1,genuine_genuine,32,32
data/processed/train/genuine/original_4_15.png,data/processed/train/genuine/original_4_17.png,1,genuine_genuine,4,4
data/processed/validation/genuine/original_39_24.png,data/processed/validation/forged/forgeries_39_20.png,0,skilled_forgery,39,39
data/processed/train/genuine/original_35_19.png,data/processed/train/forged/forgeries_35_23.png,0,skilled_forgery,35,35
data/processed/train/genuine/original_34_21.png,data/processed/train/genuine/original_34_7.png,1,genuine_genuine,34,34
data/processed/train/genuine/original_4_13.png,data/processed/train/genuine/original_15_21.png,0,random_forgery,4,15
data/processed/train/genuine/original_30_1.png,data/processed/train/genuine/original_30_10.png,1,genuine_genuine,30,30
data/processed/validation/genuine/original_40_1.png,data/processed/validation/genuine/original_40_4.png,1,genuine_genuine,40,40
data/processed/train/genuine/original_7_5.png,data/processed/train/forged/forgeries_7_24.png,0,skilled_forgery,7,7
data/processed/validation/genuine/original_45_15.png,data/processed/validation/genuine/original_44_9.png,0,random_forgery,45,44
data/processed/train/genuine/original_34_4.png,data/processed/train/genuine/original_34_9.png,1,genuine_genuine,34,34
data/processed/validation/genuine/original_43_9.png,data/processed/validation/genuine/original_42_15.png,0,random_forgery,43,42
data/processed/train/genuine/original_30_5.png,data/processed/train/genuine/original_30_9.png,1,genuine_genuine,30,30
data/processed/validation/genuine/original_43_16.png,data/processed/train/genuine/original_28_3.png,0,random_forgery,43,28
data/processed/train/genuine/original_13_5.png,data/processed/train/forged/forgeries_13_6.png,0,skilled_forgery,13,13
data/processed/train/genuine/original_1_10.png,data/processed/train/genuine/original_1_18.png,1,genuine_genuine,1,1
data/processed/train/genuine/original_1_4.png,data/processed/train/forged/forgeries_1_3.png,0,skilled_forgery,1,1
data/processed/train/genuine/original_31_1.png,data/processed/train/genuine/original_31_18.png,1,genuine_genuine,31,31
data/processed/validation/genuine/original_38_2.png,data/processed/validation/genuine/original_38_23.png,1,genuine_genuine,38,38
data/processed/train/genuine/original_15_21.png,data/processed/train/genuine/original_15_6.png,1,genuine_genuine,15,15
data/processed/train/genuine/original_1_14.png,data/processed/train/genuine/original_28_16.png,0,random_forgery,1,28
data/processed/validation/genuine/original_37_11.png,data/processed/train/genuine/original_2_18.png,0,random_forgery,37,2
data/processed/validation/genuine/original_40_4.png,data/processed/train/genuine/original_12_4.png,0,random_forgery,40,12
data/processed/validation/genuine/original_37_11.png,data/processed/validation/forged/forgeries_37_4.png,0,skilled_forgery,37,37
data/processed/train/genuine/original_7_3.png,data/processed/train/forged/forgeries_7_14.png,0,skilled_forgery,7,7
data/processed/validation/genuine/original_39_6.png,data/processed/train/genuine/original_18_8.png,0,random_forgery,39,18
data/processed/train/genuine/original_1_2.png,data/processed/train/genuine/original_1_6.png,1,genuine_genuine,1,1
data/processed/train/genuine/original_1_14.png,data/processed/train/genuine/original_1_21.png,1,genuine_genuine,1,1
data/processed/train/genuine/original_16_20.png,data/processed/train/genuine/original_4_13.png,0,random_forgery,16,4
data/processed/validation/genuine/original_38_8.png,data/processed/train/genuine/original_7_9.png,0,random_forgery,38,7
data/processed/train/genuine/original_8_21.png,data/processed/train/genuine/original_5_11.png,0,random_forgery,8,5
data/processed/train/genuine/original_9_17.png,data/processed/train/forged/forgeries_9_22.png,0,skilled_forgery,9,9
data/processed/train/genuine/original_14_12.png,data/processed/train/forged/forgeries_14_11.png,0,skilled_forgery,14,14
data/processed/validation/genuine/original_43_23.png,data/processed/validation/forged/forgeries_43_23.png,0,skilled_forgery,43,43
data/processed/train/genuine/original_16_5.png,data/processed/train/genuine/original_16_7.png,1,genuine_genuine,16,16
data/processed/validation/genuine/original_41_9.png,data/processed/train/genuine/original_15_18.png,0,random_forgery,41,15
data/processed/train/genuine/original_12_10.png,data/processed/train/genuine/original_30_14.png,0,random_forgery,12,30
data/processed/train/genuine/original_10_15.png,data/processed/train/genuine/original_10_24.png,1,genuine_genuine,10,10
data/processed/validation/genuine/original_40_3.png,data/processed/validation/genuine/original_40_7.png,1,genuine_genuine,40,40
data/processed/train/genuine/original_13_11.png,data/processed/train/genuine/original_13_19.png,1,genuine_genuine,13,13
data/processed/train/genuine/original_10_16.png,data/processed/train/forged/forgeries_10_20.png,0,skilled_forgery,10,10
data/processed/validation/genuine/original_43_2.png,data/processed/validation/forged/forgeries_43_4.png,0,skilled_forgery,43,43
data/processed/train/genuine/original_9_10.png,data/processed/train/genuine/original_9_6.png,1,genuine_genuine,9,9
data/processed/train/genuine/original_14_19.png,data/processed/train/forged/forgeries_14_1.png,0,skilled_forgery,14,14
data/processed/validation/genuine/original_39_1.png,data/processed/validation/genuine/original_39_14.png,1,genuine_genuine,39,39
data/processed/train/genuine/original_28_3.png,data/processed/train/genuine/original_28_5.png,1,genuine_genuine,28,28
data/processed/validation/genuine/original_40_7.png,data/processed/validation/forged/forgeries_40_16.png,0,skilled_forgery,40,40
data/processed/validation/genuine/original_40_24.png,data/processed/validation/genuine/original_45_11.png,0,random_forgery,40,45
data/processed/train/genuine/original_3_13.png,data/processed/train/genuine/original_3_6.png,1,genuine_genuine,3,3
data/processed/validation/genuine/original_45_15.png,data/processed/validation/forged/forgeries_45_18.png,0,skilled_forgery,45,45
data/processed/validation/genuine/original_41_16.png,data/processed/validation/forged/forgeries_41_1.png,0,skilled_forgery,41,41
data/processed/train/genuine/original_35_4.png,data/processed/train/forged/forgeries_35_5.png,0,skilled_forgery,35,35
data/processed/train/genuine/original_30_15.png,data/processed/train/forged/forgeries_30_23.png,0,skilled_forgery,30,30
data/processed/validation/genuine/original_44_1.png,data/processed/validation/genuine/original_44_11.png,1,genuine_genuine,44,44
data/processed/train/genuine/original_17_23.png,data/processed/train/genuine/original_3_10.png,0,random_forgery,17,3
data/processed/train/genuine/original_29_10.png,data/processed/train/genuine/original_29_6.png,1,genuine_genuine,29,29
data/processed/validation/genuine/original_38_21.png,data/processed/validation/forged/forgeries_38_15.png,0,skilled_forgery,38,38
data/processed/train/genuine/original_28_13.png,data/processed/train/forged/forgeries_28_4.png,0,skilled_forgery,28,28
data/processed/train/genuine/original_33_3.png,data/processed/train/forged/forgeries_33_11.png,0,skilled_forgery,33,33
data/processed/validation/genuine/original_43_13.png,data/processed/validation/genuine/original_43_8.png,1,genuine_genuine,43,43
data/processed/train/genuine/original_12_1.png,data/processed/train/genuine/original_12_4.png,1,genuine_genuine,12,12
data/processed/train/genuine/original_15_16.png,data/processed/train/genuine/original_15_3.png,1,genuine_genuine,15,15
data/processed/train/genuine/original_28_15.png,data/processed/validation/genuine/original_41_5.png,0,random_forgery,28,41
data/processed/train/genuine/original_1_13.png,data/processed/train/forged/forgeries_1_5.png,0,skilled_forgery,1,1
data/processed/validation/genuine/original_41_20.png,data/processed/validation/genuine/original_41_3.png,1,genuine_genuine,41,41
data/processed/train/genuine/original_35_14.png,data/processed/train/forged/forgeries_35_14.png,0,skilled_forgery,35,35
data/processed/train/genuine/original_35_4.png,data/processed/train/forged/forgeries_35_20.png,0,skilled_forgery,35,35
data/processed/train/genuine/original_18_21.png,data/processed/train/genuine/original_18_23.png,1,genuine_genuine,18,18
data/processed/validation/genuine/original_45_14.png,data/processed/validation/forged/forgeries_45_7.png,0,skilled_forgery,45,45
data/processed/validation/genuine/original_38_18.png,data/processed/validation/forged/forgeries_38_12.png,0,skilled_forgery,38,38
data/processed/validation/genuine/original_39_22.png,data/processed/validation/genuine/original_39_3.png,1,genuine_genuine,39,39
data/processed/validation/genuine/original_41_15.png,data/processed/validation/genuine/original_41_8.png,1,genuine_genuine,41,41
data/processed/train/genuine/original_6_20.png,data/processed/train/forged/forgeries_6_11.png,0,skilled_forgery,6,6
data/processed/train/genuine/original_16_19.png,data/processed/validation/genuine/original_44_2.png,0,random_forgery,16,44
data/processed/train/genuine/original_29_2.png,data/processed/validation/genuine/original_43_10.png,0,random_forgery,29,43
data/processed/train/genuine/original_11_12.png,data/processed/train/genuine/original_11_5.png,1,genuine_genuine,11,11
data/processed/train/genuine/original_31_12.png,data/processed/train/genuine/original_31_9.png,1,genuine_genuine,31,31
data/processed/train/genuine/original_16_19.png,data/processed/train/genuine/original_16_7.png,1,genuine_genuine,16,16
data/processed/train/genuine/original_1_1.png,data/processed/train/genuine/original_1_9.png,1,genuine_genuine,1,1
data/processed/train/genuine/original_1_13.png,data/processed/train/genuine/original_1_14.png,1,genuine_genuine,1,1
data/processed/train/genuine/original_1_20.png,data/processed/train/genuine/original_1_6.png,1,genuine_genuine,1,1
data/processed/train/genuine/original_8_4.png,data/processed/train/genuine/original_8_7.png,1,genuine_genuine,8,8
data/processed/validation/genuine/original_40_11.png,data/processed/validation/genuine/original_40_13.png,1,genuine_genuine,40,40
data/processed/train/genuine/original_30_5.png,data/processed/train/forged/forgeries_30_20.png,0,skilled_forgery,30,30
data/processed/train/genuine/original_13_22.png,data/processed/train/forged/forgeries_13_1.png,0,skilled_forgery,13,13
data/processed/train/genuine/original_2_16.png,data/processed/train/forged/forgeries_2_18.png,0,skilled_forgery,2,2
data/processed/validation/genuine/original_41_22.png,data/processed/validation/genuine/original_45_14.png,0,random_forgery,41,45
data/processed/train/genuine/original_6_8.png,data/processed/train/genuine/original_12_22.png,0,random_forgery,6,12
data/processed/train/genuine/original_4_14.png,data/processed/validation/genuine/original_42_22.png,0,random_forgery,4,42
data/processed/train/genuine/original_9_16.png,data/processed/train/genuine/original_9_6.png,1,genuine_genuine,9,9
data/processed/validation/genuine/original_40_7.png,data/processed/validation/forged/forgeries_40_15.png,0,skilled_forgery,40,40
data/processed/train/genuine/original_32_13.png,data/processed/train/genuine/original_32_7.png,1,genuine_genuine,32,32
data/processed/train/genuine/original_14_20.png,data/processed/train/genuine/original_11_11.png,0,random_forgery,14,11
data/processed/train/genuine/original_33_19.png,data/processed/train/forged/forgeries_33_15.png,0,skilled_forgery,33,33
data/processed/train/genuine/original_13_13.png,data/processed/train/genuine/original_13_2.png,1,genuine_genuine,13,13
data/processed/validation/genuine/original_36_14.png,data/processed/validation/genuine/original_36_15.png,1,genuine_genuine,36,36
data/processed/validation/genuine/original_45_1.png,data/processed/validation/genuine/original_45_23.png,1,genuine_genuine,45,45
data/processed/train/genuine/original_16_23.png,data/processed/train/forged/forgeries_16_1.png,0,skilled_forgery,16,16
data/processed/train/genuine/original_32_1.png,data/processed/train/forged/forgeries_32_24.png,0,skilled_forgery,32,32
data/processed/validation/genuine/original_39_10.png,data/processed/validation/genuine/original_39_19.png,1,genuine_genuine,39,39
data/processed/validation/genuine/original_38_1.png,data/processed/validation/genuine/original_38_8.png,1,genuine_genuine,38,38
data/processed/validation/genuine/original_38_4.png,data/processed/train/genuine/original_30_20.png,0,random_forgery,38,30
data/processed/train/genuine/original_28_11.png,data/processed/train/genuine/original_28_17.png,1,genuine_genuine,28,28
data/processed/train/genuine/original_10_11.png,data/processed/train/genuine/original_10_3.png,1,genuine_genuine,10,10
data/processed/validation/genuine/original_45_22.png,data/processed/validation/genuine/original_45_3.png,1,genuine_genuine,45,45
data/processed/train/genuine/original_34_17.png,data/processed/train/forged/forgeries_34_8.png,0,skilled_forgery,34,34
data/processed/train/genuine/original_17_23.png,data/processed/train/forged/forgeries_17_10.png,0,skilled_forgery,17,17
data/processed/train/genuine/original_13_11.png,data/processed/train/genuine/original_13_6.png,1,genuine_genuine,13,13
data/processed/train/genuine/original_33_1.png,data/processed/train/genuine/original_33_17.png,1,genuine_genuine,33,33
data/processed/train/genuine/original_30_15.png,data/processed/train/forged/forgeries_30_22.png,0,skilled_forgery,30,30
data/processed/train/genuine/original_15_8.png,data/processed/train/genuine/original_16_18.png,0,random_forgery,15,16
data/processed/train/genuine/original_12_5.png,data/processed/train/genuine/original_2_1.png,0,random_forgery,12,2
data/processed/train/genuine/original_11_10.png,data/processed/train/genuine/original_11_5.png,1,genuine_genuine,11,11
data/processed/train/genuine/original_15_4.png,data/processed/train/forged/forgeries_15_17.png,0,skilled_forgery,15,15
data/processed/train/genuine/original_11_24.png,data/processed/train/forged/forgeries_11_7.png,0,skilled_forgery,11,11
data/processed/train/genuine/original_33_22.png,data/processed/train/forged/forgeries_33_3.png,0,skilled_forgery,33,33
data/processed/train/genuine/original_31_20.png,data/processed/train/genuine/original_31_7.png,1,genuine_genuine,31,31
data/processed/train/genuine/original_29_15.png,data/processed/train/genuine/original_29_8.png,1,genuine_genuine,29,29
data/processed/validation/genuine/original_36_5.png,data/processed/validation/forged/forgeries_36_21.png,0,skilled_forgery,36,36
data/processed/validation/genuine/original_44_19.png,data/processed/validation/forged/forgeries_44_9.png,0,skilled_forgery,44,44
data/processed/train/genuine/original_2_21.png,data/processed/train/forged/forgeries_2_2.png,0,skilled_forgery,2,2
data/processed/train/genuine/original_2_8.png,data/processed/train/genuine/original_11_3.png,0,random_forgery,2,11
data/processed/train/genuine/original_10_20.png,data/processed/train/genuine/original_10_6.png,1,genuine_genuine,10,10
data/processed/train/genuine/original_6_5.png,data/processed/train/genuine/original_16_18.png,0,random_forgery,6,16
data/processed/validation/genuine/original_44_21.png,data/processed/train/genuine/original_34_16.png,0,random_forgery,44,34
data/processed/validation/genuine/original_45_12.png,data/processed/validation/forged/forgeries_45_3.png,0,skilled_forgery,45,45
data/processed/train/genuine/original_12_21.png,data/processed/train/genuine/original_12_9.png,1,genuine_genuine,12,12
data/processed/train/genuine/original_17_7.png,data/processed/train/genuine/original_5_12.png,0,random_forgery,17,5
data/processed/train/genuine/original_7_12.png,data/processed/train/genuine/original_7_19.png,1,genuine_genuine,7,7
data/processed/train/genuine/original_33_6.png,data/processed/train/forged/forgeries_33_18.png,0,skilled_forgery,33,33
data/processed/validation/genuine/original_44_10.png,data/processed/validation/genuine/original_44_24.png,1,genuine_genuine,44,44
data/processed/train/genuine/original_16_12.png,data/processed/train/genuine/original_16_15.png,1,genuine_genuine,16,16
data/processed/train/genuine/original_35_24.png,data/processed/train/genuine/original_16_18.png,0,random_forgery,35,16
data/processed/train/genuine/original_3_7.png,data/processed/validation/genuine/original_43_23.png,0,random_forgery,3,43
data/processed/train/genuine/original_12_7.png,data/processed/train/forged/forgeries_12_4.png,0,skilled_forgery,12,12
data/processed/train/genuine/original_7_1.png,data/processed/train/genuine/original_7_19.png,1,genuine_genuine,7,7
data/processed/train/genuine/original_4_17.png,data/processed/train/genuine/original_18_21.png,0,random_forgery,4,18
data/processed/train/genuine/original_16_20.png,data/processed/train/genuine/original_17_3.png,0,random_forgery,16,17
data/processed/train/genuine/original_28_22.png,data/processed/train/genuine/original_28_3.png,1,genuine_genuine,28,28
data/processed/train/genuine/original_11_23.png,data/processed/train/genuine/original_1_10.png,0,random_forgery,11,1
data/processed/train/genuine/original_17_10.png,data/processed/train/genuine/original_2_5.png,0,random_forgery,17,2
data/processed/train/genuine/original_8_5.png,data/processed/validation/genuine/original_39_10.png,0,random_forgery,8,39
data/processed/train/genuine/original_35_21.png,data/processed/train/genuine/original_35_24.png,1,genuine_genuine,35,35
data/processed/validation/genuine/original_42_9.png,data/processed/validation/forged/forgeries_42_20.png,0,skilled_forgery,42,42
data/processed/train/genuine/original_18_13.png,data/processed/train/genuine/original_18_9.png,1,genuine_genuine,18,18
data/processed/validation/genuine/original_38_1.png,data/processed/validation/genuine/original_38_9.png,1,genuine_genuine,38,38
data/processed/train/genuine/original_10_6.png,data/processed/train/forged/forgeries_10_21.png,0,skilled_forgery,10,10
data/processed/train/genuine/original_33_10.png,data/processed/train/genuine/original_33_11.png,1,genuine_genuine,33,33
data/processed/train/genuine/original_35_24.png,data/processed/train/genuine/original_35_8.png,1,genuine_genuine,35,35
data/processed/train/genuine/original_31_18.png,data/processed/train/genuine/original_31_2.png,1,genuine_genuine,31,31
data/processed/validation/genuine/original_45_14.png,data/processed/validation/genuine/original_45_16.png,1,genuine_genuine,45,45
data/processed/train/genuine/original_33_6.png,data/processed/train/forged/forgeries_33_16.png,0,skilled_forgery,33,33
data/processed/train/genuine/original_18_18.png,data/processed/train/forged/forgeries_18_18.png,0,skilled_forgery,18,18
data/processed/validation/genuine/original_42_5.png,data/processed/validation/genuine/original_42_9.png,1,genuine_genuine,42,42
data/processed/train/genuine/original_34_11.png,data/processed/train/genuine/original_17_18.png,0,random_forgery,34,17
data/processed/train/genuine/original_2_1.png,data/processed/train/genuine/original_2_18.png,1,genuine_genuine,2,2
data/processed/validation/genuine/original_39_13.png,data/processed/validation/genuine/original_39_20.png,1,genuine_genuine,39,39
data/processed/train/genuine/original_3_11.png,data/processed/train/genuine/original_3_24.png,1,genuine_genuine,3,3
data/processed/validation/genuine/original_43_16.png,data/processed/validation/genuine/original_43_21.png,1,genuine_genuine,43,43
data/processed/train/genuine/original_15_15.png,data/processed/train/genuine/original_15_21.png,1,genuine_genuine,15,15
data/processed/validation/genuine/original_43_23.png,data/processed/validation/genuine/original_43_4.png,1,genuine_genuine,43,43
data/processed/train/genuine/original_2_4.png,data/processed/train/forged/forgeries_2_23.png,0,skilled_forgery,2,2
data/processed/train/genuine/original_28_20.png,data/processed/train/forged/forgeries_28_13.png,0,skilled_forgery,28,28
data/processed/train/genuine/original_35_21.png,data/processed/train/forged/forgeries_35_1.png,0,skilled_forgery,35,35
data/processed/train/genuine/original_14_16.png,data/processed/train/forged/forgeries_14_21.png,0,skilled_forgery,14,14
data/processed/train/genuine/original_8_20.png,data/processed/train/genuine/original_8_9.png,1,genuine_genuine,8,8
data/processed/train/genuine/original_17_1.png,data/processed/train/genuine/original_28_7.png,0,random_forgery,17,28
data/processed/validation/genuine/original_41_2.png,data/processed/validation/genuine/original_41_6.png,1,genuine_genuine,41,41
data/processed/train/genuine/original_10_3.png,data/processed/train/genuine/original_10_7.png,1,genuine_genuine,10,10
data/processed/train/genuine/original_34_14.png,data/processed/train/forged/forgeries_34_24.png,0,skilled_forgery,34,34
data/processed/train/genuine/original_6_5.png,data/processed/train/genuine/original_6_7.png,1,genuine_genuine,6,6
data/processed/train/genuine/original_29_22.png,data/processed/train/genuine/original_29_24.png,1,genuine_genuine,29,29
data/processed/train/genuine/original_4_15.png,data/processed/train/genuine/original_4_2.png,1,genuine_genuine,4,4
data/processed/train/genuine/original_16_19.png,data/processed/train/genuine/original_16_3.png,1,genuine_genuine,16,16
data/processed/train/genuine/original_9_10.png,data/processed/train/genuine/original_9_4.png,1,genuine_genuine,9,9
data/processed/validation/genuine/original_37_7.png,data/processed/train/genuine/original_10_21.png,0,random_forgery,37,10
data/processed/train/genuine/original_18_17.png,data/processed/train/genuine/original_18_8.png,1,genuine_genuine,18,18
data/processed/validation/genuine/original_40_19.png,data/processed/validation/genuine/original_40_3.png,1,genuine_genuine,40,40
data/processed/train/genuine/original_15_23.png,data/processed/train/forged/forgeries_15_22.png,0,skilled_forgery,15,15
data/processed/train/genuine/original_32_13.png,data/processed/train/genuine/original_16_1.png,0,random_forgery,32,16
data/processed/train/genuine/original_34_7.png,data/processed/train/forged/forgeries_34_23.png,0,skilled_forgery,34,34
data/processed/validation/genuine/original_40_10.png,data/processed/train/genuine/original_4_4.png,0,random_forgery,40,4
data/processed/train/genuine/original_1_15.png,data/processed/train/forged/forgeries_1_1.png,0,skilled_forgery,1,1
data/processed/validation/genuine/original_36_17.png,data/processed/validation/forged/forgeries_36_14.png,0,skilled_forgery,36,36
data/processed/train/genuine/original_7_12.png,data/processed/train/genuine/original_7_7.png,1,genuine_genuine,7,7
data/processed/train/genuine/original_31_20.png,data/processed/train/forged/forgeries_31_20.png,0,skilled_forgery,31,31
data/processed/validation/genuine/original_42_12.png,data/processed/validation/forged/forgeries_42_3.png,0,skilled_forgery,42,42
data/processed/train/genuine/original_16_13.png,data/processed/train/genuine/original_16_7.png,1,genuine_genuine,16,16
data/processed/train/genuine/original_34_19.png,data/processed/train/forged/forgeries_34_3.png,0,skilled_forgery,34,34
data/processed/train/genuine/original_3_22.png,data/processed/train/forged/forgeries_3_9.png,0,skilled_forgery,3,3
data/processed/train/genuine/original_14_18.png,data/processed/train/forged/forgeries_14_12.png,0,skilled_forgery,14,14
data/processed/train/genuine/original_7_7.png,data/processed/train/forged/forgeries_7_12.png,0,skilled_forgery,7,7
data/processed/validation/genuine/original_41_3.png,data/processed/validation/forged/forgeries_41_3.png,0,skilled_forgery,41,41
data/processed/train/genuine/original_5_7.png,data/processed/train/forged/forgeries_5_22.png,0,skilled_forgery,5,5
data/processed/train/genuine/original_4_12.png,data/processed/train/genuine/original_31_17.png,0,random_forgery,4,31
data/processed/validation/genuine/original_43_10.png,data/processed/validation/genuine/original_44_6.png,0,random_forgery,43,44
data/processed/train/genuine/original_6_13.png,data/processed/train/genuine/original_3_17.png,0,random_forgery,6,3
data/processed/validation/genuine/original_36_24.png,data/processed/validation/genuine/original_36_3.png,1,genuine_genuine,36,36
data/processed/train/genuine/original_9_4.png,data/processed/train/forged/forgeries_9_15.png,0,skilled_forgery,9,9
data/processed/train/genuine/original_15_10.png,data/processed/train/genuine/original_15_14.png,1,genuine_genuine,15,15
data/processed/train/genuine/original_13_14.png,data/processed/train/forged/forgeries_13_12.png,0,skilled_forgery,13,13
data/processed/train/genuine/original_29_17.png,data/processed/train/forged/forgeries_29_7.png,0,skilled_forgery,29,29
data/processed/train/genuine/original_8_18.png,data/processed/validation/genuine/original_38_5.png,0,random_forgery,8,38
data/processed/train/genuine/original_17_16.png,data/processed/train/genuine/original_17_6.png,1,genuine_genuine,17,17
data/processed/train/genuine/original_3_19.png,data/processed/train/genuine/original_3_3.png,1,genuine_genuine,3,3
data/processed/validation/genuine/original_44_12.png,data/processed/validation/genuine/original_43_16.png,0,random_forgery,44,43
data/processed/train/genuine/original_2_15.png,data/processed/train/forged/forgeries_2_22.png,0,skilled_forgery,2,2
data/processed/train/genuine/original_2_7.png,data/processed/train/forged/forgeries_2_11.png,0,skilled_forgery,2,2
data/processed/validation/genuine/original_37_24.png,data/processed/train/genuine/original_8_6.png,0,random_forgery,37,8
data/processed/train/genuine/original_33_21.png,data/processed/train/genuine/original_33_22.png,1,genuine_genuine,33,33
data/processed/validation/genuine/original_41_11.png,data/processed/validation/genuine/original_41_2.png,1,genuine_genuine,41,41
data/processed/train/genuine/original_14_7.png,data/processed/train/forged/forgeries_14_13.png,0,skilled_forgery,14,14
data/processed/validation/genuine/original_41_16.png,data/processed/validation/genuine/original_41_21.png,1,genuine_genuine,41,41
data/processed/train/genuine/original_35_23.png,data/processed/train/genuine/original_35_3.png,1,genuine_genuine,35,35
data/processed/train/genuine/original_35_22.png,data/processed/train/genuine/original_35_5.png,1,genuine_genuine,35,35
data/processed/validation/genuine/original_38_6.png,data/processed/validation/forged/forgeries_38_7.png,0,skilled_forgery,38,38
data/processed/train/genuine/original_13_2.png,data/processed/train/genuine/original_13_7.png,1,genuine_genuine,13,13
data/processed/train/genuine/original_11_20.png,data/processed/train/forged/forgeries_11_23.png,0,skilled_forgery,11,11
data/processed/validation/genuine/original_36_20.png,data/processed/validation/forged/forgeries_36_1.png,0,skilled_forgery,36,36
data/processed/validation/genuine/original_40_5.png,data/processed/validation/forged/forgeries_40_13.png,0,skilled_forgery,40,40
data/processed/validation/genuine/original_38_11.png,data/processed/validation/forged/forgeries_38_12.png,0,skilled_forgery,38,38
data/processed/validation/genuine/original_40_5.png,data/processed/train/genuine/original_31_10.png,0,random_forgery,40,31
data/processed/validation/genuine/original_42_12.png,data/processed/train/genuine/original_2_11.png,0,random_forgery,42,2
data/processed/train/genuine/original_15_12.png,data/processed/train/genuine/original_15_22.png,1,genuine_genuine,15,15
data/processed/train/genuine/original_17_16.png,data/processed/train/forged/forgeries_17_9.png,0,skilled_forgery,17,17
data/processed/train/genuine/original_34_11.png,data/processed/train/forged/forgeries_34_18.png,0,skilled_forgery,34,34
data/processed/validation/genuine/original_44_11.png,data/processed/validation/genuine/original_44_17.png,1,genuine_genuine,44,44
data/processed/train/genuine/original_32_4.png,data/processed/train/forged/forgeries_32_2.png,0,skilled_forgery,32,32
data/processed/validation/genuine/original_38_11.png,data/processed/validation/genuine/original_38_2.png,1,genuine_genuine,38,38
data/processed/train/genuine/original_1_10.png,data/processed/train/genuine/original_30_22.png,0,random_forgery,1,30
data/processed/train/genuine/original_30_1.png,data/processed/train/genuine/original_16_6.png,0,random_forgery,30,16
data/processed/train/genuine/original_18_9.png,data/processed/train/forged/forgeries_18_19.png,0,skilled_forgery,18,18
data/processed/train/genuine/original_2_21.png,data/processed/train/genuine/original_2_5.png,1,genuine_genuine,2,2
data/processed/train/genuine/original_3_21.png,data/processed/train/genuine/original_3_3.png,1,genuine_genuine,3,3
data/processed/validation/genuine/original_41_6.png,data/processed/validation/genuine/original_41_9.png,1,genuine_genuine,41,41
data/processed/train/genuine/original_7_3.png,data/processed/train/forged/forgeries_7_8.png,0,skilled_forgery,7,7
data/processed/train/genuine/original_9_19.png,data/processed/train/genuine/original_18_19.png,0,random_forgery,9,18
data/processed/train/genuine/original_5_14.png,data/processed/train/genuine/original_5_3.png,1,genuine_genuine,5,5
data/processed/validation/genuine/original_38_8.png,data/processed/train/genuine/original_13_13.png,0,random_forgery,38,13
data/processed/train/genuine/original_10_15.png,data/processed/train/genuine/original_10_7.png,1,genuine_genuine,10,10
data/processed/train/genuine/original_17_13.png,data/processed/train/genuine/original_17_7.png,1,genuine_genuine,17,17
data/processed/train/genuine/original_29_9.png,data/processed/train/forged/forgeries_29_19.png,0,skilled_forgery,29,29
data/processed/validation/genuine/original_42_13.png,data/processed/validation/genuine/original_42_24.png,1,genuine_genuine,42,42
data/processed/train/genuine/original_12_9.png,data/processed/train/genuine/original_30_1.png,0,random_forgery,12,30
data/processed/train/genuine/original_33_10.png,data/processed/train/genuine/original_9_5.png,0,random_forgery,33,9
data/processed/train/genuine/original_6_1.png,data/processed/train/forged/forgeries_6_20.png,0,skilled_forgery,6,6
data/processed/validation/genuine/original_41_1.png,data/processed/validation/genuine/original_41_20.png,1,genuine_genuine,41,41
data/processed/train/genuine/original_14_15.png,data/processed/train/forged/forgeries_14_19.png,0,skilled_forgery,14,14
data/processed/validation/genuine/original_40_14.png,data/processed/validation/genuine/original_40_5.png,1,genuine_genuine,40,40
data/processed/validation/genuine/original_41_15.png,data/processed/train/genuine/original_33_9.png,0,random_forgery,41,33
data/processed/train/genuine/original_12_14.png,data/processed/train/genuine/original_28_22.png,0,random_forgery,12,28
data/processed/train/genuine/original_17_11.png,data/processed/train/genuine/original_17_24.png,1,genuine_genuine,17,17
data/processed/train/genuine/original_14_17.png,data/processed/train/genuine/original_6_9.png,0,random_forgery,14,6
data/processed/train/genuine/original_12_10.png,data/processed/train/forged/forgeries_12_19.png,0,skilled_forgery,12,12
data/processed/train/genuine/original_10_18.png,data/processed/train/forged/forgeries_10_18.png,0,skilled_forgery,10,10
data/processed/train/genuine/original_34_1.png,data/processed/train/genuine/original_34_20.png,1,genuine_genuine,34,34
data/processed/validation/genuine/original_38_5.png,data/processed/validation/forged/forgeries_38_5.png,0,skilled_forgery,38,38
data/processed/train/genuine/original_29_10.png,data/processed/train/genuine/original_29_18.png,1,genuine_genuine,29,29
data/processed/validation/genuine/original_40_4.png,data/processed/validation/forged/forgeries_40_23.png,0,skilled_forgery,40,40
data/processed/validation/genuine/original_45_17.png,data/processed/validation/genuine/original_45_23.png,1,genuine_genuine,45,45
data/processed/train/genuine/original_6_11.png,data/processed/train/genuine/original_6_16.png,1,genuine_genuine,6,6
data/processed/train/genuine/original_29_4.png,data/processed/train/genuine/original_29_6.png,1,genuine_genuine,29,29
data/processed/train/genuine/original_5_2.png,data/processed/train/forged/forgeries_5_15.png,0,skilled_forgery,5,5
data/processed/train/genuine/original_1_12.png,data/processed/train/forged/forgeries_1_13.png,0,skilled_forgery,1,1
data/processed/train/genuine/original_12_18.png,data/processed/train/genuine/original_12_6.png,1,genuine_genuine,12,12
data/processed/train/genuine/original_17_20.png,data/processed/train/forged/forgeries_17_1.png,0,skilled_forgery,17,17
data/processed/train/genuine/original_14_16.png,data/processed/train/genuine/original_14_6.png,1,genuine_genuine,14,14
data/processed/train/genuine/original_8_16.png,data/processed/train/forged/forgeries_8_16.png,0,skilled_forgery,8,8
data/processed/train/genuine/original_32_1.png,data/processed/train/genuine/original_32_16.png,1,genuine_genuine,32,32
data/processed/train/genuine/original_30_18.png,data/processed/train/genuine/original_30_4.png,1,genuine_genuine,30,30
data/processed/train/genuine/original_7_11.png,data/processed/train/genuine/original_16_3.png,0,random_forgery,7,16
data/processed/train/genuine/original_31_20.png,data/processed/train/genuine/original_31_6.png,1,genuine_genuine,31,31
data/processed/train/genuine/original_1_11.png,data/processed/train/genuine/original_1_21.png,1,genuine_genuine,1,1
data/processed/validation/genuine/original_43_18.png,data/processed/train/genuine/original_5_6.png,0,random_forgery,43,5
data/processed/train/genuine/original_33_16.png,data/processed/train/forged/forgeries_33_19.png,0,skilled_forgery,33,33
data/processed/validation/genuine/original_36_15.png,data/processed/validation/forged/forgeries_36_15.png,0,skilled_forgery,36,36
data/processed/train/genuine/original_10_24.png,data/processed/train/forged/forgeries_10_13.png,0,skilled_forgery,10,10
data/processed/train/genuine/original_6_15.png,data/processed/validation/genuine/original_45_21.png,0,random_forgery,6,45
data/processed/train/genuine/original_4_1.png,data/processed/train/genuine/original_4_5.png,1,genuine_genuine,4,4
data/processed/validation/genuine/original_36_2.png,data/processed/validation/genuine/original_36_21.png,1,genuine_genuine,36,36
data/processed/train/genuine/original_28_20.png,data/processed/validation/genuine/original_41_20.png,0,random_forgery,28,41
data/processed/train/genuine/original_28_13.png,data/processed/train/genuine/original_28_15.png,1,genuine_genuine,28,28
data/processed/train/genuine/original_5_7.png,data/processed/train/genuine/original_17_9.png,0,random_forgery,5,17
data/processed/train/genuine/original_29_10.png,data/processed/train/genuine/original_29_9.png,1,genuine_genuine,29,29
data/processed/validation/genuine/original_39_12.png,data/processed/validation/genuine/original_39_20.png,1,genuine_genuine,39,39
data/processed/train/genuine/original_2_1.png,data/processed/train/genuine/original_32_19.png,0,random_forgery,2,32
data/processed/train/genuine/original_32_17.png,data/processed/validation/genuine/original_39_10.png,0,random_forgery,32,39
data/processed/train/genuine/original_14_21.png,data/processed/train/genuine/original_14_8.png,1,genuine_genuine,14,14
data/processed/train/genuine/original_1_3.png,data/processed/train/genuine/original_1_7.png,1,genuine_genuine,1,1
data/processed/train/genuine/original_11_23.png,data/processed/train/genuine/original_11_5.png,1,genuine_genuine,11,11
data/processed/train/genuine/original_28_23.png,data/processed/train/genuine/original_28_5.png,1,genuine_genuine,28,28
data/processed/validation/genuine/original_43_14.png,data/processed/validation/forged/forgeries_43_3.png,0,skilled_forgery,43,43
data/processed/train/genuine/original_18_22.png,data/processed/train/forged/forgeries_18_15.png,0,skilled_forgery,18,18
data/processed/train/genuine/original_30_24.png,data/processed/train/forged/forgeries_30_15.png,0,skilled_forgery,30,30
data/processed/validation/genuine/original_37_20.png,data/processed/validation/forged/forgeries_37_19.png,0,skilled_forgery,37,37
data/processed/train/genuine/original_30_11.png,data/processed/train/forged/forgeries_30_10.png,0,skilled_forgery,30,30
data/processed/validation/genuine/original_44_1.png,data/processed/validation/genuine/original_44_14.png,1,genuine_genuine,44,44
data/processed/validation/genuine/original_41_24.png,data/processed/validation/forged/forgeries_41_2.png,0,skilled_forgery,41,41
data/processed/train/genuine/original_17_11.png,data/processed/train/forged/forgeries_17_18.png,0,skilled_forgery,17,17
data/processed/train/genuine/original_12_15.png,data/processed/train/genuine/original_12_3.png,1,genuine_genuine,12,12
data/processed/validation/genuine/original_36_15.png,data/processed/validation/genuine/original_36_21.png,1,genuine_genuine,36,36
data/processed/train/genuine/original_4_7.png,data/processed/train/forged/forgeries_4_21.png,0,skilled_forgery,4,4
data/processed/train/genuine/original_33_22.png,data/processed/train/genuine/original_15_16.png,0,random_forgery,33,15
data/processed/train/genuine/original_28_13.png,data/processed/train/genuine/original_10_13.png,0,random_forgery,28,10
data/processed/validation/genuine/original_37_19.png,data/processed/validation/genuine/original_37_8.png,1,genuine_genuine,37,37
data/processed/train/genuine/original_30_16.png,data/processed/train/genuine/original_30_23.png,1,genuine_genuine,30,30
data/processed/train/genuine/original_11_15.png,data/processed/train/forged/forgeries_11_3.png,0,skilled_forgery,11,11
data/processed/train/genuine/original_28_6.png,data/processed/train/forged/forgeries_28_23.png,0,skilled_forgery,28,28
data/processed/validation/genuine/original_41_15.png,data/processed/validation/genuine/original_41_23.png,1,genuine_genuine,41,41
data/processed/validation/genuine/original_37_15.png,data/processed/train/genuine/original_9_19.png,0,random_forgery,37,9
data/processed/train/genuine/original_32_4.png,data/processed/train/forged/forgeries_32_9.png,0,skilled_forgery,32,32
data/processed/validation/genuine/original_43_20.png,data/processed/validation/forged/forgeries_43_2.png,0,skilled_forgery,43,43
data/processed/train/genuine/original_32_20.png,data/processed/train/genuine/original_32_3.png,1,genuine_genuine,32,32
data/processed/train/genuine/original_5_15.png,data/processed/train/genuine/original_5_6.png,1,genuine_genuine,5,5
data/processed/train/genuine/original_12_11.png,data/processed/train/forged/forgeries_12_24.png,0,skilled_forgery,12,12
data/processed/train/genuine/original_28_17.png,data/processed/train/genuine/original_28_24.png,1,genuine_genuine,28,28
data/processed/validation/genuine/original_44_15.png,data/processed/validation/forged/forgeries_44_20.png,0,skilled_forgery,44,44
data/processed/validation/genuine/original_37_23.png,data/processed/validation/forged/forgeries_37_22.png,0,skilled_forgery,37,37
data/processed/validation/genuine/original_38_17.png,data/processed/validation/genuine/original_38_4.png,1,genuine_genuine,38,38
data/processed/train/genuine/original_18_8.png,data/processed/train/genuine/original_18_9.png,1,genuine_genuine,18,18
data/processed/train/genuine/original_32_11.png,data/processed/train/genuine/original_32_20.png,1,genuine_genuine,32,32
data/processed/train/genuine/original_8_20.png,data/processed/train/genuine/original_8_3.png,1,genuine_genuine,8,8
data/processed/train/genuine/original_6_15.png,data/processed/train/genuine/original_6_23.png,1,genuine_genuine,6,6
data/processed/train/genuine/original_32_10.png,data/processed/train/forged/forgeries_32_15.png,0,skilled_forgery,32,32
data/processed/validation/genuine/original_37_19.png,data/processed/validation/forged/forgeries_37_7.png,0,skilled_forgery,37,37
data/processed/validation/genuine/original_36_16.png,data/processed/validation/genuine/original_36_21.png,1,genuine_genuine,36,36
data/processed/train/genuine/original_10_21.png,data/processed/train/forged/forgeries_10_16.png,0,skilled_forgery,10,10
data/processed/train/genuine/original_28_3.png,data/processed/train/genuine/original_28_9.png,1,genuine_genuine,28,28
data/processed/train/genuine/original_14_4.png,data/processed/train/genuine/original_10_20.png,0,random_forgery,14,10
data/processed/train/genuine/original_10_24.png,data/processed/validation/genuine/original_40_17.png,0,random_forgery,10,40
data/processed/train/genuine/original_34_16.png,data/processed/train/genuine/original_34_6.png,1,genuine_genuine,34,34
data/processed/train/genuine/original_12_17.png,data/processed/train/genuine/original_12_4.png,1,genuine_genuine,12,12
data/processed/validation/genuine/original_43_9.png,data/processed/validation/forged/forgeries_43_10.png,0,skilled_forgery,43,43
data/processed/validation/genuine/original_39_13.png,data/processed/train/genuine/original_17_4.png,0,random_forgery,39,17
data/processed/train/genuine/original_14_8.png,data/processed/train/genuine/original_14_9.png,1,genuine_genuine,14,14
data/processed/train/genuine/original_29_20.png,data/processed/train/genuine/original_29_3.png,1,genuine_genuine,29,29
data/processed/train/genuine/original_5_18.png,data/processed/train/genuine/original_5_20.png,1,genuine_genuine,5,5
data/processed/train/genuine/original_6_3.png,data/processed/train/genuine/original_6_5.png,1,genuine_genuine,6,6
data/processed/train/genuine/original_32_1.png,data/processed/train/genuine/original_32_3.png,1,genuine_genuine,32,32
data/processed/train/genuine/original_11_5.png,data/processed/train/genuine/original_13_7.png,0,random_forgery,11,13
data/processed/validation/genuine/original_37_15.png,data/processed/validation/forged/forgeries_37_16.png,0,skilled_forgery,37,37
data/processed/validation/genuine/original_43_24.png,data/processed/validation/forged/forgeries_43_12.png,0,skilled_forgery,43,43
data/processed/train/genuine/original_18_10.png,data/processed/train/forged/forgeries_18_12.png,0,skilled_forgery,18,18
data/processed/train/genuine/original_17_19.png,data/processed/train/forged/forgeries_17_10.png,0,skilled_forgery,17,17
data/processed/train/genuine/original_13_24.png,data/processed/train/genuine/original_13_3.png,1,genuine_genuine,13,13
data/processed/train/genuine/original_7_12.png,data/processed/train/genuine/original_7_17.png,1,genuine_genuine,7,7
data/processed/train/genuine/original_3_13.png,data/processed/train/genuine/original_3_7.png,1,genuine_genuine,3,3
data/processed/train/genuine/original_10_9.png,data/processed/train/genuine/original_32_22.png,0,random_forgery,10,32
data/processed/validation/genuine/original_38_22.png,data/processed/train/genuine/original_18_19.png,0,random_forgery,38,18
data/processed/train/genuine/original_8_7.png,data/processed/train/genuine/original_8_9.png,1,genuine_genuine,8,8
data/processed/train/genuine/original_10_5.png,data/processed/train/forged/forgeries_10_17.png,0,skilled_forgery,10,10
data/processed/validation/genuine/original_44_5.png,data/processed/validation/genuine/original_44_7.png,1,genuine_genuine,44,44
data/processed/train/genuine/original_18_14.png,data/processed/train/genuine/original_18_21.png,1,genuine_genuine,18,18
data/processed/validation/genuine/original_44_17.png,data/processed/train/genuine/original_10_2.png,0,random_forgery,44,10
data/processed/train/genuine/original_30_22.png,data/processed/train/genuine/original_30_9.png,1,genuine_genuine,30,30
data/processed/train/genuine/original_9_12.png,data/processed/train/genuine/original_9_19.png,1,genuine_genuine,9,9
data/processed/train/genuine/original_11_18.png,data/processed/train/genuine/original_11_4.png,1,genuine_genuine,11,11
data/processed/train/genuine/original_6_6.png,data/processed/train/forged/forgeries_6_14.png,0,skilled_forgery,6,6
data/processed/validation/genuine/original_40_19.png,data/processed/validation/genuine/original_40_9.png,1,genuine_genuine,40,40
data/processed/train/genuine/original_14_16.png,data/processed/train/genuine/original_14_24.png,1,genuine_genuine,14,14
data/processed/train/genuine/original_30_11.png,data/processed/train/genuine/original_30_9.png,1,genuine_genuine,30,30
data/processed/train/genuine/original_6_17.png,data/processed/train/forged/forgeries_6_8.png,0,skilled_forgery,6,6
data/processed/train/genuine/original_29_1.png,data/processed/train/forged/forgeries_29_2.png,0,skilled_forgery,29,29
data/processed/train/genuine/original_34_9.png,data/processed/train/genuine/original_11_3.png,0,random_forgery,34,11
data/processed/train/genuine/original_6_4.png,data/processed/train/forged/forgeries_6_5.png,0,skilled_forgery,6,6
data/processed/train/genuine/original_35_11.png,data/processed/train/genuine/original_35_6.png,1,genuine_genuine,35,35
data/processed/train/genuine/original_30_1.png,data/processed/validation/genuine/original_40_15.png,0,random_forgery,30,40
data/processed/train/genuine/original_14_18.png,data/processed/train/forged/forgeries_14_16.png,0,skilled_forgery,14,14
data/processed/train/genuine/original_35_1.png,data/processed/train/genuine/original_35_14.png,1,genuine_genuine,35,35
data/processed/validation/genuine/original_45_4.png,data/processed/train/genuine/original_5_17.png,0,random_forgery,45,5
data/processed/validation/genuine/original_39_6.png,data/processed/validation/forged/forgeries_39_14.png,0,skilled_forgery,39,39
data/processed/train/genuine/original_3_9.png,data/processed/train/forged/forgeries_3_16.png,0,skilled_forgery,3,3
data/processed/validation/genuine/original_43_11.png,data/processed/validation/genuine/original_36_16.png,0,random_forgery,43,36
data/processed/train/genuine/original_6_1.png,data/processed/train/genuine/original_6_21.png,1,genuine_genuine,6,6
data/processed/train/genuine/original_32_21.png,data/processed/train/genuine/original_32_7.png,1,genuine_genuine,32,32
data/processed/validation/genuine/original_42_2.png,data/processed/train/genuine/original_5_18.png,0,random_forgery,42,5
data/processed/train/genuine/original_28_10.png,data/processed/train/genuine/original_28_3.png,1,genuine_genuine,28,28
data/processed/train/genuine/original_2_11.png,data/processed/train/genuine/original_2_15.png,1,genuine_genuine,2,2
data/processed/train/genuine/original_9_14.png,data/processed/train/genuine/original_9_23.png,1,genuine_genuine,9,9
data/processed/train/genuine/original_30_24.png,data/processed/train/genuine/original_30_4.png,1,genuine_genuine,30,30
data/processed/validation/genuine/original_40_16.png,data/processed/validation/genuine/original_40_9.png,1,genuine_genuine,40,40
data/processed/validation/genuine/original_41_21.png,data/processed/validation/genuine/original_41_4.png,1,genuine_genuine,41,41
data/processed/validation/genuine/original_43_17.png,data/processed/validation/genuine/original_43_2.png,1,genuine_genuine,43,43
data/processed/train/genuine/original_1_8.png,data/processed/train/forged/forgeries_1_2.png,0,skilled_forgery,1,1
data/processed/train/genuine/original_16_20.png,data/processed/train/forged/forgeries_16_7.png,0,skilled_forgery,16,16
data/processed/train/genuine/original_29_23.png,data/processed/train/genuine/original_29_24.png,1,genuine_genuine,29,29
data/processed/train/genuine/original_16_1.png,data/processed/train/genuine/original_16_11.png,1,genuine_genuine,16,16
data/processed/validation/genuine/original_38_15.png,data/processed/validation/genuine/original_38_2.png,1,genuine_genuine,38,38
data/processed/train/genuine/original_33_16.png,data/processed/train/genuine/original_33_7.png,1,genuine_genuine,33,33
data/processed/train/genuine/original_6_23.png,data/processed/train/genuine/original_6_5.png,1,genuine_genuine,6,6
data/processed/validation/genuine/original_41_20.png,data/processed/validation/genuine/original_41_6.png,1,genuine_genuine,41,41
data/processed/train/genuine/original_4_16.png,data/processed/train/genuine/original_4_7.png,1,genuine_genuine,4,4
data/processed/validation/genuine/original_42_15.png,data/processed/validation/genuine/original_42_21.png,1,genuine_genuine,42,42
data/processed/train/genuine/original_31_12.png,data/processed/train/genuine/original_31_4.png,1,genuine_genuine,31,31
data/processed/validation/genuine/original_43_2.png,data/processed/validation/genuine/original_43_21.png,1,genuine_genuine,43,43
data/processed/validation/genuine/original_44_12.png,data/processed/validation/genuine/original_44_22.png,1,genuine_genuine,44,44
data/processed/validation/genuine/original_39_11.png,data/processed/validation/forged/forgeries_39_4.png,0,skilled_forgery,39,39
data/processed/train/genuine/original_6_7.png,data/processed/train/forged/forgeries_6_2.png,0,skilled_forgery,6,6
data/processed/train/genuine/original_6_15.png,data/processed/train/genuine/original_6_3.png,1,genuine_genuine,6,6
data/processed/train/genuine/original_33_17.png,data/processed/train/genuine/original_33_18.png,1,genuine_genuine,33,33
data/processed/train/genuine/original_33_15.png,data/processed/train/genuine/original_33_5.png,1,genuine_genuine,33,33
data/processed/train/genuine/original_28_10.png,data/processed/train/genuine/original_12_2.png,0,random_forgery,28,12
data/processed/train/genuine/original_30_11.png,data/processed/train/genuine/original_30_21.png,1,genuine_genuine,30,30
data/processed/validation/genuine/original_36_11.png,data/processed/validation/forged/forgeries_36_6.png,0,skilled_forgery,36,36
data/processed/train/genuine/original_1_10.png,data/processed/train/genuine/original_1_4.png,1,genuine_genuine,1,1
data/processed/train/genuine/original_3_18.png,data/processed/train/genuine/original_3_6.png,1,genuine_genuine,3,3
data/processed/train/genuine/original_3_22.png,data/processed/train/genuine/original_3_3.png,1,genuine_genuine,3,3
data/processed/train/genuine/original_18_5.png,data/processed/train/forged/forgeries_18_18.png,0,skilled_forgery,18,18
data/processed/train/genuine/original_35_13.png,data/processed/validation/genuine/original_43_11.png,0,random_forgery,35,43
data/processed/train/genuine/original_31_15.png,data/processed/train/forged/forgeries_31_18.png,0,skilled_forgery,31,31
data/processed/train/genuine/original_17_16.png,data/processed/train/genuine/original_17_23.png,1,genuine_genuine,17,17
data/processed/validation/genuine/original_45_21.png,data/processed/validation/forged/forgeries_45_23.png,0,skilled_forgery,45,45
data/processed/train/genuine/original_4_2.png,data/processed/train/genuine/original_16_3.png,0,random_forgery,4,16
data/processed/train/genuine/original_3_12.png,data/processed/train/genuine/original_3_8.png,1,genuine_genuine,3,3
data/processed/train/genuine/original_34_14.png,data/processed/train/genuine/original_34_18.png,1,genuine_genuine,34,34
data/processed/train/genuine/original_11_24.png,data/processed/train/genuine/original_2_19.png,0,random_forgery,11,2
data/processed/train/genuine/original_16_1.png,data/processed/train/genuine/original_16_23.png,1,genuine_genuine,16,16
data/processed/train/genuine/original_7_11.png,data/processed/train/genuine/original_7_13.png,1,genuine_genuine,7,7
data/processed/validation/genuine/original_45_8.png,data/processed/validation/forged/forgeries_45_14.png,0,skilled_forgery,45,45
data/processed/train/genuine/original_10_12.png,data/processed/train/genuine/original_10_16.png,1,genuine_genuine,10,10
data/processed/train/genuine/original_7_15.png,data/processed/train/genuine/original_7_21.png,1,genuine_genuine,7,7
data/processed/train/genuine/original_8_19.png,data/processed/train/genuine/original_8_21.png,1,genuine_genuine,8,8
data/processed/train/genuine/original_4_13.png,data/processed/train/forged/forgeries_4_15.png,0,skilled_forgery,4,4
data/processed/train/genuine/original_7_3.png,data/processed/train/forged/forgeries_7_23.png,0,skilled_forgery,7,7
data/processed/train/genuine/original_31_11.png,data/processed/train/genuine/original_31_19.png,1,genuine_genuine,31,31
data/processed/train/genuine/original_12_20.png,data/processed/train/forged/forgeries_12_18.png,0,skilled_forgery,12,12
data/processed/train/genuine/original_17_11.png,data/processed/train/genuine/original_17_14.png,1,genuine_genuine,17,17
data/processed/train/genuine/original_9_6.png,data/processed/train/forged/forgeries_9_24.png,0,skilled_forgery,9,9
data/processed/train/genuine/original_12_15.png,data/processed/train/genuine/original_12_20.png,1,genuine_genuine,12,12
data/processed/validation/genuine/original_41_1.png,data/processed/validation/forged/forgeries_41_24.png,0,skilled_forgery,41,41
data/processed/train/genuine/original_11_2.png,data/processed/train/genuine/original_11_3.png,1,genuine_genuine,11,11
data/processed/train/genuine/original_17_13.png,data/processed/train/forged/forgeries_17_20.png,0,skilled_forgery,17,17
data/processed/validation/genuine/original_44_15.png,data/processed/validation/genuine/original_41_13.png,0,random_forgery,44,41
data/processed/train/genuine/original_17_20.png,data/processed/train/forged/forgeries_17_18.png,0,skilled_forgery,17,17
data/processed/validation/genuine/original_44_5.png,data/processed/validation/forged/forgeries_44_14.png,0,skilled_forgery,44,44
data/processed/train/genuine/original_14_10.png,data/processed/train/genuine/original_14_22.png,1,genuine_genuine,14,14
data/processed/train/genuine/original_1_24.png,data/processed/train/forged/forgeries_1_3.png,0,skilled_forgery,1,1
data/processed/train/genuine/original_12_22.png,data/processed/train/forged/forgeries_12_4.png,0,skilled_forgery,12,12
data/processed/validation/genuine/original_41_19.png,data/processed/validation/genuine/original_41_5.png,1,genuine_genuine,41,41
data/processed/train/genuine/original_5_14.png,data/processed/train/forged/forgeries_5_8.png,0,skilled_forgery,5,5
data/processed/train/genuine/original_5_22.png,data/processed/validation/genuine/original_40_14.png,0,random_forgery,5,40
data/processed/validation/genuine/original_39_13.png,data/processed/validation/forged/forgeries_39_8.png,0,skilled_forgery,39,39
data/processed/train/genuine/original_10_13.png,data/processed/train/genuine/original_10_4.png,1,genuine_genuine,10,10
data/processed/validation/genuine/original_37_1.png,data/processed/train/genuine/original_1_13.png,0,random_forgery,37,1
data/processed/train/genuine/original_32_17.png,data/processed/train/genuine/original_32_6.png,1,genuine_genuine,32,32
data/processed/validation/genuine/original_43_14.png,data/processed/validation/genuine/original_43_4.png,1,genuine_genuine,43,43
data/processed/train/genuine/original_17_18.png,data/processed/train/genuine/original_17_22.png,1,genuine_genuine,17,17
data/processed/train/genuine/original_1_13.png,data/processed/train/genuine/original_1_5.png,1,genuine_genuine,1,1
data/processed/train/genuine/original_10_4.png,data/processed/train/genuine/original_34_19.png,0,random_forgery,10,34
data/processed/train/genuine/original_33_21.png,data/processed/train/genuine/original_33_8.png,1,genuine_genuine,33,33
data/processed/validation/genuine/original_39_23.png,data/processed/validation/genuine/original_39_3.png,1,genuine_genuine,39,39
data/processed/train/genuine/original_7_21.png,data/processed/train/genuine/original_7_23.png,1,genuine_genuine,7,7
data/processed/validation/genuine/original_38_19.png,data/processed/train/genuine/original_35_4.png,0,random_forgery,38,35
data/processed/train/genuine/original_11_20.png,data/processed/train/genuine/original_11_9.png,1,genuine_genuine,11,11
data/processed/train/genuine/original_3_1.png,data/processed/train/genuine/original_3_16.png,1,genuine_genuine,3,3
data/processed/validation/genuine/original_43_12.png,data/processed/validation/genuine/original_43_5.png,1,genuine_genuine,43,43
data/processed/train/genuine/original_11_22.png,data/processed/train/genuine/original_5_11.png,0,random_forgery,11,5
data/processed/train/genuine/original_35_16.png,data/processed/train/genuine/original_35_22.png,1,genuine_genuine,35,35
data/processed/train/genuine/original_4_22.png,data/processed/train/genuine/original_4_8.png,1,genuine_genuine,4,4
data/processed/train/genuine/original_15_3.png,data/processed/train/forged/forgeries_15_7.png,0,skilled_forgery,15,15
data/processed/validation/genuine/original_43_18.png,data/processed/train/genuine/original_16_6.png,0,random_forgery,43,16
data/processed/train/genuine/original_14_23.png,data/processed/train/forged/forgeries_14_16.png,0,skilled_forgery,14,14
data/processed/train/genuine/original_16_11.png,data/processed/train/forged/forgeries_16_20.png,0,skilled_forgery,16,16
data/processed/train/genuine/original_18_15.png,data/processed/train/genuine/original_14_21.png,0,random_forgery,18,14
data/processed/validation/genuine/original_36_15.png,data/processed/train/genuine/original_5_22.png,0,random_forgery,36,5
data/processed/validation/genuine/original_40_16.png,data/processed/validation/forged/forgeries_40_6.png,0,skilled_forgery,40,40
data/processed/train/genuine/original_7_16.png,data/processed/train/genuine/original_16_8.png,0,random_forgery,7,16
data/processed/train/genuine/original_9_17.png,data/processed/train/genuine/original_9_7.png,1,genuine_genuine,9,9
data/processed/train/genuine/original_32_17.png,data/processed/train/genuine/original_32_20.png,1,genuine_genuine,32,32
data/processed/train/genuine/original_29_13.png,data/processed/train/genuine/original_6_8.png,0,random_forgery,29,6
data/processed/train/genuine/original_30_2.png,data/processed/train/genuine/original_35_12.png,0,random_forgery,30,35
data/processed/train/genuine/original_2_22.png,data/processed/train/forged/forgeries_2_23.png,0,skilled_forgery,2,2
data/processed/validation/genuine/original_40_2.png,data/processed/validation/forged/forgeries_40_12.png,0,skilled_forgery,40,40
data/processed/train/genuine/original_12_12.png,data/processed/train/genuine/original_12_24.png,1,genuine_genuine,12,12
data/processed/train/genuine/original_30_10.png,data/processed/train/genuine/original_30_16.png,1,genuine_genuine,30,30
data/processed/train/genuine/original_16_11.png,data/processed/train/forged/forgeries_16_11.png,0,skilled_forgery,16,16
data/processed/train/genuine/original_10_11.png,data/processed/train/genuine/original_10_17.png,1,genuine_genuine,10,10
data/processed/train/genuine/original_30_1.png,data/processed/train/genuine/original_30_14.png,1,genuine_genuine,30,30
data/processed/train/genuine/original_35_24.png,data/processed/train/genuine/original_15_5.png,0,random_forgery,35,15
data/processed/train/genuine/original_29_8.png,data/processed/train/forged/forgeries_29_1.png,0,skilled_forgery,29,29
data/processed/validation/genuine/original_43_23.png,data/processed/validation/forged/forgeries_43_13.png,0,skilled_forgery,43,43
data/processed/train/genuine/original_1_8.png,data/processed/train/forged/forgeries_1_22.png,0,skilled_forgery,1,1
data/processed/train/genuine/original_7_11.png,data/processed/train/genuine/original_30_2.png,0,random_forgery,7,30
data/processed/validation/genuine/original_45_3.png,data/processed/validation/forged/forgeries_45_9.png,0,skilled_forgery,45,45
data/processed/train/genuine/original_17_10.png,data/processed/train/forged/forgeries_17_2.png,0,skilled_forgery,17,17
data/processed/train/genuine/original_35_3.png,data/processed/train/genuine/original_35_5.png,1,genuine_genuine,35,35
data/processed/train/genuine/original_14_11.png,data/processed/train/genuine/original_4_4.png,0,random_forgery,14,4
data/processed/train/genuine/original_8_2.png,data/processed/train/genuine/original_8_23.png,1,genuine_genuine,8,8
data/processed/validation/genuine/original_38_13.png,data/processed/validation/genuine/original_37_17.png,0,random_forgery,38,37
data/processed/train/genuine/original_2_24.png,data/processed/train/genuine/original_2_6.png,1,genuine_genuine,2,2
data/processed/validation/genuine/original_42_23.png,data/processed/validation/genuine/original_42_7.png,1,genuine_genuine,42,42
data/processed/train/genuine/original_10_1.png,data/processed/train/genuine/original_10_19.png,1,genuine_genuine,10,10
data/processed/train/genuine/original_31_16.png,data/processed/train/genuine/original_31_9.png,1,genuine_genuine,31,31
data/processed/train/genuine/original_5_17.png,data/processed/train/forged/forgeries_5_17.png,0,skilled_forgery,5,5
data/processed/train/genuine/original_11_4.png,data/processed/train/forged/forgeries_11_6.png,0,skilled_forgery,11,11
data/processed/train/genuine/original_1_13.png,data/processed/train/genuine/original_1_20.png,1,genuine_genuine,1,1
data/processed/validation/genuine/original_45_23.png,data/processed/validation/forged/forgeries_45_23.png,0,skilled_forgery,45,45
data/processed/train/genuine/original_1_15.png,data/processed/train/forged/forgeries_1_14.png,0,skilled_forgery,1,1
data/processed/validation/genuine/original_42_17.png,data/processed/train/genuine/original_32_23.png,0,random_forgery,42,32
data/processed/validation/genuine/original_43_23.png,data/processed/validation/genuine/original_43_6.png,1,genuine_genuine,43,43
data/processed/train/genuine/original_30_6.png,data/processed/train/forged/forgeries_30_22.png,0,skilled_forgery,30,30
data/processed/validation/genuine/original_37_23.png,data/processed/validation/forged/forgeries_37_20.png,0,skilled_forgery,37,37
data/processed/train/genuine/original_33_2.png,data/processed/train/genuine/original_33_8.png,1,genuine_genuine,33,33
data/processed/train/genuine/original_30_4.png,data/processed/train/genuine/original_1_2.png,0,random_forgery,30,1
data/processed/train/genuine/original_8_18.png,data/processed/train/forged/forgeries_8_23.png,0,skilled_forgery,8,8
data/processed/train/genuine/original_6_13.png,data/processed/train/genuine/original_6_6.png,1,genuine_genuine,6,6
data/processed/train/genuine/original_6_21.png,data/processed/train/genuine/original_6_3.png,1,genuine_genuine,6,6
data/processed/train/genuine/original_34_21.png,data/processed/train/forged/forgeries_34_12.png,0,skilled_forgery,34,34
data/processed/train/genuine/original_3_1.png,data/processed/train/genuine/original_31_4.png,0,random_forgery,3,31
data/processed/validation/genuine/original_43_14.png,data/processed/validation/forged/forgeries_43_1.png,0,skilled_forgery,43,43
data/processed/train/genuine/original_29_21.png,data/processed/train/genuine/original_29_6.png,1,genuine_genuine,29,29
data/processed/train/genuine/original_28_5.png,data/processed/train/forged/forgeries_28_13.png,0,skilled_forgery,28,28
data/processed/validation/genuine/original_41_22.png,data/processed/validation/genuine/original_41_3.png,1,genuine_genuine,41,41
data/processed/train/genuine/original_7_23.png,data/processed/train/forged/forgeries_7_16.png,0,skilled_forgery,7,7
data/processed/train/genuine/original_4_20.png,data/processed/train/genuine/original_4_21.png,1,genuine_genuine,4,4
data/processed/train/genuine/original_30_2.png,data/processed/train/forged/forgeries_30_5.png,0,skilled_forgery,30,30
data/processed/train/genuine/original_8_1.png,data/processed/train/genuine/original_8_17.png,1,genuine_genuine,8,8
data/processed/validation/genuine/original_37_12.png,data/processed/validation/genuine/original_37_13.png,1,genuine_genuine,37,37
data/processed/validation/genuine/original_36_9.png,data/processed/train/genuine/original_14_19.png,0,random_forgery,36,14
data/processed/train/genuine/original_16_19.png,data/processed/train/forged/forgeries_16_11.png,0,skilled_forgery,16,16
data/processed/train/genuine/original_1_7.png,data/processed/train/genuine/original_28_16.png,0,random_forgery,1,28
data/processed/train/genuine/original_12_11.png,data/processed/train/genuine/original_12_22.png,1,genuine_genuine,12,12
data/processed/train/genuine/original_9_18.png,data/processed/train/genuine/original_35_8.png,0,random_forgery,9,35
data/processed/validation/genuine/original_38_4.png,data/processed/validation/forged/forgeries_38_21.png,0,skilled_forgery,38,38
data/processed/validation/genuine/original_39_12.png,data/processed/validation/genuine/original_43_15.png,0,random_forgery,39,43
data/processed/validation/genuine/original_45_19.png,data/processed/validation/genuine/original_45_20.png,1,genuine_genuine,45,45
data/processed/validation/genuine/original_42_8.png,data/processed/validation/forged/forgeries_42_4.png,0,skilled_forgery,42,42
data/processed/train/genuine/original_35_8.png,data/processed/train/genuine/original_35_9.png,1,genuine_genuine,35,35
data/processed/validation/genuine/original_41_15.png,data/processed/validation/forged/forgeries_41_19.png,0,skilled_forgery,41,41
data/processed/train/genuine/original_28_24.png,data/processed/validation/genuine/original_39_10.png,0,random_forgery,28,39
data/processed/validation/genuine/original_43_1.png,data/processed/validation/forged/forgeries_43_18.png,0,skilled_forgery,43,43
data/processed/train/genuine/original_9_23.png,data/processed/train/forged/forgeries_9_12.png,0,skilled_forgery,9,9
data/processed/train/genuine/original_9_3.png,data/processed/train/genuine/original_9_7.png,1,genuine_genuine,9,9
data/processed/train/genuine/original_29_23.png,data/processed/train/genuine/original_29_5.png,1,genuine_genuine,29,29
data/processed/train/genuine/original_17_8.png,data/processed/validation/genuine/original_41_6.png,0,random_forgery,17,41
data/processed/train/genuine/original_16_18.png,data/processed/train/forged/forgeries_16_4.png,0,skilled_forgery,16,16
data/processed/train/genuine/original_14_1.png,data/processed/train/genuine/original_14_19.png,1,genuine_genuine,14,14
data/processed/validation/genuine/original_38_2.png,data/processed/validation/genuine/original_43_2.png,0,random_forgery,38,43
data/processed/train/genuine/original_10_22.png,data/processed/train/genuine/original_10_5.png,1,genuine_genuine,10,10
data/processed/train/genuine/original_32_19.png,data/processed/train/genuine/original_32_5.png,1,genuine_genuine,32,32
data/processed/train/genuine/original_35_7.png,data/processed/train/forged/forgeries_35_8.png,0,skilled_forgery,35,35
data/processed/train/genuine/original_2_20.png,data/processed/train/genuine/original_2_5.png,1,genuine_genuine,2,2
data/processed/train/genuine/original_34_15.png,data/processed/train/genuine/original_34_24.png,1,genuine_genuine,34,34
data/processed/train/genuine/original_32_22.png,data/processed/train/forged/forgeries_32_8.png,0,skilled_forgery,32,32
data/processed/train/genuine/original_28_4.png,data/processed/train/genuine/original_11_12.png,0,random_forgery,28,11
data/processed/train/genuine/original_3_1.png,data/processed/train/genuine/original_3_15.png,1,genuine_genuine,3,3
data/processed/train/genuine/original_14_13.png,data/processed/train/genuine/original_14_7.png,1,genuine_genuine,14,14
data/processed/validation/genuine/original_40_7.png,data/processed/validation/forged/forgeries_40_23.png,0,skilled_forgery,40,40
data/processed/train/genuine/original_9_15.png,data/processed/train/genuine/original_9_8.png,1,genuine_genuine,9,9
data/processed/validation/genuine/original_37_16.png,data/processed/validation/genuine/original_37_7.png,1,genuine_genuine,37,37
data/processed/validation/genuine/original_39_20.png,data/processed/validation/forged/forgeries_39_17.png,0,skilled_forgery,39,39
data/processed/validation/genuine/original_45_15.png,data/processed/validation/genuine/original_45_3.png,1,genuine_genuine,45,45
data/processed/train/genuine/original_32_10.png,data/processed/train/genuine/original_3_8.png,0,random_forgery,32,3
data/processed/train/genuine/original_4_19.png,data/processed/train/genuine/original_1_13.png,0,random_forgery,4,1
data/processed/validation/genuine/original_39_12.png,data/processed/validation/genuine/original_41_18.png,0,random_forgery,39,41
data/processed/train/genuine/original_1_22.png,data/processed/train/genuine/original_1_6.png,1,genuine_genuine,1,1
data/processed/train/genuine/original_18_10.png,data/processed/train/genuine/original_18_11.png,1,genuine_genuine,18,18
data/processed/train/genuine/original_35_11.png,data/processed/train/forged/forgeries_35_1.png,0,skilled_forgery,35,35
data/processed/train/genuine/original_16_16.png,data/processed/train/forged/forgeries_16_17.png,0,skilled_forgery,16,16
data/processed/train/genuine/original_18_3.png,data/processed/train/genuine/original_10_6.png,0,random_forgery,18,10
data/processed/train/genuine/original_29_7.png,data/processed/train/forged/forgeries_29_13.png,0,skilled_forgery,29,29
data/processed/train/genuine/original_12_18.png,data/processed/train/genuine/original_15_17.png,0,random_forgery,12,15
data/processed/train/genuine/original_35_1.png,data/processed/train/genuine/original_35_17.png,1,genuine_genuine,35,35
data/processed/validation/genuine/original_41_18.png,data/processed/validation/genuine/original_38_9.png,0,random_forgery,41,38
data/processed/train/genuine/original_6_22.png,data/processed/validation/genuine/original_37_8.png,0,random_forgery,6,37
data/processed/train/genuine/original_12_10.png,data/processed/train/genuine/original_12_11.png,1,genuine_genuine,12,12
data/processed/train/genuine/original_30_17.png,data/processed/train/genuine/original_30_4.png,1,genuine_genuine,30,30
data/processed/train/genuine/original_3_16.png,data/processed/train/forged/forgeries_3_13.png,0,skilled_forgery,3,3
data/processed/train/genuine/original_8_21.png,data/processed/train/forged/forgeries_8_5.png,0,skilled_forgery,8,8
data/processed/train/genuine/original_12_13.png,data/processed/train/genuine/original_12_7.png,1,genuine_genuine,12,12
data/processed/train/genuine/original_31_11.png,data/processed/train/genuine/original_31_15.png,1,genuine_genuine,31,31
data/processed/validation/genuine/original_45_15.png,data/processed/validation/forged/forgeries_45_1.png,0,skilled_forgery,45,45
data/processed/train/genuine/original_10_15.png,data/processed/train/genuine/original_10_6.png,1,genuine_genuine,10,10
data/processed/train/genuine/original_29_24.png,data/processed/train/genuine/original_35_3.png,0,random_forgery,29,35
data/processed/train/genuine/original_34_14.png,data/processed/train/forged/forgeries_34_2.png,0,skilled_forgery,34,34
data/processed/validation/genuine/original_42_14.png,data/processed/validation/genuine/original_42_15.png,1,genuine_genuine,42,42
data/processed/train/genuine/original_33_11.png,data/processed/train/genuine/original_33_8.png,1,genuine_genuine,33,33
data/processed/train/genuine/original_29_24.png,data/processed/train/genuine/original_29_7.png,1,genuine_genuine,29,29
data/processed/train/genuine/original_18_12.png,data/processed/train/forged/forgeries_18_6.png,0,skilled_forgery,18,18
data/processed/validation/genuine/original_44_18.png,data/processed/validation/forged/forgeries_44_16.png,0,skilled_forgery,44,44
data/processed/train/genuine/original_6_13.png,data/processed/train/genuine/original_6_9.png,1,genuine_genuine,6,6
data/processed/train/genuine/original_5_23.png,data/processed/train/genuine/original_5_4.png,1,genuine_genuine,5,5
data/processed/train/genuine/original_28_2.png,data/processed/train/genuine/original_15_5.png,0,random_forgery,28,15
data/processed/validation/genuine/original_39_15.png,data/processed/validation/genuine/original_39_9.png,1,genuine_genuine,39,39
data/processed/train/genuine/original_35_1.png,data/processed/train/genuine/original_35_18.png,1,genuine_genuine,35,35
data/processed/validation/genuine/original_39_18.png,data/processed/validation/forged/forgeries_39_7.png,0,skilled_forgery,39,39
data/processed/train/genuine/original_18_24.png,data/processed/train/forged/forgeries_18_1.png,0,skilled_forgery,18,18
data/processed/train/genuine/original_5_10.png,data/processed/train/forged/forgeries_5_6.png,0,skilled_forgery,5,5
data/processed/train/genuine/original_31_5.png,data/processed/train/genuine/original_17_5.png,0,random_forgery,31,17
data/processed/train/genuine/original_3_2.png,data/processed/train/forged/forgeries_3_24.png,0,skilled_forgery,3,3
data/processed/train/genuine/original_30_10.png,data/processed/train/genuine/original_30_2.png,1,genuine_genuine,30,30
data/processed/train/genuine/original_10_10.png,data/processed/train/genuine/original_10_6.png,1,genuine_genuine,10,10
data/processed/train/genuine/original_31_16.png,data/processed/train/genuine/original_7_22.png,0,random_forgery,31,7
data/processed/train/genuine/original_5_4.png,data/processed/train/genuine/original_10_15.png,0,random_forgery,5,10
data/processed/train/genuine/original_33_13.png,data/processed/train/genuine/original_5_12.png,0,random_forgery,33,5
data/processed/train/genuine/original_9_10.png,data/processed/train/genuine/original_8_18.png,0,random_forgery,9,8
data/processed/train/genuine/original_14_23.png,data/processed/train/genuine/original_14_5.png,1,genuine_genuine,14,14
data/processed/validation/genuine/original_45_4.png,data/processed/validation/genuine/original_39_11.png,0,random_forgery,45,39
data/processed/validation/genuine/original_44_12.png,data/processed/validation/forged/forgeries_44_10.png,0,skilled_forgery,44,44
data/processed/train/genuine/original_11_9.png,data/processed/train/genuine/original_13_21.png,0,random_forgery,11,13
data/processed/train/genuine/original_17_9.png,data/processed/train/genuine/original_28_19.png,0,random_forgery,17,28
data/processed/train/genuine/original_35_2.png,data/processed/train/forged/forgeries_35_16.png,0,skilled_forgery,35,35
data/processed/train/genuine/original_12_12.png,data/processed/train/genuine/original_12_23.png,1,genuine_genuine,12,12
data/processed/train/genuine/original_30_19.png,data/processed/train/genuine/original_30_2.png,1,genuine_genuine,30,30
data/processed/train/genuine/original_8_8.png,data/processed/train/forged/forgeries_8_3.png,0,skilled_forgery,8,8
data/processed/train/genuine/original_17_3.png,data/processed/train/genuine/original_17_8.png,1,genuine_genuine,17,17
data/processed/train/genuine/original_3_14.png,data/processed/train/genuine/original_31_1.png,0,random_forgery,3,31
data/processed/validation/genuine/original_36_10.png,data/processed/validation/forged/forgeries_36_2.png,0,skilled_forgery,36,36
data/processed/train/genuine/original_18_7.png,data/processed/train/forged/forgeries_18_22.png,0,skilled_forgery,18,18
data/processed/train/genuine/original_29_4.png,data/processed/train/genuine/original_29_9.png,1,genuine_genuine,29,29
data/processed/train/genuine/original_6_21.png,data/processed/train/forged/forgeries_6_9.png,0,skilled_forgery,6,6
data/processed/train/genuine/original_2_24.png,data/processed/train/forged/forgeries_2_16.png,0,skilled_forgery,2,2
data/processed/train/genuine/original_6_16.png,data/processed/train/genuine/original_6_19.png,1,genuine_genuine,6,6
data/processed/validation/genuine/original_37_4.png,data/processed/validation/genuine/original_37_7.png,1,genuine_genuine,37,37
data/processed/train/genuine/original_17_10.png,data/processed/train/forged/forgeries_17_9.png,0,skilled_forgery,17,17
data/processed/train/genuine/original_35_24.png,data/processed/validation/genuine/original_44_18.png,0,random_forgery,35,44
data/processed/train/genuine/original_4_6.png,data/processed/train/forged/forgeries_4_20.png,0,skilled_forgery,4,4
data/processed/train/genuine/original_17_20.png,data/processed/train/genuine/original_17_23.png,1,genuine_genuine,17,17
data/processed/train/genuine/original_16_13.png,data/processed/train/genuine/original_16_19.png,1,genuine_genuine,16,16
data/processed/train/genuine/original_16_8.png,data/processed/train/genuine/original_5_14.png,0,random_forgery,16,5
data/processed/train/genuine/original_14_1.png,data/processed/train/genuine/original_3_11.png,0,random_forgery,14,3
data/processed/validation/genuine/original_36_17.png,data/processed/validation/genuine/original_36_4.png,1,genuine_genuine,36,36
data/processed/train/genuine/original_9_22.png,data/processed/train/forged/forgeries_9_4.png,0,skilled_forgery,9,9
data/processed/train/genuine/original_18_19.png,data/processed/train/genuine/original_18_5.png,1,genuine_genuine,18,18
data/processed/train/genuine/original_12_17.png,data/processed/train/genuine/original_12_22.png,1,genuine_genuine,12,12
data/processed/train/genuine/original_13_2.png,data/processed/train/genuine/original_13_5.png,1,genuine_genuine,13,13
data/processed/validation/genuine/original_42_24.png,data/processed/validation/genuine/original_42_5.png,1,genuine_genuine,42,42
data/processed/train/genuine/original_30_24.png,data/processed/train/genuine/original_30_6.png,1,genuine_genuine,30,30
data/processed/validation/genuine/original_42_2.png,data/processed/train/genuine/original_3_9.png,0,random_forgery,42,3
data/processed/train/genuine/original_34_18.png,data/processed/train/genuine/original_34_23.png,1,genuine_genuine,34,34
data/processed/train/genuine/original_17_14.png,data/processed/train/forged/forgeries_17_17.png,0,skilled_forgery,17,17
data/processed/train/genuine/original_29_11.png,data/processed/train/genuine/original_29_22.png,1,genuine_genuine,29,29
data/processed/train/genuine/original_4_10.png,data/processed/train/genuine/original_4_5.png,1,genuine_genuine,4,4
data/processed/validation/genuine/original_40_7.png,data/processed/validation/forged/forgeries_40_17.png,0,skilled_forgery,40,40
data/processed/validation/genuine/original_36_10.png,data/processed/validation/genuine/original_36_17.png,1,genuine_genuine,36,36
data/processed/train/genuine/original_11_20.png,data/processed/train/genuine/original_11_24.png,1,genuine_genuine,11,11
data/processed/train/genuine/original_35_21.png,data/processed/validation/genuine/original_43_18.png,0,random_forgery,35,43
data/processed/train/genuine/original_31_21.png,data/processed/train/genuine/original_31_8.png,1,genuine_genuine,31,31
data/processed/train/genuine/original_18_22.png,data/processed/train/forged/forgeries_18_4.png,0,skilled_forgery,18,18
data/processed/train/genuine/original_10_12.png,data/processed/train/forged/forgeries_10_9.png,0,skilled_forgery,10,10
data/processed/train/genuine/original_3_10.png,data/processed/train/genuine/original_3_6.png,1,genuine_genuine,3,3
data/processed/train/genuine/original_11_19.png,data/processed/train/genuine/original_11_6.png,1,genuine_genuine,11,11
data/processed/train/genuine/original_3_10.png,data/processed/train/forged/forgeries_3_19.png,0,skilled_forgery,3,3
data/processed/train/genuine/original_35_4.png,data/processed/train/genuine/original_35_5.png,1,genuine_genuine,35,35
data/processed/train/genuine/original_17_2.png,data/processed/train/genuine/original_17_24.png,1,genuine_genuine,17,17
data/processed/validation/genuine/original_42_20.png,data/processed/validation/genuine/original_42_5.png,1,genuine_genuine,42,42
data/processed/train/genuine/original_30_14.png,data/processed/train/forged/forgeries_30_21.png,0,skilled_forgery,30,30
data/processed/train/genuine/original_4_13.png,data/processed/train/forged/forgeries_4_8.png,0,skilled_forgery,4,4
data/processed/train/genuine/original_15_16.png,data/processed/train/genuine/original_15_5.png,1,genuine_genuine,15,15
data/processed/validation/genuine/original_36_14.png,data/processed/validation/genuine/original_36_2.png,1,genuine_genuine,36,36
data/processed/train/genuine/original_29_14.png,data/processed/train/genuine/original_29_9.png,1,genuine_genuine,29,29
data/processed/train/genuine/original_1_17.png,data/processed/train/genuine/original_1_23.png,1,genuine_genuine,1,1
data/processed/train/genuine/original_12_18.png,data/processed/train/genuine/original_12_7.png,1,genuine_genuine,12,12
data/processed/validation/genuine/original_39_5.png,data/processed/validation/genuine/original_39_8.png,1,genuine_genuine,39,39
data/processed/train/genuine/original_2_2.png,data/processed/train/genuine/original_2_24.png,1,genuine_genuine,2,2
data/processed/train/genuine/original_4_23.png,data/processed/train/genuine/original_4_3.png,1,genuine_genuine,4,4
data/processed/train/genuine/original_13_1.png,data/processed/train/genuine/original_3_20.png,0,random_forgery,13,3
data/processed/train/genuine/original_29_9.png,data/processed/train/forged/forgeries_29_10.png,0,skilled_forgery,29,29
data/processed/validation/genuine/original_42_14.png,data/processed/validation/genuine/original_42_5.png,1,genuine_genuine,42,42
data/processed/validation/genuine/original_41_2.png,data/processed/validation/genuine/original_41_3.png,1,genuine_genuine,41,41
data/processed/train/genuine/original_2_15.png,data/processed/train/forged/forgeries_2_20.png,0,skilled_forgery,2,2
data/processed/validation/genuine/original_45_20.png,data/processed/validation/genuine/original_45_8.png,1,genuine_genuine,45,45
data/processed/validation/genuine/original_39_2.png,data/processed/validation/genuine/original_38_8.png,0,random_forgery,39,38
data/processed/train/genuine/original_13_19.png,data/processed/train/genuine/original_18_15.png,0,random_forgery,13,18
data/processed/train/genuine/original_11_19.png,data/processed/train/forged/forgeries_11_16.png,0,skilled_forgery,11,11
data/processed/train/genuine/original_14_21.png,data/processed/train/genuine/original_14_7.png,1,genuine_genuine,14,14
data/processed/train/genuine/original_31_13.png,data/processed/train/genuine/original_30_4.png,0,random_forgery,31,30
data/processed/train/genuine/original_1_11.png,data/processed/train/genuine/original_1_2.png,1,genuine_genuine,1,1
data/processed/train/genuine/original_11_18.png,data/processed/train/forged/forgeries_11_2.png,0,skilled_forgery,11,11
data/processed/validation/genuine/original_44_20.png,data/processed/validation/genuine/original_45_15.png,0,random_forgery,44,45
data/processed/train/genuine/original_5_14.png,data/processed/train/forged/forgeries_5_11.png,0,skilled_forgery,5,5
data/processed/validation/genuine/original_36_13.png,data/processed/validation/genuine/original_36_15.png,1,genuine_genuine,36,36
data/processed/train/genuine/original_33_17.png,data/processed/train/genuine/original_33_23.png,1,genuine_genuine,33,33
data/processed/validation/genuine/original_41_9.png,data/processed/validation/forged/forgeries_41_11.png,0,skilled_forgery,41,41
data/processed/validation/genuine/original_40_8.png,data/processed/validation/forged/forgeries_40_18.png,0,skilled_forgery,40,40
data/processed/train/genuine/original_1_15.png,data/processed/train/genuine/original_1_7.png,1,genuine_genuine,1,1
data/processed/validation/genuine/original_45_18.png,data/processed/validation/forged/forgeries_45_8.png,0,skilled_forgery,45,45
data/processed/train/genuine/original_6_15.png,data/processed/train/forged/forgeries_6_23.png,0,skilled_forgery,6,6
data/processed/train/genuine/original_4_15.png,data/processed/validation/genuine/original_45_7.png,0,random_forgery,4,45
data/processed/train/genuine/original_3_7.png,data/processed/train/forged/forgeries_3_15.png,0,skilled_forgery,3,3
data/processed/train/genuine/original_12_8.png,data/processed/train/genuine/original_12_9.png,1,genuine_genuine,12,12
data/processed/train/genuine/original_16_8.png,data/processed/train/genuine/original_10_9.png,0,random_forgery,16,10
data/processed/train/genuine/original_10_21.png,data/processed/train/forged/forgeries_10_13.png,0,skilled_forgery,10,10
data/processed/validation/genuine/original_38_20.png,data/processed/validation/forged/forgeries_38_11.png,0,skilled_forgery,38,38
data/processed/train/genuine/original_30_11.png,data/processed/train/genuine/original_30_2.png,1,genuine_genuine,30,30
data/processed/train/genuine/original_33_21.png,data/processed/train/genuine/original_33_6.png,1,genuine_genuine,33,33
data/processed/train/genuine/original_29_2.png,data/processed/train/genuine/original_29_6.png,1,genuine_genuine,29,29
data/processed/train/genuine/original_14_11.png,data/processed/train/genuine/original_14_3.png,1,genuine_genuine,14,14
data/processed/train/genuine/original_10_12.png,data/processed/train/genuine/original_31_14.png,0,random_forgery,10,31
data/processed/train/genuine/original_6_19.png,data/processed/train/genuine/original_6_24.png,1,genuine_genuine,6,6
data/processed/train/genuine/original_8_7.png,data/processed/train/forged/forgeries_8_16.png,0,skilled_forgery,8,8
data/processed/train/genuine/original_6_3.png,data/processed/train/forged/forgeries_6_3.png,0,skilled_forgery,6,6
data/processed/validation/genuine/original_37_7.png,data/processed/validation/forged/forgeries_37_2.png,0,skilled_forgery,37,37
data/processed/validation/genuine/original_42_5.png,data/processed/train/genuine/original_7_10.png,0,random_forgery,42,7
data/processed/validation/genuine/original_45_18.png,data/processed/train/genuine/original_34_23.png,0,random_forgery,45,34
data/processed/train/genuine/original_13_21.png,data/processed/validation/genuine/original_38_12.png,0,random_forgery,13,38
data/processed/train/genuine/original_12_12.png,data/processed/train/genuine/original_12_14.png,1,genuine_genuine,12,12
data/processed/train/genuine/original_16_3.png,data/processed/train/genuine/original_16_8.png,1,genuine_genuine,16,16
data/processed/train/genuine/original_34_13.png,data/processed/train/genuine/original_34_15.png,1,genuine_genuine,34,34
data/processed/train/genuine/original_2_23.png,data/processed/train/genuine/original_2_7.png,1,genuine_genuine,2,2
data/processed/train/genuine/original_8_10.png,data/processed/train/genuine/original_8_4.png,1,genuine_genuine,8,8
data/processed/train/genuine/original_8_1.png,data/processed/train/forged/forgeries_8_6.png,0,skilled_forgery,8,8
data/processed/train/genuine/original_4_5.png,data/processed/train/forged/forgeries_4_18.png,0,skilled_forgery,4,4
data/processed/train/genuine/original_12_23.png,data/processed/train/genuine/original_12_8.png,1,genuine_genuine,12,12
data/processed/train/genuine/original_32_9.png,data/processed/train/forged/forgeries_32_20.png,0,skilled_forgery,32,32
data/processed/train/genuine/original_6_15.png,data/processed/train/forged/forgeries_6_20.png,0,skilled_forgery,6,6
data/processed/train/genuine/original_1_1.png,data/processed/train/genuine/original_1_22.png,1,genuine_genuine,1,1
data/processed/train/genuine/original_29_16.png,data/processed/train/forged/forgeries_29_18.png,0,skilled_forgery,29,29
data/processed/train/genuine/original_28_15.png,data/processed/train/genuine/original_28_3.png,1,genuine_genuine,28,28
data/processed/train/genuine/original_7_14.png,data/processed/train/genuine/original_7_22.png,1,genuine_genuine,7,7
data/processed/validation/genuine/original_44_18.png,data/processed/validation/genuine/original_44_19.png,1,genuine_genuine,44,44
data/processed/train/genuine/original_32_24.png,data/processed/train/forged/forgeries_32_7.png,0,skilled_forgery,32,32
data/processed/validation/genuine/original_44_4.png,data/processed/train/genuine/original_10_15.png,0,random_forgery,44,10
data/processed/train/genuine/original_5_6.png,data/processed/train/genuine/original_5_9.png,1,genuine_genuine,5,5
data/processed/validation/genuine/original_42_18.png,data/processed/validation/forged/forgeries_42_17.png,0,skilled_forgery,42,42
data/processed/train/genuine/original_7_10.png,data/processed/train/genuine/original_7_18.png,1,genuine_genuine,7,7
data/processed/train/genuine/original_15_18.png,data/processed/train/forged/forgeries_15_14.png,0,skilled_forgery,15,15
data/processed/train/genuine/original_4_6.png,data/processed/train/forged/forgeries_4_5.png,0,skilled_forgery,4,4
data/processed/validation/genuine/original_45_6.png,data/processed/validation/forged/forgeries_45_19.png,0,skilled_forgery,45,45
data/processed/train/genuine/original_14_2.png,data/processed/train/forged/forgeries_14_19.png,0,skilled_forgery,14,14
data/processed/train/genuine/original_7_16.png,data/processed/train/genuine/original_34_18.png,0,random_forgery,7,34
data/processed/train/genuine/original_5_8.png,data/processed/train/genuine/original_29_15.png,0,random_forgery,5,29
data/processed/train/genuine/original_29_18.png,data/processed/train/genuine/original_29_19.png,1,genuine_genuine,29,29
data/processed/train/genuine/original_29_10.png,data/processed/train/genuine/original_29_19.png,1,genuine_genuine,29,29
data/processed/train/genuine/original_7_16.png,data/processed/train/genuine/original_7_6.png,1,genuine_genuine,7,7
data/processed/validation/genuine/original_42_12.png,data/processed/validation/forged/forgeries_42_9.png,0,skilled_forgery,42,42
data/processed/train/genuine/original_28_2.png,data/processed/validation/genuine/original_41_12.png,0,random_forgery,28,41
data/processed/train/genuine/original_34_17.png,data/processed/train/genuine/original_14_24.png,0,random_forgery,34,14
data/processed/validation/genuine/original_45_14.png,data/processed/validation/genuine/original_45_2.png,1,genuine_genuine,45,45
data/processed/validation/genuine/original_44_18.png,data/processed/validation/genuine/original_42_20.png,0,random_forgery,44,42
data/processed/validation/genuine/original_45_20.png,data/processed/validation/genuine/original_45_9.png,1,genuine_genuine,45,45
data/processed/train/genuine/original_1_16.png,data/processed/train/genuine/original_1_7.png,1,genuine_genuine,1,1
data/processed/train/genuine/original_34_10.png,data/processed/train/forged/forgeries_34_7.png,0,skilled_forgery,34,34
data/processed/train/genuine/original_29_19.png,data/processed/train/forged/forgeries_29_6.png,0,skilled_forgery,29,29
data/processed/train/genuine/original_9_10.png,data/processed/train/forged/forgeries_9_7.png,0,skilled_forgery,9,9
data/processed/train/genuine/original_3_10.png,data/processed/train/forged/forgeries_3_9.png,0,skilled_forgery,3,3
data/processed/train/genuine/original_3_13.png,data/processed/train/genuine/original_3_3.png,1,genuine_genuine,3,3
data/processed/train/genuine/original_17_14.png,data/processed/train/genuine/original_17_17.png,1,genuine_genuine,17,17
data/processed/train/genuine/original_4_1.png,data/processed/train/genuine/original_33_7.png,0,random_forgery,4,33
data/processed/train/genuine/original_12_14.png,data/processed/train/genuine/original_12_9.png,1,genuine_genuine,12,12
data/processed/train/genuine/original_35_23.png,data/processed/validation/genuine/original_37_16.png,0,random_forgery,35,37
data/processed/train/genuine/original_6_1.png,data/processed/train/genuine/original_6_8.png,1,genuine_genuine,6,6
data/processed/train/genuine/original_14_1.png,data/processed/train/genuine/original_14_3.png,1,genuine_genuine,14,14
data/processed/train/genuine/original_9_8.png,data/processed/train/genuine/original_8_13.png,0,random_forgery,9,8
data/processed/train/genuine/original_6_15.png,data/processed/train/forged/forgeries_6_6.png,0,skilled_forgery,6,6
data/processed/train/genuine/original_9_15.png,data/processed/train/forged/forgeries_9_19.png,0,skilled_forgery,9,9
data/processed/train/genuine/original_33_17.png,data/processed/train/genuine/original_2_11.png,0,random_forgery,33,2
data/processed/train/genuine/original_14_7.png,data/processed/train/forged/forgeries_14_24.png,0,skilled_forgery,14,14
data/processed/train/genuine/original_12_21.png,data/processed/train/genuine/original_12_8.png,1,genuine_genuine,12,12
data/processed/train/genuine/original_6_13.png,data/processed/train/forged/forgeries_6_1.png,0,skilled_forgery,6,6
data/processed/train/genuine/original_16_13.png,data/processed/train/genuine/original_16_6.png,1,genuine_genuine,16,16
data/processed/train/genuine/original_29_13.png,data/processed/train/genuine/original_29_9.png,1,genuine_genuine,29,29
data/processed/train/genuine/original_16_2.png,data/processed/train/genuine/original_16_3.png,1,genuine_genuine,16,16
data/processed/train/genuine/original_33_21.png,data/processed/train/genuine/original_33_24.png,1,genuine_genuine,33,33
data/processed/train/genuine/original_28_24.png,data/processed/train/genuine/original_28_5.png,1,genuine_genuine,28,28
data/processed/train/genuine/original_28_4.png,data/processed/train/forged/forgeries_28_19.png,0,skilled_forgery,28,28
data/processed/validation/genuine/original_36_20.png,data/processed/validation/forged/forgeries_36_2.png,0,skilled_forgery,36,36
data/processed/validation/genuine/original_41_11.png,data/processed/train/genuine/original_10_6.png,0,random_forgery,41,10
data/processed/validation/genuine/original_42_11.png,data/processed/train/genuine/original_35_19.png,0,random_forgery,42,35
data/processed/validation/genuine/original_45_15.png,data/processed/validation/genuine/original_45_17.png,1,genuine_genuine,45,45
data/processed/train/genuine/original_31_3.png,data/processed/train/genuine/original_12_8.png,0,random_forgery,31,12
data/processed/validation/genuine/original_42_9.png,data/processed/validation/forged/forgeries_42_19.png,0,skilled_forgery,42,42
data/processed/train/genuine/original_14_21.png,data/processed/train/forged/forgeries_14_1.png,0,skilled_forgery,14,14
data/processed/validation/genuine/original_41_15.png,data/processed/validation/genuine/original_44_1.png,0,random_forgery,41,44
data/processed/validation/genuine/original_43_4.png,data/processed/validation/genuine/original_43_8.png,1,genuine_genuine,43,43
data/processed/train/genuine/original_5_18.png,data/processed/train/forged/forgeries_5_22.png,0,skilled_forgery,5,5
data/processed/train/genuine/original_29_6.png,data/processed/train/forged/forgeries_29_20.png,0,skilled_forgery,29,29
data/processed/validation/genuine/original_37_2.png,data/processed/validation/genuine/original_37_7.png,1,genuine_genuine,37,37
data/processed/train/genuine/original_28_2.png,data/processed/train/genuine/original_28_23.png,1,genuine_genuine,28,28
data/processed/train/genuine/original_33_10.png,data/processed/train/genuine/original_33_5.png,1,genuine_genuine,33,33
data/processed/validation/genuine/original_36_6.png,data/processed/train/genuine/original_8_3.png,0,random_forgery,36,8
data/processed/train/genuine/original_32_14.png,data/processed/train/genuine/original_32_6.png,1,genuine_genuine,32,32
data/processed/train/genuine/original_17_10.png,data/processed/train/forged/forgeries_17_12.png,0,skilled_forgery,17,17
data/processed/train/genuine/original_31_19.png,data/processed/train/genuine/original_11_13.png,0,random_forgery,31,11
data/processed/validation/genuine/original_43_24.png,data/processed/validation/genuine/original_43_3.png,1,genuine_genuine,43,43
data/processed/train/genuine/original_10_15.png,data/processed/train/genuine/original_10_3.png,1,genuine_genuine,10,10
data/processed/train/genuine/original_31_15.png,data/processed/train/genuine/original_31_20.png,1,genuine_genuine,31,31
data/processed/validation/genuine/original_39_4.png,data/processed/validation/genuine/original_39_7.png,1,genuine_genuine,39,39
data/processed/train/genuine/original_10_12.png,data/processed/train/forged/forgeries_10_4.png,0,skilled_forgery,10,10
data/processed/validation/genuine/original_37_12.png,data/processed/validation/forged/forgeries_37_15.png,0,skilled_forgery,37,37
data/processed/train/genuine/original_7_13.png,data/processed/train/forged/forgeries_7_14.png,0,skilled_forgery,7,7
data/processed/train/genuine/original_1_6.png,data/processed/train/forged/forgeries_1_1.png,0,skilled_forgery,1,1
data/processed/train/genuine/original_7_16.png,data/processed/train/genuine/original_6_8.png,0,random_forgery,7,6
data/processed/train/genuine/original_9_21.png,data/processed/train/genuine/original_9_24.png,1,genuine_genuine,9,9
data/processed/train/genuine/original_31_1.png,data/processed/train/forged/forgeries_31_15.png,0,skilled_forgery,31,31
data/processed/train/genuine/original_32_2.png,data/processed/train/genuine/original_32_3.png,1,genuine_genuine,32,32
data/processed/train/genuine/original_8_12.png,data/processed/train/genuine/original_8_7.png,1,genuine_genuine,8,8
data/processed/train/genuine/original_2_1.png,data/processed/train/genuine/original_2_9.png,1,genuine_genuine,2,2
data/processed/validation/genuine/original_40_18.png,data/processed/validation/genuine/original_40_21.png,1,genuine_genuine,40,40
data/processed/train/genuine/original_1_10.png,data/processed/train/genuine/original_1_11.png,1,genuine_genuine,1,1
data/processed/validation/genuine/original_36_20.png,data/processed/validation/genuine/original_36_24.png,1,genuine_genuine,36,36
data/processed/train/genuine/original_28_15.png,data/processed/train/forged/forgeries_28_19.png,0,skilled_forgery,28,28
data/processed/validation/genuine/original_43_14.png,data/processed/validation/forged/forgeries_43_18.png,0,skilled_forgery,43,43
data/processed/validation/genuine/original_44_22.png,data/processed/validation/genuine/original_44_8.png,1,genuine_genuine,44,44
data/processed/train/genuine/original_6_17.png,data/processed/train/genuine/original_6_9.png,1,genuine_genuine,6,6
data/processed/train/genuine/original_30_3.png,data/processed/train/genuine/original_30_5.png,1,genuine_genuine,30,30
data/processed/train/genuine/original_8_20.png,data/processed/train/forged/forgeries_8_24.png,0,skilled_forgery,8,8
data/processed/train/genuine/original_28_1.png,data/processed/train/genuine/original_12_11.png,0,random_forgery,28,12
data/processed/train/genuine/original_16_18.png,data/processed/train/genuine/original_16_5.png,1,genuine_genuine,16,16
data/processed/validation/genuine/original_43_15.png,data/processed/validation/genuine/original_43_6.png,1,genuine_genuine,43,43
data/processed/train/genuine/original_6_19.png,data/processed/train/genuine/original_6_6.png,1,genuine_genuine,6,6
data/processed/train/genuine/original_11_23.png,data/processed/validation/genuine/original_43_4.png,0,random_forgery,11,43
data/processed/train/genuine/original_17_18.png,data/processed/train/forged/forgeries_17_20.png,0,skilled_forgery,17,17
data/processed/train/genuine/original_30_10.png,data/processed/train/genuine/original_30_19.png,1,genuine_genuine,30,30
data/processed/train/genuine/original_5_13.png,data/processed/train/genuine/original_5_15.png,1,genuine_genuine,5,5
data/processed/train/genuine/original_1_12.png,data/processed/train/genuine/original_1_9.png,1,genuine_genuine,1,1
data/processed/train/genuine/original_33_17.png,data/processed/train/genuine/original_33_5.png,1,genuine_genuine,33,33
data/processed/train/genuine/original_1_24.png,data/processed/train/genuine/original_1_4.png,1,genuine_genuine,1,1
data/processed/validation/genuine/original_41_14.png,data/processed/validation/genuine/original_41_4.png,1,genuine_genuine,41,41
data/processed/train/genuine/original_7_23.png,data/processed/train/genuine/original_7_6.png,1,genuine_genuine,7,7
data/processed/train/genuine/original_11_23.png,data/processed/train/genuine/original_11_6.png,1,genuine_genuine,11,11
data/processed/validation/genuine/original_43_8.png,data/processed/train/genuine/original_5_11.png,0,random_forgery,43,5
data/processed/train/genuine/original_13_23.png,data/processed/train/genuine/original_13_24.png,1,genuine_genuine,13,13
data/processed/validation/genuine/original_36_5.png,data/processed/validation/forged/forgeries_36_14.png,0,skilled_forgery,36,36
data/processed/validation/genuine/original_45_2.png,data/processed/validation/forged/forgeries_45_4.png,0,skilled_forgery,45,45
data/processed/train/genuine/original_4_6.png,data/processed/train/forged/forgeries_4_11.png,0,skilled_forgery,4,4
data/processed/validation/genuine/original_45_15.png,data/processed/validation/genuine/original_45_7.png,1,genuine_genuine,45,45
data/processed/validation/genuine/original_43_15.png,data/processed/validation/genuine/original_43_17.png,1,genuine_genuine,43,43
data/processed/train/genuine/original_1_23.png,data/processed/train/forged/forgeries_1_3.png,0,skilled_forgery,1,1
data/processed/train/genuine/original_33_21.png,data/processed/train/forged/forgeries_33_8.png,0,skilled_forgery,33,33
data/processed/train/genuine/original_33_21.png,data/processed/train/forged/forgeries_33_19.png,0,skilled_forgery,33,33
data/processed/train/genuine/original_31_15.png,data/processed/train/genuine/original_31_3.png,1,genuine_genuine,31,31
data/processed/train/genuine/original_35_23.png,data/processed/train/genuine/original_35_6.png,1,genuine_genuine,35,35
data/processed/validation/genuine/original_40_6.png,data/processed/validation/forged/forgeries_40_3.png,0,skilled_forgery,40,40
data/processed/train/genuine/original_16_1.png,data/processed/train/genuine/original_16_9.png,1,genuine_genuine,16,16
data/processed/train/genuine/original_3_23.png,data/processed/train/genuine/original_3_3.png,1,genuine_genuine,3,3
data/processed/train/genuine/original_12_10.png,data/processed/train/genuine/original_12_7.png,1,genuine_genuine,12,12
data/processed/train/genuine/original_18_17.png,data/processed/validation/genuine/original_36_3.png,0,random_forgery,18,36
data/processed/train/genuine/original_16_3.png,data/processed/validation/genuine/original_36_15.png,0,random_forgery,16,36
data/processed/train/genuine/original_10_10.png,data/processed/train/genuine/original_10_3.png,1,genuine_genuine,10,10
data/processed/train/genuine/original_33_7.png,data/processed/train/genuine/original_8_7.png,0,random_forgery,33,8
data/processed/train/genuine/original_17_18.png,data/processed/train/forged/forgeries_17_21.png,0,skilled_forgery,17,17
data/processed/train/genuine/original_33_18.png,data/processed/train/forged/forgeries_33_20.png,0,skilled_forgery,33,33
data/processed/train/genuine/original_30_4.png,data/processed/train/genuine/original_30_6.png,1,genuine_genuine,30,30
data/processed/train/genuine/original_1_10.png,data/processed/train/genuine/original_1_13.png,1,genuine_genuine,1,1
data/processed/train/genuine/original_28_14.png,data/processed/train/genuine/original_28_6.png,1,genuine_genuine,28,28
data/processed/train/genuine/original_1_23.png,data/processed/train/genuine/original_1_5.png,1,genuine_genuine,1,1
data/processed/train/genuine/original_18_10.png,data/processed/train/forged/forgeries_18_11.png,0,skilled_forgery,18,18
data/processed/train/genuine/original_11_21.png,data/processed/train/forged/forgeries_11_23.png,0,skilled_forgery,11,11
data/processed/validation/genuine/original_36_4.png,data/processed/validation/forged/forgeries_36_4.png,0,skilled_forgery,36,36
data/processed/train/genuine/original_30_15.png,data/processed/train/genuine/original_30_21.png,1,genuine_genuine,30,30
data/processed/train/genuine/original_4_8.png,data/processed/validation/genuine/original_41_22.png,0,random_forgery,4,41
data/processed/train/genuine/original_32_23.png,data/processed/train/forged/forgeries_32_24.png,0,skilled_forgery,32,32
data/processed/train/genuine/original_29_2.png,data/processed/train/genuine/original_29_20.png,1,genuine_genuine,29,29
data/processed/train/genuine/original_4_22.png,data/processed/train/genuine/original_4_24.png,1,genuine_genuine,4,4
data/processed/train/genuine/original_2_15.png,data/processed/train/genuine/original_2_8.png,1,genuine_genuine,2,2
data/processed/train/genuine/original_28_2.png,data/processed/train/genuine/original_28_22.png,1,genuine_genuine,28,28
data/processed/train/genuine/original_5_15.png,data/processed/validation/genuine/original_39_6.png,0,random_forgery,5,39
data/processed/validation/genuine/original_40_10.png,data/processed/validation/forged/forgeries_40_8.png,0,skilled_forgery,40,40
data/processed/train/genuine/original_10_17.png,data/processed/train/genuine/original_10_3.png,1,genuine_genuine,10,10
data/processed/train/genuine/original_32_2.png,data/processed/train/genuine/original_32_23.png,1,genuine_genuine,32,32
data/processed/train/genuine/original_13_5.png,data/processed/train/genuine/original_13_7.png,1,genuine_genuine,13,13
data/processed/train/genuine/original_14_17.png,data/processed/train/forged/forgeries_14_19.png,0,skilled_forgery,14,14
data/processed/train/genuine/original_33_10.png,data/processed/train/forged/forgeries_33_24.png,0,skilled_forgery,33,33
data/processed/validation/genuine/original_43_1.png,data/processed/validation/genuine/original_43_12.png,1,genuine_genuine,43,43
data/processed/train/genuine/original_17_14.png,data/processed/train/genuine/original_17_15.png,1,genuine_genuine,17,17
data/processed/train/genuine/original_8_11.png,data/processed/validation/genuine/original_42_23.png,0,random_forgery,8,42
data/processed/validation/genuine/original_41_2.png,data/processed/validation/genuine/original_41_9.png,1,genuine_genuine,41,41
data/processed/validation/genuine/original_39_23.png,data/processed/train/genuine/original_3_18.png,0,random_forgery,39,3
data/processed/train/genuine/original_11_22.png,data/processed/train/genuine/original_2_6.png,0,random_forgery,11,2
data/processed/validation/genuine/original_38_2.png,data/processed/validation/genuine/original_38_20.png,1,genuine_genuine,38,38
data/processed/validation/genuine/original_45_12.png,data/processed/validation/genuine/original_45_22.png,1,genuine_genuine,45,45
data/processed/train/genuine/original_17_2.png,data/processed/train/forged/forgeries_17_17.png,0,skilled_forgery,17,17
data/processed/train/genuine/original_15_10.png,data/processed/train/genuine/original_15_22.png,1,genuine_genuine,15,15
data/processed/train/genuine/original_5_22.png,data/processed/train/forged/forgeries_5_9.png,0,skilled_forgery,5,5
data/processed/train/genuine/original_34_24.png,data/processed/train/genuine/original_17_9.png,0,random_forgery,34,17
data/processed/train/genuine/original_28_10.png,data/processed/train/genuine/original_28_18.png,1,genuine_genuine,28,28
data/processed/train/genuine/original_1_12.png,data/processed/train/genuine/original_1_6.png,1,genuine_genuine,1,1
data/processed/train/genuine/original_4_14.png,data/processed/train/forged/forgeries_4_12.png,0,skilled_forgery,4,4
data/processed/train/genuine/original_11_17.png,data/processed/train/forged/forgeries_11_16.png,0,skilled_forgery,11,11
data/processed/train/genuine/original_18_24.png,data/processed/train/genuine/original_18_7.png,1,genuine_genuine,18,18
data/processed/train/genuine/original_2_14.png,data/processed/train/genuine/original_2_9.png,1,genuine_genuine,2,2
data/processed/validation/genuine/original_38_1.png,data/processed/validation/genuine/original_38_7.png,1,genuine_genuine,38,38
data/processed/validation/genuine/original_38_20.png,data/processed/validation/genuine/original_38_22.png,1,genuine_genuine,38,38
data/processed/validation/genuine/original_37_9.png,data/processed/train/genuine/original_7_6.png,0,random_forgery,37,7
data/processed/train/genuine/original_2_22.png,data/processed/validation/genuine/original_37_14.png,0,random_forgery,2,37
data/processed/train/genuine/original_31_18.png,data/processed/train/genuine/original_31_9.png,1,genuine_genuine,31,31
data/processed/train/genuine/original_31_15.png,data/processed/validation/genuine/original_38_7.png,0,random_forgery,31,38
data/processed/train/genuine/original_14_19.png,data/processed/train/genuine/original_14_21.png,1,genuine_genuine,14,14
data/processed/validation/genuine/original_42_22.png,data/processed/validation/forged/forgeries_42_5.png,0,skilled_forgery,42,42
data/processed/train/genuine/original_5_2.png,data/processed/train/genuine/original_5_23.png,1,genuine_genuine,5,5
data/processed/validation/genuine/original_37_15.png,data/processed/validation/genuine/original_37_4.png,1,genuine_genuine,37,37
data/processed/validation/genuine/original_39_4.png,data/processed/validation/forged/forgeries_39_20.png,0,skilled_forgery,39,39
data/processed/validation/genuine/original_43_15.png,data/processed/validation/genuine/original_43_23.png,1,genuine_genuine,43,43
data/processed/train/genuine/original_34_19.png,data/processed/train/forged/forgeries_34_4.png,0,skilled_forgery,34,34
data/processed/train/genuine/original_28_24.png,data/processed/train/genuine/original_28_3.png,1,genuine_genuine,28,28
data/processed/train/genuine/original_32_17.png,data/processed/train/genuine/original_32_5.png,1,genuine_genuine,32,32
data/processed/validation/genuine/original_42_1.png,data/processed/validation/genuine/original_42_19.png,1,genuine_genuine,42,42
data/processed/train/genuine/original_3_17.png,data/processed/train/genuine/original_3_5.png,1,genuine_genuine,3,3
data/processed/train/genuine/original_5_21.png,data/processed/train/genuine/original_5_22.png,1,genuine_genuine,5,5
data/processed/train/genuine/original_14_15.png,data/processed/train/forged/forgeries_14_17.png,0,skilled_forgery,14,14
data/processed/validation/genuine/original_39_5.png,data/processed/validation/forged/forgeries_39_11.png,0,skilled_forgery,39,39
data/processed/validation/genuine/original_41_17.png,data/processed/train/genuine/original_34_1.png,0,random_forgery,41,34
data/processed/train/genuine/original_17_5.png,data/processed/train/forged/forgeries_17_15.png,0,skilled_forgery,17,17
data/processed/train/genuine/original_13_12.png,data/processed/train/genuine/original_13_23.png,1,genuine_genuine,13,13
data/processed/validation/genuine/original_45_24.png,data/processed/validation/forged/forgeries_45_2.png,0,skilled_forgery,45,45
data/processed/train/genuine/original_33_16.png,data/processed/train/genuine/original_33_5.png,1,genuine_genuine,33,33
data/processed/train/genuine/original_35_22.png,data/processed/train/genuine/original_35_3.png,1,genuine_genuine,35,35
data/processed/train/genuine/original_3_11.png,data/processed/train/forged/forgeries_3_20.png,0,skilled_forgery,3,3
data/processed/train/genuine/original_1_19.png,data/processed/train/genuine/original_14_22.png,0,random_forgery,1,14
data/processed/train/genuine/original_15_23.png,data/processed/train/forged/forgeries_15_9.png,0,skilled_forgery,15,15
data/processed/validation/genuine/original_38_16.png,data/processed/validation/forged/forgeries_38_20.png,0,skilled_forgery,38,38
data/processed/train/genuine/original_11_23.png,data/processed/train/genuine/original_11_9.png,1,genuine_genuine,11,11
data/processed/train/genuine/original_8_14.png,data/processed/train/genuine/original_8_15.png,1,genuine_genuine,8,8
data/processed/train/genuine/original_10_19.png,data/processed/train/genuine/original_10_4.png,1,genuine_genuine,10,10
data/processed/validation/genuine/original_45_19.png,data/processed/validation/genuine/original_45_9.png,1,genuine_genuine,45,45
data/processed/validation/genuine/original_36_17.png,data/processed/validation/genuine/original_36_20.png,1,genuine_genuine,36,36
data/processed/validation/genuine/original_44_19.png,data/processed/validation/forged/forgeries_44_2.png,0,skilled_forgery,44,44
data/processed/train/genuine/original_6_19.png,data/processed/train/genuine/original_30_9.png,0,random_forgery,6,30
data/processed/train/genuine/original_18_2.png,data/processed/train/forged/forgeries_18_10.png,0,skilled_forgery,18,18
data/processed/train/genuine/original_7_21.png,data/processed/validation/genuine/original_44_12.png,0,random_forgery,7,44
data/processed/train/genuine/original_14_16.png,data/processed/train/genuine/original_14_21.png,1,genuine_genuine,14,14
data/processed/validation/genuine/original_38_1.png,data/processed/validation/forged/forgeries_38_19.png,0,skilled_forgery,38,38
data/processed/validation/genuine/original_41_10.png,data/processed/validation/genuine/original_41_9.png,1,genuine_genuine,41,41
data/processed/train/genuine/original_14_5.png,data/processed/train/forged/forgeries_14_21.png,0,skilled_forgery,14,14
data/processed/train/genuine/original_4_13.png,data/processed/train/forged/forgeries_4_14.png,0,skilled_forgery,4,4
data/processed/train/genuine/original_7_13.png,data/processed/train/genuine/original_7_7.png,1,genuine_genuine,7,7
data/processed/train/genuine/original_28_8.png,data/processed/train/forged/forgeries_28_11.png,0,skilled_forgery,28,28
data/processed/validation/genuine/original_39_19.png,data/processed/validation/genuine/original_42_21.png,0,random_forgery,39,42
data/processed/train/genuine/original_5_16.png,data/processed/train/genuine/original_5_17.png,1,genuine_genuine,5,5
data/processed/train/genuine/original_3_11.png,data/processed/train/genuine/original_3_21.png,1,genuine_genuine,3,3
data/processed/validation/genuine/original_44_19.png,data/processed/validation/genuine/original_44_20.png,1,genuine_genuine,44,44
data/processed/train/genuine/original_28_15.png,data/processed/train/genuine/original_28_4.png,1,genuine_genuine,28,28
data/processed/train/genuine/original_35_15.png,data/processed/train/forged/forgeries_35_13.png,0,skilled_forgery,35,35
data/processed/train/genuine/original_18_11.png,data/processed/train/forged/forgeries_18_23.png,0,skilled_forgery,18,18
data/processed/train/genuine/original_15_1.png,data/processed/train/forged/forgeries_15_15.png,0,skilled_forgery,15,15
data/processed/validation/genuine/original_41_1.png,data/processed/train/genuine/original_13_13.png,0,random_forgery,41,13
data/processed/validation/genuine/original_45_3.png,data/processed/validation/forged/forgeries_45_8.png,0,skilled_forgery,45,45
data/processed/train/genuine/original_28_20.png,data/processed/train/forged/forgeries_28_10.png,0,skilled_forgery,28,28
data/processed/validation/genuine/original_38_7.png,data/processed/train/genuine/original_32_5.png,0,random_forgery,38,32
data/processed/train/genuine/original_5_12.png,data/processed/train/genuine/original_5_8.png,1,genuine_genuine,5,5
data/processed/validation/genuine/original_38_5.png,data/processed/validation/genuine/original_39_6.png,0,random_forgery,38,39
data/processed/train/genuine/original_34_11.png,data/processed/train/genuine/original_34_8.png,1,genuine_genuine,34,34
data/processed/train/genuine/original_35_10.png,data/processed/train/forged/forgeries_35_1.png,0,skilled_forgery,35,35
data/processed/train/genuine/original_30_24.png,data/processed/train/genuine/original_30_5.png,1,genuine_genuine,30,30
data/processed/train/genuine/original_14_17.png,data/processed/train/genuine/original_14_24.png,1,genuine_genuine,14,14
data/processed/train/genuine/original_1_14.png,data/processed/validation/genuine/original_38_19.png,0,random_forgery,1,38
data/processed/train/genuine/original_9_15.png,data/processed/train/genuine/original_9_7.png,1,genuine_genuine,9,9
data/processed/validation/genuine/original_43_11.png,data/processed/train/genuine/original_13_22.png,0,random_forgery,43,13
data/processed/validation/genuine/original_41_16.png,data/processed/validation/genuine/original_41_2.png,1,genuine_genuine,41,41
data/processed/train/genuine/original_17_11.png,data/processed/train/genuine/original_17_4.png,1,genuine_genuine,17,17
data/processed/train/genuine/original_5_1.png,data/processed/train/genuine/original_9_11.png,0,random_forgery,5,9
data/processed/train/genuine/original_16_5.png,data/processed/train/genuine/original_32_10.png,0,random_forgery,16,32
data/processed/train/genuine/original_3_16.png,data/processed/train/genuine/original_3_17.png,1,genuine_genuine,3,3
data/processed/validation/genuine/original_43_11.png,data/processed/validation/genuine/original_43_17.png,1,genuine_genuine,43,43
data/processed/train/genuine/original_34_19.png,data/processed/train/genuine/original_18_13.png,0,random_forgery,34,18
data/processed/validation/genuine/original_36_21.png,data/processed/validation/genuine/original_36_8.png,1,genuine_genuine,36,36
data/processed/validation/genuine/original_44_12.png,data/processed/validation/genuine/original_44_5.png,1,genuine_genuine,44,44
data/processed/train/genuine/original_30_22.png,data/processed/train/genuine/original_30_7.png,1,genuine_genuine,30,30
data/processed/validation/genuine/original_44_13.png,data/processed/train/genuine/original_4_9.png,0,random_forgery,44,4
data/processed/train/genuine/original_5_10.png,data/processed/train/genuine/original_5_4.png,1,genuine_genuine,5,5
data/processed/validation/genuine/original_44_1.png,data/processed/validation/genuine/original_44_23.png,1,genuine_genuine,44,44
data/processed/validation/genuine/original_42_18.png,data/processed/validation/forged/forgeries_42_8.png,0,skilled_forgery,42,42
data/processed/train/genuine/original_13_19.png,data/processed/train/forged/forgeries_13_18.png,0,skilled_forgery,13,13
data/processed/train/genuine/original_3_12.png,data/processed/train/genuine/original_3_6.png,1,genuine_genuine,3,3
data/processed/train/genuine/original_32_20.png,data/processed/train/forged/forgeries_32_11.png,0,skilled_forgery,32,32
data/processed/train/genuine/original_11_3.png,data/processed/train/forged/forgeries_11_21.png,0,skilled_forgery,11,11
data/processed/validation/genuine/original_38_4.png,data/processed/validation/forged/forgeries_38_17.png,0,skilled_forgery,38,38
data/processed/validation/genuine/original_36_9.png,data/processed/train/genuine/original_33_5.png,0,random_forgery,36,33
data/processed/train/genuine/original_31_22.png,data/processed/train/genuine/original_31_6.png,1,genuine_genuine,31,31
data/processed/validation/genuine/original_44_21.png,data/processed/train/genuine/original_29_10.png,0,random_forgery,44,29
data/processed/train/genuine/original_8_12.png,data/processed/train/genuine/original_8_16.png,1,genuine_genuine,8,8
data/processed/train/genuine/original_33_16.png,data/processed/train/genuine/original_33_21.png,1,genuine_genuine,33,33
data/processed/validation/genuine/original_45_20.png,data/processed/validation/genuine/original_45_5.png,1,genuine_genuine,45,45
data/processed/train/genuine/original_34_11.png,data/processed/train/genuine/original_34_21.png,1,genuine_genuine,34,34
data/processed/train/genuine/original_18_3.png,data/processed/train/genuine/original_18_6.png,1,genuine_genuine,18,18
data/processed/train/genuine/original_34_2.png,data/processed/train/genuine/original_34_6.png,1,genuine_genuine,34,34
data/processed/train/genuine/original_10_4.png,data/processed/train/genuine/original_10_8.png,1,genuine_genuine,10,10
data/processed/train/genuine/original_2_17.png,data/processed/train/genuine/original_2_22.png,1,genuine_genuine,2,2
data/processed/train/genuine/original_1_23.png,data/processed/train/genuine/original_1_8.png,1,genuine_genuine,1,1
data/processed/train/genuine/original_35_14.png,data/processed/train/genuine/original_35_23.png,1,genuine_genuine,35,35
data/processed/validation/genuine/original_44_15.png,data/processed/validation/genuine/original_44_21.png,1,genuine_genuine,44,44
data/processed/validation/genuine/original_36_21.png,data/processed/validation/genuine/original_36_24.png,1,genuine_genuine,36,36
data/processed/train/genuine/original_3_14.png,data/processed/validation/genuine/original_37_13.png,0,random_forgery,3,37
data/processed/train/genuine/original_34_19.png,data/processed/train/forged/forgeries_34_14.png,0,skilled_forgery,34,34
data/processed/train/genuine/original_7_23.png,data/processed/train/genuine/original_7_24.png,1,genuine_genuine,7,7
data/processed/train/genuine/original_7_3.png,data/processed/validation/genuine/original_41_22.png,0,random_forgery,7,41
data/processed/train/genuine/original_4_10.png,data/processed/train/genuine/original_4_6.png,1,genuine_genuine,4,4
data/processed/validation/genuine/original_39_10.png,data/processed/validation/genuine/original_39_6.png,1,genuine_genuine,39,39
data/processed/train/genuine/original_6_22.png,data/processed/train/genuine/original_6_23.png,1,genuine_genuine,6,6
data/processed/validation/genuine/original_38_2.png,data/processed/validation/forged/forgeries_38_15.png,0,skilled_forgery,38,38
data/processed/validation/genuine/original_45_11.png,data/processed/validation/genuine/original_45_19.png,1,genuine_genuine,45,45
data/processed/train/genuine/original_1_11.png,data/processed/train/genuine/original_1_9.png,1,genuine_genuine,1,1
data/processed/train/genuine/original_34_18.png,data/processed/train/genuine/original_34_19.png,1,genuine_genuine,34,34
data/processed/train/genuine/original_13_7.png,data/processed/train/forged/forgeries_13_14.png,0,skilled_forgery,13,13
data/processed/validation/genuine/original_44_1.png,data/processed/validation/genuine/original_44_13.png,1,genuine_genuine,44,44
data/processed/validation/genuine/original_45_21.png,data/processed/validation/genuine/original_45_3.png,1,genuine_genuine,45,45
data/processed/train/genuine/original_15_5.png,data/processed/train/genuine/original_15_9.png,1,genuine_genuine,15,15
data/processed/train/genuine/original_15_12.png,data/processed/train/genuine/original_15_18.png,1,genuine_genuine,15,15
data/processed/validation/genuine/original_44_16.png,data/processed/validation/genuine/original_42_16.png,0,random_forgery,44,42
data/processed/train/genuine/original_18_12.png,data/processed/train/forged/forgeries_18_24.png,0,skilled_forgery,18,18
data/processed/train/genuine/original_15_2.png,data/processed/train/genuine/original_15_23.png,1,genuine_genuine,15,15
data/processed/train/genuine/original_29_21.png,data/processed/train/forged/forgeries_29_11.png,0,skilled_forgery,29,29
data/processed/train/genuine/original_17_4.png,data/processed/train/genuine/original_17_6.png,1,genuine_genuine,17,17
data/processed/validation/genuine/original_42_9.png,data/processed/train/genuine/original_5_3.png,0,random_forgery,42,5
data/processed/train/genuine/original_31_18.png,data/processed/train/forged/forgeries_31_12.png,0,skilled_forgery,31,31
data/processed/train/genuine/original_17_3.png,data/processed/train/genuine/original_7_11.png,0,random_forgery,17,7
data/processed/train/genuine/original_28_14.png,data/processed/train/genuine/original_28_5.png,1,genuine_genuine,28,28
data/processed/train/genuine/original_34_3.png,data/processed/train/genuine/original_11_20.png,0,random_forgery,34,11
data/processed/train/genuine/original_29_5.png,data/processed/validation/genuine/original_42_9.png,0,random_forgery,29,42
data/processed/train/genuine/original_13_15.png,data/processed/train/forged/forgeries_13_2.png,0,skilled_forgery,13,13
data/processed/train/genuine/original_18_17.png,data/processed/train/forged/forgeries_18_17.png,0,skilled_forgery,18,18
data/processed/train/genuine/original_3_22.png,data/processed/train/genuine/original_3_5.png,1,genuine_genuine,3,3
data/processed/validation/genuine/original_37_13.png,data/processed/validation/genuine/original_37_9.png,1,genuine_genuine,37,37
data/processed/train/genuine/original_16_13.png,data/processed/validation/genuine/original_36_8.png,0,random_forgery,16,36
data/processed/train/genuine/original_5_10.png,data/processed/train/genuine/original_9_17.png,0,random_forgery,5,9
data/processed/validation/genuine/original_45_21.png,data/processed/validation/forged/forgeries_45_13.png,0,skilled_forgery,45,45
data/processed/validation/genuine/original_45_1.png,data/processed/validation/genuine/original_45_22.png,1,genuine_genuine,45,45
data/processed/train/genuine/original_10_18.png,data/processed/train/genuine/original_16_22.png,0,random_forgery,10,16
data/processed/train/genuine/original_34_15.png,data/processed/train/genuine/original_34_21.png,1,genuine_genuine,34,34
data/processed/train/genuine/original_15_23.png,data/processed/train/genuine/original_15_7.png,1,genuine_genuine,15,15
data/processed/validation/genuine/original_44_24.png,data/processed/validation/genuine/original_44_5.png,1,genuine_genuine,44,44
data/processed/train/genuine/original_35_1.png,data/processed/train/genuine/original_2_18.png,0,random_forgery,35,2
data/processed/train/genuine/original_14_16.png,data/processed/train/genuine/original_14_23.png,1,genuine_genuine,14,14
data/processed/train/genuine/original_11_13.png,data/processed/train/forged/forgeries_11_6.png,0,skilled_forgery,11,11
data/processed/train/genuine/original_12_23.png,data/processed/train/forged/forgeries_12_20.png,0,skilled_forgery,12,12
data/processed/validation/genuine/original_42_15.png,data/processed/validation/forged/forgeries_42_12.png,0,skilled_forgery,42,42
data/processed/train/genuine/original_32_8.png,data/processed/train/forged/forgeries_32_2.png,0,skilled_forgery,32,32
data/processed/train/genuine/original_14_17.png,data/processed/train/genuine/original_14_23.png,1,genuine_genuine,14,14
data/processed/train/genuine/original_8_5.png,data/processed/train/forged/forgeries_8_8.png,0,skilled_forgery,8,8
data/processed/train/genuine/original_8_18.png,data/processed/train/forged/forgeries_8_14.png,0,skilled_forgery,8,8
data/processed/validation/genuine/original_40_17.png,data/processed/validation/genuine/original_40_22.png,1,genuine_genuine,40,40
data/processed/validation/genuine/original_38_8.png,data/processed/validation/genuine/original_45_24.png,0,random_forgery,38,45
data/processed/train/genuine/original_30_8.png,data/processed/train/genuine/original_30_9.png,1,genuine_genuine,30,30
data/processed/train/genuine/original_4_2.png,data/processed/train/genuine/original_5_15.png,0,random_forgery,4,5
data/processed/validation/genuine/original_44_9.png,data/processed/validation/forged/forgeries_44_8.png,0,skilled_forgery,44,44
data/processed/train/genuine/original_32_13.png,data/processed/train/forged/forgeries_32_16.png,0,skilled_forgery,32,32
data/processed/train/genuine/original_10_17.png,data/processed/train/genuine/original_31_3.png,0,random_forgery,10,31
data/processed/train/genuine/original_3_5.png,data/processed/train/forged/forgeries_3_3.png,0,skilled_forgery,3,3
data/processed/train/genuine/original_33_21.png,data/processed/train/forged/forgeries_33_6.png,0,skilled_forgery,33,33
data/processed/train/genuine/original_7_2.png,data/processed/train/genuine/original_7_21.png,1,genuine_genuine,7,7
data/processed/train/genuine/original_4_18.png,data/processed/train/genuine/original_4_22.png,1,genuine_genuine,4,4
data/processed/validation/genuine/original_42_17.png,data/processed/validation/genuine/original_42_4.png,1,genuine_genuine,42,42
data/processed/train/genuine/original_11_18.png,data/processed/train/forged/forgeries_11_18.png,0,skilled_forgery,11,11
data/processed/validation/genuine/original_38_18.png,data/processed/validation/genuine/original_38_20.png,1,genuine_genuine,38,38
data/processed/validation/genuine/original_41_16.png,data/processed/train/genuine/original_5_12.png,0,random_forgery,41,5
data/processed/train/genuine/original_2_23.png,data/processed/train/forged/forgeries_2_11.png,0,skilled_forgery,2,2
data/processed/train/genuine/original_9_18.png,data/processed/train/forged/forgeries_9_2.png,0,skilled_forgery,9,9
data/processed/validation/genuine/original_39_12.png,data/processed/validation/forged/forgeries_39_10.png,0,skilled_forgery,39,39
data/processed/train/genuine/original_6_15.png,data/processed/train/forged/forgeries_6_9.png,0,skilled_forgery,6,6
data/processed/train/genuine/original_8_13.png,data/processed/train/genuine/original_8_3.png,1,genuine_genuine,8,8
data/processed/validation/genuine/original_43_15.png,data/processed/validation/genuine/original_36_12.png,0,random_forgery,43,36
data/processed/train/genuine/original_4_16.png,data/processed/train/genuine/original_4_24.png,1,genuine_genuine,4,4
data/processed/train/genuine/original_6_13.png,data/processed/train/genuine/original_5_1.png,0,random_forgery,6,5
data/processed/validation/genuine/original_39_11.png,data/processed/validation/forged/forgeries_39_12.png,0,skilled_forgery,39,39
data/processed/train/genuine/original_29_19.png,data/processed/train/genuine/original_29_24.png,1,genuine_genuine,29,29
data/processed/train/genuine/original_33_2.png,data/processed/train/genuine/original_33_24.png,1,genuine_genuine,33,33
data/processed/train/genuine/original_3_17.png,data/processed/train/genuine/original_3_20.png,1,genuine_genuine,3,3
data/processed/train/genuine/original_10_24.png,data/processed/train/genuine/original_6_21.png,0,random_forgery,10,6
data/processed/train/genuine/original_16_18.png,data/processed/train/genuine/original_16_22.png,1,genuine_genuine,16,16
data/processed/train/genuine/original_28_12.png,data/processed/train/forged/forgeries_28_5.png,0,skilled_forgery,28,28
data/processed/train/genuine/original_3_23.png,data/processed/train/genuine/original_3_4.png,1,genuine_genuine,3,3
data/processed/train/genuine/original_11_6.png,data/processed/validation/genuine/original_45_8.png,0,random_forgery,11,45
data/processed/train/genuine/original_5_21.png,data/processed/train/forged/forgeries_5_5.png,0,skilled_forgery,5,5
data/processed/train/genuine/original_35_18.png,data/processed/train/genuine/original_35_8.png,1,genuine_genuine,35,35
data/processed/train/genuine/original_13_4.png,data/processed/train/genuine/original_30_21.png,0,random_forgery,13,30
data/processed/train/genuine/original_14_9.png,data/processed/train/forged/forgeries_14_15.png,0,skilled_forgery,14,14
data/processed/train/genuine/original_8_17.png,data/processed/train/genuine/original_8_9.png,1,genuine_genuine,8,8
data/processed/validation/genuine/original_42_16.png,data/processed/validation/genuine/original_44_18.png,0,random_forgery,42,44
data/processed/validation/genuine/original_39_14.png,data/processed/validation/genuine/original_39_8.png,1,genuine_genuine,39,39
data/processed/train/genuine/original_33_21.png,data/processed/train/genuine/original_33_9.png,1,genuine_genuine,33,33
data/processed/validation/genuine/original_42_16.png,data/processed/validation/genuine/original_42_21.png,1,genuine_genuine,42,42
data/processed/train/genuine/original_10_10.png,data/processed/train/forged/forgeries_10_18.png,0,skilled_forgery,10,10
data/processed/train/genuine/original_2_23.png,data/processed/train/genuine/original_2_5.png,1,genuine_genuine,2,2
data/processed/validation/genuine/original_42_10.png,data/processed/validation/genuine/original_42_4.png,1,genuine_genuine,42,42
data/processed/train/genuine/original_15_16.png,data/processed/train/genuine/original_15_21.png,1,genuine_genuine,15,15
data/processed/train/genuine/original_33_2.png,data/processed/train/genuine/original_33_7.png,1,genuine_genuine,33,33
data/processed/train/genuine/original_16_10.png,data/processed/validation/genuine/original_37_5.png,0,random_forgery,16,37
data/processed/train/genuine/original_35_13.png,data/processed/train/genuine/original_35_22.png,1,genuine_genuine,35,35
data/processed/train/genuine/original_17_23.png,data/processed/train/genuine/original_7_9.png,0,random_forgery,17,7
data/processed/train/genuine/original_11_3.png,data/processed/train/forged/forgeries_11_14.png,0,skilled_forgery,11,11
data/processed/train/genuine/original_17_13.png,data/processed/train/forged/forgeries_17_11.png,0,skilled_forgery,17,17
data/processed/train/genuine/original_33_24.png,data/processed/train/genuine/original_33_3.png,1,genuine_genuine,33,33
data/processed/train/genuine/original_13_10.png,data/processed/train/genuine/original_13_22.png,1,genuine_genuine,13,13
data/processed/validation/genuine/original_37_1.png,data/processed/validation/genuine/original_37_3.png,1,genuine_genuine,37,37
data/processed/validation/genuine/original_41_1.png,data/processed/validation/genuine/original_41_15.png,1,genuine_genuine,41,41
data/processed/train/genuine/original_29_24.png,data/processed/train/genuine/original_29_3.png,1,genuine_genuine,29,29
data/processed/train/genuine/original_17_12.png,data/processed/train/genuine/original_17_23.png,1,genuine_genuine,17,17
data/processed/train/genuine/original_30_9.png,data/processed/validation/genuine/original_42_19.png,0,random_forgery,30,42
data/processed/train/genuine/original_2_21.png,data/processed/train/forged/forgeries_2_19.png,0,skilled_forgery,2,2
data/processed/validation/genuine/original_42_18.png,data/processed/validation/genuine/original_42_20.png,1,genuine_genuine,42,42
data/processed/train/genuine/original_4_2.png,data/processed/train/genuine/original_4_20.png,1,genuine_genuine,4,4
data/processed/validation/genuine/original_45_18.png,data/processed/train/genuine/original_3_15.png,0,random_forgery,45,3
data/processed/train/genuine/original_35_23.png,data/processed/train/forged/forgeries_35_21.png,0,skilled_forgery,35,35
data/processed/train/genuine/original_2_21.png,data/processed/train/genuine/original_2_9.png,1,genuine_genuine,2,2
data/processed/train/genuine/original_14_5.png,data/processed/train/forged/forgeries_14_10.png,0,skilled_forgery,14,14
data/processed/train/genuine/original_32_21.png,data/processed/train/genuine/original_32_23.png,1,genuine_genuine,32,32
data/processed/train/genuine/original_29_13.png,data/processed/train/genuine/original_35_9.png,0,random_forgery,29,35
data/processed/train/genuine/original_14_15.png,data/processed/train/genuine/original_14_2.png,1,genuine_genuine,14,14
data/processed/train/genuine/original_17_14.png,data/processed/train/forged/forgeries_17_23.png,0,skilled_forgery,17,17
data/processed/train/genuine/original_13_8.png,data/processed/train/forged/forgeries_13_23.png,0,skilled_forgery,13,13
data/processed/train/genuine/original_9_2.png,data/processed/train/genuine/original_9_23.png,1,genuine_genuine,9,9
data/processed/validation/genuine/original_45_15.png,data/processed/validation/forged/forgeries_45_8.png,0,skilled_forgery,45,45
data/processed/train/genuine/original_28_24.png,data/processed/train/forged/forgeries_28_24.png,0,skilled_forgery,28,28
data/processed/train/genuine/original_29_9.png,data/processed/train/forged/forgeries_29_4.png,0,skilled_forgery,29,29
data/processed/train/genuine/original_18_16.png,data/processed/train/genuine/original_18_22.png,1,genuine_genuine,18,18
data/processed/train/genuine/original_9_21.png,data/processed/train/genuine/original_17_18.png,0,random_forgery,9,17
data/processed/train/genuine/original_35_7.png,data/processed/train/forged/forgeries_35_21.png,0,skilled_forgery,35,35
data/processed/train/genuine/original_35_17.png,data/processed/train/forged/forgeries_35_1.png,0,skilled_forgery,35,35
data/processed/train/genuine/original_18_13.png,data/processed/train/genuine/original_18_4.png,1,genuine_genuine,18,18
data/processed/validation/genuine/original_45_23.png,data/processed/train/genuine/original_18_21.png,0,random_forgery,45,18
data/processed/train/genuine/original_30_23.png,data/processed/train/genuine/original_30_9.png,1,genuine_genuine,30,30
data/processed/train/genuine/original_30_10.png,data/processed/train/forged/forgeries_30_16.png,0,skilled_forgery,30,30
data/processed/train/genuine/original_29_2.png,data/processed/train/forged/forgeries_29_12.png,0,skilled_forgery,29,29
data/processed/validation/genuine/original_38_10.png,data/processed/validation/genuine/original_38_20.png,1,genuine_genuine,38,38
data/processed/validation/genuine/original_39_16.png,data/processed/validation/genuine/original_39_21.png,1,genuine_genuine,39,39
data/processed/train/genuine/original_13_10.png,data/processed/train/forged/forgeries_13_8.png,0,skilled_forgery,13,13
data/processed/train/genuine/original_32_10.png,data/processed/train/genuine/original_32_12.png,1,genuine_genuine,32,32
data/processed/train/genuine/original_17_16.png,data/processed/train/genuine/original_17_24.png,1,genuine_genuine,17,17
data/processed/train/genuine/original_10_11.png,data/processed/train/genuine/original_10_8.png,1,genuine_genuine,10,10
data/processed/train/genuine/original_6_4.png,data/processed/train/genuine/original_4_20.png,0,random_forgery,6,4
data/processed/validation/genuine/original_39_9.png,data/processed/validation/forged/forgeries_39_4.png,0,skilled_forgery,39,39
data/processed/validation/genuine/original_42_11.png,data/processed/validation/genuine/original_42_14.png,1,genuine_genuine,42,42
data/processed/train/genuine/original_10_11.png,data/processed/train/genuine/original_10_2.png,1,genuine_genuine,10,10
data/processed/train/genuine/original_18_2.png,data/processed/train/forged/forgeries_18_15.png,0,skilled_forgery,18,18
data/processed/train/genuine/original_31_14.png,data/processed/train/genuine/original_10_4.png,0,random_forgery,31,10
data/processed/train/genuine/original_1_21.png,data/processed/train/genuine/original_1_23.png,1,genuine_genuine,1,1
data/processed/train/genuine/original_4_13.png,data/processed/train/forged/forgeries_4_11.png,0,skilled_forgery,4,4
data/processed/train/genuine/original_17_14.png,data/processed/train/genuine/original_17_24.png,1,genuine_genuine,17,17
data/processed/train/genuine/original_1_14.png,data/processed/train/genuine/original_31_7.png,0,random_forgery,1,31
data/processed/validation/genuine/original_37_1.png,data/processed/validation/genuine/original_37_5.png,1,genuine_genuine,37,37
data/processed/validation/genuine/original_41_22.png,data/processed/validation/genuine/original_41_24.png,1,genuine_genuine,41,41
data/processed/validation/genuine/original_42_1.png,data/processed/train/genuine/original_9_5.png,0,random_forgery,42,9
data/processed/validation/genuine/original_43_23.png,data/processed/validation/genuine/original_43_7.png,1,genuine_genuine,43,43
data/processed/train/genuine/original_7_22.png,data/processed/train/genuine/original_7_5.png,1,genuine_genuine,7,7
data/processed/train/genuine/original_9_1.png,data/processed/train/genuine/original_9_13.png,1,genuine_genuine,9,9
data/processed/train/genuine/original_17_12.png,data/processed/train/genuine/original_17_14.png,1,genuine_genuine,17,17
data/processed/train/genuine/original_14_18.png,data/processed/train/genuine/original_14_19.png,1,genuine_genuine,14,14
data/processed/train/genuine/original_8_13.png,data/processed/train/genuine/original_8_23.png,1,genuine_genuine,8,8
data/processed/validation/genuine/original_41_16.png,data/processed/validation/genuine/original_41_23.png,1,genuine_genuine,41,41
data/processed/train/genuine/original_12_11.png,data/processed/train/genuine/original_12_24.png,1,genuine_genuine,12,12
data/processed/validation/genuine/original_37_22.png,data/processed/validation/forged/forgeries_37_19.png,0,skilled_forgery,37,37
data/processed/train/genuine/original_16_18.png,data/processed/train/genuine/original_13_22.png,0,random_forgery,16,13
data/processed/train/genuine/original_1_6.png,data/processed/train/genuine/original_1_9.png,1,genuine_genuine,1,1
data/processed/train/genuine/original_31_4.png,data/processed/train/genuine/original_31_5.png,1,genuine_genuine,31,31
data/processed/train/genuine/original_2_18.png,data/processed/train/genuine/original_2_2.png,1,genuine_genuine,2,2
data/processed/validation/genuine/original_41_3.png,data/processed/validation/genuine/original_41_6.png,1,genuine_genuine,41,41
data/processed/train/genuine/original_2_18.png,data/processed/train/genuine/original_12_20.png,0,random_forgery,2,12
data/processed/train/genuine/original_32_21.png,data/processed/train/genuine/original_4_2.png,0,random_forgery,32,4
data/processed/train/genuine/original_13_17.png,data/processed/train/genuine/original_13_9.png,1,genuine_genuine,13,13
data/processed/train/genuine/original_7_11.png,data/processed/train/forged/forgeries_7_6.png,0,skilled_forgery,7,7
data/processed/train/genuine/original_30_8.png,data/processed/validation/genuine/original_39_23.png,0,random_forgery,30,39
data/processed/validation/genuine/original_43_12.png,data/processed/validation/genuine/original_43_8.png,1,genuine_genuine,43,43
data/processed/validation/genuine/original_44_12.png,data/processed/validation/genuine/original_43_10.png,0,random_forgery,44,43
data/processed/train/genuine/original_5_20.png,data/processed/train/genuine/original_5_23.png,1,genuine_genuine,5,5
data/processed/validation/genuine/original_42_23.png,data/processed/validation/forged/forgeries_42_7.png,0,skilled_forgery,42,42
data/processed/train/genuine/original_12_11.png,data/processed/train/genuine/original_12_6.png,1,genuine_genuine,12,12
data/processed/train/genuine/original_7_14.png,data/processed/train/genuine/original_7_7.png,1,genuine_genuine,7,7
data/processed/train/genuine/original_6_13.png,data/processed/train/forged/forgeries_6_20.png,0,skilled_forgery,6,6
data/processed/train/genuine/original_1_6.png,data/processed/train/genuine/original_10_2.png,0,random_forgery,1,10
data/processed/train/genuine/original_11_22.png,data/processed/train/genuine/original_11_3.png,1,genuine_genuine,11,11
data/processed/train/genuine/original_17_19.png,data/processed/train/forged/forgeries_17_7.png,0,skilled_forgery,17,17
data/processed/train/genuine/original_18_13.png,data/processed/train/genuine/original_18_3.png,1,genuine_genuine,18,18
data/processed/train/genuine/original_35_24.png,data/processed/validation/genuine/original_45_11.png,0,random_forgery,35,45
data/processed/train/genuine/original_35_1.png,data/processed/train/genuine/original_35_19.png,1,genuine_genuine,35,35
data/processed/train/genuine/original_3_10.png,data/processed/train/forged/forgeries_3_12.png,0,skilled_forgery,3,3
data/processed/validation/genuine/original_39_20.png,data/processed/validation/genuine/original_39_6.png,1,genuine_genuine,39,39
data/processed/train/genuine/original_32_13.png,data/processed/train/genuine/original_1_17.png,0,random_forgery,32,1
data/processed/train/genuine/original_17_20.png,data/processed/train/forged/forgeries_17_12.png,0,skilled_forgery,17,17
data/processed/validation/genuine/original_42_1.png,data/processed/validation/genuine/original_42_2.png,1,genuine_genuine,42,42
data/processed/train/genuine/original_13_11.png,data/processed/train/forged/forgeries_13_7.png,0,skilled_forgery,13,13
data/processed/validation/genuine/original_39_24.png,data/processed/validation/genuine/original_39_4.png,1,genuine_genuine,39,39
data/processed/train/genuine/original_33_2.png,data/processed/train/genuine/original_29_16.png,0,random_forgery,33,29
data/processed/train/genuine/original_3_22.png,data/processed/train/genuine/original_4_22.png,0,random_forgery,3,4
data/processed/validation/genuine/original_44_11.png,data/processed/validation/genuine/original_44_15.png,1,genuine_genuine,44,44
data/processed/train/genuine/original_3_11.png,data/processed/train/forged/forgeries_3_4.png,0,skilled_forgery,3,3
data/processed/train/genuine/original_11_12.png,data/processed/train/genuine/original_11_9.png,1,genuine_genuine,11,11
data/processed/validation/genuine/original_45_1.png,data/processed/validation/genuine/original_45_19.png,1,genuine_genuine,45,45
data/processed/train/genuine/original_5_6.png,data/processed/train/forged/forgeries_5_13.png,0,skilled_forgery,5,5
data/processed/validation/genuine/original_38_9.png,data/processed/train/genuine/original_15_11.png,0,random_forgery,38,15
data/processed/train/genuine/original_29_1.png,data/processed/train/genuine/original_29_2.png,1,genuine_genuine,29,29
data/processed/train/genuine/original_11_1.png,data/processed/train/genuine/original_11_8.png,1,genuine_genuine,11,11
data/processed/validation/genuine/original_40_12.png,data/processed/validation/genuine/original_40_2.png,1,genuine_genuine,40,40
data/processed/validation/genuine/original_37_10.png,data/processed/train/genuine/original_15_2.png,0,random_forgery,37,15
data/processed/train/genuine/original_35_13.png,data/processed/train/genuine/original_35_7.png,1,genuine_genuine,35,35
data/processed/train/genuine/original_14_17.png,data/processed/train/genuine/original_14_8.png,1,genuine_genuine,14,14
data/processed/validation/genuine/original_39_10.png,data/processed/validation/forged/forgeries_39_22.png,0,skilled_forgery,39,39
data/processed/validation/genuine/original_39_16.png,data/processed/validation/genuine/original_39_22.png,1,genuine_genuine,39,39
data/processed/validation/genuine/original_42_15.png,data/processed/train/genuine/original_18_6.png,0,random_forgery,42,18
data/processed/train/genuine/original_34_16.png,data/processed/train/genuine/original_34_8.png,1,genuine_genuine,34,34
data/processed/validation/genuine/original_37_18.png,data/processed/validation/forged/forgeries_37_24.png,0,skilled_forgery,37,37
data/processed/train/genuine/original_16_14.png,data/processed/train/genuine/original_16_7.png,1,genuine_genuine,16,16
data/processed/train/genuine/original_4_4.png,data/processed/train/genuine/original_4_7.png,1,genuine_genuine,4,4
data/processed/train/genuine/original_34_11.png,data/processed/train/genuine/original_34_6.png,1,genuine_genuine,34,34
data/processed/train/genuine/original_11_21.png,data/processed/train/genuine/original_11_7.png,1,genuine_genuine,11,11
data/processed/train/genuine/original_3_21.png,data/processed/train/forged/forgeries_3_23.png,0,skilled_forgery,3,3
data/processed/train/genuine/original_30_11.png,data/processed/train/genuine/original_30_8.png,1,genuine_genuine,30,30
data/processed/validation/genuine/original_45_1.png,data/processed/validation/genuine/original_45_24.png,1,genuine_genuine,45,45
data/processed/train/genuine/original_11_15.png,data/processed/train/genuine/original_11_4.png,1,genuine_genuine,11,11
data/processed/train/genuine/original_8_13.png,data/processed/train/genuine/original_8_2.png,1,genuine_genuine,8,8
data/processed/validation/genuine/original_40_1.png,data/processed/validation/genuine/original_40_15.png,1,genuine_genuine,40,40
data/processed/validation/genuine/original_38_20.png,data/processed/validation/genuine/original_38_5.png,1,genuine_genuine,38,38
data/processed/validation/genuine/original_36_15.png,data/processed/validation/forged/forgeries_36_1.png,0,skilled_forgery,36,36
data/processed/validation/genuine/original_36_24.png,data/processed/validation/forged/forgeries_36_6.png,0,skilled_forgery,36,36
data/processed/train/genuine/original_35_10.png,data/processed/train/genuine/original_33_13.png,0,random_forgery,35,33
data/processed/train/genuine/original_4_7.png,data/processed/train/forged/forgeries_4_22.png,0,skilled_forgery,4,4
data/processed/validation/genuine/original_37_16.png,data/processed/validation/forged/forgeries_37_24.png,0,skilled_forgery,37,37
data/processed/train/genuine/original_17_22.png,data/processed/train/forged/forgeries_17_17.png,0,skilled_forgery,17,17
data/processed/train/genuine/original_16_18.png,data/processed/train/genuine/original_16_6.png,1,genuine_genuine,16,16
data/processed/validation/genuine/original_38_19.png,data/processed/validation/genuine/original_38_2.png,1,genuine_genuine,38,38
data/processed/train/genuine/original_13_5.png,data/processed/train/forged/forgeries_13_10.png,0,skilled_forgery,13,13
data/processed/train/genuine/original_12_13.png,data/processed/train/genuine/original_30_13.png,0,random_forgery,12,30
data/processed/validation/genuine/original_41_4.png,data/processed/validation/genuine/original_41_6.png,1,genuine_genuine,41,41
data/processed/train/genuine/original_18_15.png,data/processed/train/forged/forgeries_18_22.png,0,skilled_forgery,18,18
data/processed/train/genuine/original_10_13.png,data/processed/train/genuine/original_10_8.png,1,genuine_genuine,10,10
data/processed/train/genuine/original_7_2.png,data/processed/train/genuine/original_16_5.png,0,random_forgery,7,16
data/processed/train/genuine/original_11_1.png,data/processed/train/genuine/original_11_11.png,1,genuine_genuine,11,11
data/processed/train/genuine/original_29_9.png,data/processed/train/genuine/original_8_19.png,0,random_forgery,29,8
data/processed/validation/genuine/original_40_6.png,data/processed/validation/genuine/original_41_9.png,0,random_forgery,40,41
data/processed/validation/genuine/original_40_1.png,data/processed/train/genuine/original_12_3.png,0,random_forgery,40,12
data/processed/validation/genuine/original_41_22.png,data/processed/validation/forged/forgeries_41_2.png,0,skilled_forgery,41,41
data/processed/validation/genuine/original_39_13.png,data/processed/validation/forged/forgeries_39_6.png,0,skilled_forgery,39,39
data/processed/train/genuine/original_1_14.png,data/processed/train/genuine/original_1_17.png,1,genuine_genuine,1,1
data/processed/validation/genuine/original_43_18.png,data/processed/validation/genuine/original_43_2.png,1,genuine_genuine,43,43
data/processed/validation/genuine/original_42_17.png,data/processed/validation/genuine/original_42_8.png,1,genuine_genuine,42,42
data/processed/train/genuine/original_2_23.png,data/processed/train/forged/forgeries_2_23.png,0,skilled_forgery,2,2
data/processed/train/genuine/original_4_10.png,data/processed/train/genuine/original_4_2.png,1,genuine_genuine,4,4
data/processed/train/genuine/original_16_1.png,data/processed/train/genuine/original_30_1.png,0,random_forgery,16,30
data/processed/train/genuine/original_15_17.png,data/processed/train/genuine/original_15_21.png,1,genuine_genuine,15,15
data/processed/train/genuine/original_29_9.png,data/processed/train/forged/forgeries_29_17.png,0,skilled_forgery,29,29
data/processed/train/genuine/original_5_11.png,data/processed/train/genuine/original_5_24.png,1,genuine_genuine,5,5
data/processed/validation/genuine/original_36_15.png,data/processed/validation/genuine/original_36_9.png,1,genuine_genuine,36,36
data/processed/train/genuine/original_31_11.png,data/processed/validation/genuine/original_40_3.png,0,random_forgery,31,40
data/processed/train/genuine/original_1_12.png,data/processed/train/genuine/original_1_3.png,1,genuine_genuine,1,1
data/processed/validation/genuine/original_39_14.png,data/processed/validation/forged/forgeries_39_16.png,0,skilled_forgery,39,39
data/processed/train/genuine/original_9_1.png,data/processed/train/genuine/original_9_9.png,1,genuine_genuine,9,9
data/processed/validation/genuine/original_38_21.png,data/processed/validation/genuine/original_39_24.png,0,random_forgery,38,39
data/processed/train/genuine/original_14_1.png,data/processed/train/genuine/original_14_18.png,1,genuine_genuine,14,14
data/processed/validation/genuine/original_41_3.png,data/processed/train/genuine/original_18_8.png,0,random_forgery,41,18
data/processed/validation/genuine/original_36_21.png,data/processed/validation/forged/forgeries_36_2.png,0,skilled_forgery,36,36
data/processed/train/genuine/original_12_23.png,data/processed/train/genuine/original_12_9.png,1,genuine_genuine,12,12
data/processed/validation/genuine/original_41_20.png,data/processed/validation/genuine/original_41_9.png,1,genuine_genuine,41,41
data/processed/train/genuine/original_4_13.png,data/processed/train/genuine/original_4_9.png,1,genuine_genuine,4,4
data/processed/train/genuine/original_18_2.png,data/processed/train/genuine/original_18_5.png,1,genuine_genuine,18,18
data/processed/train/genuine/original_6_14.png,data/processed/train/genuine/original_6_3.png,1,genuine_genuine,6,6
data/processed/train/genuine/original_32_21.png,data/processed/train/genuine/original_10_7.png,0,random_forgery,32,10
data/processed/train/genuine/original_10_20.png,data/processed/train/genuine/original_10_22.png,1,genuine_genuine,10,10
data/processed/train/genuine/original_10_20.png,data/processed/train/genuine/original_4_23.png,0,random_forgery,10,4
data/processed/train/genuine/original_3_4.png,data/processed/train/genuine/original_35_23.png,0,random_forgery,3,35
data/processed/train/genuine/original_6_15.png,data/processed/train/genuine/original_6_19.png,1,genuine_genuine,6,6
data/processed/train/genuine/original_12_15.png,data/processed/train/forged/forgeries_12_21.png,0,skilled_forgery,12,12
data/processed/validation/genuine/original_41_20.png,data/processed/train/genuine/original_8_2.png,0,random_forgery,41,8
data/processed/train/genuine/original_2_4.png,data/processed/train/genuine/original_2_8.png,1,genuine_genuine,2,2
data/processed/train/genuine/original_14_11.png,data/processed/train/forged/forgeries_14_22.png,0,skilled_forgery,14,14
data/processed/train/genuine/original_18_10.png,data/processed/train/forged/forgeries_18_9.png,0,skilled_forgery,18,18
data/processed/train/genuine/original_14_10.png,data/processed/train/genuine/original_14_16.png,1,genuine_genuine,14,14
data/processed/train/genuine/original_7_21.png,data/processed/train/genuine/original_15_22.png,0,random_forgery,7,15
data/processed/train/genuine/original_34_16.png,data/processed/train/genuine/original_34_4.png,1,genuine_genuine,34,34
data/processed/train/genuine/original_13_3.png,data/processed/train/genuine/original_13_8.png,1,genuine_genuine,13,13
data/processed/validation/genuine/original_42_4.png,data/processed/validation/genuine/original_42_8.png,1,genuine_genuine,42,42
data/processed/train/genuine/original_10_21.png,data/processed/train/forged/forgeries_10_8.png,0,skilled_forgery,10,10
data/processed/train/genuine/original_4_20.png,data/processed/train/genuine/original_29_10.png,0,random_forgery,4,29
data/processed/validation/genuine/original_38_24.png,data/processed/validation/genuine/original_38_7.png,1,genuine_genuine,38,38
data/processed/train/genuine/original_2_11.png,data/processed/train/genuine/original_2_3.png,1,genuine_genuine,2,2
data/processed/validation/genuine/original_45_20.png,data/processed/validation/genuine/original_45_3.png,1,genuine_genuine,45,45
data/processed/validation/genuine/original_43_1.png,data/processed/validation/genuine/original_43_13.png,1,genuine_genuine,43,43
data/processed/train/genuine/original_33_1.png,data/processed/train/genuine/original_33_20.png,1,genuine_genuine,33,33
data/processed/validation/genuine/original_44_15.png,data/processed/validation/forged/forgeries_44_10.png,0,skilled_forgery,44,44
data/processed/validation/genuine/original_40_13.png,data/processed/validation/genuine/original_40_14.png,1,genuine_genuine,40,40
data/processed/train/genuine/original_11_8.png,data/processed/train/forged/forgeries_11_12.png,0,skilled_forgery,11,11
data/processed/validation/genuine/original_40_12.png,data/processed/validation/genuine/original_40_22.png,1,genuine_genuine,40,40
data/processed/train/genuine/original_28_18.png,data/processed/train/genuine/original_28_23.png,1,genuine_genuine,28,28
data/processed/validation/genuine/original_36_18.png,data/processed/validation/forged/forgeries_36_7.png,0,skilled_forgery,36,36
data/processed/train/genuine/original_18_23.png,data/processed/train/genuine/original_18_6.png,1,genuine_genuine,18,18
data/processed/train/genuine/original_1_24.png,data/processed/train/forged/forgeries_1_16.png,0,skilled_forgery,1,1
data/processed/train/genuine/original_7_10.png,data/processed/train/genuine/original_7_4.png,1,genuine_genuine,7,7
data/processed/train/genuine/original_1_23.png,data/processed/train/genuine/original_1_24.png,1,genuine_genuine,1,1
data/processed/train/genuine/original_4_15.png,data/processed/train/genuine/original_4_6.png,1,genuine_genuine,4,4
data/processed/validation/genuine/original_41_11.png,data/processed/validation/genuine/original_41_7.png,1,genuine_genuine,41,41
data/processed/train/genuine/original_2_11.png,data/processed/train/genuine/original_5_5.png,0,random_forgery,2,5
data/processed/validation/genuine/original_45_17.png,data/processed/validation/genuine/original_45_9.png,1,genuine_genuine,45,45
data/processed/validation/genuine/original_37_3.png,data/processed/validation/genuine/original_37_8.png,1,genuine_genuine,37,37
data/processed/train/genuine/original_17_2.png,data/processed/train/genuine/original_17_8.png,1,genuine_genuine,17,17
data/processed/train/genuine/original_8_10.png,data/processed/train/forged/forgeries_8_24.png,0,skilled_forgery,8,8
data/processed/train/genuine/original_6_19.png,data/processed/train/genuine/original_6_9.png,1,genuine_genuine,6,6
data/processed/train/genuine/original_12_18.png,data/processed/train/forged/forgeries_12_3.png,0,skilled_forgery,12,12
data/processed/validation/genuine/original_43_16.png,data/processed/validation/genuine/original_43_2.png,1,genuine_genuine,43,43
data/processed/train/genuine/original_33_1.png,data/processed/train/genuine/original_33_3.png,1,genuine_genuine,33,33
data/processed/train/genuine/original_32_21.png,data/processed/train/genuine/original_32_4.png,1,genuine_genuine,32,32
data/processed/train/genuine/original_30_17.png,data/processed/train/forged/forgeries_30_21.png,0,skilled_forgery,30,30
data/processed/train/genuine/original_34_15.png,data/processed/train/forged/forgeries_34_11.png,0,skilled_forgery,34,34
data/processed/train/genuine/original_2_13.png,data/processed/train/genuine/original_2_23.png,1,genuine_genuine,2,2
data/processed/train/genuine/original_16_13.png,data/processed/train/genuine/original_16_21.png,1,genuine_genuine,16,16
data/processed/validation/genuine/original_43_14.png,data/processed/validation/genuine/original_43_17.png,1,genuine_genuine,43,43
data/processed/train/genuine/original_16_12.png,data/processed/train/genuine/original_16_17.png,1,genuine_genuine,16,16
data/processed/validation/genuine/original_45_1.png,data/processed/validation/genuine/original_45_10.png,1,genuine_genuine,45,45
data/processed/validation/genuine/original_44_2.png,data/processed/validation/forged/forgeries_44_12.png,0,skilled_forgery,44,44
data/processed/train/genuine/original_10_13.png,data/processed/train/genuine/original_10_24.png,1,genuine_genuine,10,10
data/processed/validation/genuine/original_39_1.png,data/processed/validation/genuine/original_39_4.png,1,genuine_genuine,39,39
data/processed/validation/genuine/original_40_20.png,data/processed/validation/genuine/original_40_3.png,1,genuine_genuine,40,40
data/processed/train/genuine/original_12_13.png,data/processed/train/genuine/original_12_2.png,1,genuine_genuine,12,12
data/processed/train/genuine/original_28_19.png,data/processed/train/genuine/original_28_3.png,1,genuine_genuine,28,28
data/processed/validation/genuine/original_40_22.png,data/processed/validation/genuine/original_40_7.png,1,genuine_genuine,40,40
data/processed/train/genuine/original_9_13.png,data/processed/train/genuine/original_9_22.png,1,genuine_genuine,9,9
data/processed/train/genuine/original_11_15.png,data/processed/train/genuine/original_11_7.png,1,genuine_genuine,11,11
data/processed/train/genuine/original_4_12.png,data/processed/train/genuine/original_4_6.png,1,genuine_genuine,4,4
data/processed/train/genuine/original_28_24.png,data/processed/validation/genuine/original_41_6.png,0,random_forgery,28,41
data/processed/validation/genuine/original_36_22.png,data/processed/validation/forged/forgeries_36_24.png,0,skilled_forgery,36,36
data/processed/validation/genuine/original_43_12.png,data/processed/validation/forged/forgeries_43_22.png,0,skilled_forgery,43,43
data/processed/train/genuine/original_28_10.png,data/processed/train/forged/forgeries_28_15.png,0,skilled_forgery,28,28
data/processed/train/genuine/original_35_11.png,data/processed/train/genuine/original_35_2.png,1,genuine_genuine,35,35
data/processed/train/genuine/original_5_6.png,data/processed/train/forged/forgeries_5_5.png,0,skilled_forgery,5,5
data/processed/train/genuine/original_13_18.png,data/processed/train/genuine/original_13_6.png,1,genuine_genuine,13,13
data/processed/train/genuine/original_4_6.png,data/processed/train/forged/forgeries_4_6.png,0,skilled_forgery,4,4
data/processed/train/genuine/original_32_15.png,data/processed/train/genuine/original_32_8.png,1,genuine_genuine,32,32
data/processed/validation/genuine/original_40_20.png,data/processed/validation/genuine/original_40_21.png,1,genuine_genuine,40,40
data/processed/train/genuine/original_5_16.png,data/processed/validation/genuine/original_36_5.png,0,random_forgery,5,36
data/processed/train/genuine/original_10_1.png,data/processed/train/genuine/original_10_16.png,1,genuine_genuine,10,10
data/processed/validation/genuine/original_44_20.png,data/processed/validation/genuine/original_44_22.png,1,genuine_genuine,44,44
data/processed/train/genuine/original_16_21.png,data/processed/train/genuine/original_6_22.png,0,random_forgery,16,6
data/processed/train/genuine/original_35_12.png,data/processed/train/genuine/original_35_20.png,1,genuine_genuine,35,35
data/processed/validation/genuine/original_38_11.png,data/processed/validation/forged/forgeries_38_16.png,0,skilled_forgery,38,38
data/processed/train/genuine/original_13_15.png,data/processed/train/genuine/original_13_19.png,1,genuine_genuine,13,13
data/processed/train/genuine/original_1_18.png,data/processed/train/genuine/original_1_23.png,1,genuine_genuine,1,1
data/processed/train/genuine/original_34_20.png,data/processed/train/genuine/original_34_9.png,1,genuine_genuine,34,34
data/processed/validation/genuine/original_36_14.png,data/processed/validation/genuine/original_36_3.png,1,genuine_genuine,36,36
data/processed/train/genuine/original_10_4.png,data/processed/train/forged/forgeries_10_8.png,0,skilled_forgery,10,10
data/processed/validation/genuine/original_41_7.png,data/processed/train/genuine/original_14_3.png,0,random_forgery,41,14
data/processed/train/genuine/original_8_1.png,data/processed/train/genuine/original_8_14.png,1,genuine_genuine,8,8
data/processed/validation/genuine/original_40_11.png,data/processed/validation/genuine/original_40_14.png,1,genuine_genuine,40,40
data/processed/train/genuine/original_34_3.png,data/processed/train/genuine/original_34_4.png,1,genuine_genuine,34,34
data/processed/train/genuine/original_28_3.png,data/processed/train/genuine/original_34_7.png,0,random_forgery,28,34
data/processed/train/genuine/original_12_17.png,data/processed/train/genuine/original_12_9.png,1,genuine_genuine,12,12
data/processed/train/genuine/original_2_10.png,data/processed/train/forged/forgeries_2_22.png,0,skilled_forgery,2,2
data/processed/train/genuine/original_17_15.png,data/processed/validation/genuine/original_38_13.png,0,random_forgery,17,38
data/processed/train/genuine/original_30_11.png,data/processed/train/genuine/original_30_18.png,1,genuine_genuine,30,30
data/processed/train/genuine/original_28_3.png,data/processed/train/forged/forgeries_28_3.png,0,skilled_forgery,28,28
data/processed/train/genuine/original_3_12.png,data/processed/train/forged/forgeries_3_5.png,0,skilled_forgery,3,3
data/processed/train/genuine/original_2_24.png,data/processed/validation/genuine/original_44_23.png,0,random_forgery,2,44
data/processed/validation/genuine/original_43_17.png,data/processed/validation/genuine/original_43_7.png,1,genuine_genuine,43,43
data/processed/validation/genuine/original_38_13.png,data/processed/validation/forged/forgeries_38_21.png,0,skilled_forgery,38,38
data/processed/train/genuine/original_29_17.png,data/processed/train/genuine/original_29_20.png,1,genuine_genuine,29,29
data/processed/validation/genuine/original_45_3.png,data/processed/train/genuine/original_13_13.png,0,random_forgery,45,13
data/processed/train/genuine/original_12_10.png,data/processed/train/forged/forgeries_12_8.png,0,skilled_forgery,12,12
data/processed/train/genuine/original_32_21.png,data/processed/train/genuine/original_32_9.png,1,genuine_genuine,32,32
data/processed/validation/genuine/original_37_2.png,data/processed/validation/genuine/original_37_9.png,1,genuine_genuine,37,37
data/processed/train/genuine/original_9_8.png,data/processed/train/forged/forgeries_9_2.png,0,skilled_forgery,9,9
data/processed/train/genuine/original_9_15.png,data/processed/train/genuine/original_5_18.png,0,random_forgery,9,5
data/processed/train/genuine/original_7_23.png,data/processed/train/genuine/original_7_5.png,1,genuine_genuine,7,7
data/processed/train/genuine/original_35_13.png,data/processed/train/genuine/original_35_20.png,1,genuine_genuine,35,35
data/processed/validation/genuine/original_45_9.png,data/processed/validation/forged/forgeries_45_14.png,0,skilled_forgery,45,45
data/processed/train/genuine/original_29_6.png,data/processed/train/forged/forgeries_29_15.png,0,skilled_forgery,29,29
data/processed/train/genuine/original_30_5.png,data/processed/train/genuine/original_35_11.png,0,random_forgery,30,35
data/processed/validation/genuine/original_36_18.png,data/processed/validation/genuine/original_36_6.png,1,genuine_genuine,36,36
data/processed/train/genuine/original_30_14.png,data/processed/train/genuine/original_30_20.png,1,genuine_genuine,30,30
data/processed/train/genuine/original_14_13.png,data/processed/train/genuine/original_14_22.png,1,genuine_genuine,14,14
data/processed/validation/genuine/original_43_15.png,data/processed/validation/genuine/original_43_22.png,1,genuine_genuine,43,43
data/processed/train/genuine/original_7_9.png,data/processed/train/forged/forgeries_7_11.png,0,skilled_forgery,7,7
data/processed/validation/genuine/original_39_13.png,data/processed/validation/genuine/original_39_16.png,1,genuine_genuine,39,39
data/processed/train/genuine/original_1_23.png,data/processed/train/genuine/original_1_4.png,1,genuine_genuine,1,1
data/processed/train/genuine/original_7_14.png,data/processed/train/genuine/original_7_4.png,1,genuine_genuine,7,7
data/processed/train/genuine/original_34_13.png,data/processed/train/genuine/original_34_20.png,1,genuine_genuine,34,34
data/processed/train/genuine/original_10_20.png,data/processed/train/genuine/original_10_9.png,1,genuine_genuine,10,10
data/processed/validation/genuine/original_44_1.png,data/processed/validation/genuine/original_44_16.png,1,genuine_genuine,44,44
data/processed/train/genuine/original_12_12.png,data/processed/train/genuine/original_12_9.png,1,genuine_genuine,12,12
data/processed/validation/genuine/original_45_18.png,data/processed/validation/genuine/original_45_5.png,1,genuine_genuine,45,45
data/processed/train/genuine/original_16_5.png,data/processed/train/forged/forgeries_16_6.png,0,skilled_forgery,16,16
data/processed/validation/genuine/original_44_2.png,data/processed/validation/forged/forgeries_44_2.png,0,skilled_forgery,44,44
data/processed/train/genuine/original_33_17.png,data/processed/train/genuine/original_4_6.png,0,random_forgery,33,4
data/processed/train/genuine/original_30_9.png,data/processed/train/genuine/original_1_16.png,0,random_forgery,30,1
data/processed/train/genuine/original_29_1.png,data/processed/train/genuine/original_29_13.png,1,genuine_genuine,29,29
data/processed/validation/genuine/original_45_13.png,data/processed/validation/genuine/original_45_5.png,1,genuine_genuine,45,45
data/processed/train/genuine/original_12_1.png,data/processed/train/genuine/original_12_6.png,1,genuine_genuine,12,12
data/processed/train/genuine/original_12_13.png,data/processed/train/genuine/original_12_3.png,1,genuine_genuine,12,12
data/processed/train/genuine/original_5_19.png,data/processed/train/genuine/original_5_20.png,1,genuine_genuine,5,5
data/processed/train/genuine/original_34_13.png,data/processed/train/genuine/original_34_7.png,1,genuine_genuine,34,34
data/processed/validation/genuine/original_40_19.png,data/processed/validation/genuine/original_40_8.png,1,genuine_genuine,40,40
data/processed/train/genuine/original_2_20.png,data/processed/train/forged/forgeries_2_13.png,0,skilled_forgery,2,2
data/processed/train/genuine/original_12_20.png,data/processed/train/forged/forgeries_12_22.png,0,skilled_forgery,12,12
data/processed/train/genuine/original_5_6.png,data/processed/train/forged/forgeries_5_10.png,0,skilled_forgery,5,5
data/processed/train/genuine/original_3_4.png,data/processed/train/forged/forgeries_3_24.png,0,skilled_forgery,3,3
data/processed/train/genuine/original_5_8.png,data/processed/train/forged/forgeries_5_18.png,0,skilled_forgery,5,5
data/processed/train/genuine/original_1_4.png,data/processed/train/forged/forgeries_1_14.png,0,skilled_forgery,1,1
data/processed/train/genuine/original_4_3.png,data/processed/validation/genuine/original_45_8.png,0,random_forgery,4,45
data/processed/train/genuine/original_32_23.png,data/processed/train/genuine/original_14_10.png,0,random_forgery,32,14
data/processed/train/genuine/original_2_1.png,data/processed/train/genuine/original_33_16.png,0,random_forgery,2,33
data/processed/train/genuine/original_4_14.png,data/processed/train/genuine/original_4_4.png,1,genuine_genuine,4,4
data/processed/train/genuine/original_2_12.png,data/processed/train/genuine/original_11_1.png,0,random_forgery,2,11
data/processed/train/genuine/original_34_17.png,data/processed/train/genuine/original_34_2.png,1,genuine_genuine,34,34
data/processed/train/genuine/original_9_9.png,data/processed/train/genuine/original_13_9.png,0,random_forgery,9,13
data/processed/train/genuine/original_9_19.png,data/processed/train/genuine/original_9_7.png,1,genuine_genuine,9,9
data/processed/validation/genuine/original_44_4.png,data/processed/validation/genuine/original_43_7.png,0,random_forgery,44,43
data/processed/train/genuine/original_10_6.png,data/processed/train/forged/forgeries_10_16.png,0,skilled_forgery,10,10
data/processed/train/genuine/original_32_2.png,data/processed/train/genuine/original_32_4.png,1,genuine_genuine,32,32
data/processed/train/genuine/original_34_6.png,data/processed/train/forged/forgeries_34_23.png,0,skilled_forgery,34,34
data/processed/train/genuine/original_31_22.png,data/processed/train/genuine/original_31_8.png,1,genuine_genuine,31,31
data/processed/validation/genuine/original_40_22.png,data/processed/validation/forged/forgeries_40_4.png,0,skilled_forgery,40,40
data/processed/train/genuine/original_16_3.png,data/processed/validation/genuine/original_41_6.png,0,random_forgery,16,41
data/processed/train/genuine/original_10_12.png,data/processed/train/forged/forgeries_10_5.png,0,skilled_forgery,10,10
data/processed/train/genuine/original_13_20.png,data/processed/train/forged/forgeries_13_4.png,0,skilled_forgery,13,13
data/processed/train/genuine/original_4_20.png,data/processed/train/genuine/original_1_20.png,0,random_forgery,4,1
data/processed/validation/genuine/original_37_13.png,data/processed/validation/forged/forgeries_37_14.png,0,skilled_forgery,37,37
data/processed/train/genuine/original_6_22.png,data/processed/validation/genuine/original_36_16.png,0,random_forgery,6,36
data/processed/train/genuine/original_13_17.png,data/processed/validation/genuine/original_41_15.png,0,random_forgery,13,41
data/processed/validation/genuine/original_42_15.png,data/processed/validation/genuine/original_42_3.png,1,genuine_genuine,42,42
data/processed/train/genuine/original_15_4.png,data/processed/train/genuine/original_2_21.png,0,random_forgery,15,2
data/processed/validation/genuine/original_38_17.png,data/processed/train/genuine/original_16_11.png,0,random_forgery,38,16
data/processed/train/genuine/original_14_20.png,data/processed/train/genuine/original_14_24.png,1,genuine_genuine,14,14
data/processed/train/genuine/original_5_4.png,data/processed/train/forged/forgeries_5_10.png,0,skilled_forgery,5,5
data/processed/train/genuine/original_30_11.png,data/processed/train/forged/forgeries_30_22.png,0,skilled_forgery,30,30
data/processed/validation/genuine/original_42_11.png,data/processed/validation/genuine/original_42_3.png,1,genuine_genuine,42,42
data/processed/validation/genuine/original_36_24.png,data/processed/validation/forged/forgeries_36_14.png,0,skilled_forgery,36,36
data/processed/train/genuine/original_3_24.png,data/processed/train/genuine/original_31_8.png,0,random_forgery,3,31
data/processed/validation/genuine/original_38_11.png,data/processed/validation/genuine/original_38_13.png,1,genuine_genuine,38,38
data/processed/train/genuine/original_2_10.png,data/processed/validation/genuine/original_44_7.png,0,random_forgery,2,44
data/processed/validation/genuine/original_42_19.png,data/processed/train/genuine/original_13_1.png,0,random_forgery,42,13
data/processed/train/genuine/original_17_4.png,data/processed/train/genuine/original_35_2.png,0,random_forgery,17,35
data/processed/train/genuine/original_2_23.png,data/processed/train/genuine/original_2_8.png,1,genuine_genuine,2,2
data/processed/train/genuine/original_34_17.png,data/processed/train/forged/forgeries_34_11.png,0,skilled_forgery,34,34
data/processed/train/genuine/original_9_10.png,data/processed/train/genuine/original_9_12.png,1,genuine_genuine,9,9
data/processed/validation/genuine/original_39_12.png,data/processed/validation/forged/forgeries_39_18.png,0,skilled_forgery,39,39
data/processed/train/genuine/original_18_13.png,data/processed/train/forged/forgeries_18_12.png,0,skilled_forgery,18,18
data/processed/train/genuine/original_32_11.png,data/processed/train/forged/forgeries_32_1.png,0,skilled_forgery,32,32
data/processed/validation/genuine/original_41_12.png,data/processed/validation/genuine/original_41_3.png,1,genuine_genuine,41,41
data/processed/validation/genuine/original_41_11.png,data/processed/validation/genuine/original_41_19.png,1,genuine_genuine,41,41
data/processed/train/genuine/original_32_14.png,data/processed/train/genuine/original_32_18.png,1,genuine_genuine,32,32
data/processed/validation/genuine/original_38_4.png,data/processed/validation/forged/forgeries_38_7.png,0,skilled_forgery,38,38
data/processed/train/genuine/original_2_12.png,data/processed/train/genuine/original_2_14.png,1,genuine_genuine,2,2
data/processed/train/genuine/original_35_19.png,data/processed/train/genuine/original_35_20.png,1,genuine_genuine,35,35
data/processed/train/genuine/original_10_17.png,data/processed/train/genuine/original_10_2.png,1,genuine_genuine,10,10
data/processed/train/genuine/original_9_19.png,data/processed/train/genuine/original_9_5.png,1,genuine_genuine,9,9
data/processed/validation/genuine/original_43_2.png,data/processed/validation/genuine/original_43_3.png,1,genuine_genuine,43,43
data/processed/validation/genuine/original_40_19.png,data/processed/validation/forged/forgeries_40_14.png,0,skilled_forgery,40,40
data/processed/train/genuine/original_35_24.png,data/processed/train/genuine/original_35_9.png,1,genuine_genuine,35,35
data/processed/train/genuine/original_5_3.png,data/processed/train/genuine/original_5_8.png,1,genuine_genuine,5,5
data/processed/validation/genuine/original_39_13.png,data/processed/validation/genuine/original_37_24.png,0,random_forgery,39,37
data/processed/train/genuine/original_6_19.png,data/processed/train/genuine/original_34_16.png,0,random_forgery,6,34
data/processed/train/genuine/original_30_12.png,data/processed/train/forged/forgeries_30_11.png,0,skilled_forgery,30,30
data/processed/validation/genuine/original_36_1.png,data/processed/train/genuine/original_32_10.png,0,random_forgery,36,32
data/processed/train/genuine/original_9_13.png,data/processed/train/genuine/original_9_19.png,1,genuine_genuine,9,9
data/processed/train/genuine/original_12_11.png,data/processed/train/genuine/original_12_5.png,1,genuine_genuine,12,12
data/processed/train/genuine/original_16_12.png,data/processed/train/genuine/original_16_8.png,1,genuine_genuine,16,16
data/processed/train/genuine/original_33_2.png,data/processed/train/genuine/original_14_13.png,0,random_forgery,33,14
data/processed/train/genuine/original_2_7.png,data/processed/validation/genuine/original_44_14.png,0,random_forgery,2,44
data/processed/train/genuine/original_32_16.png,data/processed/validation/genuine/original_37_3.png,0,random_forgery,32,37
data/processed/train/genuine/original_5_16.png,data/processed/train/genuine/original_5_3.png,1,genuine_genuine,5,5
data/processed/train/genuine/original_10_4.png,data/processed/train/genuine/original_10_9.png,1,genuine_genuine,10,10
data/processed/train/genuine/original_5_15.png,data/processed/train/genuine/original_5_19.png,1,genuine_genuine,5,5
data/processed/train/genuine/original_5_2.png,data/processed/train/forged/forgeries_5_9.png,0,skilled_forgery,5,5
data/processed/train/genuine/original_5_17.png,data/processed/train/forged/forgeries_5_10.png,0,skilled_forgery,5,5
data/processed/validation/genuine/original_45_9.png,data/processed/validation/forged/forgeries_45_22.png,0,skilled_forgery,45,45
data/processed/train/genuine/original_6_14.png,data/processed/train/genuine/original_7_20.png,0,random_forgery,6,7
data/processed/validation/genuine/original_41_13.png,data/processed/validation/genuine/original_41_4.png,1,genuine_genuine,41,41
data/processed/validation/genuine/original_45_6.png,data/processed/validation/forged/forgeries_45_9.png,0,skilled_forgery,45,45
data/processed/train/genuine/original_12_14.png,data/processed/validation/genuine/original_36_12.png,0,random_forgery,12,36
data/processed/train/genuine/original_17_1.png,data/processed/train/genuine/original_17_16.png,1,genuine_genuine,17,17
data/processed/train/genuine/original_8_4.png,data/processed/train/forged/forgeries_8_3.png,0,skilled_forgery,8,8
data/processed/train/genuine/original_8_12.png,data/processed/train/genuine/original_8_6.png,1,genuine_genuine,8,8
data/processed/train/genuine/original_10_22.png,data/processed/train/forged/forgeries_10_13.png,0,skilled_forgery,10,10
data/processed/train/genuine/original_3_2.png,data/processed/train/forged/forgeries_3_7.png,0,skilled_forgery,3,3
data/processed/train/genuine/original_28_16.png,data/processed/train/genuine/original_28_5.png,1,genuine_genuine,28,28
data/processed/train/genuine/original_32_23.png,data/processed/train/forged/forgeries_32_3.png,0,skilled_forgery,32,32
data/processed/validation/genuine/original_38_3.png,data/processed/validation/forged/forgeries_38_19.png,0,skilled_forgery,38,38
data/processed/validation/genuine/original_39_4.png,data/processed/validation/forged/forgeries_39_15.png,0,skilled_forgery,39,39
data/processed/train/genuine/original_34_14.png,data/processed/train/genuine/original_34_24.png,1,genuine_genuine,34,34
data/processed/train/genuine/original_16_24.png,data/processed/train/genuine/original_16_5.png,1,genuine_genuine,16,16
data/processed/train/genuine/original_29_19.png,data/processed/train/genuine/original_29_3.png,1,genuine_genuine,29,29
data/processed/train/genuine/original_30_7.png,data/processed/train/genuine/original_5_17.png,0,random_forgery,30,5
data/processed/train/genuine/original_30_16.png,data/processed/train/genuine/original_30_24.png,1,genuine_genuine,30,30
data/processed/train/genuine/original_13_18.png,data/processed/train/forged/forgeries_13_3.png,0,skilled_forgery,13,13
data/processed/train/genuine/original_2_21.png,data/processed/train/genuine/original_2_4.png,1,genuine_genuine,2,2
data/processed/validation/genuine/original_38_21.png,data/processed/validation/genuine/original_37_6.png,0,random_forgery,38,37
data/processed/train/genuine/original_11_10.png,data/processed/train/forged/forgeries_11_2.png,0,skilled_forgery,11,11
data/processed/train/genuine/original_15_7.png,data/processed/train/forged/forgeries_15_4.png,0,skilled_forgery,15,15
data/processed/train/genuine/original_32_5.png,data/processed/train/forged/forgeries_32_4.png,0,skilled_forgery,32,32
data/processed/train/genuine/original_32_11.png,data/processed/train/genuine/original_32_16.png,1,genuine_genuine,32,32
data/processed/train/genuine/original_15_13.png,data/processed/train/genuine/original_15_20.png,1,genuine_genuine,15,15
data/processed/train/genuine/original_5_18.png,data/processed/train/genuine/original_5_24.png,1,genuine_genuine,5,5
data/processed/validation/genuine/original_36_1.png,data/processed/train/genuine/original_35_16.png,0,random_forgery,36,35
data/processed/train/genuine/original_33_19.png,data/processed/train/genuine/original_28_4.png,0,random_forgery,33,28
data/processed/train/genuine/original_2_8.png,data/processed/train/forged/forgeries_2_20.png,0,skilled_forgery,2,2
data/processed/train/genuine/original_17_14.png,data/processed/train/genuine/original_17_22.png,1,genuine_genuine,17,17
data/processed/train/genuine/original_3_2.png,data/processed/train/genuine/original_3_4.png,1,genuine_genuine,3,3
data/processed/train/genuine/original_4_18.png,data/processed/train/genuine/original_4_23.png,1,genuine_genuine,4,4
data/processed/train/genuine/original_28_21.png,data/processed/train/genuine/original_28_24.png,1,genuine_genuine,28,28
data/processed/train/genuine/original_11_12.png,data/processed/train/genuine/original_11_24.png,1,genuine_genuine,11,11
data/processed/train/genuine/original_30_5.png,data/processed/train/forged/forgeries_30_14.png,0,skilled_forgery,30,30
data/processed/train/genuine/original_2_9.png,data/processed/validation/genuine/original_39_9.png,0,random_forgery,2,39
data/processed/train/genuine/original_16_10.png,data/processed/train/genuine/original_16_17.png,1,genuine_genuine,16,16
data/processed/validation/genuine/original_40_24.png,data/processed/train/genuine/original_7_9.png,0,random_forgery,40,7
data/processed/train/genuine/original_14_1.png,data/processed/train/genuine/original_14_20.png,1,genuine_genuine,14,14
data/processed/validation/genuine/original_44_12.png,data/processed/validation/genuine/original_44_7.png,1,genuine_genuine,44,44
data/processed/train/genuine/original_1_21.png,data/processed/train/genuine/original_1_3.png,1,genuine_genuine,1,1
data/processed/validation/genuine/original_36_3.png,data/processed/validation/genuine/original_36_6.png,1,genuine_genuine,36,36
data/processed/train/genuine/original_8_18.png,data/processed/validation/genuine/original_43_15.png,0,random_forgery,8,43
data/processed/train/genuine/original_28_1.png,data/processed/train/genuine/original_28_11.png,1,genuine_genuine,28,28
data/processed/validation/genuine/original_38_2.png,data/processed/validation/genuine/original_38_24.png,1,genuine_genuine,38,38
data/processed/validation/genuine/original_41_1.png,data/processed/validation/genuine/original_41_7.png,1,genuine_genuine,41,41
data/processed/train/genuine/original_17_18.png,data/processed/train/genuine/original_17_9.png,1,genuine_genuine,17,17
data/processed/train/genuine/original_35_6.png,data/processed/train/genuine/original_35_8.png,1,genuine_genuine,35,35
data/processed/train/genuine/original_17_22.png,data/processed/train/genuine/original_33_3.png,0,random_forgery,17,33
data/processed/train/genuine/original_30_19.png,data/processed/train/genuine/original_30_5.png,1,genuine_genuine,30,30
data/processed/train/genuine/original_32_13.png,data/processed/train/forged/forgeries_32_11.png,0,skilled_forgery,32,32
data/processed/train/genuine/original_2_18.png,data/processed/train/forged/forgeries_2_4.png,0,skilled_forgery,2,2
data/processed/train/genuine/original_2_10.png,data/processed/train/genuine/original_2_4.png,1,genuine_genuine,2,2
data/processed/train/genuine/original_1_14.png,data/processed/train/forged/forgeries_1_10.png,0,skilled_forgery,1,1
data/processed/validation/genuine/original_42_19.png,data/processed/validation/genuine/original_42_2.png,1,genuine_genuine,42,42
data/processed/train/genuine/original_28_22.png,data/processed/train/forged/forgeries_28_19.png,0,skilled_forgery,28,28
data/processed/train/genuine/original_35_2.png,data/processed/train/genuine/original_34_22.png,0,random_forgery,35,34
data/processed/train/genuine/original_15_24.png,data/processed/train/genuine/original_6_7.png,0,random_forgery,15,6
data/processed/train/genuine/original_9_11.png,data/processed/train/genuine/original_9_14.png,1,genuine_genuine,9,9
data/processed/validation/genuine/original_36_13.png,data/processed/validation/genuine/original_36_18.png,1,genuine_genuine,36,36
data/processed/validation/genuine/original_37_14.png,data/processed/validation/forged/forgeries_37_15.png,0,skilled_forgery,37,37
data/processed/train/genuine/original_1_11.png,data/processed/train/genuine/original_1_5.png,1,genuine_genuine,1,1
data/processed/train/genuine/original_1_18.png,data/processed/train/genuine/original_1_19.png,1,genuine_genuine,1,1
data/processed/train/genuine/original_13_1.png,data/processed/train/genuine/original_13_2.png,1,genuine_genuine,13,13
data/processed/train/genuine/original_12_23.png,data/processed/train/genuine/original_12_3.png,1,genuine_genuine,12,12
data/processed/train/genuine/original_11_20.png,data/processed/train/forged/forgeries_11_24.png,0,skilled_forgery,11,11
data/processed/train/genuine/original_7_19.png,data/processed/train/forged/forgeries_7_20.png,0,skilled_forgery,7,7
data/processed/validation/genuine/original_44_16.png,data/processed/validation/genuine/original_38_21.png,0,random_forgery,44,38
data/processed/validation/genuine/original_36_14.png,data/processed/validation/genuine/original_36_7.png,1,genuine_genuine,36,36
data/processed/validation/genuine/original_38_24.png,data/processed/validation/genuine/original_38_6.png,1,genuine_genuine,38,38
data/processed/validation/genuine/original_42_1.png,data/processed/validation/genuine/original_42_12.png,1,genuine_genuine,42,42
data/processed/validation/genuine/original_38_2.png,data/processed/validation/forged/forgeries_38_13.png,0,skilled_forgery,38,38
data/processed/train/genuine/original_10_20.png,data/processed/train/forged/forgeries_10_23.png,0,skilled_forgery,10,10
data/processed/validation/genuine/original_45_23.png,data/processed/validation/genuine/original_45_8.png,1,genuine_genuine,45,45
data/processed/validation/genuine/original_45_15.png,data/processed/train/genuine/original_11_2.png,0,random_forgery,45,11
data/processed/train/genuine/original_10_18.png,data/processed/train/genuine/original_10_22.png,1,genuine_genuine,10,10
data/processed/train/genuine/original_13_20.png,data/processed/train/forged/forgeries_13_19.png,0,skilled_forgery,13,13
data/processed/train/genuine/original_7_21.png,data/processed/train/genuine/original_7_8.png,1,genuine_genuine,7,7
data/processed/train/genuine/original_32_11.png,data/processed/train/genuine/original_32_19.png,1,genuine_genuine,32,32
data/processed/train/genuine/original_35_12.png,data/processed/train/forged/forgeries_35_16.png,0,skilled_forgery,35,35
data/processed/train/genuine/original_5_10.png,data/processed/train/forged/forgeries_5_23.png,0,skilled_forgery,5,5
data/processed/validation/genuine/original_45_15.png,data/processed/validation/genuine/original_43_12.png,0,random_forgery,45,43
data/processed/train/genuine/original_34_5.png,data/processed/train/forged/forgeries_34_1.png,0,skilled_forgery,34,34
data/processed/train/genuine/original_30_17.png,data/processed/train/genuine/original_29_19.png,0,random_forgery,30,29
data/processed/train/genuine/original_4_8.png,data/processed/validation/genuine/original_44_7.png,0,random_forgery,4,44
data/processed/validation/genuine/original_42_12.png,data/processed/validation/genuine/original_42_9.png,1,genuine_genuine,42,42
data/processed/train/genuine/original_31_10.png,data/processed/train/genuine/original_31_14.png,1,genuine_genuine,31,31
data/processed/train/genuine/original_17_10.png,data/processed/train/forged/forgeries_17_3.png,0,skilled_forgery,17,17
data/processed/train/genuine/original_7_19.png,data/processed/train/genuine/original_7_9.png,1,genuine_genuine,7,7
data/processed/train/genuine/original_15_18.png,data/processed/train/genuine/original_15_6.png,1,genuine_genuine,15,15
data/processed/train/genuine/original_3_8.png,data/processed/train/forged/forgeries_3_19.png,0,skilled_forgery,3,3
data/processed/train/genuine/original_4_3.png,data/processed/train/genuine/original_4_4.png,1,genuine_genuine,4,4
data/processed/train/genuine/original_7_18.png,data/processed/train/forged/forgeries_7_13.png,0,skilled_forgery,7,7
data/processed/validation/genuine/original_44_10.png,data/processed/validation/genuine/original_44_19.png,1,genuine_genuine,44,44
data/processed/validation/genuine/original_42_9.png,data/processed/validation/forged/forgeries_42_6.png,0,skilled_forgery,42,42
data/processed/validation/genuine/original_37_3.png,data/processed/validation/genuine/original_45_8.png,0,random_forgery,37,45
data/processed/train/genuine/original_8_23.png,data/processed/train/forged/forgeries_8_10.png,0,skilled_forgery,8,8
data/processed/train/genuine/original_18_11.png,data/processed/train/genuine/original_18_24.png,1,genuine_genuine,18,18
data/processed/train/genuine/original_34_3.png,data/processed/train/forged/forgeries_34_17.png,0,skilled_forgery,34,34
data/processed/validation/genuine/original_44_10.png,data/processed/validation/genuine/original_44_7.png,1,genuine_genuine,44,44
data/processed/train/genuine/original_3_17.png,data/processed/train/genuine/original_5_8.png,0,random_forgery,3,5
data/processed/train/genuine/original_35_13.png,data/processed/train/genuine/original_35_9.png,1,genuine_genuine,35,35
data/processed/validation/genuine/original_38_22.png,data/processed/validation/genuine/original_38_24.png,1,genuine_genuine,38,38
data/processed/train/genuine/original_18_19.png,data/processed/train/genuine/original_14_13.png,0,random_forgery,18,14
data/processed/train/genuine/original_15_3.png,data/processed/train/genuine/original_32_1.png,0,random_forgery,15,32
data/processed/train/genuine/original_10_14.png,data/processed/train/genuine/original_10_21.png,1,genuine_genuine,10,10
data/processed/train/genuine/original_30_19.png,data/processed/train/forged/forgeries_30_3.png,0,skilled_forgery,30,30
data/processed/train/genuine/original_13_16.png,data/processed/train/forged/forgeries_13_9.png,0,skilled_forgery,13,13
data/processed/validation/genuine/original_45_12.png,data/processed/validation/genuine/original_45_23.png,1,genuine_genuine,45,45
data/processed/train/genuine/original_2_13.png,data/processed/train/genuine/original_2_19.png,1,genuine_genuine,2,2
data/processed/train/genuine/original_14_14.png,data/processed/train/forged/forgeries_14_2.png,0,skilled_forgery,14,14
data/processed/train/genuine/original_9_8.png,data/processed/train/genuine/original_12_5.png,0,random_forgery,9,12
data/processed/train/genuine/original_4_20.png,data/processed/train/genuine/original_4_9.png,1,genuine_genuine,4,4
data/processed/train/genuine/original_17_12.png,data/processed/train/forged/forgeries_17_12.png,0,skilled_forgery,17,17
data/processed/train/genuine/original_6_20.png,data/processed/train/forged/forgeries_6_17.png,0,skilled_forgery,6,6
data/processed/validation/genuine/original_41_23.png,data/processed/validation/forged/forgeries_41_5.png,0,skilled_forgery,41,41
data/processed/validation/genuine/original_38_13.png,data/processed/validation/genuine/original_38_5.png,1,genuine_genuine,38,38
data/processed/train/genuine/original_10_4.png,data/processed/train/forged/forgeries_10_20.png,0,skilled_forgery,10,10
data/processed/validation/genuine/original_37_14.png,data/processed/validation/genuine/original_37_16.png,1,genuine_genuine,37,37
data/processed/validation/genuine/original_37_18.png,data/processed/validation/forged/forgeries_37_13.png,0,skilled_forgery,37,37
data/processed/train/genuine/original_30_19.png,data/processed/train/genuine/original_30_20.png,1,genuine_genuine,30,30
data/processed/train/genuine/original_2_3.png,data/processed/train/forged/forgeries_2_18.png,0,skilled_forgery,2,2
data/processed/validation/genuine/original_41_24.png,data/processed/train/genuine/original_12_21.png,0,random_forgery,41,12
data/processed/train/genuine/original_34_1.png,data/processed/train/genuine/original_17_19.png,0,random_forgery,34,17
data/processed/train/genuine/original_33_3.png,data/processed/train/genuine/original_14_5.png,0,random_forgery,33,14
data/processed/train/genuine/original_33_23.png,data/processed/validation/genuine/original_38_21.png,0,random_forgery,33,38
data/processed/train/genuine/original_5_17.png,data/processed/train/genuine/original_5_3.png,1,genuine_genuine,5,5
data/processed/validation/genuine/original_42_15.png,data/processed/validation/genuine/original_42_23.png,1,genuine_genuine,42,42
data/processed/train/genuine/original_5_19.png,data/processed/train/genuine/original_5_8.png,1,genuine_genuine,5,5
data/processed/train/genuine/original_14_12.png,data/processed/train/genuine/original_14_20.png,1,genuine_genuine,14,14
data/processed/train/genuine/original_13_5.png,data/processed/train/genuine/original_28_23.png,0,random_forgery,13,28
data/processed/train/genuine/original_10_13.png,data/processed/train/genuine/original_10_17.png,1,genuine_genuine,10,10
data/processed/validation/genuine/original_38_23.png,data/processed/validation/genuine/original_38_6.png,1,genuine_genuine,38,38
data/processed/train/genuine/original_14_13.png,data/processed/train/genuine/original_14_16.png,1,genuine_genuine,14,14
data/processed/train/genuine/original_29_3.png,data/processed/train/genuine/original_29_6.png,1,genuine_genuine,29,29
data/processed/train/genuine/original_28_19.png,data/processed/train/genuine/original_12_11.png,0,random_forgery,28,12
data/processed/validation/genuine/original_41_11.png,data/processed/validation/genuine/original_41_18.png,1,genuine_genuine,41,41
data/processed/train/genuine/original_9_11.png,data/processed/train/genuine/original_9_6.png,1,genuine_genuine,9,9
data/processed/validation/genuine/original_42_11.png,data/processed/validation/genuine/original_42_9.png,1,genuine_genuine,42,42
data/processed/train/genuine/original_7_10.png,data/processed/train/genuine/original_7_22.png,1,genuine_genuine,7,7
data/processed/validation/genuine/original_43_23.png,data/processed/validation/forged/forgeries_43_6.png,0,skilled_forgery,43,43
data/processed/train/genuine/original_17_15.png,data/processed/train/genuine/original_17_2.png,1,genuine_genuine,17,17
data/processed/train/genuine/original_10_12.png,data/processed/train/genuine/original_10_7.png,1,genuine_genuine,10,10
data/processed/train/genuine/original_2_15.png,data/processed/validation/genuine/original_41_15.png,0,random_forgery,2,41
data/processed/train/genuine/original_3_19.png,data/processed/train/forged/forgeries_3_19.png,0,skilled_forgery,3,3
data/processed/train/genuine/original_12_3.png,data/processed/validation/genuine/original_38_24.png,0,random_forgery,12,38
data/processed/train/genuine/original_5_15.png,data/processed/train/genuine/original_5_4.png,1,genuine_genuine,5,5
data/processed/validation/genuine/original_45_16.png,data/processed/validation/forged/forgeries_45_10.png,0,skilled_forgery,45,45
data/processed/train/genuine/original_8_18.png,data/processed/train/genuine/original_3_9.png,0,random_forgery,8,3
data/processed/train/genuine/original_13_11.png,data/processed/train/forged/forgeries_13_17.png,0,skilled_forgery,13,13
data/processed/train/genuine/original_1_4.png,data/processed/train/genuine/original_1_8.png,1,genuine_genuine,1,1
data/processed/validation/genuine/original_40_2.png,data/processed/validation/genuine/original_40_23.png,1,genuine_genuine,40,40
data/processed/train/genuine/original_10_23.png,data/processed/train/forged/forgeries_10_19.png,0,skilled_forgery,10,10
data/processed/train/genuine/original_17_19.png,data/processed/train/genuine/original_30_6.png,0,random_forgery,17,30
data/processed/train/genuine/original_1_1.png,data/processed/train/genuine/original_1_15.png,1,genuine_genuine,1,1
data/processed/train/genuine/original_15_19.png,data/processed/train/genuine/original_16_10.png,0,random_forgery,15,16
data/processed/validation/genuine/original_44_20.png,data/processed/validation/forged/forgeries_44_1.png,0,skilled_forgery,44,44
data/processed/train/genuine/original_5_6.png,data/processed/train/genuine/original_5_7.png,1,genuine_genuine,5,5
data/processed/train/genuine/original_12_11.png,data/processed/train/forged/forgeries_12_2.png,0,skilled_forgery,12,12
data/processed/train/genuine/original_18_15.png,data/processed/validation/genuine/original_41_24.png,0,random_forgery,18,41
data/processed/train/genuine/original_11_22.png,data/processed/train/genuine/original_18_24.png,0,random_forgery,11,18
data/processed/train/genuine/original_18_20.png,data/processed/train/genuine/original_18_21.png,1,genuine_genuine,18,18
data/processed/validation/genuine/original_42_14.png,data/processed/train/genuine/original_9_21.png,0,random_forgery,42,9
data/processed/train/genuine/original_29_11.png,data/processed/train/forged/forgeries_29_22.png,0,skilled_forgery,29,29
data/processed/train/genuine/original_11_10.png,data/processed/train/forged/forgeries_11_19.png,0,skilled_forgery,11,11
data/processed/train/genuine/original_15_20.png,data/processed/train/genuine/original_15_21.png,1,genuine_genuine,15,15
data/processed/validation/genuine/original_42_6.png,data/processed/validation/genuine/original_42_9.png,1,genuine_genuine,42,42
data/processed/validation/genuine/original_40_13.png,data/processed/validation/genuine/original_40_15.png,1,genuine_genuine,40,40
data/processed/validation/genuine/original_41_6.png,data/processed/validation/forged/forgeries_41_22.png,0,skilled_forgery,41,41
data/processed/validation/genuine/original_38_20.png,data/processed/validation/genuine/original_38_24.png,1,genuine_genuine,38,38
data/processed/validation/genuine/original_38_13.png,data/processed/validation/genuine/original_38_23.png,1,genuine_genuine,38,38
data/processed/train/genuine/original_32_10.png,data/processed/train/forged/forgeries_32_4.png,0,skilled_forgery,32,32
data/processed/train/genuine/original_29_22.png,data/processed/train/forged/forgeries_29_9.png,0,skilled_forgery,29,29
data/processed/train/genuine/original_18_15.png,data/processed/train/genuine/original_18_16.png,1,genuine_genuine,18,18
data/processed/validation/genuine/original_40_9.png,data/processed/validation/genuine/original_45_14.png,0,random_forgery,40,45
data/processed/train/genuine/original_7_13.png,data/processed/train/genuine/original_7_23.png,1,genuine_genuine,7,7
data/processed/train/genuine/original_7_4.png,data/processed/train/forged/forgeries_7_5.png,0,skilled_forgery,7,7
data/processed/validation/genuine/original_37_2.png,data/processed/train/genuine/original_2_17.png,0,random_forgery,37,2
data/processed/validation/genuine/original_39_12.png,data/processed/validation/genuine/original_39_23.png,1,genuine_genuine,39,39
data/processed/validation/genuine/original_36_11.png,data/processed/validation/genuine/original_36_19.png,1,genuine_genuine,36,36
data/processed/train/genuine/original_31_19.png,data/processed/train/forged/forgeries_31_6.png,0,skilled_forgery,31,31
data/processed/train/genuine/original_13_11.png,data/processed/train/genuine/original_18_18.png,0,random_forgery,13,18
data/processed/train/genuine/original_14_22.png,data/processed/train/forged/forgeries_14_14.png,0,skilled_forgery,14,14
data/processed/train/genuine/original_18_21.png,data/processed/train/genuine/original_18_6.png,1,genuine_genuine,18,18
data/processed/train/genuine/original_8_15.png,data/processed/train/genuine/original_8_6.png,1,genuine_genuine,8,8
data/processed/train/genuine/original_29_2.png,data/processed/train/genuine/original_8_16.png,0,random_forgery,29,8
data/processed/train/genuine/original_1_5.png,data/processed/train/forged/forgeries_1_24.png,0,skilled_forgery,1,1
data/processed/train/genuine/original_4_3.png,data/processed/train/genuine/original_2_23.png,0,random_forgery,4,2
data/processed/validation/genuine/original_36_18.png,data/processed/train/genuine/original_17_14.png,0,random_forgery,36,17
data/processed/train/genuine/original_7_9.png,data/processed/train/forged/forgeries_7_23.png,0,skilled_forgery,7,7
data/processed/train/genuine/original_29_24.png,data/processed/train/forged/forgeries_29_1.png,0,skilled_forgery,29,29
data/processed/train/genuine/original_31_14.png,data/processed/validation/genuine/original_38_3.png,0,random_forgery,31,38
data/processed/validation/genuine/original_37_20.png,data/processed/train/genuine/original_29_7.png,0,random_forgery,37,29
data/processed/train/genuine/original_8_21.png,data/processed/train/forged/forgeries_8_22.png,0,skilled_forgery,8,8
data/processed/validation/genuine/original_44_14.png,data/processed/validation/genuine/original_44_23.png,1,genuine_genuine,44,44
data/processed/train/genuine/original_12_18.png,data/processed/train/genuine/original_12_5.png,1,genuine_genuine,12,12
data/processed/train/genuine/original_12_16.png,data/processed/train/forged/forgeries_12_22.png,0,skilled_forgery,12,12
data/processed/validation/genuine/original_44_8.png,data/processed/validation/forged/forgeries_44_17.png,0,skilled_forgery,44,44
data/processed/validation/genuine/original_38_13.png,data/processed/validation/genuine/original_38_24.png,1,genuine_genuine,38,38
data/processed/train/genuine/original_29_16.png,data/processed/train/genuine/original_29_9.png,1,genuine_genuine,29,29
data/processed/train/genuine/original_6_8.png,data/processed/train/genuine/original_6_9.png,1,genuine_genuine,6,6
data/processed/train/genuine/original_1_16.png,data/processed/train/genuine/original_1_2.png,1,genuine_genuine,1,1
data/processed/train/genuine/original_4_3.png,data/processed/train/genuine/original_4_7.png,1,genuine_genuine,4,4
data/processed/train/genuine/original_6_1.png,data/processed/train/genuine/original_6_3.png,1,genuine_genuine,6,6
data/processed/train/genuine/original_33_15.png,data/processed/train/forged/forgeries_33_9.png,0,skilled_forgery,33,33
data/processed/train/genuine/original_12_14.png,data/processed/train/forged/forgeries_12_21.png,0,skilled_forgery,12,12
data/processed/train/genuine/original_34_15.png,data/processed/train/genuine/original_34_18.png,1,genuine_genuine,34,34
data/processed/train/genuine/original_13_2.png,data/processed/train/genuine/original_13_22.png,1,genuine_genuine,13,13
data/processed/validation/genuine/original_36_7.png,data/processed/validation/genuine/original_36_9.png,1,genuine_genuine,36,36
data/processed/train/genuine/original_13_19.png,data/processed/train/genuine/original_13_8.png,1,genuine_genuine,13,13
data/processed/train/genuine/original_6_10.png,data/processed/validation/genuine/original_42_11.png,0,random_forgery,6,42
data/processed/train/genuine/original_10_1.png,data/processed/train/genuine/original_10_15.png,1,genuine_genuine,10,10
data/processed/train/genuine/original_32_1.png,data/processed/train/genuine/original_32_9.png,1,genuine_genuine,32,32
data/processed/train/genuine/original_28_23.png,data/processed/train/genuine/original_10_16.png,0,random_forgery,28,10
data/processed/train/genuine/original_18_5.png,data/processed/train/genuine/original_31_10.png,0,random_forgery,18,31
data/processed/train/genuine/original_4_19.png,data/processed/train/forged/forgeries_4_8.png,0,skilled_forgery,4,4
data/processed/train/genuine/original_15_1.png,data/processed/train/genuine/original_15_5.png,1,genuine_genuine,15,15
data/processed/validation/genuine/original_40_8.png,data/processed/validation/genuine/original_36_2.png,0,random_forgery,40,36
data/processed/train/genuine/original_18_22.png,data/processed/train/forged/forgeries_18_1.png,0,skilled_forgery,18,18
data/processed/train/genuine/original_32_10.png,data/processed/train/genuine/original_32_9.png,1,genuine_genuine,32,32
data/processed/train/genuine/original_4_13.png,data/processed/train/forged/forgeries_4_22.png,0,skilled_forgery,4,4
data/processed/train/genuine/original_35_14.png,data/processed/train/genuine/original_31_11.png,0,random_forgery,35,31
data/processed/train/genuine/original_28_13.png,data/processed/train/genuine/original_2_12.png,0,random_forgery,28,2
data/processed/validation/genuine/original_43_4.png,data/processed/validation/forged/forgeries_43_21.png,0,skilled_forgery,43,43
data/processed/validation/genuine/original_42_7.png,data/processed/validation/forged/forgeries_42_16.png,0,skilled_forgery,42,42
data/processed/validation/genuine/original_38_19.png,data/processed/train/genuine/original_2_9.png,0,random_forgery,38,2
data/processed/train/genuine/original_4_20.png,data/processed/train/genuine/original_1_5.png,0,random_forgery,4,1
data/processed/train/genuine/original_10_22.png,data/processed/train/genuine/original_10_24.png,1,genuine_genuine,10,10
data/processed/train/genuine/original_11_11.png,data/processed/train/forged/forgeries_11_19.png,0,skilled_forgery,11,11
data/processed/validation/genuine/original_37_10.png,data/processed/validation/genuine/original_37_5.png,1,genuine_genuine,37,37
data/processed/train/genuine/original_16_16.png,data/processed/train/genuine/original_16_20.png,1,genuine_genuine,16,16
data/processed/train/genuine/original_7_22.png,data/processed/train/genuine/original_7_4.png,1,genuine_genuine,7,7
data/processed/train/genuine/original_31_21.png,data/processed/train/genuine/original_18_18.png,0,random_forgery,31,18
data/processed/train/genuine/original_13_4.png,data/processed/train/genuine/original_13_6.png,1,genuine_genuine,13,13
data/processed/train/genuine/original_32_1.png,data/processed/train/genuine/original_32_19.png,1,genuine_genuine,32,32
data/processed/validation/genuine/original_39_2.png,data/processed/validation/forged/forgeries_39_11.png,0,skilled_forgery,39,39
data/processed/train/genuine/original_16_22.png,data/processed/train/genuine/original_16_3.png,1,genuine_genuine,16,16
data/processed/train/genuine/original_6_5.png,data/processed/train/genuine/original_6_9.png,1,genuine_genuine,6,6
data/processed/train/genuine/original_8_4.png,data/processed/train/genuine/original_8_6.png,1,genuine_genuine,8,8
data/processed/train/genuine/original_34_22.png,data/processed/train/genuine/original_34_8.png,1,genuine_genuine,34,34
data/processed/validation/genuine/original_42_14.png,data/processed/validation/genuine/original_42_24.png,1,genuine_genuine,42,42
data/processed/train/genuine/original_28_13.png,data/processed/train/genuine/original_28_6.png,1,genuine_genuine,28,28
data/processed/train/genuine/original_8_20.png,data/processed/validation/genuine/original_37_7.png,0,random_forgery,8,37
data/processed/train/genuine/original_35_1.png,data/processed/train/genuine/original_12_24.png,0,random_forgery,35,12
data/processed/train/genuine/original_32_11.png,data/processed/validation/genuine/original_37_20.png,0,random_forgery,32,37
data/processed/train/genuine/original_14_16.png,data/processed/train/genuine/original_14_4.png,1,genuine_genuine,14,14
data/processed/train/genuine/original_2_13.png,data/processed/train/genuine/original_2_17.png,1,genuine_genuine,2,2
data/processed/train/genuine/original_18_8.png,data/processed/train/genuine/original_5_12.png,0,random_forgery,18,5
data/processed/train/genuine/original_12_12.png,data/processed/validation/genuine/original_37_4.png,0,random_forgery,12,37
data/processed/validation/genuine/original_36_10.png,data/processed/validation/genuine/original_36_8.png,1,genuine_genuine,36,36
data/processed/validation/genuine/original_39_6.png,data/processed/train/genuine/original_16_22.png,0,random_forgery,39,16
data/processed/train/genuine/original_9_22.png,data/processed/train/forged/forgeries_9_3.png,0,skilled_forgery,9,9
data/processed/train/genuine/original_32_21.png,data/processed/train/genuine/original_17_3.png,0,random_forgery,32,17
data/processed/train/genuine/original_35_11.png,data/processed/train/forged/forgeries_35_4.png,0,skilled_forgery,35,35
data/processed/train/genuine/original_17_10.png,data/processed/train/genuine/original_17_20.png,1,genuine_genuine,17,17
data/processed/train/genuine/original_17_1.png,data/processed/train/genuine/original_8_23.png,0,random_forgery,17,8
data/processed/train/genuine/original_7_23.png,data/processed/train/genuine/original_7_8.png,1,genuine_genuine,7,7
data/processed/train/genuine/original_7_4.png,data/processed/train/genuine/original_9_4.png,0,random_forgery,7,9
data/processed/train/genuine/original_4_2.png,data/processed/train/genuine/original_6_1.png,0,random_forgery,4,6
data/processed/train/genuine/original_16_1.png,data/processed/train/genuine/original_16_10.png,1,genuine_genuine,16,16
data/processed/train/genuine/original_6_12.png,data/processed/train/genuine/original_6_22.png,1,genuine_genuine,6,6
data/processed/train/genuine/original_28_21.png,data/processed/train/genuine/original_28_23.png,1,genuine_genuine,28,28
data/processed/train/genuine/original_2_23.png,data/processed/train/genuine/original_2_3.png,1,genuine_genuine,2,2
data/processed/train/genuine/original_15_15.png,data/processed/train/genuine/original_15_22.png,1,genuine_genuine,15,15
data/processed/train/genuine/original_30_19.png,data/processed/train/genuine/original_30_8.png,1,genuine_genuine,30,30
data/processed/train/genuine/original_3_19.png,data/processed/train/genuine/original_9_3.png,0,random_forgery,3,9
data/processed/validation/genuine/original_37_7.png,data/processed/validation/forged/forgeries_37_16.png,0,skilled_forgery,37,37
data/processed/train/genuine/original_12_1.png,data/processed/train/genuine/original_12_13.png,1,genuine_genuine,12,12
data/processed/validation/genuine/original_40_22.png,data/processed/validation/genuine/original_40_3.png,1,genuine_genuine,40,40
data/processed/train/genuine/original_30_12.png,data/processed/train/genuine/original_30_15.png,1,genuine_genuine,30,30
data/processed/train/genuine/original_7_14.png,data/processed/train/forged/forgeries_7_24.png,0,skilled_forgery,7,7
data/processed/train/genuine/original_30_17.png,data/processed/train/genuine/original_30_23.png,1,genuine_genuine,30,30
data/processed/train/genuine/original_16_11.png,data/processed/train/genuine/original_16_6.png,1,genuine_genuine,16,16
data/processed/train/genuine/original_12_1.png,data/processed/train/forged/forgeries_12_2.png,0,skilled_forgery,12,12
data/processed/train/genuine/original_13_9.png,data/processed/train/genuine/original_33_5.png,0,random_forgery,13,33
data/processed/train/genuine/original_1_23.png,data/processed/train/forged/forgeries_1_4.png,0,skilled_forgery,1,1
data/processed/train/genuine/original_29_1.png,data/processed/train/forged/forgeries_29_11.png,0,skilled_forgery,29,29
data/processed/validation/genuine/original_39_10.png,data/processed/validation/genuine/original_39_16.png,1,genuine_genuine,39,39
data/processed/train/genuine/original_14_16.png,data/processed/train/genuine/original_14_20.png,1,genuine_genuine,14,14
data/processed/train/genuine/original_30_15.png,data/processed/train/forged/forgeries_30_6.png,0,skilled_forgery,30,30
data/processed/train/genuine/original_13_12.png,data/processed/train/genuine/original_13_19.png,1,genuine_genuine,13,13
data/processed/train/genuine/original_16_14.png,data/processed/train/forged/forgeries_16_24.png,0,skilled_forgery,16,16
data/processed/train/genuine/original_11_6.png,data/processed/train/genuine/original_1_5.png,0,random_forgery,11,1
data/processed/train/genuine/original_1_19.png,data/processed/train/forged/forgeries_1_22.png,0,skilled_forgery,1,1
data/processed/train/genuine/original_1_15.png,data/processed/train/forged/forgeries_1_13.png,0,skilled_forgery,1,1
data/processed/train/genuine/original_18_18.png,data/processed/train/genuine/original_18_24.png,1,genuine_genuine,18,18
data/processed/train/genuine/original_16_15.png,data/processed/train/genuine/original_16_16.png,1,genuine_genuine,16,16
data/processed/train/genuine/original_5_21.png,data/processed/train/genuine/original_5_8.png,1,genuine_genuine,5,5
data/processed/validation/genuine/original_38_12.png,data/processed/validation/genuine/original_38_4.png,1,genuine_genuine,38,38
data/processed/train/genuine/original_29_12.png,data/processed/train/genuine/original_29_23.png,1,genuine_genuine,29,29
data/processed/train/genuine/original_18_5.png,data/processed/train/genuine/original_18_7.png,1,genuine_genuine,18,18
data/processed/validation/genuine/original_41_1.png,data/processed/validation/genuine/original_41_3.png,1,genuine_genuine,41,41
data/processed/train/genuine/original_17_5.png,data/processed/train/forged/forgeries_17_9.png,0,skilled_forgery,17,17
data/processed/train/genuine/original_8_19.png,data/processed/train/genuine/original_8_9.png,1,genuine_genuine,8,8
data/processed/train/genuine/original_34_19.png,data/processed/train/genuine/original_34_5.png,1,genuine_genuine,34,34
data/processed/validation/genuine/original_40_17.png,data/processed/validation/genuine/original_40_2.png,1,genuine_genuine,40,40
data/processed/validation/genuine/original_43_3.png,data/processed/validation/genuine/original_43_9.png,1,genuine_genuine,43,43
data/processed/validation/genuine/original_45_12.png,data/processed/validation/forged/forgeries_45_11.png,0,skilled_forgery,45,45
data/processed/train/genuine/original_4_13.png,data/processed/train/genuine/original_4_23.png,1,genuine_genuine,4,4
data/processed/train/genuine/original_12_21.png,data/processed/train/genuine/original_12_3.png,1,genuine_genuine,12,12
data/processed/train/genuine/original_8_22.png,data/processed/train/genuine/original_8_5.png,1,genuine_genuine,8,8
data/processed/train/genuine/original_4_19.png,data/processed/train/genuine/original_4_22.png,1,genuine_genuine,4,4
data/processed/validation/genuine/original_41_3.png,data/processed/validation/forged/forgeries_41_7.png,0,skilled_forgery,41,41
data/processed/train/genuine/original_35_10.png,data/processed/train/genuine/original_35_17.png,1,genuine_genuine,35,35
data/processed/train/genuine/original_5_18.png,data/processed/train/forged/forgeries_5_12.png,0,skilled_forgery,5,5
data/processed/validation/genuine/original_43_11.png,data/processed/train/genuine/original_18_3.png,0,random_forgery,43,18
data/processed/train/genuine/original_16_9.png,data/processed/validation/genuine/original_42_24.png,0,random_forgery,16,42
data/processed/train/genuine/original_6_14.png,data/processed/train/genuine/original_10_21.png,0,random_forgery,6,10
data/processed/train/genuine/original_9_16.png,data/processed/train/forged/forgeries_9_20.png,0,skilled_forgery,9,9
data/processed/train/genuine/original_8_4.png,data/processed/train/genuine/original_15_4.png,0,random_forgery,8,15
data/processed/train/genuine/original_18_10.png,data/processed/train/forged/forgeries_18_18.png,0,skilled_forgery,18,18
data/processed/validation/genuine/original_44_14.png,data/processed/validation/forged/forgeries_44_12.png,0,skilled_forgery,44,44
data/processed/train/genuine/original_8_14.png,data/processed/train/genuine/original_8_21.png,1,genuine_genuine,8,8
data/processed/train/genuine/original_12_10.png,data/processed/train/genuine/original_33_4.png,0,random_forgery,12,33
data/processed/train/genuine/original_3_10.png,data/processed/train/forged/forgeries_3_13.png,0,skilled_forgery,3,3
data/processed/train/genuine/original_29_15.png,data/processed/train/genuine/original_29_24.png,1,genuine_genuine,29,29
data/processed/train/genuine/original_35_14.png,data/processed/train/genuine/original_35_16.png,1,genuine_genuine,35,35
data/processed/train/genuine/original_15_14.png,data/processed/train/genuine/original_15_8.png,1,genuine_genuine,15,15
data/processed/train/genuine/original_5_6.png,data/processed/train/genuine/original_17_6.png,0,random_forgery,5,17
data/processed/train/genuine/original_33_10.png,data/processed/train/genuine/original_33_2.png,1,genuine_genuine,33,33
data/processed/train/genuine/original_28_19.png,data/processed/train/forged/forgeries_28_16.png,0,skilled_forgery,28,28
data/processed/train/genuine/original_18_15.png,data/processed/train/genuine/original_7_20.png,0,random_forgery,18,7
data/processed/train/genuine/original_13_11.png,data/processed/train/genuine/original_29_7.png,0,random_forgery,13,29
data/processed/validation/genuine/original_37_10.png,data/processed/validation/genuine/original_37_6.png,1,genuine_genuine,37,37
data/processed/train/genuine/original_30_11.png,data/processed/train/genuine/original_30_13.png,1,genuine_genuine,30,30
data/processed/validation/genuine/original_41_7.png,data/processed/validation/forged/forgeries_41_17.png,0,skilled_forgery,41,41
data/processed/validation/genuine/original_39_3.png,data/processed/validation/genuine/original_40_16.png,0,random_forgery,39,40
data/processed/train/genuine/original_17_19.png,data/processed/train/genuine/original_17_24.png,1,genuine_genuine,17,17
data/processed/train/genuine/original_29_18.png,data/processed/train/genuine/original_29_8.png,1,genuine_genuine,29,29
data/processed/train/genuine/original_28_13.png,data/processed/train/forged/forgeries_28_10.png,0,skilled_forgery,28,28
data/processed/train/genuine/original_18_22.png,data/processed/train/genuine/original_18_23.png,1,genuine_genuine,18,18
data/processed/train/genuine/original_3_12.png,data/processed/train/genuine/original_3_14.png,1,genuine_genuine,3,3
data/processed/train/genuine/original_28_22.png,data/processed/train/genuine/original_17_5.png,0,random_forgery,28,17
data/processed/train/genuine/original_33_22.png,data/processed/validation/genuine/original_40_5.png,0,random_forgery,33,40
data/processed/train/genuine/original_28_17.png,data/processed/train/genuine/original_28_7.png,1,genuine_genuine,28,28
data/processed/train/genuine/original_9_16.png,data/processed/train/forged/forgeries_9_18.png,0,skilled_forgery,9,9
data/processed/train/genuine/original_15_21.png,data/processed/train/genuine/original_15_5.png,1,genuine_genuine,15,15
data/processed/train/genuine/original_34_19.png,data/processed/train/genuine/original_34_21.png,1,genuine_genuine,34,34
data/processed/train/genuine/original_33_4.png,data/processed/train/forged/forgeries_33_21.png,0,skilled_forgery,33,33
data/processed/train/genuine/original_17_10.png,data/processed/train/genuine/original_17_9.png,1,genuine_genuine,17,17
data/processed/validation/genuine/original_36_1.png,data/processed/validation/genuine/original_36_8.png,1,genuine_genuine,36,36
data/processed/train/genuine/original_13_10.png,data/processed/train/genuine/original_13_14.png,1,genuine_genuine,13,13
data/processed/train/genuine/original_5_5.png,data/processed/train/forged/forgeries_5_12.png,0,skilled_forgery,5,5
data/processed/validation/genuine/original_43_15.png,data/processed/validation/genuine/original_43_8.png,1,genuine_genuine,43,43
data/processed/train/genuine/original_6_1.png,data/processed/train/genuine/original_6_2.png,1,genuine_genuine,6,6
data/processed/validation/genuine/original_44_12.png,data/processed/validation/genuine/original_44_2.png,1,genuine_genuine,44,44
data/processed/train/genuine/original_15_24.png,data/processed/train/forged/forgeries_15_10.png,0,skilled_forgery,15,15
data/processed/validation/genuine/original_42_10.png,data/processed/validation/genuine/original_42_6.png,1,genuine_genuine,42,42
data/processed/train/genuine/original_31_3.png,data/processed/train/genuine/original_31_4.png,1,genuine_genuine,31,31
data/processed/train/genuine/original_35_2.png,data/processed/train/genuine/original_35_8.png,1,genuine_genuine,35,35
data/processed/train/genuine/original_1_10.png,data/processed/train/genuine/original_4_15.png,0,random_forgery,1,4
data/processed/train/genuine/original_18_18.png,data/processed/train/forged/forgeries_18_2.png,0,skilled_forgery,18,18
data/processed/train/genuine/original_7_4.png,data/processed/train/forged/forgeries_7_10.png,0,skilled_forgery,7,7
data/processed/validation/genuine/original_40_12.png,data/processed/validation/genuine/original_40_20.png,1,genuine_genuine,40,40
data/processed/train/genuine/original_2_20.png,data/processed/train/forged/forgeries_2_3.png,0,skilled_forgery,2,2
data/processed/train/genuine/original_1_11.png,data/processed/train/genuine/original_1_20.png,1,genuine_genuine,1,1
data/processed/train/genuine/original_14_21.png,data/processed/train/forged/forgeries_14_18.png,0,skilled_forgery,14,14
data/processed/validation/genuine/original_37_1.png,data/processed/validation/genuine/original_45_23.png,0,random_forgery,37,45
data/processed/train/genuine/original_35_8.png,data/processed/train/forged/forgeries_35_1.png,0,skilled_forgery,35,35
data/processed/train/genuine/original_6_23.png,data/processed/train/forged/forgeries_6_8.png,0,skilled_forgery,6,6
data/processed/train/genuine/original_2_10.png,data/processed/train/genuine/original_12_24.png,0,random_forgery,2,12
data/processed/train/genuine/original_15_12.png,data/processed/train/genuine/original_15_20.png,1,genuine_genuine,15,15
data/processed/validation/genuine/original_38_1.png,data/processed/validation/genuine/original_38_5.png,1,genuine_genuine,38,38
data/processed/validation/genuine/original_44_1.png,data/processed/validation/forged/forgeries_44_19.png,0,skilled_forgery,44,44
data/processed/train/genuine/original_3_18.png,data/processed/train/genuine/original_30_1.png,0,random_forgery,3,30
data/processed/validation/genuine/original_37_20.png,data/processed/train/genuine/original_6_16.png,0,random_forgery,37,6
data/processed/train/genuine/original_29_9.png,data/processed/train/genuine/original_10_11.png,0,random_forgery,29,10
data/processed/train/genuine/original_5_12.png,data/processed/train/genuine/original_5_20.png,1,genuine_genuine,5,5
data/processed/train/genuine/original_17_11.png,data/processed/train/genuine/original_17_8.png,1,genuine_genuine,17,17
data/processed/train/genuine/original_17_20.png,data/processed/train/genuine/original_17_21.png,1,genuine_genuine,17,17
data/processed/validation/genuine/original_39_12.png,data/processed/validation/genuine/original_39_24.png,1,genuine_genuine,39,39
data/processed/train/genuine/original_9_21.png,data/processed/train/genuine/original_9_4.png,1,genuine_genuine,9,9
data/processed/validation/genuine/original_41_15.png,data/processed/validation/forged/forgeries_41_22.png,0,skilled_forgery,41,41
data/processed/train/genuine/original_32_18.png,data/processed/train/genuine/original_32_21.png,1,genuine_genuine,32,32
data/processed/train/genuine/original_34_6.png,data/processed/train/forged/forgeries_34_19.png,0,skilled_forgery,34,34
data/processed/train/genuine/original_2_14.png,data/processed/validation/genuine/original_40_15.png,0,random_forgery,2,40
data/processed/validation/genuine/original_45_1.png,data/processed/validation/genuine/original_45_21.png,1,genuine_genuine,45,45
data/processed/train/genuine/original_8_16.png,data/processed/train/genuine/original_8_5.png,1,genuine_genuine,8,8
data/processed/train/genuine/original_35_5.png,data/processed/train/forged/forgeries_35_1.png,0,skilled_forgery,35,35
data/processed/train/genuine/original_34_10.png,data/processed/train/forged/forgeries_34_12.png,0,skilled_forgery,34,34
data/processed/train/genuine/original_32_20.png,data/processed/train/genuine/original_32_7.png,1,genuine_genuine,32,32
data/processed/train/genuine/original_2_18.png,data/processed/train/genuine/original_2_6.png,1,genuine_genuine,2,2
data/processed/train/genuine/original_34_12.png,data/processed/train/genuine/original_34_14.png,1,genuine_genuine,34,34
data/processed/validation/genuine/original_36_20.png,data/processed/validation/genuine/original_36_6.png,1,genuine_genuine,36,36
data/processed/validation/genuine/original_39_21.png,data/processed/validation/genuine/original_37_4.png,0,random_forgery,39,37
data/processed/train/genuine/original_32_3.png,data/processed/train/genuine/original_32_7.png,1,genuine_genuine,32,32
data/processed/train/genuine/original_16_16.png,data/processed/train/genuine/original_16_24.png,1,genuine_genuine,16,16
data/processed/train/genuine/original_18_13.png,data/processed/train/genuine/original_18_22.png,1,genuine_genuine,18,18
data/processed/validation/genuine/original_45_14.png,data/processed/validation/genuine/original_45_15.png,1,genuine_genuine,45,45
data/processed/train/genuine/original_32_15.png,data/processed/train/genuine/original_32_2.png,1,genuine_genuine,32,32
data/processed/validation/genuine/original_43_14.png,data/processed/validation/genuine/original_43_5.png,1,genuine_genuine,43,43
data/processed/train/genuine/original_16_2.png,data/processed/train/genuine/original_16_7.png,1,genuine_genuine,16,16
data/processed/validation/genuine/original_38_10.png,data/processed/validation/genuine/original_38_9.png,1,genuine_genuine,38,38
data/processed/train/genuine/original_8_11.png,data/processed/train/forged/forgeries_8_3.png,0,skilled_forgery,8,8
data/processed/validation/genuine/original_43_21.png,data/processed/train/genuine/original_33_10.png,0,random_forgery,43,33
data/processed/train/genuine/original_32_2.png,data/processed/train/genuine/original_32_24.png,1,genuine_genuine,32,32
data/processed/train/genuine/original_32_16.png,data/processed/train/genuine/original_3_15.png,0,random_forgery,32,3
data/processed/train/genuine/original_35_15.png,data/processed/validation/genuine/original_43_13.png,0,random_forgery,35,43
data/processed/train/genuine/original_31_22.png,data/processed/train/genuine/original_31_3.png,1,genuine_genuine,31,31
data/processed/train/genuine/original_14_11.png,data/processed/train/genuine/original_14_6.png,1,genuine_genuine,14,14
data/processed/validation/genuine/original_40_2.png,data/processed/train/genuine/original_16_23.png,0,random_forgery,40,16
data/processed/train/genuine/original_8_24.png,data/processed/train/genuine/original_1_6.png,0,random_forgery,8,1
data/processed/train/genuine/original_29_16.png,data/processed/train/genuine/original_29_22.png,1,genuine_genuine,29,29
data/processed/train/genuine/original_18_5.png,data/processed/validation/genuine/original_40_1.png,0,random_forgery,18,40
data/processed/train/genuine/original_31_19.png,data/processed/validation/genuine/original_45_14.png,0,random_forgery,31,45
data/processed/validation/genuine/original_45_10.png,data/processed/validation/genuine/original_45_2.png,1,genuine_genuine,45,45
data/processed/train/genuine/original_14_18.png,data/processed/train/forged/forgeries_14_9.png,0,skilled_forgery,14,14
data/processed/validation/genuine/original_45_20.png,data/processed/validation/forged/forgeries_45_7.png,0,skilled_forgery,45,45
data/processed/validation/genuine/original_38_14.png,data/processed/validation/forged/forgeries_38_1.png,0,skilled_forgery,38,38
data/processed/train/genuine/original_5_10.png,data/processed/train/genuine/original_5_19.png,1,genuine_genuine,5,5
data/processed/train/genuine/original_34_20.png,data/processed/train/genuine/original_34_7.png,1,genuine_genuine,34,34
data/processed/train/genuine/original_31_14.png,data/processed/train/genuine/original_31_24.png,1,genuine_genuine,31,31
data/processed/train/genuine/original_14_1.png,data/processed/train/genuine/original_14_15.png,1,genuine_genuine,14,14
data/processed/validation/genuine/original_37_1.png,data/processed/validation/genuine/original_37_7.png,1,genuine_genuine,37,37
data/processed/train/genuine/original_17_6.png,data/processed/train/genuine/original_12_8.png,0,random_forgery,17,12
data/processed/train/genuine/original_34_18.png,data/processed/train/forged/forgeries_34_10.png,0,skilled_forgery,34,34
data/processed/validation/genuine/original_45_2.png,data/processed/validation/forged/forgeries_45_10.png,0,skilled_forgery,45,45
data/processed/train/genuine/original_3_1.png,data/processed/train/forged/forgeries_3_16.png,0,skilled_forgery,3,3
data/processed/train/genuine/original_4_11.png,data/processed/train/forged/forgeries_4_8.png,0,skilled_forgery,4,4
data/processed/train/genuine/original_18_19.png,data/processed/train/genuine/original_18_24.png,1,genuine_genuine,18,18
data/processed/validation/genuine/original_43_13.png,data/processed/validation/genuine/original_43_2.png,1,genuine_genuine,43,43
data/processed/train/genuine/original_8_18.png,data/processed/train/forged/forgeries_8_3.png,0,skilled_forgery,8,8
data/processed/validation/genuine/original_41_9.png,data/processed/validation/genuine/original_40_23.png,0,random_forgery,41,40
data/processed/train/genuine/original_2_2.png,data/processed/train/forged/forgeries_2_1.png,0,skilled_forgery,2,2
data/processed/train/genuine/original_12_18.png,data/processed/train/forged/forgeries_12_24.png,0,skilled_forgery,12,12
data/processed/train/genuine/original_8_20.png,data/processed/train/genuine/original_8_22.png,1,genuine_genuine,8,8
data/processed/train/genuine/original_6_17.png,data/processed/train/forged/forgeries_6_1.png,0,skilled_forgery,6,6
data/processed/train/genuine/original_17_6.png,data/processed/validation/genuine/original_45_13.png,0,random_forgery,17,45
data/processed/train/genuine/original_33_13.png,data/processed/train/genuine/original_33_19.png,1,genuine_genuine,33,33
data/processed/train/genuine/original_13_2.png,data/processed/train/forged/forgeries_13_10.png,0,skilled_forgery,13,13
data/processed/train/genuine/original_3_24.png,data/processed/train/genuine/original_11_20.png,0,random_forgery,3,11
data/processed/train/genuine/original_29_20.png,data/processed/train/genuine/original_29_5.png,1,genuine_genuine,29,29
data/processed/validation/genuine/original_38_11.png,data/processed/validation/genuine/original_38_7.png,1,genuine_genuine,38,38
data/processed/train/genuine/original_3_19.png,data/processed/train/genuine/original_3_20.png,1,genuine_genuine,3,3
data/processed/validation/genuine/original_44_22.png,data/processed/validation/forged/forgeries_44_7.png,0,skilled_forgery,44,44
data/processed/train/genuine/original_30_18.png,data/processed/train/genuine/original_15_13.png,0,random_forgery,30,15
data/processed/validation/genuine/original_40_18.png,data/processed/validation/forged/forgeries_40_4.png,0,skilled_forgery,40,40
data/processed/train/genuine/original_3_15.png,data/processed/train/genuine/original_3_17.png,1,genuine_genuine,3,3
data/processed/train/genuine/original_3_1.png,data/processed/train/genuine/original_3_12.png,1,genuine_genuine,3,3
data/processed/train/genuine/original_2_10.png,data/processed/train/genuine/original_2_24.png,1,genuine_genuine,2,2
data/processed/train/genuine/original_35_15.png,data/processed/train/genuine/original_35_21.png,1,genuine_genuine,35,35
data/processed/train/genuine/original_16_15.png,data/processed/train/genuine/original_16_8.png,1,genuine_genuine,16,16
data/processed/train/genuine/original_28_11.png,data/processed/train/genuine/original_18_5.png,0,random_forgery,28,18
data/processed/train/genuine/original_32_22.png,data/processed/train/genuine/original_32_3.png,1,genuine_genuine,32,32
data/processed/train/genuine/original_30_3.png,data/processed/train/genuine/original_30_7.png,1,genuine_genuine,30,30
data/processed/train/genuine/original_32_19.png,data/processed/train/forged/forgeries_32_22.png,0,skilled_forgery,32,32
data/processed/train/genuine/original_5_14.png,data/processed/train/genuine/original_5_17.png,1,genuine_genuine,5,5
data/processed/validation/genuine/original_45_9.png,data/processed/validation/forged/forgeries_45_21.png,0,skilled_forgery,45,45
data/processed/validation/genuine/original_43_11.png,data/processed/validation/genuine/original_43_4.png,1,genuine_genuine,43,43
data/processed/train/genuine/original_32_24.png,data/processed/train/forged/forgeries_32_9.png,0,skilled_forgery,32,32
data/processed/train/genuine/original_28_6.png,data/processed/train/genuine/original_12_18.png,0,random_forgery,28,12
data/processed/train/genuine/original_3_16.png,data/processed/train/genuine/original_3_19.png,1,genuine_genuine,3,3
data/processed/train/genuine/original_8_20.png,data/processed/train/forged/forgeries_8_17.png,0,skilled_forgery,8,8
data/processed/train/genuine/original_16_24.png,data/processed/train/forged/forgeries_16_22.png,0,skilled_forgery,16,16
data/processed/validation/genuine/original_37_5.png,data/processed/validation/forged/forgeries_37_16.png,0,skilled_forgery,37,37
data/processed/train/genuine/original_17_3.png,data/processed/train/genuine/original_16_7.png,0,random_forgery,17,16
data/processed/train/genuine/original_32_3.png,data/processed/train/forged/forgeries_32_2.png,0,skilled_forgery,32,32
data/processed/train/genuine/original_34_23.png,data/processed/train/genuine/original_34_24.png,1,genuine_genuine,34,34
data/processed/validation/genuine/original_42_15.png,data/processed/validation/genuine/original_42_17.png,1,genuine_genuine,42,42
data/processed/train/genuine/original_12_12.png,data/processed/train/genuine/original_12_20.png,1,genuine_genuine,12,12
data/processed/train/genuine/original_11_16.png,data/processed/train/forged/forgeries_11_1.png,0,skilled_forgery,11,11
data/processed/train/genuine/original_1_16.png,data/processed/train/genuine/original_1_21.png,1,genuine_genuine,1,1
data/processed/train/genuine/original_16_19.png,data/processed/train/genuine/original_16_21.png,1,genuine_genuine,16,16
data/processed/validation/genuine/original_39_4.png,data/processed/validation/genuine/original_36_11.png,0,random_forgery,39,36
data/processed/validation/genuine/original_43_8.png,data/processed/validation/forged/forgeries_43_1.png,0,skilled_forgery,43,43
data/processed/train/genuine/original_35_23.png,data/processed/train/forged/forgeries_35_11.png,0,skilled_forgery,35,35
data/processed/train/genuine/original_10_10.png,data/processed/train/forged/forgeries_10_14.png,0,skilled_forgery,10,10
data/processed/train/genuine/original_29_14.png,data/processed/train/genuine/original_29_17.png,1,genuine_genuine,29,29
data/processed/train/genuine/original_29_13.png,data/processed/train/forged/forgeries_29_9.png,0,skilled_forgery,29,29
data/processed/train/genuine/original_14_9.png,data/processed/train/forged/forgeries_14_5.png,0,skilled_forgery,14,14
data/processed/validation/genuine/original_45_15.png,data/processed/validation/genuine/original_45_6.png,1,genuine_genuine,45,45
data/processed/validation/genuine/original_40_2.png,data/processed/validation/genuine/original_40_9.png,1,genuine_genuine,40,40
data/processed/train/genuine/original_33_17.png,data/processed/train/genuine/original_33_4.png,1,genuine_genuine,33,33
data/processed/validation/genuine/original_42_4.png,data/processed/validation/forged/forgeries_42_1.png,0,skilled_forgery,42,42
data/processed/validation/genuine/original_41_19.png,data/processed/validation/genuine/original_39_17.png,0,random_forgery,41,39
data/processed/validation/genuine/original_40_13.png,data/processed/validation/forged/forgeries_40_11.png,0,skilled_forgery,40,40
data/processed/validation/genuine/original_38_13.png,data/processed/validation/genuine/original_38_7.png,1,genuine_genuine,38,38
data/processed/train/genuine/original_13_21.png,data/processed/train/genuine/original_13_8.png,1,genuine_genuine,13,13
data/processed/train/genuine/original_16_11.png,data/processed/train/genuine/original_16_21.png,1,genuine_genuine,16,16
data/processed/train/genuine/original_15_16.png,data/processed/train/genuine/original_15_7.png,1,genuine_genuine,15,15
data/processed/validation/genuine/original_38_1.png,data/processed/validation/genuine/original_38_19.png,1,genuine_genuine,38,38
data/processed/train/genuine/original_10_1.png,data/processed/train/genuine/original_10_7.png,1,genuine_genuine,10,10
data/processed/train/genuine/original_33_17.png,data/processed/train/genuine/original_33_20.png,1,genuine_genuine,33,33
data/processed/train/genuine/original_33_22.png,data/processed/train/genuine/original_33_9.png,1,genuine_genuine,33,33
data/processed/train/genuine/original_35_12.png,data/processed/train/genuine/original_35_7.png,1,genuine_genuine,35,35
data/processed/validation/genuine/original_43_17.png,data/processed/validation/genuine/original_43_24.png,1,genuine_genuine,43,43
data/processed/train/genuine/original_16_15.png,data/processed/train/genuine/original_16_7.png,1,genuine_genuine,16,16
data/processed/validation/genuine/original_36_15.png,data/processed/validation/genuine/original_36_19.png,1,genuine_genuine,36,36
data/processed/train/genuine/original_8_21.png,data/processed/train/genuine/original_2_1.png,0,random_forgery,8,2
data/processed/validation/genuine/original_44_22.png,data/processed/validation/genuine/original_40_5.png,0,random_forgery,44,40
data/processed/train/genuine/original_7_12.png,data/processed/train/genuine/original_7_18.png,1,genuine_genuine,7,7
data/processed/train/genuine/original_16_23.png,data/processed/train/genuine/original_16_5.png,1,genuine_genuine,16,16
data/processed/validation/genuine/original_39_15.png,data/processed/validation/forged/forgeries_39_6.png,0,skilled_forgery,39,39
data/processed/train/genuine/original_31_19.png,data/processed/train/genuine/original_31_23.png,1,genuine_genuine,31,31
data/processed/train/genuine/original_9_2.png,data/processed/train/genuine/original_9_7.png,1,genuine_genuine,9,9
data/processed/train/genuine/original_2_3.png,data/processed/train/forged/forgeries_2_14.png,0,skilled_forgery,2,2
data/processed/train/genuine/original_32_2.png,data/processed/train/genuine/original_32_5.png,1,genuine_genuine,32,32
data/processed/train/genuine/original_12_5.png,data/processed/train/genuine/original_4_9.png,0,random_forgery,12,4
data/processed/train/genuine/original_1_6.png,data/processed/train/forged/forgeries_1_14.png,0,skilled_forgery,1,1
data/processed/train/genuine/original_15_14.png,data/processed/train/genuine/original_34_15.png,0,random_forgery,15,34
data/processed/validation/genuine/original_44_2.png,data/processed/validation/genuine/original_44_22.png,1,genuine_genuine,44,44
data/processed/train/genuine/original_8_17.png,data/processed/validation/genuine/original_39_22.png,0,random_forgery,8,39
data/processed/train/genuine/original_5_2.png,data/processed/train/genuine/original_5_22.png,1,genuine_genuine,5,5
data/processed/train/genuine/original_16_13.png,data/processed/train/genuine/original_16_2.png,1,genuine_genuine,16,16
data/processed/validation/genuine/original_38_8.png,data/processed/train/genuine/original_28_23.png,0,random_forgery,38,28
data/processed/train/genuine/original_5_22.png,data/processed/train/genuine/original_5_6.png,1,genuine_genuine,5,5
data/processed/train/genuine/original_7_4.png,data/processed/train/genuine/original_6_22.png,0,random_forgery,7,6
data/processed/train/genuine/original_30_23.png,data/processed/train/forged/forgeries_30_16.png,0,skilled_forgery,30,30
data/processed/train/genuine/original_12_13.png,data/processed/train/genuine/original_12_4.png,1,genuine_genuine,12,12
data/processed/train/genuine/original_10_20.png,data/processed/train/forged/forgeries_10_13.png,0,skilled_forgery,10,10
data/processed/train/genuine/original_18_4.png,data/processed/train/genuine/original_18_9.png,1,genuine_genuine,18,18
data/processed/train/genuine/original_28_17.png,data/processed/train/genuine/original_28_20.png,1,genuine_genuine,28,28
data/processed/train/genuine/original_33_10.png,data/processed/train/genuine/original_33_16.png,1,genuine_genuine,33,33
data/processed/train/genuine/original_15_19.png,data/processed/train/genuine/original_15_7.png,1,genuine_genuine,15,15
data/processed/train/genuine/original_3_4.png,data/processed/train/genuine/original_30_16.png,0,random_forgery,3,30
data/processed/train/genuine/original_15_14.png,data/processed/train/forged/forgeries_15_23.png,0,skilled_forgery,15,15
data/processed/train/genuine/original_6_4.png,data/processed/train/genuine/original_2_6.png,0,random_forgery,6,2
data/processed/train/genuine/original_35_1.png,data/processed/train/genuine/original_35_16.png,1,genuine_genuine,35,35
data/processed/validation/genuine/original_38_15.png,data/processed/validation/genuine/original_38_17.png,1,genuine_genuine,38,38
data/processed/validation/genuine/original_38_23.png,data/processed/train/genuine/original_8_12.png,0,random_forgery,38,8
data/processed/train/genuine/original_6_18.png,data/processed/train/forged/forgeries_6_5.png,0,skilled_forgery,6,6
data/processed/validation/genuine/original_39_20.png,data/processed/validation/genuine/original_39_3.png,1,genuine_genuine,39,39
data/processed/train/genuine/original_9_14.png,data/processed/train/genuine/original_9_9.png,1,genuine_genuine,9,9
data/processed/train/genuine/original_6_10.png,data/processed/train/forged/forgeries_6_8.png,0,skilled_forgery,6,6
data/processed/train/genuine/original_14_20.png,data/processed/train/genuine/original_14_23.png,1,genuine_genuine,14,14
data/processed/validation/genuine/original_41_11.png,data/processed/validation/genuine/original_41_21.png,1,genuine_genuine,41,41
data/processed/train/genuine/original_9_7.png,data/processed/train/forged/forgeries_9_16.png,0,skilled_forgery,9,9
data/processed/train/genuine/original_1_10.png,data/processed/train/genuine/original_1_6.png,1,genuine_genuine,1,1
data/processed/train/genuine/original_31_20.png,data/processed/train/forged/forgeries_31_23.png,0,skilled_forgery,31,31
data/processed/train/genuine/original_33_19.png,data/processed/train/forged/forgeries_33_21.png,0,skilled_forgery,33,33
data/processed/validation/genuine/original_38_12.png,data/processed/validation/genuine/original_38_13.png,1,genuine_genuine,38,38
data/processed/train/genuine/original_3_12.png,data/processed/validation/genuine/original_44_5.png,0,random_forgery,3,44
data/processed/train/genuine/original_9_15.png,data/processed/train/forged/forgeries_9_6.png,0,skilled_forgery,9,9
data/processed/validation/genuine/original_41_19.png,data/processed/validation/genuine/original_41_6.png,1,genuine_genuine,41,41
data/processed/train/genuine/original_35_16.png,data/processed/train/genuine/original_35_6.png,1,genuine_genuine,35,35
data/processed/train/genuine/original_2_21.png,data/processed/train/genuine/original_2_8.png,1,genuine_genuine,2,2
data/processed/train/genuine/original_10_19.png,data/processed/train/genuine/original_29_1.png,0,random_forgery,10,29
data/processed/train/genuine/original_11_1.png,data/processed/train/forged/forgeries_11_22.png,0,skilled_forgery,11,11
data/processed/train/genuine/original_1_22.png,data/processed/train/genuine/original_2_4.png,0,random_forgery,1,2
data/processed/train/genuine/original_30_10.png,data/processed/train/genuine/original_30_7.png,1,genuine_genuine,30,30
data/processed/train/genuine/original_33_9.png,data/processed/train/forged/forgeries_33_10.png,0,skilled_forgery,33,33
data/processed/train/genuine/original_11_15.png,data/processed/train/genuine/original_11_23.png,1,genuine_genuine,11,11
data/processed/validation/genuine/original_39_22.png,data/processed/validation/forged/forgeries_39_1.png,0,skilled_forgery,39,39
data/processed/train/genuine/original_29_20.png,data/processed/train/genuine/original_29_24.png,1,genuine_genuine,29,29
data/processed/validation/genuine/original_39_4.png,data/processed/validation/genuine/original_39_5.png,1,genuine_genuine,39,39
data/processed/validation/genuine/original_42_19.png,data/processed/validation/forged/forgeries_42_1.png,0,skilled_forgery,42,42
data/processed/train/genuine/original_10_20.png,data/processed/train/genuine/original_10_24.png,1,genuine_genuine,10,10
data/processed/train/genuine/original_15_15.png,data/processed/train/genuine/original_15_9.png,1,genuine_genuine,15,15
data/processed/train/genuine/original_4_22.png,data/processed/validation/genuine/original_44_15.png,0,random_forgery,4,44
data/processed/train/genuine/original_7_22.png,data/processed/train/forged/forgeries_7_17.png,0,skilled_forgery,7,7
data/processed/train/genuine/original_4_5.png,data/processed/train/forged/forgeries_4_8.png,0,skilled_forgery,4,4
data/processed/train/genuine/original_3_17.png,data/processed/train/genuine/original_3_2.png,1,genuine_genuine,3,3
data/processed/validation/genuine/original_38_6.png,data/processed/validation/genuine/original_38_9.png,1,genuine_genuine,38,38
data/processed/train/genuine/original_17_14.png,data/processed/train/genuine/original_11_2.png,0,random_forgery,17,11
data/processed/validation/genuine/original_39_10.png,data/processed/validation/genuine/original_39_17.png,1,genuine_genuine,39,39
data/processed/validation/genuine/original_43_18.png,data/processed/validation/genuine/original_43_9.png,1,genuine_genuine,43,43
data/processed/train/genuine/original_3_22.png,data/processed/train/forged/forgeries_3_14.png,0,skilled_forgery,3,3
data/processed/train/genuine/original_28_17.png,data/processed/train/forged/forgeries_28_8.png,0,skilled_forgery,28,28
data/processed/train/genuine/original_6_2.png,data/processed/train/genuine/original_6_6.png,1,genuine_genuine,6,6
data/processed/train/genuine/original_18_4.png,data/processed/train/genuine/original_18_8.png,1,genuine_genuine,18,18
data/processed/train/genuine/original_7_10.png,data/processed/train/genuine/original_7_17.png,1,genuine_genuine,7,7
data/processed/train/genuine/original_13_1.png,data/processed/train/genuine/original_13_9.png,1,genuine_genuine,13,13
data/processed/train/genuine/original_35_10.png,data/processed/train/genuine/original_35_14.png,1,genuine_genuine,35,35
data/processed/validation/genuine/original_41_22.png,data/processed/validation/forged/forgeries_41_4.png,0,skilled_forgery,41,41
data/processed/train/genuine/original_18_14.png,data/processed/train/genuine/original_18_3.png,1,genuine_genuine,18,18
data/processed/train/genuine/original_10_18.png,data/processed/train/forged/forgeries_10_10.png,0,skilled_forgery,10,10
data/processed/validation/genuine/original_36_12.png,data/processed/validation/genuine/original_36_15.png,1,genuine_genuine,36,36
data/processed/train/genuine/original_33_23.png,data/processed/train/forged/forgeries_33_24.png,0,skilled_forgery,33,33
data/processed/train/genuine/original_14_5.png,data/processed/train/genuine/original_14_9.png,1,genuine_genuine,14,14
data/processed/train/genuine/original_32_5.png,data/processed/train/genuine/original_32_8.png,1,genuine_genuine,32,32
data/processed/train/genuine/original_9_23.png,data/processed/train/forged/forgeries_9_13.png,0,skilled_forgery,9,9
data/processed/train/genuine/original_12_16.png,data/processed/train/genuine/original_12_7.png,1,genuine_genuine,12,12
data/processed/train/genuine/original_15_17.png,data/processed/train/forged/forgeries_15_1.png,0,skilled_forgery,15,15
data/processed/train/genuine/original_32_16.png,data/processed/train/genuine/original_7_12.png,0,random_forgery,32,7
data/processed/train/genuine/original_3_24.png,data/processed/train/genuine/original_3_3.png,1,genuine_genuine,3,3
data/processed/train/genuine/original_17_20.png,data/processed/train/forged/forgeries_17_24.png,0,skilled_forgery,17,17
data/processed/train/genuine/original_32_13.png,data/processed/train/forged/forgeries_32_22.png,0,skilled_forgery,32,32
data/processed/train/genuine/original_34_7.png,data/processed/train/genuine/original_1_23.png,0,random_forgery,34,1
data/processed/train/genuine/original_3_22.png,data/processed/train/genuine/original_3_24.png,1,genuine_genuine,3,3
data/processed/train/genuine/original_13_8.png,data/processed/train/forged/forgeries_13_9.png,0,skilled_forgery,13,13
data/processed/train/genuine/original_1_18.png,data/processed/train/genuine/original_29_23.png,0,random_forgery,1,29
data/processed/train/genuine/original_1_21.png,data/processed/train/genuine/original_15_19.png,0,random_forgery,1,15
data/processed/validation/genuine/original_40_13.png,data/processed/train/genuine/original_12_24.png,0,random_forgery,40,12
data/processed/train/genuine/original_34_22.png,data/processed/train/forged/forgeries_34_17.png,0,skilled_forgery,34,34
data/processed/train/genuine/original_13_21.png,data/processed/train/genuine/original_13_24.png,1,genuine_genuine,13,13
data/processed/train/genuine/original_5_3.png,data/processed/train/genuine/original_5_6.png,1,genuine_genuine,5,5
data/processed/train/genuine/original_10_14.png,data/processed/train/genuine/original_10_22.png,1,genuine_genuine,10,10
data/processed/train/genuine/original_18_2.png,data/processed/train/forged/forgeries_18_14.png,0,skilled_forgery,18,18
data/processed/train/genuine/original_35_21.png,data/processed/train/forged/forgeries_35_20.png,0,skilled_forgery,35,35
data/processed/train/genuine/original_29_14.png,data/processed/train/genuine/original_29_2.png,1,genuine_genuine,29,29
data/processed/train/genuine/original_4_5.png,data/processed/train/forged/forgeries_4_16.png,0,skilled_forgery,4,4
data/processed/train/genuine/original_31_14.png,data/processed/train/forged/forgeries_31_18.png,0,skilled_forgery,31,31
data/processed/train/genuine/original_33_7.png,data/processed/train/forged/forgeries_33_13.png,0,skilled_forgery,33,33
data/processed/train/genuine/original_30_1.png,data/processed/train/forged/forgeries_30_18.png,0,skilled_forgery,30,30
data/processed/validation/genuine/original_45_15.png,data/processed/validation/genuine/original_45_22.png,1,genuine_genuine,45,45
data/processed/validation/genuine/original_36_23.png,data/processed/train/genuine/original_12_6.png,0,random_forgery,36,12
data/processed/train/genuine/original_11_14.png,data/processed/train/genuine/original_11_22.png,1,genuine_genuine,11,11
data/processed/train/genuine/original_1_6.png,data/processed/train/forged/forgeries_1_3.png,0,skilled_forgery,1,1
data/processed/train/genuine/original_10_14.png,data/processed/train/genuine/original_10_9.png,1,genuine_genuine,10,10
data/processed/validation/genuine/original_39_4.png,data/processed/train/genuine/original_18_5.png,0,random_forgery,39,18
data/processed/train/genuine/original_9_19.png,data/processed/train/genuine/original_9_4.png,1,genuine_genuine,9,9
data/processed/train/genuine/original_13_9.png,data/processed/train/forged/forgeries_13_17.png,0,skilled_forgery,13,13
data/processed/train/genuine/original_33_13.png,data/processed/train/genuine/original_33_5.png,1,genuine_genuine,33,33
data/processed/train/genuine/original_6_1.png,data/processed/train/genuine/original_6_6.png,1,genuine_genuine,6,6
data/processed/train/genuine/original_10_17.png,data/processed/train/forged/forgeries_10_10.png,0,skilled_forgery,10,10
data/processed/train/genuine/original_30_20.png,data/processed/train/forged/forgeries_30_9.png,0,skilled_forgery,30,30
data/processed/train/genuine/original_30_2.png,data/processed/train/forged/forgeries_30_18.png,0,skilled_forgery,30,30
data/processed/train/genuine/original_1_13.png,data/processed/train/forged/forgeries_1_2.png,0,skilled_forgery,1,1
data/processed/train/genuine/original_34_11.png,data/processed/train/genuine/original_34_12.png,1,genuine_genuine,34,34
data/processed/validation/genuine/original_44_18.png,data/processed/validation/forged/forgeries_44_9.png,0,skilled_forgery,44,44
data/processed/validation/genuine/original_37_12.png,data/processed/validation/genuine/original_37_16.png,1,genuine_genuine,37,37
data/processed/train/genuine/original_28_15.png,data/processed/train/genuine/original_28_2.png,1,genuine_genuine,28,28
data/processed/validation/genuine/original_43_11.png,data/processed/validation/genuine/original_43_12.png,1,genuine_genuine,43,43
data/processed/validation/genuine/original_40_4.png,data/processed/validation/genuine/original_40_6.png,1,genuine_genuine,40,40
data/processed/train/genuine/original_6_21.png,data/processed/train/forged/forgeries_6_8.png,0,skilled_forgery,6,6
data/processed/validation/genuine/original_39_18.png,data/processed/validation/genuine/original_39_9.png,1,genuine_genuine,39,39
data/processed/train/genuine/original_18_1.png,data/processed/train/genuine/original_18_2.png,1,genuine_genuine,18,18
data/processed/validation/genuine/original_39_3.png,data/processed/validation/genuine/original_39_6.png,1,genuine_genuine,39,39
data/processed/train/genuine/original_17_2.png,data/processed/train/genuine/original_17_4.png,1,genuine_genuine,17,17
data/processed/train/genuine/original_2_24.png,data/processed/train/genuine/original_16_24.png,0,random_forgery,2,16
data/processed/validation/genuine/original_37_15.png,data/processed/validation/genuine/original_37_19.png,1,genuine_genuine,37,37
data/processed/train/genuine/original_3_3.png,data/processed/train/genuine/original_3_5.png,1,genuine_genuine,3,3
data/processed/train/genuine/original_15_2.png,data/processed/train/genuine/original_7_1.png,0,random_forgery,15,7
data/processed/train/genuine/original_3_10.png,data/processed/train/forged/forgeries_3_7.png,0,skilled_forgery,3,3
data/processed/train/genuine/original_10_14.png,data/processed/validation/genuine/original_44_6.png,0,random_forgery,10,44
data/processed/train/genuine/original_9_12.png,data/processed/train/genuine/original_9_5.png,1,genuine_genuine,9,9
data/processed/train/genuine/original_16_5.png,data/processed/train/genuine/original_16_9.png,1,genuine_genuine,16,16
data/processed/train/genuine/original_4_12.png,data/processed/train/genuine/original_4_18.png,1,genuine_genuine,4,4
data/processed/validation/genuine/original_45_6.png,data/processed/validation/genuine/original_45_8.png,1,genuine_genuine,45,45
data/processed/validation/genuine/original_43_12.png,data/processed/validation/genuine/original_43_16.png,1,genuine_genuine,43,43
data/processed/train/genuine/original_28_13.png,data/processed/train/genuine/original_28_14.png,1,genuine_genuine,28,28
data/processed/train/genuine/original_9_4.png,data/processed/train/forged/forgeries_9_7.png,0,skilled_forgery,9,9
data/processed/train/genuine/original_4_9.png,data/processed/train/forged/forgeries_4_24.png,0,skilled_forgery,4,4
data/processed/validation/genuine/original_38_5.png,data/processed/validation/genuine/original_38_7.png,1,genuine_genuine,38,38
data/processed/train/genuine/original_12_15.png,data/processed/train/forged/forgeries_12_7.png,0,skilled_forgery,12,12
data/processed/validation/genuine/original_37_17.png,data/processed/validation/genuine/original_37_21.png,1,genuine_genuine,37,37
data/processed/validation/genuine/original_40_19.png,data/processed/validation/genuine/original_40_20.png,1,genuine_genuine,40,40
data/processed/validation/genuine/original_38_14.png,data/processed/validation/genuine/original_38_21.png,1,genuine_genuine,38,38
data/processed/validation/genuine/original_43_18.png,data/processed/validation/genuine/original_43_7.png,1,genuine_genuine,43,43
data/processed/validation/genuine/original_40_11.png,data/processed/validation/genuine/original_40_6.png,1,genuine_genuine,40,40
data/processed/train/genuine/original_1_11.png,data/processed/train/forged/forgeries_1_9.png,0,skilled_forgery,1,1
data/processed/train/genuine/original_8_3.png,data/processed/train/genuine/original_10_10.png,0,random_forgery,8,10
data/processed/train/genuine/original_18_10.png,data/processed/validation/genuine/original_41_23.png,0,random_forgery,18,41
data/processed/train/genuine/original_28_13.png,data/processed/train/genuine/original_28_16.png,1,genuine_genuine,28,28
data/processed/train/genuine/original_11_23.png,data/processed/train/genuine/original_11_4.png,1,genuine_genuine,11,11
data/processed/validation/genuine/original_42_4.png,data/processed/train/genuine/original_2_24.png,0,random_forgery,42,2
data/processed/validation/genuine/original_37_11.png,data/processed/validation/genuine/original_37_12.png,1,genuine_genuine,37,37
data/processed/train/genuine/original_28_17.png,data/processed/train/forged/forgeries_28_18.png,0,skilled_forgery,28,28
data/processed/train/genuine/original_6_12.png,data/processed/train/genuine/original_6_9.png,1,genuine_genuine,6,6
data/processed/train/genuine/original_17_14.png,data/processed/train/genuine/original_17_19.png,1,genuine_genuine,17,17
data/processed/train/genuine/original_34_12.png,data/processed/train/genuine/original_34_4.png,1,genuine_genuine,34,34
data/processed/train/genuine/original_11_22.png,data/processed/train/forged/forgeries_11_23.png,0,skilled_forgery,11,11
data/processed/validation/genuine/original_45_16.png,data/processed/train/genuine/original_2_18.png,0,random_forgery,45,2
data/processed/train/genuine/original_28_1.png,data/processed/train/genuine/original_28_18.png,1,genuine_genuine,28,28
data/processed/validation/genuine/original_39_21.png,data/processed/validation/genuine/original_39_3.png,1,genuine_genuine,39,39
data/processed/train/genuine/original_3_20.png,data/processed/train/genuine/original_3_3.png,1,genuine_genuine,3,3
data/processed/train/genuine/original_16_15.png,data/processed/train/forged/forgeries_16_24.png,0,skilled_forgery,16,16
data/processed/validation/genuine/original_45_14.png,data/processed/validation/genuine/original_45_3.png,1,genuine_genuine,45,45
data/processed/validation/genuine/original_42_10.png,data/processed/validation/genuine/original_42_8.png,1,genuine_genuine,42,42
data/processed/train/genuine/original_13_12.png,data/processed/train/forged/forgeries_13_3.png,0,skilled_forgery,13,13
data/processed/train/genuine/original_13_1.png,data/processed/train/genuine/original_13_11.png,1,genuine_genuine,13,13
data/processed/train/genuine/original_2_12.png,data/processed/train/forged/forgeries_2_7.png,0,skilled_forgery,2,2
data/processed/train/genuine/original_28_22.png,data/processed/train/genuine/original_12_13.png,0,random_forgery,28,12
data/processed/train/genuine/original_5_11.png,data/processed/train/forged/forgeries_5_3.png,0,skilled_forgery,5,5
data/processed/validation/genuine/original_42_11.png,data/processed/validation/forged/forgeries_42_21.png,0,skilled_forgery,42,42
data/processed/validation/genuine/original_41_12.png,data/processed/validation/genuine/original_41_20.png,1,genuine_genuine,41,41
data/processed/train/genuine/original_6_14.png,data/processed/train/genuine/original_6_22.png,1,genuine_genuine,6,6
data/processed/validation/genuine/original_36_11.png,data/processed/train/genuine/original_9_10.png,0,random_forgery,36,9
data/processed/train/genuine/original_11_21.png,data/processed/train/forged/forgeries_11_7.png,0,skilled_forgery,11,11
data/processed/train/genuine/original_32_22.png,data/processed/validation/genuine/original_42_21.png,0,random_forgery,32,42
data/processed/train/genuine/original_14_18.png,data/processed/train/genuine/original_14_21.png,1,genuine_genuine,14,14
data/processed/train/genuine/original_16_12.png,data/processed/train/genuine/original_16_14.png,1,genuine_genuine,16,16
data/processed/train/genuine/original_12_17.png,data/processed/train/genuine/original_12_23.png,1,genuine_genuine,12,12
data/processed/train/genuine/original_3_15.png,data/processed/train/genuine/original_14_15.png,0,random_forgery,3,14
data/processed/train/genuine/original_28_5.png,data/processed/train/genuine/original_10_1.png,0,random_forgery,28,10
data/processed/validation/genuine/original_39_13.png,data/processed/validation/genuine/original_39_14.png,1,genuine_genuine,39,39
data/processed/validation/genuine/original_45_10.png,data/processed/validation/genuine/original_45_17.png,1,genuine_genuine,45,45
data/processed/train/genuine/original_32_18.png,data/processed/train/genuine/original_32_6.png,1,genuine_genuine,32,32
data/processed/train/genuine/original_1_15.png,data/processed/train/forged/forgeries_1_6.png,0,skilled_forgery,1,1
data/processed/train/genuine/original_16_11.png,data/processed/train/genuine/original_16_13.png,1,genuine_genuine,16,16
data/processed/train/genuine/original_14_14.png,data/processed/train/genuine/original_5_14.png,0,random_forgery,14,5
data/processed/train/genuine/original_15_24.png,data/processed/train/forged/forgeries_15_8.png,0,skilled_forgery,15,15
data/processed/train/genuine/original_30_9.png,data/processed/train/genuine/original_12_23.png,0,random_forgery,30,12
data/processed/train/genuine/original_11_17.png,data/processed/train/forged/forgeries_11_20.png,0,skilled_forgery,11,11
data/processed/train/genuine/original_29_17.png,data/processed/validation/genuine/original_40_3.png,0,random_forgery,29,40
data/processed/train/genuine/original_3_11.png,data/processed/train/genuine/original_12_8.png,0,random_forgery,3,12
data/processed/train/genuine/original_6_24.png,data/processed/train/genuine/original_8_20.png,0,random_forgery,6,8
data/processed/train/genuine/original_15_3.png,data/processed/train/genuine/original_15_9.png,1,genuine_genuine,15,15
data/processed/train/genuine/original_18_11.png,data/processed/train/genuine/original_18_6.png,1,genuine_genuine,18,18
data/processed/validation/genuine/original_39_20.png,data/processed/validation/forged/forgeries_39_5.png,0,skilled_forgery,39,39
