image_1_path,image_2_path,label,pair_type,writer_1,writer_2
data/processed/train/genuine/original_25_7.png,data/processed/train/genuine/original_25_8.png,1,genuine_genuine,25,25
data/processed/train/genuine/original_22_2.png,data/processed/train/forged/forgeries_22_13.png,0,skilled_forgery,22,22
data/processed/train/genuine/original_30_10.png,data/processed/train/genuine/original_30_15.png,1,genuine_genuine,30,30
data/processed/train/genuine/original_16_15.png,data/processed/train/genuine/original_16_9.png,1,genuine_genuine,16,16
data/processed/train/genuine/original_22_17.png,data/processed/train/forged/forgeries_22_18.png,0,skilled_forgery,22,22
data/processed/train/genuine/original_11_22.png,data/processed/train/genuine/original_11_3.png,1,genuine_genuine,11,11
data/processed/validation/genuine/original_40_12.png,data/processed/validation/forged/forgeries_40_15.png,0,skilled_forgery,40,40
data/processed/train/genuine/original_22_16.png,data/processed/train/genuine/original_22_8.png,1,genuine_genuine,22,22
data/processed/train/genuine/original_28_10.png,data/processed/train/forged/forgeries_28_8.png,0,skilled_forgery,28,28
data/processed/train/genuine/original_15_14.png,data/processed/validation/genuine/original_45_18.png,0,random_forgery,15,45
data/processed/train/genuine/original_19_16.png,data/processed/train/genuine/original_19_22.png,1,genuine_genuine,19,19
data/processed/train/genuine/original_20_4.png,data/processed/train/genuine/original_20_7.png,1,genuine_genuine,20,20
data/processed/train/genuine/original_21_21.png,data/processed/train/genuine/original_21_9.png,1,genuine_genuine,21,21
data/processed/train/genuine/original_24_6.png,data/processed/train/forged/forgeries_24_23.png,0,skilled_forgery,24,24
data/processed/train/genuine/original_28_23.png,data/processed/train/genuine/original_28_24.png,1,genuine_genuine,28,28
data/processed/train/genuine/original_21_15.png,data/processed/train/genuine/original_21_4.png,1,genuine_genuine,21,21
data/processed/validation/genuine/original_45_1.png,data/processed/validation/genuine/original_45_10.png,1,genuine_genuine,45,45
data/processed/train/genuine/original_14_13.png,data/processed/validation/genuine/original_42_8.png,0,random_forgery,14,42
data/processed/train/genuine/original_15_1.png,data/processed/train/genuine/original_15_14.png,1,genuine_genuine,15,15
data/processed/train/genuine/original_24_14.png,data/processed/train/genuine/original_24_2.png,1,genuine_genuine,24,24
data/processed/train/genuine/original_23_19.png,data/processed/train/forged/forgeries_23_23.png,0,skilled_forgery,23,23
data/processed/train/genuine/original_30_18.png,data/processed/train/genuine/original_30_4.png,1,genuine_genuine,30,30
data/processed/train/genuine/original_25_8.png,data/processed/train/forged/forgeries_25_19.png,0,skilled_forgery,25,25
data/processed/train/genuine/original_22_23.png,data/processed/train/forged/forgeries_22_7.png,0,skilled_forgery,22,22
data/processed/validation/genuine/original_41_10.png,data/processed/validation/forged/forgeries_41_6.png,0,skilled_forgery,41,41
data/processed/train/genuine/original_22_8.png,data/processed/train/forged/forgeries_22_23.png,0,skilled_forgery,22,22
data/processed/train/genuine/original_13_14.png,data/processed/train/genuine/original_13_16.png,1,genuine_genuine,13,13
data/processed/validation/genuine/original_40_10.png,data/processed/validation/genuine/original_40_17.png,1,genuine_genuine,40,40
data/processed/train/genuine/original_32_10.png,data/processed/train/forged/forgeries_32_13.png,0,skilled_forgery,32,32
data/processed/train/genuine/original_20_22.png,data/processed/train/forged/forgeries_20_6.png,0,skilled_forgery,20,20
data/processed/validation/genuine/original_37_9.png,data/processed/validation/genuine/original_36_20.png,0,random_forgery,37,36
data/processed/train/genuine/original_24_24.png,data/processed/validation/genuine/original_45_16.png,0,random_forgery,24,45
data/processed/train/genuine/original_21_21.png,data/processed/train/forged/forgeries_21_23.png,0,skilled_forgery,21,21
data/processed/train/genuine/original_20_7.png,data/processed/train/genuine/original_12_3.png,0,random_forgery,20,12
data/processed/validation/genuine/original_45_8.png,data/processed/validation/forged/forgeries_45_11.png,0,skilled_forgery,45,45
data/processed/train/genuine/original_22_1.png,data/processed/train/genuine/original_22_17.png,1,genuine_genuine,22,22
data/processed/train/genuine/original_15_13.png,data/processed/train/genuine/original_15_8.png,1,genuine_genuine,15,15
data/processed/train/genuine/original_10_4.png,data/processed/train/forged/forgeries_10_1.png,0,skilled_forgery,10,10
data/processed/train/genuine/original_23_13.png,data/processed/train/genuine/original_23_21.png,1,genuine_genuine,23,23
data/processed/validation/genuine/original_37_14.png,data/processed/validation/genuine/original_37_6.png,1,genuine_genuine,37,37
data/processed/train/genuine/original_28_12.png,data/processed/train/genuine/original_28_20.png,1,genuine_genuine,28,28
data/processed/train/genuine/original_27_4.png,data/processed/train/forged/forgeries_27_21.png,0,skilled_forgery,27,27
data/processed/train/genuine/original_32_19.png,data/processed/train/genuine/original_32_2.png,1,genuine_genuine,32,32
data/processed/train/genuine/original_30_11.png,data/processed/train/genuine/original_30_14.png,1,genuine_genuine,30,30
data/processed/train/genuine/original_25_14.png,data/processed/train/forged/forgeries_25_19.png,0,skilled_forgery,25,25
data/processed/train/genuine/original_35_2.png,data/processed/train/forged/forgeries_35_24.png,0,skilled_forgery,35,35
data/processed/train/genuine/original_31_22.png,data/processed/validation/genuine/original_38_19.png,0,random_forgery,31,38
data/processed/train/genuine/original_24_14.png,data/processed/train/genuine/original_24_15.png,1,genuine_genuine,24,24
data/processed/train/genuine/original_23_19.png,data/processed/train/genuine/original_23_4.png,1,genuine_genuine,23,23
data/processed/train/genuine/original_30_21.png,data/processed/train/genuine/original_30_7.png,1,genuine_genuine,30,30
data/processed/train/genuine/original_15_2.png,data/processed/train/genuine/original_15_7.png,1,genuine_genuine,15,15
data/processed/validation/genuine/original_39_11.png,data/processed/validation/genuine/original_39_6.png,1,genuine_genuine,39,39
data/processed/validation/genuine/original_41_1.png,data/processed/validation/genuine/original_41_11.png,1,genuine_genuine,41,41
data/processed/train/genuine/original_22_2.png,data/processed/train/genuine/original_22_5.png,1,genuine_genuine,22,22
data/processed/validation/genuine/original_40_11.png,data/processed/validation/genuine/original_40_9.png,1,genuine_genuine,40,40
data/processed/train/genuine/original_12_12.png,data/processed/train/forged/forgeries_12_18.png,0,skilled_forgery,12,12
data/processed/train/genuine/original_34_10.png,data/processed/train/genuine/original_32_23.png,0,random_forgery,34,32
data/processed/train/genuine/original_22_4.png,data/processed/train/forged/forgeries_22_1.png,0,skilled_forgery,22,22
data/processed/train/genuine/original_20_10.png,data/processed/train/forged/forgeries_20_8.png,0,skilled_forgery,20,20
data/processed/validation/genuine/original_37_13.png,data/processed/validation/genuine/original_37_14.png,1,genuine_genuine,37,37
data/processed/train/genuine/original_12_6.png,data/processed/train/genuine/original_12_8.png,1,genuine_genuine,12,12
data/processed/train/genuine/original_35_18.png,data/processed/train/genuine/original_35_2.png,1,genuine_genuine,35,35
data/processed/train/genuine/original_18_11.png,data/processed/train/genuine/original_18_15.png,1,genuine_genuine,18,18
data/processed/train/genuine/original_13_3.png,data/processed/train/genuine/original_25_2.png,0,random_forgery,13,25
data/processed/train/genuine/original_24_1.png,data/processed/train/genuine/original_24_8.png,1,genuine_genuine,24,24
data/processed/train/genuine/original_32_11.png,data/processed/train/genuine/original_32_7.png,1,genuine_genuine,32,32
data/processed/train/genuine/original_12_18.png,data/processed/train/genuine/original_12_4.png,1,genuine_genuine,12,12
data/processed/train/genuine/original_20_22.png,data/processed/train/forged/forgeries_20_16.png,0,skilled_forgery,20,20
data/processed/train/genuine/original_17_1.png,data/processed/train/genuine/original_17_13.png,1,genuine_genuine,17,17
data/processed/train/genuine/original_35_2.png,data/processed/train/genuine/original_35_9.png,1,genuine_genuine,35,35
data/processed/train/genuine/original_16_21.png,data/processed/train/forged/forgeries_16_13.png,0,skilled_forgery,16,16
data/processed/train/genuine/original_18_11.png,data/processed/train/genuine/original_18_4.png,1,genuine_genuine,18,18
data/processed/train/genuine/original_27_7.png,data/processed/train/forged/forgeries_27_1.png,0,skilled_forgery,27,27
data/processed/train/genuine/original_20_1.png,data/processed/train/forged/forgeries_20_20.png,0,skilled_forgery,20,20
data/processed/train/genuine/original_18_12.png,data/processed/train/genuine/original_18_23.png,1,genuine_genuine,18,18
data/processed/validation/genuine/original_40_6.png,data/processed/validation/forged/forgeries_40_11.png,0,skilled_forgery,40,40
data/processed/validation/genuine/original_44_24.png,data/processed/train/genuine/original_31_16.png,0,random_forgery,44,31
data/processed/train/genuine/original_15_14.png,data/processed/train/genuine/original_15_4.png,1,genuine_genuine,15,15
data/processed/validation/genuine/original_44_3.png,data/processed/validation/genuine/original_44_8.png,1,genuine_genuine,44,44
data/processed/train/genuine/original_32_7.png,data/processed/train/forged/forgeries_32_15.png,0,skilled_forgery,32,32
data/processed/train/genuine/original_30_24.png,data/processed/validation/genuine/original_43_14.png,0,random_forgery,30,43
data/processed/train/genuine/original_10_2.png,data/processed/train/forged/forgeries_10_14.png,0,skilled_forgery,10,10
data/processed/validation/genuine/original_37_5.png,data/processed/train/genuine/original_16_22.png,0,random_forgery,37,16
data/processed/train/genuine/original_19_13.png,data/processed/train/genuine/original_19_24.png,1,genuine_genuine,19,19
data/processed/validation/genuine/original_40_4.png,data/processed/validation/forged/forgeries_40_22.png,0,skilled_forgery,40,40
data/processed/train/genuine/original_28_10.png,data/processed/train/genuine/original_28_18.png,1,genuine_genuine,28,28
data/processed/train/genuine/original_22_13.png,data/processed/train/genuine/original_22_5.png,1,genuine_genuine,22,22
data/processed/train/genuine/original_22_22.png,data/processed/train/forged/forgeries_22_20.png,0,skilled_forgery,22,22
data/processed/train/genuine/original_35_5.png,data/processed/train/genuine/original_26_24.png,0,random_forgery,35,26
data/processed/train/genuine/original_25_13.png,data/processed/train/genuine/original_25_19.png,1,genuine_genuine,25,25
data/processed/validation/genuine/original_39_14.png,data/processed/validation/genuine/original_39_6.png,1,genuine_genuine,39,39
data/processed/train/genuine/original_11_10.png,data/processed/train/genuine/original_11_16.png,1,genuine_genuine,11,11
data/processed/train/genuine/original_24_12.png,data/processed/train/genuine/original_22_17.png,0,random_forgery,24,22
data/processed/validation/genuine/original_41_9.png,data/processed/train/genuine/original_31_16.png,0,random_forgery,41,31
data/processed/train/genuine/original_35_8.png,data/processed/train/forged/forgeries_35_14.png,0,skilled_forgery,35,35
data/processed/train/genuine/original_13_17.png,data/processed/train/forged/forgeries_13_10.png,0,skilled_forgery,13,13
data/processed/train/genuine/original_30_12.png,data/processed/train/genuine/original_30_21.png,1,genuine_genuine,30,30
data/processed/validation/genuine/original_43_16.png,data/processed/validation/genuine/original_43_7.png,1,genuine_genuine,43,43
data/processed/train/genuine/original_10_11.png,data/processed/train/genuine/original_10_4.png,1,genuine_genuine,10,10
data/processed/validation/genuine/original_37_6.png,data/processed/validation/genuine/original_37_8.png,1,genuine_genuine,37,37
data/processed/train/genuine/original_35_9.png,data/processed/train/genuine/original_29_12.png,0,random_forgery,35,29
data/processed/validation/genuine/original_44_12.png,data/processed/validation/forged/forgeries_44_3.png,0,skilled_forgery,44,44
data/processed/validation/genuine/original_40_12.png,data/processed/validation/genuine/original_40_8.png,1,genuine_genuine,40,40
data/processed/train/genuine/original_15_16.png,data/processed/train/genuine/original_27_17.png,0,random_forgery,15,27
data/processed/train/genuine/original_24_16.png,data/processed/train/genuine/original_24_4.png,1,genuine_genuine,24,24
data/processed/train/genuine/original_15_3.png,data/processed/train/genuine/original_34_3.png,0,random_forgery,15,34
data/processed/train/genuine/original_30_6.png,data/processed/train/genuine/original_30_7.png,1,genuine_genuine,30,30
data/processed/train/genuine/original_14_12.png,data/processed/train/genuine/original_14_22.png,1,genuine_genuine,14,14
data/processed/validation/genuine/original_42_16.png,data/processed/validation/genuine/original_42_23.png,1,genuine_genuine,42,42
data/processed/train/genuine/original_22_17.png,data/processed/train/genuine/original_22_20.png,1,genuine_genuine,22,22
data/processed/train/genuine/original_26_13.png,data/processed/train/genuine/original_26_17.png,1,genuine_genuine,26,26
data/processed/validation/genuine/original_41_20.png,data/processed/validation/forged/forgeries_41_11.png,0,skilled_forgery,41,41
data/processed/train/genuine/original_29_10.png,data/processed/train/genuine/original_29_3.png,1,genuine_genuine,29,29
data/processed/train/genuine/original_12_14.png,data/processed/train/genuine/original_12_9.png,1,genuine_genuine,12,12
data/processed/validation/genuine/original_45_1.png,data/processed/validation/genuine/original_45_7.png,1,genuine_genuine,45,45
data/processed/train/genuine/original_29_11.png,data/processed/train/forged/forgeries_29_6.png,0,skilled_forgery,29,29
data/processed/train/genuine/original_18_5.png,data/processed/train/forged/forgeries_18_4.png,0,skilled_forgery,18,18
data/processed/train/genuine/original_12_5.png,data/processed/train/genuine/original_12_9.png,1,genuine_genuine,12,12
data/processed/train/genuine/original_17_17.png,data/processed/train/forged/forgeries_17_10.png,0,skilled_forgery,17,17
data/processed/validation/genuine/original_39_20.png,data/processed/validation/genuine/original_39_24.png,1,genuine_genuine,39,39
data/processed/train/genuine/original_21_13.png,data/processed/train/genuine/original_21_16.png,1,genuine_genuine,21,21
data/processed/train/genuine/original_35_1.png,data/processed/train/genuine/original_29_12.png,0,random_forgery,35,29
data/processed/validation/genuine/original_41_9.png,data/processed/train/genuine/original_13_4.png,0,random_forgery,41,13
data/processed/train/genuine/original_34_3.png,data/processed/train/forged/forgeries_34_13.png,0,skilled_forgery,34,34
data/processed/validation/genuine/original_38_20.png,data/processed/train/genuine/original_27_23.png,0,random_forgery,38,27
data/processed/validation/genuine/original_42_13.png,data/processed/validation/forged/forgeries_42_21.png,0,skilled_forgery,42,42
data/processed/train/genuine/original_35_15.png,data/processed/train/genuine/original_35_3.png,1,genuine_genuine,35,35
data/processed/train/genuine/original_15_2.png,data/processed/train/forged/forgeries_15_19.png,0,skilled_forgery,15,15
data/processed/train/genuine/original_10_12.png,data/processed/train/genuine/original_10_19.png,1,genuine_genuine,10,10
data/processed/train/genuine/original_23_15.png,data/processed/train/genuine/original_23_3.png,1,genuine_genuine,23,23
data/processed/train/genuine/original_27_15.png,data/processed/train/genuine/original_27_19.png,1,genuine_genuine,27,27
data/processed/train/genuine/original_25_3.png,data/processed/train/genuine/original_29_9.png,0,random_forgery,25,29
data/processed/train/genuine/original_20_7.png,data/processed/train/forged/forgeries_20_2.png,0,skilled_forgery,20,20
data/processed/train/genuine/original_10_24.png,data/processed/train/genuine/original_25_20.png,0,random_forgery,10,25
data/processed/validation/genuine/original_43_22.png,data/processed/validation/forged/forgeries_43_1.png,0,skilled_forgery,43,43
data/processed/validation/genuine/original_38_17.png,data/processed/validation/genuine/original_38_3.png,1,genuine_genuine,38,38
data/processed/train/genuine/original_30_10.png,data/processed/train/forged/forgeries_30_11.png,0,skilled_forgery,30,30
data/processed/train/genuine/original_31_1.png,data/processed/train/forged/forgeries_31_11.png,0,skilled_forgery,31,31
data/processed/train/genuine/original_31_3.png,data/processed/train/genuine/original_27_6.png,0,random_forgery,31,27
data/processed/train/genuine/original_12_9.png,data/processed/train/forged/forgeries_12_8.png,0,skilled_forgery,12,12
data/processed/train/genuine/original_35_9.png,data/processed/validation/genuine/original_38_13.png,0,random_forgery,35,38
data/processed/train/genuine/original_27_6.png,data/processed/train/forged/forgeries_27_1.png,0,skilled_forgery,27,27
data/processed/train/genuine/original_23_9.png,data/processed/train/forged/forgeries_23_22.png,0,skilled_forgery,23,23
data/processed/validation/genuine/original_45_16.png,data/processed/validation/genuine/original_45_9.png,1,genuine_genuine,45,45
data/processed/train/genuine/original_18_20.png,data/processed/train/genuine/original_18_23.png,1,genuine_genuine,18,18
data/processed/validation/genuine/original_43_3.png,data/processed/validation/genuine/original_43_9.png,1,genuine_genuine,43,43
data/processed/train/genuine/original_16_22.png,data/processed/train/genuine/original_23_11.png,0,random_forgery,16,23
data/processed/validation/genuine/original_44_4.png,data/processed/validation/forged/forgeries_44_16.png,0,skilled_forgery,44,44
data/processed/train/genuine/original_23_5.png,data/processed/train/forged/forgeries_23_4.png,0,skilled_forgery,23,23
data/processed/validation/genuine/original_42_1.png,data/processed/validation/genuine/original_42_19.png,1,genuine_genuine,42,42
data/processed/train/genuine/original_32_9.png,data/processed/train/forged/forgeries_32_9.png,0,skilled_forgery,32,32
data/processed/train/genuine/original_10_19.png,data/processed/train/genuine/original_10_2.png,1,genuine_genuine,10,10
data/processed/validation/genuine/original_44_23.png,data/processed/validation/genuine/original_44_8.png,1,genuine_genuine,44,44
data/processed/train/genuine/original_19_24.png,data/processed/train/genuine/original_19_6.png,1,genuine_genuine,19,19
data/processed/train/genuine/original_35_13.png,data/processed/train/genuine/original_35_9.png,1,genuine_genuine,35,35
data/processed/validation/genuine/original_43_10.png,data/processed/validation/genuine/original_43_9.png,1,genuine_genuine,43,43
data/processed/validation/genuine/original_45_5.png,data/processed/validation/genuine/original_45_9.png,1,genuine_genuine,45,45
data/processed/train/genuine/original_28_21.png,data/processed/train/genuine/original_28_9.png,1,genuine_genuine,28,28
data/processed/train/genuine/original_14_10.png,data/processed/train/genuine/original_17_14.png,0,random_forgery,14,17
data/processed/train/genuine/original_14_13.png,data/processed/train/genuine/original_35_3.png,0,random_forgery,14,35
data/processed/train/genuine/original_10_1.png,data/processed/train/genuine/original_21_21.png,0,random_forgery,10,21
data/processed/validation/genuine/original_44_11.png,data/processed/validation/genuine/original_44_2.png,1,genuine_genuine,44,44
data/processed/train/genuine/original_23_15.png,data/processed/train/genuine/original_23_20.png,1,genuine_genuine,23,23
data/processed/train/genuine/original_23_17.png,data/processed/train/forged/forgeries_23_16.png,0,skilled_forgery,23,23
data/processed/train/genuine/original_12_16.png,data/processed/train/genuine/original_12_20.png,1,genuine_genuine,12,12
data/processed/train/genuine/original_27_2.png,data/processed/train/genuine/original_27_7.png,1,genuine_genuine,27,27
data/processed/train/genuine/original_12_4.png,data/processed/train/forged/forgeries_12_19.png,0,skilled_forgery,12,12
data/processed/validation/genuine/original_44_1.png,data/processed/validation/genuine/original_44_8.png,1,genuine_genuine,44,44
data/processed/validation/genuine/original_39_15.png,data/processed/validation/forged/forgeries_39_6.png,0,skilled_forgery,39,39
data/processed/train/genuine/original_29_14.png,data/processed/train/genuine/original_29_21.png,1,genuine_genuine,29,29
data/processed/train/genuine/original_25_1.png,data/processed/train/genuine/original_25_3.png,1,genuine_genuine,25,25
data/processed/train/genuine/original_25_23.png,data/processed/train/forged/forgeries_25_9.png,0,skilled_forgery,25,25
data/processed/train/genuine/original_28_18.png,data/processed/train/forged/forgeries_28_17.png,0,skilled_forgery,28,28
data/processed/train/genuine/original_33_14.png,data/processed/train/genuine/original_33_2.png,1,genuine_genuine,33,33
data/processed/train/genuine/original_23_17.png,data/processed/train/genuine/original_23_9.png,1,genuine_genuine,23,23
data/processed/train/genuine/original_17_13.png,data/processed/train/forged/forgeries_17_17.png,0,skilled_forgery,17,17
data/processed/train/genuine/original_17_11.png,data/processed/train/genuine/original_17_5.png,1,genuine_genuine,17,17
data/processed/validation/genuine/original_36_17.png,data/processed/validation/genuine/original_36_20.png,1,genuine_genuine,36,36
data/processed/train/genuine/original_19_3.png,data/processed/train/forged/forgeries_19_12.png,0,skilled_forgery,19,19
data/processed/train/genuine/original_17_10.png,data/processed/train/genuine/original_24_4.png,0,random_forgery,17,24
data/processed/train/genuine/original_20_22.png,data/processed/train/genuine/original_30_10.png,0,random_forgery,20,30
data/processed/train/genuine/original_29_22.png,data/processed/train/genuine/original_29_23.png,1,genuine_genuine,29,29
data/processed/train/genuine/original_10_15.png,data/processed/train/genuine/original_10_24.png,1,genuine_genuine,10,10
data/processed/train/genuine/original_25_2.png,data/processed/train/genuine/original_25_9.png,1,genuine_genuine,25,25
data/processed/train/genuine/original_13_3.png,data/processed/train/forged/forgeries_13_20.png,0,skilled_forgery,13,13
data/processed/validation/genuine/original_38_12.png,data/processed/validation/genuine/original_38_18.png,1,genuine_genuine,38,38
data/processed/train/genuine/original_26_12.png,data/processed/train/genuine/original_26_18.png,1,genuine_genuine,26,26
data/processed/train/genuine/original_26_11.png,data/processed/train/genuine/original_26_4.png,1,genuine_genuine,26,26
data/processed/validation/genuine/original_43_13.png,data/processed/validation/genuine/original_43_19.png,1,genuine_genuine,43,43
data/processed/train/genuine/original_29_23.png,data/processed/train/genuine/original_29_4.png,1,genuine_genuine,29,29
data/processed/train/genuine/original_21_16.png,data/processed/train/genuine/original_21_24.png,1,genuine_genuine,21,21
data/processed/train/genuine/original_31_13.png,data/processed/train/genuine/original_31_18.png,1,genuine_genuine,31,31
data/processed/train/genuine/original_35_12.png,data/processed/train/genuine/original_35_23.png,1,genuine_genuine,35,35
data/processed/validation/genuine/original_38_14.png,data/processed/train/genuine/original_35_18.png,0,random_forgery,38,35
data/processed/train/genuine/original_13_23.png,data/processed/train/forged/forgeries_13_3.png,0,skilled_forgery,13,13
data/processed/train/genuine/original_34_22.png,data/processed/train/genuine/original_30_7.png,0,random_forgery,34,30
data/processed/train/genuine/original_26_15.png,data/processed/train/genuine/original_26_21.png,1,genuine_genuine,26,26
data/processed/train/genuine/original_17_10.png,data/processed/train/genuine/original_17_8.png,1,genuine_genuine,17,17
data/processed/train/genuine/original_11_11.png,data/processed/train/forged/forgeries_11_7.png,0,skilled_forgery,11,11
data/processed/train/genuine/original_19_5.png,data/processed/train/forged/forgeries_19_7.png,0,skilled_forgery,19,19
data/processed/train/genuine/original_34_18.png,data/processed/train/genuine/original_34_23.png,1,genuine_genuine,34,34
data/processed/validation/genuine/original_44_24.png,data/processed/train/genuine/original_35_7.png,0,random_forgery,44,35
data/processed/train/genuine/original_22_4.png,data/processed/train/genuine/original_22_7.png,1,genuine_genuine,22,22
data/processed/train/genuine/original_25_24.png,data/processed/train/forged/forgeries_25_20.png,0,skilled_forgery,25,25
data/processed/train/genuine/original_24_9.png,data/processed/train/forged/forgeries_24_19.png,0,skilled_forgery,24,24
data/processed/train/genuine/original_21_14.png,data/processed/train/genuine/original_21_9.png,1,genuine_genuine,21,21
data/processed/validation/genuine/original_42_14.png,data/processed/validation/genuine/original_42_19.png,1,genuine_genuine,42,42
data/processed/train/genuine/original_32_9.png,data/processed/train/forged/forgeries_32_5.png,0,skilled_forgery,32,32
data/processed/train/genuine/original_33_21.png,data/processed/train/genuine/original_33_3.png,1,genuine_genuine,33,33
data/processed/train/genuine/original_11_14.png,data/processed/train/genuine/original_11_19.png,1,genuine_genuine,11,11
data/processed/train/genuine/original_33_1.png,data/processed/train/genuine/original_33_14.png,1,genuine_genuine,33,33
data/processed/train/genuine/original_12_6.png,data/processed/train/forged/forgeries_12_18.png,0,skilled_forgery,12,12
data/processed/validation/genuine/original_38_11.png,data/processed/train/genuine/original_33_4.png,0,random_forgery,38,33
data/processed/train/genuine/original_29_20.png,data/processed/train/genuine/original_29_4.png,1,genuine_genuine,29,29
data/processed/train/genuine/original_31_2.png,data/processed/train/genuine/original_21_5.png,0,random_forgery,31,21
data/processed/train/genuine/original_15_23.png,data/processed/train/genuine/original_15_8.png,1,genuine_genuine,15,15
data/processed/train/genuine/original_32_4.png,data/processed/train/forged/forgeries_32_20.png,0,skilled_forgery,32,32
data/processed/train/genuine/original_11_16.png,data/processed/train/genuine/original_33_4.png,0,random_forgery,11,33
data/processed/validation/genuine/original_38_18.png,data/processed/validation/forged/forgeries_38_9.png,0,skilled_forgery,38,38
data/processed/validation/genuine/original_44_8.png,data/processed/validation/forged/forgeries_44_15.png,0,skilled_forgery,44,44
data/processed/train/genuine/original_30_10.png,data/processed/train/genuine/original_30_16.png,1,genuine_genuine,30,30
data/processed/train/genuine/original_11_16.png,data/processed/train/genuine/original_11_23.png,1,genuine_genuine,11,11
data/processed/train/genuine/original_25_19.png,data/processed/train/forged/forgeries_25_22.png,0,skilled_forgery,25,25
data/processed/train/genuine/original_18_15.png,data/processed/train/genuine/original_18_17.png,1,genuine_genuine,18,18
data/processed/train/genuine/original_28_4.png,data/processed/train/forged/forgeries_28_16.png,0,skilled_forgery,28,28
data/processed/train/genuine/original_32_15.png,data/processed/train/forged/forgeries_32_4.png,0,skilled_forgery,32,32
data/processed/train/genuine/original_26_2.png,data/processed/train/forged/forgeries_26_12.png,0,skilled_forgery,26,26
data/processed/validation/genuine/original_38_10.png,data/processed/validation/forged/forgeries_38_7.png,0,skilled_forgery,38,38
data/processed/train/genuine/original_26_10.png,data/processed/train/forged/forgeries_26_14.png,0,skilled_forgery,26,26
data/processed/train/genuine/original_17_16.png,data/processed/train/genuine/original_17_24.png,1,genuine_genuine,17,17
data/processed/train/genuine/original_35_19.png,data/processed/train/genuine/original_35_8.png,1,genuine_genuine,35,35
data/processed/train/genuine/original_18_16.png,data/processed/train/forged/forgeries_18_18.png,0,skilled_forgery,18,18
data/processed/train/genuine/original_25_11.png,data/processed/validation/genuine/original_43_5.png,0,random_forgery,25,43
data/processed/train/genuine/original_27_14.png,data/processed/train/genuine/original_27_24.png,1,genuine_genuine,27,27
data/processed/train/genuine/original_33_4.png,data/processed/train/forged/forgeries_33_6.png,0,skilled_forgery,33,33
data/processed/train/genuine/original_15_15.png,data/processed/train/forged/forgeries_15_17.png,0,skilled_forgery,15,15
data/processed/train/genuine/original_15_16.png,data/processed/train/genuine/original_15_4.png,1,genuine_genuine,15,15
data/processed/train/genuine/original_22_11.png,data/processed/train/genuine/original_22_8.png,1,genuine_genuine,22,22
data/processed/train/genuine/original_24_18.png,data/processed/validation/genuine/original_41_8.png,0,random_forgery,24,41
data/processed/train/genuine/original_22_14.png,data/processed/train/genuine/original_34_3.png,0,random_forgery,22,34
data/processed/train/genuine/original_32_1.png,data/processed/train/genuine/original_32_17.png,1,genuine_genuine,32,32
data/processed/train/genuine/original_20_22.png,data/processed/train/genuine/original_24_16.png,0,random_forgery,20,24
data/processed/train/genuine/original_10_24.png,data/processed/train/genuine/original_10_6.png,1,genuine_genuine,10,10
data/processed/train/genuine/original_14_3.png,data/processed/train/genuine/original_14_9.png,1,genuine_genuine,14,14
data/processed/train/genuine/original_15_16.png,data/processed/train/genuine/original_15_23.png,1,genuine_genuine,15,15
data/processed/train/genuine/original_11_5.png,data/processed/validation/genuine/original_39_1.png,0,random_forgery,11,39
data/processed/validation/genuine/original_42_1.png,data/processed/validation/forged/forgeries_42_18.png,0,skilled_forgery,42,42
data/processed/validation/genuine/original_38_10.png,data/processed/train/genuine/original_14_9.png,0,random_forgery,38,14
data/processed/validation/genuine/original_40_15.png,data/processed/validation/forged/forgeries_40_14.png,0,skilled_forgery,40,40
data/processed/train/genuine/original_12_22.png,data/processed/train/forged/forgeries_12_6.png,0,skilled_forgery,12,12
data/processed/validation/genuine/original_36_4.png,data/processed/train/genuine/original_25_23.png,0,random_forgery,36,25
data/processed/train/genuine/original_33_16.png,data/processed/train/genuine/original_33_5.png,1,genuine_genuine,33,33
data/processed/train/genuine/original_29_17.png,data/processed/train/genuine/original_29_24.png,1,genuine_genuine,29,29
data/processed/train/genuine/original_28_6.png,data/processed/train/genuine/original_34_3.png,0,random_forgery,28,34
data/processed/validation/genuine/original_44_22.png,data/processed/validation/genuine/original_44_24.png,1,genuine_genuine,44,44
data/processed/validation/genuine/original_39_15.png,data/processed/validation/genuine/original_39_9.png,1,genuine_genuine,39,39
data/processed/train/genuine/original_11_1.png,data/processed/train/forged/forgeries_11_1.png,0,skilled_forgery,11,11
data/processed/train/genuine/original_11_22.png,data/processed/train/forged/forgeries_11_18.png,0,skilled_forgery,11,11
data/processed/train/genuine/original_28_11.png,data/processed/train/forged/forgeries_28_11.png,0,skilled_forgery,28,28
data/processed/train/genuine/original_33_17.png,data/processed/train/genuine/original_33_4.png,1,genuine_genuine,33,33
data/processed/train/genuine/original_15_13.png,data/processed/train/forged/forgeries_15_6.png,0,skilled_forgery,15,15
data/processed/train/genuine/original_18_10.png,data/processed/train/genuine/original_18_19.png,1,genuine_genuine,18,18
data/processed/validation/genuine/original_37_12.png,data/processed/validation/genuine/original_37_3.png,1,genuine_genuine,37,37
data/processed/train/genuine/original_31_22.png,data/processed/train/genuine/original_31_3.png,1,genuine_genuine,31,31
data/processed/validation/genuine/original_38_15.png,data/processed/validation/forged/forgeries_38_19.png,0,skilled_forgery,38,38
data/processed/train/genuine/original_28_7.png,data/processed/train/forged/forgeries_28_8.png,0,skilled_forgery,28,28
data/processed/train/genuine/original_21_15.png,data/processed/train/genuine/original_21_22.png,1,genuine_genuine,21,21
data/processed/train/genuine/original_24_12.png,data/processed/train/forged/forgeries_24_15.png,0,skilled_forgery,24,24
data/processed/train/genuine/original_28_15.png,data/processed/train/genuine/original_28_3.png,1,genuine_genuine,28,28
data/processed/train/genuine/original_13_5.png,data/processed/train/forged/forgeries_13_17.png,0,skilled_forgery,13,13
data/processed/train/genuine/original_21_4.png,data/processed/train/genuine/original_21_7.png,1,genuine_genuine,21,21
data/processed/validation/genuine/original_38_21.png,data/processed/validation/forged/forgeries_38_8.png,0,skilled_forgery,38,38
data/processed/validation/genuine/original_41_14.png,data/processed/validation/genuine/original_41_9.png,1,genuine_genuine,41,41
data/processed/train/genuine/original_18_11.png,data/processed/train/genuine/original_18_20.png,1,genuine_genuine,18,18
data/processed/validation/genuine/original_45_15.png,data/processed/validation/forged/forgeries_45_5.png,0,skilled_forgery,45,45
data/processed/validation/genuine/original_38_14.png,data/processed/validation/genuine/original_39_3.png,0,random_forgery,38,39
data/processed/train/genuine/original_28_22.png,data/processed/train/genuine/original_28_4.png,1,genuine_genuine,28,28
data/processed/train/genuine/original_10_7.png,data/processed/train/genuine/original_10_8.png,1,genuine_genuine,10,10
data/processed/validation/genuine/original_45_13.png,data/processed/validation/genuine/original_45_9.png,1,genuine_genuine,45,45
data/processed/train/genuine/original_11_17.png,data/processed/train/genuine/original_11_2.png,1,genuine_genuine,11,11
data/processed/train/genuine/original_13_21.png,data/processed/train/genuine/original_10_1.png,0,random_forgery,13,10
data/processed/train/genuine/original_29_19.png,data/processed/train/forged/forgeries_29_15.png,0,skilled_forgery,29,29
data/processed/train/genuine/original_35_3.png,data/processed/validation/genuine/original_38_21.png,0,random_forgery,35,38
data/processed/train/genuine/original_13_14.png,data/processed/train/genuine/original_13_7.png,1,genuine_genuine,13,13
data/processed/validation/genuine/original_37_17.png,data/processed/validation/genuine/original_37_5.png,1,genuine_genuine,37,37
data/processed/train/genuine/original_24_11.png,data/processed/train/genuine/original_24_13.png,1,genuine_genuine,24,24
data/processed/train/genuine/original_14_9.png,data/processed/validation/genuine/original_44_4.png,0,random_forgery,14,44
data/processed/train/genuine/original_33_20.png,data/processed/train/forged/forgeries_33_1.png,0,skilled_forgery,33,33
data/processed/validation/genuine/original_40_22.png,data/processed/validation/genuine/original_40_7.png,1,genuine_genuine,40,40
data/processed/validation/genuine/original_41_1.png,data/processed/validation/genuine/original_41_24.png,1,genuine_genuine,41,41
data/processed/train/genuine/original_35_1.png,data/processed/train/forged/forgeries_35_23.png,0,skilled_forgery,35,35
data/processed/train/genuine/original_29_2.png,data/processed/train/forged/forgeries_29_17.png,0,skilled_forgery,29,29
data/processed/validation/genuine/original_39_18.png,data/processed/train/genuine/original_25_23.png,0,random_forgery,39,25
data/processed/train/genuine/original_35_23.png,data/processed/train/genuine/original_35_3.png,1,genuine_genuine,35,35
data/processed/train/genuine/original_28_22.png,data/processed/train/genuine/original_28_9.png,1,genuine_genuine,28,28
data/processed/train/genuine/original_35_7.png,data/processed/train/genuine/original_28_14.png,0,random_forgery,35,28
data/processed/train/genuine/original_31_23.png,data/processed/train/genuine/original_31_24.png,1,genuine_genuine,31,31
data/processed/train/genuine/original_16_19.png,data/processed/validation/genuine/original_37_22.png,0,random_forgery,16,37
data/processed/train/genuine/original_35_14.png,data/processed/train/genuine/original_35_15.png,1,genuine_genuine,35,35
data/processed/train/genuine/original_32_2.png,data/processed/train/genuine/original_32_6.png,1,genuine_genuine,32,32
data/processed/train/genuine/original_34_1.png,data/processed/train/genuine/original_34_11.png,1,genuine_genuine,34,34
data/processed/train/genuine/original_35_12.png,data/processed/train/forged/forgeries_35_20.png,0,skilled_forgery,35,35
data/processed/train/genuine/original_13_10.png,data/processed/train/genuine/original_13_2.png,1,genuine_genuine,13,13
data/processed/train/genuine/original_20_3.png,data/processed/train/genuine/original_20_4.png,1,genuine_genuine,20,20
data/processed/validation/genuine/original_38_14.png,data/processed/validation/genuine/original_45_2.png,0,random_forgery,38,45
data/processed/train/genuine/original_11_10.png,data/processed/train/genuine/original_11_9.png,1,genuine_genuine,11,11
data/processed/train/genuine/original_10_8.png,data/processed/train/genuine/original_10_9.png,1,genuine_genuine,10,10
data/processed/train/genuine/original_25_18.png,data/processed/train/forged/forgeries_25_1.png,0,skilled_forgery,25,25
data/processed/validation/genuine/original_39_10.png,data/processed/validation/forged/forgeries_39_5.png,0,skilled_forgery,39,39
data/processed/train/genuine/original_35_18.png,data/processed/train/genuine/original_35_21.png,1,genuine_genuine,35,35
data/processed/train/genuine/original_33_20.png,data/processed/train/genuine/original_33_3.png,1,genuine_genuine,33,33
data/processed/train/genuine/original_16_14.png,data/processed/train/genuine/original_20_13.png,0,random_forgery,16,20
data/processed/train/genuine/original_12_2.png,data/processed/train/genuine/original_12_7.png,1,genuine_genuine,12,12
data/processed/train/genuine/original_34_16.png,data/processed/train/forged/forgeries_34_4.png,0,skilled_forgery,34,34
data/processed/train/genuine/original_31_19.png,data/processed/train/genuine/original_31_9.png,1,genuine_genuine,31,31
data/processed/train/genuine/original_28_24.png,data/processed/train/genuine/original_28_9.png,1,genuine_genuine,28,28
data/processed/train/genuine/original_11_24.png,data/processed/train/genuine/original_11_8.png,1,genuine_genuine,11,11
data/processed/train/genuine/original_20_11.png,data/processed/train/genuine/original_20_16.png,1,genuine_genuine,20,20
data/processed/train/genuine/original_30_8.png,data/processed/validation/genuine/original_37_13.png,0,random_forgery,30,37
data/processed/train/genuine/original_21_20.png,data/processed/train/forged/forgeries_21_3.png,0,skilled_forgery,21,21
data/processed/train/genuine/original_20_4.png,data/processed/train/forged/forgeries_20_24.png,0,skilled_forgery,20,20
data/processed/train/genuine/original_15_16.png,data/processed/train/forged/forgeries_15_9.png,0,skilled_forgery,15,15
data/processed/validation/genuine/original_43_23.png,data/processed/validation/genuine/original_43_3.png,1,genuine_genuine,43,43
data/processed/validation/genuine/original_41_12.png,data/processed/validation/genuine/original_41_8.png,1,genuine_genuine,41,41
data/processed/train/genuine/original_23_14.png,data/processed/train/forged/forgeries_23_2.png,0,skilled_forgery,23,23
data/processed/validation/genuine/original_43_13.png,data/processed/validation/genuine/original_43_5.png,1,genuine_genuine,43,43
data/processed/train/genuine/original_25_10.png,data/processed/train/genuine/original_25_16.png,1,genuine_genuine,25,25
data/processed/validation/genuine/original_44_9.png,data/processed/validation/forged/forgeries_44_11.png,0,skilled_forgery,44,44
data/processed/validation/genuine/original_43_6.png,data/processed/validation/forged/forgeries_43_15.png,0,skilled_forgery,43,43
data/processed/validation/genuine/original_38_19.png,data/processed/validation/genuine/original_38_8.png,1,genuine_genuine,38,38
data/processed/train/genuine/original_35_14.png,data/processed/train/genuine/original_35_3.png,1,genuine_genuine,35,35
data/processed/train/genuine/original_21_13.png,data/processed/train/genuine/original_21_5.png,1,genuine_genuine,21,21
data/processed/train/genuine/original_27_21.png,data/processed/train/forged/forgeries_27_5.png,0,skilled_forgery,27,27
data/processed/train/genuine/original_17_6.png,data/processed/train/forged/forgeries_17_2.png,0,skilled_forgery,17,17
data/processed/train/genuine/original_30_12.png,data/processed/train/genuine/original_30_22.png,1,genuine_genuine,30,30
data/processed/validation/genuine/original_38_4.png,data/processed/validation/genuine/original_38_6.png,1,genuine_genuine,38,38
data/processed/validation/genuine/original_40_6.png,data/processed/validation/genuine/original_40_8.png,1,genuine_genuine,40,40
data/processed/train/genuine/original_29_6.png,data/processed/train/forged/forgeries_29_13.png,0,skilled_forgery,29,29
data/processed/train/genuine/original_26_2.png,data/processed/train/genuine/original_26_5.png,1,genuine_genuine,26,26
data/processed/validation/genuine/original_39_12.png,data/processed/validation/forged/forgeries_39_22.png,0,skilled_forgery,39,39
data/processed/train/genuine/original_34_18.png,data/processed/train/genuine/original_14_14.png,0,random_forgery,34,14
data/processed/train/genuine/original_32_15.png,data/processed/train/forged/forgeries_32_12.png,0,skilled_forgery,32,32
data/processed/train/genuine/original_29_10.png,data/processed/train/genuine/original_29_17.png,1,genuine_genuine,29,29
data/processed/train/genuine/original_21_18.png,data/processed/train/genuine/original_21_20.png,1,genuine_genuine,21,21
data/processed/train/genuine/original_16_20.png,data/processed/train/genuine/original_16_3.png,1,genuine_genuine,16,16
data/processed/train/genuine/original_35_11.png,data/processed/train/forged/forgeries_35_18.png,0,skilled_forgery,35,35
data/processed/validation/genuine/original_37_11.png,data/processed/validation/genuine/original_37_15.png,1,genuine_genuine,37,37
data/processed/train/genuine/original_12_23.png,data/processed/validation/genuine/original_45_14.png,0,random_forgery,12,45
data/processed/train/genuine/original_21_17.png,data/processed/validation/genuine/original_45_12.png,0,random_forgery,21,45
data/processed/train/genuine/original_34_14.png,data/processed/train/forged/forgeries_34_6.png,0,skilled_forgery,34,34
data/processed/train/genuine/original_21_15.png,data/processed/validation/genuine/original_42_11.png,0,random_forgery,21,42
data/processed/train/genuine/original_32_12.png,data/processed/train/forged/forgeries_32_7.png,0,skilled_forgery,32,32
data/processed/train/genuine/original_26_22.png,data/processed/train/forged/forgeries_26_17.png,0,skilled_forgery,26,26
data/processed/validation/genuine/original_36_15.png,data/processed/validation/genuine/original_36_18.png,1,genuine_genuine,36,36
data/processed/train/genuine/original_16_3.png,data/processed/train/forged/forgeries_16_3.png,0,skilled_forgery,16,16
data/processed/train/genuine/original_27_13.png,data/processed/train/genuine/original_27_22.png,1,genuine_genuine,27,27
data/processed/validation/genuine/original_37_9.png,data/processed/validation/forged/forgeries_37_16.png,0,skilled_forgery,37,37
data/processed/train/genuine/original_30_16.png,data/processed/train/genuine/original_30_7.png,1,genuine_genuine,30,30
data/processed/validation/genuine/original_45_2.png,data/processed/validation/forged/forgeries_45_24.png,0,skilled_forgery,45,45
data/processed/train/genuine/original_12_10.png,data/processed/train/genuine/original_12_16.png,1,genuine_genuine,12,12
data/processed/validation/genuine/original_40_6.png,data/processed/validation/genuine/original_42_6.png,0,random_forgery,40,42
data/processed/validation/genuine/original_41_20.png,data/processed/validation/genuine/original_41_7.png,1,genuine_genuine,41,41
data/processed/train/genuine/original_32_3.png,data/processed/train/genuine/original_32_8.png,1,genuine_genuine,32,32
data/processed/train/genuine/original_11_9.png,data/processed/train/forged/forgeries_11_8.png,0,skilled_forgery,11,11
data/processed/train/genuine/original_34_21.png,data/processed/train/forged/forgeries_34_2.png,0,skilled_forgery,34,34
data/processed/train/genuine/original_10_3.png,data/processed/train/genuine/original_18_21.png,0,random_forgery,10,18
data/processed/train/genuine/original_15_5.png,data/processed/train/genuine/original_15_9.png,1,genuine_genuine,15,15
data/processed/validation/genuine/original_38_16.png,data/processed/validation/genuine/original_38_9.png,1,genuine_genuine,38,38
data/processed/validation/genuine/original_36_11.png,data/processed/validation/genuine/original_36_8.png,1,genuine_genuine,36,36
data/processed/train/genuine/original_26_1.png,data/processed/train/genuine/original_31_6.png,0,random_forgery,26,31
data/processed/train/genuine/original_17_18.png,data/processed/train/genuine/original_17_20.png,1,genuine_genuine,17,17
data/processed/train/genuine/original_25_13.png,data/processed/train/genuine/original_25_6.png,1,genuine_genuine,25,25
data/processed/train/genuine/original_26_7.png,data/processed/train/forged/forgeries_26_10.png,0,skilled_forgery,26,26
data/processed/train/genuine/original_10_21.png,data/processed/train/genuine/original_10_24.png,1,genuine_genuine,10,10
data/processed/train/genuine/original_30_11.png,data/processed/train/genuine/original_30_22.png,1,genuine_genuine,30,30
data/processed/validation/genuine/original_41_1.png,data/processed/validation/forged/forgeries_41_16.png,0,skilled_forgery,41,41
data/processed/validation/genuine/original_42_18.png,data/processed/validation/genuine/original_42_6.png,1,genuine_genuine,42,42
data/processed/train/genuine/original_17_17.png,data/processed/train/genuine/original_17_4.png,1,genuine_genuine,17,17
data/processed/validation/genuine/original_43_9.png,data/processed/validation/forged/forgeries_43_1.png,0,skilled_forgery,43,43
data/processed/validation/genuine/original_39_4.png,data/processed/validation/forged/forgeries_39_14.png,0,skilled_forgery,39,39
data/processed/train/genuine/original_16_1.png,data/processed/train/genuine/original_16_5.png,1,genuine_genuine,16,16
data/processed/train/genuine/original_31_19.png,data/processed/train/genuine/original_31_23.png,1,genuine_genuine,31,31
data/processed/train/genuine/original_13_15.png,data/processed/train/forged/forgeries_13_23.png,0,skilled_forgery,13,13
data/processed/train/genuine/original_27_17.png,data/processed/train/forged/forgeries_27_4.png,0,skilled_forgery,27,27
data/processed/train/genuine/original_27_13.png,data/processed/train/genuine/original_27_4.png,1,genuine_genuine,27,27
data/processed/validation/genuine/original_42_1.png,data/processed/validation/genuine/original_42_23.png,1,genuine_genuine,42,42
data/processed/train/genuine/original_26_9.png,data/processed/validation/genuine/original_45_5.png,0,random_forgery,26,45
data/processed/validation/genuine/original_36_10.png,data/processed/validation/genuine/original_36_21.png,1,genuine_genuine,36,36
data/processed/train/genuine/original_10_12.png,data/processed/train/forged/forgeries_10_7.png,0,skilled_forgery,10,10
data/processed/validation/genuine/original_38_1.png,data/processed/validation/genuine/original_38_6.png,1,genuine_genuine,38,38
data/processed/validation/genuine/original_40_19.png,data/processed/train/genuine/original_24_23.png,0,random_forgery,40,24
data/processed/train/genuine/original_18_17.png,data/processed/train/genuine/original_18_21.png,1,genuine_genuine,18,18
data/processed/train/genuine/original_29_20.png,data/processed/train/genuine/original_29_23.png,1,genuine_genuine,29,29
data/processed/train/genuine/original_28_14.png,data/processed/train/genuine/original_28_4.png,1,genuine_genuine,28,28
data/processed/train/genuine/original_29_24.png,data/processed/validation/genuine/original_41_15.png,0,random_forgery,29,41
data/processed/train/genuine/original_19_9.png,data/processed/train/forged/forgeries_19_2.png,0,skilled_forgery,19,19
data/processed/validation/genuine/original_36_12.png,data/processed/validation/genuine/original_36_8.png,1,genuine_genuine,36,36
data/processed/validation/genuine/original_41_21.png,data/processed/validation/genuine/original_37_15.png,0,random_forgery,41,37
data/processed/train/genuine/original_18_1.png,data/processed/train/genuine/original_18_19.png,1,genuine_genuine,18,18
data/processed/validation/genuine/original_45_14.png,data/processed/train/genuine/original_35_6.png,0,random_forgery,45,35
data/processed/train/genuine/original_16_5.png,data/processed/train/forged/forgeries_16_19.png,0,skilled_forgery,16,16
data/processed/train/genuine/original_24_13.png,data/processed/train/genuine/original_24_5.png,1,genuine_genuine,24,24
data/processed/train/genuine/original_23_16.png,data/processed/train/genuine/original_23_9.png,1,genuine_genuine,23,23
data/processed/validation/genuine/original_43_24.png,data/processed/validation/genuine/original_43_8.png,1,genuine_genuine,43,43
data/processed/train/genuine/original_14_5.png,data/processed/train/genuine/original_33_1.png,0,random_forgery,14,33
data/processed/validation/genuine/original_42_7.png,data/processed/validation/genuine/original_42_8.png,1,genuine_genuine,42,42
data/processed/train/genuine/original_22_10.png,data/processed/train/genuine/original_22_19.png,1,genuine_genuine,22,22
data/processed/train/genuine/original_26_1.png,data/processed/train/genuine/original_26_10.png,1,genuine_genuine,26,26
data/processed/train/genuine/original_18_18.png,data/processed/train/forged/forgeries_18_15.png,0,skilled_forgery,18,18
data/processed/train/genuine/original_28_16.png,data/processed/validation/genuine/original_42_8.png,0,random_forgery,28,42
data/processed/train/genuine/original_21_3.png,data/processed/train/forged/forgeries_21_21.png,0,skilled_forgery,21,21
data/processed/validation/genuine/original_45_18.png,data/processed/validation/forged/forgeries_45_7.png,0,skilled_forgery,45,45
data/processed/train/genuine/original_17_23.png,data/processed/train/forged/forgeries_17_6.png,0,skilled_forgery,17,17
data/processed/train/genuine/original_17_17.png,data/processed/train/forged/forgeries_17_8.png,0,skilled_forgery,17,17
data/processed/validation/genuine/original_39_10.png,data/processed/train/genuine/original_21_13.png,0,random_forgery,39,21
data/processed/validation/genuine/original_41_14.png,data/processed/validation/genuine/original_41_15.png,1,genuine_genuine,41,41
data/processed/validation/genuine/original_45_18.png,data/processed/validation/forged/forgeries_45_10.png,0,skilled_forgery,45,45
data/processed/train/genuine/original_13_11.png,data/processed/train/genuine/original_13_17.png,1,genuine_genuine,13,13
data/processed/train/genuine/original_23_11.png,data/processed/train/genuine/original_23_9.png,1,genuine_genuine,23,23
data/processed/train/genuine/original_19_2.png,data/processed/train/genuine/original_23_22.png,0,random_forgery,19,23
data/processed/validation/genuine/original_40_18.png,data/processed/validation/genuine/original_40_8.png,1,genuine_genuine,40,40
data/processed/train/genuine/original_24_10.png,data/processed/train/genuine/original_24_19.png,1,genuine_genuine,24,24
data/processed/validation/genuine/original_38_19.png,data/processed/validation/forged/forgeries_38_1.png,0,skilled_forgery,38,38
data/processed/validation/genuine/original_41_1.png,data/processed/validation/forged/forgeries_41_19.png,0,skilled_forgery,41,41
data/processed/train/genuine/original_33_3.png,data/processed/train/genuine/original_33_7.png,1,genuine_genuine,33,33
data/processed/train/genuine/original_35_11.png,data/processed/train/genuine/original_20_6.png,0,random_forgery,35,20
data/processed/train/genuine/original_12_11.png,data/processed/train/genuine/original_12_21.png,1,genuine_genuine,12,12
data/processed/train/genuine/original_18_17.png,data/processed/train/genuine/original_18_6.png,1,genuine_genuine,18,18
data/processed/train/genuine/original_21_13.png,data/processed/train/genuine/original_21_9.png,1,genuine_genuine,21,21
data/processed/validation/genuine/original_36_5.png,data/processed/validation/forged/forgeries_36_9.png,0,skilled_forgery,36,36
data/processed/train/genuine/original_19_18.png,data/processed/train/genuine/original_19_9.png,1,genuine_genuine,19,19
data/processed/validation/genuine/original_39_22.png,data/processed/train/genuine/original_27_18.png,0,random_forgery,39,27
data/processed/validation/genuine/original_43_23.png,data/processed/validation/genuine/original_43_4.png,1,genuine_genuine,43,43
data/processed/train/genuine/original_14_6.png,data/processed/train/genuine/original_33_18.png,0,random_forgery,14,33
data/processed/validation/genuine/original_40_20.png,data/processed/validation/genuine/original_40_24.png,1,genuine_genuine,40,40
data/processed/validation/genuine/original_37_23.png,data/processed/validation/genuine/original_37_4.png,1,genuine_genuine,37,37
data/processed/train/genuine/original_15_17.png,data/processed/train/genuine/original_15_21.png,1,genuine_genuine,15,15
data/processed/train/genuine/original_34_11.png,data/processed/train/genuine/original_34_9.png,1,genuine_genuine,34,34
data/processed/validation/genuine/original_40_20.png,data/processed/validation/genuine/original_40_3.png,1,genuine_genuine,40,40
data/processed/train/genuine/original_29_10.png,data/processed/train/genuine/original_29_15.png,1,genuine_genuine,29,29
data/processed/train/genuine/original_22_1.png,data/processed/train/genuine/original_22_9.png,1,genuine_genuine,22,22
data/processed/train/genuine/original_34_8.png,data/processed/train/forged/forgeries_34_2.png,0,skilled_forgery,34,34
data/processed/validation/genuine/original_44_10.png,data/processed/validation/forged/forgeries_44_16.png,0,skilled_forgery,44,44
data/processed/train/genuine/original_29_1.png,data/processed/train/genuine/original_32_12.png,0,random_forgery,29,32
data/processed/validation/genuine/original_40_14.png,data/processed/validation/genuine/original_40_23.png,1,genuine_genuine,40,40
data/processed/train/genuine/original_20_15.png,data/processed/train/genuine/original_20_4.png,1,genuine_genuine,20,20
data/processed/train/genuine/original_13_21.png,data/processed/train/forged/forgeries_13_5.png,0,skilled_forgery,13,13
data/processed/validation/genuine/original_41_16.png,data/processed/validation/genuine/original_41_23.png,1,genuine_genuine,41,41
data/processed/train/genuine/original_17_5.png,data/processed/train/genuine/original_16_2.png,0,random_forgery,17,16
data/processed/validation/genuine/original_43_14.png,data/processed/train/genuine/original_26_20.png,0,random_forgery,43,26
data/processed/validation/genuine/original_43_11.png,data/processed/validation/genuine/original_43_5.png,1,genuine_genuine,43,43
data/processed/validation/genuine/original_41_18.png,data/processed/validation/genuine/original_36_12.png,0,random_forgery,41,36
data/processed/train/genuine/original_35_10.png,data/processed/train/genuine/original_12_17.png,0,random_forgery,35,12
data/processed/validation/genuine/original_44_10.png,data/processed/validation/genuine/original_44_21.png,1,genuine_genuine,44,44
data/processed/train/genuine/original_21_20.png,data/processed/train/forged/forgeries_21_19.png,0,skilled_forgery,21,21
data/processed/validation/genuine/original_44_10.png,data/processed/validation/forged/forgeries_44_8.png,0,skilled_forgery,44,44
data/processed/train/genuine/original_15_12.png,data/processed/train/genuine/original_15_3.png,1,genuine_genuine,15,15
data/processed/train/genuine/original_28_4.png,data/processed/train/genuine/original_28_9.png,1,genuine_genuine,28,28
data/processed/train/genuine/original_24_11.png,data/processed/train/genuine/original_24_9.png,1,genuine_genuine,24,24
data/processed/train/genuine/original_21_10.png,data/processed/train/genuine/original_21_5.png,1,genuine_genuine,21,21
data/processed/train/genuine/original_11_15.png,data/processed/train/forged/forgeries_11_21.png,0,skilled_forgery,11,11
data/processed/train/genuine/original_31_21.png,data/processed/train/forged/forgeries_31_9.png,0,skilled_forgery,31,31
data/processed/validation/genuine/original_40_10.png,data/processed/validation/forged/forgeries_40_15.png,0,skilled_forgery,40,40
data/processed/validation/genuine/original_44_10.png,data/processed/validation/genuine/original_44_6.png,1,genuine_genuine,44,44
data/processed/train/genuine/original_10_1.png,data/processed/train/genuine/original_10_14.png,1,genuine_genuine,10,10
data/processed/train/genuine/original_14_12.png,data/processed/train/genuine/original_11_20.png,0,random_forgery,14,11
data/processed/train/genuine/original_19_5.png,data/processed/train/forged/forgeries_19_3.png,0,skilled_forgery,19,19
data/processed/validation/genuine/original_36_18.png,data/processed/validation/genuine/original_36_24.png,1,genuine_genuine,36,36
data/processed/train/genuine/original_24_10.png,data/processed/train/genuine/original_24_3.png,1,genuine_genuine,24,24
data/processed/train/genuine/original_33_12.png,data/processed/train/genuine/original_33_24.png,1,genuine_genuine,33,33
data/processed/train/genuine/original_22_16.png,data/processed/train/genuine/original_22_7.png,1,genuine_genuine,22,22
data/processed/train/genuine/original_20_18.png,data/processed/train/forged/forgeries_20_22.png,0,skilled_forgery,20,20
data/processed/validation/genuine/original_39_17.png,data/processed/validation/forged/forgeries_39_20.png,0,skilled_forgery,39,39
data/processed/train/genuine/original_10_23.png,data/processed/train/genuine/original_29_23.png,0,random_forgery,10,29
data/processed/train/genuine/original_33_10.png,data/processed/train/forged/forgeries_33_14.png,0,skilled_forgery,33,33
data/processed/train/genuine/original_27_15.png,data/processed/train/genuine/original_27_18.png,1,genuine_genuine,27,27
data/processed/train/genuine/original_29_5.png,data/processed/validation/genuine/original_43_23.png,0,random_forgery,29,43
data/processed/train/genuine/original_27_15.png,data/processed/train/genuine/original_27_4.png,1,genuine_genuine,27,27
data/processed/train/genuine/original_28_1.png,data/processed/train/genuine/original_28_18.png,1,genuine_genuine,28,28
data/processed/validation/genuine/original_43_4.png,data/processed/train/genuine/original_20_1.png,0,random_forgery,43,20
data/processed/train/genuine/original_33_16.png,data/processed/train/genuine/original_33_2.png,1,genuine_genuine,33,33
data/processed/train/genuine/original_35_17.png,data/processed/train/genuine/original_35_19.png,1,genuine_genuine,35,35
data/processed/validation/genuine/original_43_23.png,data/processed/validation/genuine/original_43_7.png,1,genuine_genuine,43,43
data/processed/train/genuine/original_12_4.png,data/processed/train/genuine/original_13_16.png,0,random_forgery,12,13
data/processed/train/genuine/original_30_20.png,data/processed/train/genuine/original_21_16.png,0,random_forgery,30,21
data/processed/train/genuine/original_18_3.png,data/processed/train/genuine/original_18_9.png,1,genuine_genuine,18,18
data/processed/train/genuine/original_12_19.png,data/processed/train/forged/forgeries_12_2.png,0,skilled_forgery,12,12
data/processed/train/genuine/original_27_5.png,data/processed/train/genuine/original_27_9.png,1,genuine_genuine,27,27
data/processed/train/genuine/original_29_11.png,data/processed/train/forged/forgeries_29_13.png,0,skilled_forgery,29,29
data/processed/train/genuine/original_30_19.png,data/processed/train/genuine/original_30_23.png,1,genuine_genuine,30,30
data/processed/validation/genuine/original_39_5.png,data/processed/validation/forged/forgeries_39_2.png,0,skilled_forgery,39,39
data/processed/train/genuine/original_10_18.png,data/processed/validation/genuine/original_38_4.png,0,random_forgery,10,38
data/processed/train/genuine/original_13_8.png,data/processed/train/forged/forgeries_13_2.png,0,skilled_forgery,13,13
data/processed/train/genuine/original_32_18.png,data/processed/train/genuine/original_32_6.png,1,genuine_genuine,32,32
data/processed/train/genuine/original_13_7.png,data/processed/train/forged/forgeries_13_9.png,0,skilled_forgery,13,13
data/processed/train/genuine/original_17_19.png,data/processed/train/genuine/original_27_5.png,0,random_forgery,17,27
data/processed/train/genuine/original_24_1.png,data/processed/train/forged/forgeries_24_11.png,0,skilled_forgery,24,24
data/processed/validation/genuine/original_45_24.png,data/processed/validation/genuine/original_45_3.png,1,genuine_genuine,45,45
data/processed/train/genuine/original_23_10.png,data/processed/train/forged/forgeries_23_8.png,0,skilled_forgery,23,23
data/processed/validation/genuine/original_43_12.png,data/processed/validation/genuine/original_43_17.png,1,genuine_genuine,43,43
data/processed/train/genuine/original_10_17.png,data/processed/train/genuine/original_10_18.png,1,genuine_genuine,10,10
data/processed/train/genuine/original_27_19.png,data/processed/train/forged/forgeries_27_15.png,0,skilled_forgery,27,27
data/processed/train/genuine/original_15_1.png,data/processed/train/genuine/original_15_19.png,1,genuine_genuine,15,15
data/processed/train/genuine/original_19_11.png,data/processed/train/forged/forgeries_19_9.png,0,skilled_forgery,19,19
data/processed/train/genuine/original_17_4.png,data/processed/train/genuine/original_17_9.png,1,genuine_genuine,17,17
data/processed/validation/genuine/original_44_8.png,data/processed/train/genuine/original_21_15.png,0,random_forgery,44,21
data/processed/train/genuine/original_10_12.png,data/processed/validation/genuine/original_42_1.png,0,random_forgery,10,42
data/processed/validation/genuine/original_39_4.png,data/processed/validation/forged/forgeries_39_13.png,0,skilled_forgery,39,39
data/processed/train/genuine/original_32_16.png,data/processed/train/forged/forgeries_32_9.png,0,skilled_forgery,32,32
data/processed/train/genuine/original_34_9.png,data/processed/train/genuine/original_21_1.png,0,random_forgery,34,21
data/processed/train/genuine/original_16_13.png,data/processed/validation/genuine/original_45_20.png,0,random_forgery,16,45
data/processed/train/genuine/original_29_19.png,data/processed/train/genuine/original_29_21.png,1,genuine_genuine,29,29
data/processed/train/genuine/original_28_10.png,data/processed/train/genuine/original_28_24.png,1,genuine_genuine,28,28
data/processed/validation/genuine/original_37_13.png,data/processed/validation/genuine/original_37_4.png,1,genuine_genuine,37,37
data/processed/train/genuine/original_17_12.png,data/processed/train/genuine/original_17_14.png,1,genuine_genuine,17,17
data/processed/train/genuine/original_13_13.png,data/processed/train/genuine/original_13_8.png,1,genuine_genuine,13,13
data/processed/train/genuine/original_31_22.png,data/processed/validation/genuine/original_37_3.png,0,random_forgery,31,37
data/processed/train/genuine/original_17_23.png,data/processed/train/forged/forgeries_17_24.png,0,skilled_forgery,17,17
data/processed/validation/genuine/original_36_1.png,data/processed/validation/genuine/original_36_7.png,1,genuine_genuine,36,36
data/processed/train/genuine/original_17_1.png,data/processed/train/genuine/original_17_21.png,1,genuine_genuine,17,17
data/processed/train/genuine/original_19_21.png,data/processed/validation/genuine/original_38_11.png,0,random_forgery,19,38
data/processed/train/genuine/original_30_7.png,data/processed/train/genuine/original_30_9.png,1,genuine_genuine,30,30
data/processed/validation/genuine/original_44_4.png,data/processed/validation/genuine/original_44_8.png,1,genuine_genuine,44,44
data/processed/train/genuine/original_30_16.png,data/processed/train/genuine/original_30_24.png,1,genuine_genuine,30,30
data/processed/validation/genuine/original_44_12.png,data/processed/train/genuine/original_20_20.png,0,random_forgery,44,20
data/processed/train/genuine/original_27_8.png,data/processed/train/genuine/original_28_20.png,0,random_forgery,27,28
data/processed/train/genuine/original_22_24.png,data/processed/train/genuine/original_22_3.png,1,genuine_genuine,22,22
data/processed/train/genuine/original_15_17.png,data/processed/validation/genuine/original_43_20.png,0,random_forgery,15,43
data/processed/train/genuine/original_24_22.png,data/processed/train/forged/forgeries_24_5.png,0,skilled_forgery,24,24
data/processed/train/genuine/original_35_17.png,data/processed/train/forged/forgeries_35_10.png,0,skilled_forgery,35,35
data/processed/train/genuine/original_20_10.png,data/processed/train/genuine/original_20_12.png,1,genuine_genuine,20,20
data/processed/train/genuine/original_12_16.png,data/processed/train/forged/forgeries_12_23.png,0,skilled_forgery,12,12
data/processed/train/genuine/original_12_17.png,data/processed/train/genuine/original_12_22.png,1,genuine_genuine,12,12
data/processed/validation/genuine/original_38_3.png,data/processed/validation/genuine/original_38_6.png,1,genuine_genuine,38,38
data/processed/train/genuine/original_29_23.png,data/processed/train/genuine/original_29_5.png,1,genuine_genuine,29,29
data/processed/train/genuine/original_23_13.png,data/processed/train/genuine/original_10_5.png,0,random_forgery,23,10
data/processed/train/genuine/original_23_13.png,data/processed/train/genuine/original_23_20.png,1,genuine_genuine,23,23
data/processed/train/genuine/original_10_16.png,data/processed/train/genuine/original_10_6.png,1,genuine_genuine,10,10
data/processed/train/genuine/original_23_3.png,data/processed/train/forged/forgeries_23_24.png,0,skilled_forgery,23,23
data/processed/validation/genuine/original_42_11.png,data/processed/validation/forged/forgeries_42_16.png,0,skilled_forgery,42,42
data/processed/train/genuine/original_23_17.png,data/processed/train/forged/forgeries_23_13.png,0,skilled_forgery,23,23
data/processed/validation/genuine/original_41_14.png,data/processed/train/genuine/original_34_2.png,0,random_forgery,41,34
data/processed/train/genuine/original_33_22.png,data/processed/validation/genuine/original_44_21.png,0,random_forgery,33,44
data/processed/validation/genuine/original_42_19.png,data/processed/validation/genuine/original_36_4.png,0,random_forgery,42,36
data/processed/train/genuine/original_30_7.png,data/processed/train/genuine/original_13_8.png,0,random_forgery,30,13
data/processed/train/genuine/original_24_23.png,data/processed/train/forged/forgeries_24_18.png,0,skilled_forgery,24,24
data/processed/train/genuine/original_17_7.png,data/processed/train/forged/forgeries_17_2.png,0,skilled_forgery,17,17
data/processed/validation/genuine/original_39_24.png,data/processed/validation/forged/forgeries_39_10.png,0,skilled_forgery,39,39
data/processed/validation/genuine/original_39_23.png,data/processed/validation/forged/forgeries_39_12.png,0,skilled_forgery,39,39
data/processed/train/genuine/original_18_23.png,data/processed/train/forged/forgeries_18_19.png,0,skilled_forgery,18,18
data/processed/train/genuine/original_12_10.png,data/processed/train/forged/forgeries_12_3.png,0,skilled_forgery,12,12
data/processed/validation/genuine/original_41_1.png,data/processed/validation/genuine/original_41_6.png,1,genuine_genuine,41,41
data/processed/train/genuine/original_14_21.png,data/processed/train/forged/forgeries_14_15.png,0,skilled_forgery,14,14
data/processed/train/genuine/original_21_17.png,data/processed/train/forged/forgeries_21_3.png,0,skilled_forgery,21,21
data/processed/train/genuine/original_21_13.png,data/processed/train/forged/forgeries_21_6.png,0,skilled_forgery,21,21
data/processed/train/genuine/original_28_20.png,data/processed/train/forged/forgeries_28_15.png,0,skilled_forgery,28,28
data/processed/train/genuine/original_35_10.png,data/processed/train/genuine/original_35_12.png,1,genuine_genuine,35,35
data/processed/train/genuine/original_17_2.png,data/processed/train/genuine/original_17_20.png,1,genuine_genuine,17,17
data/processed/train/genuine/original_34_1.png,data/processed/train/forged/forgeries_34_20.png,0,skilled_forgery,34,34
data/processed/train/genuine/original_24_12.png,data/processed/train/genuine/original_24_4.png,1,genuine_genuine,24,24
data/processed/validation/genuine/original_39_15.png,data/processed/train/genuine/original_34_17.png,0,random_forgery,39,34
data/processed/train/genuine/original_32_15.png,data/processed/train/forged/forgeries_32_20.png,0,skilled_forgery,32,32
data/processed/validation/genuine/original_45_20.png,data/processed/validation/genuine/original_45_9.png,1,genuine_genuine,45,45
data/processed/validation/genuine/original_42_19.png,data/processed/train/genuine/original_14_15.png,0,random_forgery,42,14
data/processed/validation/genuine/original_38_3.png,data/processed/validation/genuine/original_38_4.png,1,genuine_genuine,38,38
data/processed/train/genuine/original_22_17.png,data/processed/validation/genuine/original_37_24.png,0,random_forgery,22,37
data/processed/validation/genuine/original_45_13.png,data/processed/validation/genuine/original_45_22.png,1,genuine_genuine,45,45
data/processed/train/genuine/original_21_4.png,data/processed/train/forged/forgeries_21_22.png,0,skilled_forgery,21,21
data/processed/train/genuine/original_31_2.png,data/processed/train/genuine/original_31_3.png,1,genuine_genuine,31,31
data/processed/train/genuine/original_18_9.png,data/processed/train/forged/forgeries_18_17.png,0,skilled_forgery,18,18
data/processed/train/genuine/original_33_8.png,data/processed/train/genuine/original_26_6.png,0,random_forgery,33,26
data/processed/train/genuine/original_31_15.png,data/processed/train/genuine/original_16_9.png,0,random_forgery,31,16
data/processed/train/genuine/original_27_15.png,data/processed/train/genuine/original_27_23.png,1,genuine_genuine,27,27
data/processed/validation/genuine/original_42_2.png,data/processed/validation/genuine/original_42_9.png,1,genuine_genuine,42,42
data/processed/train/genuine/original_33_10.png,data/processed/train/genuine/original_33_18.png,1,genuine_genuine,33,33
data/processed/train/genuine/original_13_15.png,data/processed/train/genuine/original_12_19.png,0,random_forgery,13,12
data/processed/train/genuine/original_10_23.png,data/processed/train/forged/forgeries_10_7.png,0,skilled_forgery,10,10
data/processed/train/genuine/original_19_20.png,data/processed/validation/genuine/original_44_17.png,0,random_forgery,19,44
data/processed/train/genuine/original_28_23.png,data/processed/train/forged/forgeries_28_18.png,0,skilled_forgery,28,28
data/processed/validation/genuine/original_42_9.png,data/processed/validation/forged/forgeries_42_22.png,0,skilled_forgery,42,42
data/processed/validation/genuine/original_40_22.png,data/processed/validation/genuine/original_40_23.png,1,genuine_genuine,40,40
data/processed/train/genuine/original_24_21.png,data/processed/train/genuine/original_24_6.png,1,genuine_genuine,24,24
data/processed/train/genuine/original_28_22.png,data/processed/train/genuine/original_22_7.png,0,random_forgery,28,22
data/processed/train/genuine/original_16_14.png,data/processed/train/genuine/original_11_22.png,0,random_forgery,16,11
data/processed/validation/genuine/original_36_24.png,data/processed/validation/genuine/original_36_9.png,1,genuine_genuine,36,36
data/processed/train/genuine/original_22_15.png,data/processed/train/genuine/original_22_8.png,1,genuine_genuine,22,22
data/processed/validation/genuine/original_42_21.png,data/processed/validation/genuine/original_42_23.png,1,genuine_genuine,42,42
data/processed/train/genuine/original_29_24.png,data/processed/validation/genuine/original_36_4.png,0,random_forgery,29,36
data/processed/train/genuine/original_18_5.png,data/processed/validation/genuine/original_45_21.png,0,random_forgery,18,45
data/processed/train/genuine/original_19_1.png,data/processed/train/genuine/original_19_4.png,1,genuine_genuine,19,19
data/processed/train/genuine/original_25_19.png,data/processed/train/genuine/original_28_2.png,0,random_forgery,25,28
data/processed/train/genuine/original_12_12.png,data/processed/train/forged/forgeries_12_1.png,0,skilled_forgery,12,12
data/processed/train/genuine/original_23_7.png,data/processed/validation/genuine/original_43_24.png,0,random_forgery,23,43
data/processed/train/genuine/original_17_3.png,data/processed/train/forged/forgeries_17_13.png,0,skilled_forgery,17,17
data/processed/train/genuine/original_15_15.png,data/processed/train/genuine/original_15_7.png,1,genuine_genuine,15,15
data/processed/train/genuine/original_20_6.png,data/processed/train/forged/forgeries_20_4.png,0,skilled_forgery,20,20
data/processed/train/genuine/original_29_1.png,data/processed/train/genuine/original_29_21.png,1,genuine_genuine,29,29
data/processed/train/genuine/original_15_12.png,data/processed/train/genuine/original_15_5.png,1,genuine_genuine,15,15
data/processed/train/genuine/original_27_20.png,data/processed/train/forged/forgeries_27_2.png,0,skilled_forgery,27,27
data/processed/validation/genuine/original_40_21.png,data/processed/validation/forged/forgeries_40_1.png,0,skilled_forgery,40,40
data/processed/train/genuine/original_18_17.png,data/processed/train/genuine/original_29_10.png,0,random_forgery,18,29
data/processed/validation/genuine/original_37_19.png,data/processed/validation/genuine/original_37_23.png,1,genuine_genuine,37,37
data/processed/validation/genuine/original_37_4.png,data/processed/validation/forged/forgeries_37_4.png,0,skilled_forgery,37,37
data/processed/train/genuine/original_12_14.png,data/processed/train/genuine/original_12_7.png,1,genuine_genuine,12,12
data/processed/validation/genuine/original_43_10.png,data/processed/validation/forged/forgeries_43_18.png,0,skilled_forgery,43,43
data/processed/validation/genuine/original_41_15.png,data/processed/validation/genuine/original_41_17.png,1,genuine_genuine,41,41
data/processed/train/genuine/original_19_3.png,data/processed/train/genuine/original_19_4.png,1,genuine_genuine,19,19
data/processed/train/genuine/original_22_16.png,data/processed/train/genuine/original_22_2.png,1,genuine_genuine,22,22
data/processed/train/genuine/original_23_2.png,data/processed/train/genuine/original_20_24.png,0,random_forgery,23,20
data/processed/train/genuine/original_16_11.png,data/processed/train/genuine/original_16_22.png,1,genuine_genuine,16,16
data/processed/train/genuine/original_12_12.png,data/processed/train/genuine/original_12_19.png,1,genuine_genuine,12,12
data/processed/train/genuine/original_25_11.png,data/processed/train/genuine/original_25_7.png,1,genuine_genuine,25,25
data/processed/train/genuine/original_29_4.png,data/processed/train/genuine/original_29_9.png,1,genuine_genuine,29,29
data/processed/validation/genuine/original_44_10.png,data/processed/train/genuine/original_12_18.png,0,random_forgery,44,12
data/processed/train/genuine/original_11_11.png,data/processed/train/genuine/original_11_16.png,1,genuine_genuine,11,11
data/processed/train/genuine/original_25_10.png,data/processed/train/genuine/original_25_24.png,1,genuine_genuine,25,25
data/processed/train/genuine/original_26_1.png,data/processed/train/genuine/original_26_9.png,1,genuine_genuine,26,26
data/processed/train/genuine/original_21_19.png,data/processed/train/genuine/original_21_20.png,1,genuine_genuine,21,21
data/processed/train/genuine/original_17_16.png,data/processed/train/genuine/original_17_4.png,1,genuine_genuine,17,17
data/processed/train/genuine/original_30_16.png,data/processed/train/genuine/original_30_5.png,1,genuine_genuine,30,30
data/processed/train/genuine/original_14_1.png,data/processed/train/genuine/original_14_21.png,1,genuine_genuine,14,14
data/processed/train/genuine/original_26_20.png,data/processed/train/forged/forgeries_26_12.png,0,skilled_forgery,26,26
data/processed/train/genuine/original_17_23.png,data/processed/train/genuine/original_17_24.png,1,genuine_genuine,17,17
data/processed/train/genuine/original_11_13.png,data/processed/train/genuine/original_11_18.png,1,genuine_genuine,11,11
data/processed/train/genuine/original_15_15.png,data/processed/train/forged/forgeries_15_11.png,0,skilled_forgery,15,15
data/processed/train/genuine/original_10_11.png,data/processed/train/genuine/original_10_17.png,1,genuine_genuine,10,10
data/processed/train/genuine/original_16_10.png,data/processed/train/genuine/original_35_14.png,0,random_forgery,16,35
data/processed/train/genuine/original_34_12.png,data/processed/train/genuine/original_34_20.png,1,genuine_genuine,34,34
data/processed/train/genuine/original_17_21.png,data/processed/train/genuine/original_17_24.png,1,genuine_genuine,17,17
data/processed/train/genuine/original_33_10.png,data/processed/train/genuine/original_33_4.png,1,genuine_genuine,33,33
data/processed/train/genuine/original_20_14.png,data/processed/train/genuine/original_20_7.png,1,genuine_genuine,20,20
data/processed/train/genuine/original_16_2.png,data/processed/train/genuine/original_16_5.png,1,genuine_genuine,16,16
data/processed/train/genuine/original_25_1.png,data/processed/train/forged/forgeries_25_16.png,0,skilled_forgery,25,25
data/processed/validation/genuine/original_43_9.png,data/processed/validation/forged/forgeries_43_5.png,0,skilled_forgery,43,43
data/processed/train/genuine/original_34_15.png,data/processed/train/genuine/original_34_5.png,1,genuine_genuine,34,34
data/processed/validation/genuine/original_37_9.png,data/processed/train/genuine/original_21_11.png,0,random_forgery,37,21
data/processed/validation/genuine/original_36_10.png,data/processed/validation/forged/forgeries_36_15.png,0,skilled_forgery,36,36
data/processed/train/genuine/original_25_14.png,data/processed/train/genuine/original_26_4.png,0,random_forgery,25,26
data/processed/validation/genuine/original_36_10.png,data/processed/validation/forged/forgeries_36_20.png,0,skilled_forgery,36,36
data/processed/train/genuine/original_34_7.png,data/processed/train/genuine/original_34_9.png,1,genuine_genuine,34,34
data/processed/train/genuine/original_22_13.png,data/processed/train/genuine/original_22_18.png,1,genuine_genuine,22,22
data/processed/train/genuine/original_12_18.png,data/processed/train/forged/forgeries_12_1.png,0,skilled_forgery,12,12
data/processed/train/genuine/original_13_18.png,data/processed/validation/genuine/original_39_22.png,0,random_forgery,13,39
data/processed/train/genuine/original_27_14.png,data/processed/train/genuine/original_27_19.png,1,genuine_genuine,27,27
data/processed/train/genuine/original_18_12.png,data/processed/train/forged/forgeries_18_18.png,0,skilled_forgery,18,18
data/processed/validation/genuine/original_39_12.png,data/processed/validation/genuine/original_39_3.png,1,genuine_genuine,39,39
data/processed/validation/genuine/original_41_20.png,data/processed/validation/genuine/original_41_23.png,1,genuine_genuine,41,41
data/processed/validation/genuine/original_42_6.png,data/processed/validation/forged/forgeries_42_10.png,0,skilled_forgery,42,42
data/processed/train/genuine/original_33_18.png,data/processed/train/genuine/original_33_23.png,1,genuine_genuine,33,33
data/processed/train/genuine/original_27_18.png,data/processed/train/forged/forgeries_27_3.png,0,skilled_forgery,27,27
data/processed/train/genuine/original_10_18.png,data/processed/train/genuine/original_10_9.png,1,genuine_genuine,10,10
data/processed/validation/genuine/original_36_17.png,data/processed/validation/genuine/original_36_8.png,1,genuine_genuine,36,36
data/processed/validation/genuine/original_39_1.png,data/processed/validation/genuine/original_37_22.png,0,random_forgery,39,37
data/processed/train/genuine/original_33_6.png,data/processed/train/forged/forgeries_33_9.png,0,skilled_forgery,33,33
data/processed/train/genuine/original_17_19.png,data/processed/train/genuine/original_17_9.png,1,genuine_genuine,17,17
data/processed/train/genuine/original_15_12.png,data/processed/validation/genuine/original_37_2.png,0,random_forgery,15,37
data/processed/train/genuine/original_10_5.png,data/processed/train/forged/forgeries_10_14.png,0,skilled_forgery,10,10
data/processed/train/genuine/original_14_13.png,data/processed/train/genuine/original_14_8.png,1,genuine_genuine,14,14
data/processed/train/genuine/original_20_20.png,data/processed/train/genuine/original_20_4.png,1,genuine_genuine,20,20
data/processed/train/genuine/original_20_16.png,data/processed/train/forged/forgeries_20_11.png,0,skilled_forgery,20,20
data/processed/train/genuine/original_17_6.png,data/processed/train/genuine/original_13_2.png,0,random_forgery,17,13
data/processed/train/genuine/original_24_15.png,data/processed/train/genuine/original_24_19.png,1,genuine_genuine,24,24
data/processed/train/genuine/original_12_13.png,data/processed/train/genuine/original_12_24.png,1,genuine_genuine,12,12
data/processed/train/genuine/original_18_12.png,data/processed/train/genuine/original_18_13.png,1,genuine_genuine,18,18
data/processed/train/genuine/original_18_8.png,data/processed/train/genuine/original_15_4.png,0,random_forgery,18,15
data/processed/train/genuine/original_16_6.png,data/processed/train/forged/forgeries_16_2.png,0,skilled_forgery,16,16
data/processed/validation/genuine/original_42_23.png,data/processed/validation/forged/forgeries_42_4.png,0,skilled_forgery,42,42
data/processed/train/genuine/original_12_11.png,data/processed/train/genuine/original_12_12.png,1,genuine_genuine,12,12
data/processed/train/genuine/original_27_17.png,data/processed/train/genuine/original_30_22.png,0,random_forgery,27,30
data/processed/train/genuine/original_15_21.png,data/processed/train/genuine/original_15_6.png,1,genuine_genuine,15,15
data/processed/validation/genuine/original_43_23.png,data/processed/validation/forged/forgeries_43_10.png,0,skilled_forgery,43,43
data/processed/train/genuine/original_12_2.png,data/processed/validation/genuine/original_40_10.png,0,random_forgery,12,40
data/processed/train/genuine/original_16_13.png,data/processed/train/genuine/original_16_23.png,1,genuine_genuine,16,16
data/processed/train/genuine/original_26_21.png,data/processed/train/genuine/original_26_6.png,1,genuine_genuine,26,26
data/processed/validation/genuine/original_39_1.png,data/processed/validation/genuine/original_39_3.png,1,genuine_genuine,39,39
data/processed/train/genuine/original_10_23.png,data/processed/train/forged/forgeries_10_14.png,0,skilled_forgery,10,10
data/processed/train/genuine/original_26_16.png,data/processed/train/genuine/original_26_4.png,1,genuine_genuine,26,26
data/processed/train/genuine/original_35_16.png,data/processed/train/genuine/original_35_8.png,1,genuine_genuine,35,35
data/processed/train/genuine/original_22_10.png,data/processed/train/genuine/original_16_15.png,0,random_forgery,22,16
data/processed/train/genuine/original_21_24.png,data/processed/train/genuine/original_21_6.png,1,genuine_genuine,21,21
data/processed/train/genuine/original_21_18.png,data/processed/train/genuine/original_21_6.png,1,genuine_genuine,21,21
data/processed/train/genuine/original_34_5.png,data/processed/train/genuine/original_11_18.png,0,random_forgery,34,11
data/processed/validation/genuine/original_43_5.png,data/processed/validation/genuine/original_43_9.png,1,genuine_genuine,43,43
data/processed/validation/genuine/original_40_14.png,data/processed/validation/genuine/original_40_18.png,1,genuine_genuine,40,40
data/processed/train/genuine/original_33_13.png,data/processed/train/genuine/original_33_21.png,1,genuine_genuine,33,33
data/processed/validation/genuine/original_38_17.png,data/processed/validation/genuine/original_38_18.png,1,genuine_genuine,38,38
data/processed/train/genuine/original_15_23.png,data/processed/train/genuine/original_31_18.png,0,random_forgery,15,31
data/processed/validation/genuine/original_43_12.png,data/processed/validation/genuine/original_43_22.png,1,genuine_genuine,43,43
data/processed/train/genuine/original_15_3.png,data/processed/train/forged/forgeries_15_11.png,0,skilled_forgery,15,15
data/processed/train/genuine/original_15_21.png,data/processed/train/genuine/original_15_24.png,1,genuine_genuine,15,15
data/processed/train/genuine/original_25_10.png,data/processed/train/forged/forgeries_25_15.png,0,skilled_forgery,25,25
data/processed/train/genuine/original_10_19.png,data/processed/train/genuine/original_10_5.png,1,genuine_genuine,10,10
data/processed/train/genuine/original_26_8.png,data/processed/train/genuine/original_20_8.png,0,random_forgery,26,20
data/processed/train/genuine/original_17_11.png,data/processed/train/forged/forgeries_17_13.png,0,skilled_forgery,17,17
data/processed/validation/genuine/original_44_1.png,data/processed/validation/genuine/original_44_23.png,1,genuine_genuine,44,44
data/processed/train/genuine/original_14_9.png,data/processed/train/forged/forgeries_14_20.png,0,skilled_forgery,14,14
data/processed/validation/genuine/original_39_10.png,data/processed/validation/genuine/original_39_5.png,1,genuine_genuine,39,39
data/processed/train/genuine/original_15_2.png,data/processed/train/genuine/original_15_20.png,1,genuine_genuine,15,15
data/processed/validation/genuine/original_38_18.png,data/processed/validation/forged/forgeries_38_19.png,0,skilled_forgery,38,38
data/processed/validation/genuine/original_39_13.png,data/processed/validation/genuine/original_39_21.png,1,genuine_genuine,39,39
data/processed/train/genuine/original_35_19.png,data/processed/train/forged/forgeries_35_2.png,0,skilled_forgery,35,35
data/processed/train/genuine/original_19_15.png,data/processed/train/genuine/original_19_19.png,1,genuine_genuine,19,19
data/processed/train/genuine/original_12_15.png,data/processed/train/genuine/original_12_3.png,1,genuine_genuine,12,12
data/processed/train/genuine/original_20_2.png,data/processed/train/genuine/original_20_5.png,1,genuine_genuine,20,20
data/processed/train/genuine/original_28_23.png,data/processed/train/forged/forgeries_28_20.png,0,skilled_forgery,28,28
data/processed/train/genuine/original_31_18.png,data/processed/train/forged/forgeries_31_6.png,0,skilled_forgery,31,31
data/processed/train/genuine/original_35_2.png,data/processed/train/genuine/original_35_23.png,1,genuine_genuine,35,35
data/processed/validation/genuine/original_41_11.png,data/processed/validation/genuine/original_41_15.png,1,genuine_genuine,41,41
data/processed/validation/genuine/original_40_17.png,data/processed/train/genuine/original_29_13.png,0,random_forgery,40,29
data/processed/validation/genuine/original_40_6.png,data/processed/validation/forged/forgeries_40_16.png,0,skilled_forgery,40,40
data/processed/train/genuine/original_25_15.png,data/processed/train/forged/forgeries_25_15.png,0,skilled_forgery,25,25
data/processed/validation/genuine/original_37_16.png,data/processed/validation/genuine/original_40_1.png,0,random_forgery,37,40
data/processed/train/genuine/original_15_1.png,data/processed/train/genuine/original_15_4.png,1,genuine_genuine,15,15
data/processed/validation/genuine/original_40_16.png,data/processed/validation/forged/forgeries_40_17.png,0,skilled_forgery,40,40
data/processed/train/genuine/original_23_4.png,data/processed/train/forged/forgeries_23_2.png,0,skilled_forgery,23,23
data/processed/train/genuine/original_32_2.png,data/processed/train/genuine/original_32_9.png,1,genuine_genuine,32,32
data/processed/train/genuine/original_11_18.png,data/processed/train/forged/forgeries_11_3.png,0,skilled_forgery,11,11
data/processed/train/genuine/original_12_7.png,data/processed/train/genuine/original_12_9.png,1,genuine_genuine,12,12
data/processed/train/genuine/original_27_23.png,data/processed/train/genuine/original_27_7.png,1,genuine_genuine,27,27
data/processed/train/genuine/original_16_15.png,data/processed/train/genuine/original_16_17.png,1,genuine_genuine,16,16
data/processed/train/genuine/original_15_8.png,data/processed/train/genuine/original_15_9.png,1,genuine_genuine,15,15
data/processed/train/genuine/original_24_7.png,data/processed/train/forged/forgeries_24_14.png,0,skilled_forgery,24,24
data/processed/validation/genuine/original_38_2.png,data/processed/validation/genuine/original_43_9.png,0,random_forgery,38,43
data/processed/train/genuine/original_14_6.png,data/processed/train/forged/forgeries_14_21.png,0,skilled_forgery,14,14
data/processed/train/genuine/original_12_17.png,data/processed/train/genuine/original_14_20.png,0,random_forgery,12,14
data/processed/train/genuine/original_18_15.png,data/processed/train/genuine/original_18_20.png,1,genuine_genuine,18,18
data/processed/train/genuine/original_35_4.png,data/processed/train/genuine/original_35_9.png,1,genuine_genuine,35,35
data/processed/train/genuine/original_14_18.png,data/processed/train/genuine/original_14_5.png,1,genuine_genuine,14,14
data/processed/validation/genuine/original_37_16.png,data/processed/train/genuine/original_17_12.png,0,random_forgery,37,17
data/processed/train/genuine/original_11_23.png,data/processed/train/forged/forgeries_11_23.png,0,skilled_forgery,11,11
data/processed/train/genuine/original_29_13.png,data/processed/train/genuine/original_29_20.png,1,genuine_genuine,29,29
data/processed/validation/genuine/original_44_20.png,data/processed/validation/forged/forgeries_44_5.png,0,skilled_forgery,44,44
data/processed/validation/genuine/original_42_19.png,data/processed/validation/genuine/original_42_5.png,1,genuine_genuine,42,42
data/processed/train/genuine/original_33_10.png,data/processed/train/genuine/original_31_13.png,0,random_forgery,33,31
data/processed/train/genuine/original_32_17.png,data/processed/train/genuine/original_32_6.png,1,genuine_genuine,32,32
data/processed/train/genuine/original_20_5.png,data/processed/train/genuine/original_20_7.png,1,genuine_genuine,20,20
data/processed/train/genuine/original_10_11.png,data/processed/train/genuine/original_10_15.png,1,genuine_genuine,10,10
data/processed/train/genuine/original_15_22.png,data/processed/train/genuine/original_22_12.png,0,random_forgery,15,22
data/processed/train/genuine/original_18_10.png,data/processed/train/genuine/original_18_23.png,1,genuine_genuine,18,18
data/processed/train/genuine/original_35_13.png,data/processed/train/genuine/original_35_17.png,1,genuine_genuine,35,35
data/processed/validation/genuine/original_42_23.png,data/processed/validation/genuine/original_42_5.png,1,genuine_genuine,42,42
data/processed/validation/genuine/original_40_3.png,data/processed/train/genuine/original_19_17.png,0,random_forgery,40,19
data/processed/train/genuine/original_18_6.png,data/processed/train/genuine/original_29_14.png,0,random_forgery,18,29
data/processed/train/genuine/original_14_1.png,data/processed/train/genuine/original_14_12.png,1,genuine_genuine,14,14
data/processed/train/genuine/original_20_8.png,data/processed/train/genuine/original_17_13.png,0,random_forgery,20,17
data/processed/train/genuine/original_29_20.png,data/processed/train/forged/forgeries_29_20.png,0,skilled_forgery,29,29
data/processed/train/genuine/original_12_16.png,data/processed/train/genuine/original_12_24.png,1,genuine_genuine,12,12
data/processed/validation/genuine/original_36_12.png,data/processed/train/genuine/original_17_4.png,0,random_forgery,36,17
data/processed/validation/genuine/original_45_10.png,data/processed/validation/genuine/original_45_6.png,1,genuine_genuine,45,45
data/processed/train/genuine/original_22_16.png,data/processed/train/forged/forgeries_22_23.png,0,skilled_forgery,22,22
data/processed/train/genuine/original_15_12.png,data/processed/train/genuine/original_25_9.png,0,random_forgery,15,25
data/processed/train/genuine/original_26_15.png,data/processed/train/forged/forgeries_26_19.png,0,skilled_forgery,26,26
data/processed/validation/genuine/original_41_13.png,data/processed/validation/genuine/original_41_4.png,1,genuine_genuine,41,41
data/processed/train/genuine/original_19_17.png,data/processed/train/genuine/original_19_20.png,1,genuine_genuine,19,19
data/processed/train/genuine/original_31_10.png,data/processed/train/genuine/original_31_23.png,1,genuine_genuine,31,31
data/processed/train/genuine/original_35_21.png,data/processed/train/genuine/original_35_9.png,1,genuine_genuine,35,35
data/processed/validation/genuine/original_37_4.png,data/processed/validation/forged/forgeries_37_5.png,0,skilled_forgery,37,37
data/processed/validation/genuine/original_43_12.png,data/processed/validation/forged/forgeries_43_12.png,0,skilled_forgery,43,43
data/processed/train/genuine/original_29_3.png,data/processed/train/forged/forgeries_29_21.png,0,skilled_forgery,29,29
data/processed/validation/genuine/original_37_2.png,data/processed/validation/genuine/original_37_22.png,1,genuine_genuine,37,37
data/processed/train/genuine/original_22_10.png,data/processed/train/genuine/original_22_23.png,1,genuine_genuine,22,22
data/processed/train/genuine/original_23_10.png,data/processed/train/genuine/original_23_24.png,1,genuine_genuine,23,23
data/processed/train/genuine/original_20_21.png,data/processed/train/genuine/original_12_24.png,0,random_forgery,20,12
data/processed/train/genuine/original_21_20.png,data/processed/train/forged/forgeries_21_21.png,0,skilled_forgery,21,21
data/processed/validation/genuine/original_36_1.png,data/processed/validation/genuine/original_36_5.png,1,genuine_genuine,36,36
data/processed/validation/genuine/original_40_5.png,data/processed/validation/forged/forgeries_40_8.png,0,skilled_forgery,40,40
data/processed/train/genuine/original_26_11.png,data/processed/train/forged/forgeries_26_16.png,0,skilled_forgery,26,26
data/processed/train/genuine/original_22_15.png,data/processed/train/genuine/original_22_5.png,1,genuine_genuine,22,22
data/processed/train/genuine/original_24_6.png,data/processed/train/forged/forgeries_24_20.png,0,skilled_forgery,24,24
data/processed/train/genuine/original_17_19.png,data/processed/train/genuine/original_17_5.png,1,genuine_genuine,17,17
data/processed/train/genuine/original_20_16.png,data/processed/train/genuine/original_20_8.png,1,genuine_genuine,20,20
data/processed/validation/genuine/original_38_20.png,data/processed/validation/genuine/original_38_8.png,1,genuine_genuine,38,38
data/processed/train/genuine/original_26_16.png,data/processed/validation/genuine/original_45_8.png,0,random_forgery,26,45
data/processed/train/genuine/original_19_23.png,data/processed/train/genuine/original_19_24.png,1,genuine_genuine,19,19
data/processed/train/genuine/original_23_1.png,data/processed/train/genuine/original_23_2.png,1,genuine_genuine,23,23
data/processed/validation/genuine/original_38_10.png,data/processed/validation/genuine/original_39_13.png,0,random_forgery,38,39
data/processed/train/genuine/original_33_12.png,data/processed/train/genuine/original_33_15.png,1,genuine_genuine,33,33
data/processed/train/genuine/original_11_13.png,data/processed/train/genuine/original_32_13.png,0,random_forgery,11,32
data/processed/train/genuine/original_20_19.png,data/processed/train/genuine/original_20_4.png,1,genuine_genuine,20,20
data/processed/train/genuine/original_34_4.png,data/processed/train/genuine/original_34_6.png,1,genuine_genuine,34,34
data/processed/validation/genuine/original_42_15.png,data/processed/validation/forged/forgeries_42_22.png,0,skilled_forgery,42,42
data/processed/train/genuine/original_10_17.png,data/processed/validation/genuine/original_36_24.png,0,random_forgery,10,36
data/processed/train/genuine/original_29_5.png,data/processed/train/genuine/original_32_2.png,0,random_forgery,29,32
data/processed/train/genuine/original_24_23.png,data/processed/train/forged/forgeries_24_19.png,0,skilled_forgery,24,24
data/processed/train/genuine/original_14_7.png,data/processed/train/forged/forgeries_14_1.png,0,skilled_forgery,14,14
data/processed/validation/genuine/original_43_14.png,data/processed/validation/forged/forgeries_43_12.png,0,skilled_forgery,43,43
data/processed/train/genuine/original_34_3.png,data/processed/train/forged/forgeries_34_10.png,0,skilled_forgery,34,34
data/processed/train/genuine/original_33_8.png,data/processed/train/genuine/original_30_18.png,0,random_forgery,33,30
data/processed/validation/genuine/original_41_10.png,data/processed/validation/forged/forgeries_41_15.png,0,skilled_forgery,41,41
data/processed/train/genuine/original_15_14.png,data/processed/train/genuine/original_15_6.png,1,genuine_genuine,15,15
data/processed/train/genuine/original_19_13.png,data/processed/train/genuine/original_19_15.png,1,genuine_genuine,19,19
data/processed/train/genuine/original_26_3.png,data/processed/train/genuine/original_26_9.png,1,genuine_genuine,26,26
data/processed/train/genuine/original_16_19.png,data/processed/train/forged/forgeries_16_5.png,0,skilled_forgery,16,16
data/processed/train/genuine/original_28_3.png,data/processed/train/genuine/original_17_10.png,0,random_forgery,28,17
data/processed/train/genuine/original_20_19.png,data/processed/train/genuine/original_20_20.png,1,genuine_genuine,20,20
data/processed/train/genuine/original_32_10.png,data/processed/train/genuine/original_32_14.png,1,genuine_genuine,32,32
data/processed/train/genuine/original_17_14.png,data/processed/train/genuine/original_17_22.png,1,genuine_genuine,17,17
data/processed/train/genuine/original_21_15.png,data/processed/train/genuine/original_21_9.png,1,genuine_genuine,21,21
data/processed/train/genuine/original_21_16.png,data/processed/train/forged/forgeries_21_24.png,0,skilled_forgery,21,21
data/processed/train/genuine/original_32_20.png,data/processed/train/forged/forgeries_32_24.png,0,skilled_forgery,32,32
data/processed/train/genuine/original_21_18.png,data/processed/train/genuine/original_32_2.png,0,random_forgery,21,32
data/processed/train/genuine/original_31_5.png,data/processed/train/genuine/original_31_7.png,1,genuine_genuine,31,31
data/processed/validation/genuine/original_37_8.png,data/processed/train/genuine/original_17_20.png,0,random_forgery,37,17
data/processed/train/genuine/original_28_16.png,data/processed/train/genuine/original_31_23.png,0,random_forgery,28,31
data/processed/train/genuine/original_35_14.png,data/processed/train/forged/forgeries_35_12.png,0,skilled_forgery,35,35
data/processed/train/genuine/original_23_12.png,data/processed/train/genuine/original_23_7.png,1,genuine_genuine,23,23
data/processed/validation/genuine/original_43_10.png,data/processed/validation/forged/forgeries_43_3.png,0,skilled_forgery,43,43
data/processed/train/genuine/original_23_4.png,data/processed/train/genuine/original_23_5.png,1,genuine_genuine,23,23
data/processed/train/genuine/original_23_4.png,data/processed/train/genuine/original_16_23.png,0,random_forgery,23,16
data/processed/train/genuine/original_25_12.png,data/processed/train/genuine/original_25_17.png,1,genuine_genuine,25,25
data/processed/train/genuine/original_34_15.png,data/processed/train/genuine/original_34_3.png,1,genuine_genuine,34,34
data/processed/train/genuine/original_25_20.png,data/processed/train/genuine/original_16_4.png,0,random_forgery,25,16
data/processed/train/genuine/original_15_10.png,data/processed/train/genuine/original_15_13.png,1,genuine_genuine,15,15
data/processed/train/genuine/original_31_2.png,data/processed/train/genuine/original_31_5.png,1,genuine_genuine,31,31
data/processed/validation/genuine/original_37_1.png,data/processed/validation/genuine/original_37_23.png,1,genuine_genuine,37,37
data/processed/train/genuine/original_25_2.png,data/processed/train/genuine/original_25_7.png,1,genuine_genuine,25,25
data/processed/validation/genuine/original_36_17.png,data/processed/validation/forged/forgeries_36_7.png,0,skilled_forgery,36,36
data/processed/train/genuine/original_12_17.png,data/processed/train/forged/forgeries_12_17.png,0,skilled_forgery,12,12
data/processed/validation/genuine/original_41_5.png,data/processed/train/genuine/original_29_22.png,0,random_forgery,41,29
data/processed/validation/genuine/original_36_10.png,data/processed/validation/genuine/original_36_24.png,1,genuine_genuine,36,36
data/processed/validation/genuine/original_36_12.png,data/processed/validation/genuine/original_36_15.png,1,genuine_genuine,36,36
data/processed/validation/genuine/original_37_10.png,data/processed/validation/genuine/original_37_3.png,1,genuine_genuine,37,37
data/processed/validation/genuine/original_36_2.png,data/processed/train/genuine/original_21_2.png,0,random_forgery,36,21
data/processed/train/genuine/original_19_20.png,data/processed/train/forged/forgeries_19_4.png,0,skilled_forgery,19,19
data/processed/validation/genuine/original_40_9.png,data/processed/validation/forged/forgeries_40_11.png,0,skilled_forgery,40,40
data/processed/train/genuine/original_17_20.png,data/processed/train/forged/forgeries_17_6.png,0,skilled_forgery,17,17
data/processed/train/genuine/original_24_12.png,data/processed/train/forged/forgeries_24_9.png,0,skilled_forgery,24,24
data/processed/train/genuine/original_23_4.png,data/processed/train/genuine/original_23_6.png,1,genuine_genuine,23,23
data/processed/train/genuine/original_29_11.png,data/processed/train/genuine/original_29_22.png,1,genuine_genuine,29,29
data/processed/validation/genuine/original_37_11.png,data/processed/validation/genuine/original_37_13.png,1,genuine_genuine,37,37
data/processed/train/genuine/original_33_1.png,data/processed/train/genuine/original_34_5.png,0,random_forgery,33,34
data/processed/validation/genuine/original_39_18.png,data/processed/validation/forged/forgeries_39_11.png,0,skilled_forgery,39,39
data/processed/validation/genuine/original_41_16.png,data/processed/validation/forged/forgeries_41_20.png,0,skilled_forgery,41,41
data/processed/train/genuine/original_27_1.png,data/processed/train/genuine/original_27_4.png,1,genuine_genuine,27,27
data/processed/train/genuine/original_16_11.png,data/processed/validation/genuine/original_39_9.png,0,random_forgery,16,39
data/processed/validation/genuine/original_39_14.png,data/processed/validation/genuine/original_39_24.png,1,genuine_genuine,39,39
data/processed/train/genuine/original_28_17.png,data/processed/train/genuine/original_28_3.png,1,genuine_genuine,28,28
data/processed/train/genuine/original_24_22.png,data/processed/train/genuine/original_24_5.png,1,genuine_genuine,24,24
data/processed/validation/genuine/original_42_5.png,data/processed/validation/forged/forgeries_42_23.png,0,skilled_forgery,42,42
data/processed/train/genuine/original_12_22.png,data/processed/train/forged/forgeries_12_11.png,0,skilled_forgery,12,12
data/processed/train/genuine/original_13_16.png,data/processed/train/genuine/original_13_19.png,1,genuine_genuine,13,13
data/processed/train/genuine/original_34_24.png,data/processed/train/forged/forgeries_34_24.png,0,skilled_forgery,34,34
data/processed/validation/genuine/original_37_4.png,data/processed/train/genuine/original_26_14.png,0,random_forgery,37,26
data/processed/train/genuine/original_14_7.png,data/processed/train/genuine/original_14_8.png,1,genuine_genuine,14,14
data/processed/train/genuine/original_28_2.png,data/processed/train/genuine/original_28_21.png,1,genuine_genuine,28,28
data/processed/train/genuine/original_12_16.png,data/processed/train/genuine/original_12_18.png,1,genuine_genuine,12,12
data/processed/train/genuine/original_35_20.png,data/processed/train/genuine/original_35_6.png,1,genuine_genuine,35,35
data/processed/train/genuine/original_15_14.png,data/processed/train/genuine/original_34_23.png,0,random_forgery,15,34
data/processed/train/genuine/original_11_6.png,data/processed/train/forged/forgeries_11_23.png,0,skilled_forgery,11,11
data/processed/train/genuine/original_28_8.png,data/processed/train/forged/forgeries_28_20.png,0,skilled_forgery,28,28
data/processed/validation/genuine/original_43_11.png,data/processed/validation/forged/forgeries_43_7.png,0,skilled_forgery,43,43
data/processed/train/genuine/original_17_5.png,data/processed/validation/genuine/original_42_11.png,0,random_forgery,17,42
data/processed/train/genuine/original_29_3.png,data/processed/train/genuine/original_28_22.png,0,random_forgery,29,28
data/processed/validation/genuine/original_43_7.png,data/processed/validation/forged/forgeries_43_23.png,0,skilled_forgery,43,43
data/processed/validation/genuine/original_38_19.png,data/processed/validation/genuine/original_38_3.png,1,genuine_genuine,38,38
data/processed/validation/genuine/original_45_24.png,data/processed/validation/genuine/original_36_13.png,0,random_forgery,45,36
data/processed/train/genuine/original_27_11.png,data/processed/train/genuine/original_27_16.png,1,genuine_genuine,27,27
data/processed/train/genuine/original_34_1.png,data/processed/train/genuine/original_34_6.png,1,genuine_genuine,34,34
data/processed/train/genuine/original_11_20.png,data/processed/train/forged/forgeries_11_18.png,0,skilled_forgery,11,11
data/processed/validation/genuine/original_41_11.png,data/processed/validation/genuine/original_41_5.png,1,genuine_genuine,41,41
data/processed/train/genuine/original_32_14.png,data/processed/train/genuine/original_32_2.png,1,genuine_genuine,32,32
data/processed/train/genuine/original_12_6.png,data/processed/validation/genuine/original_45_10.png,0,random_forgery,12,45
data/processed/train/genuine/original_30_12.png,data/processed/train/genuine/original_30_19.png,1,genuine_genuine,30,30
data/processed/train/genuine/original_18_12.png,data/processed/train/forged/forgeries_18_13.png,0,skilled_forgery,18,18
data/processed/validation/genuine/original_40_12.png,data/processed/train/genuine/original_30_13.png,0,random_forgery,40,30
data/processed/train/genuine/original_13_11.png,data/processed/train/forged/forgeries_13_12.png,0,skilled_forgery,13,13
data/processed/validation/genuine/original_45_8.png,data/processed/validation/forged/forgeries_45_22.png,0,skilled_forgery,45,45
data/processed/train/genuine/original_18_11.png,data/processed/train/forged/forgeries_18_6.png,0,skilled_forgery,18,18
data/processed/train/genuine/original_34_2.png,data/processed/train/forged/forgeries_34_14.png,0,skilled_forgery,34,34
data/processed/train/genuine/original_33_18.png,data/processed/train/genuine/original_33_2.png,1,genuine_genuine,33,33
data/processed/train/genuine/original_24_22.png,data/processed/train/genuine/original_24_3.png,1,genuine_genuine,24,24
data/processed/train/genuine/original_30_24.png,data/processed/train/forged/forgeries_30_14.png,0,skilled_forgery,30,30
data/processed/train/genuine/original_19_13.png,data/processed/train/genuine/original_19_8.png,1,genuine_genuine,19,19
data/processed/train/genuine/original_32_7.png,data/processed/validation/genuine/original_42_4.png,0,random_forgery,32,42
data/processed/validation/genuine/original_40_19.png,data/processed/train/genuine/original_11_4.png,0,random_forgery,40,11
data/processed/train/genuine/original_17_3.png,data/processed/train/forged/forgeries_17_21.png,0,skilled_forgery,17,17
data/processed/train/genuine/original_25_19.png,data/processed/train/genuine/original_25_22.png,1,genuine_genuine,25,25
data/processed/train/genuine/original_27_2.png,data/processed/train/genuine/original_32_24.png,0,random_forgery,27,32
data/processed/train/genuine/original_25_14.png,data/processed/train/genuine/original_25_2.png,1,genuine_genuine,25,25
data/processed/train/genuine/original_17_18.png,data/processed/train/genuine/original_17_21.png,1,genuine_genuine,17,17
data/processed/train/genuine/original_29_11.png,data/processed/train/forged/forgeries_29_16.png,0,skilled_forgery,29,29
data/processed/train/genuine/original_13_7.png,data/processed/train/genuine/original_34_6.png,0,random_forgery,13,34
data/processed/train/genuine/original_10_2.png,data/processed/train/genuine/original_10_20.png,1,genuine_genuine,10,10
data/processed/train/genuine/original_13_17.png,data/processed/train/forged/forgeries_13_9.png,0,skilled_forgery,13,13
data/processed/train/genuine/original_15_19.png,data/processed/train/genuine/original_17_2.png,0,random_forgery,15,17
data/processed/train/genuine/original_33_6.png,data/processed/train/forged/forgeries_33_11.png,0,skilled_forgery,33,33
data/processed/train/genuine/original_17_22.png,data/processed/train/genuine/original_17_7.png,1,genuine_genuine,17,17
data/processed/train/genuine/original_32_16.png,data/processed/train/genuine/original_32_22.png,1,genuine_genuine,32,32
data/processed/validation/genuine/original_38_18.png,data/processed/validation/genuine/original_38_24.png,1,genuine_genuine,38,38
data/processed/train/genuine/original_14_11.png,data/processed/train/genuine/original_14_21.png,1,genuine_genuine,14,14
data/processed/train/genuine/original_12_15.png,data/processed/train/genuine/original_12_8.png,1,genuine_genuine,12,12
data/processed/train/genuine/original_33_3.png,data/processed/train/genuine/original_33_5.png,1,genuine_genuine,33,33
data/processed/train/genuine/original_29_10.png,data/processed/train/genuine/original_29_4.png,1,genuine_genuine,29,29
data/processed/validation/genuine/original_38_23.png,data/processed/validation/forged/forgeries_38_5.png,0,skilled_forgery,38,38
data/processed/train/genuine/original_26_15.png,data/processed/train/genuine/original_26_9.png,1,genuine_genuine,26,26
data/processed/validation/genuine/original_43_20.png,data/processed/validation/genuine/original_41_18.png,0,random_forgery,43,41
data/processed/validation/genuine/original_44_24.png,data/processed/validation/genuine/original_44_5.png,1,genuine_genuine,44,44
data/processed/train/genuine/original_19_14.png,data/processed/train/genuine/original_19_5.png,1,genuine_genuine,19,19
data/processed/validation/genuine/original_44_2.png,data/processed/validation/genuine/original_44_7.png,1,genuine_genuine,44,44
data/processed/train/genuine/original_10_8.png,data/processed/validation/genuine/original_40_18.png,0,random_forgery,10,40
data/processed/train/genuine/original_22_5.png,data/processed/train/forged/forgeries_22_20.png,0,skilled_forgery,22,22
data/processed/train/genuine/original_28_15.png,data/processed/train/genuine/original_23_7.png,0,random_forgery,28,23
data/processed/train/genuine/original_19_16.png,data/processed/train/genuine/original_19_7.png,1,genuine_genuine,19,19
data/processed/train/genuine/original_10_10.png,data/processed/train/genuine/original_10_15.png,1,genuine_genuine,10,10
data/processed/validation/genuine/original_37_18.png,data/processed/validation/genuine/original_37_2.png,1,genuine_genuine,37,37
data/processed/train/genuine/original_20_15.png,data/processed/train/forged/forgeries_20_24.png,0,skilled_forgery,20,20
data/processed/train/genuine/original_21_14.png,data/processed/train/genuine/original_21_17.png,1,genuine_genuine,21,21
data/processed/train/genuine/original_16_18.png,data/processed/train/forged/forgeries_16_16.png,0,skilled_forgery,16,16
data/processed/train/genuine/original_18_12.png,data/processed/train/genuine/original_18_17.png,1,genuine_genuine,18,18
data/processed/train/genuine/original_29_13.png,data/processed/train/genuine/original_29_6.png,1,genuine_genuine,29,29
data/processed/train/genuine/original_31_17.png,data/processed/validation/genuine/original_39_18.png,0,random_forgery,31,39
data/processed/train/genuine/original_25_19.png,data/processed/train/genuine/original_25_4.png,1,genuine_genuine,25,25
data/processed/train/genuine/original_32_8.png,data/processed/train/forged/forgeries_32_4.png,0,skilled_forgery,32,32
data/processed/validation/genuine/original_38_9.png,data/processed/validation/forged/forgeries_38_7.png,0,skilled_forgery,38,38
data/processed/validation/genuine/original_40_2.png,data/processed/validation/genuine/original_40_21.png,1,genuine_genuine,40,40
data/processed/validation/genuine/original_36_1.png,data/processed/validation/genuine/original_36_3.png,1,genuine_genuine,36,36
data/processed/train/genuine/original_18_1.png,data/processed/train/genuine/original_18_17.png,1,genuine_genuine,18,18
data/processed/train/genuine/original_17_10.png,data/processed/train/genuine/original_17_22.png,1,genuine_genuine,17,17
data/processed/train/genuine/original_18_18.png,data/processed/train/genuine/original_18_19.png,1,genuine_genuine,18,18
data/processed/train/genuine/original_18_13.png,data/processed/train/genuine/original_18_2.png,1,genuine_genuine,18,18
data/processed/train/genuine/original_32_1.png,data/processed/train/genuine/original_32_6.png,1,genuine_genuine,32,32
data/processed/train/genuine/original_34_19.png,data/processed/train/genuine/original_34_23.png,1,genuine_genuine,34,34
data/processed/validation/genuine/original_41_13.png,data/processed/validation/forged/forgeries_41_4.png,0,skilled_forgery,41,41
data/processed/validation/genuine/original_42_23.png,data/processed/train/genuine/original_30_3.png,0,random_forgery,42,30
data/processed/train/genuine/original_33_7.png,data/processed/train/forged/forgeries_33_7.png,0,skilled_forgery,33,33
data/processed/train/genuine/original_22_1.png,data/processed/train/genuine/original_35_3.png,0,random_forgery,22,35
data/processed/validation/genuine/original_41_23.png,data/processed/train/genuine/original_31_11.png,0,random_forgery,41,31
data/processed/train/genuine/original_16_1.png,data/processed/train/genuine/original_16_14.png,1,genuine_genuine,16,16
data/processed/train/genuine/original_30_8.png,data/processed/train/forged/forgeries_30_1.png,0,skilled_forgery,30,30
data/processed/train/genuine/original_34_24.png,data/processed/train/genuine/original_34_5.png,1,genuine_genuine,34,34
data/processed/validation/genuine/original_41_16.png,data/processed/validation/genuine/original_41_6.png,1,genuine_genuine,41,41
data/processed/validation/genuine/original_42_18.png,data/processed/validation/forged/forgeries_42_22.png,0,skilled_forgery,42,42
data/processed/train/genuine/original_18_18.png,data/processed/train/genuine/original_18_6.png,1,genuine_genuine,18,18
data/processed/train/genuine/original_26_16.png,data/processed/train/genuine/original_26_19.png,1,genuine_genuine,26,26
data/processed/train/genuine/original_30_19.png,data/processed/train/genuine/original_30_22.png,1,genuine_genuine,30,30
data/processed/validation/genuine/original_37_12.png,data/processed/validation/genuine/original_37_4.png,1,genuine_genuine,37,37
data/processed/validation/genuine/original_40_1.png,data/processed/validation/genuine/original_40_12.png,1,genuine_genuine,40,40
data/processed/validation/genuine/original_43_8.png,data/processed/validation/forged/forgeries_43_23.png,0,skilled_forgery,43,43
data/processed/train/genuine/original_23_15.png,data/processed/train/forged/forgeries_23_11.png,0,skilled_forgery,23,23
data/processed/train/genuine/original_35_4.png,data/processed/train/genuine/original_21_24.png,0,random_forgery,35,21
data/processed/train/genuine/original_24_5.png,data/processed/train/forged/forgeries_24_3.png,0,skilled_forgery,24,24
data/processed/validation/genuine/original_37_15.png,data/processed/validation/forged/forgeries_37_15.png,0,skilled_forgery,37,37
data/processed/train/genuine/original_25_16.png,data/processed/validation/genuine/original_42_20.png,0,random_forgery,25,42
data/processed/train/genuine/original_25_4.png,data/processed/train/genuine/original_25_9.png,1,genuine_genuine,25,25
data/processed/train/genuine/original_11_13.png,data/processed/train/genuine/original_11_20.png,1,genuine_genuine,11,11
data/processed/train/genuine/original_19_17.png,data/processed/train/forged/forgeries_19_21.png,0,skilled_forgery,19,19
data/processed/train/genuine/original_24_12.png,data/processed/train/genuine/original_24_15.png,1,genuine_genuine,24,24
data/processed/train/genuine/original_25_17.png,data/processed/train/genuine/original_25_6.png,1,genuine_genuine,25,25
data/processed/train/genuine/original_13_16.png,data/processed/train/genuine/original_13_17.png,1,genuine_genuine,13,13
data/processed/train/genuine/original_25_1.png,data/processed/train/genuine/original_25_2.png,1,genuine_genuine,25,25
data/processed/train/genuine/original_10_8.png,data/processed/train/genuine/original_29_13.png,0,random_forgery,10,29
data/processed/validation/genuine/original_43_3.png,data/processed/validation/genuine/original_45_22.png,0,random_forgery,43,45
data/processed/validation/genuine/original_43_10.png,data/processed/validation/forged/forgeries_43_15.png,0,skilled_forgery,43,43
data/processed/train/genuine/original_26_24.png,data/processed/train/genuine/original_26_3.png,1,genuine_genuine,26,26
data/processed/train/genuine/original_12_11.png,data/processed/train/genuine/original_12_17.png,1,genuine_genuine,12,12
data/processed/train/genuine/original_27_18.png,data/processed/train/genuine/original_27_23.png,1,genuine_genuine,27,27
data/processed/validation/genuine/original_42_6.png,data/processed/validation/forged/forgeries_42_18.png,0,skilled_forgery,42,42
data/processed/train/genuine/original_19_12.png,data/processed/train/genuine/original_19_16.png,1,genuine_genuine,19,19
data/processed/train/genuine/original_16_23.png,data/processed/train/forged/forgeries_16_4.png,0,skilled_forgery,16,16
data/processed/train/genuine/original_35_18.png,data/processed/train/forged/forgeries_35_16.png,0,skilled_forgery,35,35
data/processed/train/genuine/original_21_12.png,data/processed/train/genuine/original_21_20.png,1,genuine_genuine,21,21
data/processed/validation/genuine/original_36_22.png,data/processed/train/genuine/original_28_7.png,0,random_forgery,36,28
data/processed/train/genuine/original_33_24.png,data/processed/train/genuine/original_33_5.png,1,genuine_genuine,33,33
data/processed/validation/genuine/original_41_6.png,data/processed/validation/genuine/original_41_7.png,1,genuine_genuine,41,41
data/processed/train/genuine/original_11_10.png,data/processed/train/genuine/original_11_23.png,1,genuine_genuine,11,11
data/processed/train/genuine/original_12_21.png,data/processed/train/forged/forgeries_12_13.png,0,skilled_forgery,12,12
data/processed/train/genuine/original_18_21.png,data/processed/validation/genuine/original_38_6.png,0,random_forgery,18,38
data/processed/train/genuine/original_22_18.png,data/processed/train/genuine/original_22_19.png,1,genuine_genuine,22,22
data/processed/train/genuine/original_35_7.png,data/processed/train/forged/forgeries_35_8.png,0,skilled_forgery,35,35
data/processed/train/genuine/original_28_14.png,data/processed/train/forged/forgeries_28_3.png,0,skilled_forgery,28,28
data/processed/validation/genuine/original_45_18.png,data/processed/validation/genuine/original_45_6.png,1,genuine_genuine,45,45
data/processed/train/genuine/original_23_14.png,data/processed/train/genuine/original_23_5.png,1,genuine_genuine,23,23
data/processed/train/genuine/original_34_11.png,data/processed/train/forged/forgeries_34_16.png,0,skilled_forgery,34,34
data/processed/validation/genuine/original_38_5.png,data/processed/validation/genuine/original_38_8.png,1,genuine_genuine,38,38
data/processed/validation/genuine/original_45_2.png,data/processed/validation/genuine/original_45_20.png,1,genuine_genuine,45,45
data/processed/train/genuine/original_32_4.png,data/processed/train/genuine/original_32_5.png,1,genuine_genuine,32,32
data/processed/train/genuine/original_18_21.png,data/processed/train/genuine/original_30_21.png,0,random_forgery,18,30
data/processed/validation/genuine/original_36_6.png,data/processed/validation/forged/forgeries_36_14.png,0,skilled_forgery,36,36
data/processed/train/genuine/original_12_16.png,data/processed/train/genuine/original_12_5.png,1,genuine_genuine,12,12
data/processed/train/genuine/original_33_21.png,data/processed/train/genuine/original_33_4.png,1,genuine_genuine,33,33
data/processed/train/genuine/original_26_21.png,data/processed/train/forged/forgeries_26_21.png,0,skilled_forgery,26,26
data/processed/train/genuine/original_13_18.png,data/processed/train/forged/forgeries_13_21.png,0,skilled_forgery,13,13
data/processed/validation/genuine/original_38_15.png,data/processed/validation/genuine/original_38_19.png,1,genuine_genuine,38,38
data/processed/train/genuine/original_16_22.png,data/processed/train/genuine/original_16_24.png,1,genuine_genuine,16,16
data/processed/train/genuine/original_17_11.png,data/processed/train/genuine/original_17_15.png,1,genuine_genuine,17,17
data/processed/validation/genuine/original_39_11.png,data/processed/validation/genuine/original_39_16.png,1,genuine_genuine,39,39
data/processed/train/genuine/original_10_4.png,data/processed/train/genuine/original_10_5.png,1,genuine_genuine,10,10
data/processed/train/genuine/original_32_10.png,data/processed/train/genuine/original_32_16.png,1,genuine_genuine,32,32
data/processed/train/genuine/original_33_19.png,data/processed/train/genuine/original_33_7.png,1,genuine_genuine,33,33
data/processed/validation/genuine/original_41_18.png,data/processed/validation/genuine/original_41_2.png,1,genuine_genuine,41,41
data/processed/train/genuine/original_29_21.png,data/processed/train/genuine/original_21_10.png,0,random_forgery,29,21
data/processed/train/genuine/original_26_13.png,data/processed/train/forged/forgeries_26_20.png,0,skilled_forgery,26,26
data/processed/train/genuine/original_24_19.png,data/processed/train/genuine/original_24_5.png,1,genuine_genuine,24,24
data/processed/validation/genuine/original_39_2.png,data/processed/validation/genuine/original_39_7.png,1,genuine_genuine,39,39
data/processed/validation/genuine/original_36_16.png,data/processed/train/genuine/original_10_3.png,0,random_forgery,36,10
data/processed/train/genuine/original_15_16.png,data/processed/train/genuine/original_15_21.png,1,genuine_genuine,15,15
data/processed/train/genuine/original_18_18.png,data/processed/train/genuine/original_18_2.png,1,genuine_genuine,18,18
data/processed/train/genuine/original_13_21.png,data/processed/train/forged/forgeries_13_10.png,0,skilled_forgery,13,13
data/processed/train/genuine/original_17_20.png,data/processed/train/genuine/original_17_23.png,1,genuine_genuine,17,17
data/processed/validation/genuine/original_37_16.png,data/processed/validation/forged/forgeries_37_18.png,0,skilled_forgery,37,37
data/processed/validation/genuine/original_38_1.png,data/processed/validation/genuine/original_38_20.png,1,genuine_genuine,38,38
data/processed/train/genuine/original_15_12.png,data/processed/train/genuine/original_15_23.png,1,genuine_genuine,15,15
data/processed/train/genuine/original_28_15.png,data/processed/train/genuine/original_28_16.png,1,genuine_genuine,28,28
data/processed/train/genuine/original_16_1.png,data/processed/train/genuine/original_16_24.png,1,genuine_genuine,16,16
data/processed/train/genuine/original_31_11.png,data/processed/train/genuine/original_31_8.png,1,genuine_genuine,31,31
data/processed/train/genuine/original_17_11.png,data/processed/train/genuine/original_25_15.png,0,random_forgery,17,25
data/processed/train/genuine/original_26_12.png,data/processed/train/genuine/original_20_7.png,0,random_forgery,26,20
data/processed/train/genuine/original_29_2.png,data/processed/train/genuine/original_29_3.png,1,genuine_genuine,29,29
data/processed/train/genuine/original_35_19.png,data/processed/train/forged/forgeries_35_15.png,0,skilled_forgery,35,35
data/processed/train/genuine/original_32_11.png,data/processed/train/genuine/original_32_20.png,1,genuine_genuine,32,32
data/processed/validation/genuine/original_41_9.png,data/processed/validation/genuine/original_37_19.png,0,random_forgery,41,37
data/processed/train/genuine/original_13_8.png,data/processed/train/forged/forgeries_13_10.png,0,skilled_forgery,13,13
data/processed/train/genuine/original_31_16.png,data/processed/train/forged/forgeries_31_8.png,0,skilled_forgery,31,31
data/processed/validation/genuine/original_44_24.png,data/processed/validation/genuine/original_44_3.png,1,genuine_genuine,44,44
data/processed/train/genuine/original_33_11.png,data/processed/train/genuine/original_33_8.png,1,genuine_genuine,33,33
data/processed/train/genuine/original_23_11.png,data/processed/train/genuine/original_23_21.png,1,genuine_genuine,23,23
data/processed/validation/genuine/original_45_18.png,data/processed/validation/genuine/original_45_7.png,1,genuine_genuine,45,45
data/processed/train/genuine/original_31_21.png,data/processed/train/genuine/original_31_9.png,1,genuine_genuine,31,31
data/processed/validation/genuine/original_43_22.png,data/processed/validation/genuine/original_43_3.png,1,genuine_genuine,43,43
data/processed/train/genuine/original_32_10.png,data/processed/train/genuine/original_32_22.png,1,genuine_genuine,32,32
data/processed/validation/genuine/original_41_20.png,data/processed/train/genuine/original_21_20.png,0,random_forgery,41,21
data/processed/train/genuine/original_19_1.png,data/processed/train/genuine/original_19_5.png,1,genuine_genuine,19,19
data/processed/validation/genuine/original_43_4.png,data/processed/train/genuine/original_19_15.png,0,random_forgery,43,19
data/processed/train/genuine/original_32_16.png,data/processed/train/genuine/original_32_3.png,1,genuine_genuine,32,32
data/processed/train/genuine/original_19_19.png,data/processed/train/forged/forgeries_19_1.png,0,skilled_forgery,19,19
data/processed/train/genuine/original_14_11.png,data/processed/train/genuine/original_14_19.png,1,genuine_genuine,14,14
data/processed/train/genuine/original_16_14.png,data/processed/train/forged/forgeries_16_10.png,0,skilled_forgery,16,16
data/processed/train/genuine/original_12_17.png,data/processed/train/forged/forgeries_12_6.png,0,skilled_forgery,12,12
data/processed/train/genuine/original_15_23.png,data/processed/train/genuine/original_15_7.png,1,genuine_genuine,15,15
data/processed/train/genuine/original_11_11.png,data/processed/train/genuine/original_11_18.png,1,genuine_genuine,11,11
data/processed/validation/genuine/original_41_21.png,data/processed/validation/genuine/original_41_6.png,1,genuine_genuine,41,41
data/processed/train/genuine/original_11_20.png,data/processed/train/genuine/original_11_24.png,1,genuine_genuine,11,11
data/processed/train/genuine/original_34_11.png,data/processed/validation/genuine/original_36_10.png,0,random_forgery,34,36
data/processed/train/genuine/original_21_21.png,data/processed/train/genuine/original_34_14.png,0,random_forgery,21,34
data/processed/train/genuine/original_35_13.png,data/processed/train/forged/forgeries_35_2.png,0,skilled_forgery,35,35
data/processed/train/genuine/original_34_15.png,data/processed/train/genuine/original_34_20.png,1,genuine_genuine,34,34
data/processed/train/genuine/original_10_2.png,data/processed/train/forged/forgeries_10_21.png,0,skilled_forgery,10,10
data/processed/validation/genuine/original_43_18.png,data/processed/validation/genuine/original_43_9.png,1,genuine_genuine,43,43
data/processed/validation/genuine/original_36_7.png,data/processed/validation/genuine/original_36_8.png,1,genuine_genuine,36,36
data/processed/train/genuine/original_29_1.png,data/processed/train/genuine/original_29_7.png,1,genuine_genuine,29,29
data/processed/validation/genuine/original_40_12.png,data/processed/validation/forged/forgeries_40_21.png,0,skilled_forgery,40,40
data/processed/train/genuine/original_17_5.png,data/processed/train/genuine/original_17_9.png,1,genuine_genuine,17,17
data/processed/train/genuine/original_17_13.png,data/processed/validation/genuine/original_45_19.png,0,random_forgery,17,45
data/processed/validation/genuine/original_40_23.png,data/processed/validation/genuine/original_40_9.png,1,genuine_genuine,40,40
data/processed/validation/genuine/original_45_16.png,data/processed/validation/genuine/original_45_22.png,1,genuine_genuine,45,45
data/processed/train/genuine/original_11_22.png,data/processed/train/forged/forgeries_11_16.png,0,skilled_forgery,11,11
data/processed/validation/genuine/original_42_11.png,data/processed/validation/genuine/original_42_20.png,1,genuine_genuine,42,42
data/processed/train/genuine/original_13_12.png,data/processed/train/genuine/original_13_3.png,1,genuine_genuine,13,13
data/processed/train/genuine/original_31_10.png,data/processed/train/genuine/original_31_3.png,1,genuine_genuine,31,31
data/processed/train/genuine/original_29_6.png,data/processed/train/forged/forgeries_29_16.png,0,skilled_forgery,29,29
data/processed/validation/genuine/original_44_11.png,data/processed/validation/genuine/original_44_15.png,1,genuine_genuine,44,44
data/processed/train/genuine/original_21_24.png,data/processed/train/genuine/original_21_8.png,1,genuine_genuine,21,21
data/processed/train/genuine/original_15_22.png,data/processed/train/genuine/original_15_24.png,1,genuine_genuine,15,15
data/processed/train/genuine/original_19_22.png,data/processed/train/genuine/original_24_23.png,0,random_forgery,19,24
data/processed/validation/genuine/original_38_8.png,data/processed/validation/genuine/original_37_23.png,0,random_forgery,38,37
data/processed/train/genuine/original_26_6.png,data/processed/train/genuine/original_26_8.png,1,genuine_genuine,26,26
data/processed/train/genuine/original_19_21.png,data/processed/train/genuine/original_19_8.png,1,genuine_genuine,19,19
data/processed/validation/genuine/original_43_12.png,data/processed/validation/genuine/original_43_8.png,1,genuine_genuine,43,43
data/processed/validation/genuine/original_39_18.png,data/processed/validation/genuine/original_39_4.png,1,genuine_genuine,39,39
data/processed/validation/genuine/original_45_5.png,data/processed/train/genuine/original_15_9.png,0,random_forgery,45,15
data/processed/train/genuine/original_17_11.png,data/processed/train/genuine/original_17_6.png,1,genuine_genuine,17,17
data/processed/train/genuine/original_35_15.png,data/processed/train/genuine/original_35_5.png,1,genuine_genuine,35,35
data/processed/train/genuine/original_24_2.png,data/processed/train/genuine/original_24_22.png,1,genuine_genuine,24,24
data/processed/validation/genuine/original_40_23.png,data/processed/validation/genuine/original_40_6.png,1,genuine_genuine,40,40
data/processed/train/genuine/original_10_13.png,data/processed/train/genuine/original_10_22.png,1,genuine_genuine,10,10
data/processed/validation/genuine/original_40_15.png,data/processed/validation/genuine/original_40_24.png,1,genuine_genuine,40,40
data/processed/train/genuine/original_21_19.png,data/processed/train/forged/forgeries_21_8.png,0,skilled_forgery,21,21
data/processed/train/genuine/original_24_1.png,data/processed/train/forged/forgeries_24_22.png,0,skilled_forgery,24,24
data/processed/train/genuine/original_33_15.png,data/processed/train/genuine/original_33_6.png,1,genuine_genuine,33,33
data/processed/validation/genuine/original_39_21.png,data/processed/validation/forged/forgeries_39_9.png,0,skilled_forgery,39,39
data/processed/train/genuine/original_19_15.png,data/processed/train/genuine/original_19_8.png,1,genuine_genuine,19,19
data/processed/train/genuine/original_27_10.png,data/processed/train/genuine/original_27_23.png,1,genuine_genuine,27,27
data/processed/train/genuine/original_32_6.png,data/processed/train/forged/forgeries_32_16.png,0,skilled_forgery,32,32
data/processed/train/genuine/original_26_19.png,data/processed/train/forged/forgeries_26_11.png,0,skilled_forgery,26,26
data/processed/train/genuine/original_21_10.png,data/processed/train/genuine/original_21_8.png,1,genuine_genuine,21,21
data/processed/train/genuine/original_34_14.png,data/processed/train/genuine/original_34_4.png,1,genuine_genuine,34,34
data/processed/train/genuine/original_24_20.png,data/processed/train/genuine/original_11_11.png,0,random_forgery,24,11
data/processed/validation/genuine/original_44_20.png,data/processed/validation/forged/forgeries_44_8.png,0,skilled_forgery,44,44
data/processed/validation/genuine/original_39_16.png,data/processed/validation/forged/forgeries_39_10.png,0,skilled_forgery,39,39
data/processed/train/genuine/original_30_23.png,data/processed/train/forged/forgeries_30_15.png,0,skilled_forgery,30,30
data/processed/validation/genuine/original_43_12.png,data/processed/train/genuine/original_11_12.png,0,random_forgery,43,11
data/processed/validation/genuine/original_44_5.png,data/processed/validation/forged/forgeries_44_8.png,0,skilled_forgery,44,44
data/processed/train/genuine/original_32_16.png,data/processed/validation/genuine/original_43_5.png,0,random_forgery,32,43
data/processed/train/genuine/original_15_22.png,data/processed/train/genuine/original_17_9.png,0,random_forgery,15,17
data/processed/validation/genuine/original_38_6.png,data/processed/train/genuine/original_23_19.png,0,random_forgery,38,23
data/processed/validation/genuine/original_43_1.png,data/processed/train/genuine/original_22_13.png,0,random_forgery,43,22
data/processed/train/genuine/original_34_20.png,data/processed/train/genuine/original_34_4.png,1,genuine_genuine,34,34
data/processed/train/genuine/original_18_13.png,data/processed/train/genuine/original_18_14.png,1,genuine_genuine,18,18
data/processed/train/genuine/original_18_15.png,data/processed/train/genuine/original_31_21.png,0,random_forgery,18,31
data/processed/train/genuine/original_17_22.png,data/processed/train/forged/forgeries_17_19.png,0,skilled_forgery,17,17
data/processed/validation/genuine/original_37_4.png,data/processed/validation/forged/forgeries_37_13.png,0,skilled_forgery,37,37
data/processed/train/genuine/original_30_15.png,data/processed/train/genuine/original_30_4.png,1,genuine_genuine,30,30
data/processed/validation/genuine/original_37_7.png,data/processed/validation/forged/forgeries_37_18.png,0,skilled_forgery,37,37
data/processed/train/genuine/original_28_14.png,data/processed/train/genuine/original_28_21.png,1,genuine_genuine,28,28
data/processed/train/genuine/original_17_4.png,data/processed/train/genuine/original_17_7.png,1,genuine_genuine,17,17
data/processed/train/genuine/original_11_1.png,data/processed/train/genuine/original_33_21.png,0,random_forgery,11,33
data/processed/train/genuine/original_29_1.png,data/processed/train/forged/forgeries_29_23.png,0,skilled_forgery,29,29
data/processed/train/genuine/original_35_20.png,data/processed/train/genuine/original_13_18.png,0,random_forgery,35,13
data/processed/validation/genuine/original_40_8.png,data/processed/validation/forged/forgeries_40_13.png,0,skilled_forgery,40,40
data/processed/train/genuine/original_22_13.png,data/processed/train/genuine/original_22_23.png,1,genuine_genuine,22,22
data/processed/validation/genuine/original_39_18.png,data/processed/validation/forged/forgeries_39_14.png,0,skilled_forgery,39,39
data/processed/validation/genuine/original_39_2.png,data/processed/validation/genuine/original_39_5.png,1,genuine_genuine,39,39
data/processed/train/genuine/original_32_20.png,data/processed/train/forged/forgeries_32_11.png,0,skilled_forgery,32,32
data/processed/validation/genuine/original_43_19.png,data/processed/train/genuine/original_19_6.png,0,random_forgery,43,19
data/processed/train/genuine/original_31_12.png,data/processed/train/genuine/original_31_24.png,1,genuine_genuine,31,31
data/processed/train/genuine/original_14_21.png,data/processed/train/genuine/original_14_7.png,1,genuine_genuine,14,14
data/processed/train/genuine/original_32_14.png,data/processed/train/genuine/original_15_24.png,0,random_forgery,32,15
data/processed/train/genuine/original_23_9.png,data/processed/train/forged/forgeries_23_2.png,0,skilled_forgery,23,23
data/processed/validation/genuine/original_38_17.png,data/processed/validation/forged/forgeries_38_13.png,0,skilled_forgery,38,38
data/processed/validation/genuine/original_36_4.png,data/processed/validation/forged/forgeries_36_7.png,0,skilled_forgery,36,36
data/processed/train/genuine/original_33_1.png,data/processed/train/forged/forgeries_33_22.png,0,skilled_forgery,33,33
data/processed/train/genuine/original_15_5.png,data/processed/validation/genuine/original_41_19.png,0,random_forgery,15,41
data/processed/train/genuine/original_18_14.png,data/processed/train/forged/forgeries_18_1.png,0,skilled_forgery,18,18
data/processed/validation/genuine/original_37_5.png,data/processed/validation/genuine/original_37_6.png,1,genuine_genuine,37,37
data/processed/train/genuine/original_14_3.png,data/processed/train/forged/forgeries_14_2.png,0,skilled_forgery,14,14
data/processed/train/genuine/original_11_4.png,data/processed/train/forged/forgeries_11_16.png,0,skilled_forgery,11,11
data/processed/train/genuine/original_22_17.png,data/processed/train/genuine/original_22_5.png,1,genuine_genuine,22,22
data/processed/validation/genuine/original_40_21.png,data/processed/validation/genuine/original_40_5.png,1,genuine_genuine,40,40
data/processed/train/genuine/original_26_16.png,data/processed/train/genuine/original_34_7.png,0,random_forgery,26,34
data/processed/train/genuine/original_33_15.png,data/processed/train/genuine/original_18_10.png,0,random_forgery,33,18
data/processed/train/genuine/original_31_11.png,data/processed/train/forged/forgeries_31_14.png,0,skilled_forgery,31,31
data/processed/train/genuine/original_27_5.png,data/processed/train/forged/forgeries_27_21.png,0,skilled_forgery,27,27
data/processed/train/genuine/original_31_5.png,data/processed/train/forged/forgeries_31_5.png,0,skilled_forgery,31,31
data/processed/train/genuine/original_11_21.png,data/processed/train/genuine/original_11_7.png,1,genuine_genuine,11,11
data/processed/validation/genuine/original_40_11.png,data/processed/validation/genuine/original_40_8.png,1,genuine_genuine,40,40
data/processed/train/genuine/original_29_15.png,data/processed/train/genuine/original_29_9.png,1,genuine_genuine,29,29
data/processed/train/genuine/original_15_14.png,data/processed/train/genuine/original_15_3.png,1,genuine_genuine,15,15
data/processed/validation/genuine/original_36_24.png,data/processed/train/genuine/original_32_9.png,0,random_forgery,36,32
data/processed/train/genuine/original_15_2.png,data/processed/train/forged/forgeries_15_13.png,0,skilled_forgery,15,15
data/processed/train/genuine/original_31_18.png,data/processed/train/genuine/original_31_24.png,1,genuine_genuine,31,31
data/processed/validation/genuine/original_37_2.png,data/processed/validation/forged/forgeries_37_16.png,0,skilled_forgery,37,37
data/processed/train/genuine/original_35_4.png,data/processed/train/forged/forgeries_35_10.png,0,skilled_forgery,35,35
data/processed/train/genuine/original_22_2.png,data/processed/train/genuine/original_22_9.png,1,genuine_genuine,22,22
data/processed/train/genuine/original_16_5.png,data/processed/train/genuine/original_10_23.png,0,random_forgery,16,10
data/processed/validation/genuine/original_45_11.png,data/processed/train/genuine/original_35_15.png,0,random_forgery,45,35
data/processed/validation/genuine/original_39_5.png,data/processed/train/genuine/original_31_9.png,0,random_forgery,39,31
data/processed/validation/genuine/original_44_1.png,data/processed/train/genuine/original_25_23.png,0,random_forgery,44,25
data/processed/train/genuine/original_17_21.png,data/processed/train/genuine/original_17_6.png,1,genuine_genuine,17,17
data/processed/train/genuine/original_17_15.png,data/processed/train/forged/forgeries_17_24.png,0,skilled_forgery,17,17
data/processed/train/genuine/original_29_24.png,data/processed/train/forged/forgeries_29_10.png,0,skilled_forgery,29,29
data/processed/train/genuine/original_11_19.png,data/processed/train/genuine/original_11_21.png,1,genuine_genuine,11,11
data/processed/train/genuine/original_31_13.png,data/processed/train/genuine/original_31_8.png,1,genuine_genuine,31,31
data/processed/train/genuine/original_18_19.png,data/processed/train/forged/forgeries_18_19.png,0,skilled_forgery,18,18
data/processed/train/genuine/original_21_12.png,data/processed/train/genuine/original_21_9.png,1,genuine_genuine,21,21
data/processed/train/genuine/original_14_13.png,data/processed/train/genuine/original_14_7.png,1,genuine_genuine,14,14
data/processed/train/genuine/original_10_14.png,data/processed/train/genuine/original_10_22.png,1,genuine_genuine,10,10
data/processed/train/genuine/original_25_21.png,data/processed/validation/genuine/original_37_21.png,0,random_forgery,25,37
data/processed/train/genuine/original_19_13.png,data/processed/train/forged/forgeries_19_21.png,0,skilled_forgery,19,19
data/processed/train/genuine/original_16_12.png,data/processed/train/genuine/original_16_5.png,1,genuine_genuine,16,16
data/processed/train/genuine/original_10_1.png,data/processed/train/genuine/original_10_16.png,1,genuine_genuine,10,10
data/processed/train/genuine/original_15_4.png,data/processed/train/genuine/original_15_6.png,1,genuine_genuine,15,15
data/processed/train/genuine/original_29_11.png,data/processed/train/genuine/original_29_21.png,1,genuine_genuine,29,29
data/processed/validation/genuine/original_39_12.png,data/processed/validation/genuine/original_39_14.png,1,genuine_genuine,39,39
data/processed/train/genuine/original_25_4.png,data/processed/train/genuine/original_23_22.png,0,random_forgery,25,23
data/processed/validation/genuine/original_36_8.png,data/processed/validation/forged/forgeries_36_13.png,0,skilled_forgery,36,36
data/processed/train/genuine/original_11_11.png,data/processed/train/forged/forgeries_11_6.png,0,skilled_forgery,11,11
data/processed/validation/genuine/original_44_12.png,data/processed/validation/genuine/original_44_7.png,1,genuine_genuine,44,44
data/processed/validation/genuine/original_44_9.png,data/processed/train/genuine/original_27_10.png,0,random_forgery,44,27
data/processed/train/genuine/original_21_18.png,data/processed/train/genuine/original_21_4.png,1,genuine_genuine,21,21
data/processed/train/genuine/original_15_17.png,data/processed/train/genuine/original_15_23.png,1,genuine_genuine,15,15
data/processed/train/genuine/original_21_22.png,data/processed/train/forged/forgeries_21_14.png,0,skilled_forgery,21,21
data/processed/train/genuine/original_13_10.png,data/processed/train/genuine/original_13_9.png,1,genuine_genuine,13,13
data/processed/validation/genuine/original_45_5.png,data/processed/validation/forged/forgeries_45_6.png,0,skilled_forgery,45,45
data/processed/validation/genuine/original_41_1.png,data/processed/validation/genuine/original_41_8.png,1,genuine_genuine,41,41
data/processed/validation/genuine/original_41_12.png,data/processed/validation/genuine/original_41_22.png,1,genuine_genuine,41,41
data/processed/train/genuine/original_16_17.png,data/processed/train/genuine/original_16_3.png,1,genuine_genuine,16,16
data/processed/train/genuine/original_20_22.png,data/processed/train/genuine/original_24_8.png,0,random_forgery,20,24
data/processed/train/genuine/original_26_16.png,data/processed/validation/genuine/original_41_7.png,0,random_forgery,26,41
data/processed/validation/genuine/original_38_21.png,data/processed/validation/genuine/original_38_22.png,1,genuine_genuine,38,38
data/processed/train/genuine/original_22_16.png,data/processed/train/genuine/original_22_24.png,1,genuine_genuine,22,22
data/processed/train/genuine/original_27_17.png,data/processed/train/forged/forgeries_27_1.png,0,skilled_forgery,27,27
data/processed/validation/genuine/original_40_17.png,data/processed/validation/forged/forgeries_40_8.png,0,skilled_forgery,40,40
data/processed/train/genuine/original_10_5.png,data/processed/train/genuine/original_30_9.png,0,random_forgery,10,30
data/processed/train/genuine/original_30_12.png,data/processed/train/genuine/original_30_8.png,1,genuine_genuine,30,30
data/processed/train/genuine/original_19_8.png,data/processed/train/forged/forgeries_19_15.png,0,skilled_forgery,19,19
data/processed/train/genuine/original_27_12.png,data/processed/train/genuine/original_27_22.png,1,genuine_genuine,27,27
data/processed/validation/genuine/original_42_4.png,data/processed/validation/genuine/original_42_7.png,1,genuine_genuine,42,42
data/processed/train/genuine/original_30_21.png,data/processed/validation/genuine/original_44_15.png,0,random_forgery,30,44
data/processed/train/genuine/original_12_11.png,data/processed/train/genuine/original_12_6.png,1,genuine_genuine,12,12
data/processed/train/genuine/original_28_21.png,data/processed/train/forged/forgeries_28_16.png,0,skilled_forgery,28,28
data/processed/train/genuine/original_23_18.png,data/processed/train/genuine/original_23_22.png,1,genuine_genuine,23,23
data/processed/train/genuine/original_35_12.png,data/processed/train/forged/forgeries_35_5.png,0,skilled_forgery,35,35
data/processed/train/genuine/original_17_14.png,data/processed/validation/genuine/original_37_8.png,0,random_forgery,17,37
data/processed/train/genuine/original_15_24.png,data/processed/train/forged/forgeries_15_23.png,0,skilled_forgery,15,15
data/processed/validation/genuine/original_39_1.png,data/processed/validation/genuine/original_39_5.png,1,genuine_genuine,39,39
data/processed/train/genuine/original_18_10.png,data/processed/train/forged/forgeries_18_17.png,0,skilled_forgery,18,18
data/processed/train/genuine/original_33_6.png,data/processed/train/forged/forgeries_33_1.png,0,skilled_forgery,33,33
data/processed/validation/genuine/original_40_5.png,data/processed/validation/genuine/original_40_7.png,1,genuine_genuine,40,40
data/processed/train/genuine/original_34_1.png,data/processed/train/genuine/original_34_5.png,1,genuine_genuine,34,34
data/processed/train/genuine/original_13_20.png,data/processed/train/genuine/original_13_6.png,1,genuine_genuine,13,13
data/processed/validation/genuine/original_43_19.png,data/processed/train/genuine/original_11_1.png,0,random_forgery,43,11
data/processed/train/genuine/original_31_15.png,data/processed/train/genuine/original_31_18.png,1,genuine_genuine,31,31
data/processed/train/genuine/original_20_14.png,data/processed/validation/genuine/original_36_11.png,0,random_forgery,20,36
data/processed/train/genuine/original_35_11.png,data/processed/train/genuine/original_35_5.png,1,genuine_genuine,35,35
data/processed/train/genuine/original_28_23.png,data/processed/train/genuine/original_26_11.png,0,random_forgery,28,26
data/processed/train/genuine/original_32_3.png,data/processed/train/genuine/original_27_3.png,0,random_forgery,32,27
data/processed/train/genuine/original_33_21.png,data/processed/validation/genuine/original_45_10.png,0,random_forgery,33,45
data/processed/validation/genuine/original_40_4.png,data/processed/train/genuine/original_24_17.png,0,random_forgery,40,24
data/processed/train/genuine/original_15_11.png,data/processed/train/forged/forgeries_15_22.png,0,skilled_forgery,15,15
data/processed/validation/genuine/original_42_12.png,data/processed/validation/genuine/original_42_5.png,1,genuine_genuine,42,42
data/processed/train/genuine/original_28_13.png,data/processed/train/genuine/original_28_15.png,1,genuine_genuine,28,28
data/processed/validation/genuine/original_38_21.png,data/processed/validation/genuine/original_38_7.png,1,genuine_genuine,38,38
data/processed/train/genuine/original_32_17.png,data/processed/train/genuine/original_11_22.png,0,random_forgery,32,11
data/processed/validation/genuine/original_40_18.png,data/processed/validation/genuine/original_41_1.png,0,random_forgery,40,41
data/processed/train/genuine/original_28_1.png,data/processed/train/genuine/original_17_14.png,0,random_forgery,28,17
data/processed/train/genuine/original_22_4.png,data/processed/train/forged/forgeries_22_15.png,0,skilled_forgery,22,22
data/processed/train/genuine/original_35_19.png,data/processed/train/forged/forgeries_35_6.png,0,skilled_forgery,35,35
data/processed/validation/genuine/original_44_1.png,data/processed/validation/genuine/original_44_9.png,1,genuine_genuine,44,44
data/processed/train/genuine/original_20_17.png,data/processed/train/forged/forgeries_20_23.png,0,skilled_forgery,20,20
data/processed/train/genuine/original_14_13.png,data/processed/train/forged/forgeries_14_19.png,0,skilled_forgery,14,14
data/processed/validation/genuine/original_43_19.png,data/processed/validation/forged/forgeries_43_23.png,0,skilled_forgery,43,43
data/processed/train/genuine/original_31_18.png,data/processed/train/genuine/original_16_11.png,0,random_forgery,31,16
data/processed/train/genuine/original_26_15.png,data/processed/train/genuine/original_19_22.png,0,random_forgery,26,19
data/processed/validation/genuine/original_41_18.png,data/processed/train/genuine/original_19_15.png,0,random_forgery,41,19
data/processed/validation/genuine/original_41_4.png,data/processed/train/genuine/original_26_24.png,0,random_forgery,41,26
data/processed/validation/genuine/original_36_15.png,data/processed/validation/genuine/original_40_20.png,0,random_forgery,36,40
data/processed/train/genuine/original_35_9.png,data/processed/train/forged/forgeries_35_12.png,0,skilled_forgery,35,35
data/processed/validation/genuine/original_42_17.png,data/processed/validation/genuine/original_42_21.png,1,genuine_genuine,42,42
data/processed/validation/genuine/original_36_10.png,data/processed/validation/forged/forgeries_36_7.png,0,skilled_forgery,36,36
data/processed/train/genuine/original_27_3.png,data/processed/train/forged/forgeries_27_6.png,0,skilled_forgery,27,27
data/processed/validation/genuine/original_45_1.png,data/processed/validation/genuine/original_45_15.png,1,genuine_genuine,45,45
data/processed/train/genuine/original_27_16.png,data/processed/train/genuine/original_27_3.png,1,genuine_genuine,27,27
data/processed/validation/genuine/original_44_4.png,data/processed/validation/forged/forgeries_44_9.png,0,skilled_forgery,44,44
data/processed/train/genuine/original_28_5.png,data/processed/train/forged/forgeries_28_16.png,0,skilled_forgery,28,28
data/processed/train/genuine/original_31_21.png,data/processed/train/forged/forgeries_31_4.png,0,skilled_forgery,31,31
data/processed/train/genuine/original_34_12.png,data/processed/validation/genuine/original_42_13.png,0,random_forgery,34,42
data/processed/train/genuine/original_11_17.png,data/processed/train/genuine/original_11_19.png,1,genuine_genuine,11,11
data/processed/train/genuine/original_29_16.png,data/processed/train/genuine/original_29_19.png,1,genuine_genuine,29,29
data/processed/train/genuine/original_26_1.png,data/processed/train/forged/forgeries_26_8.png,0,skilled_forgery,26,26
data/processed/train/genuine/original_11_11.png,data/processed/train/genuine/original_11_2.png,1,genuine_genuine,11,11
data/processed/train/genuine/original_29_6.png,data/processed/train/genuine/original_30_10.png,0,random_forgery,29,30
data/processed/validation/genuine/original_40_12.png,data/processed/validation/genuine/original_40_2.png,1,genuine_genuine,40,40
data/processed/train/genuine/original_32_20.png,data/processed/train/genuine/original_26_23.png,0,random_forgery,32,26
data/processed/train/genuine/original_16_21.png,data/processed/train/genuine/original_16_22.png,1,genuine_genuine,16,16
data/processed/train/genuine/original_22_11.png,data/processed/train/genuine/original_23_9.png,0,random_forgery,22,23
data/processed/train/genuine/original_27_4.png,data/processed/train/genuine/original_11_8.png,0,random_forgery,27,11
data/processed/validation/genuine/original_41_16.png,data/processed/validation/genuine/original_41_21.png,1,genuine_genuine,41,41
data/processed/train/genuine/original_23_17.png,data/processed/train/genuine/original_23_18.png,1,genuine_genuine,23,23
data/processed/train/genuine/original_22_22.png,data/processed/train/genuine/original_22_24.png,1,genuine_genuine,22,22
data/processed/train/genuine/original_16_10.png,data/processed/train/forged/forgeries_16_18.png,0,skilled_forgery,16,16
data/processed/validation/genuine/original_36_12.png,data/processed/validation/genuine/original_36_4.png,1,genuine_genuine,36,36
data/processed/train/genuine/original_16_13.png,data/processed/train/genuine/original_16_9.png,1,genuine_genuine,16,16
data/processed/validation/genuine/original_37_15.png,data/processed/validation/genuine/original_37_16.png,1,genuine_genuine,37,37
data/processed/validation/genuine/original_43_2.png,data/processed/validation/genuine/original_43_3.png,1,genuine_genuine,43,43
data/processed/validation/genuine/original_37_1.png,data/processed/validation/genuine/original_37_11.png,1,genuine_genuine,37,37
data/processed/validation/genuine/original_40_13.png,data/processed/validation/genuine/original_40_16.png,1,genuine_genuine,40,40
data/processed/train/genuine/original_11_2.png,data/processed/train/genuine/original_16_16.png,0,random_forgery,11,16
data/processed/train/genuine/original_13_3.png,data/processed/train/forged/forgeries_13_6.png,0,skilled_forgery,13,13
data/processed/train/genuine/original_11_1.png,data/processed/train/genuine/original_11_14.png,1,genuine_genuine,11,11
data/processed/train/genuine/original_34_13.png,data/processed/train/genuine/original_34_9.png,1,genuine_genuine,34,34
data/processed/train/genuine/original_32_13.png,data/processed/train/genuine/original_32_5.png,1,genuine_genuine,32,32
data/processed/train/genuine/original_10_18.png,data/processed/train/genuine/original_25_8.png,0,random_forgery,10,25
data/processed/validation/genuine/original_37_14.png,data/processed/validation/forged/forgeries_37_12.png,0,skilled_forgery,37,37
data/processed/train/genuine/original_16_17.png,data/processed/train/genuine/original_16_20.png,1,genuine_genuine,16,16
data/processed/train/genuine/original_34_11.png,data/processed/train/genuine/original_34_17.png,1,genuine_genuine,34,34
data/processed/train/genuine/original_31_24.png,data/processed/train/forged/forgeries_31_24.png,0,skilled_forgery,31,31
data/processed/train/genuine/original_34_15.png,data/processed/train/genuine/original_20_20.png,0,random_forgery,34,20
data/processed/train/genuine/original_12_6.png,data/processed/train/forged/forgeries_12_22.png,0,skilled_forgery,12,12
data/processed/train/genuine/original_18_9.png,data/processed/train/forged/forgeries_18_9.png,0,skilled_forgery,18,18
data/processed/train/genuine/original_22_23.png,data/processed/train/forged/forgeries_22_23.png,0,skilled_forgery,22,22
data/processed/train/genuine/original_29_17.png,data/processed/train/genuine/original_29_18.png,1,genuine_genuine,29,29
data/processed/validation/genuine/original_39_1.png,data/processed/validation/genuine/original_39_14.png,1,genuine_genuine,39,39
data/processed/train/genuine/original_23_19.png,data/processed/train/forged/forgeries_23_15.png,0,skilled_forgery,23,23
data/processed/train/genuine/original_31_15.png,data/processed/train/genuine/original_31_22.png,1,genuine_genuine,31,31
data/processed/validation/genuine/original_43_1.png,data/processed/validation/genuine/original_43_20.png,1,genuine_genuine,43,43
data/processed/train/genuine/original_13_13.png,data/processed/train/genuine/original_13_17.png,1,genuine_genuine,13,13
data/processed/train/genuine/original_33_2.png,data/processed/train/genuine/original_33_6.png,1,genuine_genuine,33,33
data/processed/train/genuine/original_17_18.png,data/processed/train/genuine/original_17_19.png,1,genuine_genuine,17,17
data/processed/validation/genuine/original_40_10.png,data/processed/validation/genuine/original_40_14.png,1,genuine_genuine,40,40
data/processed/validation/genuine/original_45_13.png,data/processed/train/genuine/original_16_21.png,0,random_forgery,45,16
data/processed/train/genuine/original_26_3.png,data/processed/train/genuine/original_26_8.png,1,genuine_genuine,26,26
data/processed/validation/genuine/original_38_12.png,data/processed/validation/genuine/original_38_5.png,1,genuine_genuine,38,38
data/processed/train/genuine/original_15_23.png,data/processed/train/genuine/original_27_6.png,0,random_forgery,15,27
data/processed/validation/genuine/original_36_19.png,data/processed/train/genuine/original_14_8.png,0,random_forgery,36,14
data/processed/train/genuine/original_11_5.png,data/processed/train/genuine/original_11_9.png,1,genuine_genuine,11,11
data/processed/validation/genuine/original_38_16.png,data/processed/validation/genuine/original_38_23.png,1,genuine_genuine,38,38
data/processed/train/genuine/original_12_1.png,data/processed/train/genuine/original_12_12.png,1,genuine_genuine,12,12
data/processed/train/genuine/original_12_10.png,data/processed/train/forged/forgeries_12_17.png,0,skilled_forgery,12,12
data/processed/train/genuine/original_33_9.png,data/processed/train/genuine/original_12_2.png,0,random_forgery,33,12
data/processed/train/genuine/original_17_10.png,data/processed/train/forged/forgeries_17_14.png,0,skilled_forgery,17,17
data/processed/train/genuine/original_29_17.png,data/processed/train/forged/forgeries_29_2.png,0,skilled_forgery,29,29
data/processed/validation/genuine/original_40_6.png,data/processed/validation/forged/forgeries_40_20.png,0,skilled_forgery,40,40
data/processed/train/genuine/original_12_8.png,data/processed/train/forged/forgeries_12_11.png,0,skilled_forgery,12,12
data/processed/train/genuine/original_17_23.png,data/processed/train/forged/forgeries_17_5.png,0,skilled_forgery,17,17
data/processed/train/genuine/original_30_6.png,data/processed/train/forged/forgeries_30_23.png,0,skilled_forgery,30,30
data/processed/train/genuine/original_30_21.png,data/processed/train/forged/forgeries_30_22.png,0,skilled_forgery,30,30
data/processed/train/genuine/original_31_17.png,data/processed/train/genuine/original_31_19.png,1,genuine_genuine,31,31
data/processed/train/genuine/original_19_2.png,data/processed/train/forged/forgeries_19_1.png,0,skilled_forgery,19,19
data/processed/train/genuine/original_33_20.png,data/processed/train/genuine/original_33_22.png,1,genuine_genuine,33,33
data/processed/train/genuine/original_32_19.png,data/processed/train/forged/forgeries_32_1.png,0,skilled_forgery,32,32
data/processed/validation/genuine/original_37_22.png,data/processed/validation/forged/forgeries_37_3.png,0,skilled_forgery,37,37
data/processed/train/genuine/original_24_23.png,data/processed/train/forged/forgeries_24_3.png,0,skilled_forgery,24,24
data/processed/train/genuine/original_16_19.png,data/processed/train/forged/forgeries_16_20.png,0,skilled_forgery,16,16
data/processed/validation/genuine/original_40_10.png,data/processed/validation/genuine/original_40_2.png,1,genuine_genuine,40,40
data/processed/train/genuine/original_31_20.png,data/processed/train/forged/forgeries_31_1.png,0,skilled_forgery,31,31
data/processed/train/genuine/original_11_12.png,data/processed/train/forged/forgeries_11_23.png,0,skilled_forgery,11,11
data/processed/train/genuine/original_24_20.png,data/processed/validation/genuine/original_43_23.png,0,random_forgery,24,43
data/processed/train/genuine/original_11_21.png,data/processed/train/forged/forgeries_11_6.png,0,skilled_forgery,11,11
data/processed/train/genuine/original_31_11.png,data/processed/train/forged/forgeries_31_15.png,0,skilled_forgery,31,31
data/processed/train/genuine/original_26_4.png,data/processed/train/genuine/original_26_8.png,1,genuine_genuine,26,26
data/processed/validation/genuine/original_43_24.png,data/processed/train/genuine/original_29_21.png,0,random_forgery,43,29
data/processed/validation/genuine/original_44_10.png,data/processed/validation/genuine/original_44_18.png,1,genuine_genuine,44,44
data/processed/validation/genuine/original_37_19.png,data/processed/train/genuine/original_24_7.png,0,random_forgery,37,24
data/processed/validation/genuine/original_43_8.png,data/processed/validation/forged/forgeries_43_21.png,0,skilled_forgery,43,43
data/processed/train/genuine/original_24_15.png,data/processed/train/forged/forgeries_24_19.png,0,skilled_forgery,24,24
data/processed/train/genuine/original_33_14.png,data/processed/train/genuine/original_33_24.png,1,genuine_genuine,33,33
data/processed/train/genuine/original_13_20.png,data/processed/train/forged/forgeries_13_24.png,0,skilled_forgery,13,13
data/processed/validation/genuine/original_37_24.png,data/processed/validation/forged/forgeries_37_22.png,0,skilled_forgery,37,37
data/processed/train/genuine/original_21_15.png,data/processed/train/genuine/original_21_24.png,1,genuine_genuine,21,21
data/processed/train/genuine/original_28_10.png,data/processed/train/genuine/original_28_7.png,1,genuine_genuine,28,28
data/processed/validation/genuine/original_42_13.png,data/processed/train/genuine/original_23_23.png,0,random_forgery,42,23
data/processed/train/genuine/original_30_19.png,data/processed/train/forged/forgeries_30_8.png,0,skilled_forgery,30,30
data/processed/train/genuine/original_29_20.png,data/processed/train/forged/forgeries_29_12.png,0,skilled_forgery,29,29
data/processed/train/genuine/original_23_13.png,data/processed/train/genuine/original_23_7.png,1,genuine_genuine,23,23
data/processed/train/genuine/original_21_1.png,data/processed/train/genuine/original_16_2.png,0,random_forgery,21,16
data/processed/train/genuine/original_11_10.png,data/processed/train/genuine/original_11_12.png,1,genuine_genuine,11,11
data/processed/validation/genuine/original_40_20.png,data/processed/validation/genuine/original_40_9.png,1,genuine_genuine,40,40
data/processed/train/genuine/original_30_11.png,data/processed/train/genuine/original_30_7.png,1,genuine_genuine,30,30
data/processed/train/genuine/original_23_13.png,data/processed/train/forged/forgeries_23_8.png,0,skilled_forgery,23,23
data/processed/train/genuine/original_25_13.png,data/processed/train/genuine/original_24_5.png,0,random_forgery,25,24
data/processed/train/genuine/original_20_15.png,data/processed/train/forged/forgeries_20_17.png,0,skilled_forgery,20,20
data/processed/train/genuine/original_25_2.png,data/processed/train/genuine/original_25_20.png,1,genuine_genuine,25,25
data/processed/train/genuine/original_12_14.png,data/processed/validation/genuine/original_38_12.png,0,random_forgery,12,38
data/processed/train/genuine/original_10_12.png,data/processed/train/genuine/original_10_3.png,1,genuine_genuine,10,10
data/processed/train/genuine/original_33_11.png,data/processed/validation/genuine/original_38_9.png,0,random_forgery,33,38
data/processed/validation/genuine/original_41_17.png,data/processed/validation/genuine/original_41_23.png,1,genuine_genuine,41,41
data/processed/train/genuine/original_28_23.png,data/processed/train/genuine/original_33_20.png,0,random_forgery,28,33
data/processed/validation/genuine/original_44_17.png,data/processed/validation/genuine/original_44_24.png,1,genuine_genuine,44,44
data/processed/train/genuine/original_18_21.png,data/processed/train/genuine/original_18_3.png,1,genuine_genuine,18,18
data/processed/validation/genuine/original_39_1.png,data/processed/validation/forged/forgeries_39_22.png,0,skilled_forgery,39,39
data/processed/train/genuine/original_20_16.png,data/processed/train/genuine/original_23_2.png,0,random_forgery,20,23
data/processed/train/genuine/original_22_8.png,data/processed/train/genuine/original_33_4.png,0,random_forgery,22,33
data/processed/train/genuine/original_31_24.png,data/processed/train/genuine/original_32_19.png,0,random_forgery,31,32
data/processed/validation/genuine/original_45_16.png,data/processed/validation/genuine/original_37_9.png,0,random_forgery,45,37
data/processed/train/genuine/original_22_18.png,data/processed/train/genuine/original_22_2.png,1,genuine_genuine,22,22
data/processed/train/genuine/original_24_15.png,data/processed/validation/genuine/original_45_14.png,0,random_forgery,24,45
data/processed/train/genuine/original_16_1.png,data/processed/train/genuine/original_16_23.png,1,genuine_genuine,16,16
data/processed/train/genuine/original_12_13.png,data/processed/train/genuine/original_12_23.png,1,genuine_genuine,12,12
data/processed/train/genuine/original_17_1.png,data/processed/train/genuine/original_17_18.png,1,genuine_genuine,17,17
data/processed/train/genuine/original_14_23.png,data/processed/train/genuine/original_14_8.png,1,genuine_genuine,14,14
data/processed/train/genuine/original_12_10.png,data/processed/train/genuine/original_12_6.png,1,genuine_genuine,12,12
data/processed/validation/genuine/original_40_10.png,data/processed/validation/genuine/original_40_9.png,1,genuine_genuine,40,40
data/processed/train/genuine/original_28_9.png,data/processed/train/forged/forgeries_28_21.png,0,skilled_forgery,28,28
data/processed/train/genuine/original_12_4.png,data/processed/train/genuine/original_12_8.png,1,genuine_genuine,12,12
data/processed/train/genuine/original_21_7.png,data/processed/train/forged/forgeries_21_14.png,0,skilled_forgery,21,21
data/processed/train/genuine/original_28_17.png,data/processed/train/genuine/original_28_18.png,1,genuine_genuine,28,28
data/processed/train/genuine/original_12_19.png,data/processed/train/genuine/original_12_21.png,1,genuine_genuine,12,12
data/processed/train/genuine/original_35_18.png,data/processed/train/genuine/original_35_7.png,1,genuine_genuine,35,35
data/processed/validation/genuine/original_41_23.png,data/processed/validation/genuine/original_41_9.png,1,genuine_genuine,41,41
data/processed/train/genuine/original_18_1.png,data/processed/train/genuine/original_18_21.png,1,genuine_genuine,18,18
data/processed/validation/genuine/original_42_22.png,data/processed/validation/forged/forgeries_42_1.png,0,skilled_forgery,42,42
data/processed/validation/genuine/original_38_11.png,data/processed/validation/forged/forgeries_38_5.png,0,skilled_forgery,38,38
data/processed/train/genuine/original_18_13.png,data/processed/train/forged/forgeries_18_7.png,0,skilled_forgery,18,18
data/processed/train/genuine/original_34_18.png,data/processed/train/genuine/original_34_7.png,1,genuine_genuine,34,34
data/processed/train/genuine/original_22_20.png,data/processed/train/genuine/original_22_9.png,1,genuine_genuine,22,22
data/processed/train/genuine/original_15_14.png,data/processed/train/genuine/original_15_5.png,1,genuine_genuine,15,15
data/processed/train/genuine/original_13_22.png,data/processed/train/genuine/original_13_23.png,1,genuine_genuine,13,13
data/processed/train/genuine/original_29_17.png,data/processed/train/genuine/original_29_2.png,1,genuine_genuine,29,29
data/processed/train/genuine/original_16_13.png,data/processed/train/genuine/original_16_21.png,1,genuine_genuine,16,16
data/processed/train/genuine/original_11_21.png,data/processed/train/genuine/original_11_6.png,1,genuine_genuine,11,11
data/processed/train/genuine/original_30_14.png,data/processed/train/genuine/original_30_22.png,1,genuine_genuine,30,30
data/processed/validation/genuine/original_40_11.png,data/processed/validation/forged/forgeries_40_20.png,0,skilled_forgery,40,40
data/processed/train/genuine/original_34_4.png,data/processed/train/genuine/original_21_9.png,0,random_forgery,34,21
data/processed/train/genuine/original_10_11.png,data/processed/train/genuine/original_10_12.png,1,genuine_genuine,10,10
data/processed/train/genuine/original_15_9.png,data/processed/train/forged/forgeries_15_12.png,0,skilled_forgery,15,15
data/processed/train/genuine/original_23_5.png,data/processed/train/genuine/original_23_7.png,1,genuine_genuine,23,23
data/processed/train/genuine/original_18_24.png,data/processed/train/genuine/original_18_7.png,1,genuine_genuine,18,18
data/processed/train/genuine/original_22_14.png,data/processed/train/genuine/original_22_6.png,1,genuine_genuine,22,22
data/processed/train/genuine/original_27_2.png,data/processed/train/genuine/original_27_5.png,1,genuine_genuine,27,27
data/processed/train/genuine/original_35_14.png,data/processed/train/genuine/original_35_18.png,1,genuine_genuine,35,35
data/processed/train/genuine/original_31_19.png,data/processed/train/genuine/original_31_8.png,1,genuine_genuine,31,31
data/processed/validation/genuine/original_40_20.png,data/processed/validation/forged/forgeries_40_20.png,0,skilled_forgery,40,40
data/processed/validation/genuine/original_44_5.png,data/processed/train/genuine/original_20_2.png,0,random_forgery,44,20
data/processed/validation/genuine/original_41_14.png,data/processed/validation/forged/forgeries_41_9.png,0,skilled_forgery,41,41
data/processed/train/genuine/original_25_1.png,data/processed/train/genuine/original_25_10.png,1,genuine_genuine,25,25
data/processed/train/genuine/original_28_1.png,data/processed/train/genuine/original_28_17.png,1,genuine_genuine,28,28
data/processed/train/genuine/original_32_6.png,data/processed/train/genuine/original_25_21.png,0,random_forgery,32,25
data/processed/validation/genuine/original_38_16.png,data/processed/validation/genuine/original_38_20.png,1,genuine_genuine,38,38
data/processed/validation/genuine/original_37_18.png,data/processed/train/genuine/original_13_5.png,0,random_forgery,37,13
data/processed/train/genuine/original_25_15.png,data/processed/train/forged/forgeries_25_14.png,0,skilled_forgery,25,25
data/processed/validation/genuine/original_40_1.png,data/processed/validation/forged/forgeries_40_14.png,0,skilled_forgery,40,40
data/processed/validation/genuine/original_36_8.png,data/processed/validation/forged/forgeries_36_19.png,0,skilled_forgery,36,36
data/processed/train/genuine/original_24_2.png,data/processed/train/forged/forgeries_24_22.png,0,skilled_forgery,24,24
data/processed/validation/genuine/original_40_17.png,data/processed/validation/genuine/original_40_2.png,1,genuine_genuine,40,40
data/processed/train/genuine/original_26_4.png,data/processed/validation/genuine/original_36_15.png,0,random_forgery,26,36
data/processed/train/genuine/original_13_17.png,data/processed/train/forged/forgeries_13_14.png,0,skilled_forgery,13,13
data/processed/train/genuine/original_17_5.png,data/processed/validation/genuine/original_42_5.png,0,random_forgery,17,42
data/processed/validation/genuine/original_41_13.png,data/processed/validation/genuine/original_41_21.png,1,genuine_genuine,41,41
data/processed/train/genuine/original_10_20.png,data/processed/train/genuine/original_10_6.png,1,genuine_genuine,10,10
data/processed/validation/genuine/original_38_15.png,data/processed/validation/forged/forgeries_38_3.png,0,skilled_forgery,38,38
data/processed/validation/genuine/original_41_1.png,data/processed/validation/genuine/original_41_3.png,1,genuine_genuine,41,41
data/processed/train/genuine/original_12_17.png,data/processed/train/forged/forgeries_12_3.png,0,skilled_forgery,12,12
data/processed/validation/genuine/original_37_14.png,data/processed/validation/genuine/original_37_9.png,1,genuine_genuine,37,37
data/processed/train/genuine/original_34_11.png,data/processed/validation/genuine/original_38_24.png,0,random_forgery,34,38
data/processed/train/genuine/original_12_15.png,data/processed/train/genuine/original_24_9.png,0,random_forgery,12,24
data/processed/validation/genuine/original_45_16.png,data/processed/validation/genuine/original_45_19.png,1,genuine_genuine,45,45
data/processed/train/genuine/original_22_15.png,data/processed/train/genuine/original_35_2.png,0,random_forgery,22,35
data/processed/train/genuine/original_13_22.png,data/processed/train/genuine/original_13_4.png,1,genuine_genuine,13,13
data/processed/train/genuine/original_28_1.png,data/processed/train/forged/forgeries_28_21.png,0,skilled_forgery,28,28
data/processed/train/genuine/original_26_1.png,data/processed/train/forged/forgeries_26_5.png,0,skilled_forgery,26,26
data/processed/train/genuine/original_13_19.png,data/processed/train/forged/forgeries_13_12.png,0,skilled_forgery,13,13
data/processed/train/genuine/original_22_20.png,data/processed/train/genuine/original_22_7.png,1,genuine_genuine,22,22
data/processed/validation/genuine/original_40_2.png,data/processed/validation/genuine/original_40_9.png,1,genuine_genuine,40,40
data/processed/train/genuine/original_11_19.png,data/processed/train/forged/forgeries_11_16.png,0,skilled_forgery,11,11
data/processed/train/genuine/original_32_14.png,data/processed/train/genuine/original_27_5.png,0,random_forgery,32,27
data/processed/train/genuine/original_11_19.png,data/processed/train/genuine/original_11_8.png,1,genuine_genuine,11,11
data/processed/validation/genuine/original_37_9.png,data/processed/validation/genuine/original_42_12.png,0,random_forgery,37,42
data/processed/train/genuine/original_21_15.png,data/processed/train/genuine/original_21_6.png,1,genuine_genuine,21,21
data/processed/validation/genuine/original_41_2.png,data/processed/validation/forged/forgeries_41_1.png,0,skilled_forgery,41,41
data/processed/train/genuine/original_31_14.png,data/processed/train/genuine/original_31_8.png,1,genuine_genuine,31,31
data/processed/validation/genuine/original_44_19.png,data/processed/train/genuine/original_21_3.png,0,random_forgery,44,21
data/processed/train/genuine/original_27_14.png,data/processed/train/genuine/original_14_2.png,0,random_forgery,27,14
data/processed/train/genuine/original_28_9.png,data/processed/train/genuine/original_18_5.png,0,random_forgery,28,18
data/processed/train/genuine/original_19_2.png,data/processed/train/genuine/original_19_4.png,1,genuine_genuine,19,19
data/processed/validation/genuine/original_40_9.png,data/processed/validation/forged/forgeries_40_19.png,0,skilled_forgery,40,40
data/processed/validation/genuine/original_42_9.png,data/processed/validation/forged/forgeries_42_1.png,0,skilled_forgery,42,42
data/processed/train/genuine/original_23_12.png,data/processed/train/genuine/original_23_20.png,1,genuine_genuine,23,23
data/processed/train/genuine/original_14_11.png,data/processed/train/genuine/original_14_16.png,1,genuine_genuine,14,14
data/processed/validation/genuine/original_39_10.png,data/processed/validation/genuine/original_39_23.png,1,genuine_genuine,39,39
data/processed/validation/genuine/original_40_12.png,data/processed/validation/genuine/original_40_3.png,1,genuine_genuine,40,40
data/processed/train/genuine/original_19_15.png,data/processed/train/genuine/original_19_17.png,1,genuine_genuine,19,19
data/processed/train/genuine/original_33_7.png,data/processed/train/genuine/original_33_8.png,1,genuine_genuine,33,33
data/processed/train/genuine/original_23_14.png,data/processed/train/genuine/original_23_6.png,1,genuine_genuine,23,23
data/processed/train/genuine/original_31_23.png,data/processed/train/genuine/original_31_7.png,1,genuine_genuine,31,31
data/processed/train/genuine/original_11_13.png,data/processed/validation/genuine/original_43_21.png,0,random_forgery,11,43
data/processed/train/genuine/original_20_15.png,data/processed/train/genuine/original_26_11.png,0,random_forgery,20,26
data/processed/train/genuine/original_25_4.png,data/processed/train/forged/forgeries_25_21.png,0,skilled_forgery,25,25
data/processed/validation/genuine/original_43_5.png,data/processed/validation/forged/forgeries_43_13.png,0,skilled_forgery,43,43
data/processed/train/genuine/original_18_4.png,data/processed/train/forged/forgeries_18_1.png,0,skilled_forgery,18,18
data/processed/validation/genuine/original_38_11.png,data/processed/validation/genuine/original_38_15.png,1,genuine_genuine,38,38
data/processed/train/genuine/original_24_24.png,data/processed/train/genuine/original_24_6.png,1,genuine_genuine,24,24
data/processed/validation/genuine/original_38_21.png,data/processed/validation/forged/forgeries_38_13.png,0,skilled_forgery,38,38
data/processed/validation/genuine/original_36_24.png,data/processed/validation/genuine/original_36_6.png,1,genuine_genuine,36,36
data/processed/validation/genuine/original_37_15.png,data/processed/validation/forged/forgeries_37_19.png,0,skilled_forgery,37,37
data/processed/validation/genuine/original_42_16.png,data/processed/validation/forged/forgeries_42_22.png,0,skilled_forgery,42,42
data/processed/train/genuine/original_28_1.png,data/processed/validation/genuine/original_36_2.png,0,random_forgery,28,36
data/processed/train/genuine/original_14_21.png,data/processed/train/forged/forgeries_14_24.png,0,skilled_forgery,14,14
data/processed/validation/genuine/original_42_23.png,data/processed/validation/forged/forgeries_42_21.png,0,skilled_forgery,42,42
data/processed/train/genuine/original_24_3.png,data/processed/validation/genuine/original_37_17.png,0,random_forgery,24,37
data/processed/train/genuine/original_26_7.png,data/processed/train/forged/forgeries_26_17.png,0,skilled_forgery,26,26
data/processed/train/genuine/original_20_18.png,data/processed/train/genuine/original_20_2.png,1,genuine_genuine,20,20
data/processed/train/genuine/original_26_18.png,data/processed/train/genuine/original_26_21.png,1,genuine_genuine,26,26
data/processed/train/genuine/original_26_17.png,data/processed/train/genuine/original_22_10.png,0,random_forgery,26,22
data/processed/train/genuine/original_17_24.png,data/processed/train/genuine/original_17_6.png,1,genuine_genuine,17,17
data/processed/train/genuine/original_10_12.png,data/processed/train/forged/forgeries_10_6.png,0,skilled_forgery,10,10
data/processed/train/genuine/original_12_17.png,data/processed/train/genuine/original_12_5.png,1,genuine_genuine,12,12
data/processed/train/genuine/original_19_11.png,data/processed/train/genuine/original_19_12.png,1,genuine_genuine,19,19
data/processed/train/genuine/original_22_21.png,data/processed/train/forged/forgeries_22_22.png,0,skilled_forgery,22,22
data/processed/train/genuine/original_11_18.png,data/processed/train/genuine/original_11_20.png,1,genuine_genuine,11,11
data/processed/validation/genuine/original_36_11.png,data/processed/validation/genuine/original_39_15.png,0,random_forgery,36,39
data/processed/validation/genuine/original_41_20.png,data/processed/validation/genuine/original_41_5.png,1,genuine_genuine,41,41
data/processed/train/genuine/original_14_23.png,data/processed/train/forged/forgeries_14_24.png,0,skilled_forgery,14,14
data/processed/validation/genuine/original_40_1.png,data/processed/validation/genuine/original_40_20.png,1,genuine_genuine,40,40
data/processed/validation/genuine/original_36_18.png,data/processed/validation/genuine/original_36_2.png,1,genuine_genuine,36,36
data/processed/train/genuine/original_12_16.png,data/processed/train/genuine/original_12_23.png,1,genuine_genuine,12,12
data/processed/train/genuine/original_16_6.png,data/processed/validation/genuine/original_39_2.png,0,random_forgery,16,39
data/processed/train/genuine/original_14_10.png,data/processed/train/genuine/original_14_8.png,1,genuine_genuine,14,14
data/processed/train/genuine/original_30_19.png,data/processed/train/genuine/original_27_9.png,0,random_forgery,30,27
data/processed/train/genuine/original_32_19.png,data/processed/train/forged/forgeries_32_5.png,0,skilled_forgery,32,32
data/processed/train/genuine/original_25_24.png,data/processed/train/genuine/original_25_9.png,1,genuine_genuine,25,25
data/processed/train/genuine/original_17_15.png,data/processed/train/genuine/original_17_17.png,1,genuine_genuine,17,17
data/processed/train/genuine/original_21_22.png,data/processed/train/genuine/original_21_6.png,1,genuine_genuine,21,21
data/processed/train/genuine/original_15_14.png,data/processed/train/genuine/original_27_3.png,0,random_forgery,15,27
data/processed/train/genuine/original_30_10.png,data/processed/train/genuine/original_30_2.png,1,genuine_genuine,30,30
data/processed/train/genuine/original_23_13.png,data/processed/train/genuine/original_23_14.png,1,genuine_genuine,23,23
data/processed/train/genuine/original_19_10.png,data/processed/train/genuine/original_19_4.png,1,genuine_genuine,19,19
data/processed/train/genuine/original_20_5.png,data/processed/train/genuine/original_23_15.png,0,random_forgery,20,23
data/processed/validation/genuine/original_42_4.png,data/processed/validation/genuine/original_42_8.png,1,genuine_genuine,42,42
data/processed/validation/genuine/original_37_24.png,data/processed/validation/genuine/original_44_17.png,0,random_forgery,37,44
data/processed/train/genuine/original_34_9.png,data/processed/train/genuine/original_18_2.png,0,random_forgery,34,18
data/processed/train/genuine/original_11_14.png,data/processed/train/genuine/original_11_9.png,1,genuine_genuine,11,11
data/processed/validation/genuine/original_43_11.png,data/processed/validation/genuine/original_43_2.png,1,genuine_genuine,43,43
data/processed/train/genuine/original_21_14.png,data/processed/train/genuine/original_25_11.png,0,random_forgery,21,25
data/processed/train/genuine/original_22_16.png,data/processed/train/genuine/original_22_20.png,1,genuine_genuine,22,22
data/processed/train/genuine/original_29_10.png,data/processed/train/forged/forgeries_29_17.png,0,skilled_forgery,29,29
data/processed/train/genuine/original_31_13.png,data/processed/train/genuine/original_31_2.png,1,genuine_genuine,31,31
data/processed/validation/genuine/original_41_2.png,data/processed/validation/genuine/original_41_20.png,1,genuine_genuine,41,41
data/processed/train/genuine/original_33_15.png,data/processed/train/forged/forgeries_33_9.png,0,skilled_forgery,33,33
data/processed/train/genuine/original_28_18.png,data/processed/train/forged/forgeries_28_11.png,0,skilled_forgery,28,28
data/processed/train/genuine/original_22_12.png,data/processed/validation/genuine/original_43_8.png,0,random_forgery,22,43
data/processed/train/genuine/original_15_6.png,data/processed/train/forged/forgeries_15_12.png,0,skilled_forgery,15,15
data/processed/validation/genuine/original_45_10.png,data/processed/train/genuine/original_24_15.png,0,random_forgery,45,24
data/processed/train/genuine/original_17_8.png,data/processed/train/forged/forgeries_17_5.png,0,skilled_forgery,17,17
data/processed/train/genuine/original_32_20.png,data/processed/train/forged/forgeries_32_14.png,0,skilled_forgery,32,32
data/processed/train/genuine/original_33_5.png,data/processed/train/forged/forgeries_33_19.png,0,skilled_forgery,33,33
data/processed/validation/genuine/original_38_16.png,data/processed/validation/genuine/original_38_24.png,1,genuine_genuine,38,38
data/processed/train/genuine/original_28_23.png,data/processed/train/genuine/original_28_7.png,1,genuine_genuine,28,28
data/processed/train/genuine/original_12_1.png,data/processed/train/genuine/original_20_17.png,0,random_forgery,12,20
data/processed/train/genuine/original_10_24.png,data/processed/train/genuine/original_10_7.png,1,genuine_genuine,10,10
data/processed/train/genuine/original_26_14.png,data/processed/train/genuine/original_26_5.png,1,genuine_genuine,26,26
data/processed/train/genuine/original_13_12.png,data/processed/train/genuine/original_27_11.png,0,random_forgery,13,27
data/processed/train/genuine/original_22_18.png,data/processed/train/genuine/original_11_18.png,0,random_forgery,22,11
data/processed/train/genuine/original_33_9.png,data/processed/validation/genuine/original_37_11.png,0,random_forgery,33,37
data/processed/validation/genuine/original_40_18.png,data/processed/validation/genuine/original_40_23.png,1,genuine_genuine,40,40
data/processed/train/genuine/original_31_22.png,data/processed/train/genuine/original_31_23.png,1,genuine_genuine,31,31
data/processed/validation/genuine/original_42_12.png,data/processed/validation/genuine/original_41_3.png,0,random_forgery,42,41
data/processed/train/genuine/original_34_23.png,data/processed/train/forged/forgeries_34_5.png,0,skilled_forgery,34,34
data/processed/train/genuine/original_17_4.png,data/processed/train/forged/forgeries_17_24.png,0,skilled_forgery,17,17
data/processed/train/genuine/original_16_10.png,data/processed/train/forged/forgeries_16_6.png,0,skilled_forgery,16,16
data/processed/validation/genuine/original_36_17.png,data/processed/validation/forged/forgeries_36_12.png,0,skilled_forgery,36,36
data/processed/train/genuine/original_15_20.png,data/processed/validation/genuine/original_38_15.png,0,random_forgery,15,38
data/processed/validation/genuine/original_44_19.png,data/processed/train/genuine/original_26_16.png,0,random_forgery,44,26
data/processed/validation/genuine/original_43_1.png,data/processed/validation/genuine/original_43_7.png,1,genuine_genuine,43,43
data/processed/train/genuine/original_24_22.png,data/processed/train/genuine/original_24_9.png,1,genuine_genuine,24,24
data/processed/train/genuine/original_19_17.png,data/processed/train/genuine/original_19_7.png,1,genuine_genuine,19,19
data/processed/train/genuine/original_26_18.png,data/processed/train/genuine/original_26_20.png,1,genuine_genuine,26,26
data/processed/validation/genuine/original_40_17.png,data/processed/validation/forged/forgeries_40_9.png,0,skilled_forgery,40,40
data/processed/train/genuine/original_10_3.png,data/processed/train/genuine/original_22_11.png,0,random_forgery,10,22
data/processed/train/genuine/original_18_8.png,data/processed/train/forged/forgeries_18_19.png,0,skilled_forgery,18,18
data/processed/train/genuine/original_23_8.png,data/processed/train/genuine/original_23_9.png,1,genuine_genuine,23,23
data/processed/train/genuine/original_12_12.png,data/processed/train/genuine/original_12_22.png,1,genuine_genuine,12,12
data/processed/train/genuine/original_35_6.png,data/processed/train/genuine/original_35_7.png,1,genuine_genuine,35,35
data/processed/train/genuine/original_12_10.png,data/processed/train/forged/forgeries_12_5.png,0,skilled_forgery,12,12
data/processed/train/genuine/original_16_16.png,data/processed/train/genuine/original_10_3.png,0,random_forgery,16,10
data/processed/validation/genuine/original_42_22.png,data/processed/validation/genuine/original_42_8.png,1,genuine_genuine,42,42
data/processed/train/genuine/original_19_13.png,data/processed/train/forged/forgeries_19_17.png,0,skilled_forgery,19,19
data/processed/train/genuine/original_21_1.png,data/processed/train/genuine/original_21_21.png,1,genuine_genuine,21,21
data/processed/validation/genuine/original_36_20.png,data/processed/validation/genuine/original_36_4.png,1,genuine_genuine,36,36
data/processed/train/genuine/original_25_2.png,data/processed/train/forged/forgeries_25_11.png,0,skilled_forgery,25,25
data/processed/train/genuine/original_12_3.png,data/processed/train/genuine/original_12_4.png,1,genuine_genuine,12,12
data/processed/train/genuine/original_24_15.png,data/processed/train/genuine/original_24_17.png,1,genuine_genuine,24,24
data/processed/train/genuine/original_33_11.png,data/processed/train/genuine/original_33_4.png,1,genuine_genuine,33,33
data/processed/train/genuine/original_18_24.png,data/processed/train/genuine/original_13_15.png,0,random_forgery,18,13
data/processed/validation/genuine/original_41_11.png,data/processed/validation/forged/forgeries_41_18.png,0,skilled_forgery,41,41
data/processed/train/genuine/original_19_15.png,data/processed/train/forged/forgeries_19_4.png,0,skilled_forgery,19,19
data/processed/validation/genuine/original_40_21.png,data/processed/validation/forged/forgeries_40_16.png,0,skilled_forgery,40,40
data/processed/train/genuine/original_21_14.png,data/processed/train/genuine/original_21_3.png,1,genuine_genuine,21,21
data/processed/train/genuine/original_19_13.png,data/processed/train/genuine/original_19_20.png,1,genuine_genuine,19,19
data/processed/train/genuine/original_10_15.png,data/processed/train/genuine/original_17_6.png,0,random_forgery,10,17
data/processed/train/genuine/original_33_15.png,data/processed/train/genuine/original_33_18.png,1,genuine_genuine,33,33
data/processed/train/genuine/original_13_20.png,data/processed/train/genuine/original_11_22.png,0,random_forgery,13,11
data/processed/train/genuine/original_25_9.png,data/processed/train/forged/forgeries_25_18.png,0,skilled_forgery,25,25
data/processed/train/genuine/original_22_6.png,data/processed/train/genuine/original_22_7.png,1,genuine_genuine,22,22
data/processed/train/genuine/original_18_4.png,data/processed/train/genuine/original_18_9.png,1,genuine_genuine,18,18
data/processed/train/genuine/original_20_3.png,data/processed/train/genuine/original_20_5.png,1,genuine_genuine,20,20
data/processed/validation/genuine/original_41_15.png,data/processed/validation/forged/forgeries_41_16.png,0,skilled_forgery,41,41
data/processed/train/genuine/original_18_11.png,data/processed/train/forged/forgeries_18_14.png,0,skilled_forgery,18,18
data/processed/train/genuine/original_20_23.png,data/processed/validation/genuine/original_40_22.png,0,random_forgery,20,40
data/processed/train/genuine/original_27_17.png,data/processed/train/forged/forgeries_27_11.png,0,skilled_forgery,27,27
data/processed/train/genuine/original_30_1.png,data/processed/train/genuine/original_30_7.png,1,genuine_genuine,30,30
data/processed/validation/genuine/original_36_24.png,data/processed/validation/genuine/original_36_3.png,1,genuine_genuine,36,36
data/processed/train/genuine/original_12_7.png,data/processed/train/forged/forgeries_12_4.png,0,skilled_forgery,12,12
data/processed/validation/genuine/original_37_16.png,data/processed/validation/genuine/original_38_18.png,0,random_forgery,37,38
data/processed/validation/genuine/original_38_24.png,data/processed/validation/genuine/original_44_15.png,0,random_forgery,38,44
data/processed/train/genuine/original_13_9.png,data/processed/train/forged/forgeries_13_13.png,0,skilled_forgery,13,13
data/processed/train/genuine/original_26_10.png,data/processed/train/genuine/original_26_7.png,1,genuine_genuine,26,26
data/processed/train/genuine/original_27_12.png,data/processed/train/genuine/original_27_13.png,1,genuine_genuine,27,27
data/processed/train/genuine/original_12_10.png,data/processed/train/forged/forgeries_12_20.png,0,skilled_forgery,12,12
data/processed/validation/genuine/original_40_16.png,data/processed/validation/genuine/original_40_5.png,1,genuine_genuine,40,40
data/processed/train/genuine/original_32_6.png,data/processed/train/forged/forgeries_32_13.png,0,skilled_forgery,32,32
data/processed/train/genuine/original_16_12.png,data/processed/validation/genuine/original_43_14.png,0,random_forgery,16,43
data/processed/validation/genuine/original_43_23.png,data/processed/validation/forged/forgeries_43_7.png,0,skilled_forgery,43,43
data/processed/validation/genuine/original_43_17.png,data/processed/train/genuine/original_21_17.png,0,random_forgery,43,21
data/processed/train/genuine/original_14_5.png,data/processed/train/forged/forgeries_14_15.png,0,skilled_forgery,14,14
data/processed/train/genuine/original_25_23.png,data/processed/train/forged/forgeries_25_18.png,0,skilled_forgery,25,25
data/processed/train/genuine/original_17_10.png,data/processed/train/genuine/original_17_2.png,1,genuine_genuine,17,17
data/processed/train/genuine/original_19_15.png,data/processed/train/genuine/original_19_5.png,1,genuine_genuine,19,19
data/processed/validation/genuine/original_40_18.png,data/processed/validation/forged/forgeries_40_6.png,0,skilled_forgery,40,40
data/processed/train/genuine/original_29_10.png,data/processed/train/genuine/original_29_16.png,1,genuine_genuine,29,29
data/processed/train/genuine/original_28_16.png,data/processed/validation/genuine/original_43_13.png,0,random_forgery,28,43
data/processed/train/genuine/original_30_14.png,data/processed/train/genuine/original_30_17.png,1,genuine_genuine,30,30
data/processed/validation/genuine/original_39_15.png,data/processed/validation/genuine/original_39_8.png,1,genuine_genuine,39,39
data/processed/train/genuine/original_25_13.png,data/processed/train/genuine/original_25_18.png,1,genuine_genuine,25,25
data/processed/train/genuine/original_31_21.png,data/processed/train/forged/forgeries_31_23.png,0,skilled_forgery,31,31
data/processed/train/genuine/original_14_8.png,data/processed/train/forged/forgeries_14_6.png,0,skilled_forgery,14,14
data/processed/train/genuine/original_27_19.png,data/processed/validation/genuine/original_42_14.png,0,random_forgery,27,42
data/processed/train/genuine/original_19_17.png,data/processed/train/genuine/original_19_9.png,1,genuine_genuine,19,19
data/processed/validation/genuine/original_44_12.png,data/processed/validation/genuine/original_44_17.png,1,genuine_genuine,44,44
data/processed/train/genuine/original_10_14.png,data/processed/train/genuine/original_10_15.png,1,genuine_genuine,10,10
data/processed/validation/genuine/original_42_7.png,data/processed/validation/forged/forgeries_42_6.png,0,skilled_forgery,42,42
data/processed/train/genuine/original_11_16.png,data/processed/train/forged/forgeries_11_4.png,0,skilled_forgery,11,11
data/processed/train/genuine/original_32_19.png,data/processed/train/genuine/original_32_7.png,1,genuine_genuine,32,32
data/processed/train/genuine/original_35_1.png,data/processed/train/forged/forgeries_35_15.png,0,skilled_forgery,35,35
data/processed/train/genuine/original_15_23.png,data/processed/train/genuine/original_31_4.png,0,random_forgery,15,31
data/processed/train/genuine/original_26_11.png,data/processed/train/genuine/original_26_8.png,1,genuine_genuine,26,26
data/processed/train/genuine/original_19_19.png,data/processed/train/genuine/original_19_4.png,1,genuine_genuine,19,19
data/processed/train/genuine/original_21_22.png,data/processed/train/forged/forgeries_21_9.png,0,skilled_forgery,21,21
data/processed/train/genuine/original_16_9.png,data/processed/validation/genuine/original_36_10.png,0,random_forgery,16,36
data/processed/train/genuine/original_19_16.png,data/processed/train/forged/forgeries_19_10.png,0,skilled_forgery,19,19
data/processed/train/genuine/original_16_16.png,data/processed/train/genuine/original_16_18.png,1,genuine_genuine,16,16
data/processed/train/genuine/original_29_1.png,data/processed/train/forged/forgeries_29_11.png,0,skilled_forgery,29,29
data/processed/validation/genuine/original_37_19.png,data/processed/validation/genuine/original_37_22.png,1,genuine_genuine,37,37
data/processed/train/genuine/original_19_1.png,data/processed/train/genuine/original_19_24.png,1,genuine_genuine,19,19
data/processed/validation/genuine/original_37_20.png,data/processed/validation/genuine/original_43_10.png,0,random_forgery,37,43
data/processed/validation/genuine/original_39_17.png,data/processed/train/genuine/original_10_23.png,0,random_forgery,39,10
data/processed/validation/genuine/original_44_24.png,data/processed/validation/forged/forgeries_44_1.png,0,skilled_forgery,44,44
data/processed/train/genuine/original_15_1.png,data/processed/train/genuine/original_10_7.png,0,random_forgery,15,10
data/processed/train/genuine/original_26_17.png,data/processed/train/genuine/original_26_2.png,1,genuine_genuine,26,26
data/processed/train/genuine/original_30_16.png,data/processed/train/genuine/original_30_6.png,1,genuine_genuine,30,30
data/processed/train/genuine/original_32_3.png,data/processed/validation/genuine/original_36_8.png,0,random_forgery,32,36
data/processed/validation/genuine/original_45_11.png,data/processed/train/genuine/original_15_18.png,0,random_forgery,45,15
data/processed/validation/genuine/original_37_1.png,data/processed/validation/genuine/original_37_24.png,1,genuine_genuine,37,37
data/processed/train/genuine/original_16_13.png,data/processed/train/forged/forgeries_16_18.png,0,skilled_forgery,16,16
data/processed/validation/genuine/original_36_4.png,data/processed/validation/forged/forgeries_36_24.png,0,skilled_forgery,36,36
data/processed/train/genuine/original_19_13.png,data/processed/train/genuine/original_16_8.png,0,random_forgery,19,16
data/processed/train/genuine/original_23_11.png,data/processed/train/genuine/original_23_17.png,1,genuine_genuine,23,23
data/processed/train/genuine/original_20_15.png,data/processed/train/genuine/original_20_17.png,1,genuine_genuine,20,20
data/processed/train/genuine/original_23_13.png,data/processed/train/genuine/original_23_3.png,1,genuine_genuine,23,23
data/processed/train/genuine/original_19_15.png,data/processed/train/genuine/original_19_16.png,1,genuine_genuine,19,19
data/processed/train/genuine/original_11_6.png,data/processed/validation/genuine/original_37_5.png,0,random_forgery,11,37
data/processed/validation/genuine/original_39_10.png,data/processed/train/genuine/original_32_16.png,0,random_forgery,39,32
data/processed/train/genuine/original_15_16.png,data/processed/train/genuine/original_15_20.png,1,genuine_genuine,15,15
data/processed/train/genuine/original_33_10.png,data/processed/train/genuine/original_33_23.png,1,genuine_genuine,33,33
data/processed/validation/genuine/original_37_21.png,data/processed/validation/forged/forgeries_37_9.png,0,skilled_forgery,37,37
data/processed/validation/genuine/original_40_24.png,data/processed/validation/forged/forgeries_40_24.png,0,skilled_forgery,40,40
data/processed/train/genuine/original_33_3.png,data/processed/train/genuine/original_29_8.png,0,random_forgery,33,29
data/processed/validation/genuine/original_43_6.png,data/processed/train/genuine/original_15_12.png,0,random_forgery,43,15
data/processed/train/genuine/original_25_1.png,data/processed/train/genuine/original_25_18.png,1,genuine_genuine,25,25
data/processed/train/genuine/original_20_12.png,data/processed/train/forged/forgeries_20_19.png,0,skilled_forgery,20,20
data/processed/train/genuine/original_15_14.png,data/processed/train/genuine/original_15_20.png,1,genuine_genuine,15,15
data/processed/train/genuine/original_25_15.png,data/processed/train/genuine/original_25_5.png,1,genuine_genuine,25,25
data/processed/train/genuine/original_14_24.png,data/processed/train/forged/forgeries_14_17.png,0,skilled_forgery,14,14
data/processed/train/genuine/original_20_22.png,data/processed/train/forged/forgeries_20_22.png,0,skilled_forgery,20,20
data/processed/train/genuine/original_13_2.png,data/processed/train/genuine/original_13_5.png,1,genuine_genuine,13,13
data/processed/train/genuine/original_12_18.png,data/processed/train/forged/forgeries_12_20.png,0,skilled_forgery,12,12
data/processed/validation/genuine/original_37_4.png,data/processed/validation/forged/forgeries_37_16.png,0,skilled_forgery,37,37
data/processed/train/genuine/original_32_16.png,data/processed/train/genuine/original_32_8.png,1,genuine_genuine,32,32
data/processed/train/genuine/original_29_19.png,data/processed/train/forged/forgeries_29_2.png,0,skilled_forgery,29,29
data/processed/train/genuine/original_13_14.png,data/processed/train/genuine/original_13_18.png,1,genuine_genuine,13,13
data/processed/train/genuine/original_10_11.png,data/processed/train/genuine/original_10_9.png,1,genuine_genuine,10,10
data/processed/train/genuine/original_25_21.png,data/processed/train/forged/forgeries_25_11.png,0,skilled_forgery,25,25
data/processed/train/genuine/original_10_12.png,data/processed/train/genuine/original_10_6.png,1,genuine_genuine,10,10
data/processed/train/genuine/original_27_13.png,data/processed/validation/genuine/original_36_12.png,0,random_forgery,27,36
data/processed/train/genuine/original_35_23.png,data/processed/validation/genuine/original_44_16.png,0,random_forgery,35,44
data/processed/train/genuine/original_14_1.png,data/processed/train/genuine/original_31_8.png,0,random_forgery,14,31
data/processed/validation/genuine/original_36_5.png,data/processed/validation/forged/forgeries_36_2.png,0,skilled_forgery,36,36
data/processed/validation/genuine/original_42_18.png,data/processed/validation/genuine/original_42_9.png,1,genuine_genuine,42,42
data/processed/validation/genuine/original_41_20.png,data/processed/validation/forged/forgeries_41_18.png,0,skilled_forgery,41,41
data/processed/train/genuine/original_23_13.png,data/processed/train/forged/forgeries_23_14.png,0,skilled_forgery,23,23
data/processed/validation/genuine/original_40_13.png,data/processed/validation/forged/forgeries_40_15.png,0,skilled_forgery,40,40
data/processed/train/genuine/original_32_18.png,data/processed/train/genuine/original_32_20.png,1,genuine_genuine,32,32
data/processed/train/genuine/original_24_7.png,data/processed/train/forged/forgeries_24_16.png,0,skilled_forgery,24,24
data/processed/train/genuine/original_24_10.png,data/processed/train/genuine/original_24_4.png,1,genuine_genuine,24,24
data/processed/validation/genuine/original_36_9.png,data/processed/train/genuine/original_11_9.png,0,random_forgery,36,11
data/processed/train/genuine/original_22_4.png,data/processed/train/genuine/original_22_8.png,1,genuine_genuine,22,22
data/processed/train/genuine/original_23_24.png,data/processed/train/genuine/original_23_9.png,1,genuine_genuine,23,23
data/processed/train/genuine/original_10_20.png,data/processed/train/genuine/original_10_24.png,1,genuine_genuine,10,10
data/processed/train/genuine/original_28_18.png,data/processed/train/genuine/original_10_13.png,0,random_forgery,28,10
data/processed/train/genuine/original_10_21.png,data/processed/train/genuine/original_10_5.png,1,genuine_genuine,10,10
data/processed/train/genuine/original_15_15.png,data/processed/train/genuine/original_15_19.png,1,genuine_genuine,15,15
data/processed/train/genuine/original_24_11.png,data/processed/train/genuine/original_24_4.png,1,genuine_genuine,24,24
data/processed/train/genuine/original_26_17.png,data/processed/train/forged/forgeries_26_22.png,0,skilled_forgery,26,26
data/processed/train/genuine/original_23_17.png,data/processed/train/genuine/original_18_7.png,0,random_forgery,23,18
data/processed/train/genuine/original_17_17.png,data/processed/train/genuine/original_17_3.png,1,genuine_genuine,17,17
data/processed/train/genuine/original_11_17.png,data/processed/train/genuine/original_11_18.png,1,genuine_genuine,11,11
data/processed/train/genuine/original_22_22.png,data/processed/train/genuine/original_22_7.png,1,genuine_genuine,22,22
data/processed/train/genuine/original_29_22.png,data/processed/train/genuine/original_29_3.png,1,genuine_genuine,29,29
data/processed/train/genuine/original_28_2.png,data/processed/train/forged/forgeries_28_1.png,0,skilled_forgery,28,28
data/processed/train/genuine/original_32_15.png,data/processed/train/genuine/original_32_20.png,1,genuine_genuine,32,32
data/processed/train/genuine/original_26_18.png,data/processed/train/forged/forgeries_26_6.png,0,skilled_forgery,26,26
data/processed/train/genuine/original_20_13.png,data/processed/train/genuine/original_20_8.png,1,genuine_genuine,20,20
data/processed/train/genuine/original_21_12.png,data/processed/train/forged/forgeries_21_16.png,0,skilled_forgery,21,21
data/processed/train/genuine/original_14_23.png,data/processed/train/genuine/original_26_2.png,0,random_forgery,14,26
data/processed/train/genuine/original_33_17.png,data/processed/train/forged/forgeries_33_20.png,0,skilled_forgery,33,33
data/processed/train/genuine/original_21_22.png,data/processed/train/forged/forgeries_21_6.png,0,skilled_forgery,21,21
data/processed/train/genuine/original_21_23.png,data/processed/train/genuine/original_21_7.png,1,genuine_genuine,21,21
data/processed/train/genuine/original_20_14.png,data/processed/train/genuine/original_20_8.png,1,genuine_genuine,20,20
data/processed/train/genuine/original_34_22.png,data/processed/train/forged/forgeries_34_19.png,0,skilled_forgery,34,34
data/processed/train/genuine/original_35_14.png,data/processed/train/genuine/original_35_23.png,1,genuine_genuine,35,35
data/processed/validation/genuine/original_43_11.png,data/processed/validation/genuine/original_43_4.png,1,genuine_genuine,43,43
data/processed/train/genuine/original_33_16.png,data/processed/train/genuine/original_33_9.png,1,genuine_genuine,33,33
data/processed/train/genuine/original_32_17.png,data/processed/train/genuine/original_24_3.png,0,random_forgery,32,24
data/processed/validation/genuine/original_40_3.png,data/processed/validation/forged/forgeries_40_22.png,0,skilled_forgery,40,40
data/processed/validation/genuine/original_44_1.png,data/processed/validation/forged/forgeries_44_18.png,0,skilled_forgery,44,44
data/processed/train/genuine/original_31_23.png,data/processed/train/genuine/original_31_3.png,1,genuine_genuine,31,31
data/processed/train/genuine/original_18_7.png,data/processed/train/genuine/original_27_5.png,0,random_forgery,18,27
data/processed/validation/genuine/original_43_1.png,data/processed/validation/forged/forgeries_43_4.png,0,skilled_forgery,43,43
data/processed/train/genuine/original_11_1.png,data/processed/train/genuine/original_11_23.png,1,genuine_genuine,11,11
data/processed/train/genuine/original_20_4.png,data/processed/train/forged/forgeries_20_9.png,0,skilled_forgery,20,20
data/processed/train/genuine/original_33_11.png,data/processed/train/genuine/original_33_18.png,1,genuine_genuine,33,33
data/processed/train/genuine/original_17_13.png,data/processed/train/genuine/original_24_6.png,0,random_forgery,17,24
data/processed/train/genuine/original_23_16.png,data/processed/train/genuine/original_23_20.png,1,genuine_genuine,23,23
data/processed/validation/genuine/original_36_11.png,data/processed/validation/genuine/original_38_2.png,0,random_forgery,36,38
data/processed/train/genuine/original_27_20.png,data/processed/train/genuine/original_27_6.png,1,genuine_genuine,27,27
data/processed/validation/genuine/original_44_24.png,data/processed/validation/genuine/original_44_9.png,1,genuine_genuine,44,44
data/processed/train/genuine/original_19_13.png,data/processed/train/genuine/original_19_14.png,1,genuine_genuine,19,19
data/processed/train/genuine/original_32_14.png,data/processed/train/forged/forgeries_32_3.png,0,skilled_forgery,32,32
data/processed/validation/genuine/original_41_7.png,data/processed/validation/forged/forgeries_41_10.png,0,skilled_forgery,41,41
data/processed/validation/genuine/original_45_22.png,data/processed/validation/genuine/original_45_9.png,1,genuine_genuine,45,45
data/processed/validation/genuine/original_39_13.png,data/processed/validation/genuine/original_39_6.png,1,genuine_genuine,39,39
data/processed/validation/genuine/original_45_11.png,data/processed/validation/forged/forgeries_45_18.png,0,skilled_forgery,45,45
data/processed/validation/genuine/original_43_13.png,data/processed/train/genuine/original_32_14.png,0,random_forgery,43,32
data/processed/train/genuine/original_29_13.png,data/processed/train/genuine/original_29_23.png,1,genuine_genuine,29,29
data/processed/train/genuine/original_13_20.png,data/processed/train/genuine/original_13_24.png,1,genuine_genuine,13,13
data/processed/validation/genuine/original_36_10.png,data/processed/validation/forged/forgeries_36_2.png,0,skilled_forgery,36,36
data/processed/validation/genuine/original_36_13.png,data/processed/train/genuine/original_29_6.png,0,random_forgery,36,29
data/processed/train/genuine/original_18_23.png,data/processed/train/genuine/original_32_24.png,0,random_forgery,18,32
data/processed/train/genuine/original_11_16.png,data/processed/train/genuine/original_11_22.png,1,genuine_genuine,11,11
data/processed/train/genuine/original_11_15.png,data/processed/train/forged/forgeries_11_20.png,0,skilled_forgery,11,11
data/processed/train/genuine/original_29_5.png,data/processed/train/forged/forgeries_29_17.png,0,skilled_forgery,29,29
data/processed/validation/genuine/original_45_4.png,data/processed/validation/genuine/original_45_5.png,1,genuine_genuine,45,45
data/processed/validation/genuine/original_45_12.png,data/processed/validation/genuine/original_45_8.png,1,genuine_genuine,45,45
data/processed/train/genuine/original_21_24.png,data/processed/train/forged/forgeries_21_22.png,0,skilled_forgery,21,21
data/processed/train/genuine/original_29_13.png,data/processed/train/genuine/original_29_4.png,1,genuine_genuine,29,29
data/processed/train/genuine/original_25_11.png,data/processed/train/genuine/original_25_24.png,1,genuine_genuine,25,25
data/processed/train/genuine/original_13_20.png,data/processed/train/genuine/original_13_21.png,1,genuine_genuine,13,13
data/processed/train/genuine/original_20_10.png,data/processed/train/genuine/original_34_11.png,0,random_forgery,20,34
data/processed/train/genuine/original_33_16.png,data/processed/validation/genuine/original_36_7.png,0,random_forgery,33,36
data/processed/train/genuine/original_34_7.png,data/processed/train/forged/forgeries_34_2.png,0,skilled_forgery,34,34
data/processed/train/genuine/original_20_8.png,data/processed/train/genuine/original_26_22.png,0,random_forgery,20,26
data/processed/train/genuine/original_11_13.png,data/processed/train/genuine/original_11_21.png,1,genuine_genuine,11,11
data/processed/train/genuine/original_13_22.png,data/processed/train/genuine/original_21_22.png,0,random_forgery,13,21
data/processed/train/genuine/original_16_11.png,data/processed/train/forged/forgeries_16_19.png,0,skilled_forgery,16,16
data/processed/train/genuine/original_15_15.png,data/processed/train/genuine/original_15_18.png,1,genuine_genuine,15,15
data/processed/train/genuine/original_26_18.png,data/processed/train/genuine/original_26_3.png,1,genuine_genuine,26,26
data/processed/train/genuine/original_14_20.png,data/processed/train/genuine/original_35_16.png,0,random_forgery,14,35
data/processed/train/genuine/original_14_10.png,data/processed/train/genuine/original_14_15.png,1,genuine_genuine,14,14
data/processed/validation/genuine/original_36_1.png,data/processed/validation/genuine/original_36_2.png,1,genuine_genuine,36,36
data/processed/train/genuine/original_19_23.png,data/processed/validation/genuine/original_37_4.png,0,random_forgery,19,37
data/processed/train/genuine/original_11_17.png,data/processed/train/genuine/original_11_23.png,1,genuine_genuine,11,11
data/processed/train/genuine/original_17_12.png,data/processed/validation/genuine/original_43_11.png,0,random_forgery,17,43
data/processed/train/genuine/original_14_23.png,data/processed/train/genuine/original_14_5.png,1,genuine_genuine,14,14
data/processed/validation/genuine/original_39_10.png,data/processed/validation/genuine/original_39_3.png,1,genuine_genuine,39,39
data/processed/validation/genuine/original_42_10.png,data/processed/validation/forged/forgeries_42_18.png,0,skilled_forgery,42,42
data/processed/validation/genuine/original_37_8.png,data/processed/train/genuine/original_16_9.png,0,random_forgery,37,16
data/processed/validation/genuine/original_45_19.png,data/processed/validation/genuine/original_45_3.png,1,genuine_genuine,45,45
data/processed/train/genuine/original_28_3.png,data/processed/train/genuine/original_35_6.png,0,random_forgery,28,35
data/processed/train/genuine/original_19_8.png,data/processed/train/forged/forgeries_19_7.png,0,skilled_forgery,19,19
data/processed/train/genuine/original_18_12.png,data/processed/train/genuine/original_18_4.png,1,genuine_genuine,18,18
data/processed/train/genuine/original_26_23.png,data/processed/train/genuine/original_26_3.png,1,genuine_genuine,26,26
data/processed/train/genuine/original_27_8.png,data/processed/train/genuine/original_27_9.png,1,genuine_genuine,27,27
data/processed/validation/genuine/original_44_16.png,data/processed/validation/genuine/original_44_19.png,1,genuine_genuine,44,44
data/processed/validation/genuine/original_36_16.png,data/processed/validation/forged/forgeries_36_2.png,0,skilled_forgery,36,36
data/processed/validation/genuine/original_44_16.png,data/processed/validation/genuine/original_44_3.png,1,genuine_genuine,44,44
data/processed/train/genuine/original_29_16.png,data/processed/train/genuine/original_12_22.png,0,random_forgery,29,12
data/processed/train/genuine/original_16_4.png,data/processed/train/forged/forgeries_16_16.png,0,skilled_forgery,16,16
data/processed/train/genuine/original_24_15.png,data/processed/train/genuine/original_24_22.png,1,genuine_genuine,24,24
data/processed/validation/genuine/original_41_4.png,data/processed/validation/genuine/original_41_8.png,1,genuine_genuine,41,41
data/processed/train/genuine/original_22_15.png,data/processed/train/forged/forgeries_22_12.png,0,skilled_forgery,22,22
data/processed/validation/genuine/original_40_1.png,data/processed/validation/genuine/original_37_24.png,0,random_forgery,40,37
data/processed/train/genuine/original_23_16.png,data/processed/train/genuine/original_23_3.png,1,genuine_genuine,23,23
data/processed/validation/genuine/original_39_15.png,data/processed/validation/genuine/original_39_24.png,1,genuine_genuine,39,39
data/processed/train/genuine/original_35_11.png,data/processed/train/forged/forgeries_35_13.png,0,skilled_forgery,35,35
data/processed/train/genuine/original_25_1.png,data/processed/train/genuine/original_25_8.png,1,genuine_genuine,25,25
data/processed/train/genuine/original_22_6.png,data/processed/validation/genuine/original_39_4.png,0,random_forgery,22,39
data/processed/train/genuine/original_34_14.png,data/processed/train/forged/forgeries_34_14.png,0,skilled_forgery,34,34
data/processed/train/genuine/original_33_17.png,data/processed/train/forged/forgeries_33_10.png,0,skilled_forgery,33,33
data/processed/train/genuine/original_34_22.png,data/processed/train/genuine/original_34_8.png,1,genuine_genuine,34,34
data/processed/train/genuine/original_11_2.png,data/processed/validation/genuine/original_41_3.png,0,random_forgery,11,41
data/processed/validation/genuine/original_37_12.png,data/processed/validation/forged/forgeries_37_3.png,0,skilled_forgery,37,37
data/processed/train/genuine/original_35_11.png,data/processed/train/genuine/original_35_23.png,1,genuine_genuine,35,35
data/processed/validation/genuine/original_43_24.png,data/processed/train/genuine/original_21_22.png,0,random_forgery,43,21
data/processed/train/genuine/original_30_18.png,data/processed/train/genuine/original_13_16.png,0,random_forgery,30,13
data/processed/train/genuine/original_26_21.png,data/processed/validation/genuine/original_40_4.png,0,random_forgery,26,40
data/processed/validation/genuine/original_44_8.png,data/processed/train/genuine/original_21_12.png,0,random_forgery,44,21
data/processed/validation/genuine/original_43_22.png,data/processed/validation/forged/forgeries_43_14.png,0,skilled_forgery,43,43
data/processed/train/genuine/original_23_22.png,data/processed/train/genuine/original_32_8.png,0,random_forgery,23,32
data/processed/train/genuine/original_15_5.png,data/processed/train/genuine/original_15_8.png,1,genuine_genuine,15,15
data/processed/train/genuine/original_35_11.png,data/processed/train/genuine/original_35_19.png,1,genuine_genuine,35,35
data/processed/train/genuine/original_10_13.png,data/processed/train/forged/forgeries_10_7.png,0,skilled_forgery,10,10
data/processed/train/genuine/original_27_15.png,data/processed/train/forged/forgeries_27_15.png,0,skilled_forgery,27,27
data/processed/validation/genuine/original_36_21.png,data/processed/validation/genuine/original_36_23.png,1,genuine_genuine,36,36
data/processed/train/genuine/original_31_12.png,data/processed/validation/genuine/original_44_8.png,0,random_forgery,31,44
data/processed/validation/genuine/original_36_14.png,data/processed/validation/genuine/original_36_9.png,1,genuine_genuine,36,36
data/processed/validation/genuine/original_40_13.png,data/processed/validation/forged/forgeries_40_8.png,0,skilled_forgery,40,40
data/processed/validation/genuine/original_38_13.png,data/processed/validation/genuine/original_38_21.png,1,genuine_genuine,38,38
data/processed/train/genuine/original_17_11.png,data/processed/train/forged/forgeries_17_20.png,0,skilled_forgery,17,17
data/processed/validation/genuine/original_43_15.png,data/processed/validation/genuine/original_43_21.png,1,genuine_genuine,43,43
data/processed/train/genuine/original_31_11.png,data/processed/train/genuine/original_31_12.png,1,genuine_genuine,31,31
data/processed/train/genuine/original_12_8.png,data/processed/validation/genuine/original_43_7.png,0,random_forgery,12,43
data/processed/train/genuine/original_10_13.png,data/processed/train/genuine/original_10_5.png,1,genuine_genuine,10,10
data/processed/train/genuine/original_16_7.png,data/processed/train/forged/forgeries_16_6.png,0,skilled_forgery,16,16
data/processed/train/genuine/original_17_12.png,data/processed/train/genuine/original_17_16.png,1,genuine_genuine,17,17
data/processed/train/genuine/original_33_4.png,data/processed/train/genuine/original_33_5.png,1,genuine_genuine,33,33
data/processed/validation/genuine/original_39_18.png,data/processed/validation/genuine/original_39_21.png,1,genuine_genuine,39,39
data/processed/validation/genuine/original_39_1.png,data/processed/validation/genuine/original_39_16.png,1,genuine_genuine,39,39
data/processed/train/genuine/original_34_20.png,data/processed/train/forged/forgeries_34_3.png,0,skilled_forgery,34,34
data/processed/train/genuine/original_30_9.png,data/processed/train/forged/forgeries_30_22.png,0,skilled_forgery,30,30
data/processed/train/genuine/original_29_11.png,data/processed/train/genuine/original_29_20.png,1,genuine_genuine,29,29
data/processed/train/genuine/original_10_6.png,data/processed/train/forged/forgeries_10_23.png,0,skilled_forgery,10,10
data/processed/train/genuine/original_25_8.png,data/processed/train/forged/forgeries_25_12.png,0,skilled_forgery,25,25
data/processed/train/genuine/original_17_18.png,data/processed/train/forged/forgeries_17_9.png,0,skilled_forgery,17,17
data/processed/validation/genuine/original_40_2.png,data/processed/validation/genuine/original_40_8.png,1,genuine_genuine,40,40
data/processed/train/genuine/original_12_10.png,data/processed/train/genuine/original_12_20.png,1,genuine_genuine,12,12
data/processed/train/genuine/original_19_1.png,data/processed/train/genuine/original_19_9.png,1,genuine_genuine,19,19
data/processed/train/genuine/original_20_4.png,data/processed/train/genuine/original_20_5.png,1,genuine_genuine,20,20
data/processed/train/genuine/original_12_20.png,data/processed/train/genuine/original_12_6.png,1,genuine_genuine,12,12
data/processed/train/genuine/original_28_5.png,data/processed/train/genuine/original_28_6.png,1,genuine_genuine,28,28
data/processed/train/genuine/original_14_14.png,data/processed/train/genuine/original_14_2.png,1,genuine_genuine,14,14
data/processed/validation/genuine/original_38_15.png,data/processed/validation/forged/forgeries_38_20.png,0,skilled_forgery,38,38
data/processed/train/genuine/original_31_4.png,data/processed/train/forged/forgeries_31_22.png,0,skilled_forgery,31,31
data/processed/train/genuine/original_35_21.png,data/processed/train/forged/forgeries_35_13.png,0,skilled_forgery,35,35
data/processed/validation/genuine/original_42_19.png,data/processed/validation/genuine/original_42_8.png,1,genuine_genuine,42,42
data/processed/train/genuine/original_15_6.png,data/processed/train/forged/forgeries_15_8.png,0,skilled_forgery,15,15
data/processed/train/genuine/original_27_15.png,data/processed/train/genuine/original_27_16.png,1,genuine_genuine,27,27
data/processed/train/genuine/original_14_24.png,data/processed/train/genuine/original_14_5.png,1,genuine_genuine,14,14
data/processed/train/genuine/original_31_13.png,data/processed/train/genuine/original_31_19.png,1,genuine_genuine,31,31
data/processed/train/genuine/original_15_9.png,data/processed/train/forged/forgeries_15_7.png,0,skilled_forgery,15,15
data/processed/train/genuine/original_14_14.png,data/processed/train/genuine/original_14_3.png,1,genuine_genuine,14,14
data/processed/train/genuine/original_21_20.png,data/processed/train/genuine/original_21_24.png,1,genuine_genuine,21,21
data/processed/validation/genuine/original_42_15.png,data/processed/train/genuine/original_14_13.png,0,random_forgery,42,14
data/processed/validation/genuine/original_44_15.png,data/processed/validation/genuine/original_44_17.png,1,genuine_genuine,44,44
data/processed/train/genuine/original_20_15.png,data/processed/train/forged/forgeries_20_3.png,0,skilled_forgery,20,20
data/processed/train/genuine/original_16_14.png,data/processed/train/genuine/original_16_4.png,1,genuine_genuine,16,16
data/processed/train/genuine/original_16_18.png,data/processed/train/genuine/original_16_21.png,1,genuine_genuine,16,16
data/processed/train/genuine/original_33_13.png,data/processed/train/genuine/original_33_16.png,1,genuine_genuine,33,33
data/processed/train/genuine/original_19_9.png,data/processed/train/genuine/original_12_14.png,0,random_forgery,19,12
data/processed/train/genuine/original_22_14.png,data/processed/train/genuine/original_22_15.png,1,genuine_genuine,22,22
data/processed/validation/genuine/original_41_12.png,data/processed/validation/genuine/original_41_19.png,1,genuine_genuine,41,41
data/processed/validation/genuine/original_44_18.png,data/processed/validation/genuine/original_44_9.png,1,genuine_genuine,44,44
data/processed/train/genuine/original_31_23.png,data/processed/train/genuine/original_18_1.png,0,random_forgery,31,18
data/processed/validation/genuine/original_41_14.png,data/processed/validation/genuine/original_41_5.png,1,genuine_genuine,41,41
data/processed/train/genuine/original_19_8.png,data/processed/train/forged/forgeries_19_16.png,0,skilled_forgery,19,19
data/processed/validation/genuine/original_40_11.png,data/processed/validation/genuine/original_40_16.png,1,genuine_genuine,40,40
data/processed/train/genuine/original_21_14.png,data/processed/train/genuine/original_21_15.png,1,genuine_genuine,21,21
data/processed/train/genuine/original_15_20.png,data/processed/train/genuine/original_15_22.png,1,genuine_genuine,15,15
data/processed/train/genuine/original_30_1.png,data/processed/train/genuine/original_30_23.png,1,genuine_genuine,30,30
data/processed/train/genuine/original_29_1.png,data/processed/train/genuine/original_29_12.png,1,genuine_genuine,29,29
data/processed/train/genuine/original_18_2.png,data/processed/train/genuine/original_18_20.png,1,genuine_genuine,18,18
data/processed/train/genuine/original_11_20.png,data/processed/train/forged/forgeries_11_1.png,0,skilled_forgery,11,11
data/processed/train/genuine/original_12_14.png,data/processed/train/genuine/original_12_17.png,1,genuine_genuine,12,12
data/processed/train/genuine/original_13_22.png,data/processed/train/genuine/original_13_6.png,1,genuine_genuine,13,13
data/processed/train/genuine/original_10_11.png,data/processed/train/genuine/original_18_20.png,0,random_forgery,10,18
data/processed/train/genuine/original_17_13.png,data/processed/train/genuine/original_17_16.png,1,genuine_genuine,17,17
data/processed/train/genuine/original_19_9.png,data/processed/train/forged/forgeries_19_18.png,0,skilled_forgery,19,19
data/processed/train/genuine/original_31_24.png,data/processed/train/forged/forgeries_31_5.png,0,skilled_forgery,31,31
data/processed/train/genuine/original_33_11.png,data/processed/train/genuine/original_33_5.png,1,genuine_genuine,33,33
data/processed/train/genuine/original_12_1.png,data/processed/train/genuine/original_12_10.png,1,genuine_genuine,12,12
data/processed/train/genuine/original_20_15.png,data/processed/train/forged/forgeries_20_2.png,0,skilled_forgery,20,20
data/processed/validation/genuine/original_43_1.png,data/processed/validation/genuine/original_43_8.png,1,genuine_genuine,43,43
data/processed/train/genuine/original_14_10.png,data/processed/train/genuine/original_14_18.png,1,genuine_genuine,14,14
data/processed/validation/genuine/original_45_2.png,data/processed/validation/genuine/original_45_3.png,1,genuine_genuine,45,45
data/processed/train/genuine/original_16_14.png,data/processed/train/genuine/original_16_5.png,1,genuine_genuine,16,16
data/processed/train/genuine/original_24_6.png,data/processed/train/forged/forgeries_24_5.png,0,skilled_forgery,24,24
data/processed/validation/genuine/original_41_19.png,data/processed/validation/forged/forgeries_41_7.png,0,skilled_forgery,41,41
data/processed/train/genuine/original_21_14.png,data/processed/train/forged/forgeries_21_15.png,0,skilled_forgery,21,21
data/processed/train/genuine/original_31_15.png,data/processed/train/genuine/original_31_17.png,1,genuine_genuine,31,31
data/processed/validation/genuine/original_43_23.png,data/processed/validation/genuine/original_40_22.png,0,random_forgery,43,40
data/processed/validation/genuine/original_41_21.png,data/processed/validation/forged/forgeries_41_13.png,0,skilled_forgery,41,41
data/processed/train/genuine/original_10_9.png,data/processed/train/forged/forgeries_10_6.png,0,skilled_forgery,10,10
data/processed/train/genuine/original_33_17.png,data/processed/train/forged/forgeries_33_6.png,0,skilled_forgery,33,33
data/processed/validation/genuine/original_44_13.png,data/processed/validation/genuine/original_44_4.png,1,genuine_genuine,44,44
data/processed/validation/genuine/original_44_10.png,data/processed/validation/genuine/original_44_19.png,1,genuine_genuine,44,44
data/processed/validation/genuine/original_45_11.png,data/processed/validation/genuine/original_45_21.png,1,genuine_genuine,45,45
data/processed/train/genuine/original_20_10.png,data/processed/train/genuine/original_10_20.png,0,random_forgery,20,10
data/processed/train/genuine/original_22_12.png,data/processed/train/genuine/original_31_7.png,0,random_forgery,22,31
data/processed/train/genuine/original_17_16.png,data/processed/validation/genuine/original_37_14.png,0,random_forgery,17,37
data/processed/train/genuine/original_28_22.png,data/processed/train/genuine/original_11_23.png,0,random_forgery,28,11
data/processed/train/genuine/original_30_9.png,data/processed/train/forged/forgeries_30_11.png,0,skilled_forgery,30,30
data/processed/train/genuine/original_26_10.png,data/processed/train/forged/forgeries_26_11.png,0,skilled_forgery,26,26
data/processed/train/genuine/original_27_3.png,data/processed/train/genuine/original_27_4.png,1,genuine_genuine,27,27
data/processed/train/genuine/original_20_19.png,data/processed/train/forged/forgeries_20_4.png,0,skilled_forgery,20,20
data/processed/validation/genuine/original_36_13.png,data/processed/validation/forged/forgeries_36_13.png,0,skilled_forgery,36,36
data/processed/train/genuine/original_10_10.png,data/processed/train/forged/forgeries_10_13.png,0,skilled_forgery,10,10
data/processed/train/genuine/original_23_12.png,data/processed/train/genuine/original_23_2.png,1,genuine_genuine,23,23
data/processed/train/genuine/original_30_18.png,data/processed/train/genuine/original_30_22.png,1,genuine_genuine,30,30
data/processed/train/genuine/original_16_10.png,data/processed/train/forged/forgeries_16_3.png,0,skilled_forgery,16,16
data/processed/validation/genuine/original_42_23.png,data/processed/validation/genuine/original_42_6.png,1,genuine_genuine,42,42
data/processed/train/genuine/original_34_11.png,data/processed/train/genuine/original_34_4.png,1,genuine_genuine,34,34
data/processed/validation/genuine/original_44_11.png,data/processed/validation/genuine/original_44_23.png,1,genuine_genuine,44,44
data/processed/validation/genuine/original_44_20.png,data/processed/validation/forged/forgeries_44_3.png,0,skilled_forgery,44,44
data/processed/train/genuine/original_29_20.png,data/processed/train/genuine/original_25_1.png,0,random_forgery,29,25
data/processed/train/genuine/original_31_17.png,data/processed/train/genuine/original_31_20.png,1,genuine_genuine,31,31
data/processed/train/genuine/original_30_11.png,data/processed/train/forged/forgeries_30_18.png,0,skilled_forgery,30,30
data/processed/train/genuine/original_29_23.png,data/processed/train/genuine/original_29_7.png,1,genuine_genuine,29,29
data/processed/train/genuine/original_26_13.png,data/processed/train/genuine/original_26_19.png,1,genuine_genuine,26,26
data/processed/train/genuine/original_28_10.png,data/processed/train/genuine/original_28_14.png,1,genuine_genuine,28,28
data/processed/train/genuine/original_14_15.png,data/processed/train/genuine/original_14_22.png,1,genuine_genuine,14,14
data/processed/train/genuine/original_33_14.png,data/processed/train/forged/forgeries_33_5.png,0,skilled_forgery,33,33
data/processed/train/genuine/original_12_11.png,data/processed/train/genuine/original_12_16.png,1,genuine_genuine,12,12
data/processed/train/genuine/original_14_18.png,data/processed/train/genuine/original_14_20.png,1,genuine_genuine,14,14
data/processed/train/genuine/original_29_15.png,data/processed/train/genuine/original_29_21.png,1,genuine_genuine,29,29
data/processed/train/genuine/original_24_5.png,data/processed/validation/genuine/original_45_13.png,0,random_forgery,24,45
data/processed/validation/genuine/original_37_12.png,data/processed/validation/genuine/original_37_9.png,1,genuine_genuine,37,37
data/processed/validation/genuine/original_39_11.png,data/processed/validation/forged/forgeries_39_10.png,0,skilled_forgery,39,39
data/processed/train/genuine/original_28_19.png,data/processed/train/forged/forgeries_28_13.png,0,skilled_forgery,28,28
data/processed/train/genuine/original_13_4.png,data/processed/train/genuine/original_16_4.png,0,random_forgery,13,16
data/processed/train/genuine/original_11_19.png,data/processed/train/forged/forgeries_11_6.png,0,skilled_forgery,11,11
data/processed/validation/genuine/original_36_23.png,data/processed/validation/genuine/original_36_3.png,1,genuine_genuine,36,36
data/processed/train/genuine/original_15_24.png,data/processed/train/genuine/original_15_6.png,1,genuine_genuine,15,15
data/processed/train/genuine/original_26_14.png,data/processed/train/genuine/original_26_20.png,1,genuine_genuine,26,26
data/processed/train/genuine/original_29_22.png,data/processed/train/forged/forgeries_29_1.png,0,skilled_forgery,29,29
data/processed/train/genuine/original_10_15.png,data/processed/train/forged/forgeries_10_7.png,0,skilled_forgery,10,10
data/processed/train/genuine/original_11_8.png,data/processed/train/genuine/original_19_23.png,0,random_forgery,11,19
data/processed/train/genuine/original_16_19.png,data/processed/train/forged/forgeries_16_9.png,0,skilled_forgery,16,16
data/processed/train/genuine/original_22_14.png,data/processed/train/forged/forgeries_22_19.png,0,skilled_forgery,22,22
data/processed/validation/genuine/original_36_14.png,data/processed/validation/genuine/original_42_22.png,0,random_forgery,36,42
data/processed/train/genuine/original_10_24.png,data/processed/train/forged/forgeries_10_12.png,0,skilled_forgery,10,10
data/processed/train/genuine/original_22_10.png,data/processed/train/genuine/original_22_21.png,1,genuine_genuine,22,22
data/processed/train/genuine/original_29_10.png,data/processed/train/forged/forgeries_29_13.png,0,skilled_forgery,29,29
data/processed/train/genuine/original_19_10.png,data/processed/train/genuine/original_19_14.png,1,genuine_genuine,19,19
data/processed/train/genuine/original_16_22.png,data/processed/validation/genuine/original_39_10.png,0,random_forgery,16,39
data/processed/train/genuine/original_12_14.png,data/processed/train/genuine/original_12_16.png,1,genuine_genuine,12,12
data/processed/train/genuine/original_29_21.png,data/processed/train/genuine/original_29_23.png,1,genuine_genuine,29,29
data/processed/validation/genuine/original_38_13.png,data/processed/validation/genuine/original_38_15.png,1,genuine_genuine,38,38
data/processed/train/genuine/original_17_14.png,data/processed/train/forged/forgeries_17_17.png,0,skilled_forgery,17,17
data/processed/validation/genuine/original_40_1.png,data/processed/validation/genuine/original_40_9.png,1,genuine_genuine,40,40
data/processed/train/genuine/original_22_13.png,data/processed/train/genuine/original_22_2.png,1,genuine_genuine,22,22
data/processed/train/genuine/original_21_9.png,data/processed/train/forged/forgeries_21_20.png,0,skilled_forgery,21,21
data/processed/train/genuine/original_32_16.png,data/processed/train/forged/forgeries_32_21.png,0,skilled_forgery,32,32
data/processed/train/genuine/original_12_13.png,data/processed/train/forged/forgeries_12_13.png,0,skilled_forgery,12,12
data/processed/validation/genuine/original_41_12.png,data/processed/validation/forged/forgeries_41_8.png,0,skilled_forgery,41,41
data/processed/train/genuine/original_31_19.png,data/processed/train/genuine/original_30_15.png,0,random_forgery,31,30
data/processed/train/genuine/original_23_15.png,data/processed/train/forged/forgeries_23_1.png,0,skilled_forgery,23,23
data/processed/train/genuine/original_17_1.png,data/processed/train/genuine/original_17_6.png,1,genuine_genuine,17,17
data/processed/train/genuine/original_35_2.png,data/processed/train/forged/forgeries_35_7.png,0,skilled_forgery,35,35
data/processed/train/genuine/original_16_18.png,data/processed/train/genuine/original_16_5.png,1,genuine_genuine,16,16
data/processed/validation/genuine/original_43_14.png,data/processed/validation/forged/forgeries_43_23.png,0,skilled_forgery,43,43
data/processed/train/genuine/original_17_12.png,data/processed/train/genuine/original_17_3.png,1,genuine_genuine,17,17
data/processed/validation/genuine/original_45_11.png,data/processed/validation/genuine/original_45_20.png,1,genuine_genuine,45,45
data/processed/validation/genuine/original_42_4.png,data/processed/train/genuine/original_32_13.png,0,random_forgery,42,32
data/processed/train/genuine/original_17_23.png,data/processed/train/genuine/original_17_4.png,1,genuine_genuine,17,17
data/processed/train/genuine/original_24_2.png,data/processed/train/forged/forgeries_24_14.png,0,skilled_forgery,24,24
data/processed/validation/genuine/original_38_19.png,data/processed/validation/genuine/original_38_5.png,1,genuine_genuine,38,38
data/processed/train/genuine/original_35_6.png,data/processed/train/genuine/original_34_20.png,0,random_forgery,35,34
data/processed/validation/genuine/original_38_19.png,data/processed/train/genuine/original_20_22.png,0,random_forgery,38,20
data/processed/train/genuine/original_31_2.png,data/processed/train/genuine/original_31_20.png,1,genuine_genuine,31,31
data/processed/train/genuine/original_27_19.png,data/processed/train/genuine/original_27_3.png,1,genuine_genuine,27,27
data/processed/train/genuine/original_35_12.png,data/processed/train/genuine/original_35_9.png,1,genuine_genuine,35,35
data/processed/validation/genuine/original_39_12.png,data/processed/validation/forged/forgeries_39_6.png,0,skilled_forgery,39,39
data/processed/validation/genuine/original_39_17.png,data/processed/validation/genuine/original_39_22.png,1,genuine_genuine,39,39
data/processed/train/genuine/original_25_21.png,data/processed/train/genuine/original_25_9.png,1,genuine_genuine,25,25
data/processed/train/genuine/original_19_1.png,data/processed/train/genuine/original_19_14.png,1,genuine_genuine,19,19
data/processed/validation/genuine/original_43_19.png,data/processed/train/genuine/original_18_19.png,0,random_forgery,43,18
data/processed/train/genuine/original_14_9.png,data/processed/validation/genuine/original_42_6.png,0,random_forgery,14,42
data/processed/train/genuine/original_18_2.png,data/processed/train/forged/forgeries_18_21.png,0,skilled_forgery,18,18
data/processed/validation/genuine/original_40_2.png,data/processed/validation/forged/forgeries_40_10.png,0,skilled_forgery,40,40
data/processed/validation/genuine/original_41_11.png,data/processed/validation/genuine/original_41_21.png,1,genuine_genuine,41,41
data/processed/train/genuine/original_27_11.png,data/processed/train/genuine/original_27_9.png,1,genuine_genuine,27,27
data/processed/validation/genuine/original_41_16.png,data/processed/validation/forged/forgeries_41_3.png,0,skilled_forgery,41,41
data/processed/train/genuine/original_16_21.png,data/processed/train/genuine/original_16_23.png,1,genuine_genuine,16,16
data/processed/train/genuine/original_12_15.png,data/processed/train/genuine/original_12_22.png,1,genuine_genuine,12,12
data/processed/train/genuine/original_22_12.png,data/processed/validation/genuine/original_37_23.png,0,random_forgery,22,37
data/processed/train/genuine/original_11_14.png,data/processed/train/genuine/original_11_24.png,1,genuine_genuine,11,11
data/processed/train/genuine/original_24_2.png,data/processed/train/genuine/original_24_4.png,1,genuine_genuine,24,24
data/processed/train/genuine/original_24_18.png,data/processed/train/genuine/original_24_7.png,1,genuine_genuine,24,24
data/processed/validation/genuine/original_39_19.png,data/processed/train/genuine/original_20_16.png,0,random_forgery,39,20
data/processed/train/genuine/original_13_1.png,data/processed/train/genuine/original_13_21.png,1,genuine_genuine,13,13
data/processed/validation/genuine/original_42_14.png,data/processed/validation/genuine/original_42_21.png,1,genuine_genuine,42,42
data/processed/validation/genuine/original_42_3.png,data/processed/validation/genuine/original_42_9.png,1,genuine_genuine,42,42
data/processed/train/genuine/original_28_16.png,data/processed/train/genuine/original_28_19.png,1,genuine_genuine,28,28
data/processed/train/genuine/original_34_4.png,data/processed/train/forged/forgeries_34_17.png,0,skilled_forgery,34,34
data/processed/train/genuine/original_22_22.png,data/processed/train/genuine/original_22_8.png,1,genuine_genuine,22,22
data/processed/train/genuine/original_33_13.png,data/processed/train/forged/forgeries_33_8.png,0,skilled_forgery,33,33
data/processed/train/genuine/original_13_4.png,data/processed/train/genuine/original_16_12.png,0,random_forgery,13,16
data/processed/train/genuine/original_22_13.png,data/processed/validation/genuine/original_40_23.png,0,random_forgery,22,40
data/processed/train/genuine/original_12_6.png,data/processed/train/genuine/original_19_16.png,0,random_forgery,12,19
data/processed/validation/genuine/original_36_16.png,data/processed/validation/forged/forgeries_36_24.png,0,skilled_forgery,36,36
data/processed/train/genuine/original_32_10.png,data/processed/train/forged/forgeries_32_4.png,0,skilled_forgery,32,32
data/processed/train/genuine/original_21_16.png,data/processed/train/genuine/original_21_19.png,1,genuine_genuine,21,21
data/processed/train/genuine/original_30_20.png,data/processed/validation/genuine/original_41_18.png,0,random_forgery,30,41
data/processed/train/genuine/original_25_23.png,data/processed/train/genuine/original_21_8.png,0,random_forgery,25,21
data/processed/train/genuine/original_13_12.png,data/processed/train/genuine/original_13_14.png,1,genuine_genuine,13,13
data/processed/validation/genuine/original_41_16.png,data/processed/validation/genuine/original_41_8.png,1,genuine_genuine,41,41
data/processed/train/genuine/original_27_14.png,data/processed/train/genuine/original_27_8.png,1,genuine_genuine,27,27
data/processed/train/genuine/original_35_4.png,data/processed/train/genuine/original_19_19.png,0,random_forgery,35,19
data/processed/train/genuine/original_13_6.png,data/processed/train/forged/forgeries_13_4.png,0,skilled_forgery,13,13
data/processed/train/genuine/original_30_16.png,data/processed/train/genuine/original_30_20.png,1,genuine_genuine,30,30
data/processed/validation/genuine/original_41_16.png,data/processed/validation/forged/forgeries_41_14.png,0,skilled_forgery,41,41
data/processed/train/genuine/original_31_3.png,data/processed/train/forged/forgeries_31_1.png,0,skilled_forgery,31,31
data/processed/train/genuine/original_13_23.png,data/processed/train/genuine/original_13_9.png,1,genuine_genuine,13,13
data/processed/train/genuine/original_24_19.png,data/processed/train/genuine/original_24_22.png,1,genuine_genuine,24,24
data/processed/validation/genuine/original_36_10.png,data/processed/train/genuine/original_17_18.png,0,random_forgery,36,17
data/processed/train/genuine/original_35_15.png,data/processed/train/genuine/original_35_9.png,1,genuine_genuine,35,35
data/processed/validation/genuine/original_44_1.png,data/processed/validation/genuine/original_44_15.png,1,genuine_genuine,44,44
data/processed/train/genuine/original_35_14.png,data/processed/train/forged/forgeries_35_17.png,0,skilled_forgery,35,35
data/processed/train/genuine/original_13_20.png,data/processed/train/genuine/original_13_3.png,1,genuine_genuine,13,13
data/processed/train/genuine/original_17_18.png,data/processed/train/forged/forgeries_17_5.png,0,skilled_forgery,17,17
data/processed/train/genuine/original_25_23.png,data/processed/train/genuine/original_25_9.png,1,genuine_genuine,25,25
data/processed/validation/genuine/original_41_15.png,data/processed/validation/genuine/original_41_7.png,1,genuine_genuine,41,41
data/processed/train/genuine/original_25_11.png,data/processed/train/genuine/original_25_6.png,1,genuine_genuine,25,25
data/processed/validation/genuine/original_45_20.png,data/processed/validation/genuine/original_45_7.png,1,genuine_genuine,45,45
data/processed/train/genuine/original_10_22.png,data/processed/train/forged/forgeries_10_5.png,0,skilled_forgery,10,10
data/processed/train/genuine/original_26_15.png,data/processed/train/genuine/original_26_7.png,1,genuine_genuine,26,26
data/processed/validation/genuine/original_36_2.png,data/processed/validation/genuine/original_36_5.png,1,genuine_genuine,36,36
data/processed/train/genuine/original_26_24.png,data/processed/train/forged/forgeries_26_10.png,0,skilled_forgery,26,26
data/processed/validation/genuine/original_39_16.png,data/processed/validation/genuine/original_39_3.png,1,genuine_genuine,39,39
data/processed/train/genuine/original_20_24.png,data/processed/train/genuine/original_20_9.png,1,genuine_genuine,20,20
data/processed/train/genuine/original_18_18.png,data/processed/train/genuine/original_18_23.png,1,genuine_genuine,18,18
data/processed/train/genuine/original_14_17.png,data/processed/train/genuine/original_14_18.png,1,genuine_genuine,14,14
data/processed/validation/genuine/original_44_23.png,data/processed/validation/genuine/original_37_2.png,0,random_forgery,44,37
data/processed/train/genuine/original_33_11.png,data/processed/train/forged/forgeries_33_24.png,0,skilled_forgery,33,33
data/processed/train/genuine/original_24_15.png,data/processed/train/genuine/original_24_16.png,1,genuine_genuine,24,24
data/processed/train/genuine/original_31_2.png,data/processed/train/genuine/original_12_14.png,0,random_forgery,31,12
data/processed/validation/genuine/original_39_22.png,data/processed/validation/forged/forgeries_39_20.png,0,skilled_forgery,39,39
data/processed/train/genuine/original_20_16.png,data/processed/train/genuine/original_20_23.png,1,genuine_genuine,20,20
data/processed/validation/genuine/original_42_5.png,data/processed/validation/forged/forgeries_42_3.png,0,skilled_forgery,42,42
data/processed/train/genuine/original_18_1.png,data/processed/train/forged/forgeries_18_4.png,0,skilled_forgery,18,18
data/processed/validation/genuine/original_38_19.png,data/processed/validation/genuine/original_44_6.png,0,random_forgery,38,44
data/processed/validation/genuine/original_45_15.png,data/processed/validation/genuine/original_45_7.png,1,genuine_genuine,45,45
data/processed/train/genuine/original_13_20.png,data/processed/train/genuine/original_13_4.png,1,genuine_genuine,13,13
data/processed/validation/genuine/original_45_14.png,data/processed/validation/genuine/original_45_4.png,1,genuine_genuine,45,45
data/processed/train/genuine/original_22_8.png,data/processed/train/genuine/original_30_22.png,0,random_forgery,22,30
data/processed/train/genuine/original_30_16.png,data/processed/train/genuine/original_30_9.png,1,genuine_genuine,30,30
data/processed/validation/genuine/original_40_17.png,data/processed/validation/genuine/original_40_23.png,1,genuine_genuine,40,40
data/processed/train/genuine/original_17_19.png,data/processed/train/genuine/original_17_3.png,1,genuine_genuine,17,17
data/processed/validation/genuine/original_42_12.png,data/processed/validation/genuine/original_42_7.png,1,genuine_genuine,42,42
data/processed/validation/genuine/original_36_22.png,data/processed/validation/forged/forgeries_36_12.png,0,skilled_forgery,36,36
data/processed/train/genuine/original_24_13.png,data/processed/train/forged/forgeries_24_18.png,0,skilled_forgery,24,24
data/processed/validation/genuine/original_42_1.png,data/processed/validation/genuine/original_42_13.png,1,genuine_genuine,42,42
data/processed/validation/genuine/original_36_13.png,data/processed/validation/forged/forgeries_36_16.png,0,skilled_forgery,36,36
data/processed/validation/genuine/original_38_18.png,data/processed/validation/genuine/original_38_7.png,1,genuine_genuine,38,38
data/processed/train/genuine/original_31_13.png,data/processed/train/forged/forgeries_31_18.png,0,skilled_forgery,31,31
data/processed/train/genuine/original_10_15.png,data/processed/train/forged/forgeries_10_17.png,0,skilled_forgery,10,10
data/processed/validation/genuine/original_44_2.png,data/processed/validation/genuine/original_44_20.png,1,genuine_genuine,44,44
data/processed/train/genuine/original_10_13.png,data/processed/train/genuine/original_10_8.png,1,genuine_genuine,10,10
data/processed/train/genuine/original_28_18.png,data/processed/train/genuine/original_28_2.png,1,genuine_genuine,28,28
data/processed/train/genuine/original_26_8.png,data/processed/train/forged/forgeries_26_20.png,0,skilled_forgery,26,26
data/processed/train/genuine/original_21_16.png,data/processed/train/forged/forgeries_21_10.png,0,skilled_forgery,21,21
data/processed/train/genuine/original_24_10.png,data/processed/train/genuine/original_24_8.png,1,genuine_genuine,24,24
data/processed/train/genuine/original_24_24.png,data/processed/train/genuine/original_24_4.png,1,genuine_genuine,24,24
data/processed/train/genuine/original_13_5.png,data/processed/train/forged/forgeries_13_23.png,0,skilled_forgery,13,13
data/processed/validation/genuine/original_37_18.png,data/processed/validation/genuine/original_37_23.png,1,genuine_genuine,37,37
data/processed/train/genuine/original_12_14.png,data/processed/train/genuine/original_33_13.png,0,random_forgery,12,33
data/processed/train/genuine/original_16_10.png,data/processed/train/genuine/original_16_3.png,1,genuine_genuine,16,16
data/processed/train/genuine/original_27_9.png,data/processed/train/forged/forgeries_27_5.png,0,skilled_forgery,27,27
data/processed/train/genuine/original_24_1.png,data/processed/train/forged/forgeries_24_12.png,0,skilled_forgery,24,24
data/processed/validation/genuine/original_42_21.png,data/processed/validation/genuine/original_42_22.png,1,genuine_genuine,42,42
data/processed/train/genuine/original_25_14.png,data/processed/train/genuine/original_25_19.png,1,genuine_genuine,25,25
data/processed/validation/genuine/original_40_10.png,data/processed/train/genuine/original_30_22.png,0,random_forgery,40,30
data/processed/train/genuine/original_12_3.png,data/processed/train/forged/forgeries_12_20.png,0,skilled_forgery,12,12
data/processed/validation/genuine/original_37_24.png,data/processed/train/genuine/original_15_13.png,0,random_forgery,37,15
data/processed/train/genuine/original_32_5.png,data/processed/train/genuine/original_28_20.png,0,random_forgery,32,28
data/processed/validation/genuine/original_40_9.png,data/processed/validation/forged/forgeries_40_14.png,0,skilled_forgery,40,40
data/processed/validation/genuine/original_45_14.png,data/processed/validation/genuine/original_45_7.png,1,genuine_genuine,45,45
data/processed/validation/genuine/original_44_10.png,data/processed/validation/genuine/original_44_12.png,1,genuine_genuine,44,44
data/processed/train/genuine/original_24_1.png,data/processed/train/genuine/original_24_20.png,1,genuine_genuine,24,24
data/processed/train/genuine/original_34_20.png,data/processed/train/forged/forgeries_34_15.png,0,skilled_forgery,34,34
data/processed/validation/genuine/original_44_16.png,data/processed/validation/forged/forgeries_44_6.png,0,skilled_forgery,44,44
data/processed/validation/genuine/original_45_5.png,data/processed/validation/forged/forgeries_45_4.png,0,skilled_forgery,45,45
data/processed/train/genuine/original_20_17.png,data/processed/train/forged/forgeries_20_6.png,0,skilled_forgery,20,20
data/processed/validation/genuine/original_45_13.png,data/processed/validation/genuine/original_45_19.png,1,genuine_genuine,45,45
data/processed/train/genuine/original_16_13.png,data/processed/train/genuine/original_16_3.png,1,genuine_genuine,16,16
data/processed/train/genuine/original_11_20.png,data/processed/train/forged/forgeries_11_8.png,0,skilled_forgery,11,11
data/processed/train/genuine/original_32_23.png,data/processed/train/genuine/original_32_5.png,1,genuine_genuine,32,32
data/processed/validation/genuine/original_36_10.png,data/processed/train/genuine/original_30_13.png,0,random_forgery,36,30
data/processed/train/genuine/original_17_14.png,data/processed/train/genuine/original_10_11.png,0,random_forgery,17,10
data/processed/validation/genuine/original_38_19.png,data/processed/validation/genuine/original_38_21.png,1,genuine_genuine,38,38
data/processed/validation/genuine/original_45_7.png,data/processed/validation/forged/forgeries_45_18.png,0,skilled_forgery,45,45
data/processed/validation/genuine/original_43_9.png,data/processed/validation/forged/forgeries_43_11.png,0,skilled_forgery,43,43
data/processed/validation/genuine/original_45_11.png,data/processed/validation/forged/forgeries_45_11.png,0,skilled_forgery,45,45
data/processed/train/genuine/original_24_7.png,data/processed/train/forged/forgeries_24_20.png,0,skilled_forgery,24,24
data/processed/validation/genuine/original_37_15.png,data/processed/validation/genuine/original_42_3.png,0,random_forgery,37,42
data/processed/train/genuine/original_21_19.png,data/processed/train/genuine/original_21_8.png,1,genuine_genuine,21,21
data/processed/train/genuine/original_31_12.png,data/processed/validation/genuine/original_44_16.png,0,random_forgery,31,44
data/processed/validation/genuine/original_38_12.png,data/processed/validation/genuine/original_38_19.png,1,genuine_genuine,38,38
data/processed/train/genuine/original_10_10.png,data/processed/train/genuine/original_10_18.png,1,genuine_genuine,10,10
data/processed/train/genuine/original_25_16.png,data/processed/train/genuine/original_25_22.png,1,genuine_genuine,25,25
data/processed/validation/genuine/original_42_6.png,data/processed/validation/genuine/original_42_8.png,1,genuine_genuine,42,42
data/processed/validation/genuine/original_36_19.png,data/processed/validation/genuine/original_36_20.png,1,genuine_genuine,36,36
data/processed/train/genuine/original_22_21.png,data/processed/train/genuine/original_23_8.png,0,random_forgery,22,23
data/processed/validation/genuine/original_38_19.png,data/processed/validation/forged/forgeries_38_22.png,0,skilled_forgery,38,38
data/processed/train/genuine/original_23_22.png,data/processed/train/forged/forgeries_23_6.png,0,skilled_forgery,23,23
data/processed/train/genuine/original_13_13.png,data/processed/train/genuine/original_13_20.png,1,genuine_genuine,13,13
data/processed/train/genuine/original_10_11.png,data/processed/train/genuine/original_10_18.png,1,genuine_genuine,10,10
data/processed/train/genuine/original_24_15.png,data/processed/train/forged/forgeries_24_5.png,0,skilled_forgery,24,24
data/processed/train/genuine/original_14_14.png,data/processed/train/genuine/original_14_21.png,1,genuine_genuine,14,14
data/processed/validation/genuine/original_45_11.png,data/processed/validation/genuine/original_44_7.png,0,random_forgery,45,44
data/processed/validation/genuine/original_37_17.png,data/processed/validation/genuine/original_37_6.png,1,genuine_genuine,37,37
data/processed/validation/genuine/original_40_12.png,data/processed/validation/genuine/original_40_23.png,1,genuine_genuine,40,40
data/processed/train/genuine/original_30_3.png,data/processed/train/genuine/original_21_23.png,0,random_forgery,30,21
data/processed/train/genuine/original_14_7.png,data/processed/train/forged/forgeries_14_21.png,0,skilled_forgery,14,14
data/processed/validation/genuine/original_43_21.png,data/processed/train/genuine/original_19_19.png,0,random_forgery,43,19
data/processed/train/genuine/original_23_7.png,data/processed/train/genuine/original_23_8.png,1,genuine_genuine,23,23
data/processed/train/genuine/original_27_20.png,data/processed/train/genuine/original_27_4.png,1,genuine_genuine,27,27
data/processed/train/genuine/original_30_15.png,data/processed/train/forged/forgeries_30_11.png,0,skilled_forgery,30,30
data/processed/validation/genuine/original_43_11.png,data/processed/validation/genuine/original_43_7.png,1,genuine_genuine,43,43
data/processed/validation/genuine/original_39_11.png,data/processed/validation/genuine/original_39_5.png,1,genuine_genuine,39,39
data/processed/train/genuine/original_23_5.png,data/processed/train/genuine/original_23_6.png,1,genuine_genuine,23,23
data/processed/validation/genuine/original_42_8.png,data/processed/train/genuine/original_20_21.png,0,random_forgery,42,20
data/processed/validation/genuine/original_42_23.png,data/processed/validation/genuine/original_42_8.png,1,genuine_genuine,42,42
data/processed/train/genuine/original_33_16.png,data/processed/validation/genuine/original_44_19.png,0,random_forgery,33,44
data/processed/train/genuine/original_32_15.png,data/processed/train/genuine/original_32_17.png,1,genuine_genuine,32,32
data/processed/train/genuine/original_33_23.png,data/processed/train/genuine/original_27_12.png,0,random_forgery,33,27
data/processed/train/genuine/original_35_12.png,data/processed/train/forged/forgeries_35_3.png,0,skilled_forgery,35,35
data/processed/train/genuine/original_35_5.png,data/processed/train/genuine/original_35_6.png,1,genuine_genuine,35,35
data/processed/validation/genuine/original_37_10.png,data/processed/validation/genuine/original_37_6.png,1,genuine_genuine,37,37
data/processed/train/genuine/original_23_15.png,data/processed/train/genuine/original_23_4.png,1,genuine_genuine,23,23
data/processed/train/genuine/original_28_23.png,data/processed/train/forged/forgeries_28_9.png,0,skilled_forgery,28,28
data/processed/validation/genuine/original_38_13.png,data/processed/validation/forged/forgeries_38_8.png,0,skilled_forgery,38,38
data/processed/train/genuine/original_27_12.png,data/processed/train/forged/forgeries_27_14.png,0,skilled_forgery,27,27
data/processed/train/genuine/original_34_10.png,data/processed/train/genuine/original_34_4.png,1,genuine_genuine,34,34
data/processed/validation/genuine/original_38_1.png,data/processed/train/genuine/original_32_12.png,0,random_forgery,38,32
data/processed/train/genuine/original_31_17.png,data/processed/train/genuine/original_31_22.png,1,genuine_genuine,31,31
data/processed/train/genuine/original_15_23.png,data/processed/validation/genuine/original_37_13.png,0,random_forgery,15,37
data/processed/validation/genuine/original_39_17.png,data/processed/train/genuine/original_15_2.png,0,random_forgery,39,15
data/processed/train/genuine/original_35_16.png,data/processed/validation/genuine/original_36_21.png,0,random_forgery,35,36
data/processed/validation/genuine/original_37_15.png,data/processed/validation/genuine/original_37_9.png,1,genuine_genuine,37,37
data/processed/validation/genuine/original_45_13.png,data/processed/validation/genuine/original_45_2.png,1,genuine_genuine,45,45
data/processed/train/genuine/original_10_21.png,data/processed/train/forged/forgeries_10_1.png,0,skilled_forgery,10,10
data/processed/train/genuine/original_14_16.png,data/processed/train/forged/forgeries_14_3.png,0,skilled_forgery,14,14
data/processed/train/genuine/original_16_23.png,data/processed/train/forged/forgeries_16_3.png,0,skilled_forgery,16,16
data/processed/validation/genuine/original_37_16.png,data/processed/validation/forged/forgeries_37_15.png,0,skilled_forgery,37,37
data/processed/train/genuine/original_35_5.png,data/processed/train/forged/forgeries_35_22.png,0,skilled_forgery,35,35
data/processed/train/genuine/original_31_19.png,data/processed/train/genuine/original_31_5.png,1,genuine_genuine,31,31
data/processed/validation/genuine/original_44_1.png,data/processed/validation/genuine/original_44_14.png,1,genuine_genuine,44,44
data/processed/train/genuine/original_16_5.png,data/processed/train/genuine/original_28_6.png,0,random_forgery,16,28
data/processed/train/genuine/original_10_14.png,data/processed/train/genuine/original_16_16.png,0,random_forgery,10,16
data/processed/train/genuine/original_24_21.png,data/processed/train/genuine/original_24_4.png,1,genuine_genuine,24,24
data/processed/train/genuine/original_35_10.png,data/processed/train/genuine/original_35_21.png,1,genuine_genuine,35,35
data/processed/train/genuine/original_22_11.png,data/processed/train/genuine/original_22_23.png,1,genuine_genuine,22,22
data/processed/train/genuine/original_12_19.png,data/processed/train/genuine/original_12_7.png,1,genuine_genuine,12,12
data/processed/train/genuine/original_14_24.png,data/processed/validation/genuine/original_44_8.png,0,random_forgery,14,44
data/processed/train/genuine/original_30_5.png,data/processed/train/genuine/original_30_7.png,1,genuine_genuine,30,30
data/processed/train/genuine/original_19_8.png,data/processed/train/genuine/original_18_20.png,0,random_forgery,19,18
data/processed/train/genuine/original_14_11.png,data/processed/train/genuine/original_14_17.png,1,genuine_genuine,14,14
data/processed/validation/genuine/original_41_20.png,data/processed/validation/genuine/original_41_22.png,1,genuine_genuine,41,41
data/processed/train/genuine/original_20_5.png,data/processed/train/forged/forgeries_20_18.png,0,skilled_forgery,20,20
data/processed/train/genuine/original_31_20.png,data/processed/validation/genuine/original_40_5.png,0,random_forgery,31,40
data/processed/train/genuine/original_18_24.png,data/processed/train/genuine/original_30_18.png,0,random_forgery,18,30
data/processed/train/genuine/original_27_24.png,data/processed/train/genuine/original_27_5.png,1,genuine_genuine,27,27
data/processed/train/genuine/original_16_11.png,data/processed/train/genuine/original_16_13.png,1,genuine_genuine,16,16
data/processed/train/genuine/original_30_20.png,data/processed/train/genuine/original_30_4.png,1,genuine_genuine,30,30
data/processed/validation/genuine/original_45_20.png,data/processed/validation/genuine/original_45_22.png,1,genuine_genuine,45,45
data/processed/validation/genuine/original_44_12.png,data/processed/train/genuine/original_31_22.png,0,random_forgery,44,31
data/processed/train/genuine/original_25_11.png,data/processed/train/genuine/original_25_9.png,1,genuine_genuine,25,25
data/processed/train/genuine/original_25_11.png,data/processed/train/forged/forgeries_25_21.png,0,skilled_forgery,25,25
data/processed/train/genuine/original_23_19.png,data/processed/train/genuine/original_23_6.png,1,genuine_genuine,23,23
data/processed/validation/genuine/original_37_11.png,data/processed/validation/forged/forgeries_37_2.png,0,skilled_forgery,37,37
data/processed/train/genuine/original_11_23.png,data/processed/train/genuine/original_11_5.png,1,genuine_genuine,11,11
data/processed/train/genuine/original_22_11.png,data/processed/train/forged/forgeries_22_4.png,0,skilled_forgery,22,22
data/processed/train/genuine/original_27_14.png,data/processed/train/genuine/original_27_20.png,1,genuine_genuine,27,27
data/processed/validation/genuine/original_39_1.png,data/processed/validation/genuine/original_39_10.png,1,genuine_genuine,39,39
data/processed/train/genuine/original_11_17.png,data/processed/train/genuine/original_11_9.png,1,genuine_genuine,11,11
data/processed/train/genuine/original_20_13.png,data/processed/train/genuine/original_20_20.png,1,genuine_genuine,20,20
data/processed/validation/genuine/original_39_13.png,data/processed/validation/forged/forgeries_39_13.png,0,skilled_forgery,39,39
data/processed/validation/genuine/original_41_1.png,data/processed/validation/genuine/original_41_13.png,1,genuine_genuine,41,41
data/processed/train/genuine/original_30_4.png,data/processed/validation/genuine/original_44_6.png,0,random_forgery,30,44
data/processed/train/genuine/original_27_5.png,data/processed/train/genuine/original_33_23.png,0,random_forgery,27,33
data/processed/train/genuine/original_15_12.png,data/processed/train/genuine/original_15_16.png,1,genuine_genuine,15,15
data/processed/validation/genuine/original_42_19.png,data/processed/validation/genuine/original_42_3.png,1,genuine_genuine,42,42
data/processed/train/genuine/original_27_20.png,data/processed/train/genuine/original_27_23.png,1,genuine_genuine,27,27
data/processed/train/genuine/original_35_19.png,data/processed/train/forged/forgeries_35_3.png,0,skilled_forgery,35,35
data/processed/train/genuine/original_21_21.png,data/processed/train/genuine/original_21_3.png,1,genuine_genuine,21,21
data/processed/validation/genuine/original_45_12.png,data/processed/validation/forged/forgeries_45_2.png,0,skilled_forgery,45,45
data/processed/train/genuine/original_32_7.png,data/processed/train/forged/forgeries_32_14.png,0,skilled_forgery,32,32
data/processed/train/genuine/original_34_12.png,data/processed/train/genuine/original_34_14.png,1,genuine_genuine,34,34
data/processed/train/genuine/original_33_11.png,data/processed/train/genuine/original_13_12.png,0,random_forgery,33,13
data/processed/train/genuine/original_22_10.png,data/processed/train/genuine/original_22_8.png,1,genuine_genuine,22,22
data/processed/train/genuine/original_24_13.png,data/processed/train/forged/forgeries_24_2.png,0,skilled_forgery,24,24
data/processed/train/genuine/original_35_3.png,data/processed/train/genuine/original_35_4.png,1,genuine_genuine,35,35
data/processed/train/genuine/original_13_10.png,data/processed/train/genuine/original_13_18.png,1,genuine_genuine,13,13
data/processed/train/genuine/original_23_1.png,data/processed/train/genuine/original_23_19.png,1,genuine_genuine,23,23
data/processed/validation/genuine/original_45_21.png,data/processed/validation/forged/forgeries_45_20.png,0,skilled_forgery,45,45
data/processed/validation/genuine/original_36_9.png,data/processed/train/genuine/original_25_21.png,0,random_forgery,36,25
data/processed/validation/genuine/original_37_13.png,data/processed/validation/genuine/original_37_20.png,1,genuine_genuine,37,37
data/processed/validation/genuine/original_38_11.png,data/processed/validation/genuine/original_38_4.png,1,genuine_genuine,38,38
data/processed/train/genuine/original_18_6.png,data/processed/train/forged/forgeries_18_20.png,0,skilled_forgery,18,18
data/processed/validation/genuine/original_42_10.png,data/processed/validation/genuine/original_42_2.png,1,genuine_genuine,42,42
data/processed/train/genuine/original_31_6.png,data/processed/train/forged/forgeries_31_17.png,0,skilled_forgery,31,31
data/processed/train/genuine/original_22_19.png,data/processed/train/genuine/original_19_7.png,0,random_forgery,22,19
data/processed/validation/genuine/original_43_16.png,data/processed/validation/forged/forgeries_43_21.png,0,skilled_forgery,43,43
data/processed/train/genuine/original_16_13.png,data/processed/train/forged/forgeries_16_20.png,0,skilled_forgery,16,16
data/processed/validation/genuine/original_44_7.png,data/processed/train/genuine/original_22_8.png,0,random_forgery,44,22
data/processed/validation/genuine/original_36_18.png,data/processed/train/genuine/original_25_14.png,0,random_forgery,36,25
data/processed/validation/genuine/original_42_19.png,data/processed/validation/genuine/original_42_24.png,1,genuine_genuine,42,42
data/processed/train/genuine/original_14_21.png,data/processed/train/forged/forgeries_14_1.png,0,skilled_forgery,14,14
data/processed/train/genuine/original_21_14.png,data/processed/train/genuine/original_21_4.png,1,genuine_genuine,21,21
data/processed/train/genuine/original_17_23.png,data/processed/train/forged/forgeries_17_19.png,0,skilled_forgery,17,17
data/processed/validation/genuine/original_45_19.png,data/processed/validation/genuine/original_42_13.png,0,random_forgery,45,42
data/processed/train/genuine/original_22_3.png,data/processed/train/forged/forgeries_22_11.png,0,skilled_forgery,22,22
data/processed/train/genuine/original_15_4.png,data/processed/train/forged/forgeries_15_6.png,0,skilled_forgery,15,15
data/processed/train/genuine/original_30_23.png,data/processed/train/genuine/original_30_9.png,1,genuine_genuine,30,30
data/processed/train/genuine/original_27_11.png,data/processed/train/genuine/original_27_4.png,1,genuine_genuine,27,27
data/processed/train/genuine/original_31_18.png,data/processed/train/genuine/original_31_22.png,1,genuine_genuine,31,31
data/processed/train/genuine/original_32_14.png,data/processed/train/forged/forgeries_32_12.png,0,skilled_forgery,32,32
data/processed/train/genuine/original_31_17.png,data/processed/train/genuine/original_31_23.png,1,genuine_genuine,31,31
data/processed/train/genuine/original_12_1.png,data/processed/train/genuine/original_12_22.png,1,genuine_genuine,12,12
data/processed/validation/genuine/original_44_9.png,data/processed/validation/forged/forgeries_44_18.png,0,skilled_forgery,44,44
data/processed/train/genuine/original_12_18.png,data/processed/train/genuine/original_32_1.png,0,random_forgery,12,32
data/processed/train/genuine/original_16_23.png,data/processed/train/genuine/original_16_8.png,1,genuine_genuine,16,16
data/processed/train/genuine/original_10_24.png,data/processed/train/forged/forgeries_10_11.png,0,skilled_forgery,10,10
data/processed/train/genuine/original_17_11.png,data/processed/train/genuine/original_17_22.png,1,genuine_genuine,17,17
data/processed/validation/genuine/original_45_19.png,data/processed/train/genuine/original_27_13.png,0,random_forgery,45,27
data/processed/train/genuine/original_23_11.png,data/processed/train/genuine/original_23_18.png,1,genuine_genuine,23,23
data/processed/train/genuine/original_20_12.png,data/processed/train/genuine/original_20_4.png,1,genuine_genuine,20,20
data/processed/train/genuine/original_15_17.png,data/processed/train/genuine/original_32_2.png,0,random_forgery,15,32
data/processed/train/genuine/original_22_16.png,data/processed/train/forged/forgeries_22_1.png,0,skilled_forgery,22,22
data/processed/train/genuine/original_18_5.png,data/processed/train/forged/forgeries_18_13.png,0,skilled_forgery,18,18
data/processed/train/genuine/original_12_11.png,data/processed/train/genuine/original_12_9.png,1,genuine_genuine,12,12
data/processed/train/genuine/original_33_19.png,data/processed/train/genuine/original_33_2.png,1,genuine_genuine,33,33
data/processed/validation/genuine/original_45_16.png,data/processed/validation/genuine/original_45_6.png,1,genuine_genuine,45,45
data/processed/validation/genuine/original_41_6.png,data/processed/train/genuine/original_20_22.png,0,random_forgery,41,20
data/processed/train/genuine/original_13_4.png,data/processed/train/forged/forgeries_13_15.png,0,skilled_forgery,13,13
data/processed/validation/genuine/original_36_13.png,data/processed/validation/genuine/original_36_23.png,1,genuine_genuine,36,36
data/processed/validation/genuine/original_43_23.png,data/processed/validation/genuine/original_43_8.png,1,genuine_genuine,43,43
data/processed/train/genuine/original_17_21.png,data/processed/train/genuine/original_17_23.png,1,genuine_genuine,17,17
data/processed/validation/genuine/original_45_15.png,data/processed/validation/genuine/original_45_17.png,1,genuine_genuine,45,45
data/processed/train/genuine/original_17_10.png,data/processed/train/forged/forgeries_17_6.png,0,skilled_forgery,17,17
data/processed/train/genuine/original_32_3.png,data/processed/train/genuine/original_35_16.png,0,random_forgery,32,35
data/processed/validation/genuine/original_40_24.png,data/processed/train/genuine/original_23_6.png,0,random_forgery,40,23
data/processed/validation/genuine/original_45_16.png,data/processed/validation/genuine/original_45_20.png,1,genuine_genuine,45,45
data/processed/train/genuine/original_32_22.png,data/processed/train/genuine/original_32_7.png,1,genuine_genuine,32,32
data/processed/validation/genuine/original_39_1.png,data/processed/validation/genuine/original_39_7.png,1,genuine_genuine,39,39
data/processed/train/genuine/original_10_10.png,data/processed/train/forged/forgeries_10_7.png,0,skilled_forgery,10,10
data/processed/train/genuine/original_18_21.png,data/processed/train/forged/forgeries_18_6.png,0,skilled_forgery,18,18
data/processed/train/genuine/original_35_19.png,data/processed/train/genuine/original_35_3.png,1,genuine_genuine,35,35
data/processed/train/genuine/original_16_9.png,data/processed/train/forged/forgeries_16_20.png,0,skilled_forgery,16,16
data/processed/train/genuine/original_34_2.png,data/processed/train/forged/forgeries_34_17.png,0,skilled_forgery,34,34
data/processed/train/genuine/original_35_3.png,data/processed/train/genuine/original_35_5.png,1,genuine_genuine,35,35
data/processed/train/genuine/original_27_17.png,data/processed/train/genuine/original_27_2.png,1,genuine_genuine,27,27
data/processed/train/genuine/original_19_8.png,data/processed/validation/genuine/original_39_23.png,0,random_forgery,19,39
data/processed/train/genuine/original_11_20.png,data/processed/train/forged/forgeries_11_4.png,0,skilled_forgery,11,11
data/processed/validation/genuine/original_42_23.png,data/processed/train/genuine/original_16_7.png,0,random_forgery,42,16
data/processed/train/genuine/original_33_19.png,data/processed/train/forged/forgeries_33_17.png,0,skilled_forgery,33,33
data/processed/train/genuine/original_24_16.png,data/processed/train/genuine/original_24_17.png,1,genuine_genuine,24,24
data/processed/train/genuine/original_25_17.png,data/processed/train/genuine/original_25_22.png,1,genuine_genuine,25,25
data/processed/train/genuine/original_13_3.png,data/processed/train/forged/forgeries_13_21.png,0,skilled_forgery,13,13
data/processed/train/genuine/original_13_19.png,data/processed/train/genuine/original_10_1.png,0,random_forgery,13,10
data/processed/train/genuine/original_25_4.png,data/processed/train/forged/forgeries_25_16.png,0,skilled_forgery,25,25
data/processed/train/genuine/original_29_13.png,data/processed/train/genuine/original_23_19.png,0,random_forgery,29,23
data/processed/train/genuine/original_11_18.png,data/processed/train/forged/forgeries_11_20.png,0,skilled_forgery,11,11
data/processed/train/genuine/original_16_20.png,data/processed/train/genuine/original_16_6.png,1,genuine_genuine,16,16
data/processed/train/genuine/original_25_19.png,data/processed/train/genuine/original_22_13.png,0,random_forgery,25,22
data/processed/train/genuine/original_34_22.png,data/processed/train/genuine/original_34_23.png,1,genuine_genuine,34,34
data/processed/validation/genuine/original_44_7.png,data/processed/validation/forged/forgeries_44_4.png,0,skilled_forgery,44,44
data/processed/train/genuine/original_23_1.png,data/processed/train/genuine/original_23_23.png,1,genuine_genuine,23,23
data/processed/validation/genuine/original_42_14.png,data/processed/validation/forged/forgeries_42_23.png,0,skilled_forgery,42,42
data/processed/train/genuine/original_18_20.png,data/processed/train/genuine/original_26_16.png,0,random_forgery,18,26
data/processed/train/genuine/original_27_21.png,data/processed/train/genuine/original_27_6.png,1,genuine_genuine,27,27
data/processed/train/genuine/original_28_16.png,data/processed/train/forged/forgeries_28_4.png,0,skilled_forgery,28,28
data/processed/train/genuine/original_35_15.png,data/processed/train/genuine/original_35_20.png,1,genuine_genuine,35,35
data/processed/train/genuine/original_20_19.png,data/processed/train/genuine/original_20_22.png,1,genuine_genuine,20,20
data/processed/train/genuine/original_25_5.png,data/processed/train/genuine/original_25_6.png,1,genuine_genuine,25,25
data/processed/train/genuine/original_10_14.png,data/processed/train/genuine/original_10_16.png,1,genuine_genuine,10,10
data/processed/train/genuine/original_33_13.png,data/processed/train/genuine/original_33_20.png,1,genuine_genuine,33,33
data/processed/validation/genuine/original_39_15.png,data/processed/validation/forged/forgeries_39_22.png,0,skilled_forgery,39,39
data/processed/train/genuine/original_16_12.png,data/processed/train/genuine/original_16_8.png,1,genuine_genuine,16,16
data/processed/train/genuine/original_18_18.png,data/processed/train/genuine/original_18_8.png,1,genuine_genuine,18,18
data/processed/validation/genuine/original_45_5.png,data/processed/train/genuine/original_34_4.png,0,random_forgery,45,34
data/processed/train/genuine/original_26_21.png,data/processed/train/genuine/original_26_24.png,1,genuine_genuine,26,26
data/processed/train/genuine/original_27_5.png,data/processed/train/genuine/original_11_4.png,0,random_forgery,27,11
data/processed/train/genuine/original_35_20.png,data/processed/train/forged/forgeries_35_10.png,0,skilled_forgery,35,35
data/processed/train/genuine/original_20_11.png,data/processed/train/genuine/original_14_3.png,0,random_forgery,20,14
data/processed/validation/genuine/original_44_22.png,data/processed/validation/genuine/original_44_6.png,1,genuine_genuine,44,44
data/processed/train/genuine/original_18_3.png,data/processed/train/genuine/original_18_4.png,1,genuine_genuine,18,18
data/processed/train/genuine/original_15_10.png,data/processed/train/genuine/original_15_5.png,1,genuine_genuine,15,15
data/processed/validation/genuine/original_38_15.png,data/processed/validation/genuine/original_38_4.png,1,genuine_genuine,38,38
data/processed/train/genuine/original_29_20.png,data/processed/train/genuine/original_29_24.png,1,genuine_genuine,29,29
data/processed/validation/genuine/original_43_17.png,data/processed/validation/genuine/original_43_9.png,1,genuine_genuine,43,43
data/processed/train/genuine/original_18_4.png,data/processed/train/genuine/original_18_6.png,1,genuine_genuine,18,18
data/processed/train/genuine/original_31_4.png,data/processed/train/genuine/original_30_24.png,0,random_forgery,31,30
data/processed/train/genuine/original_19_10.png,data/processed/train/genuine/original_19_12.png,1,genuine_genuine,19,19
data/processed/train/genuine/original_34_11.png,data/processed/train/genuine/original_34_16.png,1,genuine_genuine,34,34
data/processed/train/genuine/original_18_12.png,data/processed/train/genuine/original_18_19.png,1,genuine_genuine,18,18
data/processed/train/genuine/original_14_22.png,data/processed/train/genuine/original_16_22.png,0,random_forgery,14,16
data/processed/validation/genuine/original_41_10.png,data/processed/validation/genuine/original_41_22.png,1,genuine_genuine,41,41
data/processed/validation/genuine/original_42_3.png,data/processed/validation/forged/forgeries_42_15.png,0,skilled_forgery,42,42
data/processed/train/genuine/original_30_20.png,data/processed/train/genuine/original_30_9.png,1,genuine_genuine,30,30
data/processed/train/genuine/original_14_10.png,data/processed/train/genuine/original_14_6.png,1,genuine_genuine,14,14
data/processed/train/genuine/original_27_19.png,data/processed/train/forged/forgeries_27_17.png,0,skilled_forgery,27,27
data/processed/train/genuine/original_35_3.png,data/processed/train/forged/forgeries_35_12.png,0,skilled_forgery,35,35
data/processed/train/genuine/original_19_12.png,data/processed/train/genuine/original_19_15.png,1,genuine_genuine,19,19
data/processed/validation/genuine/original_43_1.png,data/processed/validation/genuine/original_43_12.png,1,genuine_genuine,43,43
data/processed/train/genuine/original_10_5.png,data/processed/train/genuine/original_10_9.png,1,genuine_genuine,10,10
data/processed/train/genuine/original_27_21.png,data/processed/train/genuine/original_27_4.png,1,genuine_genuine,27,27
data/processed/train/genuine/original_16_16.png,data/processed/train/forged/forgeries_16_21.png,0,skilled_forgery,16,16
data/processed/train/genuine/original_22_13.png,data/processed/train/forged/forgeries_22_18.png,0,skilled_forgery,22,22
data/processed/train/genuine/original_12_2.png,data/processed/train/genuine/original_12_6.png,1,genuine_genuine,12,12
data/processed/train/genuine/original_29_19.png,data/processed/train/genuine/original_29_6.png,1,genuine_genuine,29,29
data/processed/train/genuine/original_18_15.png,data/processed/train/forged/forgeries_18_11.png,0,skilled_forgery,18,18
data/processed/train/genuine/original_14_21.png,data/processed/train/genuine/original_14_9.png,1,genuine_genuine,14,14
data/processed/train/genuine/original_25_15.png,data/processed/train/genuine/original_23_12.png,0,random_forgery,25,23
data/processed/train/genuine/original_32_10.png,data/processed/train/forged/forgeries_32_23.png,0,skilled_forgery,32,32
data/processed/validation/genuine/original_38_20.png,data/processed/validation/genuine/original_38_4.png,1,genuine_genuine,38,38
data/processed/train/genuine/original_33_11.png,data/processed/train/forged/forgeries_33_17.png,0,skilled_forgery,33,33
data/processed/train/genuine/original_34_10.png,data/processed/train/forged/forgeries_34_11.png,0,skilled_forgery,34,34
data/processed/train/genuine/original_16_11.png,data/processed/train/genuine/original_16_23.png,1,genuine_genuine,16,16
data/processed/train/genuine/original_30_9.png,data/processed/train/genuine/original_28_14.png,0,random_forgery,30,28
data/processed/train/genuine/original_25_18.png,data/processed/train/forged/forgeries_25_14.png,0,skilled_forgery,25,25
data/processed/train/genuine/original_30_23.png,data/processed/train/genuine/original_30_6.png,1,genuine_genuine,30,30
data/processed/validation/genuine/original_43_2.png,data/processed/validation/forged/forgeries_43_12.png,0,skilled_forgery,43,43
data/processed/train/genuine/original_35_8.png,data/processed/train/forged/forgeries_35_8.png,0,skilled_forgery,35,35
data/processed/train/genuine/original_31_17.png,data/processed/train/genuine/original_31_21.png,1,genuine_genuine,31,31
data/processed/train/genuine/original_15_6.png,data/processed/train/forged/forgeries_15_3.png,0,skilled_forgery,15,15
data/processed/train/genuine/original_13_21.png,data/processed/train/genuine/original_14_7.png,0,random_forgery,13,14
data/processed/validation/genuine/original_44_14.png,data/processed/validation/genuine/original_44_3.png,1,genuine_genuine,44,44
data/processed/train/genuine/original_28_24.png,data/processed/train/genuine/original_28_6.png,1,genuine_genuine,28,28
data/processed/train/genuine/original_21_8.png,data/processed/train/genuine/original_21_9.png,1,genuine_genuine,21,21
data/processed/train/genuine/original_20_24.png,data/processed/train/forged/forgeries_20_18.png,0,skilled_forgery,20,20
data/processed/train/genuine/original_34_12.png,data/processed/train/genuine/original_34_6.png,1,genuine_genuine,34,34
data/processed/validation/genuine/original_43_21.png,data/processed/validation/genuine/original_43_3.png,1,genuine_genuine,43,43
data/processed/train/genuine/original_22_8.png,data/processed/train/forged/forgeries_22_2.png,0,skilled_forgery,22,22
data/processed/train/genuine/original_30_17.png,data/processed/train/genuine/original_30_6.png,1,genuine_genuine,30,30
data/processed/validation/genuine/original_41_20.png,data/processed/validation/forged/forgeries_41_8.png,0,skilled_forgery,41,41
data/processed/train/genuine/original_19_14.png,data/processed/train/genuine/original_19_20.png,1,genuine_genuine,19,19
data/processed/train/genuine/original_19_19.png,data/processed/train/genuine/original_16_24.png,0,random_forgery,19,16
data/processed/train/genuine/original_26_1.png,data/processed/train/genuine/original_30_11.png,0,random_forgery,26,30
data/processed/train/genuine/original_30_4.png,data/processed/train/forged/forgeries_30_17.png,0,skilled_forgery,30,30
data/processed/train/genuine/original_25_17.png,data/processed/train/forged/forgeries_25_17.png,0,skilled_forgery,25,25
data/processed/train/genuine/original_12_11.png,data/processed/train/genuine/original_12_3.png,1,genuine_genuine,12,12
data/processed/train/genuine/original_21_13.png,data/processed/train/genuine/original_21_14.png,1,genuine_genuine,21,21
data/processed/train/genuine/original_31_10.png,data/processed/train/genuine/original_27_11.png,0,random_forgery,31,27
data/processed/validation/genuine/original_39_10.png,data/processed/validation/genuine/original_39_12.png,1,genuine_genuine,39,39
data/processed/validation/genuine/original_37_11.png,data/processed/validation/forged/forgeries_37_11.png,0,skilled_forgery,37,37
data/processed/train/genuine/original_10_22.png,data/processed/train/genuine/original_10_5.png,1,genuine_genuine,10,10
data/processed/train/genuine/original_19_23.png,data/processed/train/genuine/original_19_4.png,1,genuine_genuine,19,19
data/processed/train/genuine/original_30_22.png,data/processed/train/genuine/original_30_9.png,1,genuine_genuine,30,30
data/processed/train/genuine/original_26_6.png,data/processed/train/forged/forgeries_26_13.png,0,skilled_forgery,26,26
data/processed/train/genuine/original_23_17.png,data/processed/validation/genuine/original_45_5.png,0,random_forgery,23,45
data/processed/train/genuine/original_33_12.png,data/processed/train/genuine/original_33_21.png,1,genuine_genuine,33,33
data/processed/validation/genuine/original_44_17.png,data/processed/validation/genuine/original_44_19.png,1,genuine_genuine,44,44
data/processed/train/genuine/original_35_1.png,data/processed/train/forged/forgeries_35_12.png,0,skilled_forgery,35,35
data/processed/train/genuine/original_13_1.png,data/processed/train/genuine/original_13_24.png,1,genuine_genuine,13,13
data/processed/train/genuine/original_32_18.png,data/processed/train/genuine/original_15_5.png,0,random_forgery,32,15
data/processed/train/genuine/original_22_22.png,data/processed/train/genuine/original_22_9.png,1,genuine_genuine,22,22
data/processed/train/genuine/original_15_1.png,data/processed/train/genuine/original_15_20.png,1,genuine_genuine,15,15
data/processed/train/genuine/original_14_16.png,data/processed/train/genuine/original_14_22.png,1,genuine_genuine,14,14
data/processed/validation/genuine/original_39_12.png,data/processed/validation/genuine/original_39_5.png,1,genuine_genuine,39,39
data/processed/train/genuine/original_14_22.png,data/processed/train/forged/forgeries_14_17.png,0,skilled_forgery,14,14
data/processed/train/genuine/original_24_17.png,data/processed/train/genuine/original_30_22.png,0,random_forgery,24,30
data/processed/train/genuine/original_10_3.png,data/processed/train/forged/forgeries_10_1.png,0,skilled_forgery,10,10
data/processed/validation/genuine/original_44_12.png,data/processed/validation/forged/forgeries_44_15.png,0,skilled_forgery,44,44
data/processed/train/genuine/original_29_2.png,data/processed/train/forged/forgeries_29_10.png,0,skilled_forgery,29,29
data/processed/train/genuine/original_23_18.png,data/processed/train/genuine/original_23_19.png,1,genuine_genuine,23,23
data/processed/train/genuine/original_26_5.png,data/processed/train/forged/forgeries_26_6.png,0,skilled_forgery,26,26
data/processed/validation/genuine/original_40_12.png,data/processed/validation/genuine/original_40_7.png,1,genuine_genuine,40,40
data/processed/validation/genuine/original_40_4.png,data/processed/train/genuine/original_10_19.png,0,random_forgery,40,10
data/processed/train/genuine/original_30_5.png,data/processed/train/genuine/original_30_6.png,1,genuine_genuine,30,30
data/processed/train/genuine/original_19_14.png,data/processed/train/genuine/original_19_23.png,1,genuine_genuine,19,19
data/processed/validation/genuine/original_45_2.png,data/processed/validation/genuine/original_45_6.png,1,genuine_genuine,45,45
data/processed/train/genuine/original_13_13.png,data/processed/train/genuine/original_17_12.png,0,random_forgery,13,17
data/processed/validation/genuine/original_45_16.png,data/processed/validation/genuine/original_45_21.png,1,genuine_genuine,45,45
data/processed/train/genuine/original_27_12.png,data/processed/train/forged/forgeries_27_22.png,0,skilled_forgery,27,27
data/processed/train/genuine/original_24_2.png,data/processed/train/forged/forgeries_24_1.png,0,skilled_forgery,24,24
data/processed/train/genuine/original_25_13.png,data/processed/validation/genuine/original_45_20.png,0,random_forgery,25,45
data/processed/train/genuine/original_19_1.png,data/processed/train/genuine/original_19_19.png,1,genuine_genuine,19,19
data/processed/train/genuine/original_15_12.png,data/processed/train/genuine/original_15_14.png,1,genuine_genuine,15,15
data/processed/train/genuine/original_35_14.png,data/processed/train/genuine/original_35_7.png,1,genuine_genuine,35,35
data/processed/train/genuine/original_29_15.png,data/processed/train/forged/forgeries_29_5.png,0,skilled_forgery,29,29
data/processed/train/genuine/original_23_9.png,data/processed/train/forged/forgeries_23_19.png,0,skilled_forgery,23,23
data/processed/validation/genuine/original_40_18.png,data/processed/validation/genuine/original_40_2.png,1,genuine_genuine,40,40
data/processed/train/genuine/original_23_11.png,data/processed/train/forged/forgeries_23_23.png,0,skilled_forgery,23,23
data/processed/train/genuine/original_21_23.png,data/processed/train/forged/forgeries_21_14.png,0,skilled_forgery,21,21
data/processed/train/genuine/original_18_6.png,data/processed/train/genuine/original_18_9.png,1,genuine_genuine,18,18
data/processed/validation/genuine/original_44_18.png,data/processed/validation/genuine/original_44_21.png,1,genuine_genuine,44,44
data/processed/train/genuine/original_21_8.png,data/processed/train/forged/forgeries_21_5.png,0,skilled_forgery,21,21
data/processed/validation/genuine/original_40_20.png,data/processed/validation/genuine/original_40_4.png,1,genuine_genuine,40,40
data/processed/validation/genuine/original_38_11.png,data/processed/validation/genuine/original_38_12.png,1,genuine_genuine,38,38
data/processed/validation/genuine/original_37_14.png,data/processed/validation/genuine/original_37_21.png,1,genuine_genuine,37,37
data/processed/train/genuine/original_33_10.png,data/processed/train/genuine/original_33_8.png,1,genuine_genuine,33,33
data/processed/train/genuine/original_23_14.png,data/processed/train/genuine/original_23_24.png,1,genuine_genuine,23,23
data/processed/validation/genuine/original_36_4.png,data/processed/train/genuine/original_25_11.png,0,random_forgery,36,25
data/processed/train/genuine/original_24_13.png,data/processed/train/genuine/original_24_3.png,1,genuine_genuine,24,24
data/processed/train/genuine/original_10_22.png,data/processed/validation/genuine/original_39_18.png,0,random_forgery,10,39
data/processed/train/genuine/original_26_1.png,data/processed/train/forged/forgeries_26_22.png,0,skilled_forgery,26,26
data/processed/validation/genuine/original_41_19.png,data/processed/train/genuine/original_33_4.png,0,random_forgery,41,33
data/processed/validation/genuine/original_41_2.png,data/processed/validation/forged/forgeries_41_17.png,0,skilled_forgery,41,41
data/processed/train/genuine/original_16_10.png,data/processed/train/genuine/original_16_22.png,1,genuine_genuine,16,16
data/processed/train/genuine/original_21_24.png,data/processed/train/genuine/original_21_5.png,1,genuine_genuine,21,21
data/processed/validation/genuine/original_42_4.png,data/processed/validation/forged/forgeries_42_24.png,0,skilled_forgery,42,42
data/processed/validation/genuine/original_44_23.png,data/processed/train/genuine/original_10_11.png,0,random_forgery,44,10
data/processed/validation/genuine/original_37_14.png,data/processed/validation/forged/forgeries_37_10.png,0,skilled_forgery,37,37
data/processed/validation/genuine/original_40_14.png,data/processed/validation/forged/forgeries_40_2.png,0,skilled_forgery,40,40
data/processed/validation/genuine/original_45_15.png,data/processed/validation/genuine/original_40_18.png,0,random_forgery,45,40
data/processed/train/genuine/original_18_11.png,data/processed/train/genuine/original_28_4.png,0,random_forgery,18,28
data/processed/train/genuine/original_14_4.png,data/processed/train/genuine/original_14_8.png,1,genuine_genuine,14,14
data/processed/train/genuine/original_28_11.png,data/processed/train/genuine/original_28_19.png,1,genuine_genuine,28,28
data/processed/train/genuine/original_22_3.png,data/processed/train/genuine/original_33_21.png,0,random_forgery,22,33
data/processed/train/genuine/original_13_12.png,data/processed/train/genuine/original_13_23.png,1,genuine_genuine,13,13
data/processed/train/genuine/original_31_4.png,data/processed/train/genuine/original_31_7.png,1,genuine_genuine,31,31
data/processed/train/genuine/original_14_7.png,data/processed/train/forged/forgeries_14_22.png,0,skilled_forgery,14,14
data/processed/train/genuine/original_11_22.png,data/processed/train/genuine/original_11_24.png,1,genuine_genuine,11,11
data/processed/train/genuine/original_15_15.png,data/processed/train/genuine/original_15_16.png,1,genuine_genuine,15,15
data/processed/train/genuine/original_23_3.png,data/processed/train/genuine/original_23_5.png,1,genuine_genuine,23,23
data/processed/validation/genuine/original_42_13.png,data/processed/validation/genuine/original_44_10.png,0,random_forgery,42,44
data/processed/train/genuine/original_23_21.png,data/processed/train/forged/forgeries_23_7.png,0,skilled_forgery,23,23
data/processed/train/genuine/original_14_24.png,data/processed/train/forged/forgeries_14_22.png,0,skilled_forgery,14,14
data/processed/validation/genuine/original_44_2.png,data/processed/train/genuine/original_28_24.png,0,random_forgery,44,28
data/processed/validation/genuine/original_39_10.png,data/processed/train/genuine/original_10_23.png,0,random_forgery,39,10
data/processed/train/genuine/original_10_22.png,data/processed/train/genuine/original_10_7.png,1,genuine_genuine,10,10
data/processed/train/genuine/original_15_20.png,data/processed/train/forged/forgeries_15_4.png,0,skilled_forgery,15,15
data/processed/validation/genuine/original_42_15.png,data/processed/validation/genuine/original_42_6.png,1,genuine_genuine,42,42
data/processed/train/genuine/original_24_15.png,data/processed/train/forged/forgeries_24_17.png,0,skilled_forgery,24,24
data/processed/train/genuine/original_24_13.png,data/processed/train/genuine/original_24_16.png,1,genuine_genuine,24,24
data/processed/train/genuine/original_29_14.png,data/processed/train/forged/forgeries_29_2.png,0,skilled_forgery,29,29
data/processed/train/genuine/original_16_16.png,data/processed/train/forged/forgeries_16_15.png,0,skilled_forgery,16,16
data/processed/train/genuine/original_13_19.png,data/processed/train/genuine/original_31_22.png,0,random_forgery,13,31
data/processed/validation/genuine/original_45_19.png,data/processed/validation/genuine/original_45_4.png,1,genuine_genuine,45,45
data/processed/validation/genuine/original_42_22.png,data/processed/train/genuine/original_25_19.png,0,random_forgery,42,25
data/processed/train/genuine/original_29_16.png,data/processed/train/genuine/original_29_5.png,1,genuine_genuine,29,29
data/processed/validation/genuine/original_43_14.png,data/processed/validation/genuine/original_43_18.png,1,genuine_genuine,43,43
data/processed/validation/genuine/original_39_1.png,data/processed/validation/genuine/original_39_24.png,1,genuine_genuine,39,39
data/processed/train/genuine/original_13_14.png,data/processed/train/genuine/original_13_3.png,1,genuine_genuine,13,13
data/processed/train/genuine/original_23_12.png,data/processed/train/genuine/original_23_21.png,1,genuine_genuine,23,23
data/processed/train/genuine/original_28_4.png,data/processed/train/genuine/original_28_6.png,1,genuine_genuine,28,28
data/processed/train/genuine/original_31_17.png,data/processed/train/genuine/original_31_3.png,1,genuine_genuine,31,31
data/processed/train/genuine/original_22_20.png,data/processed/train/forged/forgeries_22_24.png,0,skilled_forgery,22,22
data/processed/validation/genuine/original_45_12.png,data/processed/validation/genuine/original_45_6.png,1,genuine_genuine,45,45
data/processed/validation/genuine/original_40_18.png,data/processed/validation/genuine/original_40_20.png,1,genuine_genuine,40,40
data/processed/validation/genuine/original_41_21.png,data/processed/validation/genuine/original_41_5.png,1,genuine_genuine,41,41
data/processed/train/genuine/original_22_11.png,data/processed/train/forged/forgeries_22_11.png,0,skilled_forgery,22,22
data/processed/validation/genuine/original_36_1.png,data/processed/validation/genuine/original_36_22.png,1,genuine_genuine,36,36
data/processed/validation/genuine/original_43_23.png,data/processed/validation/forged/forgeries_43_11.png,0,skilled_forgery,43,43
data/processed/train/genuine/original_34_20.png,data/processed/train/genuine/original_21_5.png,0,random_forgery,34,21
data/processed/train/genuine/original_12_3.png,data/processed/validation/genuine/original_40_6.png,0,random_forgery,12,40
data/processed/train/genuine/original_17_1.png,data/processed/train/genuine/original_17_7.png,1,genuine_genuine,17,17
data/processed/validation/genuine/original_42_21.png,data/processed/validation/genuine/original_42_3.png,1,genuine_genuine,42,42
data/processed/train/genuine/original_26_22.png,data/processed/train/genuine/original_26_23.png,1,genuine_genuine,26,26
data/processed/train/genuine/original_29_2.png,data/processed/train/forged/forgeries_29_7.png,0,skilled_forgery,29,29
data/processed/train/genuine/original_18_21.png,data/processed/train/forged/forgeries_18_1.png,0,skilled_forgery,18,18
data/processed/validation/genuine/original_36_2.png,data/processed/validation/forged/forgeries_36_3.png,0,skilled_forgery,36,36
data/processed/train/genuine/original_25_4.png,data/processed/train/forged/forgeries_25_7.png,0,skilled_forgery,25,25
data/processed/train/genuine/original_11_13.png,data/processed/train/genuine/original_11_22.png,1,genuine_genuine,11,11
data/processed/train/genuine/original_18_18.png,data/processed/train/forged/forgeries_18_24.png,0,skilled_forgery,18,18
data/processed/validation/genuine/original_44_24.png,data/processed/validation/genuine/original_44_6.png,1,genuine_genuine,44,44
data/processed/validation/genuine/original_41_16.png,data/processed/validation/forged/forgeries_41_11.png,0,skilled_forgery,41,41
data/processed/train/genuine/original_26_2.png,data/processed/train/genuine/original_25_11.png,0,random_forgery,26,25
data/processed/train/genuine/original_30_5.png,data/processed/train/genuine/original_30_8.png,1,genuine_genuine,30,30
data/processed/train/genuine/original_34_12.png,data/processed/validation/genuine/original_36_2.png,0,random_forgery,34,36
data/processed/train/genuine/original_24_18.png,data/processed/train/genuine/original_25_14.png,0,random_forgery,24,25
data/processed/validation/genuine/original_41_18.png,data/processed/validation/genuine/original_41_7.png,1,genuine_genuine,41,41
data/processed/train/genuine/original_18_22.png,data/processed/train/genuine/original_18_3.png,1,genuine_genuine,18,18
data/processed/train/genuine/original_33_15.png,data/processed/train/genuine/original_33_4.png,1,genuine_genuine,33,33
data/processed/train/genuine/original_16_18.png,data/processed/train/forged/forgeries_16_18.png,0,skilled_forgery,16,16
data/processed/train/genuine/original_25_24.png,data/processed/train/forged/forgeries_25_21.png,0,skilled_forgery,25,25
data/processed/validation/genuine/original_43_13.png,data/processed/validation/genuine/original_43_18.png,1,genuine_genuine,43,43
data/processed/validation/genuine/original_36_12.png,data/processed/validation/genuine/original_36_2.png,1,genuine_genuine,36,36
data/processed/train/genuine/original_29_17.png,data/processed/train/forged/forgeries_29_21.png,0,skilled_forgery,29,29
data/processed/train/genuine/original_21_22.png,data/processed/train/genuine/original_21_8.png,1,genuine_genuine,21,21
data/processed/train/genuine/original_30_10.png,data/processed/train/forged/forgeries_30_10.png,0,skilled_forgery,30,30
data/processed/train/genuine/original_31_5.png,data/processed/train/forged/forgeries_31_11.png,0,skilled_forgery,31,31
data/processed/train/genuine/original_26_23.png,data/processed/train/genuine/original_26_4.png,1,genuine_genuine,26,26
data/processed/validation/genuine/original_39_19.png,data/processed/validation/genuine/original_39_24.png,1,genuine_genuine,39,39
data/processed/validation/genuine/original_41_16.png,data/processed/validation/genuine/original_41_4.png,1,genuine_genuine,41,41
data/processed/train/genuine/original_17_19.png,data/processed/validation/genuine/original_36_12.png,0,random_forgery,17,36
data/processed/validation/genuine/original_37_22.png,data/processed/validation/genuine/original_37_5.png,1,genuine_genuine,37,37
data/processed/validation/genuine/original_37_5.png,data/processed/validation/forged/forgeries_37_20.png,0,skilled_forgery,37,37
data/processed/train/genuine/original_22_22.png,data/processed/train/genuine/original_10_13.png,0,random_forgery,22,10
data/processed/train/genuine/original_20_21.png,data/processed/train/genuine/original_11_1.png,0,random_forgery,20,11
data/processed/validation/genuine/original_45_1.png,data/processed/validation/genuine/original_45_14.png,1,genuine_genuine,45,45
data/processed/train/genuine/original_16_21.png,data/processed/train/genuine/original_16_24.png,1,genuine_genuine,16,16
data/processed/train/genuine/original_32_6.png,data/processed/train/forged/forgeries_32_22.png,0,skilled_forgery,32,32
data/processed/train/genuine/original_16_1.png,data/processed/train/genuine/original_16_19.png,1,genuine_genuine,16,16
data/processed/train/genuine/original_21_10.png,data/processed/train/genuine/original_21_24.png,1,genuine_genuine,21,21
data/processed/train/genuine/original_19_8.png,data/processed/train/forged/forgeries_19_5.png,0,skilled_forgery,19,19
data/processed/validation/genuine/original_43_13.png,data/processed/validation/genuine/original_43_8.png,1,genuine_genuine,43,43
data/processed/train/genuine/original_10_20.png,data/processed/train/forged/forgeries_10_10.png,0,skilled_forgery,10,10
data/processed/validation/genuine/original_40_9.png,data/processed/validation/forged/forgeries_40_7.png,0,skilled_forgery,40,40
data/processed/validation/genuine/original_36_1.png,data/processed/validation/genuine/original_36_9.png,1,genuine_genuine,36,36
data/processed/train/genuine/original_34_1.png,data/processed/train/genuine/original_34_4.png,1,genuine_genuine,34,34
data/processed/train/genuine/original_12_24.png,data/processed/train/forged/forgeries_12_1.png,0,skilled_forgery,12,12
data/processed/train/genuine/original_28_24.png,data/processed/train/forged/forgeries_28_19.png,0,skilled_forgery,28,28
data/processed/train/genuine/original_26_5.png,data/processed/train/forged/forgeries_26_9.png,0,skilled_forgery,26,26
data/processed/train/genuine/original_24_23.png,data/processed/train/genuine/original_24_4.png,1,genuine_genuine,24,24
data/processed/train/genuine/original_23_15.png,data/processed/train/genuine/original_23_8.png,1,genuine_genuine,23,23
data/processed/train/genuine/original_27_14.png,data/processed/validation/genuine/original_37_2.png,0,random_forgery,27,37
data/processed/train/genuine/original_30_15.png,data/processed/train/genuine/original_23_15.png,0,random_forgery,30,23
data/processed/validation/genuine/original_43_2.png,data/processed/train/genuine/original_35_11.png,0,random_forgery,43,35
data/processed/train/genuine/original_11_5.png,data/processed/train/forged/forgeries_11_1.png,0,skilled_forgery,11,11
data/processed/validation/genuine/original_40_21.png,data/processed/validation/genuine/original_40_9.png,1,genuine_genuine,40,40
data/processed/train/genuine/original_35_15.png,data/processed/train/genuine/original_35_7.png,1,genuine_genuine,35,35
data/processed/train/genuine/original_29_18.png,data/processed/train/forged/forgeries_29_9.png,0,skilled_forgery,29,29
data/processed/train/genuine/original_15_22.png,data/processed/train/forged/forgeries_15_13.png,0,skilled_forgery,15,15
data/processed/validation/genuine/original_36_20.png,data/processed/validation/forged/forgeries_36_22.png,0,skilled_forgery,36,36
data/processed/train/genuine/original_11_20.png,data/processed/train/genuine/original_11_3.png,1,genuine_genuine,11,11
data/processed/train/genuine/original_32_22.png,data/processed/train/genuine/original_32_24.png,1,genuine_genuine,32,32
data/processed/validation/genuine/original_38_10.png,data/processed/validation/forged/forgeries_38_10.png,0,skilled_forgery,38,38
data/processed/train/genuine/original_23_14.png,data/processed/validation/genuine/original_41_16.png,0,random_forgery,23,41
data/processed/validation/genuine/original_37_11.png,data/processed/validation/genuine/original_37_5.png,1,genuine_genuine,37,37
data/processed/validation/genuine/original_39_21.png,data/processed/validation/genuine/original_39_8.png,1,genuine_genuine,39,39
data/processed/validation/genuine/original_36_14.png,data/processed/validation/genuine/original_36_17.png,1,genuine_genuine,36,36
data/processed/train/genuine/original_25_13.png,data/processed/train/genuine/original_25_21.png,1,genuine_genuine,25,25
data/processed/train/genuine/original_11_10.png,data/processed/train/genuine/original_11_22.png,1,genuine_genuine,11,11
data/processed/train/genuine/original_29_24.png,data/processed/train/genuine/original_29_7.png,1,genuine_genuine,29,29
data/processed/train/genuine/original_25_20.png,data/processed/train/genuine/original_25_7.png,1,genuine_genuine,25,25
data/processed/train/genuine/original_34_2.png,data/processed/train/genuine/original_24_16.png,0,random_forgery,34,24
data/processed/train/genuine/original_32_3.png,data/processed/train/genuine/original_32_9.png,1,genuine_genuine,32,32
data/processed/train/genuine/original_33_3.png,data/processed/train/genuine/original_33_6.png,1,genuine_genuine,33,33
data/processed/train/genuine/original_20_12.png,data/processed/train/forged/forgeries_20_16.png,0,skilled_forgery,20,20
data/processed/validation/genuine/original_38_22.png,data/processed/validation/genuine/original_38_4.png,1,genuine_genuine,38,38
data/processed/validation/genuine/original_43_10.png,data/processed/validation/genuine/original_43_8.png,1,genuine_genuine,43,43
data/processed/validation/genuine/original_45_11.png,data/processed/validation/genuine/original_45_7.png,1,genuine_genuine,45,45
data/processed/validation/genuine/original_45_10.png,data/processed/validation/forged/forgeries_45_12.png,0,skilled_forgery,45,45
data/processed/train/genuine/original_18_1.png,data/processed/train/genuine/original_18_12.png,1,genuine_genuine,18,18
data/processed/train/genuine/original_13_15.png,data/processed/train/genuine/original_13_4.png,1,genuine_genuine,13,13
data/processed/train/genuine/original_25_21.png,data/processed/validation/genuine/original_38_1.png,0,random_forgery,25,38
data/processed/train/genuine/original_15_10.png,data/processed/train/genuine/original_15_16.png,1,genuine_genuine,15,15
data/processed/validation/genuine/original_39_10.png,data/processed/validation/genuine/original_39_7.png,1,genuine_genuine,39,39
data/processed/validation/genuine/original_45_12.png,data/processed/validation/genuine/original_45_14.png,1,genuine_genuine,45,45
data/processed/validation/genuine/original_44_14.png,data/processed/validation/genuine/original_44_24.png,1,genuine_genuine,44,44
data/processed/train/genuine/original_11_1.png,data/processed/train/genuine/original_11_12.png,1,genuine_genuine,11,11
data/processed/train/genuine/original_21_5.png,data/processed/train/genuine/original_10_22.png,0,random_forgery,21,10
data/processed/train/genuine/original_25_18.png,data/processed/train/genuine/original_25_8.png,1,genuine_genuine,25,25
data/processed/train/genuine/original_30_4.png,data/processed/train/forged/forgeries_30_15.png,0,skilled_forgery,30,30
data/processed/train/genuine/original_14_16.png,data/processed/train/genuine/original_14_24.png,1,genuine_genuine,14,14
data/processed/validation/genuine/original_40_11.png,data/processed/validation/genuine/original_40_21.png,1,genuine_genuine,40,40
data/processed/validation/genuine/original_45_1.png,data/processed/validation/forged/forgeries_45_16.png,0,skilled_forgery,45,45
data/processed/train/genuine/original_16_11.png,data/processed/train/genuine/original_16_5.png,1,genuine_genuine,16,16
data/processed/validation/genuine/original_37_12.png,data/processed/validation/genuine/original_37_2.png,1,genuine_genuine,37,37
data/processed/train/genuine/original_18_15.png,data/processed/train/genuine/original_18_9.png,1,genuine_genuine,18,18
data/processed/train/genuine/original_32_17.png,data/processed/train/forged/forgeries_32_7.png,0,skilled_forgery,32,32
data/processed/train/genuine/original_31_19.png,data/processed/train/genuine/original_31_3.png,1,genuine_genuine,31,31
data/processed/train/genuine/original_28_23.png,data/processed/train/genuine/original_28_3.png,1,genuine_genuine,28,28
data/processed/train/genuine/original_24_18.png,data/processed/train/genuine/original_24_8.png,1,genuine_genuine,24,24
data/processed/validation/genuine/original_41_1.png,data/processed/validation/genuine/original_41_21.png,1,genuine_genuine,41,41
data/processed/validation/genuine/original_44_17.png,data/processed/validation/genuine/original_44_21.png,1,genuine_genuine,44,44
data/processed/train/genuine/original_23_15.png,data/processed/train/genuine/original_23_5.png,1,genuine_genuine,23,23
data/processed/validation/genuine/original_37_12.png,data/processed/validation/genuine/original_37_17.png,1,genuine_genuine,37,37
data/processed/train/genuine/original_26_18.png,data/processed/train/genuine/original_26_7.png,1,genuine_genuine,26,26
data/processed/validation/genuine/original_38_5.png,data/processed/validation/genuine/original_38_7.png,1,genuine_genuine,38,38
data/processed/train/genuine/original_13_15.png,data/processed/train/genuine/original_13_7.png,1,genuine_genuine,13,13
data/processed/train/genuine/original_13_11.png,data/processed/train/genuine/original_20_8.png,0,random_forgery,13,20
data/processed/train/genuine/original_22_24.png,data/processed/train/forged/forgeries_22_4.png,0,skilled_forgery,22,22
data/processed/validation/genuine/original_42_22.png,data/processed/validation/forged/forgeries_42_2.png,0,skilled_forgery,42,42
data/processed/validation/genuine/original_39_20.png,data/processed/validation/forged/forgeries_39_14.png,0,skilled_forgery,39,39
data/processed/train/genuine/original_16_4.png,data/processed/train/forged/forgeries_16_22.png,0,skilled_forgery,16,16
data/processed/validation/genuine/original_36_22.png,data/processed/validation/genuine/original_36_23.png,1,genuine_genuine,36,36
data/processed/train/genuine/original_21_13.png,data/processed/train/forged/forgeries_21_19.png,0,skilled_forgery,21,21
data/processed/train/genuine/original_34_15.png,data/processed/train/genuine/original_34_4.png,1,genuine_genuine,34,34
data/processed/train/genuine/original_23_11.png,data/processed/train/genuine/original_23_12.png,1,genuine_genuine,23,23
data/processed/validation/genuine/original_36_14.png,data/processed/validation/genuine/original_36_22.png,1,genuine_genuine,36,36
data/processed/validation/genuine/original_37_18.png,data/processed/validation/genuine/original_37_8.png,1,genuine_genuine,37,37
data/processed/validation/genuine/original_41_13.png,data/processed/validation/genuine/original_41_7.png,1,genuine_genuine,41,41
data/processed/validation/genuine/original_45_13.png,data/processed/validation/genuine/original_45_4.png,1,genuine_genuine,45,45
data/processed/train/genuine/original_26_17.png,data/processed/train/forged/forgeries_26_3.png,0,skilled_forgery,26,26
data/processed/validation/genuine/original_37_18.png,data/processed/validation/genuine/original_37_3.png,1,genuine_genuine,37,37
data/processed/validation/genuine/original_44_11.png,data/processed/validation/genuine/original_44_12.png,1,genuine_genuine,44,44
data/processed/validation/genuine/original_40_14.png,data/processed/validation/genuine/original_40_21.png,1,genuine_genuine,40,40
data/processed/validation/genuine/original_40_12.png,data/processed/validation/forged/forgeries_40_23.png,0,skilled_forgery,40,40
data/processed/train/genuine/original_18_15.png,data/processed/validation/genuine/original_42_7.png,0,random_forgery,18,42
data/processed/train/genuine/original_25_1.png,data/processed/train/forged/forgeries_25_5.png,0,skilled_forgery,25,25
data/processed/train/genuine/original_14_18.png,data/processed/train/genuine/original_14_19.png,1,genuine_genuine,14,14
data/processed/train/genuine/original_14_14.png,data/processed/train/genuine/original_14_5.png,1,genuine_genuine,14,14
data/processed/train/genuine/original_30_11.png,data/processed/train/genuine/original_30_13.png,1,genuine_genuine,30,30
data/processed/validation/genuine/original_43_20.png,data/processed/validation/genuine/original_43_21.png,1,genuine_genuine,43,43
data/processed/train/genuine/original_27_6.png,data/processed/train/forged/forgeries_27_8.png,0,skilled_forgery,27,27
data/processed/train/genuine/original_35_22.png,data/processed/train/genuine/original_35_9.png,1,genuine_genuine,35,35
data/processed/train/genuine/original_11_12.png,data/processed/train/genuine/original_11_18.png,1,genuine_genuine,11,11
data/processed/train/genuine/original_16_15.png,data/processed/train/genuine/original_16_20.png,1,genuine_genuine,16,16
data/processed/train/genuine/original_12_17.png,data/processed/train/genuine/original_32_23.png,0,random_forgery,12,32
data/processed/train/genuine/original_10_10.png,data/processed/train/genuine/original_10_2.png,1,genuine_genuine,10,10
data/processed/train/genuine/original_16_11.png,data/processed/train/genuine/original_16_18.png,1,genuine_genuine,16,16
data/processed/train/genuine/original_23_20.png,data/processed/train/genuine/original_30_11.png,0,random_forgery,23,30
data/processed/validation/genuine/original_44_23.png,data/processed/train/genuine/original_14_5.png,0,random_forgery,44,14
data/processed/train/genuine/original_19_3.png,data/processed/train/genuine/original_19_8.png,1,genuine_genuine,19,19
data/processed/train/genuine/original_31_14.png,data/processed/validation/genuine/original_41_10.png,0,random_forgery,31,41
data/processed/validation/genuine/original_41_22.png,data/processed/validation/forged/forgeries_41_23.png,0,skilled_forgery,41,41
data/processed/train/genuine/original_30_4.png,data/processed/train/forged/forgeries_30_6.png,0,skilled_forgery,30,30
data/processed/validation/genuine/original_39_2.png,data/processed/validation/forged/forgeries_39_24.png,0,skilled_forgery,39,39
data/processed/train/genuine/original_15_1.png,data/processed/train/genuine/original_15_11.png,1,genuine_genuine,15,15
data/processed/train/genuine/original_13_24.png,data/processed/train/forged/forgeries_13_1.png,0,skilled_forgery,13,13
data/processed/train/genuine/original_21_21.png,data/processed/train/genuine/original_10_7.png,0,random_forgery,21,10
data/processed/train/genuine/original_17_21.png,data/processed/train/forged/forgeries_17_11.png,0,skilled_forgery,17,17
data/processed/train/genuine/original_13_4.png,data/processed/train/genuine/original_13_9.png,1,genuine_genuine,13,13
data/processed/train/genuine/original_35_19.png,data/processed/train/genuine/original_14_7.png,0,random_forgery,35,14
data/processed/validation/genuine/original_38_4.png,data/processed/train/genuine/original_20_4.png,0,random_forgery,38,20
data/processed/train/genuine/original_30_16.png,data/processed/validation/genuine/original_42_24.png,0,random_forgery,30,42
data/processed/train/genuine/original_14_12.png,data/processed/train/genuine/original_14_2.png,1,genuine_genuine,14,14
data/processed/validation/genuine/original_38_11.png,data/processed/train/genuine/original_21_23.png,0,random_forgery,38,21
data/processed/train/genuine/original_24_20.png,data/processed/train/genuine/original_17_6.png,0,random_forgery,24,17
data/processed/train/genuine/original_17_21.png,data/processed/train/forged/forgeries_17_2.png,0,skilled_forgery,17,17
data/processed/validation/genuine/original_42_1.png,data/processed/validation/genuine/original_42_4.png,1,genuine_genuine,42,42
data/processed/validation/genuine/original_38_16.png,data/processed/validation/forged/forgeries_38_24.png,0,skilled_forgery,38,38
data/processed/train/genuine/original_25_21.png,data/processed/train/forged/forgeries_25_23.png,0,skilled_forgery,25,25
data/processed/train/genuine/original_34_6.png,data/processed/train/genuine/original_34_8.png,1,genuine_genuine,34,34
data/processed/validation/genuine/original_39_18.png,data/processed/validation/genuine/original_39_24.png,1,genuine_genuine,39,39
data/processed/train/genuine/original_31_10.png,data/processed/train/forged/forgeries_31_23.png,0,skilled_forgery,31,31
data/processed/validation/genuine/original_37_12.png,data/processed/validation/genuine/original_37_6.png,1,genuine_genuine,37,37
data/processed/train/genuine/original_19_24.png,data/processed/train/genuine/original_19_5.png,1,genuine_genuine,19,19
data/processed/train/genuine/original_21_8.png,data/processed/validation/genuine/original_38_3.png,0,random_forgery,21,38
data/processed/train/genuine/original_18_4.png,data/processed/train/genuine/original_16_19.png,0,random_forgery,18,16
data/processed/validation/genuine/original_45_15.png,data/processed/validation/genuine/original_43_6.png,0,random_forgery,45,43
data/processed/validation/genuine/original_39_23.png,data/processed/validation/genuine/original_39_3.png,1,genuine_genuine,39,39
data/processed/train/genuine/original_19_24.png,data/processed/train/genuine/original_12_13.png,0,random_forgery,19,12
data/processed/train/genuine/original_12_9.png,data/processed/train/forged/forgeries_12_6.png,0,skilled_forgery,12,12
data/processed/validation/genuine/original_38_15.png,data/processed/validation/genuine/original_38_8.png,1,genuine_genuine,38,38
data/processed/train/genuine/original_26_23.png,data/processed/train/genuine/original_26_7.png,1,genuine_genuine,26,26
data/processed/train/genuine/original_28_8.png,data/processed/train/genuine/original_11_24.png,0,random_forgery,28,11
data/processed/validation/genuine/original_36_24.png,data/processed/validation/genuine/original_36_8.png,1,genuine_genuine,36,36
data/processed/train/genuine/original_20_1.png,data/processed/train/genuine/original_12_17.png,0,random_forgery,20,12
data/processed/train/genuine/original_13_19.png,data/processed/train/forged/forgeries_13_10.png,0,skilled_forgery,13,13
data/processed/train/genuine/original_21_13.png,data/processed/train/forged/forgeries_21_17.png,0,skilled_forgery,21,21
data/processed/validation/genuine/original_36_10.png,data/processed/validation/genuine/original_36_20.png,1,genuine_genuine,36,36
data/processed/train/genuine/original_21_23.png,data/processed/train/genuine/original_21_24.png,1,genuine_genuine,21,21
data/processed/validation/genuine/original_43_20.png,data/processed/validation/genuine/original_42_6.png,0,random_forgery,43,42
data/processed/train/genuine/original_30_10.png,data/processed/train/forged/forgeries_30_22.png,0,skilled_forgery,30,30
data/processed/validation/genuine/original_45_13.png,data/processed/validation/genuine/original_45_18.png,1,genuine_genuine,45,45
data/processed/validation/genuine/original_39_13.png,data/processed/validation/genuine/original_39_20.png,1,genuine_genuine,39,39
data/processed/train/genuine/original_16_11.png,data/processed/train/genuine/original_16_16.png,1,genuine_genuine,16,16
data/processed/train/genuine/original_20_10.png,data/processed/train/forged/forgeries_20_24.png,0,skilled_forgery,20,20
data/processed/train/genuine/original_31_3.png,data/processed/train/genuine/original_31_5.png,1,genuine_genuine,31,31
data/processed/train/genuine/original_29_6.png,data/processed/train/genuine/original_29_9.png,1,genuine_genuine,29,29
data/processed/train/genuine/original_14_13.png,data/processed/train/genuine/original_14_17.png,1,genuine_genuine,14,14
data/processed/train/genuine/original_12_21.png,data/processed/train/genuine/original_12_7.png,1,genuine_genuine,12,12
data/processed/train/genuine/original_34_15.png,data/processed/train/genuine/original_17_20.png,0,random_forgery,34,17
data/processed/train/genuine/original_24_11.png,data/processed/train/forged/forgeries_24_11.png,0,skilled_forgery,24,24
data/processed/validation/genuine/original_38_1.png,data/processed/validation/genuine/original_38_16.png,1,genuine_genuine,38,38
data/processed/validation/genuine/original_42_13.png,data/processed/validation/forged/forgeries_42_17.png,0,skilled_forgery,42,42
data/processed/train/genuine/original_16_18.png,data/processed/train/genuine/original_16_20.png,1,genuine_genuine,16,16
data/processed/validation/genuine/original_38_12.png,data/processed/validation/genuine/original_38_23.png,1,genuine_genuine,38,38
data/processed/train/genuine/original_29_21.png,data/processed/train/genuine/original_29_8.png,1,genuine_genuine,29,29
data/processed/train/genuine/original_25_1.png,data/processed/train/genuine/original_25_9.png,1,genuine_genuine,25,25
data/processed/validation/genuine/original_40_17.png,data/processed/train/genuine/original_23_7.png,0,random_forgery,40,23
data/processed/train/genuine/original_18_19.png,data/processed/train/genuine/original_18_21.png,1,genuine_genuine,18,18
data/processed/validation/genuine/original_42_21.png,data/processed/validation/genuine/original_42_6.png,1,genuine_genuine,42,42
data/processed/train/genuine/original_34_15.png,data/processed/train/genuine/original_12_12.png,0,random_forgery,34,12
data/processed/train/genuine/original_15_15.png,data/processed/train/genuine/original_15_4.png,1,genuine_genuine,15,15
data/processed/train/genuine/original_20_6.png,data/processed/train/genuine/original_20_7.png,1,genuine_genuine,20,20
data/processed/validation/genuine/original_42_9.png,data/processed/validation/forged/forgeries_42_4.png,0,skilled_forgery,42,42
data/processed/train/genuine/original_30_14.png,data/processed/train/forged/forgeries_30_13.png,0,skilled_forgery,30,30
data/processed/validation/genuine/original_39_13.png,data/processed/validation/genuine/original_39_14.png,1,genuine_genuine,39,39
data/processed/validation/genuine/original_40_4.png,data/processed/validation/genuine/original_40_9.png,1,genuine_genuine,40,40
data/processed/train/genuine/original_22_21.png,data/processed/validation/genuine/original_37_2.png,0,random_forgery,22,37
data/processed/train/genuine/original_18_21.png,data/processed/train/genuine/original_24_17.png,0,random_forgery,18,24
data/processed/validation/genuine/original_36_13.png,data/processed/validation/genuine/original_36_7.png,1,genuine_genuine,36,36
data/processed/train/genuine/original_26_1.png,data/processed/train/genuine/original_26_12.png,1,genuine_genuine,26,26
data/processed/train/genuine/original_12_20.png,data/processed/train/forged/forgeries_12_21.png,0,skilled_forgery,12,12
data/processed/train/genuine/original_31_12.png,data/processed/train/genuine/original_14_23.png,0,random_forgery,31,14
data/processed/train/genuine/original_10_21.png,data/processed/train/genuine/original_23_12.png,0,random_forgery,10,23
data/processed/train/genuine/original_24_16.png,data/processed/train/genuine/original_24_8.png,1,genuine_genuine,24,24
data/processed/train/genuine/original_15_1.png,data/processed/train/forged/forgeries_15_19.png,0,skilled_forgery,15,15
data/processed/train/genuine/original_24_17.png,data/processed/train/genuine/original_24_6.png,1,genuine_genuine,24,24
data/processed/train/genuine/original_34_16.png,data/processed/validation/genuine/original_39_8.png,0,random_forgery,34,39
data/processed/train/genuine/original_34_15.png,data/processed/train/forged/forgeries_34_10.png,0,skilled_forgery,34,34
data/processed/train/genuine/original_11_20.png,data/processed/train/forged/forgeries_11_19.png,0,skilled_forgery,11,11
data/processed/train/genuine/original_26_16.png,data/processed/train/genuine/original_26_17.png,1,genuine_genuine,26,26
data/processed/train/genuine/original_16_13.png,data/processed/train/genuine/original_16_17.png,1,genuine_genuine,16,16
data/processed/train/genuine/original_10_22.png,data/processed/train/genuine/original_10_6.png,1,genuine_genuine,10,10
data/processed/validation/genuine/original_40_10.png,data/processed/validation/genuine/original_40_23.png,1,genuine_genuine,40,40
data/processed/train/genuine/original_34_14.png,data/processed/train/forged/forgeries_34_11.png,0,skilled_forgery,34,34
data/processed/train/genuine/original_23_11.png,data/processed/train/forged/forgeries_23_18.png,0,skilled_forgery,23,23
data/processed/train/genuine/original_14_11.png,data/processed/train/genuine/original_14_8.png,1,genuine_genuine,14,14
data/processed/train/genuine/original_33_13.png,data/processed/train/genuine/original_33_4.png,1,genuine_genuine,33,33
data/processed/train/genuine/original_17_24.png,data/processed/train/genuine/original_17_8.png,1,genuine_genuine,17,17
data/processed/validation/genuine/original_37_16.png,data/processed/validation/forged/forgeries_37_5.png,0,skilled_forgery,37,37
data/processed/train/genuine/original_31_5.png,data/processed/train/genuine/original_13_9.png,0,random_forgery,31,13
data/processed/train/genuine/original_11_11.png,data/processed/train/genuine/original_11_7.png,1,genuine_genuine,11,11
data/processed/train/genuine/original_10_11.png,data/processed/train/genuine/original_10_13.png,1,genuine_genuine,10,10
data/processed/train/genuine/original_24_11.png,data/processed/train/genuine/original_24_6.png,1,genuine_genuine,24,24
data/processed/train/genuine/original_28_2.png,data/processed/train/genuine/original_28_6.png,1,genuine_genuine,28,28
data/processed/validation/genuine/original_38_14.png,data/processed/validation/forged/forgeries_38_10.png,0,skilled_forgery,38,38
data/processed/train/genuine/original_31_3.png,data/processed/train/genuine/original_31_4.png,1,genuine_genuine,31,31
data/processed/train/genuine/original_23_22.png,data/processed/train/genuine/original_16_21.png,0,random_forgery,23,16
data/processed/validation/genuine/original_44_8.png,data/processed/validation/forged/forgeries_44_20.png,0,skilled_forgery,44,44
data/processed/train/genuine/original_33_23.png,data/processed/train/genuine/original_33_7.png,1,genuine_genuine,33,33
data/processed/train/genuine/original_15_19.png,data/processed/train/genuine/original_15_24.png,1,genuine_genuine,15,15
data/processed/validation/genuine/original_36_10.png,data/processed/validation/genuine/original_36_7.png,1,genuine_genuine,36,36
data/processed/validation/genuine/original_44_15.png,data/processed/validation/forged/forgeries_44_23.png,0,skilled_forgery,44,44
data/processed/train/genuine/original_21_10.png,data/processed/train/genuine/original_33_21.png,0,random_forgery,21,33
data/processed/train/genuine/original_29_10.png,data/processed/train/forged/forgeries_29_6.png,0,skilled_forgery,29,29
data/processed/train/genuine/original_24_12.png,data/processed/train/forged/forgeries_24_16.png,0,skilled_forgery,24,24
data/processed/train/genuine/original_23_1.png,data/processed/train/genuine/original_23_4.png,1,genuine_genuine,23,23
data/processed/train/genuine/original_17_9.png,data/processed/train/forged/forgeries_17_6.png,0,skilled_forgery,17,17
data/processed/train/genuine/original_22_15.png,data/processed/train/genuine/original_22_23.png,1,genuine_genuine,22,22
data/processed/train/genuine/original_31_6.png,data/processed/train/forged/forgeries_31_20.png,0,skilled_forgery,31,31
data/processed/train/genuine/original_12_1.png,data/processed/train/genuine/original_12_14.png,1,genuine_genuine,12,12
data/processed/validation/genuine/original_38_13.png,data/processed/validation/genuine/original_38_8.png,1,genuine_genuine,38,38
data/processed/validation/genuine/original_44_11.png,data/processed/validation/forged/forgeries_44_23.png,0,skilled_forgery,44,44
data/processed/validation/genuine/original_43_10.png,data/processed/validation/genuine/original_43_13.png,1,genuine_genuine,43,43
data/processed/validation/genuine/original_36_12.png,data/processed/validation/genuine/original_36_5.png,1,genuine_genuine,36,36
data/processed/train/genuine/original_29_3.png,data/processed/train/genuine/original_29_9.png,1,genuine_genuine,29,29
data/processed/train/genuine/original_33_18.png,data/processed/train/genuine/original_33_7.png,1,genuine_genuine,33,33
data/processed/validation/genuine/original_43_4.png,data/processed/train/genuine/original_22_11.png,0,random_forgery,43,22
data/processed/validation/genuine/original_42_21.png,data/processed/train/genuine/original_13_7.png,0,random_forgery,42,13
data/processed/validation/genuine/original_37_14.png,data/processed/validation/genuine/original_37_4.png,1,genuine_genuine,37,37
data/processed/train/genuine/original_34_16.png,data/processed/train/genuine/original_34_23.png,1,genuine_genuine,34,34
data/processed/train/genuine/original_13_20.png,data/processed/train/genuine/original_13_22.png,1,genuine_genuine,13,13
data/processed/train/genuine/original_12_2.png,data/processed/train/genuine/original_12_23.png,1,genuine_genuine,12,12
data/processed/train/genuine/original_22_14.png,data/processed/train/genuine/original_22_23.png,1,genuine_genuine,22,22
data/processed/validation/genuine/original_38_2.png,data/processed/validation/genuine/original_38_9.png,1,genuine_genuine,38,38
data/processed/train/genuine/original_13_18.png,data/processed/train/genuine/original_13_8.png,1,genuine_genuine,13,13
data/processed/train/genuine/original_13_12.png,data/processed/train/forged/forgeries_13_5.png,0,skilled_forgery,13,13
data/processed/train/genuine/original_11_18.png,data/processed/train/genuine/original_11_8.png,1,genuine_genuine,11,11
data/processed/train/genuine/original_13_3.png,data/processed/train/forged/forgeries_13_4.png,0,skilled_forgery,13,13
data/processed/train/genuine/original_23_10.png,data/processed/train/genuine/original_23_21.png,1,genuine_genuine,23,23
data/processed/train/genuine/original_25_14.png,data/processed/train/forged/forgeries_25_6.png,0,skilled_forgery,25,25
data/processed/train/genuine/original_33_6.png,data/processed/train/forged/forgeries_33_24.png,0,skilled_forgery,33,33
data/processed/train/genuine/original_31_4.png,data/processed/train/forged/forgeries_31_5.png,0,skilled_forgery,31,31
data/processed/train/genuine/original_35_23.png,data/processed/train/forged/forgeries_35_22.png,0,skilled_forgery,35,35
data/processed/train/genuine/original_12_9.png,data/processed/validation/genuine/original_44_17.png,0,random_forgery,12,44
data/processed/validation/genuine/original_39_16.png,data/processed/validation/forged/forgeries_39_3.png,0,skilled_forgery,39,39
data/processed/train/genuine/original_15_15.png,data/processed/train/genuine/original_15_9.png,1,genuine_genuine,15,15
data/processed/train/genuine/original_19_3.png,data/processed/train/forged/forgeries_19_24.png,0,skilled_forgery,19,19
data/processed/train/genuine/original_18_23.png,data/processed/train/genuine/original_18_4.png,1,genuine_genuine,18,18
data/processed/train/genuine/original_26_10.png,data/processed/train/genuine/original_26_6.png,1,genuine_genuine,26,26
data/processed/train/genuine/original_18_22.png,data/processed/train/forged/forgeries_18_8.png,0,skilled_forgery,18,18
data/processed/validation/genuine/original_38_7.png,data/processed/train/genuine/original_18_4.png,0,random_forgery,38,18
data/processed/train/genuine/original_32_20.png,data/processed/train/genuine/original_32_3.png,1,genuine_genuine,32,32
data/processed/train/genuine/original_25_16.png,data/processed/validation/genuine/original_40_7.png,0,random_forgery,25,40
data/processed/validation/genuine/original_41_16.png,data/processed/train/genuine/original_20_9.png,0,random_forgery,41,20
data/processed/train/genuine/original_20_2.png,data/processed/train/forged/forgeries_20_12.png,0,skilled_forgery,20,20
data/processed/train/genuine/original_26_12.png,data/processed/validation/genuine/original_44_11.png,0,random_forgery,26,44
data/processed/train/genuine/original_10_1.png,data/processed/train/genuine/original_10_2.png,1,genuine_genuine,10,10
data/processed/train/genuine/original_21_4.png,data/processed/train/forged/forgeries_21_17.png,0,skilled_forgery,21,21
data/processed/validation/genuine/original_44_19.png,data/processed/validation/genuine/original_44_8.png,1,genuine_genuine,44,44
data/processed/train/genuine/original_24_12.png,data/processed/train/genuine/original_24_16.png,1,genuine_genuine,24,24
data/processed/train/genuine/original_22_18.png,data/processed/train/genuine/original_35_7.png,0,random_forgery,22,35
data/processed/validation/genuine/original_38_12.png,data/processed/validation/genuine/original_38_4.png,1,genuine_genuine,38,38
data/processed/train/genuine/original_15_1.png,data/processed/train/genuine/original_15_8.png,1,genuine_genuine,15,15
data/processed/train/genuine/original_26_21.png,data/processed/train/genuine/original_26_22.png,1,genuine_genuine,26,26
data/processed/validation/genuine/original_44_20.png,data/processed/validation/genuine/original_44_22.png,1,genuine_genuine,44,44
data/processed/train/genuine/original_20_17.png,data/processed/train/forged/forgeries_20_5.png,0,skilled_forgery,20,20
data/processed/train/genuine/original_32_19.png,data/processed/train/forged/forgeries_32_7.png,0,skilled_forgery,32,32
data/processed/train/genuine/original_16_18.png,data/processed/train/genuine/original_16_9.png,1,genuine_genuine,16,16
data/processed/train/genuine/original_20_1.png,data/processed/train/genuine/original_20_5.png,1,genuine_genuine,20,20
data/processed/train/genuine/original_13_19.png,data/processed/train/genuine/original_13_22.png,1,genuine_genuine,13,13
data/processed/validation/genuine/original_44_21.png,data/processed/validation/forged/forgeries_44_19.png,0,skilled_forgery,44,44
data/processed/train/genuine/original_12_9.png,data/processed/train/genuine/original_18_23.png,0,random_forgery,12,18
data/processed/validation/genuine/original_43_6.png,data/processed/validation/forged/forgeries_43_14.png,0,skilled_forgery,43,43
data/processed/train/genuine/original_19_15.png,data/processed/train/genuine/original_19_23.png,1,genuine_genuine,19,19
data/processed/train/genuine/original_16_4.png,data/processed/train/forged/forgeries_16_19.png,0,skilled_forgery,16,16
data/processed/train/genuine/original_25_10.png,data/processed/train/forged/forgeries_25_24.png,0,skilled_forgery,25,25
data/processed/validation/genuine/original_44_1.png,data/processed/validation/genuine/original_44_7.png,1,genuine_genuine,44,44
data/processed/train/genuine/original_20_23.png,data/processed/train/genuine/original_20_4.png,1,genuine_genuine,20,20
data/processed/validation/genuine/original_37_10.png,data/processed/validation/genuine/original_37_20.png,1,genuine_genuine,37,37
data/processed/validation/genuine/original_42_7.png,data/processed/validation/forged/forgeries_42_9.png,0,skilled_forgery,42,42
data/processed/train/genuine/original_30_23.png,data/processed/train/genuine/original_30_3.png,1,genuine_genuine,30,30
data/processed/train/genuine/original_18_11.png,data/processed/train/genuine/original_18_23.png,1,genuine_genuine,18,18
data/processed/train/genuine/original_13_19.png,data/processed/train/forged/forgeries_13_5.png,0,skilled_forgery,13,13
data/processed/train/genuine/original_34_7.png,data/processed/train/forged/forgeries_34_24.png,0,skilled_forgery,34,34
data/processed/train/genuine/original_24_5.png,data/processed/train/genuine/original_17_5.png,0,random_forgery,24,17
data/processed/train/genuine/original_20_16.png,data/processed/train/genuine/original_14_12.png,0,random_forgery,20,14
data/processed/train/genuine/original_10_10.png,data/processed/train/genuine/original_15_14.png,0,random_forgery,10,15
data/processed/train/genuine/original_15_6.png,data/processed/train/forged/forgeries_15_19.png,0,skilled_forgery,15,15
data/processed/train/genuine/original_35_12.png,data/processed/train/genuine/original_35_13.png,1,genuine_genuine,35,35
data/processed/validation/genuine/original_44_17.png,data/processed/validation/forged/forgeries_44_3.png,0,skilled_forgery,44,44
data/processed/train/genuine/original_14_15.png,data/processed/train/genuine/original_14_16.png,1,genuine_genuine,14,14
data/processed/train/genuine/original_32_6.png,data/processed/train/genuine/original_32_9.png,1,genuine_genuine,32,32
data/processed/train/genuine/original_21_18.png,data/processed/train/forged/forgeries_21_21.png,0,skilled_forgery,21,21
data/processed/train/genuine/original_35_12.png,data/processed/train/forged/forgeries_35_10.png,0,skilled_forgery,35,35
data/processed/validation/genuine/original_42_18.png,data/processed/validation/forged/forgeries_42_10.png,0,skilled_forgery,42,42
data/processed/validation/genuine/original_40_3.png,data/processed/train/genuine/original_13_5.png,0,random_forgery,40,13
data/processed/train/genuine/original_20_13.png,data/processed/train/genuine/original_20_5.png,1,genuine_genuine,20,20
data/processed/validation/genuine/original_37_13.png,data/processed/validation/forged/forgeries_37_12.png,0,skilled_forgery,37,37
data/processed/train/genuine/original_13_2.png,data/processed/train/genuine/original_13_20.png,1,genuine_genuine,13,13
data/processed/validation/genuine/original_41_18.png,data/processed/train/genuine/original_23_14.png,0,random_forgery,41,23
data/processed/validation/genuine/original_45_23.png,data/processed/train/genuine/original_27_4.png,0,random_forgery,45,27
data/processed/validation/genuine/original_39_13.png,data/processed/validation/genuine/original_39_9.png,1,genuine_genuine,39,39
data/processed/train/genuine/original_34_12.png,data/processed/train/genuine/original_12_1.png,0,random_forgery,34,12
data/processed/train/genuine/original_10_10.png,data/processed/train/forged/forgeries_10_1.png,0,skilled_forgery,10,10
data/processed/train/genuine/original_18_22.png,data/processed/validation/genuine/original_43_7.png,0,random_forgery,18,43
data/processed/train/genuine/original_28_14.png,data/processed/train/genuine/original_28_18.png,1,genuine_genuine,28,28
data/processed/validation/genuine/original_38_14.png,data/processed/train/genuine/original_26_6.png,0,random_forgery,38,26
data/processed/train/genuine/original_20_9.png,data/processed/train/forged/forgeries_20_9.png,0,skilled_forgery,20,20
data/processed/validation/genuine/original_44_17.png,data/processed/validation/genuine/original_44_23.png,1,genuine_genuine,44,44
data/processed/validation/genuine/original_45_20.png,data/processed/validation/genuine/original_45_4.png,1,genuine_genuine,45,45
data/processed/train/genuine/original_10_13.png,data/processed/train/forged/forgeries_10_18.png,0,skilled_forgery,10,10
data/processed/validation/genuine/original_41_5.png,data/processed/validation/forged/forgeries_41_18.png,0,skilled_forgery,41,41
data/processed/train/genuine/original_27_19.png,data/processed/train/genuine/original_33_11.png,0,random_forgery,27,33
data/processed/train/genuine/original_26_11.png,data/processed/train/genuine/original_26_21.png,1,genuine_genuine,26,26
data/processed/train/genuine/original_22_8.png,data/processed/train/forged/forgeries_22_20.png,0,skilled_forgery,22,22
data/processed/train/genuine/original_10_2.png,data/processed/train/genuine/original_10_23.png,1,genuine_genuine,10,10
data/processed/train/genuine/original_33_22.png,data/processed/train/genuine/original_33_8.png,1,genuine_genuine,33,33
data/processed/validation/genuine/original_41_1.png,data/processed/validation/genuine/original_41_2.png,1,genuine_genuine,41,41
data/processed/validation/genuine/original_36_10.png,data/processed/validation/forged/forgeries_36_21.png,0,skilled_forgery,36,36
data/processed/train/genuine/original_34_18.png,data/processed/train/forged/forgeries_34_2.png,0,skilled_forgery,34,34
data/processed/train/genuine/original_29_7.png,data/processed/validation/genuine/original_38_19.png,0,random_forgery,29,38
data/processed/train/genuine/original_13_12.png,data/processed/train/genuine/original_13_6.png,1,genuine_genuine,13,13
data/processed/train/genuine/original_29_15.png,data/processed/train/forged/forgeries_29_11.png,0,skilled_forgery,29,29
data/processed/train/genuine/original_13_16.png,data/processed/train/forged/forgeries_13_10.png,0,skilled_forgery,13,13
data/processed/train/genuine/original_16_13.png,data/processed/train/genuine/original_16_18.png,1,genuine_genuine,16,16
data/processed/train/genuine/original_20_14.png,data/processed/train/genuine/original_21_1.png,0,random_forgery,20,21
data/processed/train/genuine/original_29_5.png,data/processed/train/genuine/original_29_6.png,1,genuine_genuine,29,29
data/processed/train/genuine/original_34_23.png,data/processed/train/forged/forgeries_34_15.png,0,skilled_forgery,34,34
data/processed/train/genuine/original_12_8.png,data/processed/train/genuine/original_26_5.png,0,random_forgery,12,26
data/processed/train/genuine/original_19_22.png,data/processed/train/genuine/original_19_8.png,1,genuine_genuine,19,19
data/processed/validation/genuine/original_36_10.png,data/processed/validation/genuine/original_36_22.png,1,genuine_genuine,36,36
data/processed/train/genuine/original_22_11.png,data/processed/train/genuine/original_16_12.png,0,random_forgery,22,16
data/processed/train/genuine/original_18_16.png,data/processed/train/forged/forgeries_18_4.png,0,skilled_forgery,18,18
data/processed/train/genuine/original_16_23.png,data/processed/validation/genuine/original_42_3.png,0,random_forgery,16,42
data/processed/validation/genuine/original_37_16.png,data/processed/validation/genuine/original_37_8.png,1,genuine_genuine,37,37
data/processed/train/genuine/original_32_10.png,data/processed/train/genuine/original_32_19.png,1,genuine_genuine,32,32
data/processed/train/genuine/original_29_20.png,data/processed/train/genuine/original_29_7.png,1,genuine_genuine,29,29
data/processed/train/genuine/original_12_17.png,data/processed/train/genuine/original_12_2.png,1,genuine_genuine,12,12
data/processed/train/genuine/original_12_15.png,data/processed/train/genuine/original_12_20.png,1,genuine_genuine,12,12
data/processed/train/genuine/original_13_16.png,data/processed/train/genuine/original_13_23.png,1,genuine_genuine,13,13
data/processed/train/genuine/original_27_2.png,data/processed/train/forged/forgeries_27_7.png,0,skilled_forgery,27,27
data/processed/train/genuine/original_13_7.png,data/processed/train/genuine/original_13_9.png,1,genuine_genuine,13,13
data/processed/train/genuine/original_19_22.png,data/processed/train/forged/forgeries_19_14.png,0,skilled_forgery,19,19
data/processed/train/genuine/original_34_24.png,data/processed/train/forged/forgeries_34_12.png,0,skilled_forgery,34,34
data/processed/train/genuine/original_26_12.png,data/processed/train/genuine/original_26_22.png,1,genuine_genuine,26,26
data/processed/train/genuine/original_35_20.png,data/processed/train/genuine/original_35_5.png,1,genuine_genuine,35,35
data/processed/train/genuine/original_24_12.png,data/processed/train/genuine/original_24_7.png,1,genuine_genuine,24,24
data/processed/validation/genuine/original_36_12.png,data/processed/validation/genuine/original_36_17.png,1,genuine_genuine,36,36
data/processed/train/genuine/original_34_14.png,data/processed/train/forged/forgeries_34_21.png,0,skilled_forgery,34,34
data/processed/train/genuine/original_21_23.png,data/processed/validation/genuine/original_41_24.png,0,random_forgery,21,41
data/processed/train/genuine/original_15_3.png,data/processed/validation/genuine/original_44_9.png,0,random_forgery,15,44
data/processed/train/genuine/original_11_23.png,data/processed/train/genuine/original_11_8.png,1,genuine_genuine,11,11
data/processed/train/genuine/original_30_2.png,data/processed/train/genuine/original_30_20.png,1,genuine_genuine,30,30
data/processed/validation/genuine/original_43_7.png,data/processed/validation/forged/forgeries_43_5.png,0,skilled_forgery,43,43
data/processed/train/genuine/original_16_24.png,data/processed/train/genuine/original_26_3.png,0,random_forgery,16,26
data/processed/train/genuine/original_25_2.png,data/processed/train/genuine/original_25_23.png,1,genuine_genuine,25,25
data/processed/train/genuine/original_17_16.png,data/processed/train/forged/forgeries_17_2.png,0,skilled_forgery,17,17
data/processed/train/genuine/original_27_24.png,data/processed/train/genuine/original_27_6.png,1,genuine_genuine,27,27
data/processed/train/genuine/original_35_11.png,data/processed/train/genuine/original_35_16.png,1,genuine_genuine,35,35
data/processed/validation/genuine/original_45_10.png,data/processed/validation/genuine/original_45_24.png,1,genuine_genuine,45,45
data/processed/validation/genuine/original_39_19.png,data/processed/validation/genuine/original_39_6.png,1,genuine_genuine,39,39
data/processed/validation/genuine/original_42_3.png,data/processed/train/genuine/original_20_11.png,0,random_forgery,42,20
data/processed/validation/genuine/original_43_22.png,data/processed/train/genuine/original_17_12.png,0,random_forgery,43,17
data/processed/train/genuine/original_16_15.png,data/processed/train/forged/forgeries_16_24.png,0,skilled_forgery,16,16
data/processed/train/genuine/original_14_8.png,data/processed/train/forged/forgeries_14_7.png,0,skilled_forgery,14,14
data/processed/validation/genuine/original_38_2.png,data/processed/validation/genuine/original_38_7.png,1,genuine_genuine,38,38
data/processed/train/genuine/original_21_10.png,data/processed/train/genuine/original_21_15.png,1,genuine_genuine,21,21
data/processed/train/genuine/original_29_24.png,data/processed/train/genuine/original_10_16.png,0,random_forgery,29,10
data/processed/train/genuine/original_29_1.png,data/processed/train/genuine/original_29_22.png,1,genuine_genuine,29,29
data/processed/train/genuine/original_28_16.png,data/processed/train/genuine/original_28_6.png,1,genuine_genuine,28,28
data/processed/train/genuine/original_21_18.png,data/processed/train/forged/forgeries_21_18.png,0,skilled_forgery,21,21
data/processed/train/genuine/original_10_13.png,data/processed/train/genuine/original_10_9.png,1,genuine_genuine,10,10
data/processed/validation/genuine/original_36_5.png,data/processed/validation/genuine/original_36_7.png,1,genuine_genuine,36,36
data/processed/train/genuine/original_35_19.png,data/processed/train/forged/forgeries_35_12.png,0,skilled_forgery,35,35
data/processed/train/genuine/original_28_18.png,data/processed/train/forged/forgeries_28_18.png,0,skilled_forgery,28,28
data/processed/train/genuine/original_17_1.png,data/processed/train/genuine/original_21_23.png,0,random_forgery,17,21
data/processed/train/genuine/original_27_15.png,data/processed/train/genuine/original_27_5.png,1,genuine_genuine,27,27
data/processed/validation/genuine/original_40_10.png,data/processed/validation/genuine/original_40_4.png,1,genuine_genuine,40,40
data/processed/train/genuine/original_33_21.png,data/processed/train/genuine/original_33_5.png,1,genuine_genuine,33,33
data/processed/train/genuine/original_17_16.png,data/processed/train/forged/forgeries_17_22.png,0,skilled_forgery,17,17
data/processed/validation/genuine/original_41_18.png,data/processed/validation/genuine/original_41_5.png,1,genuine_genuine,41,41
data/processed/train/genuine/original_10_7.png,data/processed/train/forged/forgeries_10_6.png,0,skilled_forgery,10,10
data/processed/train/genuine/original_24_24.png,data/processed/train/genuine/original_14_9.png,0,random_forgery,24,14
data/processed/train/genuine/original_20_23.png,data/processed/train/genuine/original_20_9.png,1,genuine_genuine,20,20
data/processed/validation/genuine/original_42_19.png,data/processed/validation/genuine/original_37_10.png,0,random_forgery,42,37
data/processed/train/genuine/original_21_10.png,data/processed/train/genuine/original_21_6.png,1,genuine_genuine,21,21
data/processed/train/genuine/original_26_16.png,data/processed/train/genuine/original_26_18.png,1,genuine_genuine,26,26
data/processed/validation/genuine/original_36_10.png,data/processed/validation/genuine/original_36_23.png,1,genuine_genuine,36,36
data/processed/validation/genuine/original_37_7.png,data/processed/validation/forged/forgeries_37_20.png,0,skilled_forgery,37,37
data/processed/validation/genuine/original_42_15.png,data/processed/validation/genuine/original_42_4.png,1,genuine_genuine,42,42
data/processed/train/genuine/original_14_22.png,data/processed/train/genuine/original_14_8.png,1,genuine_genuine,14,14
data/processed/train/genuine/original_24_16.png,data/processed/train/genuine/original_24_18.png,1,genuine_genuine,24,24
data/processed/train/genuine/original_24_5.png,data/processed/train/genuine/original_24_9.png,1,genuine_genuine,24,24
data/processed/validation/genuine/original_37_22.png,data/processed/validation/genuine/original_37_7.png,1,genuine_genuine,37,37
data/processed/validation/genuine/original_36_23.png,data/processed/validation/forged/forgeries_36_19.png,0,skilled_forgery,36,36
data/processed/train/genuine/original_11_17.png,data/processed/train/genuine/original_19_10.png,0,random_forgery,11,19
data/processed/train/genuine/original_17_11.png,data/processed/train/genuine/original_17_4.png,1,genuine_genuine,17,17
data/processed/validation/genuine/original_43_15.png,data/processed/validation/genuine/original_43_24.png,1,genuine_genuine,43,43
data/processed/train/genuine/original_18_14.png,data/processed/validation/genuine/original_44_4.png,0,random_forgery,18,44
data/processed/train/genuine/original_31_1.png,data/processed/train/genuine/original_12_5.png,0,random_forgery,31,12
data/processed/train/genuine/original_27_13.png,data/processed/train/genuine/original_27_20.png,1,genuine_genuine,27,27
data/processed/train/genuine/original_19_18.png,data/processed/train/genuine/original_19_2.png,1,genuine_genuine,19,19
data/processed/train/genuine/original_32_20.png,data/processed/train/genuine/original_16_13.png,0,random_forgery,32,16
data/processed/train/genuine/original_14_19.png,data/processed/train/genuine/original_14_4.png,1,genuine_genuine,14,14
data/processed/train/genuine/original_23_2.png,data/processed/train/forged/forgeries_23_18.png,0,skilled_forgery,23,23
data/processed/train/genuine/original_15_3.png,data/processed/train/genuine/original_27_4.png,0,random_forgery,15,27
data/processed/train/genuine/original_10_11.png,data/processed/train/genuine/original_30_16.png,0,random_forgery,10,30
data/processed/validation/genuine/original_39_24.png,data/processed/validation/forged/forgeries_39_1.png,0,skilled_forgery,39,39
data/processed/train/genuine/original_13_24.png,data/processed/train/genuine/original_13_3.png,1,genuine_genuine,13,13
data/processed/train/genuine/original_20_1.png,data/processed/train/genuine/original_20_12.png,1,genuine_genuine,20,20
data/processed/validation/genuine/original_45_9.png,data/processed/validation/forged/forgeries_45_15.png,0,skilled_forgery,45,45
data/processed/train/genuine/original_10_15.png,data/processed/train/genuine/original_10_23.png,1,genuine_genuine,10,10
data/processed/train/genuine/original_29_13.png,data/processed/train/forged/forgeries_29_5.png,0,skilled_forgery,29,29
data/processed/train/genuine/original_15_15.png,data/processed/train/genuine/original_15_5.png,1,genuine_genuine,15,15
data/processed/train/genuine/original_26_7.png,data/processed/train/forged/forgeries_26_20.png,0,skilled_forgery,26,26
data/processed/train/genuine/original_11_12.png,data/processed/train/forged/forgeries_11_18.png,0,skilled_forgery,11,11
data/processed/train/genuine/original_17_11.png,data/processed/train/genuine/original_17_24.png,1,genuine_genuine,17,17
data/processed/train/genuine/original_11_11.png,data/processed/train/genuine/original_11_21.png,1,genuine_genuine,11,11
data/processed/train/genuine/original_20_2.png,data/processed/train/genuine/original_20_4.png,1,genuine_genuine,20,20
data/processed/train/genuine/original_31_9.png,data/processed/train/forged/forgeries_31_2.png,0,skilled_forgery,31,31
data/processed/train/genuine/original_34_4.png,data/processed/train/forged/forgeries_34_7.png,0,skilled_forgery,34,34
data/processed/validation/genuine/original_38_3.png,data/processed/validation/forged/forgeries_38_18.png,0,skilled_forgery,38,38
data/processed/train/genuine/original_19_6.png,data/processed/train/genuine/original_19_7.png,1,genuine_genuine,19,19
data/processed/train/genuine/original_16_15.png,data/processed/train/genuine/original_16_21.png,1,genuine_genuine,16,16
data/processed/train/genuine/original_32_16.png,data/processed/train/genuine/original_32_2.png,1,genuine_genuine,32,32
data/processed/validation/genuine/original_43_17.png,data/processed/validation/genuine/original_43_3.png,1,genuine_genuine,43,43
data/processed/train/genuine/original_29_16.png,data/processed/train/genuine/original_29_23.png,1,genuine_genuine,29,29
data/processed/train/genuine/original_21_7.png,data/processed/train/forged/forgeries_21_3.png,0,skilled_forgery,21,21
data/processed/train/genuine/original_20_10.png,data/processed/train/genuine/original_20_24.png,1,genuine_genuine,20,20
data/processed/train/genuine/original_31_12.png,data/processed/train/forged/forgeries_31_8.png,0,skilled_forgery,31,31
data/processed/train/genuine/original_23_12.png,data/processed/train/genuine/original_23_18.png,1,genuine_genuine,23,23
data/processed/train/genuine/original_27_19.png,data/processed/train/genuine/original_27_9.png,1,genuine_genuine,27,27
data/processed/validation/genuine/original_42_8.png,data/processed/validation/forged/forgeries_42_4.png,0,skilled_forgery,42,42
data/processed/train/genuine/original_29_20.png,data/processed/train/genuine/original_26_17.png,0,random_forgery,29,26
data/processed/train/genuine/original_28_22.png,data/processed/train/genuine/original_28_24.png,1,genuine_genuine,28,28
data/processed/train/genuine/original_26_15.png,data/processed/train/forged/forgeries_26_12.png,0,skilled_forgery,26,26
data/processed/train/genuine/original_10_22.png,data/processed/train/genuine/original_10_3.png,1,genuine_genuine,10,10
data/processed/train/genuine/original_31_16.png,data/processed/train/genuine/original_31_22.png,1,genuine_genuine,31,31
data/processed/train/genuine/original_13_5.png,data/processed/train/forged/forgeries_13_10.png,0,skilled_forgery,13,13
data/processed/validation/genuine/original_43_21.png,data/processed/validation/genuine/original_43_8.png,1,genuine_genuine,43,43
data/processed/train/genuine/original_12_15.png,data/processed/train/genuine/original_12_17.png,1,genuine_genuine,12,12
data/processed/train/genuine/original_33_24.png,data/processed/train/forged/forgeries_33_1.png,0,skilled_forgery,33,33
data/processed/validation/genuine/original_44_19.png,data/processed/train/genuine/original_16_20.png,0,random_forgery,44,16
data/processed/validation/genuine/original_45_2.png,data/processed/validation/forged/forgeries_45_22.png,0,skilled_forgery,45,45
data/processed/train/genuine/original_15_8.png,data/processed/train/forged/forgeries_15_14.png,0,skilled_forgery,15,15
data/processed/validation/genuine/original_43_1.png,data/processed/train/genuine/original_12_23.png,0,random_forgery,43,12
data/processed/train/genuine/original_17_1.png,data/processed/train/genuine/original_17_2.png,1,genuine_genuine,17,17
data/processed/train/genuine/original_22_11.png,data/processed/train/genuine/original_22_19.png,1,genuine_genuine,22,22
data/processed/train/genuine/original_30_15.png,data/processed/train/genuine/original_33_24.png,0,random_forgery,30,33
data/processed/train/genuine/original_12_22.png,data/processed/train/genuine/original_12_5.png,1,genuine_genuine,12,12
data/processed/train/genuine/original_20_1.png,data/processed/train/genuine/original_22_20.png,0,random_forgery,20,22
data/processed/train/genuine/original_14_14.png,data/processed/train/forged/forgeries_14_4.png,0,skilled_forgery,14,14
data/processed/validation/genuine/original_44_12.png,data/processed/validation/genuine/original_44_6.png,1,genuine_genuine,44,44
data/processed/train/genuine/original_20_12.png,data/processed/train/genuine/original_20_9.png,1,genuine_genuine,20,20
data/processed/train/genuine/original_26_17.png,data/processed/train/genuine/original_16_9.png,0,random_forgery,26,16
data/processed/validation/genuine/original_38_2.png,data/processed/validation/genuine/original_37_12.png,0,random_forgery,38,37
data/processed/train/genuine/original_13_15.png,data/processed/train/genuine/original_13_22.png,1,genuine_genuine,13,13
data/processed/train/genuine/original_11_10.png,data/processed/train/genuine/original_11_13.png,1,genuine_genuine,11,11
data/processed/train/genuine/original_19_9.png,data/processed/validation/genuine/original_44_16.png,0,random_forgery,19,44
data/processed/train/genuine/original_25_14.png,data/processed/train/genuine/original_29_14.png,0,random_forgery,25,29
data/processed/train/genuine/original_31_18.png,data/processed/train/genuine/original_31_19.png,1,genuine_genuine,31,31
data/processed/train/genuine/original_21_10.png,data/processed/train/genuine/original_21_18.png,1,genuine_genuine,21,21
data/processed/train/genuine/original_23_14.png,data/processed/train/genuine/original_23_7.png,1,genuine_genuine,23,23
data/processed/train/genuine/original_18_17.png,data/processed/train/genuine/original_18_7.png,1,genuine_genuine,18,18
data/processed/train/genuine/original_28_13.png,data/processed/train/genuine/original_28_5.png,1,genuine_genuine,28,28
data/processed/train/genuine/original_34_10.png,data/processed/train/genuine/original_34_7.png,1,genuine_genuine,34,34
data/processed/train/genuine/original_34_5.png,data/processed/train/forged/forgeries_34_1.png,0,skilled_forgery,34,34
data/processed/train/genuine/original_20_14.png,data/processed/train/forged/forgeries_20_24.png,0,skilled_forgery,20,20
data/processed/train/genuine/original_13_16.png,data/processed/train/genuine/original_19_18.png,0,random_forgery,13,19
data/processed/train/genuine/original_22_18.png,data/processed/train/genuine/original_22_9.png,1,genuine_genuine,22,22
data/processed/train/genuine/original_35_6.png,data/processed/train/forged/forgeries_35_19.png,0,skilled_forgery,35,35
data/processed/train/genuine/original_30_7.png,data/processed/train/forged/forgeries_30_11.png,0,skilled_forgery,30,30
data/processed/train/genuine/original_34_14.png,data/processed/train/genuine/original_34_8.png,1,genuine_genuine,34,34
data/processed/train/genuine/original_17_16.png,data/processed/train/genuine/original_17_19.png,1,genuine_genuine,17,17
data/processed/train/genuine/original_25_1.png,data/processed/train/genuine/original_25_16.png,1,genuine_genuine,25,25
data/processed/train/genuine/original_25_14.png,data/processed/train/genuine/original_25_22.png,1,genuine_genuine,25,25
data/processed/validation/genuine/original_36_22.png,data/processed/validation/genuine/original_36_5.png,1,genuine_genuine,36,36
data/processed/validation/genuine/original_36_8.png,data/processed/train/genuine/original_13_1.png,0,random_forgery,36,13
data/processed/validation/genuine/original_38_3.png,data/processed/validation/forged/forgeries_38_7.png,0,skilled_forgery,38,38
data/processed/train/genuine/original_12_22.png,data/processed/train/forged/forgeries_12_14.png,0,skilled_forgery,12,12
data/processed/validation/genuine/original_41_24.png,data/processed/validation/genuine/original_41_7.png,1,genuine_genuine,41,41
data/processed/train/genuine/original_27_5.png,data/processed/train/genuine/original_27_8.png,1,genuine_genuine,27,27
data/processed/train/genuine/original_30_17.png,data/processed/train/genuine/original_30_20.png,1,genuine_genuine,30,30
data/processed/validation/genuine/original_39_2.png,data/processed/validation/genuine/original_39_21.png,1,genuine_genuine,39,39
data/processed/validation/genuine/original_45_16.png,data/processed/validation/genuine/original_45_4.png,1,genuine_genuine,45,45
data/processed/validation/genuine/original_43_23.png,data/processed/validation/genuine/original_43_5.png,1,genuine_genuine,43,43
data/processed/train/genuine/original_29_15.png,data/processed/train/forged/forgeries_29_7.png,0,skilled_forgery,29,29
data/processed/train/genuine/original_12_20.png,data/processed/train/genuine/original_24_16.png,0,random_forgery,12,24
data/processed/train/genuine/original_11_16.png,data/processed/validation/genuine/original_39_3.png,0,random_forgery,11,39
data/processed/train/genuine/original_26_17.png,data/processed/train/genuine/original_26_9.png,1,genuine_genuine,26,26
data/processed/validation/genuine/original_41_21.png,data/processed/validation/genuine/original_41_22.png,1,genuine_genuine,41,41
data/processed/train/genuine/original_34_19.png,data/processed/train/forged/forgeries_34_23.png,0,skilled_forgery,34,34
data/processed/train/genuine/original_27_10.png,data/processed/train/genuine/original_27_14.png,1,genuine_genuine,27,27
data/processed/train/genuine/original_29_2.png,data/processed/train/genuine/original_29_22.png,1,genuine_genuine,29,29
data/processed/train/genuine/original_13_18.png,data/processed/train/forged/forgeries_13_11.png,0,skilled_forgery,13,13
data/processed/train/genuine/original_35_10.png,data/processed/train/genuine/original_35_15.png,1,genuine_genuine,35,35
data/processed/validation/genuine/original_43_9.png,data/processed/train/genuine/original_33_3.png,0,random_forgery,43,33
data/processed/validation/genuine/original_39_14.png,data/processed/validation/genuine/original_39_3.png,1,genuine_genuine,39,39
data/processed/validation/genuine/original_37_1.png,data/processed/validation/genuine/original_37_16.png,1,genuine_genuine,37,37
data/processed/train/genuine/original_11_12.png,data/processed/train/genuine/original_11_13.png,1,genuine_genuine,11,11
data/processed/train/genuine/original_25_20.png,data/processed/train/genuine/original_25_4.png,1,genuine_genuine,25,25
data/processed/validation/genuine/original_43_23.png,data/processed/validation/genuine/original_43_9.png,1,genuine_genuine,43,43
data/processed/train/genuine/original_30_16.png,data/processed/train/genuine/original_30_18.png,1,genuine_genuine,30,30
data/processed/train/genuine/original_31_22.png,data/processed/train/forged/forgeries_31_5.png,0,skilled_forgery,31,31
data/processed/validation/genuine/original_43_11.png,data/processed/validation/genuine/original_43_20.png,1,genuine_genuine,43,43
data/processed/train/genuine/original_26_17.png,data/processed/train/forged/forgeries_26_2.png,0,skilled_forgery,26,26
data/processed/train/genuine/original_17_13.png,data/processed/train/genuine/original_17_20.png,1,genuine_genuine,17,17
data/processed/train/genuine/original_21_12.png,data/processed/train/genuine/original_21_13.png,1,genuine_genuine,21,21
data/processed/train/genuine/original_13_15.png,data/processed/train/forged/forgeries_13_4.png,0,skilled_forgery,13,13
data/processed/train/genuine/original_34_8.png,data/processed/train/genuine/original_21_11.png,0,random_forgery,34,21
data/processed/train/genuine/original_10_1.png,data/processed/train/genuine/original_10_13.png,1,genuine_genuine,10,10
data/processed/validation/genuine/original_38_17.png,data/processed/validation/genuine/original_38_2.png,1,genuine_genuine,38,38
data/processed/train/genuine/original_14_19.png,data/processed/train/genuine/original_14_6.png,1,genuine_genuine,14,14
data/processed/validation/genuine/original_41_19.png,data/processed/validation/genuine/original_41_4.png,1,genuine_genuine,41,41
data/processed/train/genuine/original_24_2.png,data/processed/train/genuine/original_24_21.png,1,genuine_genuine,24,24
data/processed/train/genuine/original_34_23.png,data/processed/train/genuine/original_19_7.png,0,random_forgery,34,19
data/processed/validation/genuine/original_42_15.png,data/processed/validation/forged/forgeries_42_11.png,0,skilled_forgery,42,42
data/processed/train/genuine/original_12_4.png,data/processed/train/forged/forgeries_12_23.png,0,skilled_forgery,12,12
data/processed/validation/genuine/original_38_7.png,data/processed/validation/genuine/original_38_8.png,1,genuine_genuine,38,38
data/processed/train/genuine/original_10_19.png,data/processed/train/forged/forgeries_10_24.png,0,skilled_forgery,10,10
data/processed/train/genuine/original_30_6.png,data/processed/train/forged/forgeries_30_11.png,0,skilled_forgery,30,30
data/processed/validation/genuine/original_43_8.png,data/processed/train/genuine/original_14_18.png,0,random_forgery,43,14
data/processed/train/genuine/original_32_24.png,data/processed/train/forged/forgeries_32_18.png,0,skilled_forgery,32,32
data/processed/validation/genuine/original_40_17.png,data/processed/validation/genuine/original_40_18.png,1,genuine_genuine,40,40
data/processed/train/genuine/original_12_10.png,data/processed/train/genuine/original_12_11.png,1,genuine_genuine,12,12
data/processed/train/genuine/original_32_3.png,data/processed/train/genuine/original_32_4.png,1,genuine_genuine,32,32
data/processed/train/genuine/original_16_24.png,data/processed/train/genuine/original_16_7.png,1,genuine_genuine,16,16
data/processed/train/genuine/original_12_1.png,data/processed/train/genuine/original_11_3.png,0,random_forgery,12,11
data/processed/train/genuine/original_12_6.png,data/processed/train/genuine/original_12_9.png,1,genuine_genuine,12,12
data/processed/validation/genuine/original_36_12.png,data/processed/validation/genuine/original_36_13.png,1,genuine_genuine,36,36
data/processed/train/genuine/original_26_17.png,data/processed/train/genuine/original_24_13.png,0,random_forgery,26,24
data/processed/validation/genuine/original_37_1.png,data/processed/validation/genuine/original_37_21.png,1,genuine_genuine,37,37
data/processed/train/genuine/original_11_22.png,data/processed/train/forged/forgeries_11_1.png,0,skilled_forgery,11,11
data/processed/train/genuine/original_26_14.png,data/processed/train/genuine/original_26_16.png,1,genuine_genuine,26,26
data/processed/train/genuine/original_31_9.png,data/processed/train/forged/forgeries_31_3.png,0,skilled_forgery,31,31
data/processed/train/genuine/original_34_6.png,data/processed/train/genuine/original_34_7.png,1,genuine_genuine,34,34
data/processed/train/genuine/original_12_16.png,data/processed/train/genuine/original_12_3.png,1,genuine_genuine,12,12
data/processed/validation/genuine/original_39_6.png,data/processed/validation/genuine/original_39_9.png,1,genuine_genuine,39,39
data/processed/train/genuine/original_14_14.png,data/processed/train/genuine/original_14_24.png,1,genuine_genuine,14,14
data/processed/train/genuine/original_23_12.png,data/processed/train/genuine/original_22_11.png,0,random_forgery,23,22
data/processed/train/genuine/original_13_12.png,data/processed/train/genuine/original_13_19.png,1,genuine_genuine,13,13
data/processed/train/genuine/original_17_8.png,data/processed/train/forged/forgeries_17_8.png,0,skilled_forgery,17,17
data/processed/train/genuine/original_26_19.png,data/processed/train/genuine/original_26_20.png,1,genuine_genuine,26,26
data/processed/validation/genuine/original_43_15.png,data/processed/validation/forged/forgeries_43_11.png,0,skilled_forgery,43,43
data/processed/train/genuine/original_14_15.png,data/processed/train/genuine/original_23_12.png,0,random_forgery,14,23
data/processed/train/genuine/original_11_5.png,data/processed/validation/genuine/original_42_3.png,0,random_forgery,11,42
data/processed/train/genuine/original_21_20.png,data/processed/train/forged/forgeries_21_11.png,0,skilled_forgery,21,21
data/processed/train/genuine/original_17_20.png,data/processed/train/genuine/original_17_22.png,1,genuine_genuine,17,17
data/processed/train/genuine/original_21_14.png,data/processed/train/genuine/original_21_8.png,1,genuine_genuine,21,21
data/processed/validation/genuine/original_42_14.png,data/processed/validation/genuine/original_42_6.png,1,genuine_genuine,42,42
data/processed/validation/genuine/original_42_1.png,data/processed/validation/genuine/original_42_2.png,1,genuine_genuine,42,42
data/processed/validation/genuine/original_40_16.png,data/processed/validation/genuine/original_40_3.png,1,genuine_genuine,40,40
data/processed/train/genuine/original_25_11.png,data/processed/train/genuine/original_29_1.png,0,random_forgery,25,29
data/processed/validation/genuine/original_40_4.png,data/processed/validation/genuine/original_40_7.png,1,genuine_genuine,40,40
data/processed/train/genuine/original_23_14.png,data/processed/train/genuine/original_26_24.png,0,random_forgery,23,26
data/processed/train/genuine/original_19_19.png,data/processed/train/forged/forgeries_19_24.png,0,skilled_forgery,19,19
data/processed/train/genuine/original_13_14.png,data/processed/train/forged/forgeries_13_12.png,0,skilled_forgery,13,13
data/processed/train/genuine/original_13_11.png,data/processed/train/forged/forgeries_13_14.png,0,skilled_forgery,13,13
data/processed/validation/genuine/original_41_9.png,data/processed/validation/forged/forgeries_41_9.png,0,skilled_forgery,41,41
data/processed/train/genuine/original_16_15.png,data/processed/train/genuine/original_16_24.png,1,genuine_genuine,16,16
data/processed/validation/genuine/original_45_22.png,data/processed/validation/forged/forgeries_45_24.png,0,skilled_forgery,45,45
data/processed/train/genuine/original_24_16.png,data/processed/train/genuine/original_24_20.png,1,genuine_genuine,24,24
data/processed/validation/genuine/original_40_15.png,data/processed/validation/genuine/original_40_22.png,1,genuine_genuine,40,40
data/processed/train/genuine/original_27_16.png,data/processed/train/genuine/original_27_9.png,1,genuine_genuine,27,27
data/processed/train/genuine/original_19_22.png,data/processed/train/forged/forgeries_19_21.png,0,skilled_forgery,19,19
data/processed/train/genuine/original_34_15.png,data/processed/train/forged/forgeries_34_6.png,0,skilled_forgery,34,34
data/processed/train/genuine/original_34_10.png,data/processed/validation/genuine/original_40_24.png,0,random_forgery,34,40
data/processed/train/genuine/original_11_8.png,data/processed/train/genuine/original_17_24.png,0,random_forgery,11,17
data/processed/train/genuine/original_19_5.png,data/processed/train/forged/forgeries_19_14.png,0,skilled_forgery,19,19
data/processed/train/genuine/original_15_1.png,data/processed/train/forged/forgeries_15_16.png,0,skilled_forgery,15,15
data/processed/validation/genuine/original_44_22.png,data/processed/validation/forged/forgeries_44_15.png,0,skilled_forgery,44,44
data/processed/train/genuine/original_32_11.png,data/processed/validation/genuine/original_36_6.png,0,random_forgery,32,36
data/processed/validation/genuine/original_41_12.png,data/processed/validation/genuine/original_41_9.png,1,genuine_genuine,41,41
data/processed/validation/genuine/original_45_12.png,data/processed/validation/genuine/original_45_13.png,1,genuine_genuine,45,45
data/processed/train/genuine/original_10_6.png,data/processed/train/genuine/original_27_4.png,0,random_forgery,10,27
data/processed/validation/genuine/original_41_19.png,data/processed/train/genuine/original_24_15.png,0,random_forgery,41,24
data/processed/train/genuine/original_29_11.png,data/processed/train/genuine/original_29_3.png,1,genuine_genuine,29,29
data/processed/train/genuine/original_10_13.png,data/processed/train/genuine/original_14_13.png,0,random_forgery,10,14
data/processed/train/genuine/original_19_4.png,data/processed/train/forged/forgeries_19_7.png,0,skilled_forgery,19,19
data/processed/train/genuine/original_15_22.png,data/processed/train/genuine/original_15_8.png,1,genuine_genuine,15,15
data/processed/train/genuine/original_33_22.png,data/processed/train/genuine/original_21_12.png,0,random_forgery,33,21
data/processed/train/genuine/original_25_19.png,data/processed/train/genuine/original_25_24.png,1,genuine_genuine,25,25
data/processed/train/genuine/original_21_1.png,data/processed/train/genuine/original_21_14.png,1,genuine_genuine,21,21
data/processed/validation/genuine/original_41_12.png,data/processed/validation/genuine/original_41_2.png,1,genuine_genuine,41,41
data/processed/validation/genuine/original_45_10.png,data/processed/validation/genuine/original_45_19.png,1,genuine_genuine,45,45
data/processed/train/genuine/original_33_1.png,data/processed/train/genuine/original_10_23.png,0,random_forgery,33,10
data/processed/train/genuine/original_28_15.png,data/processed/train/forged/forgeries_28_4.png,0,skilled_forgery,28,28
data/processed/train/genuine/original_15_4.png,data/processed/train/genuine/original_25_13.png,0,random_forgery,15,25
data/processed/train/genuine/original_29_14.png,data/processed/train/genuine/original_35_23.png,0,random_forgery,29,35
data/processed/train/genuine/original_30_20.png,data/processed/train/genuine/original_22_8.png,0,random_forgery,30,22
data/processed/train/genuine/original_25_23.png,data/processed/validation/genuine/original_36_22.png,0,random_forgery,25,36
data/processed/validation/genuine/original_36_15.png,data/processed/validation/forged/forgeries_36_22.png,0,skilled_forgery,36,36
data/processed/train/genuine/original_35_18.png,data/processed/train/genuine/original_35_23.png,1,genuine_genuine,35,35
data/processed/train/genuine/original_18_17.png,data/processed/train/genuine/original_18_8.png,1,genuine_genuine,18,18
data/processed/train/genuine/original_12_4.png,data/processed/train/forged/forgeries_12_24.png,0,skilled_forgery,12,12
data/processed/train/genuine/original_10_10.png,data/processed/train/genuine/original_13_3.png,0,random_forgery,10,13
data/processed/train/genuine/original_27_2.png,data/processed/train/genuine/original_27_22.png,1,genuine_genuine,27,27
data/processed/validation/genuine/original_39_10.png,data/processed/validation/genuine/original_39_2.png,1,genuine_genuine,39,39
data/processed/train/genuine/original_26_21.png,data/processed/train/forged/forgeries_26_18.png,0,skilled_forgery,26,26
data/processed/train/genuine/original_34_2.png,data/processed/train/genuine/original_34_8.png,1,genuine_genuine,34,34
data/processed/train/genuine/original_10_16.png,data/processed/train/forged/forgeries_10_13.png,0,skilled_forgery,10,10
data/processed/train/genuine/original_27_23.png,data/processed/train/forged/forgeries_27_21.png,0,skilled_forgery,27,27
data/processed/train/genuine/original_31_2.png,data/processed/train/forged/forgeries_31_4.png,0,skilled_forgery,31,31
data/processed/train/genuine/original_26_17.png,data/processed/train/forged/forgeries_26_14.png,0,skilled_forgery,26,26
data/processed/validation/genuine/original_40_19.png,data/processed/validation/forged/forgeries_40_15.png,0,skilled_forgery,40,40
data/processed/train/genuine/original_32_19.png,data/processed/train/genuine/original_32_4.png,1,genuine_genuine,32,32
data/processed/train/genuine/original_18_21.png,data/processed/train/forged/forgeries_18_15.png,0,skilled_forgery,18,18
data/processed/validation/genuine/original_42_23.png,data/processed/validation/genuine/original_42_7.png,1,genuine_genuine,42,42
data/processed/train/genuine/original_29_5.png,data/processed/validation/genuine/original_40_4.png,0,random_forgery,29,40
data/processed/validation/genuine/original_40_6.png,data/processed/validation/forged/forgeries_40_4.png,0,skilled_forgery,40,40
data/processed/train/genuine/original_24_22.png,data/processed/train/forged/forgeries_24_12.png,0,skilled_forgery,24,24
data/processed/validation/genuine/original_44_24.png,data/processed/validation/forged/forgeries_44_20.png,0,skilled_forgery,44,44
data/processed/train/genuine/original_18_20.png,data/processed/train/genuine/original_18_8.png,1,genuine_genuine,18,18
data/processed/train/genuine/original_10_16.png,data/processed/train/forged/forgeries_10_3.png,0,skilled_forgery,10,10
data/processed/train/genuine/original_30_20.png,data/processed/train/genuine/original_30_22.png,1,genuine_genuine,30,30
data/processed/train/genuine/original_22_10.png,data/processed/train/genuine/original_22_12.png,1,genuine_genuine,22,22
data/processed/train/genuine/original_17_2.png,data/processed/train/genuine/original_30_21.png,0,random_forgery,17,30
data/processed/validation/genuine/original_40_1.png,data/processed/validation/genuine/original_40_8.png,1,genuine_genuine,40,40
data/processed/train/genuine/original_22_18.png,data/processed/train/forged/forgeries_22_21.png,0,skilled_forgery,22,22
data/processed/train/genuine/original_27_3.png,data/processed/train/genuine/original_26_15.png,0,random_forgery,27,26
data/processed/validation/genuine/original_40_17.png,data/processed/validation/genuine/original_40_3.png,1,genuine_genuine,40,40
data/processed/train/genuine/original_28_8.png,data/processed/validation/genuine/original_39_12.png,0,random_forgery,28,39
data/processed/validation/genuine/original_36_10.png,data/processed/validation/genuine/original_36_19.png,1,genuine_genuine,36,36
data/processed/train/genuine/original_26_11.png,data/processed/train/genuine/original_26_3.png,1,genuine_genuine,26,26
data/processed/validation/genuine/original_44_11.png,data/processed/validation/genuine/original_44_18.png,1,genuine_genuine,44,44
data/processed/train/genuine/original_21_16.png,data/processed/train/genuine/original_21_21.png,1,genuine_genuine,21,21
data/processed/validation/genuine/original_45_16.png,data/processed/validation/forged/forgeries_45_14.png,0,skilled_forgery,45,45
data/processed/validation/genuine/original_38_5.png,data/processed/train/genuine/original_10_8.png,0,random_forgery,38,10
data/processed/train/genuine/original_24_1.png,data/processed/validation/genuine/original_37_1.png,0,random_forgery,24,37
data/processed/train/genuine/original_19_21.png,data/processed/train/genuine/original_19_5.png,1,genuine_genuine,19,19
data/processed/validation/genuine/original_37_3.png,data/processed/validation/forged/forgeries_37_7.png,0,skilled_forgery,37,37
data/processed/train/genuine/original_30_9.png,data/processed/train/forged/forgeries_30_19.png,0,skilled_forgery,30,30
data/processed/train/genuine/original_31_24.png,data/processed/train/forged/forgeries_31_23.png,0,skilled_forgery,31,31
data/processed/train/genuine/original_32_4.png,data/processed/train/forged/forgeries_32_14.png,0,skilled_forgery,32,32
data/processed/train/genuine/original_11_15.png,data/processed/train/forged/forgeries_11_9.png,0,skilled_forgery,11,11
data/processed/train/genuine/original_11_11.png,data/processed/train/genuine/original_11_9.png,1,genuine_genuine,11,11
data/processed/train/genuine/original_27_6.png,data/processed/train/genuine/original_22_19.png,0,random_forgery,27,22
data/processed/train/genuine/original_31_9.png,data/processed/train/forged/forgeries_31_11.png,0,skilled_forgery,31,31
data/processed/train/genuine/original_28_4.png,data/processed/train/genuine/original_21_21.png,0,random_forgery,28,21
data/processed/train/genuine/original_12_15.png,data/processed/train/genuine/original_12_19.png,1,genuine_genuine,12,12
data/processed/train/genuine/original_11_18.png,data/processed/train/genuine/original_11_9.png,1,genuine_genuine,11,11
data/processed/train/genuine/original_17_15.png,data/processed/train/genuine/original_17_18.png,1,genuine_genuine,17,17
data/processed/train/genuine/original_15_11.png,data/processed/train/forged/forgeries_15_23.png,0,skilled_forgery,15,15
data/processed/train/genuine/original_22_2.png,data/processed/train/genuine/original_10_2.png,0,random_forgery,22,10
data/processed/train/genuine/original_14_10.png,data/processed/train/genuine/original_14_2.png,1,genuine_genuine,14,14
data/processed/train/genuine/original_23_15.png,data/processed/train/forged/forgeries_23_19.png,0,skilled_forgery,23,23
data/processed/train/genuine/original_11_2.png,data/processed/train/forged/forgeries_11_3.png,0,skilled_forgery,11,11
data/processed/train/genuine/original_19_4.png,data/processed/train/genuine/original_19_9.png,1,genuine_genuine,19,19
data/processed/validation/genuine/original_38_5.png,data/processed/validation/forged/forgeries_38_2.png,0,skilled_forgery,38,38
data/processed/train/genuine/original_19_18.png,data/processed/train/genuine/original_13_18.png,0,random_forgery,19,13
data/processed/train/genuine/original_23_4.png,data/processed/train/genuine/original_21_8.png,0,random_forgery,23,21
data/processed/validation/genuine/original_37_14.png,data/processed/validation/forged/forgeries_37_24.png,0,skilled_forgery,37,37
data/processed/train/genuine/original_17_22.png,data/processed/train/forged/forgeries_17_5.png,0,skilled_forgery,17,17
data/processed/train/genuine/original_14_13.png,data/processed/train/genuine/original_14_21.png,1,genuine_genuine,14,14
data/processed/train/genuine/original_19_4.png,data/processed/train/genuine/original_20_21.png,0,random_forgery,19,20
data/processed/train/genuine/original_34_10.png,data/processed/train/forged/forgeries_34_6.png,0,skilled_forgery,34,34
data/processed/train/genuine/original_34_11.png,data/processed/train/genuine/original_34_24.png,1,genuine_genuine,34,34
data/processed/validation/genuine/original_39_14.png,data/processed/validation/forged/forgeries_39_6.png,0,skilled_forgery,39,39
data/processed/train/genuine/original_11_13.png,data/processed/train/genuine/original_24_3.png,0,random_forgery,11,24
data/processed/train/genuine/original_17_11.png,data/processed/train/forged/forgeries_17_15.png,0,skilled_forgery,17,17
data/processed/train/genuine/original_11_24.png,data/processed/train/genuine/original_11_3.png,1,genuine_genuine,11,11
data/processed/train/genuine/original_19_19.png,data/processed/train/forged/forgeries_19_16.png,0,skilled_forgery,19,19
data/processed/train/genuine/original_33_22.png,data/processed/train/forged/forgeries_33_14.png,0,skilled_forgery,33,33
data/processed/train/genuine/original_22_14.png,data/processed/train/genuine/original_22_3.png,1,genuine_genuine,22,22
data/processed/train/genuine/original_23_2.png,data/processed/train/forged/forgeries_23_24.png,0,skilled_forgery,23,23
data/processed/train/genuine/original_27_1.png,data/processed/train/genuine/original_27_20.png,1,genuine_genuine,27,27
data/processed/train/genuine/original_29_22.png,data/processed/train/genuine/original_12_9.png,0,random_forgery,29,12
data/processed/train/genuine/original_16_21.png,data/processed/train/forged/forgeries_16_7.png,0,skilled_forgery,16,16
data/processed/train/genuine/original_32_13.png,data/processed/train/forged/forgeries_32_18.png,0,skilled_forgery,32,32
data/processed/train/genuine/original_25_24.png,data/processed/train/forged/forgeries_25_22.png,0,skilled_forgery,25,25
data/processed/validation/genuine/original_37_17.png,data/processed/validation/forged/forgeries_37_7.png,0,skilled_forgery,37,37
data/processed/train/genuine/original_13_16.png,data/processed/train/genuine/original_13_22.png,1,genuine_genuine,13,13
data/processed/train/genuine/original_10_5.png,data/processed/train/genuine/original_14_9.png,0,random_forgery,10,14
data/processed/validation/genuine/original_44_11.png,data/processed/validation/genuine/original_44_19.png,1,genuine_genuine,44,44
data/processed/validation/genuine/original_45_6.png,data/processed/validation/genuine/original_43_13.png,0,random_forgery,45,43
data/processed/validation/genuine/original_43_19.png,data/processed/validation/genuine/original_43_7.png,1,genuine_genuine,43,43
data/processed/train/genuine/original_31_1.png,data/processed/train/genuine/original_31_9.png,1,genuine_genuine,31,31
data/processed/train/genuine/original_11_1.png,data/processed/train/genuine/original_11_8.png,1,genuine_genuine,11,11
data/processed/train/genuine/original_25_15.png,data/processed/train/forged/forgeries_25_13.png,0,skilled_forgery,25,25
data/processed/validation/genuine/original_40_1.png,data/processed/validation/genuine/original_38_16.png,0,random_forgery,40,38
data/processed/train/genuine/original_22_14.png,data/processed/train/genuine/original_22_4.png,1,genuine_genuine,22,22
data/processed/train/genuine/original_11_1.png,data/processed/train/genuine/original_11_18.png,1,genuine_genuine,11,11
data/processed/train/genuine/original_25_13.png,data/processed/train/genuine/original_25_24.png,1,genuine_genuine,25,25
data/processed/validation/genuine/original_41_19.png,data/processed/validation/forged/forgeries_41_16.png,0,skilled_forgery,41,41
data/processed/validation/genuine/original_37_16.png,data/processed/validation/genuine/original_37_22.png,1,genuine_genuine,37,37
data/processed/train/genuine/original_14_1.png,data/processed/train/genuine/original_25_19.png,0,random_forgery,14,25
data/processed/train/genuine/original_21_2.png,data/processed/train/genuine/original_21_5.png,1,genuine_genuine,21,21
data/processed/train/genuine/original_29_1.png,data/processed/train/genuine/original_29_14.png,1,genuine_genuine,29,29
data/processed/train/genuine/original_10_6.png,data/processed/train/genuine/original_10_8.png,1,genuine_genuine,10,10
data/processed/train/genuine/original_35_16.png,data/processed/train/genuine/original_35_24.png,1,genuine_genuine,35,35
data/processed/train/genuine/original_23_19.png,data/processed/train/forged/forgeries_23_17.png,0,skilled_forgery,23,23
data/processed/validation/genuine/original_38_20.png,data/processed/train/genuine/original_18_14.png,0,random_forgery,38,18
data/processed/train/genuine/original_27_12.png,data/processed/train/forged/forgeries_27_15.png,0,skilled_forgery,27,27
data/processed/train/genuine/original_11_11.png,data/processed/train/genuine/original_11_14.png,1,genuine_genuine,11,11
data/processed/train/genuine/original_25_2.png,data/processed/train/forged/forgeries_25_7.png,0,skilled_forgery,25,25
data/processed/train/genuine/original_24_15.png,data/processed/train/genuine/original_24_7.png,1,genuine_genuine,24,24
data/processed/validation/genuine/original_39_17.png,data/processed/validation/genuine/original_39_19.png,1,genuine_genuine,39,39
data/processed/validation/genuine/original_38_20.png,data/processed/validation/forged/forgeries_38_13.png,0,skilled_forgery,38,38
data/processed/train/genuine/original_33_1.png,data/processed/train/forged/forgeries_33_11.png,0,skilled_forgery,33,33
data/processed/validation/genuine/original_37_8.png,data/processed/train/genuine/original_13_15.png,0,random_forgery,37,13
data/processed/train/genuine/original_10_20.png,data/processed/train/forged/forgeries_10_1.png,0,skilled_forgery,10,10
data/processed/train/genuine/original_16_1.png,data/processed/train/genuine/original_27_22.png,0,random_forgery,16,27
data/processed/train/genuine/original_23_20.png,data/processed/train/genuine/original_23_6.png,1,genuine_genuine,23,23
data/processed/train/genuine/original_11_22.png,data/processed/train/genuine/original_11_23.png,1,genuine_genuine,11,11
data/processed/validation/genuine/original_40_24.png,data/processed/validation/forged/forgeries_40_18.png,0,skilled_forgery,40,40
data/processed/train/genuine/original_31_13.png,data/processed/train/forged/forgeries_31_3.png,0,skilled_forgery,31,31
data/processed/train/genuine/original_31_21.png,data/processed/train/genuine/original_23_23.png,0,random_forgery,31,23
data/processed/train/genuine/original_10_18.png,data/processed/train/genuine/original_10_2.png,1,genuine_genuine,10,10
data/processed/train/genuine/original_14_18.png,data/processed/train/genuine/original_14_6.png,1,genuine_genuine,14,14
data/processed/validation/genuine/original_43_15.png,data/processed/validation/genuine/original_43_23.png,1,genuine_genuine,43,43
data/processed/validation/genuine/original_40_13.png,data/processed/validation/genuine/original_40_21.png,1,genuine_genuine,40,40
data/processed/train/genuine/original_12_12.png,data/processed/train/genuine/original_12_23.png,1,genuine_genuine,12,12
data/processed/validation/genuine/original_41_9.png,data/processed/validation/forged/forgeries_41_13.png,0,skilled_forgery,41,41
data/processed/train/genuine/original_12_22.png,data/processed/train/forged/forgeries_12_1.png,0,skilled_forgery,12,12
data/processed/validation/genuine/original_45_16.png,data/processed/validation/genuine/original_45_5.png,1,genuine_genuine,45,45
data/processed/train/genuine/original_21_7.png,data/processed/train/genuine/original_20_24.png,0,random_forgery,21,20
data/processed/validation/genuine/original_40_12.png,data/processed/validation/genuine/original_40_16.png,1,genuine_genuine,40,40
data/processed/train/genuine/original_21_20.png,data/processed/train/genuine/original_21_22.png,1,genuine_genuine,21,21
data/processed/validation/genuine/original_44_15.png,data/processed/train/genuine/original_16_9.png,0,random_forgery,44,16
data/processed/validation/genuine/original_43_1.png,data/processed/validation/genuine/original_43_14.png,1,genuine_genuine,43,43
data/processed/train/genuine/original_22_12.png,data/processed/train/genuine/original_22_13.png,1,genuine_genuine,22,22
data/processed/train/genuine/original_21_6.png,data/processed/train/forged/forgeries_21_6.png,0,skilled_forgery,21,21
data/processed/validation/genuine/original_40_1.png,data/processed/validation/genuine/original_40_24.png,1,genuine_genuine,40,40
data/processed/train/genuine/original_20_16.png,data/processed/train/forged/forgeries_20_18.png,0,skilled_forgery,20,20
data/processed/train/genuine/original_30_17.png,data/processed/train/forged/forgeries_30_17.png,0,skilled_forgery,30,30
data/processed/train/genuine/original_29_13.png,data/processed/train/genuine/original_29_24.png,1,genuine_genuine,29,29
data/processed/validation/genuine/original_41_3.png,data/processed/validation/forged/forgeries_41_18.png,0,skilled_forgery,41,41
data/processed/train/genuine/original_13_23.png,data/processed/train/genuine/original_13_8.png,1,genuine_genuine,13,13
data/processed/train/genuine/original_13_16.png,data/processed/train/forged/forgeries_13_3.png,0,skilled_forgery,13,13
data/processed/validation/genuine/original_40_12.png,data/processed/validation/forged/forgeries_40_11.png,0,skilled_forgery,40,40
data/processed/train/genuine/original_28_13.png,data/processed/train/genuine/original_28_17.png,1,genuine_genuine,28,28
data/processed/train/genuine/original_27_16.png,data/processed/train/forged/forgeries_27_22.png,0,skilled_forgery,27,27
data/processed/train/genuine/original_27_12.png,data/processed/train/genuine/original_27_15.png,1,genuine_genuine,27,27
data/processed/train/genuine/original_25_20.png,data/processed/train/genuine/original_25_22.png,1,genuine_genuine,25,25
data/processed/train/genuine/original_34_15.png,data/processed/train/genuine/original_34_16.png,1,genuine_genuine,34,34
data/processed/train/genuine/original_17_14.png,data/processed/train/genuine/original_17_23.png,1,genuine_genuine,17,17
data/processed/train/genuine/original_16_12.png,data/processed/train/genuine/original_16_17.png,1,genuine_genuine,16,16
data/processed/validation/genuine/original_37_16.png,data/processed/validation/genuine/original_37_4.png,1,genuine_genuine,37,37
data/processed/train/genuine/original_19_18.png,data/processed/train/forged/forgeries_19_17.png,0,skilled_forgery,19,19
data/processed/validation/genuine/original_39_3.png,data/processed/validation/forged/forgeries_39_11.png,0,skilled_forgery,39,39
data/processed/train/genuine/original_29_11.png,data/processed/train/forged/forgeries_29_21.png,0,skilled_forgery,29,29
data/processed/train/genuine/original_11_9.png,data/processed/train/forged/forgeries_11_14.png,0,skilled_forgery,11,11
data/processed/train/genuine/original_30_24.png,data/processed/train/genuine/original_30_4.png,1,genuine_genuine,30,30
data/processed/train/genuine/original_17_10.png,data/processed/train/genuine/original_17_24.png,1,genuine_genuine,17,17
data/processed/validation/genuine/original_38_9.png,data/processed/validation/forged/forgeries_38_22.png,0,skilled_forgery,38,38
data/processed/validation/genuine/original_38_22.png,data/processed/validation/genuine/original_38_23.png,1,genuine_genuine,38,38
data/processed/train/genuine/original_25_12.png,data/processed/train/forged/forgeries_25_3.png,0,skilled_forgery,25,25
data/processed/train/genuine/original_30_23.png,data/processed/train/forged/forgeries_30_22.png,0,skilled_forgery,30,30
data/processed/validation/genuine/original_39_22.png,data/processed/validation/genuine/original_39_3.png,1,genuine_genuine,39,39
data/processed/train/genuine/original_25_19.png,data/processed/train/genuine/original_25_7.png,1,genuine_genuine,25,25
data/processed/validation/genuine/original_39_9.png,data/processed/validation/forged/forgeries_39_11.png,0,skilled_forgery,39,39
data/processed/train/genuine/original_15_17.png,data/processed/train/forged/forgeries_15_3.png,0,skilled_forgery,15,15
data/processed/train/genuine/original_28_4.png,data/processed/train/genuine/original_15_14.png,0,random_forgery,28,15
data/processed/validation/genuine/original_36_7.png,data/processed/validation/genuine/original_36_9.png,1,genuine_genuine,36,36
data/processed/train/genuine/original_32_14.png,data/processed/train/genuine/original_32_8.png,1,genuine_genuine,32,32
data/processed/validation/genuine/original_45_9.png,data/processed/train/genuine/original_15_1.png,0,random_forgery,45,15
data/processed/train/genuine/original_33_23.png,data/processed/train/genuine/original_33_3.png,1,genuine_genuine,33,33
data/processed/train/genuine/original_13_1.png,data/processed/train/genuine/original_13_10.png,1,genuine_genuine,13,13
data/processed/validation/genuine/original_36_11.png,data/processed/validation/genuine/original_36_2.png,1,genuine_genuine,36,36
data/processed/train/genuine/original_33_17.png,data/processed/train/genuine/original_33_7.png,1,genuine_genuine,33,33
data/processed/train/genuine/original_23_24.png,data/processed/train/genuine/original_17_12.png,0,random_forgery,23,17
data/processed/train/genuine/original_27_2.png,data/processed/train/genuine/original_27_20.png,1,genuine_genuine,27,27
data/processed/train/genuine/original_30_20.png,data/processed/train/genuine/original_30_5.png,1,genuine_genuine,30,30
data/processed/train/genuine/original_22_1.png,data/processed/train/genuine/original_22_4.png,1,genuine_genuine,22,22
data/processed/train/genuine/original_28_6.png,data/processed/train/genuine/original_28_9.png,1,genuine_genuine,28,28
data/processed/train/genuine/original_11_1.png,data/processed/train/forged/forgeries_11_11.png,0,skilled_forgery,11,11
data/processed/train/genuine/original_23_13.png,data/processed/train/genuine/original_23_6.png,1,genuine_genuine,23,23
data/processed/validation/genuine/original_40_8.png,data/processed/validation/genuine/original_40_9.png,1,genuine_genuine,40,40
data/processed/train/genuine/original_20_15.png,data/processed/train/genuine/original_22_8.png,0,random_forgery,20,22
data/processed/train/genuine/original_29_14.png,data/processed/train/genuine/original_29_19.png,1,genuine_genuine,29,29
data/processed/validation/genuine/original_39_17.png,data/processed/validation/forged/forgeries_39_2.png,0,skilled_forgery,39,39
data/processed/validation/genuine/original_41_17.png,data/processed/validation/genuine/original_41_5.png,1,genuine_genuine,41,41
data/processed/train/genuine/original_31_4.png,data/processed/train/genuine/original_32_16.png,0,random_forgery,31,32
data/processed/train/genuine/original_23_22.png,data/processed/train/genuine/original_18_9.png,0,random_forgery,23,18
data/processed/train/genuine/original_34_14.png,data/processed/train/genuine/original_34_20.png,1,genuine_genuine,34,34
data/processed/validation/genuine/original_42_11.png,data/processed/validation/genuine/original_42_12.png,1,genuine_genuine,42,42
data/processed/train/genuine/original_18_10.png,data/processed/train/genuine/original_18_12.png,1,genuine_genuine,18,18
data/processed/train/genuine/original_11_1.png,data/processed/train/forged/forgeries_11_7.png,0,skilled_forgery,11,11
data/processed/validation/genuine/original_36_11.png,data/processed/validation/genuine/original_36_21.png,1,genuine_genuine,36,36
data/processed/validation/genuine/original_36_17.png,data/processed/validation/genuine/original_36_2.png,1,genuine_genuine,36,36
data/processed/train/genuine/original_32_16.png,data/processed/train/genuine/original_33_8.png,0,random_forgery,32,33
data/processed/train/genuine/original_18_22.png,data/processed/train/genuine/original_18_9.png,1,genuine_genuine,18,18
data/processed/train/genuine/original_31_22.png,data/processed/train/genuine/original_28_12.png,0,random_forgery,31,28
data/processed/train/genuine/original_26_13.png,data/processed/train/forged/forgeries_26_13.png,0,skilled_forgery,26,26
data/processed/train/genuine/original_28_14.png,data/processed/train/genuine/original_28_20.png,1,genuine_genuine,28,28
data/processed/train/genuine/original_14_10.png,data/processed/train/genuine/original_14_19.png,1,genuine_genuine,14,14
data/processed/train/genuine/original_31_3.png,data/processed/train/genuine/original_31_7.png,1,genuine_genuine,31,31
data/processed/train/genuine/original_29_20.png,data/processed/train/genuine/original_29_8.png,1,genuine_genuine,29,29
data/processed/validation/genuine/original_40_16.png,data/processed/train/genuine/original_12_11.png,0,random_forgery,40,12
data/processed/train/genuine/original_21_10.png,data/processed/train/genuine/original_21_17.png,1,genuine_genuine,21,21
data/processed/validation/genuine/original_38_14.png,data/processed/validation/genuine/original_38_24.png,1,genuine_genuine,38,38
data/processed/train/genuine/original_20_18.png,data/processed/train/forged/forgeries_20_4.png,0,skilled_forgery,20,20
data/processed/train/genuine/original_29_21.png,data/processed/train/forged/forgeries_29_2.png,0,skilled_forgery,29,29
data/processed/train/genuine/original_27_2.png,data/processed/train/forged/forgeries_27_22.png,0,skilled_forgery,27,27
data/processed/validation/genuine/original_38_4.png,data/processed/validation/genuine/original_38_8.png,1,genuine_genuine,38,38
data/processed/train/genuine/original_10_23.png,data/processed/train/genuine/original_10_3.png,1,genuine_genuine,10,10
data/processed/train/genuine/original_30_5.png,data/processed/train/forged/forgeries_30_13.png,0,skilled_forgery,30,30
data/processed/train/genuine/original_19_17.png,data/processed/train/genuine/original_19_6.png,1,genuine_genuine,19,19
data/processed/train/genuine/original_24_14.png,data/processed/train/genuine/original_24_9.png,1,genuine_genuine,24,24
data/processed/validation/genuine/original_38_1.png,data/processed/validation/genuine/original_38_21.png,1,genuine_genuine,38,38
data/processed/train/genuine/original_23_13.png,data/processed/train/genuine/original_23_17.png,1,genuine_genuine,23,23
data/processed/validation/genuine/original_40_17.png,data/processed/train/genuine/original_21_18.png,0,random_forgery,40,21
data/processed/train/genuine/original_24_1.png,data/processed/train/genuine/original_24_12.png,1,genuine_genuine,24,24
data/processed/train/genuine/original_27_1.png,data/processed/train/genuine/original_27_5.png,1,genuine_genuine,27,27
data/processed/train/genuine/original_12_10.png,data/processed/train/genuine/original_12_13.png,1,genuine_genuine,12,12
data/processed/train/genuine/original_20_13.png,data/processed/train/genuine/original_20_21.png,1,genuine_genuine,20,20
data/processed/train/genuine/original_22_14.png,data/processed/train/forged/forgeries_22_2.png,0,skilled_forgery,22,22
data/processed/validation/genuine/original_41_1.png,data/processed/validation/genuine/original_41_12.png,1,genuine_genuine,41,41
data/processed/train/genuine/original_26_15.png,data/processed/train/forged/forgeries_26_20.png,0,skilled_forgery,26,26
data/processed/validation/genuine/original_37_19.png,data/processed/train/genuine/original_15_6.png,0,random_forgery,37,15
data/processed/train/genuine/original_30_3.png,data/processed/train/genuine/original_30_6.png,1,genuine_genuine,30,30
data/processed/train/genuine/original_16_10.png,data/processed/train/genuine/original_16_15.png,1,genuine_genuine,16,16
data/processed/train/genuine/original_34_10.png,data/processed/train/genuine/original_34_24.png,1,genuine_genuine,34,34
data/processed/train/genuine/original_30_20.png,data/processed/train/genuine/original_30_3.png,1,genuine_genuine,30,30
data/processed/train/genuine/original_24_24.png,data/processed/train/genuine/original_24_8.png,1,genuine_genuine,24,24
data/processed/train/genuine/original_29_19.png,data/processed/train/genuine/original_29_7.png,1,genuine_genuine,29,29
data/processed/validation/genuine/original_39_17.png,data/processed/validation/forged/forgeries_39_19.png,0,skilled_forgery,39,39
data/processed/train/genuine/original_13_5.png,data/processed/train/genuine/original_13_7.png,1,genuine_genuine,13,13
data/processed/validation/genuine/original_40_2.png,data/processed/train/genuine/original_34_17.png,0,random_forgery,40,34
data/processed/train/genuine/original_30_2.png,data/processed/train/genuine/original_30_24.png,1,genuine_genuine,30,30
data/processed/train/genuine/original_29_12.png,data/processed/train/genuine/original_29_5.png,1,genuine_genuine,29,29
data/processed/train/genuine/original_29_5.png,data/processed/train/forged/forgeries_29_15.png,0,skilled_forgery,29,29
data/processed/validation/genuine/original_44_20.png,data/processed/validation/forged/forgeries_44_6.png,0,skilled_forgery,44,44
data/processed/validation/genuine/original_38_16.png,data/processed/train/genuine/original_20_17.png,0,random_forgery,38,20
data/processed/train/genuine/original_17_12.png,data/processed/train/genuine/original_17_7.png,1,genuine_genuine,17,17
data/processed/train/genuine/original_21_1.png,data/processed/train/genuine/original_21_18.png,1,genuine_genuine,21,21
data/processed/train/genuine/original_20_14.png,data/processed/train/genuine/original_20_17.png,1,genuine_genuine,20,20
data/processed/validation/genuine/original_36_4.png,data/processed/train/genuine/original_12_10.png,0,random_forgery,36,12
data/processed/train/genuine/original_14_12.png,data/processed/train/genuine/original_14_4.png,1,genuine_genuine,14,14
data/processed/train/genuine/original_21_5.png,data/processed/train/forged/forgeries_21_13.png,0,skilled_forgery,21,21
data/processed/train/genuine/original_20_1.png,data/processed/train/genuine/original_20_7.png,1,genuine_genuine,20,20
data/processed/train/genuine/original_25_12.png,data/processed/train/genuine/original_25_13.png,1,genuine_genuine,25,25
data/processed/validation/genuine/original_43_23.png,data/processed/train/genuine/original_12_17.png,0,random_forgery,43,12
data/processed/train/genuine/original_34_23.png,data/processed/train/genuine/original_33_8.png,0,random_forgery,34,33
data/processed/train/genuine/original_11_13.png,data/processed/train/forged/forgeries_11_2.png,0,skilled_forgery,11,11
data/processed/train/genuine/original_15_23.png,data/processed/train/genuine/original_28_14.png,0,random_forgery,15,28
data/processed/validation/genuine/original_37_20.png,data/processed/train/genuine/original_35_17.png,0,random_forgery,37,35
data/processed/train/genuine/original_25_11.png,data/processed/train/genuine/original_25_22.png,1,genuine_genuine,25,25
data/processed/validation/genuine/original_45_12.png,data/processed/validation/forged/forgeries_45_5.png,0,skilled_forgery,45,45
data/processed/train/genuine/original_25_1.png,data/processed/validation/genuine/original_40_13.png,0,random_forgery,25,40
data/processed/train/genuine/original_27_8.png,data/processed/train/forged/forgeries_27_6.png,0,skilled_forgery,27,27
data/processed/validation/genuine/original_41_23.png,data/processed/validation/genuine/original_41_7.png,1,genuine_genuine,41,41
data/processed/train/genuine/original_29_23.png,data/processed/train/forged/forgeries_29_21.png,0,skilled_forgery,29,29
data/processed/validation/genuine/original_45_5.png,data/processed/validation/forged/forgeries_45_19.png,0,skilled_forgery,45,45
data/processed/train/genuine/original_19_1.png,data/processed/train/genuine/original_19_11.png,1,genuine_genuine,19,19
data/processed/train/genuine/original_12_19.png,data/processed/train/genuine/original_23_16.png,0,random_forgery,12,23
data/processed/train/genuine/original_21_5.png,data/processed/train/forged/forgeries_21_11.png,0,skilled_forgery,21,21
data/processed/train/genuine/original_28_11.png,data/processed/train/genuine/original_19_15.png,0,random_forgery,28,19
data/processed/train/genuine/original_18_23.png,data/processed/train/genuine/original_18_6.png,1,genuine_genuine,18,18
data/processed/train/genuine/original_14_20.png,data/processed/train/genuine/original_14_8.png,1,genuine_genuine,14,14
data/processed/train/genuine/original_34_22.png,data/processed/train/genuine/original_34_6.png,1,genuine_genuine,34,34
data/processed/validation/genuine/original_45_9.png,data/processed/train/genuine/original_18_12.png,0,random_forgery,45,18
data/processed/train/genuine/original_21_3.png,data/processed/train/genuine/original_26_12.png,0,random_forgery,21,26
data/processed/train/genuine/original_21_20.png,data/processed/validation/genuine/original_42_14.png,0,random_forgery,21,42
data/processed/validation/genuine/original_38_11.png,data/processed/train/genuine/original_10_14.png,0,random_forgery,38,10
data/processed/train/genuine/original_35_10.png,data/processed/train/genuine/original_35_18.png,1,genuine_genuine,35,35
data/processed/validation/genuine/original_44_23.png,data/processed/train/genuine/original_26_21.png,0,random_forgery,44,26
data/processed/train/genuine/original_28_24.png,data/processed/train/genuine/original_17_7.png,0,random_forgery,28,17
data/processed/train/genuine/original_15_2.png,data/processed/train/forged/forgeries_15_16.png,0,skilled_forgery,15,15
data/processed/train/genuine/original_17_7.png,data/processed/train/forged/forgeries_17_18.png,0,skilled_forgery,17,17
data/processed/train/genuine/original_30_15.png,data/processed/train/genuine/original_30_21.png,1,genuine_genuine,30,30
data/processed/validation/genuine/original_44_10.png,data/processed/validation/genuine/original_44_15.png,1,genuine_genuine,44,44
data/processed/validation/genuine/original_43_10.png,data/processed/validation/genuine/original_43_3.png,1,genuine_genuine,43,43
data/processed/validation/genuine/original_45_1.png,data/processed/validation/genuine/original_45_2.png,1,genuine_genuine,45,45
data/processed/train/genuine/original_34_17.png,data/processed/train/genuine/original_34_21.png,1,genuine_genuine,34,34
data/processed/validation/genuine/original_38_17.png,data/processed/validation/forged/forgeries_38_11.png,0,skilled_forgery,38,38
data/processed/train/genuine/original_27_16.png,data/processed/train/genuine/original_27_4.png,1,genuine_genuine,27,27
data/processed/validation/genuine/original_36_21.png,data/processed/validation/forged/forgeries_36_14.png,0,skilled_forgery,36,36
data/processed/train/genuine/original_33_19.png,data/processed/train/genuine/original_33_24.png,1,genuine_genuine,33,33
data/processed/train/genuine/original_22_15.png,data/processed/train/forged/forgeries_22_13.png,0,skilled_forgery,22,22
data/processed/validation/genuine/original_44_5.png,data/processed/validation/forged/forgeries_44_18.png,0,skilled_forgery,44,44
data/processed/validation/genuine/original_37_20.png,data/processed/validation/genuine/original_37_7.png,1,genuine_genuine,37,37
data/processed/validation/genuine/original_41_17.png,data/processed/train/genuine/original_14_23.png,0,random_forgery,41,14
data/processed/validation/genuine/original_44_18.png,data/processed/validation/forged/forgeries_44_22.png,0,skilled_forgery,44,44
data/processed/validation/genuine/original_45_20.png,data/processed/validation/genuine/original_45_23.png,1,genuine_genuine,45,45
data/processed/train/genuine/original_27_23.png,data/processed/train/forged/forgeries_27_3.png,0,skilled_forgery,27,27
data/processed/validation/genuine/original_37_10.png,data/processed/validation/genuine/original_37_13.png,1,genuine_genuine,37,37
data/processed/validation/genuine/original_45_16.png,data/processed/validation/genuine/original_45_3.png,1,genuine_genuine,45,45
data/processed/validation/genuine/original_44_20.png,data/processed/validation/genuine/original_44_4.png,1,genuine_genuine,44,44
data/processed/validation/genuine/original_44_15.png,data/processed/validation/forged/forgeries_44_1.png,0,skilled_forgery,44,44
data/processed/train/genuine/original_31_11.png,data/processed/train/genuine/original_31_18.png,1,genuine_genuine,31,31
data/processed/validation/genuine/original_36_12.png,data/processed/validation/forged/forgeries_36_9.png,0,skilled_forgery,36,36
data/processed/train/genuine/original_35_24.png,data/processed/train/genuine/original_17_19.png,0,random_forgery,35,17
data/processed/validation/genuine/original_44_16.png,data/processed/validation/forged/forgeries_44_1.png,0,skilled_forgery,44,44
data/processed/train/genuine/original_20_5.png,data/processed/train/genuine/original_20_8.png,1,genuine_genuine,20,20
data/processed/train/genuine/original_18_17.png,data/processed/validation/genuine/original_36_5.png,0,random_forgery,18,36
data/processed/train/genuine/original_35_21.png,data/processed/train/genuine/original_12_20.png,0,random_forgery,35,12
data/processed/train/genuine/original_32_21.png,data/processed/train/genuine/original_32_22.png,1,genuine_genuine,32,32
data/processed/train/genuine/original_22_4.png,data/processed/train/forged/forgeries_22_9.png,0,skilled_forgery,22,22
data/processed/train/genuine/original_35_22.png,data/processed/train/genuine/original_25_7.png,0,random_forgery,35,25
data/processed/train/genuine/original_29_6.png,data/processed/train/forged/forgeries_29_24.png,0,skilled_forgery,29,29
data/processed/train/genuine/original_17_7.png,data/processed/train/genuine/original_21_10.png,0,random_forgery,17,21
data/processed/train/genuine/original_18_7.png,data/processed/train/forged/forgeries_18_11.png,0,skilled_forgery,18,18
data/processed/validation/genuine/original_38_10.png,data/processed/validation/genuine/original_38_9.png,1,genuine_genuine,38,38
data/processed/validation/genuine/original_41_4.png,data/processed/validation/forged/forgeries_41_19.png,0,skilled_forgery,41,41
data/processed/train/genuine/original_23_13.png,data/processed/train/genuine/original_23_18.png,1,genuine_genuine,23,23
data/processed/validation/genuine/original_44_21.png,data/processed/validation/genuine/original_44_7.png,1,genuine_genuine,44,44
data/processed/train/genuine/original_12_1.png,data/processed/train/genuine/original_12_13.png,1,genuine_genuine,12,12
data/processed/validation/genuine/original_40_12.png,data/processed/validation/genuine/original_40_13.png,1,genuine_genuine,40,40
data/processed/train/genuine/original_24_21.png,data/processed/train/forged/forgeries_24_10.png,0,skilled_forgery,24,24
data/processed/train/genuine/original_15_12.png,data/processed/train/genuine/original_15_7.png,1,genuine_genuine,15,15
data/processed/train/genuine/original_33_1.png,data/processed/train/genuine/original_33_22.png,1,genuine_genuine,33,33
data/processed/train/genuine/original_22_2.png,data/processed/train/forged/forgeries_22_1.png,0,skilled_forgery,22,22
data/processed/train/genuine/original_32_16.png,data/processed/train/forged/forgeries_32_15.png,0,skilled_forgery,32,32
data/processed/train/genuine/original_21_5.png,data/processed/train/forged/forgeries_21_20.png,0,skilled_forgery,21,21
data/processed/train/genuine/original_22_10.png,data/processed/train/forged/forgeries_22_14.png,0,skilled_forgery,22,22
data/processed/train/genuine/original_17_13.png,data/processed/train/genuine/original_17_4.png,1,genuine_genuine,17,17
data/processed/train/genuine/original_25_16.png,data/processed/train/genuine/original_25_24.png,1,genuine_genuine,25,25
data/processed/train/genuine/original_10_12.png,data/processed/train/genuine/original_10_2.png,1,genuine_genuine,10,10
data/processed/train/genuine/original_22_14.png,data/processed/train/genuine/original_22_16.png,1,genuine_genuine,22,22
data/processed/train/genuine/original_26_22.png,data/processed/train/genuine/original_26_9.png,1,genuine_genuine,26,26
data/processed/train/genuine/original_15_13.png,data/processed/train/forged/forgeries_15_19.png,0,skilled_forgery,15,15
data/processed/train/genuine/original_31_19.png,data/processed/train/genuine/original_31_22.png,1,genuine_genuine,31,31
data/processed/train/genuine/original_17_1.png,data/processed/train/forged/forgeries_17_10.png,0,skilled_forgery,17,17
data/processed/validation/genuine/original_40_5.png,data/processed/validation/forged/forgeries_40_16.png,0,skilled_forgery,40,40
data/processed/validation/genuine/original_40_17.png,data/processed/train/genuine/original_26_13.png,0,random_forgery,40,26
data/processed/train/genuine/original_27_11.png,data/processed/train/genuine/original_27_19.png,1,genuine_genuine,27,27
data/processed/train/genuine/original_26_12.png,data/processed/train/genuine/original_26_6.png,1,genuine_genuine,26,26
data/processed/train/genuine/original_12_11.png,data/processed/train/genuine/original_12_24.png,1,genuine_genuine,12,12
data/processed/train/genuine/original_14_11.png,data/processed/validation/genuine/original_39_23.png,0,random_forgery,14,39
data/processed/train/genuine/original_23_21.png,data/processed/train/genuine/original_23_23.png,1,genuine_genuine,23,23
data/processed/train/genuine/original_19_14.png,data/processed/train/genuine/original_19_6.png,1,genuine_genuine,19,19
data/processed/train/genuine/original_34_16.png,data/processed/train/genuine/original_34_22.png,1,genuine_genuine,34,34
data/processed/validation/genuine/original_45_11.png,data/processed/validation/genuine/original_45_8.png,1,genuine_genuine,45,45
data/processed/train/genuine/original_15_2.png,data/processed/train/forged/forgeries_15_8.png,0,skilled_forgery,15,15
data/processed/train/genuine/original_32_11.png,data/processed/train/genuine/original_32_23.png,1,genuine_genuine,32,32
data/processed/validation/genuine/original_36_10.png,data/processed/validation/forged/forgeries_36_23.png,0,skilled_forgery,36,36
data/processed/train/genuine/original_31_14.png,data/processed/train/genuine/original_31_4.png,1,genuine_genuine,31,31
data/processed/train/genuine/original_22_24.png,data/processed/train/forged/forgeries_22_3.png,0,skilled_forgery,22,22
data/processed/validation/genuine/original_44_23.png,data/processed/validation/forged/forgeries_44_10.png,0,skilled_forgery,44,44
data/processed/train/genuine/original_15_2.png,data/processed/train/forged/forgeries_15_3.png,0,skilled_forgery,15,15
data/processed/train/genuine/original_26_1.png,data/processed/train/genuine/original_26_15.png,1,genuine_genuine,26,26
data/processed/validation/genuine/original_40_5.png,data/processed/validation/forged/forgeries_40_18.png,0,skilled_forgery,40,40
data/processed/train/genuine/original_34_5.png,data/processed/train/genuine/original_34_7.png,1,genuine_genuine,34,34
data/processed/validation/genuine/original_38_14.png,data/processed/validation/genuine/original_38_8.png,1,genuine_genuine,38,38
data/processed/validation/genuine/original_42_17.png,data/processed/validation/genuine/original_42_2.png,1,genuine_genuine,42,42
data/processed/validation/genuine/original_44_17.png,data/processed/validation/genuine/original_44_20.png,1,genuine_genuine,44,44
data/processed/train/genuine/original_10_17.png,data/processed/train/genuine/original_20_13.png,0,random_forgery,10,20
data/processed/train/genuine/original_13_15.png,data/processed/train/genuine/original_13_24.png,1,genuine_genuine,13,13
data/processed/train/genuine/original_13_10.png,data/processed/train/genuine/original_13_16.png,1,genuine_genuine,13,13
data/processed/validation/genuine/original_43_8.png,data/processed/validation/forged/forgeries_43_12.png,0,skilled_forgery,43,43
data/processed/train/genuine/original_26_21.png,data/processed/train/genuine/original_26_23.png,1,genuine_genuine,26,26
data/processed/train/genuine/original_25_2.png,data/processed/train/forged/forgeries_25_5.png,0,skilled_forgery,25,25
data/processed/train/genuine/original_27_7.png,data/processed/validation/genuine/original_40_11.png,0,random_forgery,27,40
data/processed/train/genuine/original_23_15.png,data/processed/validation/genuine/original_45_23.png,0,random_forgery,23,45
data/processed/validation/genuine/original_39_24.png,data/processed/validation/forged/forgeries_39_12.png,0,skilled_forgery,39,39
data/processed/validation/genuine/original_40_19.png,data/processed/validation/genuine/original_40_7.png,1,genuine_genuine,40,40
data/processed/validation/genuine/original_37_2.png,data/processed/validation/forged/forgeries_37_3.png,0,skilled_forgery,37,37
data/processed/train/genuine/original_11_23.png,data/processed/train/forged/forgeries_11_4.png,0,skilled_forgery,11,11
data/processed/train/genuine/original_21_17.png,data/processed/train/genuine/original_21_18.png,1,genuine_genuine,21,21
data/processed/train/genuine/original_33_7.png,data/processed/train/forged/forgeries_33_14.png,0,skilled_forgery,33,33
data/processed/train/genuine/original_35_14.png,data/processed/train/genuine/original_16_11.png,0,random_forgery,35,16
data/processed/train/genuine/original_23_16.png,data/processed/train/genuine/original_23_8.png,1,genuine_genuine,23,23
data/processed/train/genuine/original_26_11.png,data/processed/train/genuine/original_26_18.png,1,genuine_genuine,26,26
data/processed/train/genuine/original_14_24.png,data/processed/train/genuine/original_21_23.png,0,random_forgery,14,21
data/processed/train/genuine/original_12_1.png,data/processed/train/genuine/original_12_3.png,1,genuine_genuine,12,12
data/processed/train/genuine/original_22_14.png,data/processed/train/genuine/original_22_5.png,1,genuine_genuine,22,22
data/processed/train/genuine/original_23_18.png,data/processed/train/genuine/original_23_23.png,1,genuine_genuine,23,23
data/processed/train/genuine/original_13_1.png,data/processed/train/forged/forgeries_13_14.png,0,skilled_forgery,13,13
data/processed/validation/genuine/original_37_13.png,data/processed/validation/genuine/original_37_15.png,1,genuine_genuine,37,37
data/processed/train/genuine/original_20_14.png,data/processed/train/genuine/original_20_3.png,1,genuine_genuine,20,20
data/processed/train/genuine/original_24_11.png,data/processed/train/genuine/original_24_12.png,1,genuine_genuine,24,24
data/processed/train/genuine/original_22_21.png,data/processed/train/genuine/original_33_23.png,0,random_forgery,22,33
data/processed/validation/genuine/original_41_4.png,data/processed/validation/forged/forgeries_41_3.png,0,skilled_forgery,41,41
data/processed/train/genuine/original_10_23.png,data/processed/train/genuine/original_10_24.png,1,genuine_genuine,10,10
data/processed/train/genuine/original_13_13.png,data/processed/train/genuine/original_13_22.png,1,genuine_genuine,13,13
data/processed/validation/genuine/original_38_2.png,data/processed/train/genuine/original_20_18.png,0,random_forgery,38,20
data/processed/train/genuine/original_33_15.png,data/processed/train/genuine/original_28_9.png,0,random_forgery,33,28
data/processed/validation/genuine/original_39_18.png,data/processed/validation/forged/forgeries_39_19.png,0,skilled_forgery,39,39
data/processed/train/genuine/original_17_17.png,data/processed/train/genuine/original_17_9.png,1,genuine_genuine,17,17
data/processed/train/genuine/original_27_19.png,data/processed/train/forged/forgeries_27_10.png,0,skilled_forgery,27,27
data/processed/train/genuine/original_23_14.png,data/processed/train/genuine/original_14_6.png,0,random_forgery,23,14
data/processed/train/genuine/original_27_14.png,data/processed/train/forged/forgeries_27_16.png,0,skilled_forgery,27,27
data/processed/validation/genuine/original_45_15.png,data/processed/validation/genuine/original_45_20.png,1,genuine_genuine,45,45
data/processed/train/genuine/original_18_24.png,data/processed/train/forged/forgeries_18_2.png,0,skilled_forgery,18,18
data/processed/train/genuine/original_30_1.png,data/processed/train/forged/forgeries_30_23.png,0,skilled_forgery,30,30
data/processed/validation/genuine/original_37_13.png,data/processed/validation/genuine/original_37_21.png,1,genuine_genuine,37,37
data/processed/train/genuine/original_29_17.png,data/processed/train/genuine/original_29_6.png,1,genuine_genuine,29,29
data/processed/train/genuine/original_30_22.png,data/processed/train/genuine/original_15_10.png,0,random_forgery,30,15
data/processed/validation/genuine/original_38_10.png,data/processed/validation/genuine/original_38_3.png,1,genuine_genuine,38,38
data/processed/train/genuine/original_26_20.png,data/processed/train/genuine/original_26_9.png,1,genuine_genuine,26,26
data/processed/train/genuine/original_10_22.png,data/processed/train/forged/forgeries_10_19.png,0,skilled_forgery,10,10
data/processed/train/genuine/original_21_11.png,data/processed/train/genuine/original_21_20.png,1,genuine_genuine,21,21
data/processed/train/genuine/original_24_1.png,data/processed/train/forged/forgeries_24_14.png,0,skilled_forgery,24,24
data/processed/train/genuine/original_28_24.png,data/processed/train/genuine/original_28_5.png,1,genuine_genuine,28,28
data/processed/train/genuine/original_17_13.png,data/processed/train/genuine/original_17_2.png,1,genuine_genuine,17,17
data/processed/train/genuine/original_13_20.png,data/processed/train/forged/forgeries_13_19.png,0,skilled_forgery,13,13
data/processed/train/genuine/original_22_3.png,data/processed/train/genuine/original_22_5.png,1,genuine_genuine,22,22
data/processed/train/genuine/original_10_19.png,data/processed/validation/genuine/original_39_14.png,0,random_forgery,10,39
data/processed/train/genuine/original_12_18.png,data/processed/train/forged/forgeries_12_14.png,0,skilled_forgery,12,12
data/processed/train/genuine/original_14_10.png,data/processed/train/genuine/original_14_7.png,1,genuine_genuine,14,14
data/processed/validation/genuine/original_44_10.png,data/processed/validation/forged/forgeries_44_21.png,0,skilled_forgery,44,44
data/processed/validation/genuine/original_36_14.png,data/processed/train/genuine/original_11_3.png,0,random_forgery,36,11
data/processed/train/genuine/original_34_17.png,data/processed/train/genuine/original_34_4.png,1,genuine_genuine,34,34
data/processed/train/genuine/original_34_3.png,data/processed/train/genuine/original_34_5.png,1,genuine_genuine,34,34
data/processed/validation/genuine/original_37_12.png,data/processed/validation/genuine/original_37_22.png,1,genuine_genuine,37,37
data/processed/train/genuine/original_13_12.png,data/processed/train/genuine/original_13_9.png,1,genuine_genuine,13,13
data/processed/train/genuine/original_26_2.png,data/processed/train/genuine/original_26_22.png,1,genuine_genuine,26,26
data/processed/train/genuine/original_11_24.png,data/processed/validation/genuine/original_43_3.png,0,random_forgery,11,43
data/processed/train/genuine/original_24_15.png,data/processed/train/forged/forgeries_24_23.png,0,skilled_forgery,24,24
data/processed/train/genuine/original_29_11.png,data/processed/train/genuine/original_29_14.png,1,genuine_genuine,29,29
data/processed/train/genuine/original_19_11.png,data/processed/train/genuine/original_19_16.png,1,genuine_genuine,19,19
data/processed/train/genuine/original_32_22.png,data/processed/train/genuine/original_14_1.png,0,random_forgery,32,14
data/processed/train/genuine/original_28_20.png,data/processed/train/genuine/original_21_10.png,0,random_forgery,28,21
data/processed/train/genuine/original_20_7.png,data/processed/train/forged/forgeries_20_19.png,0,skilled_forgery,20,20
data/processed/train/genuine/original_31_12.png,data/processed/train/forged/forgeries_31_14.png,0,skilled_forgery,31,31
data/processed/validation/genuine/original_45_23.png,data/processed/validation/forged/forgeries_45_21.png,0,skilled_forgery,45,45
data/processed/validation/genuine/original_40_21.png,data/processed/validation/genuine/original_40_3.png,1,genuine_genuine,40,40
data/processed/train/genuine/original_20_19.png,data/processed/train/forged/forgeries_20_18.png,0,skilled_forgery,20,20
data/processed/validation/genuine/original_43_19.png,data/processed/train/genuine/original_34_23.png,0,random_forgery,43,34
data/processed/train/genuine/original_33_19.png,data/processed/train/genuine/original_15_14.png,0,random_forgery,33,15
data/processed/validation/genuine/original_36_14.png,data/processed/validation/genuine/original_36_6.png,1,genuine_genuine,36,36
data/processed/train/genuine/original_17_19.png,data/processed/train/forged/forgeries_17_22.png,0,skilled_forgery,17,17
data/processed/train/genuine/original_31_12.png,data/processed/train/forged/forgeries_31_12.png,0,skilled_forgery,31,31
data/processed/validation/genuine/original_39_23.png,data/processed/validation/genuine/original_39_8.png,1,genuine_genuine,39,39
data/processed/train/genuine/original_26_8.png,data/processed/train/forged/forgeries_26_3.png,0,skilled_forgery,26,26
data/processed/train/genuine/original_11_8.png,data/processed/train/forged/forgeries_11_3.png,0,skilled_forgery,11,11
data/processed/train/genuine/original_28_19.png,data/processed/train/genuine/original_28_3.png,1,genuine_genuine,28,28
data/processed/train/genuine/original_29_19.png,data/processed/validation/genuine/original_42_13.png,0,random_forgery,29,42
data/processed/train/genuine/original_34_16.png,data/processed/train/genuine/original_18_21.png,0,random_forgery,34,18
data/processed/train/genuine/original_22_20.png,data/processed/train/forged/forgeries_22_4.png,0,skilled_forgery,22,22
data/processed/validation/genuine/original_41_14.png,data/processed/train/genuine/original_33_5.png,0,random_forgery,41,33
data/processed/train/genuine/original_26_14.png,data/processed/train/genuine/original_26_23.png,1,genuine_genuine,26,26
data/processed/train/genuine/original_35_22.png,data/processed/train/forged/forgeries_35_23.png,0,skilled_forgery,35,35
data/processed/train/genuine/original_21_5.png,data/processed/train/genuine/original_12_22.png,0,random_forgery,21,12
data/processed/train/genuine/original_15_18.png,data/processed/train/genuine/original_15_9.png,1,genuine_genuine,15,15
data/processed/train/genuine/original_25_1.png,data/processed/train/genuine/original_25_20.png,1,genuine_genuine,25,25
data/processed/train/genuine/original_21_6.png,data/processed/train/forged/forgeries_21_9.png,0,skilled_forgery,21,21
data/processed/train/genuine/original_32_21.png,data/processed/train/genuine/original_12_13.png,0,random_forgery,32,12
data/processed/train/genuine/original_26_17.png,data/processed/train/forged/forgeries_26_24.png,0,skilled_forgery,26,26
data/processed/train/genuine/original_33_23.png,data/processed/train/genuine/original_33_9.png,1,genuine_genuine,33,33
data/processed/train/genuine/original_18_7.png,data/processed/train/forged/forgeries_18_4.png,0,skilled_forgery,18,18
data/processed/train/genuine/original_30_1.png,data/processed/train/genuine/original_30_21.png,1,genuine_genuine,30,30
data/processed/train/genuine/original_18_2.png,data/processed/train/genuine/original_24_11.png,0,random_forgery,18,24
data/processed/train/genuine/original_15_2.png,data/processed/train/genuine/original_27_1.png,0,random_forgery,15,27
data/processed/train/genuine/original_19_2.png,data/processed/train/genuine/original_19_7.png,1,genuine_genuine,19,19
data/processed/train/genuine/original_23_2.png,data/processed/train/genuine/original_23_21.png,1,genuine_genuine,23,23
data/processed/validation/genuine/original_45_6.png,data/processed/train/genuine/original_34_20.png,0,random_forgery,45,34
data/processed/train/genuine/original_20_11.png,data/processed/train/genuine/original_20_2.png,1,genuine_genuine,20,20
data/processed/train/genuine/original_20_22.png,data/processed/train/genuine/original_20_3.png,1,genuine_genuine,20,20
data/processed/validation/genuine/original_39_15.png,data/processed/validation/genuine/original_39_6.png,1,genuine_genuine,39,39
data/processed/train/genuine/original_17_2.png,data/processed/train/genuine/original_17_22.png,1,genuine_genuine,17,17
data/processed/train/genuine/original_26_2.png,data/processed/train/genuine/original_26_9.png,1,genuine_genuine,26,26
data/processed/train/genuine/original_11_3.png,data/processed/train/forged/forgeries_11_16.png,0,skilled_forgery,11,11
data/processed/train/genuine/original_13_13.png,data/processed/train/genuine/original_13_7.png,1,genuine_genuine,13,13
data/processed/train/genuine/original_24_23.png,data/processed/train/forged/forgeries_24_17.png,0,skilled_forgery,24,24
data/processed/train/genuine/original_27_13.png,data/processed/train/genuine/original_32_2.png,0,random_forgery,27,32
data/processed/train/genuine/original_15_4.png,data/processed/train/forged/forgeries_15_21.png,0,skilled_forgery,15,15
data/processed/validation/genuine/original_42_6.png,data/processed/validation/forged/forgeries_42_5.png,0,skilled_forgery,42,42
data/processed/train/genuine/original_23_17.png,data/processed/validation/genuine/original_40_1.png,0,random_forgery,23,40
data/processed/train/genuine/original_31_12.png,data/processed/train/genuine/original_31_6.png,1,genuine_genuine,31,31
data/processed/train/genuine/original_28_8.png,data/processed/train/genuine/original_28_9.png,1,genuine_genuine,28,28
data/processed/train/genuine/original_34_23.png,data/processed/train/genuine/original_34_4.png,1,genuine_genuine,34,34
data/processed/train/genuine/original_35_10.png,data/processed/train/genuine/original_35_23.png,1,genuine_genuine,35,35
data/processed/validation/genuine/original_40_15.png,data/processed/validation/genuine/original_40_4.png,1,genuine_genuine,40,40
data/processed/train/genuine/original_16_16.png,data/processed/train/genuine/original_16_19.png,1,genuine_genuine,16,16
data/processed/train/genuine/original_31_12.png,data/processed/train/genuine/original_31_5.png,1,genuine_genuine,31,31
data/processed/validation/genuine/original_39_9.png,data/processed/train/genuine/original_15_9.png,0,random_forgery,39,15
data/processed/validation/genuine/original_42_9.png,data/processed/validation/genuine/original_44_18.png,0,random_forgery,42,44
data/processed/train/genuine/original_17_20.png,data/processed/train/forged/forgeries_17_2.png,0,skilled_forgery,17,17
data/processed/validation/genuine/original_45_15.png,data/processed/validation/genuine/original_45_5.png,1,genuine_genuine,45,45
data/processed/train/genuine/original_16_11.png,data/processed/train/genuine/original_18_12.png,0,random_forgery,16,18
data/processed/validation/genuine/original_36_2.png,data/processed/validation/genuine/original_36_21.png,1,genuine_genuine,36,36
data/processed/train/genuine/original_15_1.png,data/processed/train/genuine/original_15_9.png,1,genuine_genuine,15,15
data/processed/train/genuine/original_22_6.png,data/processed/validation/genuine/original_42_22.png,0,random_forgery,22,42
data/processed/train/genuine/original_24_20.png,data/processed/train/forged/forgeries_24_16.png,0,skilled_forgery,24,24
data/processed/train/genuine/original_35_1.png,data/processed/train/genuine/original_35_16.png,1,genuine_genuine,35,35
data/processed/train/genuine/original_35_10.png,data/processed/train/forged/forgeries_35_20.png,0,skilled_forgery,35,35
data/processed/train/genuine/original_29_22.png,data/processed/train/genuine/original_31_13.png,0,random_forgery,29,31
data/processed/train/genuine/original_14_12.png,data/processed/train/forged/forgeries_14_1.png,0,skilled_forgery,14,14
data/processed/train/genuine/original_24_2.png,data/processed/train/genuine/original_24_9.png,1,genuine_genuine,24,24
data/processed/validation/genuine/original_45_2.png,data/processed/validation/genuine/original_45_8.png,1,genuine_genuine,45,45
data/processed/train/genuine/original_18_4.png,data/processed/train/genuine/original_18_7.png,1,genuine_genuine,18,18
data/processed/train/genuine/original_18_22.png,data/processed/train/forged/forgeries_18_6.png,0,skilled_forgery,18,18
data/processed/train/genuine/original_25_14.png,data/processed/train/genuine/original_25_24.png,1,genuine_genuine,25,25
data/processed/train/genuine/original_12_19.png,data/processed/train/forged/forgeries_12_1.png,0,skilled_forgery,12,12
data/processed/train/genuine/original_18_13.png,data/processed/train/forged/forgeries_18_8.png,0,skilled_forgery,18,18
data/processed/train/genuine/original_18_2.png,data/processed/train/genuine/original_18_9.png,1,genuine_genuine,18,18
data/processed/train/genuine/original_33_3.png,data/processed/train/forged/forgeries_33_5.png,0,skilled_forgery,33,33
data/processed/train/genuine/original_12_3.png,data/processed/train/genuine/original_12_9.png,1,genuine_genuine,12,12
data/processed/train/genuine/original_19_18.png,data/processed/train/genuine/original_19_7.png,1,genuine_genuine,19,19
data/processed/train/genuine/original_32_2.png,data/processed/train/genuine/original_35_12.png,0,random_forgery,32,35
data/processed/train/genuine/original_27_6.png,data/processed/train/forged/forgeries_27_24.png,0,skilled_forgery,27,27
data/processed/validation/genuine/original_44_16.png,data/processed/validation/genuine/original_44_4.png,1,genuine_genuine,44,44
data/processed/train/genuine/original_33_1.png,data/processed/train/genuine/original_33_11.png,1,genuine_genuine,33,33
data/processed/train/genuine/original_11_17.png,data/processed/train/genuine/original_11_24.png,1,genuine_genuine,11,11
data/processed/train/genuine/original_32_17.png,data/processed/train/forged/forgeries_32_10.png,0,skilled_forgery,32,32
data/processed/train/genuine/original_21_1.png,data/processed/train/genuine/original_21_12.png,1,genuine_genuine,21,21
data/processed/train/genuine/original_31_19.png,data/processed/train/genuine/original_18_3.png,0,random_forgery,31,18
data/processed/train/genuine/original_30_18.png,data/processed/train/forged/forgeries_30_2.png,0,skilled_forgery,30,30
data/processed/validation/genuine/original_40_21.png,data/processed/validation/genuine/original_44_3.png,0,random_forgery,40,44
data/processed/train/genuine/original_32_13.png,data/processed/train/genuine/original_32_22.png,1,genuine_genuine,32,32
data/processed/validation/genuine/original_42_16.png,data/processed/validation/genuine/original_42_8.png,1,genuine_genuine,42,42
data/processed/train/genuine/original_19_24.png,data/processed/train/forged/forgeries_19_4.png,0,skilled_forgery,19,19
data/processed/validation/genuine/original_37_11.png,data/processed/validation/forged/forgeries_37_12.png,0,skilled_forgery,37,37
data/processed/validation/genuine/original_41_13.png,data/processed/validation/genuine/original_36_6.png,0,random_forgery,41,36
data/processed/validation/genuine/original_37_15.png,data/processed/validation/genuine/original_37_4.png,1,genuine_genuine,37,37
data/processed/train/genuine/original_27_14.png,data/processed/train/genuine/original_27_5.png,1,genuine_genuine,27,27
data/processed/validation/genuine/original_42_8.png,data/processed/validation/genuine/original_45_17.png,0,random_forgery,42,45
data/processed/train/genuine/original_19_13.png,data/processed/train/genuine/original_18_24.png,0,random_forgery,19,18
data/processed/train/genuine/original_23_15.png,data/processed/train/genuine/original_23_23.png,1,genuine_genuine,23,23
data/processed/validation/genuine/original_45_10.png,data/processed/validation/genuine/original_45_16.png,1,genuine_genuine,45,45
data/processed/train/genuine/original_21_10.png,data/processed/train/genuine/original_21_16.png,1,genuine_genuine,21,21
data/processed/train/genuine/original_15_15.png,data/processed/train/forged/forgeries_15_22.png,0,skilled_forgery,15,15
data/processed/validation/genuine/original_39_1.png,data/processed/validation/forged/forgeries_39_2.png,0,skilled_forgery,39,39
data/processed/train/genuine/original_14_21.png,data/processed/train/genuine/original_14_8.png,1,genuine_genuine,14,14
data/processed/train/genuine/original_28_15.png,data/processed/train/genuine/original_28_6.png,1,genuine_genuine,28,28
data/processed/train/genuine/original_33_15.png,data/processed/train/genuine/original_33_5.png,1,genuine_genuine,33,33
data/processed/validation/genuine/original_39_1.png,data/processed/train/genuine/original_28_18.png,0,random_forgery,39,28
data/processed/validation/genuine/original_36_15.png,data/processed/validation/genuine/original_36_2.png,1,genuine_genuine,36,36
data/processed/train/genuine/original_18_22.png,data/processed/train/genuine/original_18_23.png,1,genuine_genuine,18,18
data/processed/train/genuine/original_30_1.png,data/processed/train/genuine/original_30_15.png,1,genuine_genuine,30,30
data/processed/train/genuine/original_10_8.png,data/processed/train/forged/forgeries_10_12.png,0,skilled_forgery,10,10
data/processed/train/genuine/original_18_20.png,data/processed/train/genuine/original_18_5.png,1,genuine_genuine,18,18
data/processed/validation/genuine/original_42_21.png,data/processed/validation/genuine/original_42_4.png,1,genuine_genuine,42,42
data/processed/train/genuine/original_34_11.png,data/processed/train/genuine/original_34_2.png,1,genuine_genuine,34,34
data/processed/validation/genuine/original_41_5.png,data/processed/train/genuine/original_13_21.png,0,random_forgery,41,13
data/processed/train/genuine/original_15_4.png,data/processed/train/genuine/original_19_7.png,0,random_forgery,15,19
data/processed/train/genuine/original_32_22.png,data/processed/train/forged/forgeries_32_24.png,0,skilled_forgery,32,32
data/processed/train/genuine/original_14_17.png,data/processed/train/genuine/original_14_21.png,1,genuine_genuine,14,14
data/processed/train/genuine/original_24_9.png,data/processed/train/genuine/original_16_4.png,0,random_forgery,24,16
data/processed/train/genuine/original_29_10.png,data/processed/train/forged/forgeries_29_18.png,0,skilled_forgery,29,29
data/processed/train/genuine/original_22_16.png,data/processed/train/genuine/original_22_3.png,1,genuine_genuine,22,22
data/processed/train/genuine/original_28_14.png,data/processed/train/genuine/original_30_16.png,0,random_forgery,28,30
data/processed/validation/genuine/original_41_9.png,data/processed/validation/forged/forgeries_41_7.png,0,skilled_forgery,41,41
data/processed/train/genuine/original_14_15.png,data/processed/train/genuine/original_14_3.png,1,genuine_genuine,14,14
data/processed/train/genuine/original_15_1.png,data/processed/train/forged/forgeries_15_20.png,0,skilled_forgery,15,15
data/processed/train/genuine/original_27_22.png,data/processed/train/genuine/original_27_5.png,1,genuine_genuine,27,27
data/processed/train/genuine/original_32_1.png,data/processed/train/forged/forgeries_32_11.png,0,skilled_forgery,32,32
data/processed/train/genuine/original_21_16.png,data/processed/train/forged/forgeries_21_9.png,0,skilled_forgery,21,21
data/processed/train/genuine/original_25_12.png,data/processed/train/genuine/original_17_20.png,0,random_forgery,25,17
data/processed/validation/genuine/original_36_19.png,data/processed/validation/forged/forgeries_36_1.png,0,skilled_forgery,36,36
data/processed/validation/genuine/original_41_2.png,data/processed/validation/genuine/original_41_22.png,1,genuine_genuine,41,41
data/processed/validation/genuine/original_44_15.png,data/processed/validation/genuine/original_44_8.png,1,genuine_genuine,44,44
data/processed/train/genuine/original_25_15.png,data/processed/train/genuine/original_25_21.png,1,genuine_genuine,25,25
data/processed/train/genuine/original_16_17.png,data/processed/train/genuine/original_16_9.png,1,genuine_genuine,16,16
data/processed/train/genuine/original_14_8.png,data/processed/validation/genuine/original_41_7.png,0,random_forgery,14,41
data/processed/train/genuine/original_17_10.png,data/processed/train/genuine/original_17_7.png,1,genuine_genuine,17,17
data/processed/train/genuine/original_18_7.png,data/processed/train/forged/forgeries_18_20.png,0,skilled_forgery,18,18
data/processed/train/genuine/original_35_9.png,data/processed/train/genuine/original_23_12.png,0,random_forgery,35,23
data/processed/validation/genuine/original_40_5.png,data/processed/validation/genuine/original_40_6.png,1,genuine_genuine,40,40
data/processed/train/genuine/original_11_8.png,data/processed/train/forged/forgeries_11_21.png,0,skilled_forgery,11,11
data/processed/validation/genuine/original_37_18.png,data/processed/validation/genuine/original_37_21.png,1,genuine_genuine,37,37
data/processed/train/genuine/original_29_13.png,data/processed/train/forged/forgeries_29_4.png,0,skilled_forgery,29,29
data/processed/validation/genuine/original_39_24.png,data/processed/train/genuine/original_32_1.png,0,random_forgery,39,32
data/processed/train/genuine/original_35_14.png,data/processed/train/genuine/original_35_6.png,1,genuine_genuine,35,35
data/processed/train/genuine/original_17_11.png,data/processed/train/genuine/original_17_8.png,1,genuine_genuine,17,17
data/processed/train/genuine/original_34_11.png,data/processed/train/genuine/original_34_18.png,1,genuine_genuine,34,34
data/processed/train/genuine/original_34_17.png,data/processed/train/genuine/original_34_24.png,1,genuine_genuine,34,34
data/processed/train/genuine/original_25_3.png,data/processed/train/forged/forgeries_25_8.png,0,skilled_forgery,25,25
data/processed/train/genuine/original_16_3.png,data/processed/train/genuine/original_16_8.png,1,genuine_genuine,16,16
data/processed/train/genuine/original_31_2.png,data/processed/train/genuine/original_31_6.png,1,genuine_genuine,31,31
data/processed/train/genuine/original_34_21.png,data/processed/train/forged/forgeries_34_3.png,0,skilled_forgery,34,34
data/processed/train/genuine/original_29_14.png,data/processed/train/genuine/original_34_20.png,0,random_forgery,29,34
data/processed/validation/genuine/original_44_16.png,data/processed/validation/genuine/original_44_24.png,1,genuine_genuine,44,44
data/processed/train/genuine/original_35_20.png,data/processed/train/genuine/original_35_23.png,1,genuine_genuine,35,35
data/processed/validation/genuine/original_45_1.png,data/processed/validation/genuine/original_45_22.png,1,genuine_genuine,45,45
data/processed/train/genuine/original_10_11.png,data/processed/train/genuine/original_10_5.png,1,genuine_genuine,10,10
data/processed/train/genuine/original_31_1.png,data/processed/train/forged/forgeries_31_10.png,0,skilled_forgery,31,31
data/processed/train/genuine/original_30_18.png,data/processed/train/genuine/original_30_8.png,1,genuine_genuine,30,30
data/processed/validation/genuine/original_36_1.png,data/processed/validation/forged/forgeries_36_14.png,0,skilled_forgery,36,36
data/processed/train/genuine/original_25_4.png,data/processed/train/genuine/original_25_7.png,1,genuine_genuine,25,25
data/processed/train/genuine/original_10_21.png,data/processed/train/forged/forgeries_10_6.png,0,skilled_forgery,10,10
data/processed/train/genuine/original_34_18.png,data/processed/train/genuine/original_34_24.png,1,genuine_genuine,34,34
data/processed/train/genuine/original_17_24.png,data/processed/validation/genuine/original_45_16.png,0,random_forgery,17,45
data/processed/train/genuine/original_17_17.png,data/processed/train/genuine/original_24_10.png,0,random_forgery,17,24
data/processed/train/genuine/original_17_10.png,data/processed/train/genuine/original_17_6.png,1,genuine_genuine,17,17
data/processed/train/genuine/original_27_1.png,data/processed/train/forged/forgeries_27_17.png,0,skilled_forgery,27,27
data/processed/train/genuine/original_32_2.png,data/processed/train/forged/forgeries_32_17.png,0,skilled_forgery,32,32
data/processed/train/genuine/original_25_19.png,data/processed/train/forged/forgeries_25_15.png,0,skilled_forgery,25,25
data/processed/train/genuine/original_17_13.png,data/processed/train/genuine/original_17_22.png,1,genuine_genuine,17,17
data/processed/train/genuine/original_31_12.png,data/processed/train/genuine/original_31_4.png,1,genuine_genuine,31,31
data/processed/train/genuine/original_25_10.png,data/processed/train/genuine/original_25_20.png,1,genuine_genuine,25,25
data/processed/train/genuine/original_30_14.png,data/processed/train/genuine/original_30_21.png,1,genuine_genuine,30,30
data/processed/train/genuine/original_28_7.png,data/processed/train/forged/forgeries_28_5.png,0,skilled_forgery,28,28
data/processed/train/genuine/original_20_16.png,data/processed/train/genuine/original_20_20.png,1,genuine_genuine,20,20
data/processed/validation/genuine/original_45_1.png,data/processed/validation/genuine/original_45_4.png,1,genuine_genuine,45,45
data/processed/train/genuine/original_32_13.png,data/processed/train/forged/forgeries_32_2.png,0,skilled_forgery,32,32
data/processed/validation/genuine/original_39_16.png,data/processed/validation/genuine/original_39_5.png,1,genuine_genuine,39,39
data/processed/validation/genuine/original_45_11.png,data/processed/validation/genuine/original_45_15.png,1,genuine_genuine,45,45
data/processed/validation/genuine/original_44_6.png,data/processed/validation/forged/forgeries_44_21.png,0,skilled_forgery,44,44
data/processed/train/genuine/original_29_10.png,data/processed/train/genuine/original_29_20.png,1,genuine_genuine,29,29
data/processed/train/genuine/original_24_15.png,data/processed/train/genuine/original_24_21.png,1,genuine_genuine,24,24
data/processed/train/genuine/original_12_15.png,data/processed/train/genuine/original_12_7.png,1,genuine_genuine,12,12
data/processed/train/genuine/original_30_23.png,data/processed/train/forged/forgeries_30_16.png,0,skilled_forgery,30,30
data/processed/validation/genuine/original_44_16.png,data/processed/train/genuine/original_13_23.png,0,random_forgery,44,13
data/processed/train/genuine/original_24_22.png,data/processed/train/genuine/original_30_21.png,0,random_forgery,24,30
data/processed/validation/genuine/original_43_14.png,data/processed/validation/genuine/original_43_2.png,1,genuine_genuine,43,43
data/processed/train/genuine/original_17_6.png,data/processed/validation/genuine/original_40_7.png,0,random_forgery,17,40
data/processed/train/genuine/original_33_2.png,data/processed/train/genuine/original_33_20.png,1,genuine_genuine,33,33
data/processed/train/genuine/original_23_20.png,data/processed/validation/genuine/original_36_8.png,0,random_forgery,23,36
data/processed/validation/genuine/original_36_19.png,data/processed/validation/genuine/original_36_7.png,1,genuine_genuine,36,36
data/processed/train/genuine/original_17_12.png,data/processed/train/genuine/original_23_13.png,0,random_forgery,17,23
data/processed/train/genuine/original_31_21.png,data/processed/validation/genuine/original_38_10.png,0,random_forgery,31,38
data/processed/train/genuine/original_14_14.png,data/processed/validation/genuine/original_42_11.png,0,random_forgery,14,42
data/processed/train/genuine/original_16_12.png,data/processed/train/genuine/original_16_21.png,1,genuine_genuine,16,16
data/processed/train/genuine/original_24_11.png,data/processed/train/forged/forgeries_24_6.png,0,skilled_forgery,24,24
data/processed/validation/genuine/original_42_12.png,data/processed/validation/genuine/original_42_23.png,1,genuine_genuine,42,42
data/processed/train/genuine/original_21_18.png,data/processed/train/forged/forgeries_21_14.png,0,skilled_forgery,21,21
data/processed/train/genuine/original_35_13.png,data/processed/train/genuine/original_29_7.png,0,random_forgery,35,29
data/processed/train/genuine/original_31_5.png,data/processed/train/forged/forgeries_31_10.png,0,skilled_forgery,31,31
data/processed/validation/genuine/original_44_21.png,data/processed/validation/genuine/original_44_5.png,1,genuine_genuine,44,44
data/processed/validation/genuine/original_40_2.png,data/processed/validation/forged/forgeries_40_6.png,0,skilled_forgery,40,40
data/processed/train/genuine/original_21_19.png,data/processed/train/genuine/original_21_3.png,1,genuine_genuine,21,21
data/processed/train/genuine/original_35_19.png,data/processed/train/forged/forgeries_35_5.png,0,skilled_forgery,35,35
data/processed/train/genuine/original_17_14.png,data/processed/train/genuine/original_17_24.png,1,genuine_genuine,17,17
data/processed/train/genuine/original_12_2.png,data/processed/train/genuine/original_12_20.png,1,genuine_genuine,12,12
data/processed/train/genuine/original_21_9.png,data/processed/train/genuine/original_23_1.png,0,random_forgery,21,23
data/processed/train/genuine/original_29_6.png,data/processed/validation/genuine/original_41_10.png,0,random_forgery,29,41
data/processed/train/genuine/original_27_10.png,data/processed/train/genuine/original_27_4.png,1,genuine_genuine,27,27
data/processed/train/genuine/original_30_2.png,data/processed/train/forged/forgeries_30_7.png,0,skilled_forgery,30,30
data/processed/validation/genuine/original_41_6.png,data/processed/train/genuine/original_25_24.png,0,random_forgery,41,25
data/processed/train/genuine/original_22_11.png,data/processed/train/genuine/original_22_9.png,1,genuine_genuine,22,22
data/processed/validation/genuine/original_42_10.png,data/processed/validation/genuine/original_42_24.png,1,genuine_genuine,42,42
data/processed/validation/genuine/original_41_20.png,data/processed/validation/genuine/original_41_6.png,1,genuine_genuine,41,41
data/processed/train/genuine/original_31_18.png,data/processed/train/genuine/original_31_6.png,1,genuine_genuine,31,31
data/processed/train/genuine/original_17_24.png,data/processed/train/forged/forgeries_17_20.png,0,skilled_forgery,17,17
data/processed/validation/genuine/original_41_23.png,data/processed/train/genuine/original_27_2.png,0,random_forgery,41,27
data/processed/train/genuine/original_15_11.png,data/processed/train/forged/forgeries_15_7.png,0,skilled_forgery,15,15
data/processed/train/genuine/original_33_18.png,data/processed/train/forged/forgeries_33_20.png,0,skilled_forgery,33,33
data/processed/train/genuine/original_20_13.png,data/processed/train/genuine/original_20_16.png,1,genuine_genuine,20,20
data/processed/train/genuine/original_16_4.png,data/processed/train/forged/forgeries_16_11.png,0,skilled_forgery,16,16
data/processed/train/genuine/original_20_18.png,data/processed/train/genuine/original_20_6.png,1,genuine_genuine,20,20
data/processed/train/genuine/original_10_18.png,data/processed/validation/genuine/original_41_10.png,0,random_forgery,10,41
data/processed/validation/genuine/original_43_3.png,data/processed/validation/forged/forgeries_43_5.png,0,skilled_forgery,43,43
data/processed/train/genuine/original_27_2.png,data/processed/train/genuine/original_27_9.png,1,genuine_genuine,27,27
data/processed/train/genuine/original_31_1.png,data/processed/train/genuine/original_31_11.png,1,genuine_genuine,31,31
data/processed/train/genuine/original_16_9.png,data/processed/train/genuine/original_35_24.png,0,random_forgery,16,35
data/processed/validation/genuine/original_37_5.png,data/processed/validation/forged/forgeries_37_6.png,0,skilled_forgery,37,37
data/processed/train/genuine/original_12_16.png,data/processed/train/genuine/original_12_6.png,1,genuine_genuine,12,12
data/processed/train/genuine/original_32_15.png,data/processed/train/genuine/original_32_19.png,1,genuine_genuine,32,32
data/processed/train/genuine/original_27_1.png,data/processed/train/genuine/original_27_18.png,1,genuine_genuine,27,27
data/processed/train/genuine/original_14_22.png,data/processed/train/forged/forgeries_14_9.png,0,skilled_forgery,14,14
data/processed/train/genuine/original_14_13.png,data/processed/train/genuine/original_14_2.png,1,genuine_genuine,14,14
data/processed/train/genuine/original_26_24.png,data/processed/train/forged/forgeries_26_24.png,0,skilled_forgery,26,26
data/processed/train/genuine/original_28_10.png,data/processed/train/genuine/original_28_2.png,1,genuine_genuine,28,28
data/processed/validation/genuine/original_43_17.png,data/processed/validation/forged/forgeries_43_17.png,0,skilled_forgery,43,43
data/processed/train/genuine/original_23_17.png,data/processed/train/forged/forgeries_23_24.png,0,skilled_forgery,23,23
data/processed/train/genuine/original_28_20.png,data/processed/train/genuine/original_28_8.png,1,genuine_genuine,28,28
data/processed/train/genuine/original_32_20.png,data/processed/train/genuine/original_32_23.png,1,genuine_genuine,32,32
data/processed/train/genuine/original_11_1.png,data/processed/train/genuine/original_11_24.png,1,genuine_genuine,11,11
data/processed/train/genuine/original_30_24.png,data/processed/train/genuine/original_22_6.png,0,random_forgery,30,22
data/processed/validation/genuine/original_45_22.png,data/processed/validation/genuine/original_45_24.png,1,genuine_genuine,45,45
data/processed/train/genuine/original_25_24.png,data/processed/validation/genuine/original_40_6.png,0,random_forgery,25,40
data/processed/train/genuine/original_21_1.png,data/processed/train/genuine/original_21_9.png,1,genuine_genuine,21,21
data/processed/train/genuine/original_13_16.png,data/processed/train/genuine/original_13_24.png,1,genuine_genuine,13,13
data/processed/train/genuine/original_18_5.png,data/processed/train/genuine/original_25_9.png,0,random_forgery,18,25
data/processed/train/genuine/original_34_1.png,data/processed/train/forged/forgeries_34_18.png,0,skilled_forgery,34,34
data/processed/train/genuine/original_28_23.png,data/processed/train/genuine/original_28_9.png,1,genuine_genuine,28,28
data/processed/validation/genuine/original_42_5.png,data/processed/validation/forged/forgeries_42_15.png,0,skilled_forgery,42,42
data/processed/validation/genuine/original_40_14.png,data/processed/validation/genuine/original_40_24.png,1,genuine_genuine,40,40
data/processed/train/genuine/original_31_24.png,data/processed/train/forged/forgeries_31_17.png,0,skilled_forgery,31,31
data/processed/train/genuine/original_10_2.png,data/processed/train/genuine/original_10_4.png,1,genuine_genuine,10,10
data/processed/validation/genuine/original_38_1.png,data/processed/validation/genuine/original_38_22.png,1,genuine_genuine,38,38
data/processed/train/genuine/original_15_14.png,data/processed/train/genuine/original_15_8.png,1,genuine_genuine,15,15
data/processed/train/genuine/original_30_20.png,data/processed/train/forged/forgeries_30_24.png,0,skilled_forgery,30,30
data/processed/train/genuine/original_23_10.png,data/processed/train/genuine/original_23_12.png,1,genuine_genuine,23,23
data/processed/train/genuine/original_29_18.png,data/processed/train/genuine/original_29_2.png,1,genuine_genuine,29,29
data/processed/train/genuine/original_26_10.png,data/processed/validation/genuine/original_37_6.png,0,random_forgery,26,37
data/processed/train/genuine/original_27_10.png,data/processed/train/forged/forgeries_27_14.png,0,skilled_forgery,27,27
data/processed/train/genuine/original_10_23.png,data/processed/train/forged/forgeries_10_20.png,0,skilled_forgery,10,10
data/processed/train/genuine/original_24_2.png,data/processed/train/genuine/original_24_3.png,1,genuine_genuine,24,24
data/processed/train/genuine/original_21_22.png,data/processed/train/forged/forgeries_21_15.png,0,skilled_forgery,21,21
data/processed/train/genuine/original_27_12.png,data/processed/train/genuine/original_27_23.png,1,genuine_genuine,27,27
data/processed/train/genuine/original_30_14.png,data/processed/train/genuine/original_30_3.png,1,genuine_genuine,30,30
data/processed/validation/genuine/original_44_5.png,data/processed/validation/genuine/original_44_7.png,1,genuine_genuine,44,44
data/processed/train/genuine/original_34_18.png,data/processed/train/genuine/original_34_20.png,1,genuine_genuine,34,34
data/processed/train/genuine/original_10_12.png,data/processed/train/genuine/original_10_8.png,1,genuine_genuine,10,10
data/processed/train/genuine/original_16_21.png,data/processed/train/forged/forgeries_16_8.png,0,skilled_forgery,16,16
data/processed/train/genuine/original_13_14.png,data/processed/train/genuine/original_13_5.png,1,genuine_genuine,13,13
data/processed/train/genuine/original_30_20.png,data/processed/train/genuine/original_17_9.png,0,random_forgery,30,17
data/processed/validation/genuine/original_39_12.png,data/processed/train/genuine/original_26_8.png,0,random_forgery,39,26
data/processed/train/genuine/original_16_19.png,data/processed/train/genuine/original_16_8.png,1,genuine_genuine,16,16
data/processed/train/genuine/original_19_20.png,data/processed/validation/genuine/original_37_16.png,0,random_forgery,19,37
data/processed/train/genuine/original_11_19.png,data/processed/train/genuine/original_11_24.png,1,genuine_genuine,11,11
data/processed/train/genuine/original_29_6.png,data/processed/train/forged/forgeries_29_6.png,0,skilled_forgery,29,29
data/processed/train/genuine/original_30_9.png,data/processed/train/genuine/original_34_9.png,0,random_forgery,30,34
data/processed/train/genuine/original_19_13.png,data/processed/train/genuine/original_19_6.png,1,genuine_genuine,19,19
data/processed/validation/genuine/original_38_13.png,data/processed/validation/forged/forgeries_38_10.png,0,skilled_forgery,38,38
data/processed/validation/genuine/original_45_22.png,data/processed/train/genuine/original_10_22.png,0,random_forgery,45,10
data/processed/train/genuine/original_13_10.png,data/processed/train/genuine/original_13_7.png,1,genuine_genuine,13,13
data/processed/train/genuine/original_31_3.png,data/processed/train/forged/forgeries_31_7.png,0,skilled_forgery,31,31
data/processed/validation/genuine/original_43_6.png,data/processed/train/genuine/original_24_1.png,0,random_forgery,43,24
data/processed/validation/genuine/original_36_17.png,data/processed/validation/genuine/original_36_3.png,1,genuine_genuine,36,36
data/processed/train/genuine/original_30_16.png,data/processed/train/forged/forgeries_30_17.png,0,skilled_forgery,30,30
data/processed/train/genuine/original_15_2.png,data/processed/train/forged/forgeries_15_18.png,0,skilled_forgery,15,15
data/processed/train/genuine/original_23_1.png,data/processed/validation/genuine/original_41_24.png,0,random_forgery,23,41
data/processed/train/genuine/original_34_15.png,data/processed/train/genuine/original_34_2.png,1,genuine_genuine,34,34
data/processed/train/genuine/original_32_6.png,data/processed/train/forged/forgeries_32_24.png,0,skilled_forgery,32,32
data/processed/train/genuine/original_33_22.png,data/processed/train/forged/forgeries_33_6.png,0,skilled_forgery,33,33
data/processed/train/genuine/original_14_1.png,data/processed/train/forged/forgeries_14_9.png,0,skilled_forgery,14,14
data/processed/train/genuine/original_15_11.png,data/processed/train/genuine/original_15_22.png,1,genuine_genuine,15,15
data/processed/validation/genuine/original_38_18.png,data/processed/validation/genuine/original_38_4.png,1,genuine_genuine,38,38
data/processed/validation/genuine/original_39_23.png,data/processed/validation/genuine/original_39_9.png,1,genuine_genuine,39,39
data/processed/train/genuine/original_16_22.png,data/processed/train/forged/forgeries_16_12.png,0,skilled_forgery,16,16
data/processed/train/genuine/original_28_1.png,data/processed/train/genuine/original_28_4.png,1,genuine_genuine,28,28
data/processed/train/genuine/original_28_14.png,data/processed/train/forged/forgeries_28_19.png,0,skilled_forgery,28,28
data/processed/validation/genuine/original_44_2.png,data/processed/validation/genuine/original_44_5.png,1,genuine_genuine,44,44
data/processed/train/genuine/original_23_1.png,data/processed/train/genuine/original_35_4.png,0,random_forgery,23,35
data/processed/train/genuine/original_14_21.png,data/processed/train/genuine/original_14_23.png,1,genuine_genuine,14,14
data/processed/train/genuine/original_21_15.png,data/processed/validation/genuine/original_36_18.png,0,random_forgery,21,36
data/processed/train/genuine/original_24_15.png,data/processed/validation/genuine/original_36_5.png,0,random_forgery,24,36
data/processed/train/genuine/original_10_10.png,data/processed/train/forged/forgeries_10_20.png,0,skilled_forgery,10,10
data/processed/train/genuine/original_35_22.png,data/processed/train/genuine/original_35_23.png,1,genuine_genuine,35,35
data/processed/train/genuine/original_27_1.png,data/processed/train/genuine/original_27_3.png,1,genuine_genuine,27,27
data/processed/validation/genuine/original_45_11.png,data/processed/train/genuine/original_25_19.png,0,random_forgery,45,25
data/processed/train/genuine/original_25_8.png,data/processed/train/forged/forgeries_25_18.png,0,skilled_forgery,25,25
data/processed/train/genuine/original_35_6.png,data/processed/train/genuine/original_35_9.png,1,genuine_genuine,35,35
data/processed/train/genuine/original_29_14.png,data/processed/train/genuine/original_29_17.png,1,genuine_genuine,29,29
data/processed/train/genuine/original_35_5.png,data/processed/train/genuine/original_21_9.png,0,random_forgery,35,21
data/processed/train/genuine/original_24_10.png,data/processed/train/genuine/original_24_20.png,1,genuine_genuine,24,24
data/processed/train/genuine/original_28_2.png,data/processed/validation/genuine/original_45_3.png,0,random_forgery,28,45
data/processed/train/genuine/original_35_10.png,data/processed/train/genuine/original_35_16.png,1,genuine_genuine,35,35
data/processed/validation/genuine/original_39_4.png,data/processed/validation/genuine/original_45_2.png,0,random_forgery,39,45
data/processed/validation/genuine/original_39_5.png,data/processed/validation/forged/forgeries_39_1.png,0,skilled_forgery,39,39
data/processed/train/genuine/original_10_15.png,data/processed/train/genuine/original_10_8.png,1,genuine_genuine,10,10
data/processed/train/genuine/original_25_18.png,data/processed/train/genuine/original_25_5.png,1,genuine_genuine,25,25
data/processed/train/genuine/original_19_6.png,data/processed/validation/genuine/original_42_21.png,0,random_forgery,19,42
data/processed/train/genuine/original_18_1.png,data/processed/train/forged/forgeries_18_2.png,0,skilled_forgery,18,18
data/processed/train/genuine/original_27_15.png,data/processed/train/forged/forgeries_27_16.png,0,skilled_forgery,27,27
data/processed/train/genuine/original_34_17.png,data/processed/train/genuine/original_34_19.png,1,genuine_genuine,34,34
data/processed/validation/genuine/original_37_24.png,data/processed/validation/genuine/original_37_4.png,1,genuine_genuine,37,37
data/processed/train/genuine/original_30_2.png,data/processed/train/forged/forgeries_30_23.png,0,skilled_forgery,30,30
data/processed/train/genuine/original_33_12.png,data/processed/train/genuine/original_33_8.png,1,genuine_genuine,33,33
data/processed/train/genuine/original_19_14.png,data/processed/train/forged/forgeries_19_5.png,0,skilled_forgery,19,19
data/processed/validation/genuine/original_37_23.png,data/processed/validation/forged/forgeries_37_10.png,0,skilled_forgery,37,37
data/processed/validation/genuine/original_36_13.png,data/processed/validation/genuine/original_36_5.png,1,genuine_genuine,36,36
data/processed/train/genuine/original_35_1.png,data/processed/train/genuine/original_35_12.png,1,genuine_genuine,35,35
data/processed/train/genuine/original_27_23.png,data/processed/train/genuine/original_27_4.png,1,genuine_genuine,27,27
data/processed/train/genuine/original_18_12.png,data/processed/train/genuine/original_18_22.png,1,genuine_genuine,18,18
data/processed/train/genuine/original_34_3.png,data/processed/train/genuine/original_24_7.png,0,random_forgery,34,24
data/processed/train/genuine/original_16_18.png,data/processed/train/genuine/original_16_8.png,1,genuine_genuine,16,16
data/processed/train/genuine/original_13_14.png,data/processed/train/genuine/original_13_9.png,1,genuine_genuine,13,13
data/processed/train/genuine/original_25_20.png,data/processed/train/genuine/original_25_9.png,1,genuine_genuine,25,25
data/processed/train/genuine/original_31_23.png,data/processed/validation/genuine/original_44_3.png,0,random_forgery,31,44
data/processed/validation/genuine/original_45_2.png,data/processed/validation/genuine/original_45_4.png,1,genuine_genuine,45,45
data/processed/train/genuine/original_24_14.png,data/processed/train/genuine/original_24_6.png,1,genuine_genuine,24,24
data/processed/validation/genuine/original_37_12.png,data/processed/validation/forged/forgeries_37_15.png,0,skilled_forgery,37,37
data/processed/validation/genuine/original_37_23.png,data/processed/train/genuine/original_25_13.png,0,random_forgery,37,25
data/processed/train/genuine/original_26_16.png,data/processed/train/genuine/original_20_20.png,0,random_forgery,26,20
data/processed/train/genuine/original_13_11.png,data/processed/train/genuine/original_13_6.png,1,genuine_genuine,13,13
data/processed/train/genuine/original_20_2.png,data/processed/train/genuine/original_16_19.png,0,random_forgery,20,16
data/processed/train/genuine/original_33_4.png,data/processed/train/forged/forgeries_33_15.png,0,skilled_forgery,33,33
data/processed/validation/genuine/original_39_17.png,data/processed/validation/genuine/original_39_6.png,1,genuine_genuine,39,39
data/processed/validation/genuine/original_40_20.png,data/processed/validation/forged/forgeries_40_24.png,0,skilled_forgery,40,40
data/processed/train/genuine/original_35_24.png,data/processed/train/genuine/original_30_19.png,0,random_forgery,35,30
data/processed/train/genuine/original_15_23.png,data/processed/train/genuine/original_15_6.png,1,genuine_genuine,15,15
data/processed/train/genuine/original_12_16.png,data/processed/train/forged/forgeries_12_4.png,0,skilled_forgery,12,12
data/processed/train/genuine/original_33_14.png,data/processed/train/forged/forgeries_33_11.png,0,skilled_forgery,33,33
data/processed/train/genuine/original_32_2.png,data/processed/train/genuine/original_32_20.png,1,genuine_genuine,32,32
data/processed/train/genuine/original_16_21.png,data/processed/train/genuine/original_16_8.png,1,genuine_genuine,16,16
data/processed/train/genuine/original_34_18.png,data/processed/train/forged/forgeries_34_1.png,0,skilled_forgery,34,34
data/processed/train/genuine/original_31_2.png,data/processed/train/forged/forgeries_31_1.png,0,skilled_forgery,31,31
data/processed/train/genuine/original_31_14.png,data/processed/train/forged/forgeries_31_6.png,0,skilled_forgery,31,31
data/processed/train/genuine/original_17_15.png,data/processed/train/forged/forgeries_17_3.png,0,skilled_forgery,17,17
data/processed/validation/genuine/original_44_8.png,data/processed/train/genuine/original_24_15.png,0,random_forgery,44,24
data/processed/train/genuine/original_28_6.png,data/processed/train/forged/forgeries_28_6.png,0,skilled_forgery,28,28
data/processed/validation/genuine/original_44_21.png,data/processed/validation/genuine/original_44_22.png,1,genuine_genuine,44,44
data/processed/train/genuine/original_26_24.png,data/processed/train/genuine/original_26_9.png,1,genuine_genuine,26,26
data/processed/train/genuine/original_28_7.png,data/processed/train/genuine/original_28_9.png,1,genuine_genuine,28,28
data/processed/train/genuine/original_34_13.png,data/processed/train/forged/forgeries_34_18.png,0,skilled_forgery,34,34
data/processed/train/genuine/original_34_13.png,data/processed/train/forged/forgeries_34_2.png,0,skilled_forgery,34,34
data/processed/train/genuine/original_11_16.png,data/processed/train/genuine/original_11_5.png,1,genuine_genuine,11,11
data/processed/validation/genuine/original_44_23.png,data/processed/validation/forged/forgeries_44_3.png,0,skilled_forgery,44,44
data/processed/train/genuine/original_15_23.png,data/processed/train/forged/forgeries_15_7.png,0,skilled_forgery,15,15
data/processed/train/genuine/original_25_5.png,data/processed/train/genuine/original_20_2.png,0,random_forgery,25,20
data/processed/train/genuine/original_20_14.png,data/processed/train/forged/forgeries_20_6.png,0,skilled_forgery,20,20
data/processed/train/genuine/original_35_4.png,data/processed/train/forged/forgeries_35_6.png,0,skilled_forgery,35,35
data/processed/validation/genuine/original_37_2.png,data/processed/validation/forged/forgeries_37_5.png,0,skilled_forgery,37,37
data/processed/train/genuine/original_19_1.png,data/processed/train/forged/forgeries_19_22.png,0,skilled_forgery,19,19
data/processed/train/genuine/original_31_22.png,data/processed/train/forged/forgeries_31_10.png,0,skilled_forgery,31,31
data/processed/validation/genuine/original_40_11.png,data/processed/validation/forged/forgeries_40_13.png,0,skilled_forgery,40,40
data/processed/train/genuine/original_13_2.png,data/processed/train/genuine/original_13_9.png,1,genuine_genuine,13,13
data/processed/validation/genuine/original_38_14.png,data/processed/validation/genuine/original_45_19.png,0,random_forgery,38,45
data/processed/validation/genuine/original_36_20.png,data/processed/train/genuine/original_34_13.png,0,random_forgery,36,34
data/processed/train/genuine/original_33_2.png,data/processed/train/genuine/original_33_22.png,1,genuine_genuine,33,33
data/processed/train/genuine/original_14_12.png,data/processed/validation/genuine/original_37_17.png,0,random_forgery,14,37
data/processed/validation/genuine/original_39_19.png,data/processed/train/genuine/original_24_11.png,0,random_forgery,39,24
data/processed/train/genuine/original_24_17.png,data/processed/train/genuine/original_24_9.png,1,genuine_genuine,24,24
data/processed/train/genuine/original_24_12.png,data/processed/train/genuine/original_24_23.png,1,genuine_genuine,24,24
data/processed/validation/genuine/original_40_4.png,data/processed/validation/forged/forgeries_40_24.png,0,skilled_forgery,40,40
data/processed/train/genuine/original_18_22.png,data/processed/train/genuine/original_34_13.png,0,random_forgery,18,34
data/processed/train/genuine/original_16_4.png,data/processed/train/genuine/original_16_9.png,1,genuine_genuine,16,16
data/processed/validation/genuine/original_39_5.png,data/processed/train/genuine/original_12_11.png,0,random_forgery,39,12
data/processed/validation/genuine/original_44_10.png,data/processed/train/genuine/original_23_5.png,0,random_forgery,44,23
data/processed/train/genuine/original_32_15.png,data/processed/train/genuine/original_32_5.png,1,genuine_genuine,32,32
data/processed/validation/genuine/original_41_8.png,data/processed/validation/forged/forgeries_41_4.png,0,skilled_forgery,41,41
data/processed/validation/genuine/original_39_10.png,data/processed/validation/genuine/original_39_14.png,1,genuine_genuine,39,39
data/processed/validation/genuine/original_45_14.png,data/processed/validation/forged/forgeries_45_10.png,0,skilled_forgery,45,45
data/processed/train/genuine/original_20_19.png,data/processed/train/genuine/original_10_15.png,0,random_forgery,20,10
data/processed/train/genuine/original_24_16.png,data/processed/train/forged/forgeries_24_19.png,0,skilled_forgery,24,24
data/processed/train/genuine/original_15_4.png,data/processed/train/forged/forgeries_15_1.png,0,skilled_forgery,15,15
data/processed/train/genuine/original_14_4.png,data/processed/train/forged/forgeries_14_1.png,0,skilled_forgery,14,14
data/processed/train/genuine/original_33_7.png,data/processed/train/forged/forgeries_33_9.png,0,skilled_forgery,33,33
data/processed/train/genuine/original_28_2.png,data/processed/train/forged/forgeries_28_16.png,0,skilled_forgery,28,28
data/processed/train/genuine/original_16_1.png,data/processed/train/forged/forgeries_16_18.png,0,skilled_forgery,16,16
data/processed/validation/genuine/original_43_16.png,data/processed/validation/forged/forgeries_43_8.png,0,skilled_forgery,43,43
data/processed/train/genuine/original_18_22.png,data/processed/train/genuine/original_18_5.png,1,genuine_genuine,18,18
data/processed/train/genuine/original_33_13.png,data/processed/train/genuine/original_33_19.png,1,genuine_genuine,33,33
data/processed/train/genuine/original_17_16.png,data/processed/train/forged/forgeries_17_19.png,0,skilled_forgery,17,17
data/processed/train/genuine/original_14_14.png,data/processed/train/genuine/original_14_6.png,1,genuine_genuine,14,14
data/processed/train/genuine/original_11_16.png,data/processed/train/forged/forgeries_11_13.png,0,skilled_forgery,11,11
data/processed/train/genuine/original_10_14.png,data/processed/train/forged/forgeries_10_2.png,0,skilled_forgery,10,10
data/processed/train/genuine/original_11_13.png,data/processed/train/genuine/original_11_14.png,1,genuine_genuine,11,11
data/processed/train/genuine/original_17_1.png,data/processed/train/forged/forgeries_17_20.png,0,skilled_forgery,17,17
data/processed/train/genuine/original_15_12.png,data/processed/train/genuine/original_15_9.png,1,genuine_genuine,15,15
data/processed/train/genuine/original_11_1.png,data/processed/train/genuine/original_16_17.png,0,random_forgery,11,16
data/processed/train/genuine/original_34_4.png,data/processed/train/genuine/original_24_8.png,0,random_forgery,34,24
data/processed/train/genuine/original_30_11.png,data/processed/train/forged/forgeries_30_23.png,0,skilled_forgery,30,30
data/processed/validation/genuine/original_39_10.png,data/processed/validation/genuine/original_39_18.png,1,genuine_genuine,39,39
data/processed/train/genuine/original_13_15.png,data/processed/validation/genuine/original_42_9.png,0,random_forgery,13,42
data/processed/train/genuine/original_29_1.png,data/processed/train/genuine/original_29_15.png,1,genuine_genuine,29,29
data/processed/validation/genuine/original_44_1.png,data/processed/validation/genuine/original_44_13.png,1,genuine_genuine,44,44
data/processed/validation/genuine/original_36_1.png,data/processed/validation/genuine/original_36_14.png,1,genuine_genuine,36,36
data/processed/validation/genuine/original_38_11.png,data/processed/validation/genuine/original_38_19.png,1,genuine_genuine,38,38
data/processed/train/genuine/original_31_8.png,data/processed/train/forged/forgeries_31_17.png,0,skilled_forgery,31,31
data/processed/validation/genuine/original_41_21.png,data/processed/validation/genuine/original_41_3.png,1,genuine_genuine,41,41
data/processed/validation/genuine/original_39_19.png,data/processed/validation/genuine/original_39_2.png,1,genuine_genuine,39,39
data/processed/train/genuine/original_34_15.png,data/processed/train/forged/forgeries_34_14.png,0,skilled_forgery,34,34
data/processed/train/genuine/original_17_8.png,data/processed/train/genuine/original_17_9.png,1,genuine_genuine,17,17
data/processed/train/genuine/original_14_14.png,data/processed/train/genuine/original_14_16.png,1,genuine_genuine,14,14
data/processed/validation/genuine/original_40_5.png,data/processed/train/genuine/original_14_23.png,0,random_forgery,40,14
data/processed/train/genuine/original_23_1.png,data/processed/train/forged/forgeries_23_6.png,0,skilled_forgery,23,23
data/processed/train/genuine/original_19_18.png,data/processed/train/forged/forgeries_19_18.png,0,skilled_forgery,19,19
data/processed/train/genuine/original_31_16.png,data/processed/train/genuine/original_26_1.png,0,random_forgery,31,26
data/processed/train/genuine/original_27_12.png,data/processed/validation/genuine/original_39_10.png,0,random_forgery,27,39
data/processed/validation/genuine/original_42_19.png,data/processed/validation/genuine/original_42_22.png,1,genuine_genuine,42,42
data/processed/validation/genuine/original_42_2.png,data/processed/validation/forged/forgeries_42_12.png,0,skilled_forgery,42,42
data/processed/train/genuine/original_30_13.png,data/processed/train/genuine/original_14_8.png,0,random_forgery,30,14
data/processed/validation/genuine/original_38_22.png,data/processed/validation/forged/forgeries_38_24.png,0,skilled_forgery,38,38
data/processed/train/genuine/original_25_17.png,data/processed/train/genuine/original_25_2.png,1,genuine_genuine,25,25
data/processed/train/genuine/original_29_19.png,data/processed/train/genuine/original_29_20.png,1,genuine_genuine,29,29
data/processed/validation/genuine/original_40_20.png,data/processed/validation/forged/forgeries_40_5.png,0,skilled_forgery,40,40
data/processed/validation/genuine/original_43_3.png,data/processed/validation/forged/forgeries_43_24.png,0,skilled_forgery,43,43
data/processed/train/genuine/original_33_10.png,data/processed/train/genuine/original_14_17.png,0,random_forgery,33,14
data/processed/train/genuine/original_23_19.png,data/processed/train/genuine/original_23_22.png,1,genuine_genuine,23,23
data/processed/validation/genuine/original_38_4.png,data/processed/validation/forged/forgeries_38_13.png,0,skilled_forgery,38,38
data/processed/train/genuine/original_10_10.png,data/processed/train/genuine/original_10_24.png,1,genuine_genuine,10,10
data/processed/train/genuine/original_10_15.png,data/processed/train/genuine/original_10_5.png,1,genuine_genuine,10,10
data/processed/train/genuine/original_13_10.png,data/processed/train/genuine/original_10_16.png,0,random_forgery,13,10
data/processed/train/genuine/original_22_12.png,data/processed/train/genuine/original_22_3.png,1,genuine_genuine,22,22
data/processed/train/genuine/original_21_13.png,data/processed/train/genuine/original_21_7.png,1,genuine_genuine,21,21
data/processed/validation/genuine/original_36_2.png,data/processed/validation/genuine/original_36_24.png,1,genuine_genuine,36,36
data/processed/train/genuine/original_13_2.png,data/processed/validation/genuine/original_45_15.png,0,random_forgery,13,45
data/processed/train/genuine/original_18_9.png,data/processed/train/forged/forgeries_18_15.png,0,skilled_forgery,18,18
data/processed/validation/genuine/original_45_15.png,data/processed/validation/genuine/original_45_21.png,1,genuine_genuine,45,45
data/processed/train/genuine/original_25_20.png,data/processed/train/forged/forgeries_25_14.png,0,skilled_forgery,25,25
data/processed/train/genuine/original_25_15.png,data/processed/train/forged/forgeries_25_8.png,0,skilled_forgery,25,25
data/processed/train/genuine/original_10_3.png,data/processed/train/forged/forgeries_10_8.png,0,skilled_forgery,10,10
data/processed/train/genuine/original_21_24.png,data/processed/train/genuine/original_21_9.png,1,genuine_genuine,21,21
data/processed/train/genuine/original_17_13.png,data/processed/train/genuine/original_12_12.png,0,random_forgery,17,12
data/processed/train/genuine/original_34_11.png,data/processed/train/genuine/original_34_23.png,1,genuine_genuine,34,34
data/processed/validation/genuine/original_45_13.png,data/processed/train/genuine/original_34_1.png,0,random_forgery,45,34
data/processed/train/genuine/original_30_11.png,data/processed/train/genuine/original_30_4.png,1,genuine_genuine,30,30
data/processed/validation/genuine/original_37_15.png,data/processed/train/genuine/original_29_7.png,0,random_forgery,37,29
data/processed/validation/genuine/original_40_10.png,data/processed/validation/genuine/original_40_19.png,1,genuine_genuine,40,40
data/processed/train/genuine/original_14_8.png,data/processed/train/forged/forgeries_14_12.png,0,skilled_forgery,14,14
data/processed/train/genuine/original_20_3.png,data/processed/train/genuine/original_17_9.png,0,random_forgery,20,17
data/processed/train/genuine/original_19_20.png,data/processed/train/genuine/original_19_5.png,1,genuine_genuine,19,19
data/processed/train/genuine/original_21_14.png,data/processed/train/forged/forgeries_21_10.png,0,skilled_forgery,21,21
data/processed/validation/genuine/original_43_10.png,data/processed/validation/forged/forgeries_43_9.png,0,skilled_forgery,43,43
data/processed/train/genuine/original_28_20.png,data/processed/train/genuine/original_28_22.png,1,genuine_genuine,28,28
data/processed/train/genuine/original_16_1.png,data/processed/train/genuine/original_16_13.png,1,genuine_genuine,16,16
data/processed/train/genuine/original_22_5.png,data/processed/train/genuine/original_22_8.png,1,genuine_genuine,22,22
data/processed/validation/genuine/original_37_10.png,data/processed/validation/genuine/original_37_5.png,1,genuine_genuine,37,37
data/processed/train/genuine/original_35_11.png,data/processed/train/genuine/original_17_19.png,0,random_forgery,35,17
data/processed/train/genuine/original_27_21.png,data/processed/train/forged/forgeries_27_16.png,0,skilled_forgery,27,27
data/processed/train/genuine/original_15_2.png,data/processed/train/genuine/original_34_20.png,0,random_forgery,15,34
data/processed/train/genuine/original_31_15.png,data/processed/train/genuine/original_34_20.png,0,random_forgery,31,34
data/processed/validation/genuine/original_45_21.png,data/processed/validation/forged/forgeries_45_16.png,0,skilled_forgery,45,45
data/processed/validation/genuine/original_37_13.png,data/processed/validation/genuine/original_37_5.png,1,genuine_genuine,37,37
data/processed/validation/genuine/original_39_12.png,data/processed/validation/genuine/original_39_4.png,1,genuine_genuine,39,39
data/processed/train/genuine/original_28_1.png,data/processed/train/genuine/original_28_23.png,1,genuine_genuine,28,28
data/processed/train/genuine/original_12_1.png,data/processed/train/genuine/original_12_15.png,1,genuine_genuine,12,12
data/processed/validation/genuine/original_37_12.png,data/processed/validation/forged/forgeries_37_11.png,0,skilled_forgery,37,37
data/processed/train/genuine/original_16_10.png,data/processed/train/genuine/original_24_14.png,0,random_forgery,16,24
data/processed/train/genuine/original_24_19.png,data/processed/train/genuine/original_34_21.png,0,random_forgery,24,34
data/processed/train/genuine/original_24_11.png,data/processed/train/genuine/original_24_21.png,1,genuine_genuine,24,24
data/processed/train/genuine/original_17_15.png,data/processed/train/genuine/original_17_20.png,1,genuine_genuine,17,17
data/processed/train/genuine/original_32_24.png,data/processed/train/genuine/original_32_6.png,1,genuine_genuine,32,32
data/processed/validation/genuine/original_44_14.png,data/processed/validation/genuine/original_44_21.png,1,genuine_genuine,44,44
data/processed/train/genuine/original_27_1.png,data/processed/train/genuine/original_27_24.png,1,genuine_genuine,27,27
data/processed/train/genuine/original_15_1.png,data/processed/train/genuine/original_15_5.png,1,genuine_genuine,15,15
data/processed/train/genuine/original_29_2.png,data/processed/train/forged/forgeries_29_23.png,0,skilled_forgery,29,29
data/processed/train/genuine/original_31_24.png,data/processed/train/genuine/original_22_8.png,0,random_forgery,31,22
data/processed/train/genuine/original_26_15.png,data/processed/train/genuine/original_26_6.png,1,genuine_genuine,26,26
data/processed/validation/genuine/original_37_5.png,data/processed/validation/forged/forgeries_37_13.png,0,skilled_forgery,37,37
data/processed/train/genuine/original_28_10.png,data/processed/train/genuine/original_28_12.png,1,genuine_genuine,28,28
data/processed/train/genuine/original_28_6.png,data/processed/train/forged/forgeries_28_3.png,0,skilled_forgery,28,28
data/processed/train/genuine/original_14_11.png,data/processed/train/forged/forgeries_14_24.png,0,skilled_forgery,14,14
data/processed/train/genuine/original_17_20.png,data/processed/train/genuine/original_17_8.png,1,genuine_genuine,17,17
data/processed/train/genuine/original_21_7.png,data/processed/validation/genuine/original_44_5.png,0,random_forgery,21,44
data/processed/validation/genuine/original_44_12.png,data/processed/validation/genuine/original_44_13.png,1,genuine_genuine,44,44
data/processed/train/genuine/original_19_15.png,data/processed/train/genuine/original_19_3.png,1,genuine_genuine,19,19
data/processed/validation/genuine/original_40_18.png,data/processed/validation/forged/forgeries_40_8.png,0,skilled_forgery,40,40
data/processed/train/genuine/original_14_17.png,data/processed/train/genuine/original_14_23.png,1,genuine_genuine,14,14
data/processed/train/genuine/original_33_18.png,data/processed/train/genuine/original_33_5.png,1,genuine_genuine,33,33
data/processed/train/genuine/original_35_24.png,data/processed/train/genuine/original_35_8.png,1,genuine_genuine,35,35
data/processed/validation/genuine/original_43_17.png,data/processed/validation/genuine/original_43_5.png,1,genuine_genuine,43,43
data/processed/train/genuine/original_17_7.png,data/processed/train/forged/forgeries_17_17.png,0,skilled_forgery,17,17
data/processed/validation/genuine/original_38_8.png,data/processed/train/genuine/original_11_16.png,0,random_forgery,38,11
data/processed/train/genuine/original_17_14.png,data/processed/train/genuine/original_17_3.png,1,genuine_genuine,17,17
data/processed/train/genuine/original_33_4.png,data/processed/validation/genuine/original_38_19.png,0,random_forgery,33,38
data/processed/train/genuine/original_20_1.png,data/processed/train/genuine/original_20_18.png,1,genuine_genuine,20,20
data/processed/validation/genuine/original_37_14.png,data/processed/validation/genuine/original_37_19.png,1,genuine_genuine,37,37
data/processed/train/genuine/original_27_19.png,data/processed/train/forged/forgeries_27_7.png,0,skilled_forgery,27,27
data/processed/train/genuine/original_34_2.png,data/processed/train/genuine/original_34_4.png,1,genuine_genuine,34,34
data/processed/validation/genuine/original_37_19.png,data/processed/validation/genuine/original_37_24.png,1,genuine_genuine,37,37
data/processed/validation/genuine/original_40_11.png,data/processed/validation/genuine/original_40_6.png,1,genuine_genuine,40,40
data/processed/validation/genuine/original_44_20.png,data/processed/validation/forged/forgeries_44_1.png,0,skilled_forgery,44,44
data/processed/train/genuine/original_23_20.png,data/processed/train/genuine/original_23_5.png,1,genuine_genuine,23,23
data/processed/train/genuine/original_26_16.png,data/processed/train/genuine/original_26_7.png,1,genuine_genuine,26,26
data/processed/validation/genuine/original_39_18.png,data/processed/validation/genuine/original_39_3.png,1,genuine_genuine,39,39
data/processed/validation/genuine/original_37_2.png,data/processed/validation/genuine/original_37_6.png,1,genuine_genuine,37,37
data/processed/validation/genuine/original_41_5.png,data/processed/validation/forged/forgeries_41_5.png,0,skilled_forgery,41,41
data/processed/train/genuine/original_33_24.png,data/processed/train/genuine/original_15_4.png,0,random_forgery,33,15
data/processed/train/genuine/original_10_14.png,data/processed/train/genuine/original_10_8.png,1,genuine_genuine,10,10
data/processed/train/genuine/original_24_10.png,data/processed/train/genuine/original_26_17.png,0,random_forgery,24,26
data/processed/train/genuine/original_28_19.png,data/processed/train/forged/forgeries_28_21.png,0,skilled_forgery,28,28
data/processed/train/genuine/original_22_16.png,data/processed/train/genuine/original_22_4.png,1,genuine_genuine,22,22
data/processed/train/genuine/original_26_14.png,data/processed/validation/genuine/original_44_2.png,0,random_forgery,26,44
data/processed/train/genuine/original_13_11.png,data/processed/train/genuine/original_13_22.png,1,genuine_genuine,13,13
data/processed/train/genuine/original_19_18.png,data/processed/train/forged/forgeries_19_13.png,0,skilled_forgery,19,19
data/processed/train/genuine/original_33_23.png,data/processed/train/forged/forgeries_33_10.png,0,skilled_forgery,33,33
data/processed/validation/genuine/original_43_1.png,data/processed/validation/genuine/original_43_21.png,1,genuine_genuine,43,43
data/processed/validation/genuine/original_40_22.png,data/processed/validation/genuine/original_40_8.png,1,genuine_genuine,40,40
data/processed/train/genuine/original_29_10.png,data/processed/train/genuine/original_29_13.png,1,genuine_genuine,29,29
data/processed/validation/genuine/original_39_8.png,data/processed/validation/forged/forgeries_39_14.png,0,skilled_forgery,39,39
data/processed/train/genuine/original_33_11.png,data/processed/train/forged/forgeries_33_4.png,0,skilled_forgery,33,33
data/processed/train/genuine/original_23_17.png,data/processed/train/genuine/original_23_8.png,1,genuine_genuine,23,23
data/processed/validation/genuine/original_42_21.png,data/processed/validation/genuine/original_41_21.png,0,random_forgery,42,41
data/processed/train/genuine/original_33_18.png,data/processed/train/genuine/original_33_9.png,1,genuine_genuine,33,33
data/processed/validation/genuine/original_43_6.png,data/processed/validation/genuine/original_43_9.png,1,genuine_genuine,43,43
data/processed/train/genuine/original_25_9.png,data/processed/train/forged/forgeries_25_5.png,0,skilled_forgery,25,25
data/processed/train/genuine/original_15_7.png,data/processed/train/genuine/original_15_9.png,1,genuine_genuine,15,15
data/processed/train/genuine/original_24_21.png,data/processed/train/genuine/original_24_9.png,1,genuine_genuine,24,24
data/processed/train/genuine/original_32_4.png,data/processed/validation/genuine/original_36_7.png,0,random_forgery,32,36
data/processed/train/genuine/original_33_13.png,data/processed/train/forged/forgeries_33_14.png,0,skilled_forgery,33,33
data/processed/train/genuine/original_21_22.png,data/processed/train/genuine/original_21_3.png,1,genuine_genuine,21,21
data/processed/train/genuine/original_17_10.png,data/processed/train/genuine/original_17_14.png,1,genuine_genuine,17,17
data/processed/validation/genuine/original_36_24.png,data/processed/validation/forged/forgeries_36_6.png,0,skilled_forgery,36,36
data/processed/train/genuine/original_19_12.png,data/processed/train/genuine/original_19_14.png,1,genuine_genuine,19,19
data/processed/train/genuine/original_27_20.png,data/processed/train/genuine/original_27_5.png,1,genuine_genuine,27,27
data/processed/train/genuine/original_32_16.png,data/processed/train/genuine/original_32_17.png,1,genuine_genuine,32,32
data/processed/train/genuine/original_15_12.png,data/processed/train/genuine/original_15_19.png,1,genuine_genuine,15,15
data/processed/train/genuine/original_28_3.png,data/processed/train/forged/forgeries_28_14.png,0,skilled_forgery,28,28
data/processed/train/genuine/original_20_14.png,data/processed/train/genuine/original_20_4.png,1,genuine_genuine,20,20
data/processed/validation/genuine/original_38_17.png,data/processed/validation/genuine/original_38_4.png,1,genuine_genuine,38,38
data/processed/validation/genuine/original_36_11.png,data/processed/train/genuine/original_25_6.png,0,random_forgery,36,25
data/processed/validation/genuine/original_37_23.png,data/processed/validation/forged/forgeries_37_4.png,0,skilled_forgery,37,37
data/processed/train/genuine/original_23_11.png,data/processed/train/genuine/original_23_20.png,1,genuine_genuine,23,23
data/processed/train/genuine/original_22_24.png,data/processed/train/genuine/original_22_9.png,1,genuine_genuine,22,22
data/processed/train/genuine/original_30_11.png,data/processed/train/genuine/original_30_6.png,1,genuine_genuine,30,30
data/processed/train/genuine/original_15_15.png,data/processed/train/forged/forgeries_15_21.png,0,skilled_forgery,15,15
data/processed/train/genuine/original_17_18.png,data/processed/train/genuine/original_17_22.png,1,genuine_genuine,17,17
data/processed/train/genuine/original_31_24.png,data/processed/train/forged/forgeries_31_8.png,0,skilled_forgery,31,31
data/processed/validation/genuine/original_42_7.png,data/processed/validation/forged/forgeries_42_5.png,0,skilled_forgery,42,42
data/processed/train/genuine/original_26_5.png,data/processed/validation/genuine/original_45_21.png,0,random_forgery,26,45
data/processed/validation/genuine/original_45_8.png,data/processed/validation/forged/forgeries_45_4.png,0,skilled_forgery,45,45
data/processed/train/genuine/original_32_12.png,data/processed/train/genuine/original_32_22.png,1,genuine_genuine,32,32
data/processed/train/genuine/original_26_24.png,data/processed/train/forged/forgeries_26_3.png,0,skilled_forgery,26,26
data/processed/train/genuine/original_24_6.png,data/processed/train/genuine/original_14_10.png,0,random_forgery,24,14
data/processed/train/genuine/original_11_3.png,data/processed/train/genuine/original_11_9.png,1,genuine_genuine,11,11
data/processed/validation/genuine/original_43_17.png,data/processed/validation/genuine/original_43_20.png,1,genuine_genuine,43,43
data/processed/train/genuine/original_10_2.png,data/processed/train/genuine/original_10_9.png,1,genuine_genuine,10,10
data/processed/train/genuine/original_12_12.png,data/processed/validation/genuine/original_40_9.png,0,random_forgery,12,40
data/processed/train/genuine/original_16_18.png,data/processed/train/genuine/original_16_19.png,1,genuine_genuine,16,16
data/processed/validation/genuine/original_37_14.png,data/processed/validation/genuine/original_37_16.png,1,genuine_genuine,37,37
data/processed/train/genuine/original_25_23.png,data/processed/train/genuine/original_25_8.png,1,genuine_genuine,25,25
data/processed/validation/genuine/original_44_7.png,data/processed/train/genuine/original_25_5.png,0,random_forgery,44,25
data/processed/validation/genuine/original_45_10.png,data/processed/validation/genuine/original_45_3.png,1,genuine_genuine,45,45
data/processed/train/genuine/original_26_7.png,data/processed/train/genuine/original_19_17.png,0,random_forgery,26,19
data/processed/validation/genuine/original_42_13.png,data/processed/validation/genuine/original_42_2.png,1,genuine_genuine,42,42
data/processed/train/genuine/original_21_13.png,data/processed/train/genuine/original_21_3.png,1,genuine_genuine,21,21
data/processed/train/genuine/original_34_11.png,data/processed/train/genuine/original_34_5.png,1,genuine_genuine,34,34
data/processed/train/genuine/original_11_2.png,data/processed/train/genuine/original_11_21.png,1,genuine_genuine,11,11
data/processed/train/genuine/original_15_14.png,data/processed/train/forged/forgeries_15_14.png,0,skilled_forgery,15,15
data/processed/train/genuine/original_21_3.png,data/processed/train/forged/forgeries_21_13.png,0,skilled_forgery,21,21
data/processed/validation/genuine/original_38_15.png,data/processed/validation/genuine/original_38_22.png,1,genuine_genuine,38,38
data/processed/validation/genuine/original_40_3.png,data/processed/validation/forged/forgeries_40_13.png,0,skilled_forgery,40,40
data/processed/train/genuine/original_19_15.png,data/processed/train/forged/forgeries_19_12.png,0,skilled_forgery,19,19
data/processed/train/genuine/original_11_10.png,data/processed/train/genuine/original_18_16.png,0,random_forgery,11,18
data/processed/train/genuine/original_18_20.png,data/processed/train/forged/forgeries_18_23.png,0,skilled_forgery,18,18
data/processed/train/genuine/original_18_14.png,data/processed/train/genuine/original_18_23.png,1,genuine_genuine,18,18
data/processed/train/genuine/original_27_5.png,data/processed/train/genuine/original_18_1.png,0,random_forgery,27,18
data/processed/validation/genuine/original_38_6.png,data/processed/validation/genuine/original_38_9.png,1,genuine_genuine,38,38
data/processed/train/genuine/original_23_20.png,data/processed/train/forged/forgeries_23_17.png,0,skilled_forgery,23,23
data/processed/train/genuine/original_33_5.png,data/processed/train/forged/forgeries_33_5.png,0,skilled_forgery,33,33
data/processed/train/genuine/original_35_21.png,data/processed/train/forged/forgeries_35_22.png,0,skilled_forgery,35,35
data/processed/validation/genuine/original_41_15.png,data/processed/validation/genuine/original_41_18.png,1,genuine_genuine,41,41
data/processed/train/genuine/original_17_19.png,data/processed/validation/genuine/original_38_9.png,0,random_forgery,17,38
data/processed/train/genuine/original_28_15.png,data/processed/train/genuine/original_28_4.png,1,genuine_genuine,28,28
data/processed/validation/genuine/original_40_9.png,data/processed/validation/forged/forgeries_40_20.png,0,skilled_forgery,40,40
data/processed/train/genuine/original_23_18.png,data/processed/train/genuine/original_19_6.png,0,random_forgery,23,19
data/processed/train/genuine/original_25_1.png,data/processed/train/genuine/original_34_9.png,0,random_forgery,25,34
data/processed/train/genuine/original_33_1.png,data/processed/train/genuine/original_33_12.png,1,genuine_genuine,33,33
data/processed/train/genuine/original_11_14.png,data/processed/train/genuine/original_11_17.png,1,genuine_genuine,11,11
data/processed/train/genuine/original_14_3.png,data/processed/train/forged/forgeries_14_18.png,0,skilled_forgery,14,14
data/processed/train/genuine/original_16_15.png,data/processed/train/genuine/original_16_19.png,1,genuine_genuine,16,16
data/processed/validation/genuine/original_37_2.png,data/processed/validation/genuine/original_37_21.png,1,genuine_genuine,37,37
data/processed/train/genuine/original_19_1.png,data/processed/train/genuine/original_19_13.png,1,genuine_genuine,19,19
data/processed/train/genuine/original_19_10.png,data/processed/train/genuine/original_19_3.png,1,genuine_genuine,19,19
data/processed/train/genuine/original_22_23.png,data/processed/train/genuine/original_22_3.png,1,genuine_genuine,22,22
data/processed/validation/genuine/original_39_15.png,data/processed/validation/genuine/original_39_17.png,1,genuine_genuine,39,39
data/processed/train/genuine/original_10_14.png,data/processed/train/forged/forgeries_10_12.png,0,skilled_forgery,10,10
data/processed/validation/genuine/original_41_6.png,data/processed/validation/forged/forgeries_41_16.png,0,skilled_forgery,41,41
data/processed/train/genuine/original_14_14.png,data/processed/train/forged/forgeries_14_8.png,0,skilled_forgery,14,14
data/processed/train/genuine/original_18_16.png,data/processed/train/genuine/original_11_18.png,0,random_forgery,18,11
data/processed/train/genuine/original_30_15.png,data/processed/train/genuine/original_30_7.png,1,genuine_genuine,30,30
data/processed/train/genuine/original_20_17.png,data/processed/train/genuine/original_20_21.png,1,genuine_genuine,20,20
data/processed/train/genuine/original_23_13.png,data/processed/train/forged/forgeries_23_2.png,0,skilled_forgery,23,23
data/processed/train/genuine/original_29_10.png,data/processed/train/genuine/original_29_7.png,1,genuine_genuine,29,29
data/processed/validation/genuine/original_43_3.png,data/processed/validation/forged/forgeries_43_9.png,0,skilled_forgery,43,43
data/processed/train/genuine/original_11_21.png,data/processed/train/forged/forgeries_11_2.png,0,skilled_forgery,11,11
data/processed/train/genuine/original_31_7.png,data/processed/train/genuine/original_31_9.png,1,genuine_genuine,31,31
data/processed/validation/genuine/original_42_13.png,data/processed/validation/genuine/original_42_21.png,1,genuine_genuine,42,42
data/processed/validation/genuine/original_43_22.png,data/processed/validation/genuine/original_43_23.png,1,genuine_genuine,43,43
data/processed/train/genuine/original_31_24.png,data/processed/train/genuine/original_31_9.png,1,genuine_genuine,31,31
data/processed/train/genuine/original_22_14.png,data/processed/train/genuine/original_22_21.png,1,genuine_genuine,22,22
data/processed/train/genuine/original_18_7.png,data/processed/validation/genuine/original_38_3.png,0,random_forgery,18,38
data/processed/train/genuine/original_30_1.png,data/processed/train/genuine/original_30_20.png,1,genuine_genuine,30,30
data/processed/train/genuine/original_35_22.png,data/processed/train/genuine/original_35_3.png,1,genuine_genuine,35,35
data/processed/train/genuine/original_32_20.png,data/processed/train/genuine/original_32_7.png,1,genuine_genuine,32,32
data/processed/train/genuine/original_33_3.png,data/processed/train/genuine/original_33_4.png,1,genuine_genuine,33,33
data/processed/train/genuine/original_23_3.png,data/processed/train/genuine/original_23_4.png,1,genuine_genuine,23,23
data/processed/validation/genuine/original_40_20.png,data/processed/validation/genuine/original_40_6.png,1,genuine_genuine,40,40
data/processed/validation/genuine/original_39_16.png,data/processed/validation/genuine/original_39_19.png,1,genuine_genuine,39,39
data/processed/train/genuine/original_34_7.png,data/processed/validation/genuine/original_42_6.png,0,random_forgery,34,42
data/processed/train/genuine/original_35_11.png,data/processed/train/genuine/original_35_9.png,1,genuine_genuine,35,35
data/processed/validation/genuine/original_42_11.png,data/processed/validation/genuine/original_42_8.png,1,genuine_genuine,42,42
data/processed/train/genuine/original_24_21.png,data/processed/train/genuine/original_24_24.png,1,genuine_genuine,24,24
data/processed/validation/genuine/original_36_13.png,data/processed/validation/genuine/original_36_22.png,1,genuine_genuine,36,36
data/processed/train/genuine/original_18_5.png,data/processed/train/forged/forgeries_18_16.png,0,skilled_forgery,18,18
data/processed/validation/genuine/original_37_19.png,data/processed/validation/forged/forgeries_37_20.png,0,skilled_forgery,37,37
data/processed/validation/genuine/original_37_12.png,data/processed/validation/genuine/original_37_21.png,1,genuine_genuine,37,37
data/processed/train/genuine/original_22_12.png,data/processed/train/genuine/original_22_16.png,1,genuine_genuine,22,22
data/processed/train/genuine/original_35_21.png,data/processed/train/forged/forgeries_35_4.png,0,skilled_forgery,35,35
data/processed/validation/genuine/original_37_21.png,data/processed/validation/genuine/original_37_7.png,1,genuine_genuine,37,37
data/processed/train/genuine/original_16_22.png,data/processed/train/genuine/original_29_14.png,0,random_forgery,16,29
data/processed/train/genuine/original_10_11.png,data/processed/validation/genuine/original_42_4.png,0,random_forgery,10,42
data/processed/train/genuine/original_14_19.png,data/processed/train/genuine/original_14_20.png,1,genuine_genuine,14,14
data/processed/validation/genuine/original_40_12.png,data/processed/validation/genuine/original_40_24.png,1,genuine_genuine,40,40
data/processed/validation/genuine/original_43_13.png,data/processed/validation/genuine/original_43_15.png,1,genuine_genuine,43,43
data/processed/train/genuine/original_27_14.png,data/processed/train/forged/forgeries_27_19.png,0,skilled_forgery,27,27
data/processed/train/genuine/original_26_23.png,data/processed/train/forged/forgeries_26_12.png,0,skilled_forgery,26,26
data/processed/train/genuine/original_30_13.png,data/processed/train/genuine/original_25_7.png,0,random_forgery,30,25
data/processed/validation/genuine/original_41_12.png,data/processed/validation/genuine/original_41_7.png,1,genuine_genuine,41,41
data/processed/train/genuine/original_32_3.png,data/processed/train/forged/forgeries_32_11.png,0,skilled_forgery,32,32
data/processed/train/genuine/original_26_15.png,data/processed/train/genuine/original_30_9.png,0,random_forgery,26,30
data/processed/train/genuine/original_19_2.png,data/processed/train/forged/forgeries_19_3.png,0,skilled_forgery,19,19
data/processed/train/genuine/original_26_21.png,data/processed/train/forged/forgeries_26_15.png,0,skilled_forgery,26,26
data/processed/train/genuine/original_22_1.png,data/processed/train/genuine/original_22_20.png,1,genuine_genuine,22,22
data/processed/train/genuine/original_31_3.png,data/processed/train/forged/forgeries_31_13.png,0,skilled_forgery,31,31
data/processed/validation/genuine/original_38_7.png,data/processed/validation/genuine/original_38_9.png,1,genuine_genuine,38,38
data/processed/train/genuine/original_20_23.png,data/processed/train/genuine/original_20_6.png,1,genuine_genuine,20,20
data/processed/validation/genuine/original_43_2.png,data/processed/validation/genuine/original_43_6.png,1,genuine_genuine,43,43
data/processed/validation/genuine/original_45_14.png,data/processed/validation/genuine/original_45_3.png,1,genuine_genuine,45,45
data/processed/validation/genuine/original_45_15.png,data/processed/validation/genuine/original_45_2.png,1,genuine_genuine,45,45
data/processed/train/genuine/original_27_20.png,data/processed/train/genuine/original_27_24.png,1,genuine_genuine,27,27
data/processed/train/genuine/original_10_2.png,data/processed/train/genuine/original_10_3.png,1,genuine_genuine,10,10
data/processed/train/genuine/original_28_19.png,data/processed/train/genuine/original_28_20.png,1,genuine_genuine,28,28
data/processed/validation/genuine/original_37_11.png,data/processed/validation/genuine/original_37_21.png,1,genuine_genuine,37,37
data/processed/train/genuine/original_10_19.png,data/processed/train/genuine/original_10_22.png,1,genuine_genuine,10,10
data/processed/train/genuine/original_28_4.png,data/processed/train/genuine/original_28_8.png,1,genuine_genuine,28,28
data/processed/validation/genuine/original_38_15.png,data/processed/validation/forged/forgeries_38_21.png,0,skilled_forgery,38,38
data/processed/train/genuine/original_20_7.png,data/processed/train/genuine/original_10_17.png,0,random_forgery,20,10
data/processed/train/genuine/original_16_12.png,data/processed/train/forged/forgeries_16_8.png,0,skilled_forgery,16,16
data/processed/validation/genuine/original_40_11.png,data/processed/train/genuine/original_32_21.png,0,random_forgery,40,32
data/processed/validation/genuine/original_43_10.png,data/processed/validation/genuine/original_43_19.png,1,genuine_genuine,43,43
data/processed/train/genuine/original_31_18.png,data/processed/train/forged/forgeries_31_4.png,0,skilled_forgery,31,31
data/processed/train/genuine/original_24_14.png,data/processed/train/genuine/original_24_18.png,1,genuine_genuine,24,24
data/processed/train/genuine/original_31_7.png,data/processed/train/forged/forgeries_31_4.png,0,skilled_forgery,31,31
data/processed/train/genuine/original_11_24.png,data/processed/train/genuine/original_15_3.png,0,random_forgery,11,15
data/processed/validation/genuine/original_37_20.png,data/processed/validation/genuine/original_37_3.png,1,genuine_genuine,37,37
data/processed/train/genuine/original_25_20.png,data/processed/train/forged/forgeries_25_18.png,0,skilled_forgery,25,25
data/processed/train/genuine/original_10_17.png,data/processed/train/genuine/original_24_7.png,0,random_forgery,10,24
data/processed/train/genuine/original_30_11.png,data/processed/train/genuine/original_30_21.png,1,genuine_genuine,30,30
data/processed/validation/genuine/original_38_18.png,data/processed/validation/genuine/original_38_22.png,1,genuine_genuine,38,38
data/processed/validation/genuine/original_38_16.png,data/processed/validation/forged/forgeries_38_6.png,0,skilled_forgery,38,38
data/processed/train/genuine/original_19_14.png,data/processed/train/genuine/original_19_2.png,1,genuine_genuine,19,19
data/processed/validation/genuine/original_45_16.png,data/processed/validation/genuine/original_45_8.png,1,genuine_genuine,45,45
data/processed/train/genuine/original_19_5.png,data/processed/train/genuine/original_19_9.png,1,genuine_genuine,19,19
data/processed/train/genuine/original_22_6.png,data/processed/train/genuine/original_22_8.png,1,genuine_genuine,22,22
data/processed/train/genuine/original_32_10.png,data/processed/train/genuine/original_32_24.png,1,genuine_genuine,32,32
data/processed/validation/genuine/original_41_24.png,data/processed/validation/genuine/original_41_5.png,1,genuine_genuine,41,41
data/processed/train/genuine/original_35_15.png,data/processed/train/genuine/original_35_23.png,1,genuine_genuine,35,35
data/processed/validation/genuine/original_44_9.png,data/processed/train/genuine/original_27_15.png,0,random_forgery,44,27
data/processed/train/genuine/original_15_24.png,data/processed/train/forged/forgeries_15_10.png,0,skilled_forgery,15,15
data/processed/train/genuine/original_16_4.png,data/processed/train/genuine/original_16_6.png,1,genuine_genuine,16,16
data/processed/train/genuine/original_16_4.png,data/processed/train/forged/forgeries_16_20.png,0,skilled_forgery,16,16
data/processed/validation/genuine/original_40_19.png,data/processed/validation/genuine/original_40_3.png,1,genuine_genuine,40,40
data/processed/train/genuine/original_17_2.png,data/processed/train/genuine/original_17_4.png,1,genuine_genuine,17,17
data/processed/train/genuine/original_31_4.png,data/processed/train/genuine/original_31_6.png,1,genuine_genuine,31,31
data/processed/validation/genuine/original_37_6.png,data/processed/validation/forged/forgeries_37_24.png,0,skilled_forgery,37,37
data/processed/train/genuine/original_18_4.png,data/processed/train/genuine/original_18_5.png,1,genuine_genuine,18,18
data/processed/train/genuine/original_20_18.png,data/processed/train/forged/forgeries_20_19.png,0,skilled_forgery,20,20
data/processed/validation/genuine/original_39_10.png,data/processed/validation/genuine/original_39_15.png,1,genuine_genuine,39,39
data/processed/train/genuine/original_13_7.png,data/processed/train/forged/forgeries_13_24.png,0,skilled_forgery,13,13
data/processed/train/genuine/original_19_4.png,data/processed/train/forged/forgeries_19_24.png,0,skilled_forgery,19,19
data/processed/train/genuine/original_28_4.png,data/processed/train/genuine/original_27_24.png,0,random_forgery,28,27
data/processed/validation/genuine/original_43_2.png,data/processed/validation/forged/forgeries_43_2.png,0,skilled_forgery,43,43
data/processed/validation/genuine/original_41_20.png,data/processed/validation/genuine/original_41_8.png,1,genuine_genuine,41,41
data/processed/validation/genuine/original_41_16.png,data/processed/validation/genuine/original_41_19.png,1,genuine_genuine,41,41
data/processed/train/genuine/original_15_9.png,data/processed/train/forged/forgeries_15_6.png,0,skilled_forgery,15,15
data/processed/validation/genuine/original_39_16.png,data/processed/validation/genuine/original_39_21.png,1,genuine_genuine,39,39
data/processed/train/genuine/original_24_1.png,data/processed/train/genuine/original_35_23.png,0,random_forgery,24,35
data/processed/train/genuine/original_21_12.png,data/processed/validation/genuine/original_37_23.png,0,random_forgery,21,37
data/processed/train/genuine/original_15_1.png,data/processed/validation/genuine/original_41_14.png,0,random_forgery,15,41
data/processed/train/genuine/original_20_23.png,data/processed/train/genuine/original_20_8.png,1,genuine_genuine,20,20
data/processed/train/genuine/original_10_16.png,data/processed/validation/genuine/original_45_6.png,0,random_forgery,10,45
data/processed/validation/genuine/original_38_5.png,data/processed/validation/forged/forgeries_38_13.png,0,skilled_forgery,38,38
data/processed/train/genuine/original_12_18.png,data/processed/validation/genuine/original_37_13.png,0,random_forgery,12,37
data/processed/train/genuine/original_13_24.png,data/processed/train/genuine/original_25_21.png,0,random_forgery,13,25
data/processed/train/genuine/original_21_13.png,data/processed/train/genuine/original_10_7.png,0,random_forgery,21,10
data/processed/validation/genuine/original_45_9.png,data/processed/validation/forged/forgeries_45_21.png,0,skilled_forgery,45,45
data/processed/train/genuine/original_19_11.png,data/processed/train/genuine/original_19_22.png,1,genuine_genuine,19,19
data/processed/train/genuine/original_28_11.png,data/processed/train/forged/forgeries_28_16.png,0,skilled_forgery,28,28
data/processed/train/genuine/original_33_24.png,data/processed/train/genuine/original_33_9.png,1,genuine_genuine,33,33
data/processed/validation/genuine/original_36_16.png,data/processed/train/genuine/original_28_20.png,0,random_forgery,36,28
data/processed/train/genuine/original_20_14.png,data/processed/train/genuine/original_20_9.png,1,genuine_genuine,20,20
data/processed/train/genuine/original_19_1.png,data/processed/train/genuine/original_19_6.png,1,genuine_genuine,19,19
data/processed/validation/genuine/original_36_16.png,data/processed/validation/genuine/original_36_24.png,1,genuine_genuine,36,36
data/processed/train/genuine/original_28_6.png,data/processed/train/genuine/original_28_7.png,1,genuine_genuine,28,28
data/processed/train/genuine/original_21_12.png,data/processed/train/genuine/original_34_19.png,0,random_forgery,21,34
data/processed/train/genuine/original_17_16.png,data/processed/train/genuine/original_17_5.png,1,genuine_genuine,17,17
data/processed/train/genuine/original_11_21.png,data/processed/train/forged/forgeries_11_10.png,0,skilled_forgery,11,11
data/processed/validation/genuine/original_41_13.png,data/processed/validation/forged/forgeries_41_12.png,0,skilled_forgery,41,41
data/processed/train/genuine/original_22_6.png,data/processed/train/forged/forgeries_22_13.png,0,skilled_forgery,22,22
data/processed/train/genuine/original_13_11.png,data/processed/train/forged/forgeries_13_17.png,0,skilled_forgery,13,13
data/processed/train/genuine/original_14_16.png,data/processed/validation/genuine/original_43_3.png,0,random_forgery,14,43
data/processed/train/genuine/original_35_10.png,data/processed/train/genuine/original_35_2.png,1,genuine_genuine,35,35
data/processed/train/genuine/original_27_10.png,data/processed/train/forged/forgeries_27_2.png,0,skilled_forgery,27,27
data/processed/train/genuine/original_33_10.png,data/processed/train/genuine/original_33_22.png,1,genuine_genuine,33,33
data/processed/validation/genuine/original_44_7.png,data/processed/validation/forged/forgeries_44_22.png,0,skilled_forgery,44,44
data/processed/train/genuine/original_29_15.png,data/processed/train/forged/forgeries_29_2.png,0,skilled_forgery,29,29
data/processed/train/genuine/original_16_10.png,data/processed/train/genuine/original_16_24.png,1,genuine_genuine,16,16
data/processed/validation/genuine/original_43_13.png,data/processed/validation/genuine/original_43_4.png,1,genuine_genuine,43,43
data/processed/train/genuine/original_13_15.png,data/processed/train/genuine/original_13_19.png,1,genuine_genuine,13,13
data/processed/train/genuine/original_17_5.png,data/processed/train/genuine/original_17_6.png,1,genuine_genuine,17,17
data/processed/validation/genuine/original_44_20.png,data/processed/validation/genuine/original_44_24.png,1,genuine_genuine,44,44
data/processed/validation/genuine/original_36_11.png,data/processed/validation/genuine/original_36_13.png,1,genuine_genuine,36,36
data/processed/train/genuine/original_21_12.png,data/processed/train/forged/forgeries_21_6.png,0,skilled_forgery,21,21
data/processed/validation/genuine/original_43_15.png,data/processed/validation/genuine/original_43_16.png,1,genuine_genuine,43,43
data/processed/validation/genuine/original_43_12.png,data/processed/validation/genuine/original_43_6.png,1,genuine_genuine,43,43
data/processed/train/genuine/original_15_18.png,data/processed/train/genuine/original_15_21.png,1,genuine_genuine,15,15
data/processed/validation/genuine/original_43_7.png,data/processed/train/genuine/original_35_6.png,0,random_forgery,43,35
data/processed/train/genuine/original_25_16.png,data/processed/validation/genuine/original_39_14.png,0,random_forgery,25,39
data/processed/train/genuine/original_34_10.png,data/processed/train/genuine/original_34_11.png,1,genuine_genuine,34,34
data/processed/validation/genuine/original_45_21.png,data/processed/validation/genuine/original_45_22.png,1,genuine_genuine,45,45
data/processed/train/genuine/original_10_16.png,data/processed/train/genuine/original_10_24.png,1,genuine_genuine,10,10
data/processed/validation/genuine/original_38_3.png,data/processed/validation/forged/forgeries_38_10.png,0,skilled_forgery,38,38
data/processed/train/genuine/original_21_10.png,data/processed/train/genuine/original_21_20.png,1,genuine_genuine,21,21
data/processed/validation/genuine/original_41_1.png,data/processed/validation/genuine/original_41_20.png,1,genuine_genuine,41,41
data/processed/train/genuine/original_31_21.png,data/processed/train/forged/forgeries_31_12.png,0,skilled_forgery,31,31
data/processed/validation/genuine/original_38_23.png,data/processed/validation/genuine/original_38_7.png,1,genuine_genuine,38,38
data/processed/train/genuine/original_27_11.png,data/processed/train/genuine/original_27_20.png,1,genuine_genuine,27,27
data/processed/train/genuine/original_21_8.png,data/processed/validation/genuine/original_45_12.png,0,random_forgery,21,45
data/processed/train/genuine/original_31_6.png,data/processed/train/genuine/original_31_7.png,1,genuine_genuine,31,31
data/processed/train/genuine/original_33_21.png,data/processed/train/genuine/original_19_24.png,0,random_forgery,33,19
data/processed/train/genuine/original_22_22.png,data/processed/train/forged/forgeries_22_16.png,0,skilled_forgery,22,22
data/processed/train/genuine/original_23_7.png,data/processed/train/forged/forgeries_23_23.png,0,skilled_forgery,23,23
data/processed/validation/genuine/original_40_24.png,data/processed/validation/forged/forgeries_40_5.png,0,skilled_forgery,40,40
data/processed/validation/genuine/original_36_19.png,data/processed/validation/forged/forgeries_36_24.png,0,skilled_forgery,36,36
data/processed/train/genuine/original_15_13.png,data/processed/train/forged/forgeries_15_5.png,0,skilled_forgery,15,15
data/processed/train/genuine/original_31_17.png,data/processed/train/genuine/original_31_6.png,1,genuine_genuine,31,31
data/processed/validation/genuine/original_42_19.png,data/processed/validation/genuine/original_42_23.png,1,genuine_genuine,42,42
data/processed/train/genuine/original_34_9.png,data/processed/train/forged/forgeries_34_18.png,0,skilled_forgery,34,34
data/processed/train/genuine/original_28_13.png,data/processed/train/genuine/original_30_9.png,0,random_forgery,28,30
data/processed/train/genuine/original_21_12.png,data/processed/train/genuine/original_21_4.png,1,genuine_genuine,21,21
data/processed/train/genuine/original_21_9.png,data/processed/train/forged/forgeries_21_16.png,0,skilled_forgery,21,21
data/processed/train/genuine/original_31_11.png,data/processed/train/genuine/original_29_19.png,0,random_forgery,31,29
data/processed/train/genuine/original_33_14.png,data/processed/train/forged/forgeries_33_16.png,0,skilled_forgery,33,33
data/processed/validation/genuine/original_41_13.png,data/processed/validation/forged/forgeries_41_21.png,0,skilled_forgery,41,41
data/processed/train/genuine/original_30_10.png,data/processed/train/genuine/original_30_23.png,1,genuine_genuine,30,30
data/processed/train/genuine/original_19_10.png,data/processed/train/genuine/original_15_21.png,0,random_forgery,19,15
data/processed/validation/genuine/original_38_13.png,data/processed/validation/genuine/original_38_2.png,1,genuine_genuine,38,38
data/processed/train/genuine/original_12_1.png,data/processed/train/genuine/original_12_11.png,1,genuine_genuine,12,12
data/processed/validation/genuine/original_41_20.png,data/processed/validation/genuine/original_41_9.png,1,genuine_genuine,41,41
data/processed/train/genuine/original_19_15.png,data/processed/train/forged/forgeries_19_14.png,0,skilled_forgery,19,19
data/processed/validation/genuine/original_44_15.png,data/processed/validation/forged/forgeries_44_19.png,0,skilled_forgery,44,44
data/processed/train/genuine/original_29_9.png,data/processed/train/forged/forgeries_29_23.png,0,skilled_forgery,29,29
data/processed/train/genuine/original_28_17.png,data/processed/train/genuine/original_28_5.png,1,genuine_genuine,28,28
data/processed/train/genuine/original_14_1.png,data/processed/train/genuine/original_14_7.png,1,genuine_genuine,14,14
data/processed/train/genuine/original_32_18.png,data/processed/train/genuine/original_32_4.png,1,genuine_genuine,32,32
data/processed/train/genuine/original_10_5.png,data/processed/train/forged/forgeries_10_11.png,0,skilled_forgery,10,10
data/processed/validation/genuine/original_39_21.png,data/processed/validation/forged/forgeries_39_14.png,0,skilled_forgery,39,39
data/processed/train/genuine/original_16_8.png,data/processed/train/genuine/original_21_9.png,0,random_forgery,16,21
data/processed/train/genuine/original_28_18.png,data/processed/train/genuine/original_28_23.png,1,genuine_genuine,28,28
data/processed/validation/genuine/original_37_11.png,data/processed/train/genuine/original_13_11.png,0,random_forgery,37,13
data/processed/validation/genuine/original_45_13.png,data/processed/validation/genuine/original_45_7.png,1,genuine_genuine,45,45
data/processed/train/genuine/original_29_13.png,data/processed/train/genuine/original_29_16.png,1,genuine_genuine,29,29
data/processed/train/genuine/original_15_18.png,data/processed/train/forged/forgeries_15_17.png,0,skilled_forgery,15,15
data/processed/train/genuine/original_21_20.png,data/processed/train/genuine/original_21_4.png,1,genuine_genuine,21,21
data/processed/train/genuine/original_18_11.png,data/processed/train/genuine/original_31_6.png,0,random_forgery,18,31
data/processed/train/genuine/original_29_19.png,data/processed/train/forged/forgeries_29_20.png,0,skilled_forgery,29,29
data/processed/train/genuine/original_33_4.png,data/processed/train/genuine/original_33_7.png,1,genuine_genuine,33,33
data/processed/train/genuine/original_12_10.png,data/processed/train/genuine/original_12_15.png,1,genuine_genuine,12,12
data/processed/validation/genuine/original_42_2.png,data/processed/validation/genuine/original_43_21.png,0,random_forgery,42,43
data/processed/train/genuine/original_14_22.png,data/processed/train/forged/forgeries_14_23.png,0,skilled_forgery,14,14
data/processed/train/genuine/original_28_10.png,data/processed/train/forged/forgeries_28_20.png,0,skilled_forgery,28,28
data/processed/train/genuine/original_16_5.png,data/processed/train/forged/forgeries_16_18.png,0,skilled_forgery,16,16
data/processed/validation/genuine/original_39_20.png,data/processed/validation/forged/forgeries_39_1.png,0,skilled_forgery,39,39
data/processed/train/genuine/original_18_19.png,data/processed/train/genuine/original_18_5.png,1,genuine_genuine,18,18
data/processed/train/genuine/original_21_10.png,data/processed/train/genuine/original_21_14.png,1,genuine_genuine,21,21
data/processed/train/genuine/original_13_11.png,data/processed/train/genuine/original_13_8.png,1,genuine_genuine,13,13
data/processed/validation/genuine/original_45_5.png,data/processed/train/genuine/original_21_4.png,0,random_forgery,45,21
data/processed/train/genuine/original_29_1.png,data/processed/train/genuine/original_29_13.png,1,genuine_genuine,29,29
data/processed/train/genuine/original_33_21.png,data/processed/train/genuine/original_33_8.png,1,genuine_genuine,33,33
data/processed/train/genuine/original_34_9.png,data/processed/train/genuine/original_21_13.png,0,random_forgery,34,21
data/processed/validation/genuine/original_42_15.png,data/processed/validation/genuine/original_42_18.png,1,genuine_genuine,42,42
data/processed/train/genuine/original_15_6.png,data/processed/train/genuine/original_15_8.png,1,genuine_genuine,15,15
data/processed/train/genuine/original_10_5.png,data/processed/train/forged/forgeries_10_13.png,0,skilled_forgery,10,10
data/processed/train/genuine/original_21_22.png,data/processed/train/genuine/original_21_24.png,1,genuine_genuine,21,21
data/processed/train/genuine/original_32_14.png,data/processed/train/genuine/original_25_23.png,0,random_forgery,32,25
data/processed/train/genuine/original_15_16.png,data/processed/train/genuine/original_15_19.png,1,genuine_genuine,15,15
data/processed/train/genuine/original_24_10.png,data/processed/train/forged/forgeries_24_9.png,0,skilled_forgery,24,24
data/processed/validation/genuine/original_40_14.png,data/processed/validation/genuine/original_40_17.png,1,genuine_genuine,40,40
data/processed/train/genuine/original_14_24.png,data/processed/train/forged/forgeries_14_1.png,0,skilled_forgery,14,14
data/processed/train/genuine/original_24_8.png,data/processed/train/forged/forgeries_24_4.png,0,skilled_forgery,24,24
data/processed/train/genuine/original_33_21.png,data/processed/train/genuine/original_33_7.png,1,genuine_genuine,33,33
data/processed/validation/genuine/original_43_17.png,data/processed/validation/genuine/original_43_6.png,1,genuine_genuine,43,43
data/processed/train/genuine/original_26_13.png,data/processed/train/genuine/original_26_18.png,1,genuine_genuine,26,26
data/processed/validation/genuine/original_42_7.png,data/processed/validation/forged/forgeries_42_8.png,0,skilled_forgery,42,42
data/processed/validation/genuine/original_36_6.png,data/processed/validation/forged/forgeries_36_10.png,0,skilled_forgery,36,36
data/processed/validation/genuine/original_45_11.png,data/processed/validation/genuine/original_45_17.png,1,genuine_genuine,45,45
data/processed/validation/genuine/original_41_17.png,data/processed/validation/genuine/original_41_21.png,1,genuine_genuine,41,41
data/processed/validation/genuine/original_43_21.png,data/processed/validation/forged/forgeries_43_3.png,0,skilled_forgery,43,43
data/processed/train/genuine/original_18_24.png,data/processed/train/genuine/original_18_4.png,1,genuine_genuine,18,18
data/processed/validation/genuine/original_43_4.png,data/processed/train/genuine/original_18_2.png,0,random_forgery,43,18
data/processed/validation/genuine/original_45_11.png,data/processed/validation/forged/forgeries_45_12.png,0,skilled_forgery,45,45
data/processed/train/genuine/original_34_16.png,data/processed/train/genuine/original_34_8.png,1,genuine_genuine,34,34
data/processed/train/genuine/original_29_10.png,data/processed/train/genuine/original_29_19.png,1,genuine_genuine,29,29
data/processed/validation/genuine/original_42_18.png,data/processed/validation/forged/forgeries_42_4.png,0,skilled_forgery,42,42
data/processed/validation/genuine/original_42_4.png,data/processed/validation/forged/forgeries_42_10.png,0,skilled_forgery,42,42
data/processed/train/genuine/original_14_24.png,data/processed/train/genuine/original_30_3.png,0,random_forgery,14,30
data/processed/train/genuine/original_19_23.png,data/processed/train/genuine/original_19_8.png,1,genuine_genuine,19,19
data/processed/train/genuine/original_12_10.png,data/processed/validation/genuine/original_44_11.png,0,random_forgery,12,44
data/processed/validation/genuine/original_44_18.png,data/processed/validation/genuine/original_44_3.png,1,genuine_genuine,44,44
data/processed/train/genuine/original_34_1.png,data/processed/train/genuine/original_21_18.png,0,random_forgery,34,21
data/processed/validation/genuine/original_42_11.png,data/processed/validation/forged/forgeries_42_19.png,0,skilled_forgery,42,42
data/processed/validation/genuine/original_45_13.png,data/processed/validation/forged/forgeries_45_7.png,0,skilled_forgery,45,45
data/processed/train/genuine/original_32_10.png,data/processed/train/forged/forgeries_32_17.png,0,skilled_forgery,32,32
data/processed/validation/genuine/original_42_19.png,data/processed/validation/forged/forgeries_42_15.png,0,skilled_forgery,42,42
data/processed/train/genuine/original_27_9.png,data/processed/train/forged/forgeries_27_20.png,0,skilled_forgery,27,27
data/processed/train/genuine/original_16_22.png,data/processed/validation/genuine/original_41_21.png,0,random_forgery,16,41
data/processed/train/genuine/original_11_12.png,data/processed/train/genuine/original_11_24.png,1,genuine_genuine,11,11
data/processed/train/genuine/original_27_7.png,data/processed/train/forged/forgeries_27_17.png,0,skilled_forgery,27,27
data/processed/train/genuine/original_32_10.png,data/processed/train/genuine/original_32_6.png,1,genuine_genuine,32,32
data/processed/validation/genuine/original_42_13.png,data/processed/train/genuine/original_13_13.png,0,random_forgery,42,13
data/processed/validation/genuine/original_37_15.png,data/processed/validation/genuine/original_37_2.png,1,genuine_genuine,37,37
data/processed/train/genuine/original_29_1.png,data/processed/train/genuine/original_29_23.png,1,genuine_genuine,29,29
data/processed/validation/genuine/original_41_16.png,data/processed/validation/genuine/original_41_7.png,1,genuine_genuine,41,41
data/processed/train/genuine/original_22_11.png,data/processed/train/genuine/original_22_5.png,1,genuine_genuine,22,22
data/processed/train/genuine/original_35_22.png,data/processed/validation/genuine/original_42_6.png,0,random_forgery,35,42
data/processed/train/genuine/original_28_19.png,data/processed/train/forged/forgeries_28_1.png,0,skilled_forgery,28,28
data/processed/train/genuine/original_11_16.png,data/processed/train/genuine/original_11_3.png,1,genuine_genuine,11,11
data/processed/train/genuine/original_17_15.png,data/processed/train/genuine/original_29_21.png,0,random_forgery,17,29
data/processed/validation/genuine/original_44_22.png,data/processed/validation/genuine/original_45_13.png,0,random_forgery,44,45
data/processed/validation/genuine/original_41_22.png,data/processed/validation/forged/forgeries_41_1.png,0,skilled_forgery,41,41
data/processed/train/genuine/original_14_2.png,data/processed/train/forged/forgeries_14_7.png,0,skilled_forgery,14,14
data/processed/train/genuine/original_32_16.png,data/processed/train/genuine/original_32_24.png,1,genuine_genuine,32,32
data/processed/train/genuine/original_13_15.png,data/processed/train/genuine/original_13_3.png,1,genuine_genuine,13,13
data/processed/train/genuine/original_28_15.png,data/processed/train/genuine/original_28_23.png,1,genuine_genuine,28,28
data/processed/train/genuine/original_19_1.png,data/processed/train/forged/forgeries_19_1.png,0,skilled_forgery,19,19
data/processed/train/genuine/original_35_18.png,data/processed/train/genuine/original_35_3.png,1,genuine_genuine,35,35
data/processed/train/genuine/original_29_9.png,data/processed/train/forged/forgeries_29_14.png,0,skilled_forgery,29,29
data/processed/train/genuine/original_23_19.png,data/processed/train/genuine/original_23_8.png,1,genuine_genuine,23,23
data/processed/train/genuine/original_22_22.png,data/processed/train/genuine/original_21_21.png,0,random_forgery,22,21
data/processed/train/genuine/original_18_17.png,data/processed/validation/genuine/original_40_6.png,0,random_forgery,18,40
data/processed/train/genuine/original_25_16.png,data/processed/train/genuine/original_25_23.png,1,genuine_genuine,25,25
data/processed/train/genuine/original_21_14.png,data/processed/train/forged/forgeries_21_17.png,0,skilled_forgery,21,21
data/processed/train/genuine/original_31_16.png,data/processed/train/genuine/original_31_24.png,1,genuine_genuine,31,31
data/processed/train/genuine/original_28_12.png,data/processed/train/genuine/original_28_9.png,1,genuine_genuine,28,28
data/processed/train/genuine/original_13_19.png,data/processed/train/genuine/original_13_21.png,1,genuine_genuine,13,13
data/processed/train/genuine/original_13_1.png,data/processed/train/genuine/original_13_15.png,1,genuine_genuine,13,13
data/processed/train/genuine/original_26_17.png,data/processed/train/genuine/original_26_4.png,1,genuine_genuine,26,26
data/processed/train/genuine/original_21_12.png,data/processed/train/genuine/original_21_17.png,1,genuine_genuine,21,21
data/processed/validation/genuine/original_44_21.png,data/processed/validation/forged/forgeries_44_20.png,0,skilled_forgery,44,44
data/processed/validation/genuine/original_37_1.png,data/processed/validation/genuine/original_37_9.png,1,genuine_genuine,37,37
data/processed/train/genuine/original_19_19.png,data/processed/train/genuine/original_19_5.png,1,genuine_genuine,19,19
data/processed/train/genuine/original_32_4.png,data/processed/train/forged/forgeries_32_9.png,0,skilled_forgery,32,32
data/processed/train/genuine/original_11_2.png,data/processed/train/genuine/original_11_5.png,1,genuine_genuine,11,11
data/processed/train/genuine/original_24_7.png,data/processed/train/forged/forgeries_24_4.png,0,skilled_forgery,24,24
data/processed/train/genuine/original_24_23.png,data/processed/train/genuine/original_24_9.png,1,genuine_genuine,24,24
data/processed/train/genuine/original_26_22.png,data/processed/train/forged/forgeries_26_4.png,0,skilled_forgery,26,26
data/processed/train/genuine/original_27_3.png,data/processed/train/forged/forgeries_27_21.png,0,skilled_forgery,27,27
data/processed/train/genuine/original_21_18.png,data/processed/train/genuine/original_21_21.png,1,genuine_genuine,21,21
data/processed/train/genuine/original_12_13.png,data/processed/train/genuine/original_12_16.png,1,genuine_genuine,12,12
data/processed/train/genuine/original_21_16.png,data/processed/train/genuine/original_21_18.png,1,genuine_genuine,21,21
data/processed/train/genuine/original_32_2.png,data/processed/train/genuine/original_32_23.png,1,genuine_genuine,32,32
data/processed/train/genuine/original_22_24.png,data/processed/train/forged/forgeries_22_22.png,0,skilled_forgery,22,22
data/processed/train/genuine/original_10_1.png,data/processed/train/genuine/original_10_19.png,1,genuine_genuine,10,10
data/processed/train/genuine/original_28_4.png,data/processed/train/genuine/original_28_5.png,1,genuine_genuine,28,28
data/processed/validation/genuine/original_40_14.png,data/processed/validation/genuine/original_40_4.png,1,genuine_genuine,40,40
data/processed/train/genuine/original_22_18.png,data/processed/train/genuine/original_22_3.png,1,genuine_genuine,22,22
data/processed/train/genuine/original_19_2.png,data/processed/train/genuine/original_19_21.png,1,genuine_genuine,19,19
data/processed/train/genuine/original_21_16.png,data/processed/train/genuine/original_21_2.png,1,genuine_genuine,21,21
data/processed/train/genuine/original_15_23.png,data/processed/train/genuine/original_15_24.png,1,genuine_genuine,15,15
data/processed/train/genuine/original_34_14.png,data/processed/train/genuine/original_34_15.png,1,genuine_genuine,34,34
data/processed/train/genuine/original_15_4.png,data/processed/train/genuine/original_15_8.png,1,genuine_genuine,15,15
data/processed/train/genuine/original_19_11.png,data/processed/train/genuine/original_33_10.png,0,random_forgery,19,33
data/processed/train/genuine/original_29_21.png,data/processed/train/genuine/original_26_11.png,0,random_forgery,29,26
data/processed/train/genuine/original_35_11.png,data/processed/train/forged/forgeries_35_21.png,0,skilled_forgery,35,35
data/processed/train/genuine/original_29_19.png,data/processed/train/genuine/original_29_22.png,1,genuine_genuine,29,29
data/processed/validation/genuine/original_42_10.png,data/processed/validation/genuine/original_42_3.png,1,genuine_genuine,42,42
data/processed/train/genuine/original_25_11.png,data/processed/train/genuine/original_25_5.png,1,genuine_genuine,25,25
data/processed/train/genuine/original_13_13.png,data/processed/train/genuine/original_23_4.png,0,random_forgery,13,23
data/processed/validation/genuine/original_44_2.png,data/processed/train/genuine/original_26_17.png,0,random_forgery,44,26
data/processed/train/genuine/original_18_24.png,data/processed/train/forged/forgeries_18_3.png,0,skilled_forgery,18,18
data/processed/train/genuine/original_23_20.png,data/processed/validation/genuine/original_44_24.png,0,random_forgery,23,44
data/processed/train/genuine/original_15_12.png,data/processed/train/genuine/original_15_13.png,1,genuine_genuine,15,15
data/processed/train/genuine/original_34_4.png,data/processed/train/forged/forgeries_34_14.png,0,skilled_forgery,34,34
data/processed/validation/genuine/original_40_15.png,data/processed/validation/forged/forgeries_40_2.png,0,skilled_forgery,40,40
data/processed/validation/genuine/original_39_13.png,data/processed/validation/genuine/original_39_23.png,1,genuine_genuine,39,39
data/processed/train/genuine/original_23_10.png,data/processed/train/genuine/original_23_17.png,1,genuine_genuine,23,23
data/processed/validation/genuine/original_39_16.png,data/processed/validation/forged/forgeries_39_18.png,0,skilled_forgery,39,39
data/processed/train/genuine/original_21_13.png,data/processed/train/genuine/original_21_4.png,1,genuine_genuine,21,21
data/processed/train/genuine/original_18_17.png,data/processed/train/forged/forgeries_18_24.png,0,skilled_forgery,18,18
data/processed/train/genuine/original_13_11.png,data/processed/train/genuine/original_13_23.png,1,genuine_genuine,13,13
data/processed/train/genuine/original_11_18.png,data/processed/train/forged/forgeries_11_15.png,0,skilled_forgery,11,11
data/processed/validation/genuine/original_38_10.png,data/processed/validation/genuine/original_38_13.png,1,genuine_genuine,38,38
data/processed/train/genuine/original_28_5.png,data/processed/train/forged/forgeries_28_5.png,0,skilled_forgery,28,28
data/processed/train/genuine/original_26_1.png,data/processed/train/genuine/original_26_8.png,1,genuine_genuine,26,26
data/processed/train/genuine/original_10_12.png,data/processed/train/genuine/original_10_22.png,1,genuine_genuine,10,10
data/processed/train/genuine/original_32_18.png,data/processed/train/forged/forgeries_32_14.png,0,skilled_forgery,32,32
data/processed/train/genuine/original_17_1.png,data/processed/train/forged/forgeries_17_7.png,0,skilled_forgery,17,17
data/processed/train/genuine/original_27_10.png,data/processed/train/genuine/original_35_8.png,0,random_forgery,27,35
data/processed/train/genuine/original_28_10.png,data/processed/train/genuine/original_28_5.png,1,genuine_genuine,28,28
data/processed/validation/genuine/original_38_8.png,data/processed/validation/forged/forgeries_38_12.png,0,skilled_forgery,38,38
data/processed/train/genuine/original_32_18.png,data/processed/train/genuine/original_32_2.png,1,genuine_genuine,32,32
data/processed/train/genuine/original_17_13.png,data/processed/train/forged/forgeries_17_15.png,0,skilled_forgery,17,17
data/processed/validation/genuine/original_41_20.png,data/processed/validation/forged/forgeries_41_1.png,0,skilled_forgery,41,41
data/processed/train/genuine/original_31_2.png,data/processed/train/genuine/original_31_22.png,1,genuine_genuine,31,31
data/processed/train/genuine/original_28_4.png,data/processed/train/genuine/original_28_7.png,1,genuine_genuine,28,28
data/processed/train/genuine/original_20_19.png,data/processed/train/genuine/original_20_7.png,1,genuine_genuine,20,20
data/processed/train/genuine/original_12_24.png,data/processed/train/genuine/original_34_23.png,0,random_forgery,12,34
data/processed/validation/genuine/original_42_6.png,data/processed/validation/forged/forgeries_42_21.png,0,skilled_forgery,42,42
data/processed/validation/genuine/original_39_11.png,data/processed/validation/genuine/original_36_4.png,0,random_forgery,39,36
data/processed/train/genuine/original_25_22.png,data/processed/train/genuine/original_25_7.png,1,genuine_genuine,25,25
data/processed/validation/genuine/original_37_17.png,data/processed/validation/genuine/original_37_24.png,1,genuine_genuine,37,37
data/processed/validation/genuine/original_36_1.png,data/processed/validation/genuine/original_36_17.png,1,genuine_genuine,36,36
data/processed/train/genuine/original_33_15.png,data/processed/train/genuine/original_33_23.png,1,genuine_genuine,33,33
data/processed/validation/genuine/original_37_23.png,data/processed/validation/forged/forgeries_37_14.png,0,skilled_forgery,37,37
data/processed/train/genuine/original_11_17.png,data/processed/train/genuine/original_21_22.png,0,random_forgery,11,21
data/processed/train/genuine/original_19_5.png,data/processed/train/forged/forgeries_19_12.png,0,skilled_forgery,19,19
data/processed/train/genuine/original_35_18.png,data/processed/train/genuine/original_35_6.png,1,genuine_genuine,35,35
data/processed/validation/genuine/original_41_10.png,data/processed/validation/genuine/original_41_9.png,1,genuine_genuine,41,41
data/processed/train/genuine/original_28_2.png,data/processed/train/genuine/original_28_4.png,1,genuine_genuine,28,28
data/processed/train/genuine/original_28_22.png,data/processed/train/genuine/original_28_7.png,1,genuine_genuine,28,28
data/processed/train/genuine/original_21_14.png,data/processed/train/genuine/original_15_4.png,0,random_forgery,21,15
data/processed/train/genuine/original_31_10.png,data/processed/train/genuine/original_31_7.png,1,genuine_genuine,31,31
data/processed/train/genuine/original_32_14.png,data/processed/train/genuine/original_32_22.png,1,genuine_genuine,32,32
data/processed/validation/genuine/original_42_4.png,data/processed/validation/genuine/original_42_5.png,1,genuine_genuine,42,42
data/processed/train/genuine/original_28_6.png,data/processed/train/forged/forgeries_28_20.png,0,skilled_forgery,28,28
data/processed/train/genuine/original_32_21.png,data/processed/train/genuine/original_32_24.png,1,genuine_genuine,32,32
data/processed/train/genuine/original_34_22.png,data/processed/train/forged/forgeries_34_9.png,0,skilled_forgery,34,34
data/processed/train/genuine/original_34_24.png,data/processed/train/genuine/original_22_5.png,0,random_forgery,34,22
data/processed/train/genuine/original_15_20.png,data/processed/train/genuine/original_24_4.png,0,random_forgery,15,24
data/processed/train/genuine/original_33_14.png,data/processed/train/genuine/original_33_20.png,1,genuine_genuine,33,33
data/processed/train/genuine/original_17_11.png,data/processed/train/genuine/original_17_12.png,1,genuine_genuine,17,17
data/processed/validation/genuine/original_42_14.png,data/processed/validation/genuine/original_42_2.png,1,genuine_genuine,42,42
data/processed/validation/genuine/original_42_21.png,data/processed/validation/forged/forgeries_42_17.png,0,skilled_forgery,42,42
data/processed/train/genuine/original_33_5.png,data/processed/train/forged/forgeries_33_9.png,0,skilled_forgery,33,33
data/processed/train/genuine/original_14_1.png,data/processed/train/genuine/original_14_11.png,1,genuine_genuine,14,14
data/processed/train/genuine/original_21_15.png,data/processed/train/genuine/original_21_19.png,1,genuine_genuine,21,21
data/processed/train/genuine/original_23_12.png,data/processed/train/genuine/original_23_3.png,1,genuine_genuine,23,23
data/processed/validation/genuine/original_45_12.png,data/processed/validation/forged/forgeries_45_11.png,0,skilled_forgery,45,45
data/processed/train/genuine/original_14_12.png,data/processed/train/genuine/original_14_20.png,1,genuine_genuine,14,14
data/processed/train/genuine/original_12_3.png,data/processed/validation/genuine/original_42_6.png,0,random_forgery,12,42
data/processed/train/genuine/original_11_18.png,data/processed/train/genuine/original_11_4.png,1,genuine_genuine,11,11
data/processed/train/genuine/original_18_15.png,data/processed/train/genuine/original_18_22.png,1,genuine_genuine,18,18
data/processed/train/genuine/original_20_19.png,data/processed/train/genuine/original_20_6.png,1,genuine_genuine,20,20
data/processed/train/genuine/original_26_1.png,data/processed/train/genuine/original_26_7.png,1,genuine_genuine,26,26
data/processed/validation/genuine/original_38_12.png,data/processed/validation/genuine/original_38_9.png,1,genuine_genuine,38,38
data/processed/train/genuine/original_14_20.png,data/processed/train/forged/forgeries_14_16.png,0,skilled_forgery,14,14
data/processed/train/genuine/original_13_13.png,data/processed/train/genuine/original_13_21.png,1,genuine_genuine,13,13
data/processed/train/genuine/original_35_1.png,data/processed/train/genuine/original_35_8.png,1,genuine_genuine,35,35
data/processed/train/genuine/original_33_5.png,data/processed/train/genuine/original_33_6.png,1,genuine_genuine,33,33
data/processed/train/genuine/original_19_14.png,data/processed/validation/genuine/original_37_13.png,0,random_forgery,19,37
data/processed/train/genuine/original_10_15.png,data/processed/train/genuine/original_17_18.png,0,random_forgery,10,17
data/processed/train/genuine/original_34_12.png,data/processed/train/forged/forgeries_34_17.png,0,skilled_forgery,34,34
data/processed/validation/genuine/original_42_8.png,data/processed/validation/genuine/original_42_9.png,1,genuine_genuine,42,42
data/processed/train/genuine/original_32_7.png,data/processed/validation/genuine/original_41_6.png,0,random_forgery,32,41
data/processed/train/genuine/original_14_11.png,data/processed/train/genuine/original_14_23.png,1,genuine_genuine,14,14
data/processed/train/genuine/original_17_18.png,data/processed/train/genuine/original_17_2.png,1,genuine_genuine,17,17
data/processed/validation/genuine/original_40_11.png,data/processed/validation/genuine/original_40_24.png,1,genuine_genuine,40,40
data/processed/train/genuine/original_35_18.png,data/processed/train/genuine/original_35_4.png,1,genuine_genuine,35,35
data/processed/train/genuine/original_35_10.png,data/processed/train/forged/forgeries_35_4.png,0,skilled_forgery,35,35
data/processed/train/genuine/original_24_1.png,data/processed/train/genuine/original_24_21.png,1,genuine_genuine,24,24
data/processed/train/genuine/original_19_6.png,data/processed/train/genuine/original_19_8.png,1,genuine_genuine,19,19
data/processed/train/genuine/original_23_22.png,data/processed/train/genuine/original_23_9.png,1,genuine_genuine,23,23
data/processed/train/genuine/original_26_24.png,data/processed/train/genuine/original_17_18.png,0,random_forgery,26,17
data/processed/validation/genuine/original_43_3.png,data/processed/validation/genuine/original_43_4.png,1,genuine_genuine,43,43
data/processed/train/genuine/original_33_4.png,data/processed/train/forged/forgeries_33_21.png,0,skilled_forgery,33,33
data/processed/train/genuine/original_26_19.png,data/processed/train/forged/forgeries_26_7.png,0,skilled_forgery,26,26
data/processed/validation/genuine/original_39_13.png,data/processed/validation/genuine/original_39_19.png,1,genuine_genuine,39,39
data/processed/validation/genuine/original_37_11.png,data/processed/validation/genuine/original_37_6.png,1,genuine_genuine,37,37
data/processed/train/genuine/original_35_10.png,data/processed/train/genuine/original_35_6.png,1,genuine_genuine,35,35
data/processed/train/genuine/original_20_11.png,data/processed/train/genuine/original_20_24.png,1,genuine_genuine,20,20
data/processed/train/genuine/original_20_22.png,data/processed/train/genuine/original_20_7.png,1,genuine_genuine,20,20
data/processed/train/genuine/original_12_24.png,data/processed/train/forged/forgeries_12_13.png,0,skilled_forgery,12,12
data/processed/train/genuine/original_17_1.png,data/processed/train/genuine/original_17_22.png,1,genuine_genuine,17,17
data/processed/validation/genuine/original_45_2.png,data/processed/validation/forged/forgeries_45_14.png,0,skilled_forgery,45,45
data/processed/train/genuine/original_23_11.png,data/processed/train/genuine/original_23_8.png,1,genuine_genuine,23,23
data/processed/train/genuine/original_19_14.png,data/processed/train/forged/forgeries_19_6.png,0,skilled_forgery,19,19
data/processed/validation/genuine/original_38_2.png,data/processed/validation/genuine/original_38_24.png,1,genuine_genuine,38,38
data/processed/train/genuine/original_23_22.png,data/processed/train/forged/forgeries_23_12.png,0,skilled_forgery,23,23
data/processed/train/genuine/original_19_21.png,data/processed/train/genuine/original_19_23.png,1,genuine_genuine,19,19
data/processed/validation/genuine/original_44_15.png,data/processed/validation/forged/forgeries_44_15.png,0,skilled_forgery,44,44
data/processed/train/genuine/original_20_2.png,data/processed/train/genuine/original_20_7.png,1,genuine_genuine,20,20
data/processed/validation/genuine/original_41_17.png,data/processed/validation/genuine/original_41_2.png,1,genuine_genuine,41,41
data/processed/validation/genuine/original_42_2.png,data/processed/validation/genuine/original_42_21.png,1,genuine_genuine,42,42
data/processed/train/genuine/original_14_24.png,data/processed/train/genuine/original_14_6.png,1,genuine_genuine,14,14
data/processed/train/genuine/original_27_20.png,data/processed/train/genuine/original_27_21.png,1,genuine_genuine,27,27
data/processed/validation/genuine/original_40_22.png,data/processed/validation/forged/forgeries_40_12.png,0,skilled_forgery,40,40
data/processed/train/genuine/original_20_14.png,data/processed/train/genuine/original_16_18.png,0,random_forgery,20,16
data/processed/validation/genuine/original_45_10.png,data/processed/validation/genuine/original_45_23.png,1,genuine_genuine,45,45
data/processed/validation/genuine/original_40_17.png,data/processed/validation/forged/forgeries_40_3.png,0,skilled_forgery,40,40
data/processed/train/genuine/original_11_20.png,data/processed/train/genuine/original_12_23.png,0,random_forgery,11,12
data/processed/train/genuine/original_20_20.png,data/processed/train/genuine/original_20_5.png,1,genuine_genuine,20,20
data/processed/validation/genuine/original_44_18.png,data/processed/validation/forged/forgeries_44_7.png,0,skilled_forgery,44,44
data/processed/train/genuine/original_16_14.png,data/processed/train/genuine/original_16_21.png,1,genuine_genuine,16,16
data/processed/train/genuine/original_35_4.png,data/processed/train/genuine/original_35_7.png,1,genuine_genuine,35,35
data/processed/validation/genuine/original_36_21.png,data/processed/validation/genuine/original_36_3.png,1,genuine_genuine,36,36
data/processed/train/genuine/original_31_12.png,data/processed/train/genuine/original_31_22.png,1,genuine_genuine,31,31
data/processed/train/genuine/original_19_4.png,data/processed/train/genuine/original_19_6.png,1,genuine_genuine,19,19
data/processed/train/genuine/original_15_17.png,data/processed/train/genuine/original_15_3.png,1,genuine_genuine,15,15
data/processed/train/genuine/original_16_7.png,data/processed/train/forged/forgeries_16_13.png,0,skilled_forgery,16,16
data/processed/train/genuine/original_32_1.png,data/processed/train/genuine/original_32_2.png,1,genuine_genuine,32,32
data/processed/train/genuine/original_12_11.png,data/processed/train/genuine/original_12_19.png,1,genuine_genuine,12,12
data/processed/train/genuine/original_24_15.png,data/processed/train/genuine/original_24_23.png,1,genuine_genuine,24,24
data/processed/validation/genuine/original_36_1.png,data/processed/validation/genuine/original_37_19.png,0,random_forgery,36,37
data/processed/train/genuine/original_18_14.png,data/processed/train/genuine/original_18_22.png,1,genuine_genuine,18,18
data/processed/validation/genuine/original_43_14.png,data/processed/validation/genuine/original_43_6.png,1,genuine_genuine,43,43
data/processed/validation/genuine/original_40_3.png,data/processed/validation/forged/forgeries_40_4.png,0,skilled_forgery,40,40
data/processed/train/genuine/original_22_12.png,data/processed/train/forged/forgeries_22_3.png,0,skilled_forgery,22,22
data/processed/train/genuine/original_16_18.png,data/processed/train/genuine/original_16_23.png,1,genuine_genuine,16,16
data/processed/train/genuine/original_33_22.png,data/processed/train/genuine/original_33_6.png,1,genuine_genuine,33,33
data/processed/validation/genuine/original_37_20.png,data/processed/validation/forged/forgeries_37_1.png,0,skilled_forgery,37,37
data/processed/train/genuine/original_32_16.png,data/processed/train/forged/forgeries_32_24.png,0,skilled_forgery,32,32
data/processed/train/genuine/original_14_8.png,data/processed/train/genuine/original_14_9.png,1,genuine_genuine,14,14
data/processed/train/genuine/original_24_3.png,data/processed/train/genuine/original_23_9.png,0,random_forgery,24,23
data/processed/train/genuine/original_12_1.png,data/processed/train/forged/forgeries_12_12.png,0,skilled_forgery,12,12
data/processed/train/genuine/original_15_23.png,data/processed/train/forged/forgeries_15_18.png,0,skilled_forgery,15,15
data/processed/validation/genuine/original_45_2.png,data/processed/validation/forged/forgeries_45_17.png,0,skilled_forgery,45,45
data/processed/train/genuine/original_26_17.png,data/processed/train/genuine/original_32_10.png,0,random_forgery,26,32
data/processed/train/genuine/original_35_6.png,data/processed/train/genuine/original_19_21.png,0,random_forgery,35,19
data/processed/train/genuine/original_24_15.png,data/processed/validation/genuine/original_45_6.png,0,random_forgery,24,45
data/processed/train/genuine/original_30_7.png,data/processed/train/forged/forgeries_30_9.png,0,skilled_forgery,30,30
data/processed/train/genuine/original_26_3.png,data/processed/train/genuine/original_26_5.png,1,genuine_genuine,26,26
data/processed/train/genuine/original_33_21.png,data/processed/train/genuine/original_33_22.png,1,genuine_genuine,33,33
data/processed/validation/genuine/original_45_24.png,data/processed/validation/forged/forgeries_45_17.png,0,skilled_forgery,45,45
data/processed/train/genuine/original_22_15.png,data/processed/train/genuine/original_24_7.png,0,random_forgery,22,24
data/processed/train/genuine/original_24_19.png,data/processed/train/genuine/original_24_4.png,1,genuine_genuine,24,24
data/processed/validation/genuine/original_45_14.png,data/processed/validation/genuine/original_45_8.png,1,genuine_genuine,45,45
data/processed/validation/genuine/original_41_10.png,data/processed/validation/genuine/original_41_19.png,1,genuine_genuine,41,41
data/processed/train/genuine/original_34_8.png,data/processed/train/forged/forgeries_34_22.png,0,skilled_forgery,34,34
data/processed/train/genuine/original_27_18.png,data/processed/train/genuine/original_11_20.png,0,random_forgery,27,11
data/processed/validation/genuine/original_41_10.png,data/processed/validation/genuine/original_41_16.png,1,genuine_genuine,41,41
data/processed/validation/genuine/original_40_13.png,data/processed/validation/forged/forgeries_40_11.png,0,skilled_forgery,40,40
data/processed/train/genuine/original_23_22.png,data/processed/train/genuine/original_23_4.png,1,genuine_genuine,23,23
data/processed/validation/genuine/original_39_11.png,data/processed/train/genuine/original_32_23.png,0,random_forgery,39,32
data/processed/train/genuine/original_32_7.png,data/processed/train/genuine/original_28_8.png,0,random_forgery,32,28
data/processed/train/genuine/original_15_21.png,data/processed/train/genuine/original_15_23.png,1,genuine_genuine,15,15
data/processed/train/genuine/original_31_16.png,data/processed/train/genuine/original_31_7.png,1,genuine_genuine,31,31
data/processed/train/genuine/original_20_1.png,data/processed/train/genuine/original_20_11.png,1,genuine_genuine,20,20
data/processed/train/genuine/original_22_12.png,data/processed/train/genuine/original_22_22.png,1,genuine_genuine,22,22
data/processed/train/genuine/original_20_17.png,data/processed/train/genuine/original_20_24.png,1,genuine_genuine,20,20
data/processed/validation/genuine/original_37_19.png,data/processed/validation/forged/forgeries_37_6.png,0,skilled_forgery,37,37
data/processed/train/genuine/original_11_2.png,data/processed/train/genuine/original_11_3.png,1,genuine_genuine,11,11
data/processed/train/genuine/original_15_13.png,data/processed/train/genuine/original_15_7.png,1,genuine_genuine,15,15
data/processed/train/genuine/original_19_5.png,data/processed/train/forged/forgeries_19_22.png,0,skilled_forgery,19,19
data/processed/validation/genuine/original_41_16.png,data/processed/train/genuine/original_24_20.png,0,random_forgery,41,24
data/processed/train/genuine/original_17_19.png,data/processed/train/genuine/original_17_21.png,1,genuine_genuine,17,17
data/processed/train/genuine/original_20_6.png,data/processed/train/genuine/original_13_24.png,0,random_forgery,20,13
data/processed/train/genuine/original_13_11.png,data/processed/train/genuine/original_13_13.png,1,genuine_genuine,13,13
data/processed/train/genuine/original_15_9.png,data/processed/train/forged/forgeries_15_3.png,0,skilled_forgery,15,15
data/processed/train/genuine/original_29_18.png,data/processed/train/genuine/original_29_3.png,1,genuine_genuine,29,29
data/processed/train/genuine/original_18_1.png,data/processed/train/genuine/original_22_6.png,0,random_forgery,18,22
data/processed/validation/genuine/original_40_15.png,data/processed/train/genuine/original_19_15.png,0,random_forgery,40,19
data/processed/train/genuine/original_23_15.png,data/processed/train/genuine/original_23_16.png,1,genuine_genuine,23,23
data/processed/train/genuine/original_27_19.png,data/processed/train/genuine/original_27_22.png,1,genuine_genuine,27,27
data/processed/train/genuine/original_15_15.png,data/processed/train/genuine/original_15_2.png,1,genuine_genuine,15,15
data/processed/train/genuine/original_21_16.png,data/processed/train/genuine/original_21_6.png,1,genuine_genuine,21,21
data/processed/validation/genuine/original_39_22.png,data/processed/validation/forged/forgeries_39_22.png,0,skilled_forgery,39,39
data/processed/validation/genuine/original_45_11.png,data/processed/validation/forged/forgeries_45_10.png,0,skilled_forgery,45,45
data/processed/train/genuine/original_11_18.png,data/processed/train/forged/forgeries_11_5.png,0,skilled_forgery,11,11
data/processed/train/genuine/original_23_19.png,data/processed/train/genuine/original_23_2.png,1,genuine_genuine,23,23
data/processed/train/genuine/original_21_20.png,data/processed/train/genuine/original_21_6.png,1,genuine_genuine,21,21
data/processed/train/genuine/original_35_7.png,data/processed/train/forged/forgeries_35_22.png,0,skilled_forgery,35,35
data/processed/train/genuine/original_22_23.png,data/processed/train/forged/forgeries_22_16.png,0,skilled_forgery,22,22
data/processed/train/genuine/original_20_19.png,data/processed/train/forged/forgeries_20_14.png,0,skilled_forgery,20,20
data/processed/train/genuine/original_25_8.png,data/processed/train/forged/forgeries_25_6.png,0,skilled_forgery,25,25
data/processed/validation/genuine/original_44_12.png,data/processed/validation/genuine/original_44_19.png,1,genuine_genuine,44,44
data/processed/train/genuine/original_29_9.png,data/processed/train/genuine/original_31_8.png,0,random_forgery,29,31
data/processed/train/genuine/original_17_13.png,data/processed/train/genuine/original_17_8.png,1,genuine_genuine,17,17
data/processed/train/genuine/original_35_2.png,data/processed/train/genuine/original_35_7.png,1,genuine_genuine,35,35
data/processed/train/genuine/original_22_2.png,data/processed/train/forged/forgeries_22_11.png,0,skilled_forgery,22,22
data/processed/train/genuine/original_33_12.png,data/processed/train/genuine/original_33_19.png,1,genuine_genuine,33,33
data/processed/validation/genuine/original_36_5.png,data/processed/validation/forged/forgeries_36_15.png,0,skilled_forgery,36,36
data/processed/train/genuine/original_12_13.png,data/processed/train/genuine/original_12_9.png,1,genuine_genuine,12,12
data/processed/train/genuine/original_32_17.png,data/processed/train/forged/forgeries_32_16.png,0,skilled_forgery,32,32
data/processed/train/genuine/original_16_14.png,data/processed/train/genuine/original_16_17.png,1,genuine_genuine,16,16
data/processed/train/genuine/original_28_15.png,data/processed/train/forged/forgeries_28_21.png,0,skilled_forgery,28,28
data/processed/train/genuine/original_11_18.png,data/processed/train/genuine/original_26_23.png,0,random_forgery,11,26
data/processed/validation/genuine/original_44_4.png,data/processed/validation/genuine/original_44_5.png,1,genuine_genuine,44,44
data/processed/validation/genuine/original_38_21.png,data/processed/validation/forged/forgeries_38_20.png,0,skilled_forgery,38,38
data/processed/train/genuine/original_22_17.png,data/processed/train/genuine/original_22_3.png,1,genuine_genuine,22,22
data/processed/train/genuine/original_10_24.png,data/processed/train/genuine/original_10_9.png,1,genuine_genuine,10,10
data/processed/train/genuine/original_20_20.png,data/processed/train/genuine/original_20_8.png,1,genuine_genuine,20,20
data/processed/train/genuine/original_18_6.png,data/processed/train/genuine/original_18_8.png,1,genuine_genuine,18,18
data/processed/train/genuine/original_13_5.png,data/processed/train/forged/forgeries_13_24.png,0,skilled_forgery,13,13
data/processed/validation/genuine/original_36_18.png,data/processed/validation/genuine/original_36_7.png,1,genuine_genuine,36,36
data/processed/train/genuine/original_23_16.png,data/processed/train/forged/forgeries_23_17.png,0,skilled_forgery,23,23
data/processed/train/genuine/original_16_19.png,data/processed/train/genuine/original_27_8.png,0,random_forgery,16,27
data/processed/validation/genuine/original_40_13.png,data/processed/validation/forged/forgeries_40_9.png,0,skilled_forgery,40,40
data/processed/train/genuine/original_22_11.png,data/processed/train/genuine/original_22_2.png,1,genuine_genuine,22,22
data/processed/train/genuine/original_28_1.png,data/processed/train/forged/forgeries_28_24.png,0,skilled_forgery,28,28
data/processed/train/genuine/original_21_6.png,data/processed/train/forged/forgeries_21_12.png,0,skilled_forgery,21,21
data/processed/train/genuine/original_12_16.png,data/processed/train/genuine/original_12_2.png,1,genuine_genuine,12,12
data/processed/train/genuine/original_30_7.png,data/processed/train/genuine/original_11_11.png,0,random_forgery,30,11
data/processed/train/genuine/original_30_12.png,data/processed/train/genuine/original_30_23.png,1,genuine_genuine,30,30
data/processed/train/genuine/original_17_18.png,data/processed/train/genuine/original_17_4.png,1,genuine_genuine,17,17
data/processed/train/genuine/original_28_3.png,data/processed/train/genuine/original_28_6.png,1,genuine_genuine,28,28
data/processed/train/genuine/original_11_15.png,data/processed/train/genuine/original_11_4.png,1,genuine_genuine,11,11
data/processed/train/genuine/original_31_17.png,data/processed/train/forged/forgeries_31_23.png,0,skilled_forgery,31,31
data/processed/train/genuine/original_27_23.png,data/processed/train/forged/forgeries_27_23.png,0,skilled_forgery,27,27
data/processed/train/genuine/original_35_21.png,data/processed/train/genuine/original_35_3.png,1,genuine_genuine,35,35
data/processed/train/genuine/original_22_14.png,data/processed/validation/genuine/original_45_5.png,0,random_forgery,22,45
data/processed/train/genuine/original_16_8.png,data/processed/train/genuine/original_13_24.png,0,random_forgery,16,13
data/processed/validation/genuine/original_42_14.png,data/processed/validation/genuine/original_42_17.png,1,genuine_genuine,42,42
data/processed/validation/genuine/original_40_1.png,data/processed/validation/genuine/original_44_18.png,0,random_forgery,40,44
data/processed/train/genuine/original_12_18.png,data/processed/validation/genuine/original_45_1.png,0,random_forgery,12,45
data/processed/train/genuine/original_31_2.png,data/processed/train/forged/forgeries_31_11.png,0,skilled_forgery,31,31
data/processed/validation/genuine/original_45_11.png,data/processed/validation/genuine/original_45_3.png,1,genuine_genuine,45,45
data/processed/validation/genuine/original_45_19.png,data/processed/validation/forged/forgeries_45_24.png,0,skilled_forgery,45,45
data/processed/validation/genuine/original_43_2.png,data/processed/validation/genuine/original_41_6.png,0,random_forgery,43,41
data/processed/validation/genuine/original_43_13.png,data/processed/validation/forged/forgeries_43_8.png,0,skilled_forgery,43,43
data/processed/train/genuine/original_27_4.png,data/processed/train/genuine/original_27_9.png,1,genuine_genuine,27,27
data/processed/train/genuine/original_32_3.png,data/processed/train/genuine/original_19_19.png,0,random_forgery,32,19
data/processed/train/genuine/original_24_9.png,data/processed/validation/genuine/original_43_1.png,0,random_forgery,24,43
data/processed/validation/genuine/original_42_10.png,data/processed/validation/genuine/original_42_6.png,1,genuine_genuine,42,42
data/processed/train/genuine/original_22_4.png,data/processed/train/forged/forgeries_22_23.png,0,skilled_forgery,22,22
data/processed/validation/genuine/original_36_17.png,data/processed/validation/forged/forgeries_36_20.png,0,skilled_forgery,36,36
data/processed/validation/genuine/original_42_24.png,data/processed/validation/genuine/original_42_7.png,1,genuine_genuine,42,42
data/processed/train/genuine/original_30_13.png,data/processed/train/genuine/original_30_20.png,1,genuine_genuine,30,30
data/processed/train/genuine/original_29_23.png,data/processed/train/genuine/original_14_21.png,0,random_forgery,29,14
data/processed/validation/genuine/original_44_16.png,data/processed/validation/forged/forgeries_44_22.png,0,skilled_forgery,44,44
data/processed/train/genuine/original_13_13.png,data/processed/train/genuine/original_13_5.png,1,genuine_genuine,13,13
data/processed/train/genuine/original_32_4.png,data/processed/validation/genuine/original_40_7.png,0,random_forgery,32,40
data/processed/train/genuine/original_26_11.png,data/processed/train/genuine/original_26_16.png,1,genuine_genuine,26,26
data/processed/validation/genuine/original_39_19.png,data/processed/validation/genuine/original_36_11.png,0,random_forgery,39,36
data/processed/train/genuine/original_30_13.png,data/processed/train/genuine/original_30_24.png,1,genuine_genuine,30,30
data/processed/train/genuine/original_24_15.png,data/processed/train/genuine/original_24_4.png,1,genuine_genuine,24,24
data/processed/train/genuine/original_28_12.png,data/processed/train/genuine/original_28_23.png,1,genuine_genuine,28,28
data/processed/train/genuine/original_30_11.png,data/processed/train/genuine/original_30_2.png,1,genuine_genuine,30,30
data/processed/train/genuine/original_21_22.png,data/processed/train/genuine/original_21_5.png,1,genuine_genuine,21,21
data/processed/validation/genuine/original_36_6.png,data/processed/validation/genuine/original_36_8.png,1,genuine_genuine,36,36
data/processed/train/genuine/original_21_3.png,data/processed/train/forged/forgeries_21_3.png,0,skilled_forgery,21,21
data/processed/train/genuine/original_12_18.png,data/processed/train/forged/forgeries_12_21.png,0,skilled_forgery,12,12
data/processed/train/genuine/original_12_14.png,data/processed/train/forged/forgeries_12_7.png,0,skilled_forgery,12,12
data/processed/validation/genuine/original_44_3.png,data/processed/validation/forged/forgeries_44_22.png,0,skilled_forgery,44,44
data/processed/validation/genuine/original_45_13.png,data/processed/validation/genuine/original_45_20.png,1,genuine_genuine,45,45
data/processed/validation/genuine/original_44_17.png,data/processed/validation/forged/forgeries_44_14.png,0,skilled_forgery,44,44
data/processed/validation/genuine/original_37_11.png,data/processed/validation/genuine/original_37_9.png,1,genuine_genuine,37,37
data/processed/train/genuine/original_13_16.png,data/processed/train/genuine/original_28_11.png,0,random_forgery,13,28
data/processed/validation/genuine/original_38_13.png,data/processed/validation/genuine/original_38_23.png,1,genuine_genuine,38,38
data/processed/train/genuine/original_34_22.png,data/processed/train/genuine/original_34_4.png,1,genuine_genuine,34,34
data/processed/train/genuine/original_13_21.png,data/processed/train/genuine/original_13_24.png,1,genuine_genuine,13,13
data/processed/validation/genuine/original_41_9.png,data/processed/validation/forged/forgeries_41_3.png,0,skilled_forgery,41,41
data/processed/train/genuine/original_20_1.png,data/processed/train/genuine/original_31_20.png,0,random_forgery,20,31
data/processed/train/genuine/original_11_18.png,data/processed/train/genuine/original_18_11.png,0,random_forgery,11,18
data/processed/train/genuine/original_33_14.png,data/processed/train/forged/forgeries_33_2.png,0,skilled_forgery,33,33
data/processed/train/genuine/original_31_18.png,data/processed/train/genuine/original_31_8.png,1,genuine_genuine,31,31
data/processed/train/genuine/original_11_19.png,data/processed/train/genuine/original_12_12.png,0,random_forgery,11,12
data/processed/train/genuine/original_35_14.png,data/processed/train/genuine/original_35_5.png,1,genuine_genuine,35,35
data/processed/train/genuine/original_21_15.png,data/processed/train/genuine/original_21_7.png,1,genuine_genuine,21,21
data/processed/validation/genuine/original_37_16.png,data/processed/validation/genuine/original_37_19.png,1,genuine_genuine,37,37
data/processed/train/genuine/original_18_1.png,data/processed/train/genuine/original_18_3.png,1,genuine_genuine,18,18
data/processed/validation/genuine/original_42_15.png,data/processed/validation/genuine/original_42_22.png,1,genuine_genuine,42,42
data/processed/train/genuine/original_28_16.png,data/processed/train/genuine/original_28_3.png,1,genuine_genuine,28,28
data/processed/train/genuine/original_14_21.png,data/processed/train/genuine/original_18_22.png,0,random_forgery,14,18
data/processed/validation/genuine/original_42_3.png,data/processed/validation/genuine/original_42_4.png,1,genuine_genuine,42,42
data/processed/validation/genuine/original_43_13.png,data/processed/validation/forged/forgeries_43_23.png,0,skilled_forgery,43,43
data/processed/validation/genuine/original_37_13.png,data/processed/validation/genuine/original_37_22.png,1,genuine_genuine,37,37
data/processed/train/genuine/original_11_11.png,data/processed/train/forged/forgeries_11_23.png,0,skilled_forgery,11,11
data/processed/train/genuine/original_29_2.png,data/processed/train/genuine/original_29_9.png,1,genuine_genuine,29,29
data/processed/validation/genuine/original_41_13.png,data/processed/validation/forged/forgeries_41_5.png,0,skilled_forgery,41,41
data/processed/train/genuine/original_16_22.png,data/processed/train/genuine/original_16_9.png,1,genuine_genuine,16,16
data/processed/train/genuine/original_35_1.png,data/processed/train/genuine/original_35_15.png,1,genuine_genuine,35,35
data/processed/train/genuine/original_28_19.png,data/processed/train/genuine/original_28_9.png,1,genuine_genuine,28,28
data/processed/validation/genuine/original_40_19.png,data/processed/validation/genuine/original_40_20.png,1,genuine_genuine,40,40
data/processed/train/genuine/original_22_3.png,data/processed/validation/genuine/original_41_8.png,0,random_forgery,22,41
data/processed/train/genuine/original_27_11.png,data/processed/train/genuine/original_27_3.png,1,genuine_genuine,27,27
data/processed/train/genuine/original_20_19.png,data/processed/train/genuine/original_20_23.png,1,genuine_genuine,20,20
data/processed/train/genuine/original_13_22.png,data/processed/train/genuine/original_34_9.png,0,random_forgery,13,34
data/processed/validation/genuine/original_43_9.png,data/processed/validation/forged/forgeries_43_13.png,0,skilled_forgery,43,43
data/processed/train/genuine/original_27_23.png,data/processed/train/genuine/original_35_14.png,0,random_forgery,27,35
data/processed/validation/genuine/original_44_1.png,data/processed/validation/genuine/original_44_10.png,1,genuine_genuine,44,44
data/processed/validation/genuine/original_42_13.png,data/processed/train/genuine/original_14_20.png,0,random_forgery,42,14
data/processed/train/genuine/original_34_16.png,data/processed/train/genuine/original_23_13.png,0,random_forgery,34,23
data/processed/train/genuine/original_32_14.png,data/processed/train/forged/forgeries_32_2.png,0,skilled_forgery,32,32
data/processed/train/genuine/original_18_2.png,data/processed/train/genuine/original_18_22.png,1,genuine_genuine,18,18
data/processed/train/genuine/original_11_14.png,data/processed/validation/genuine/original_37_15.png,0,random_forgery,11,37
data/processed/train/genuine/original_33_15.png,data/processed/train/forged/forgeries_33_18.png,0,skilled_forgery,33,33
data/processed/train/genuine/original_33_1.png,data/processed/train/genuine/original_33_8.png,1,genuine_genuine,33,33
data/processed/train/genuine/original_31_4.png,data/processed/train/forged/forgeries_31_19.png,0,skilled_forgery,31,31
data/processed/train/genuine/original_10_22.png,data/processed/train/forged/forgeries_10_17.png,0,skilled_forgery,10,10
data/processed/validation/genuine/original_41_22.png,data/processed/validation/forged/forgeries_41_24.png,0,skilled_forgery,41,41
data/processed/train/genuine/original_25_20.png,data/processed/train/genuine/original_25_21.png,1,genuine_genuine,25,25
data/processed/validation/genuine/original_38_12.png,data/processed/validation/genuine/original_38_17.png,1,genuine_genuine,38,38
data/processed/train/genuine/original_12_14.png,data/processed/train/genuine/original_12_5.png,1,genuine_genuine,12,12
data/processed/validation/genuine/original_43_14.png,data/processed/validation/genuine/original_43_3.png,1,genuine_genuine,43,43
data/processed/train/genuine/original_27_24.png,data/processed/train/genuine/original_27_7.png,1,genuine_genuine,27,27
data/processed/train/genuine/original_30_18.png,data/processed/train/genuine/original_21_15.png,0,random_forgery,30,21
data/processed/train/genuine/original_27_15.png,data/processed/train/genuine/original_26_24.png,0,random_forgery,27,26
data/processed/train/genuine/original_26_20.png,data/processed/train/genuine/original_26_3.png,1,genuine_genuine,26,26
data/processed/train/genuine/original_15_13.png,data/processed/train/genuine/original_15_22.png,1,genuine_genuine,15,15
data/processed/train/genuine/original_35_24.png,data/processed/train/forged/forgeries_35_15.png,0,skilled_forgery,35,35
data/processed/train/genuine/original_14_10.png,data/processed/train/genuine/original_14_12.png,1,genuine_genuine,14,14
data/processed/train/genuine/original_29_3.png,data/processed/train/forged/forgeries_29_6.png,0,skilled_forgery,29,29
data/processed/train/genuine/original_10_12.png,data/processed/train/genuine/original_10_17.png,1,genuine_genuine,10,10
data/processed/train/genuine/original_21_18.png,data/processed/train/genuine/original_21_7.png,1,genuine_genuine,21,21
data/processed/validation/genuine/original_38_3.png,data/processed/validation/genuine/original_38_5.png,1,genuine_genuine,38,38
data/processed/validation/genuine/original_42_20.png,data/processed/train/genuine/original_17_23.png,0,random_forgery,42,17
data/processed/validation/genuine/original_45_1.png,data/processed/validation/genuine/original_45_21.png,1,genuine_genuine,45,45
data/processed/train/genuine/original_34_6.png,data/processed/train/forged/forgeries_34_23.png,0,skilled_forgery,34,34
data/processed/train/genuine/original_13_7.png,data/processed/train/genuine/original_21_18.png,0,random_forgery,13,21
data/processed/train/genuine/original_21_1.png,data/processed/train/genuine/original_21_17.png,1,genuine_genuine,21,21
data/processed/train/genuine/original_30_13.png,data/processed/train/genuine/original_30_3.png,1,genuine_genuine,30,30
data/processed/train/genuine/original_29_11.png,data/processed/train/genuine/original_29_2.png,1,genuine_genuine,29,29
data/processed/train/genuine/original_33_10.png,data/processed/train/genuine/original_33_5.png,1,genuine_genuine,33,33
data/processed/validation/genuine/original_39_4.png,data/processed/train/genuine/original_14_15.png,0,random_forgery,39,14
data/processed/train/genuine/original_28_15.png,data/processed/train/genuine/original_28_20.png,1,genuine_genuine,28,28
data/processed/validation/genuine/original_36_2.png,data/processed/train/genuine/original_23_16.png,0,random_forgery,36,23
data/processed/train/genuine/original_12_10.png,data/processed/train/genuine/original_12_8.png,1,genuine_genuine,12,12
data/processed/train/genuine/original_11_21.png,data/processed/train/genuine/original_29_1.png,0,random_forgery,11,29
data/processed/validation/genuine/original_36_4.png,data/processed/train/genuine/original_18_23.png,0,random_forgery,36,18
data/processed/validation/genuine/original_43_5.png,data/processed/validation/genuine/original_36_15.png,0,random_forgery,43,36
data/processed/train/genuine/original_31_1.png,data/processed/train/genuine/original_31_3.png,1,genuine_genuine,31,31
data/processed/train/genuine/original_23_1.png,data/processed/train/genuine/original_23_20.png,1,genuine_genuine,23,23
data/processed/validation/genuine/original_42_15.png,data/processed/train/genuine/original_29_1.png,0,random_forgery,42,29
data/processed/validation/genuine/original_38_17.png,data/processed/validation/genuine/original_38_9.png,1,genuine_genuine,38,38
data/processed/train/genuine/original_27_1.png,data/processed/train/genuine/original_27_11.png,1,genuine_genuine,27,27
data/processed/train/genuine/original_17_2.png,data/processed/train/genuine/original_17_6.png,1,genuine_genuine,17,17
data/processed/train/genuine/original_35_23.png,data/processed/validation/genuine/original_45_20.png,0,random_forgery,35,45
data/processed/train/genuine/original_33_2.png,data/processed/train/genuine/original_13_3.png,0,random_forgery,33,13
data/processed/train/genuine/original_29_17.png,data/processed/train/genuine/original_29_21.png,1,genuine_genuine,29,29
data/processed/validation/genuine/original_37_18.png,data/processed/train/genuine/original_27_6.png,0,random_forgery,37,27
data/processed/validation/genuine/original_44_11.png,data/processed/validation/genuine/original_44_4.png,1,genuine_genuine,44,44
data/processed/validation/genuine/original_37_11.png,data/processed/train/genuine/original_27_9.png,0,random_forgery,37,27
data/processed/train/genuine/original_21_1.png,data/processed/train/forged/forgeries_21_15.png,0,skilled_forgery,21,21
data/processed/train/genuine/original_22_23.png,data/processed/train/genuine/original_22_9.png,1,genuine_genuine,22,22
data/processed/validation/genuine/original_43_17.png,data/processed/validation/genuine/original_43_24.png,1,genuine_genuine,43,43
data/processed/validation/genuine/original_37_18.png,data/processed/train/genuine/original_23_23.png,0,random_forgery,37,23
data/processed/train/genuine/original_12_16.png,data/processed/train/genuine/original_12_19.png,1,genuine_genuine,12,12
data/processed/train/genuine/original_10_2.png,data/processed/train/genuine/original_25_14.png,0,random_forgery,10,25
data/processed/validation/genuine/original_41_15.png,data/processed/validation/genuine/original_41_2.png,1,genuine_genuine,41,41
data/processed/validation/genuine/original_42_11.png,data/processed/validation/genuine/original_42_24.png,1,genuine_genuine,42,42
data/processed/validation/genuine/original_44_1.png,data/processed/validation/genuine/original_44_2.png,1,genuine_genuine,44,44
data/processed/validation/genuine/original_45_18.png,data/processed/validation/forged/forgeries_45_16.png,0,skilled_forgery,45,45
data/processed/train/genuine/original_20_16.png,data/processed/train/genuine/original_20_7.png,1,genuine_genuine,20,20
data/processed/train/genuine/original_25_15.png,data/processed/train/genuine/original_25_20.png,1,genuine_genuine,25,25
data/processed/train/genuine/original_14_8.png,data/processed/train/forged/forgeries_14_2.png,0,skilled_forgery,14,14
data/processed/validation/genuine/original_38_2.png,data/processed/validation/genuine/original_38_5.png,1,genuine_genuine,38,38
data/processed/train/genuine/original_21_17.png,data/processed/train/genuine/original_21_8.png,1,genuine_genuine,21,21
data/processed/train/genuine/original_32_14.png,data/processed/train/genuine/original_32_6.png,1,genuine_genuine,32,32
data/processed/train/genuine/original_33_1.png,data/processed/train/genuine/original_33_6.png,1,genuine_genuine,33,33
data/processed/train/genuine/original_28_11.png,data/processed/train/forged/forgeries_28_4.png,0,skilled_forgery,28,28
data/processed/validation/genuine/original_39_23.png,data/processed/validation/genuine/original_42_15.png,0,random_forgery,39,42
data/processed/train/genuine/original_18_3.png,data/processed/train/genuine/original_14_15.png,0,random_forgery,18,14
data/processed/train/genuine/original_17_12.png,data/processed/train/forged/forgeries_17_23.png,0,skilled_forgery,17,17
data/processed/train/genuine/original_25_16.png,data/processed/train/genuine/original_25_5.png,1,genuine_genuine,25,25
data/processed/validation/genuine/original_42_19.png,data/processed/validation/genuine/original_42_7.png,1,genuine_genuine,42,42
data/processed/train/genuine/original_20_13.png,data/processed/train/genuine/original_20_6.png,1,genuine_genuine,20,20
data/processed/train/genuine/original_13_12.png,data/processed/train/genuine/original_30_15.png,0,random_forgery,13,30
data/processed/train/genuine/original_17_11.png,data/processed/train/forged/forgeries_17_14.png,0,skilled_forgery,17,17
data/processed/validation/genuine/original_44_5.png,data/processed/train/genuine/original_31_10.png,0,random_forgery,44,31
data/processed/train/genuine/original_32_7.png,data/processed/train/forged/forgeries_32_17.png,0,skilled_forgery,32,32
data/processed/train/genuine/original_31_11.png,data/processed/train/genuine/original_31_19.png,1,genuine_genuine,31,31
data/processed/validation/genuine/original_39_18.png,data/processed/train/genuine/original_22_9.png,0,random_forgery,39,22
data/processed/train/genuine/original_33_19.png,data/processed/train/forged/forgeries_33_10.png,0,skilled_forgery,33,33
data/processed/train/genuine/original_26_2.png,data/processed/train/genuine/original_26_4.png,1,genuine_genuine,26,26
data/processed/train/genuine/original_14_16.png,data/processed/train/genuine/original_14_19.png,1,genuine_genuine,14,14
data/processed/train/genuine/original_17_20.png,data/processed/train/genuine/original_17_21.png,1,genuine_genuine,17,17
data/processed/train/genuine/original_16_20.png,data/processed/train/genuine/original_21_3.png,0,random_forgery,16,21
data/processed/train/genuine/original_20_14.png,data/processed/train/forged/forgeries_20_4.png,0,skilled_forgery,20,20
data/processed/train/genuine/original_18_15.png,data/processed/train/genuine/original_18_6.png,1,genuine_genuine,18,18
data/processed/validation/genuine/original_44_8.png,data/processed/validation/forged/forgeries_44_11.png,0,skilled_forgery,44,44
data/processed/train/genuine/original_11_6.png,data/processed/train/genuine/original_13_20.png,0,random_forgery,11,13
data/processed/train/genuine/original_14_17.png,data/processed/train/genuine/original_14_20.png,1,genuine_genuine,14,14
data/processed/train/genuine/original_27_22.png,data/processed/train/genuine/original_21_1.png,0,random_forgery,27,21
data/processed/validation/genuine/original_45_15.png,data/processed/validation/genuine/original_45_24.png,1,genuine_genuine,45,45
data/processed/train/genuine/original_15_22.png,data/processed/train/genuine/original_28_14.png,0,random_forgery,15,28
data/processed/train/genuine/original_31_20.png,data/processed/train/genuine/original_31_7.png,1,genuine_genuine,31,31
data/processed/train/genuine/original_34_10.png,data/processed/train/forged/forgeries_34_8.png,0,skilled_forgery,34,34
data/processed/train/genuine/original_20_24.png,data/processed/train/forged/forgeries_20_8.png,0,skilled_forgery,20,20
data/processed/train/genuine/original_12_21.png,data/processed/train/genuine/original_12_8.png,1,genuine_genuine,12,12
data/processed/train/genuine/original_19_5.png,data/processed/train/forged/forgeries_19_4.png,0,skilled_forgery,19,19
data/processed/train/genuine/original_13_19.png,data/processed/train/genuine/original_13_20.png,1,genuine_genuine,13,13
data/processed/validation/genuine/original_38_10.png,data/processed/validation/genuine/original_38_5.png,1,genuine_genuine,38,38
data/processed/train/genuine/original_19_24.png,data/processed/train/forged/forgeries_19_22.png,0,skilled_forgery,19,19
data/processed/train/genuine/original_23_11.png,data/processed/train/forged/forgeries_23_6.png,0,skilled_forgery,23,23
data/processed/validation/genuine/original_36_2.png,data/processed/validation/forged/forgeries_36_11.png,0,skilled_forgery,36,36
data/processed/train/genuine/original_31_5.png,data/processed/train/forged/forgeries_31_2.png,0,skilled_forgery,31,31
data/processed/validation/genuine/original_41_4.png,data/processed/validation/genuine/original_41_7.png,1,genuine_genuine,41,41
data/processed/train/genuine/original_19_13.png,data/processed/train/genuine/original_19_19.png,1,genuine_genuine,19,19
data/processed/validation/genuine/original_37_17.png,data/processed/validation/genuine/original_37_8.png,1,genuine_genuine,37,37
data/processed/validation/genuine/original_41_12.png,data/processed/train/genuine/original_34_15.png,0,random_forgery,41,34
data/processed/train/genuine/original_22_2.png,data/processed/train/genuine/original_22_6.png,1,genuine_genuine,22,22
data/processed/train/genuine/original_25_21.png,data/processed/train/genuine/original_25_8.png,1,genuine_genuine,25,25
data/processed/train/genuine/original_28_11.png,data/processed/train/genuine/original_28_22.png,1,genuine_genuine,28,28
data/processed/train/genuine/original_14_18.png,data/processed/train/genuine/original_14_23.png,1,genuine_genuine,14,14
data/processed/train/genuine/original_12_6.png,data/processed/train/forged/forgeries_12_14.png,0,skilled_forgery,12,12
data/processed/train/genuine/original_28_18.png,data/processed/train/forged/forgeries_28_22.png,0,skilled_forgery,28,28
data/processed/train/genuine/original_30_1.png,data/processed/validation/genuine/original_43_16.png,0,random_forgery,30,43
data/processed/train/genuine/original_28_12.png,data/processed/train/genuine/original_28_13.png,1,genuine_genuine,28,28
data/processed/validation/genuine/original_38_16.png,data/processed/validation/forged/forgeries_38_21.png,0,skilled_forgery,38,38
data/processed/validation/genuine/original_39_23.png,data/processed/validation/genuine/original_39_5.png,1,genuine_genuine,39,39
data/processed/validation/genuine/original_44_9.png,data/processed/validation/forged/forgeries_44_5.png,0,skilled_forgery,44,44
data/processed/train/genuine/original_24_13.png,data/processed/train/genuine/original_32_5.png,0,random_forgery,24,32
data/processed/train/genuine/original_22_13.png,data/processed/train/forged/forgeries_22_19.png,0,skilled_forgery,22,22
data/processed/train/genuine/original_15_13.png,data/processed/train/genuine/original_15_9.png,1,genuine_genuine,15,15
data/processed/train/genuine/original_19_7.png,data/processed/train/genuine/original_29_8.png,0,random_forgery,19,29
data/processed/train/genuine/original_22_1.png,data/processed/train/forged/forgeries_22_12.png,0,skilled_forgery,22,22
data/processed/validation/genuine/original_37_21.png,data/processed/validation/genuine/original_37_8.png,1,genuine_genuine,37,37
data/processed/train/genuine/original_11_11.png,data/processed/train/genuine/original_11_20.png,1,genuine_genuine,11,11
data/processed/train/genuine/original_15_3.png,data/processed/train/forged/forgeries_15_1.png,0,skilled_forgery,15,15
data/processed/validation/genuine/original_39_19.png,data/processed/validation/forged/forgeries_39_16.png,0,skilled_forgery,39,39
data/processed/train/genuine/original_31_14.png,data/processed/train/genuine/original_31_15.png,1,genuine_genuine,31,31
data/processed/validation/genuine/original_43_1.png,data/processed/validation/genuine/original_43_10.png,1,genuine_genuine,43,43
data/processed/validation/genuine/original_40_10.png,data/processed/validation/forged/forgeries_40_1.png,0,skilled_forgery,40,40
data/processed/validation/genuine/original_37_17.png,data/processed/validation/forged/forgeries_37_17.png,0,skilled_forgery,37,37
data/processed/train/genuine/original_24_14.png,data/processed/train/genuine/original_12_18.png,0,random_forgery,24,12
data/processed/validation/genuine/original_44_18.png,data/processed/validation/genuine/original_44_6.png,1,genuine_genuine,44,44
data/processed/validation/genuine/original_41_11.png,data/processed/validation/genuine/original_41_19.png,1,genuine_genuine,41,41
data/processed/train/genuine/original_34_3.png,data/processed/train/genuine/original_34_4.png,1,genuine_genuine,34,34
data/processed/train/genuine/original_29_12.png,data/processed/train/forged/forgeries_29_24.png,0,skilled_forgery,29,29
data/processed/train/genuine/original_25_8.png,data/processed/train/forged/forgeries_25_5.png,0,skilled_forgery,25,25
data/processed/validation/genuine/original_42_16.png,data/processed/validation/genuine/original_42_20.png,1,genuine_genuine,42,42
data/processed/train/genuine/original_30_1.png,data/processed/train/genuine/original_30_24.png,1,genuine_genuine,30,30
data/processed/validation/genuine/original_40_4.png,data/processed/validation/genuine/original_42_23.png,0,random_forgery,40,42
data/processed/train/genuine/original_26_16.png,data/processed/train/genuine/original_26_5.png,1,genuine_genuine,26,26
data/processed/train/genuine/original_19_1.png,data/processed/train/genuine/original_19_21.png,1,genuine_genuine,19,19
data/processed/train/genuine/original_12_7.png,data/processed/validation/genuine/original_41_23.png,0,random_forgery,12,41
data/processed/train/genuine/original_23_12.png,data/processed/train/forged/forgeries_23_19.png,0,skilled_forgery,23,23
data/processed/train/genuine/original_30_3.png,data/processed/train/forged/forgeries_30_2.png,0,skilled_forgery,30,30
data/processed/train/genuine/original_12_9.png,data/processed/validation/genuine/original_45_15.png,0,random_forgery,12,45
data/processed/validation/genuine/original_38_3.png,data/processed/validation/genuine/original_38_9.png,1,genuine_genuine,38,38
data/processed/validation/genuine/original_37_2.png,data/processed/validation/forged/forgeries_37_23.png,0,skilled_forgery,37,37
data/processed/train/genuine/original_11_20.png,data/processed/train/genuine/original_11_5.png,1,genuine_genuine,11,11
data/processed/train/genuine/original_32_11.png,data/processed/train/genuine/original_32_16.png,1,genuine_genuine,32,32
data/processed/validation/genuine/original_40_9.png,data/processed/train/genuine/original_27_11.png,0,random_forgery,40,27
data/processed/train/genuine/original_12_17.png,data/processed/train/genuine/original_12_20.png,1,genuine_genuine,12,12
data/processed/train/genuine/original_17_18.png,data/processed/train/genuine/original_17_8.png,1,genuine_genuine,17,17
data/processed/train/genuine/original_11_2.png,data/processed/train/genuine/original_11_9.png,1,genuine_genuine,11,11
data/processed/train/genuine/original_34_19.png,data/processed/train/genuine/original_34_24.png,1,genuine_genuine,34,34
data/processed/validation/genuine/original_42_13.png,data/processed/train/genuine/original_14_1.png,0,random_forgery,42,14
data/processed/train/genuine/original_18_10.png,data/processed/train/genuine/original_18_9.png,1,genuine_genuine,18,18
data/processed/train/genuine/original_18_1.png,data/processed/train/forged/forgeries_18_1.png,0,skilled_forgery,18,18
data/processed/train/genuine/original_22_10.png,data/processed/train/genuine/original_22_22.png,1,genuine_genuine,22,22
data/processed/train/genuine/original_34_10.png,data/processed/train/genuine/original_34_22.png,1,genuine_genuine,34,34
data/processed/train/genuine/original_11_3.png,data/processed/train/forged/forgeries_11_5.png,0,skilled_forgery,11,11
data/processed/train/genuine/original_35_12.png,data/processed/train/genuine/original_35_21.png,1,genuine_genuine,35,35
data/processed/train/genuine/original_18_17.png,data/processed/train/genuine/original_18_3.png,1,genuine_genuine,18,18
data/processed/train/genuine/original_32_19.png,data/processed/train/genuine/original_24_9.png,0,random_forgery,32,24
data/processed/train/genuine/original_28_22.png,data/processed/train/forged/forgeries_28_22.png,0,skilled_forgery,28,28
data/processed/validation/genuine/original_45_11.png,data/processed/validation/forged/forgeries_45_19.png,0,skilled_forgery,45,45
data/processed/train/genuine/original_23_10.png,data/processed/train/genuine/original_30_6.png,0,random_forgery,23,30
data/processed/train/genuine/original_17_23.png,data/processed/train/forged/forgeries_17_22.png,0,skilled_forgery,17,17
data/processed/validation/genuine/original_44_13.png,data/processed/train/genuine/original_19_19.png,0,random_forgery,44,19
data/processed/validation/genuine/original_41_14.png,data/processed/train/genuine/original_33_18.png,0,random_forgery,41,33
data/processed/validation/genuine/original_43_10.png,data/processed/validation/genuine/original_43_12.png,1,genuine_genuine,43,43
data/processed/train/genuine/original_18_4.png,data/processed/train/genuine/original_30_20.png,0,random_forgery,18,30
data/processed/validation/genuine/original_45_11.png,data/processed/validation/forged/forgeries_45_20.png,0,skilled_forgery,45,45
data/processed/train/genuine/original_30_17.png,data/processed/train/genuine/original_30_5.png,1,genuine_genuine,30,30
data/processed/validation/genuine/original_38_14.png,data/processed/validation/genuine/original_38_2.png,1,genuine_genuine,38,38
data/processed/validation/genuine/original_39_2.png,data/processed/validation/genuine/original_39_20.png,1,genuine_genuine,39,39
data/processed/validation/genuine/original_43_17.png,data/processed/validation/forged/forgeries_43_18.png,0,skilled_forgery,43,43
data/processed/train/genuine/original_11_22.png,data/processed/validation/genuine/original_39_18.png,0,random_forgery,11,39
data/processed/validation/genuine/original_45_14.png,data/processed/validation/forged/forgeries_45_7.png,0,skilled_forgery,45,45
data/processed/validation/genuine/original_42_1.png,data/processed/validation/genuine/original_42_6.png,1,genuine_genuine,42,42
data/processed/train/genuine/original_33_18.png,data/processed/train/forged/forgeries_33_19.png,0,skilled_forgery,33,33
data/processed/train/genuine/original_32_17.png,data/processed/train/genuine/original_32_8.png,1,genuine_genuine,32,32
data/processed/validation/genuine/original_38_15.png,data/processed/validation/forged/forgeries_38_18.png,0,skilled_forgery,38,38
data/processed/validation/genuine/original_43_1.png,data/processed/validation/genuine/original_43_9.png,1,genuine_genuine,43,43
data/processed/train/genuine/original_22_24.png,data/processed/validation/genuine/original_37_15.png,0,random_forgery,22,37
data/processed/train/genuine/original_35_5.png,data/processed/train/genuine/original_35_8.png,1,genuine_genuine,35,35
data/processed/validation/genuine/original_42_12.png,data/processed/train/genuine/original_16_17.png,0,random_forgery,42,16
data/processed/validation/genuine/original_43_15.png,data/processed/validation/genuine/original_43_20.png,1,genuine_genuine,43,43
data/processed/train/genuine/original_25_12.png,data/processed/train/genuine/original_25_23.png,1,genuine_genuine,25,25
data/processed/validation/genuine/original_43_1.png,data/processed/validation/genuine/original_43_19.png,1,genuine_genuine,43,43
data/processed/train/genuine/original_20_15.png,data/processed/train/forged/forgeries_20_8.png,0,skilled_forgery,20,20
data/processed/train/genuine/original_13_11.png,data/processed/train/genuine/original_13_9.png,1,genuine_genuine,13,13
data/processed/train/genuine/original_22_17.png,data/processed/train/genuine/original_22_6.png,1,genuine_genuine,22,22
data/processed/train/genuine/original_23_13.png,data/processed/train/genuine/original_23_16.png,1,genuine_genuine,23,23
data/processed/validation/genuine/original_38_23.png,data/processed/validation/genuine/original_38_3.png,1,genuine_genuine,38,38
data/processed/train/genuine/original_32_12.png,data/processed/train/genuine/original_32_21.png,1,genuine_genuine,32,32
data/processed/validation/genuine/original_43_4.png,data/processed/validation/genuine/original_43_9.png,1,genuine_genuine,43,43
data/processed/validation/genuine/original_39_10.png,data/processed/validation/genuine/original_39_4.png,1,genuine_genuine,39,39
data/processed/train/genuine/original_21_24.png,data/processed/train/forged/forgeries_21_19.png,0,skilled_forgery,21,21
data/processed/validation/genuine/original_37_6.png,data/processed/validation/forged/forgeries_37_18.png,0,skilled_forgery,37,37
data/processed/train/genuine/original_28_2.png,data/processed/train/genuine/original_28_5.png,1,genuine_genuine,28,28
data/processed/train/genuine/original_29_1.png,data/processed/train/genuine/original_29_4.png,1,genuine_genuine,29,29
data/processed/train/genuine/original_34_14.png,data/processed/train/genuine/original_34_17.png,1,genuine_genuine,34,34
data/processed/train/genuine/original_31_21.png,data/processed/train/genuine/original_31_8.png,1,genuine_genuine,31,31
data/processed/train/genuine/original_17_13.png,data/processed/train/genuine/original_17_7.png,1,genuine_genuine,17,17
data/processed/train/genuine/original_22_13.png,data/processed/train/genuine/original_22_19.png,1,genuine_genuine,22,22
data/processed/train/genuine/original_29_13.png,data/processed/train/genuine/original_29_7.png,1,genuine_genuine,29,29
data/processed/train/genuine/original_16_5.png,data/processed/train/genuine/original_16_8.png,1,genuine_genuine,16,16
data/processed/train/genuine/original_23_19.png,data/processed/train/genuine/original_23_9.png,1,genuine_genuine,23,23
data/processed/train/genuine/original_24_16.png,data/processed/train/genuine/original_24_24.png,1,genuine_genuine,24,24
data/processed/validation/genuine/original_42_13.png,data/processed/train/genuine/original_18_15.png,0,random_forgery,42,18
data/processed/validation/genuine/original_38_6.png,data/processed/validation/forged/forgeries_38_24.png,0,skilled_forgery,38,38
data/processed/train/genuine/original_30_6.png,data/processed/train/forged/forgeries_30_16.png,0,skilled_forgery,30,30
data/processed/validation/genuine/original_36_1.png,data/processed/validation/forged/forgeries_36_2.png,0,skilled_forgery,36,36
data/processed/train/genuine/original_25_21.png,data/processed/train/genuine/original_25_4.png,1,genuine_genuine,25,25
data/processed/validation/genuine/original_40_17.png,data/processed/validation/forged/forgeries_40_7.png,0,skilled_forgery,40,40
data/processed/validation/genuine/original_45_5.png,data/processed/validation/forged/forgeries_45_22.png,0,skilled_forgery,45,45
data/processed/train/genuine/original_18_3.png,data/processed/train/forged/forgeries_18_22.png,0,skilled_forgery,18,18
data/processed/train/genuine/original_24_21.png,data/processed/train/genuine/original_24_22.png,1,genuine_genuine,24,24
data/processed/validation/genuine/original_42_22.png,data/processed/validation/forged/forgeries_42_9.png,0,skilled_forgery,42,42
data/processed/train/genuine/original_34_17.png,data/processed/train/forged/forgeries_34_11.png,0,skilled_forgery,34,34
data/processed/train/genuine/original_22_20.png,data/processed/train/genuine/original_22_6.png,1,genuine_genuine,22,22
data/processed/train/genuine/original_22_21.png,data/processed/train/genuine/original_15_19.png,0,random_forgery,22,15
data/processed/validation/genuine/original_40_10.png,data/processed/validation/genuine/original_40_15.png,1,genuine_genuine,40,40
data/processed/validation/genuine/original_37_17.png,data/processed/validation/genuine/original_38_5.png,0,random_forgery,37,38
data/processed/train/genuine/original_13_10.png,data/processed/train/forged/forgeries_13_24.png,0,skilled_forgery,13,13
data/processed/train/genuine/original_25_23.png,data/processed/train/genuine/original_25_7.png,1,genuine_genuine,25,25
data/processed/validation/genuine/original_40_4.png,data/processed/validation/forged/forgeries_40_19.png,0,skilled_forgery,40,40
data/processed/validation/genuine/original_37_1.png,data/processed/validation/genuine/original_37_7.png,1,genuine_genuine,37,37
data/processed/train/genuine/original_10_19.png,data/processed/train/genuine/original_10_23.png,1,genuine_genuine,10,10
data/processed/train/genuine/original_32_1.png,data/processed/train/genuine/original_32_23.png,1,genuine_genuine,32,32
data/processed/train/genuine/original_34_13.png,data/processed/train/genuine/original_34_22.png,1,genuine_genuine,34,34
data/processed/validation/genuine/original_43_20.png,data/processed/validation/forged/forgeries_43_16.png,0,skilled_forgery,43,43
data/processed/train/genuine/original_15_20.png,data/processed/train/genuine/original_13_12.png,0,random_forgery,15,13
data/processed/train/genuine/original_23_14.png,data/processed/train/genuine/original_23_9.png,1,genuine_genuine,23,23
data/processed/train/genuine/original_15_6.png,data/processed/train/forged/forgeries_15_1.png,0,skilled_forgery,15,15
data/processed/train/genuine/original_16_10.png,data/processed/train/genuine/original_16_9.png,1,genuine_genuine,16,16
data/processed/validation/genuine/original_42_12.png,data/processed/validation/genuine/original_42_4.png,1,genuine_genuine,42,42
data/processed/validation/genuine/original_39_11.png,data/processed/validation/forged/forgeries_39_15.png,0,skilled_forgery,39,39
data/processed/validation/genuine/original_37_12.png,data/processed/train/genuine/original_19_13.png,0,random_forgery,37,19
data/processed/train/genuine/original_26_4.png,data/processed/train/forged/forgeries_26_20.png,0,skilled_forgery,26,26
data/processed/train/genuine/original_30_20.png,data/processed/train/genuine/original_30_6.png,1,genuine_genuine,30,30
data/processed/train/genuine/original_17_8.png,data/processed/validation/genuine/original_41_13.png,0,random_forgery,17,41
data/processed/train/genuine/original_29_3.png,data/processed/train/forged/forgeries_29_3.png,0,skilled_forgery,29,29
data/processed/train/genuine/original_28_17.png,data/processed/train/forged/forgeries_28_14.png,0,skilled_forgery,28,28
data/processed/train/genuine/original_31_6.png,data/processed/train/forged/forgeries_31_12.png,0,skilled_forgery,31,31
data/processed/train/genuine/original_16_19.png,data/processed/train/forged/forgeries_16_10.png,0,skilled_forgery,16,16
data/processed/validation/genuine/original_45_21.png,data/processed/train/genuine/original_13_18.png,0,random_forgery,45,13
data/processed/train/genuine/original_12_21.png,data/processed/train/genuine/original_12_9.png,1,genuine_genuine,12,12
data/processed/train/genuine/original_15_24.png,data/processed/train/forged/forgeries_15_17.png,0,skilled_forgery,15,15
data/processed/train/genuine/original_23_20.png,data/processed/train/genuine/original_23_9.png,1,genuine_genuine,23,23
data/processed/train/genuine/original_35_11.png,data/processed/train/genuine/original_35_15.png,1,genuine_genuine,35,35
data/processed/train/genuine/original_13_18.png,data/processed/train/genuine/original_13_2.png,1,genuine_genuine,13,13
data/processed/train/genuine/original_17_4.png,data/processed/train/forged/forgeries_17_6.png,0,skilled_forgery,17,17
data/processed/validation/genuine/original_37_3.png,data/processed/validation/genuine/original_37_7.png,1,genuine_genuine,37,37
data/processed/validation/genuine/original_37_3.png,data/processed/validation/genuine/original_37_6.png,1,genuine_genuine,37,37
data/processed/train/genuine/original_24_18.png,data/processed/train/genuine/original_24_24.png,1,genuine_genuine,24,24
data/processed/train/genuine/original_27_11.png,data/processed/train/forged/forgeries_27_6.png,0,skilled_forgery,27,27
data/processed/validation/genuine/original_43_19.png,data/processed/validation/genuine/original_43_5.png,1,genuine_genuine,43,43
data/processed/train/genuine/original_13_24.png,data/processed/train/genuine/original_13_5.png,1,genuine_genuine,13,13
data/processed/train/genuine/original_33_22.png,data/processed/train/genuine/original_24_10.png,0,random_forgery,33,24
data/processed/train/genuine/original_16_1.png,data/processed/train/genuine/original_16_21.png,1,genuine_genuine,16,16
data/processed/train/genuine/original_34_16.png,data/processed/train/forged/forgeries_34_2.png,0,skilled_forgery,34,34
data/processed/train/genuine/original_12_4.png,data/processed/train/genuine/original_12_5.png,1,genuine_genuine,12,12
data/processed/train/genuine/original_17_3.png,data/processed/train/genuine/original_10_16.png,0,random_forgery,17,10
data/processed/train/genuine/original_33_11.png,data/processed/train/genuine/original_33_20.png,1,genuine_genuine,33,33
data/processed/train/genuine/original_17_14.png,data/processed/train/genuine/original_17_20.png,1,genuine_genuine,17,17
data/processed/train/genuine/original_25_13.png,data/processed/train/genuine/original_25_2.png,1,genuine_genuine,25,25
data/processed/validation/genuine/original_44_16.png,data/processed/validation/genuine/original_44_22.png,1,genuine_genuine,44,44
data/processed/train/genuine/original_26_15.png,data/processed/train/genuine/original_26_19.png,1,genuine_genuine,26,26
data/processed/train/genuine/original_28_15.png,data/processed/train/genuine/original_28_22.png,1,genuine_genuine,28,28
data/processed/train/genuine/original_30_7.png,data/processed/train/forged/forgeries_30_19.png,0,skilled_forgery,30,30
data/processed/train/genuine/original_35_10.png,data/processed/train/genuine/original_35_7.png,1,genuine_genuine,35,35
data/processed/train/genuine/original_26_1.png,data/processed/train/genuine/original_26_23.png,1,genuine_genuine,26,26
data/processed/train/genuine/original_15_15.png,data/processed/train/genuine/original_15_17.png,1,genuine_genuine,15,15
data/processed/train/genuine/original_34_15.png,data/processed/train/genuine/original_34_6.png,1,genuine_genuine,34,34
data/processed/train/genuine/original_23_17.png,data/processed/train/genuine/original_23_4.png,1,genuine_genuine,23,23
data/processed/train/genuine/original_18_12.png,data/processed/train/genuine/original_18_5.png,1,genuine_genuine,18,18
data/processed/train/genuine/original_22_16.png,data/processed/train/genuine/original_22_9.png,1,genuine_genuine,22,22
data/processed/validation/genuine/original_43_15.png,data/processed/validation/genuine/original_43_18.png,1,genuine_genuine,43,43
data/processed/validation/genuine/original_37_10.png,data/processed/validation/genuine/original_37_11.png,1,genuine_genuine,37,37
data/processed/train/genuine/original_25_10.png,data/processed/train/genuine/original_25_15.png,1,genuine_genuine,25,25
data/processed/train/genuine/original_29_6.png,data/processed/train/genuine/original_10_2.png,0,random_forgery,29,10
data/processed/validation/genuine/original_42_23.png,data/processed/validation/genuine/original_42_9.png,1,genuine_genuine,42,42
data/processed/validation/genuine/original_44_21.png,data/processed/validation/genuine/original_44_9.png,1,genuine_genuine,44,44
data/processed/validation/genuine/original_44_18.png,data/processed/validation/genuine/original_44_19.png,1,genuine_genuine,44,44
data/processed/validation/genuine/original_38_7.png,data/processed/validation/forged/forgeries_38_14.png,0,skilled_forgery,38,38
data/processed/train/genuine/original_17_13.png,data/processed/train/genuine/original_17_9.png,1,genuine_genuine,17,17
data/processed/train/genuine/original_19_16.png,data/processed/train/genuine/original_19_5.png,1,genuine_genuine,19,19
data/processed/train/genuine/original_18_17.png,data/processed/train/genuine/original_27_7.png,0,random_forgery,18,27
data/processed/train/genuine/original_29_23.png,data/processed/train/forged/forgeries_29_24.png,0,skilled_forgery,29,29
data/processed/train/genuine/original_17_15.png,data/processed/train/genuine/original_17_24.png,1,genuine_genuine,17,17
data/processed/train/genuine/original_10_22.png,data/processed/train/genuine/original_10_4.png,1,genuine_genuine,10,10
data/processed/train/genuine/original_12_2.png,data/processed/train/genuine/original_12_9.png,1,genuine_genuine,12,12
data/processed/train/genuine/original_21_15.png,data/processed/train/forged/forgeries_21_20.png,0,skilled_forgery,21,21
data/processed/train/genuine/original_28_12.png,data/processed/train/genuine/original_28_15.png,1,genuine_genuine,28,28
data/processed/train/genuine/original_25_3.png,data/processed/train/genuine/original_10_19.png,0,random_forgery,25,10
data/processed/train/genuine/original_16_1.png,data/processed/train/genuine/original_16_6.png,1,genuine_genuine,16,16
data/processed/validation/genuine/original_36_2.png,data/processed/validation/forged/forgeries_36_17.png,0,skilled_forgery,36,36
data/processed/train/genuine/original_32_4.png,data/processed/train/genuine/original_32_6.png,1,genuine_genuine,32,32
data/processed/train/genuine/original_27_19.png,data/processed/train/genuine/original_27_23.png,1,genuine_genuine,27,27
data/processed/train/genuine/original_20_6.png,data/processed/train/forged/forgeries_20_5.png,0,skilled_forgery,20,20
data/processed/train/genuine/original_23_10.png,data/processed/train/genuine/original_23_7.png,1,genuine_genuine,23,23
data/processed/train/genuine/original_30_14.png,data/processed/train/genuine/original_30_20.png,1,genuine_genuine,30,30
data/processed/validation/genuine/original_44_17.png,data/processed/validation/forged/forgeries_44_9.png,0,skilled_forgery,44,44
data/processed/train/genuine/original_18_15.png,data/processed/train/genuine/original_18_16.png,1,genuine_genuine,18,18
data/processed/validation/genuine/original_36_1.png,data/processed/validation/genuine/original_36_4.png,1,genuine_genuine,36,36
data/processed/train/genuine/original_18_20.png,data/processed/train/genuine/original_18_4.png,1,genuine_genuine,18,18
data/processed/validation/genuine/original_36_17.png,data/processed/validation/forged/forgeries_36_9.png,0,skilled_forgery,36,36
data/processed/validation/genuine/original_45_2.png,data/processed/validation/genuine/original_41_6.png,0,random_forgery,45,41
data/processed/train/genuine/original_28_16.png,data/processed/train/genuine/original_28_18.png,1,genuine_genuine,28,28
data/processed/train/genuine/original_11_16.png,data/processed/train/genuine/original_16_22.png,0,random_forgery,11,16
data/processed/validation/genuine/original_37_19.png,data/processed/validation/forged/forgeries_37_10.png,0,skilled_forgery,37,37
data/processed/train/genuine/original_34_16.png,data/processed/train/genuine/original_34_3.png,1,genuine_genuine,34,34
data/processed/validation/genuine/original_44_16.png,data/processed/validation/genuine/original_44_20.png,1,genuine_genuine,44,44
data/processed/train/genuine/original_10_7.png,data/processed/train/forged/forgeries_10_15.png,0,skilled_forgery,10,10
data/processed/train/genuine/original_34_3.png,data/processed/train/genuine/original_34_9.png,1,genuine_genuine,34,34
data/processed/train/genuine/original_32_15.png,data/processed/train/genuine/original_32_22.png,1,genuine_genuine,32,32
data/processed/validation/genuine/original_43_23.png,data/processed/validation/forged/forgeries_43_3.png,0,skilled_forgery,43,43
data/processed/validation/genuine/original_42_17.png,data/processed/validation/forged/forgeries_42_6.png,0,skilled_forgery,42,42
data/processed/train/genuine/original_13_22.png,data/processed/train/forged/forgeries_13_2.png,0,skilled_forgery,13,13
data/processed/train/genuine/original_25_7.png,data/processed/validation/genuine/original_41_11.png,0,random_forgery,25,41
data/processed/validation/genuine/original_41_8.png,data/processed/validation/forged/forgeries_41_19.png,0,skilled_forgery,41,41
data/processed/train/genuine/original_32_11.png,data/processed/train/genuine/original_32_5.png,1,genuine_genuine,32,32
data/processed/validation/genuine/original_39_15.png,data/processed/validation/genuine/original_39_7.png,1,genuine_genuine,39,39
data/processed/train/genuine/original_12_14.png,data/processed/train/genuine/original_12_15.png,1,genuine_genuine,12,12
data/processed/train/genuine/original_10_16.png,data/processed/train/genuine/original_10_4.png,1,genuine_genuine,10,10
data/processed/train/genuine/original_15_10.png,data/processed/train/genuine/original_15_4.png,1,genuine_genuine,15,15
data/processed/train/genuine/original_22_10.png,data/processed/train/genuine/original_22_6.png,1,genuine_genuine,22,22
data/processed/train/genuine/original_22_8.png,data/processed/train/forged/forgeries_22_19.png,0,skilled_forgery,22,22
data/processed/train/genuine/original_21_20.png,data/processed/train/genuine/original_22_2.png,0,random_forgery,21,22
data/processed/validation/genuine/original_38_15.png,data/processed/validation/genuine/original_36_4.png,0,random_forgery,38,36
data/processed/train/genuine/original_10_15.png,data/processed/train/genuine/original_10_9.png,1,genuine_genuine,10,10
data/processed/train/genuine/original_24_16.png,data/processed/train/genuine/original_24_23.png,1,genuine_genuine,24,24
data/processed/train/genuine/original_26_8.png,data/processed/train/genuine/original_27_3.png,0,random_forgery,26,27
data/processed/train/genuine/original_25_1.png,data/processed/train/genuine/original_25_23.png,1,genuine_genuine,25,25
data/processed/train/genuine/original_26_8.png,data/processed/train/genuine/original_24_13.png,0,random_forgery,26,24
data/processed/train/genuine/original_31_9.png,data/processed/train/genuine/original_32_4.png,0,random_forgery,31,32
data/processed/train/genuine/original_10_23.png,data/processed/train/genuine/original_10_5.png,1,genuine_genuine,10,10
data/processed/train/genuine/original_33_23.png,data/processed/train/genuine/original_10_11.png,0,random_forgery,33,10
data/processed/train/genuine/original_15_15.png,data/processed/validation/genuine/original_38_21.png,0,random_forgery,15,38
data/processed/train/genuine/original_19_9.png,data/processed/train/forged/forgeries_19_12.png,0,skilled_forgery,19,19
data/processed/train/genuine/original_22_21.png,data/processed/train/forged/forgeries_22_23.png,0,skilled_forgery,22,22
data/processed/train/genuine/original_24_11.png,data/processed/train/genuine/original_24_22.png,1,genuine_genuine,24,24
data/processed/train/genuine/original_29_1.png,data/processed/train/genuine/original_29_11.png,1,genuine_genuine,29,29
data/processed/train/genuine/original_15_23.png,data/processed/train/genuine/original_15_5.png,1,genuine_genuine,15,15
data/processed/train/genuine/original_29_13.png,data/processed/train/genuine/original_29_18.png,1,genuine_genuine,29,29
data/processed/train/genuine/original_24_19.png,data/processed/train/genuine/original_30_21.png,0,random_forgery,24,30
data/processed/train/genuine/original_14_23.png,data/processed/train/genuine/original_19_23.png,0,random_forgery,14,19
data/processed/train/genuine/original_24_14.png,data/processed/train/genuine/original_24_23.png,1,genuine_genuine,24,24
data/processed/train/genuine/original_25_6.png,data/processed/train/genuine/original_25_9.png,1,genuine_genuine,25,25
data/processed/train/genuine/original_26_5.png,data/processed/train/forged/forgeries_26_22.png,0,skilled_forgery,26,26
data/processed/train/genuine/original_35_14.png,data/processed/train/genuine/original_35_21.png,1,genuine_genuine,35,35
data/processed/train/genuine/original_13_13.png,data/processed/train/forged/forgeries_13_6.png,0,skilled_forgery,13,13
data/processed/train/genuine/original_32_17.png,data/processed/train/genuine/original_32_5.png,1,genuine_genuine,32,32
data/processed/train/genuine/original_17_17.png,data/processed/train/genuine/original_17_6.png,1,genuine_genuine,17,17
data/processed/train/genuine/original_24_19.png,data/processed/train/genuine/original_24_2.png,1,genuine_genuine,24,24
data/processed/train/genuine/original_29_18.png,data/processed/train/genuine/original_12_19.png,0,random_forgery,29,12
data/processed/train/genuine/original_14_9.png,data/processed/train/forged/forgeries_14_5.png,0,skilled_forgery,14,14
data/processed/validation/genuine/original_40_22.png,data/processed/validation/genuine/original_40_9.png,1,genuine_genuine,40,40
data/processed/validation/genuine/original_38_17.png,data/processed/validation/genuine/original_38_8.png,1,genuine_genuine,38,38
data/processed/train/genuine/original_30_1.png,data/processed/train/genuine/original_30_13.png,1,genuine_genuine,30,30
data/processed/validation/genuine/original_43_1.png,data/processed/validation/genuine/original_43_17.png,1,genuine_genuine,43,43
data/processed/validation/genuine/original_38_12.png,data/processed/validation/genuine/original_38_8.png,1,genuine_genuine,38,38
data/processed/train/genuine/original_23_7.png,data/processed/validation/genuine/original_39_5.png,0,random_forgery,23,39
data/processed/train/genuine/original_18_11.png,data/processed/train/genuine/original_18_19.png,1,genuine_genuine,18,18
data/processed/validation/genuine/original_38_6.png,data/processed/validation/forged/forgeries_38_11.png,0,skilled_forgery,38,38
data/processed/train/genuine/original_14_12.png,data/processed/train/genuine/original_14_14.png,1,genuine_genuine,14,14
data/processed/train/genuine/original_16_18.png,data/processed/validation/genuine/original_38_5.png,0,random_forgery,16,38
data/processed/train/genuine/original_28_23.png,data/processed/train/forged/forgeries_28_21.png,0,skilled_forgery,28,28
data/processed/validation/genuine/original_42_13.png,data/processed/validation/genuine/original_42_22.png,1,genuine_genuine,42,42
data/processed/train/genuine/original_14_14.png,data/processed/train/genuine/original_14_19.png,1,genuine_genuine,14,14
data/processed/train/genuine/original_15_5.png,data/processed/train/genuine/original_15_6.png,1,genuine_genuine,15,15
data/processed/validation/genuine/original_37_21.png,data/processed/validation/genuine/original_37_22.png,1,genuine_genuine,37,37
data/processed/train/genuine/original_30_21.png,data/processed/train/forged/forgeries_30_2.png,0,skilled_forgery,30,30
data/processed/train/genuine/original_18_23.png,data/processed/train/genuine/original_18_5.png,1,genuine_genuine,18,18
data/processed/train/genuine/original_18_18.png,data/processed/train/genuine/original_18_20.png,1,genuine_genuine,18,18
data/processed/train/genuine/original_32_2.png,data/processed/train/genuine/original_20_4.png,0,random_forgery,32,20
data/processed/train/genuine/original_25_7.png,data/processed/train/genuine/original_16_7.png,0,random_forgery,25,16
data/processed/validation/genuine/original_37_4.png,data/processed/validation/genuine/original_37_9.png,1,genuine_genuine,37,37
data/processed/train/genuine/original_16_23.png,data/processed/train/forged/forgeries_16_17.png,0,skilled_forgery,16,16
data/processed/validation/genuine/original_38_13.png,data/processed/validation/genuine/original_38_7.png,1,genuine_genuine,38,38
data/processed/train/genuine/original_26_24.png,data/processed/train/genuine/original_26_6.png,1,genuine_genuine,26,26
data/processed/train/genuine/original_35_11.png,data/processed/train/genuine/original_35_17.png,1,genuine_genuine,35,35
data/processed/validation/genuine/original_44_6.png,data/processed/train/genuine/original_14_9.png,0,random_forgery,44,14
data/processed/train/genuine/original_33_13.png,data/processed/validation/genuine/original_43_23.png,0,random_forgery,33,43
data/processed/train/genuine/original_26_3.png,data/processed/train/genuine/original_26_6.png,1,genuine_genuine,26,26
data/processed/validation/genuine/original_39_19.png,data/processed/validation/genuine/original_39_21.png,1,genuine_genuine,39,39
data/processed/train/genuine/original_13_4.png,data/processed/train/forged/forgeries_13_11.png,0,skilled_forgery,13,13
data/processed/validation/genuine/original_45_14.png,data/processed/validation/genuine/original_45_23.png,1,genuine_genuine,45,45
data/processed/train/genuine/original_26_12.png,data/processed/train/genuine/original_26_15.png,1,genuine_genuine,26,26
data/processed/train/genuine/original_28_15.png,data/processed/train/genuine/original_28_7.png,1,genuine_genuine,28,28
data/processed/train/genuine/original_22_11.png,data/processed/train/genuine/original_22_12.png,1,genuine_genuine,22,22
data/processed/train/genuine/original_16_23.png,data/processed/train/forged/forgeries_16_24.png,0,skilled_forgery,16,16
data/processed/validation/genuine/original_43_11.png,data/processed/validation/genuine/original_43_23.png,1,genuine_genuine,43,43
data/processed/validation/genuine/original_39_20.png,data/processed/validation/forged/forgeries_39_13.png,0,skilled_forgery,39,39
data/processed/train/genuine/original_34_21.png,data/processed/train/forged/forgeries_34_13.png,0,skilled_forgery,34,34
data/processed/train/genuine/original_32_18.png,data/processed/train/genuine/original_32_22.png,1,genuine_genuine,32,32
data/processed/validation/genuine/original_40_16.png,data/processed/validation/genuine/original_40_20.png,1,genuine_genuine,40,40
data/processed/train/genuine/original_14_6.png,data/processed/train/genuine/original_24_7.png,0,random_forgery,14,24
data/processed/validation/genuine/original_38_14.png,data/processed/validation/forged/forgeries_38_6.png,0,skilled_forgery,38,38
data/processed/validation/genuine/original_42_20.png,data/processed/validation/forged/forgeries_42_5.png,0,skilled_forgery,42,42
data/processed/validation/genuine/original_40_18.png,data/processed/validation/genuine/original_42_24.png,0,random_forgery,40,42
data/processed/validation/genuine/original_39_21.png,data/processed/validation/genuine/original_44_4.png,0,random_forgery,39,44
data/processed/train/genuine/original_30_18.png,data/processed/train/genuine/original_30_21.png,1,genuine_genuine,30,30
data/processed/train/genuine/original_27_12.png,data/processed/train/genuine/original_27_18.png,1,genuine_genuine,27,27
data/processed/train/genuine/original_22_15.png,data/processed/train/genuine/original_22_2.png,1,genuine_genuine,22,22
data/processed/train/genuine/original_29_14.png,data/processed/train/genuine/original_29_8.png,1,genuine_genuine,29,29
data/processed/train/genuine/original_15_4.png,data/processed/train/genuine/original_23_4.png,0,random_forgery,15,23
data/processed/train/genuine/original_30_19.png,data/processed/train/genuine/original_34_3.png,0,random_forgery,30,34
data/processed/train/genuine/original_17_21.png,data/processed/train/forged/forgeries_17_18.png,0,skilled_forgery,17,17
data/processed/validation/genuine/original_39_20.png,data/processed/train/genuine/original_30_12.png,0,random_forgery,39,30
data/processed/train/genuine/original_18_6.png,data/processed/train/genuine/original_22_10.png,0,random_forgery,18,22
data/processed/train/genuine/original_15_2.png,data/processed/train/genuine/original_15_3.png,1,genuine_genuine,15,15
data/processed/train/genuine/original_10_16.png,data/processed/train/forged/forgeries_10_15.png,0,skilled_forgery,10,10
data/processed/train/genuine/original_16_15.png,data/processed/train/genuine/original_13_18.png,0,random_forgery,16,13
data/processed/validation/genuine/original_45_15.png,data/processed/validation/genuine/original_45_16.png,1,genuine_genuine,45,45
data/processed/train/genuine/original_32_2.png,data/processed/train/genuine/original_32_3.png,1,genuine_genuine,32,32
data/processed/train/genuine/original_14_14.png,data/processed/train/genuine/original_14_8.png,1,genuine_genuine,14,14
data/processed/train/genuine/original_23_2.png,data/processed/train/genuine/original_19_6.png,0,random_forgery,23,19
data/processed/validation/genuine/original_40_16.png,data/processed/validation/genuine/original_40_23.png,1,genuine_genuine,40,40
data/processed/train/genuine/original_32_1.png,data/processed/train/genuine/original_32_14.png,1,genuine_genuine,32,32
data/processed/validation/genuine/original_44_10.png,data/processed/validation/genuine/original_44_3.png,1,genuine_genuine,44,44
data/processed/validation/genuine/original_40_10.png,data/processed/validation/genuine/original_36_14.png,0,random_forgery,40,36
data/processed/train/genuine/original_26_15.png,data/processed/train/genuine/original_26_5.png,1,genuine_genuine,26,26
data/processed/train/genuine/original_16_3.png,data/processed/train/genuine/original_16_9.png,1,genuine_genuine,16,16
data/processed/train/genuine/original_29_10.png,data/processed/train/genuine/original_29_14.png,1,genuine_genuine,29,29
data/processed/validation/genuine/original_42_4.png,data/processed/validation/genuine/original_42_6.png,1,genuine_genuine,42,42
data/processed/train/genuine/original_30_12.png,data/processed/train/genuine/original_30_17.png,1,genuine_genuine,30,30
data/processed/validation/genuine/original_40_6.png,data/processed/validation/forged/forgeries_40_6.png,0,skilled_forgery,40,40
data/processed/train/genuine/original_16_11.png,data/processed/train/genuine/original_16_21.png,1,genuine_genuine,16,16
data/processed/train/genuine/original_21_12.png,data/processed/train/genuine/original_21_19.png,1,genuine_genuine,21,21
data/processed/train/genuine/original_23_3.png,data/processed/train/forged/forgeries_23_4.png,0,skilled_forgery,23,23
data/processed/train/genuine/original_11_1.png,data/processed/train/genuine/original_11_15.png,1,genuine_genuine,11,11
data/processed/train/genuine/original_32_18.png,data/processed/validation/genuine/original_43_13.png,0,random_forgery,32,43
data/processed/train/genuine/original_15_10.png,data/processed/train/genuine/original_15_23.png,1,genuine_genuine,15,15
data/processed/train/genuine/original_16_10.png,data/processed/train/genuine/original_16_19.png,1,genuine_genuine,16,16
data/processed/train/genuine/original_15_11.png,data/processed/train/genuine/original_15_5.png,1,genuine_genuine,15,15
data/processed/train/genuine/original_29_12.png,data/processed/train/genuine/original_29_13.png,1,genuine_genuine,29,29
data/processed/train/genuine/original_22_12.png,data/processed/train/forged/forgeries_22_15.png,0,skilled_forgery,22,22
data/processed/train/genuine/original_31_17.png,data/processed/train/genuine/original_31_8.png,1,genuine_genuine,31,31
data/processed/train/genuine/original_15_3.png,data/processed/train/genuine/original_15_9.png,1,genuine_genuine,15,15
data/processed/validation/genuine/original_36_4.png,data/processed/validation/forged/forgeries_36_10.png,0,skilled_forgery,36,36
data/processed/train/genuine/original_11_15.png,data/processed/train/genuine/original_11_5.png,1,genuine_genuine,11,11
data/processed/train/genuine/original_15_13.png,data/processed/train/genuine/original_15_17.png,1,genuine_genuine,15,15
data/processed/train/genuine/original_16_6.png,data/processed/train/forged/forgeries_16_6.png,0,skilled_forgery,16,16
data/processed/train/genuine/original_14_21.png,data/processed/train/genuine/original_17_7.png,0,random_forgery,14,17
data/processed/train/genuine/original_21_18.png,data/processed/train/genuine/original_29_23.png,0,random_forgery,21,29
data/processed/validation/genuine/original_42_14.png,data/processed/train/genuine/original_32_7.png,0,random_forgery,42,32
data/processed/train/genuine/original_19_9.png,data/processed/train/forged/forgeries_19_5.png,0,skilled_forgery,19,19
data/processed/train/genuine/original_35_7.png,data/processed/train/genuine/original_30_8.png,0,random_forgery,35,30
data/processed/train/genuine/original_16_1.png,data/processed/train/genuine/original_16_20.png,1,genuine_genuine,16,16
data/processed/train/genuine/original_13_11.png,data/processed/train/genuine/original_13_18.png,1,genuine_genuine,13,13
data/processed/validation/genuine/original_43_1.png,data/processed/validation/genuine/original_43_2.png,1,genuine_genuine,43,43
data/processed/train/genuine/original_18_22.png,data/processed/train/forged/forgeries_18_11.png,0,skilled_forgery,18,18
data/processed/train/genuine/original_16_1.png,data/processed/train/genuine/original_23_5.png,0,random_forgery,16,23
data/processed/validation/genuine/original_39_1.png,data/processed/validation/genuine/original_39_21.png,1,genuine_genuine,39,39
data/processed/train/genuine/original_17_24.png,data/processed/train/genuine/original_28_22.png,0,random_forgery,17,28
data/processed/train/genuine/original_18_17.png,data/processed/train/genuine/original_18_9.png,1,genuine_genuine,18,18
data/processed/train/genuine/original_27_11.png,data/processed/train/genuine/original_34_14.png,0,random_forgery,27,34
data/processed/train/genuine/original_21_17.png,data/processed/train/forged/forgeries_21_5.png,0,skilled_forgery,21,21
data/processed/train/genuine/original_21_1.png,data/processed/train/genuine/original_21_20.png,1,genuine_genuine,21,21
data/processed/validation/genuine/original_45_1.png,data/processed/validation/forged/forgeries_45_12.png,0,skilled_forgery,45,45
data/processed/train/genuine/original_25_20.png,data/processed/train/genuine/original_21_18.png,0,random_forgery,25,21
data/processed/train/genuine/original_25_9.png,data/processed/train/genuine/original_34_16.png,0,random_forgery,25,34
data/processed/train/genuine/original_16_3.png,data/processed/train/forged/forgeries_16_18.png,0,skilled_forgery,16,16
data/processed/train/genuine/original_12_19.png,data/processed/train/genuine/original_34_21.png,0,random_forgery,12,34
data/processed/train/genuine/original_21_9.png,data/processed/train/genuine/original_14_16.png,0,random_forgery,21,14
data/processed/train/genuine/original_16_4.png,data/processed/train/genuine/original_16_8.png,1,genuine_genuine,16,16
data/processed/validation/genuine/original_39_21.png,data/processed/validation/genuine/original_39_22.png,1,genuine_genuine,39,39
data/processed/train/genuine/original_34_10.png,data/processed/train/forged/forgeries_34_4.png,0,skilled_forgery,34,34
data/processed/validation/genuine/original_39_20.png,data/processed/validation/forged/forgeries_39_24.png,0,skilled_forgery,39,39
data/processed/train/genuine/original_19_4.png,data/processed/train/genuine/original_30_22.png,0,random_forgery,19,30
data/processed/train/genuine/original_23_2.png,data/processed/train/genuine/original_23_7.png,1,genuine_genuine,23,23
data/processed/train/genuine/original_11_22.png,data/processed/train/genuine/original_11_9.png,1,genuine_genuine,11,11
data/processed/train/genuine/original_13_18.png,data/processed/train/genuine/original_13_3.png,1,genuine_genuine,13,13
data/processed/validation/genuine/original_36_12.png,data/processed/validation/forged/forgeries_36_7.png,0,skilled_forgery,36,36
data/processed/train/genuine/original_25_12.png,data/processed/train/genuine/original_25_24.png,1,genuine_genuine,25,25
data/processed/train/genuine/original_27_22.png,data/processed/train/genuine/original_27_8.png,1,genuine_genuine,27,27
data/processed/validation/genuine/original_41_19.png,data/processed/validation/genuine/original_41_21.png,1,genuine_genuine,41,41
data/processed/train/genuine/original_31_13.png,data/processed/train/genuine/original_20_23.png,0,random_forgery,31,20
data/processed/train/genuine/original_30_10.png,data/processed/train/genuine/original_30_9.png,1,genuine_genuine,30,30
data/processed/validation/genuine/original_44_18.png,data/processed/validation/genuine/original_44_8.png,1,genuine_genuine,44,44
data/processed/train/genuine/original_20_14.png,data/processed/train/genuine/original_20_19.png,1,genuine_genuine,20,20
data/processed/train/genuine/original_31_3.png,data/processed/train/forged/forgeries_31_12.png,0,skilled_forgery,31,31
data/processed/validation/genuine/original_38_10.png,data/processed/validation/genuine/original_38_2.png,1,genuine_genuine,38,38
data/processed/train/genuine/original_20_5.png,data/processed/train/forged/forgeries_20_17.png,0,skilled_forgery,20,20
data/processed/train/genuine/original_10_12.png,data/processed/train/genuine/original_10_24.png,1,genuine_genuine,10,10
data/processed/train/genuine/original_20_10.png,data/processed/train/genuine/original_20_9.png,1,genuine_genuine,20,20
data/processed/train/genuine/original_29_14.png,data/processed/train/forged/forgeries_29_11.png,0,skilled_forgery,29,29
data/processed/validation/genuine/original_42_13.png,data/processed/validation/forged/forgeries_42_10.png,0,skilled_forgery,42,42
data/processed/train/genuine/original_26_12.png,data/processed/train/genuine/original_26_16.png,1,genuine_genuine,26,26
data/processed/validation/genuine/original_43_13.png,data/processed/validation/forged/forgeries_43_7.png,0,skilled_forgery,43,43
data/processed/train/genuine/original_29_11.png,data/processed/train/genuine/original_29_18.png,1,genuine_genuine,29,29
data/processed/train/genuine/original_10_21.png,data/processed/train/forged/forgeries_10_23.png,0,skilled_forgery,10,10
data/processed/validation/genuine/original_36_6.png,data/processed/validation/forged/forgeries_36_17.png,0,skilled_forgery,36,36
data/processed/validation/genuine/original_45_20.png,data/processed/validation/genuine/original_45_24.png,1,genuine_genuine,45,45
data/processed/train/genuine/original_32_21.png,data/processed/train/genuine/original_14_1.png,0,random_forgery,32,14
data/processed/train/genuine/original_10_16.png,data/processed/train/genuine/original_10_20.png,1,genuine_genuine,10,10
data/processed/validation/genuine/original_40_8.png,data/processed/train/genuine/original_12_19.png,0,random_forgery,40,12
data/processed/train/genuine/original_32_1.png,data/processed/train/genuine/original_32_21.png,1,genuine_genuine,32,32
data/processed/train/genuine/original_17_2.png,data/processed/train/forged/forgeries_17_10.png,0,skilled_forgery,17,17
data/processed/train/genuine/original_21_9.png,data/processed/validation/genuine/original_43_13.png,0,random_forgery,21,43
data/processed/train/genuine/original_33_18.png,data/processed/train/genuine/original_33_6.png,1,genuine_genuine,33,33
data/processed/train/genuine/original_25_14.png,data/processed/train/genuine/original_25_9.png,1,genuine_genuine,25,25
data/processed/train/genuine/original_30_14.png,data/processed/train/genuine/original_30_18.png,1,genuine_genuine,30,30
data/processed/train/genuine/original_21_10.png,data/processed/train/forged/forgeries_21_21.png,0,skilled_forgery,21,21
data/processed/train/genuine/original_11_20.png,data/processed/train/genuine/original_14_24.png,0,random_forgery,11,14
data/processed/validation/genuine/original_36_1.png,data/processed/validation/genuine/original_36_16.png,1,genuine_genuine,36,36
data/processed/validation/genuine/original_40_5.png,data/processed/train/genuine/original_34_17.png,0,random_forgery,40,34
data/processed/train/genuine/original_14_1.png,data/processed/train/forged/forgeries_14_16.png,0,skilled_forgery,14,14
data/processed/validation/genuine/original_44_12.png,data/processed/validation/genuine/original_44_2.png,1,genuine_genuine,44,44
data/processed/train/genuine/original_32_10.png,data/processed/validation/genuine/original_38_23.png,0,random_forgery,32,38
data/processed/train/genuine/original_20_11.png,data/processed/train/forged/forgeries_20_9.png,0,skilled_forgery,20,20
data/processed/train/genuine/original_27_21.png,data/processed/validation/genuine/original_38_8.png,0,random_forgery,27,38
data/processed/validation/genuine/original_43_16.png,data/processed/validation/genuine/original_43_5.png,1,genuine_genuine,43,43
data/processed/validation/genuine/original_42_14.png,data/processed/validation/forged/forgeries_42_18.png,0,skilled_forgery,42,42
data/processed/validation/genuine/original_40_6.png,data/processed/validation/genuine/original_40_7.png,1,genuine_genuine,40,40
data/processed/train/genuine/original_28_20.png,data/processed/train/genuine/original_28_3.png,1,genuine_genuine,28,28
data/processed/train/genuine/original_12_3.png,data/processed/train/forged/forgeries_12_4.png,0,skilled_forgery,12,12
data/processed/train/genuine/original_28_20.png,data/processed/train/forged/forgeries_28_16.png,0,skilled_forgery,28,28
data/processed/train/genuine/original_33_3.png,data/processed/train/forged/forgeries_33_1.png,0,skilled_forgery,33,33
data/processed/train/genuine/original_16_21.png,data/processed/train/genuine/original_16_5.png,1,genuine_genuine,16,16
data/processed/train/genuine/original_31_12.png,data/processed/train/genuine/original_31_18.png,1,genuine_genuine,31,31
data/processed/train/genuine/original_16_15.png,data/processed/train/genuine/original_26_4.png,0,random_forgery,16,26
data/processed/train/genuine/original_34_22.png,data/processed/train/genuine/original_34_3.png,1,genuine_genuine,34,34
data/processed/train/genuine/original_30_11.png,data/processed/train/genuine/original_30_18.png,1,genuine_genuine,30,30
data/processed/train/genuine/original_31_20.png,data/processed/train/genuine/original_33_14.png,0,random_forgery,31,33
data/processed/train/genuine/original_18_13.png,data/processed/train/genuine/original_28_1.png,0,random_forgery,18,28
data/processed/train/genuine/original_24_1.png,data/processed/train/genuine/original_30_16.png,0,random_forgery,24,30
data/processed/train/genuine/original_17_7.png,data/processed/train/genuine/original_17_9.png,1,genuine_genuine,17,17
data/processed/validation/genuine/original_36_4.png,data/processed/train/genuine/original_35_16.png,0,random_forgery,36,35
data/processed/validation/genuine/original_45_19.png,data/processed/validation/genuine/original_45_7.png,1,genuine_genuine,45,45
data/processed/train/genuine/original_29_11.png,data/processed/train/genuine/original_29_12.png,1,genuine_genuine,29,29
data/processed/train/genuine/original_16_13.png,data/processed/train/genuine/original_16_14.png,1,genuine_genuine,16,16
data/processed/train/genuine/original_33_20.png,data/processed/train/forged/forgeries_33_24.png,0,skilled_forgery,33,33
data/processed/train/genuine/original_18_17.png,data/processed/train/forged/forgeries_18_20.png,0,skilled_forgery,18,18
data/processed/train/genuine/original_14_20.png,data/processed/train/forged/forgeries_14_10.png,0,skilled_forgery,14,14
data/processed/validation/genuine/original_36_24.png,data/processed/validation/forged/forgeries_36_2.png,0,skilled_forgery,36,36
data/processed/validation/genuine/original_39_7.png,data/processed/validation/genuine/original_41_5.png,0,random_forgery,39,41
data/processed/validation/genuine/original_41_20.png,data/processed/validation/genuine/original_43_18.png,0,random_forgery,41,43
data/processed/validation/genuine/original_43_19.png,data/processed/validation/genuine/original_43_24.png,1,genuine_genuine,43,43
data/processed/train/genuine/original_12_16.png,data/processed/train/genuine/original_12_17.png,1,genuine_genuine,12,12
data/processed/train/genuine/original_20_11.png,data/processed/train/genuine/original_20_15.png,1,genuine_genuine,20,20
data/processed/validation/genuine/original_44_14.png,data/processed/validation/genuine/original_44_15.png,1,genuine_genuine,44,44
data/processed/train/genuine/original_19_24.png,data/processed/validation/genuine/original_43_12.png,0,random_forgery,19,43
data/processed/train/genuine/original_10_17.png,data/processed/train/forged/forgeries_10_15.png,0,skilled_forgery,10,10
data/processed/train/genuine/original_29_11.png,data/processed/train/genuine/original_29_4.png,1,genuine_genuine,29,29
data/processed/train/genuine/original_14_21.png,data/processed/train/forged/forgeries_14_6.png,0,skilled_forgery,14,14
data/processed/train/genuine/original_11_16.png,data/processed/train/forged/forgeries_11_22.png,0,skilled_forgery,11,11
data/processed/train/genuine/original_32_13.png,data/processed/train/forged/forgeries_32_22.png,0,skilled_forgery,32,32
data/processed/train/genuine/original_30_16.png,data/processed/train/forged/forgeries_30_21.png,0,skilled_forgery,30,30
data/processed/train/genuine/original_13_11.png,data/processed/train/forged/forgeries_13_10.png,0,skilled_forgery,13,13
data/processed/train/genuine/original_24_20.png,data/processed/validation/genuine/original_45_8.png,0,random_forgery,24,45
data/processed/validation/genuine/original_45_2.png,data/processed/train/genuine/original_32_15.png,0,random_forgery,45,32
data/processed/train/genuine/original_24_13.png,data/processed/train/forged/forgeries_24_13.png,0,skilled_forgery,24,24
data/processed/train/genuine/original_11_13.png,data/processed/train/forged/forgeries_11_11.png,0,skilled_forgery,11,11
data/processed/train/genuine/original_33_13.png,data/processed/train/genuine/original_33_14.png,1,genuine_genuine,33,33
data/processed/train/genuine/original_13_17.png,data/processed/train/genuine/original_13_22.png,1,genuine_genuine,13,13
data/processed/train/genuine/original_19_14.png,data/processed/train/genuine/original_24_9.png,0,random_forgery,19,24
data/processed/train/genuine/original_28_3.png,data/processed/train/genuine/original_28_9.png,1,genuine_genuine,28,28
data/processed/train/genuine/original_11_11.png,data/processed/train/forged/forgeries_11_12.png,0,skilled_forgery,11,11
data/processed/train/genuine/original_21_20.png,data/processed/train/forged/forgeries_21_10.png,0,skilled_forgery,21,21
data/processed/train/genuine/original_33_11.png,data/processed/train/genuine/original_21_22.png,0,random_forgery,33,21
data/processed/train/genuine/original_21_10.png,data/processed/train/forged/forgeries_21_22.png,0,skilled_forgery,21,21
data/processed/train/genuine/original_28_4.png,data/processed/train/forged/forgeries_28_13.png,0,skilled_forgery,28,28
data/processed/train/genuine/original_29_10.png,data/processed/train/genuine/original_29_6.png,1,genuine_genuine,29,29
data/processed/train/genuine/original_19_22.png,data/processed/train/forged/forgeries_19_3.png,0,skilled_forgery,19,19
data/processed/validation/genuine/original_41_17.png,data/processed/validation/forged/forgeries_41_7.png,0,skilled_forgery,41,41
data/processed/train/genuine/original_27_12.png,data/processed/train/genuine/original_27_16.png,1,genuine_genuine,27,27
data/processed/train/genuine/original_13_22.png,data/processed/train/forged/forgeries_13_8.png,0,skilled_forgery,13,13
data/processed/train/genuine/original_28_11.png,data/processed/train/genuine/original_28_9.png,1,genuine_genuine,28,28
data/processed/validation/genuine/original_36_13.png,data/processed/validation/genuine/original_36_16.png,1,genuine_genuine,36,36
data/processed/train/genuine/original_16_12.png,data/processed/train/genuine/original_16_18.png,1,genuine_genuine,16,16
data/processed/validation/genuine/original_37_19.png,data/processed/validation/genuine/original_37_21.png,1,genuine_genuine,37,37
data/processed/validation/genuine/original_41_19.png,data/processed/train/genuine/original_28_13.png,0,random_forgery,41,28
data/processed/train/genuine/original_27_22.png,data/processed/train/genuine/original_15_7.png,0,random_forgery,27,15
data/processed/train/genuine/original_20_20.png,data/processed/train/forged/forgeries_20_18.png,0,skilled_forgery,20,20
data/processed/train/genuine/original_35_14.png,data/processed/train/genuine/original_35_4.png,1,genuine_genuine,35,35
data/processed/train/genuine/original_30_17.png,data/processed/train/forged/forgeries_30_19.png,0,skilled_forgery,30,30
data/processed/train/genuine/original_34_23.png,data/processed/train/genuine/original_15_14.png,0,random_forgery,34,15
data/processed/train/genuine/original_34_11.png,data/processed/train/forged/forgeries_34_2.png,0,skilled_forgery,34,34
data/processed/train/genuine/original_12_16.png,data/processed/train/forged/forgeries_12_1.png,0,skilled_forgery,12,12
data/processed/validation/genuine/original_42_10.png,data/processed/validation/genuine/original_42_5.png,1,genuine_genuine,42,42
data/processed/train/genuine/original_12_13.png,data/processed/train/genuine/original_12_5.png,1,genuine_genuine,12,12
data/processed/validation/genuine/original_36_2.png,data/processed/train/genuine/original_30_12.png,0,random_forgery,36,30
data/processed/validation/genuine/original_45_10.png,data/processed/train/genuine/original_16_5.png,0,random_forgery,45,16
data/processed/validation/genuine/original_45_18.png,data/processed/validation/forged/forgeries_45_23.png,0,skilled_forgery,45,45
data/processed/validation/genuine/original_43_11.png,data/processed/train/genuine/original_10_6.png,0,random_forgery,43,10
data/processed/train/genuine/original_11_22.png,data/processed/train/genuine/original_11_8.png,1,genuine_genuine,11,11
data/processed/validation/genuine/original_39_21.png,data/processed/validation/genuine/original_39_4.png,1,genuine_genuine,39,39
data/processed/train/genuine/original_12_4.png,data/processed/train/genuine/original_12_7.png,1,genuine_genuine,12,12
data/processed/train/genuine/original_20_12.png,data/processed/train/genuine/original_20_17.png,1,genuine_genuine,20,20
data/processed/train/genuine/original_22_1.png,data/processed/train/genuine/original_22_16.png,1,genuine_genuine,22,22
data/processed/train/genuine/original_11_16.png,data/processed/train/genuine/original_11_20.png,1,genuine_genuine,11,11
data/processed/validation/genuine/original_40_21.png,data/processed/validation/forged/forgeries_40_9.png,0,skilled_forgery,40,40
data/processed/train/genuine/original_15_11.png,data/processed/train/forged/forgeries_15_14.png,0,skilled_forgery,15,15
data/processed/validation/genuine/original_39_14.png,data/processed/validation/genuine/original_39_2.png,1,genuine_genuine,39,39
data/processed/train/genuine/original_18_21.png,data/processed/train/forged/forgeries_18_16.png,0,skilled_forgery,18,18
data/processed/train/genuine/original_29_22.png,data/processed/train/forged/forgeries_29_23.png,0,skilled_forgery,29,29
data/processed/train/genuine/original_13_1.png,data/processed/train/forged/forgeries_13_20.png,0,skilled_forgery,13,13
data/processed/train/genuine/original_12_9.png,data/processed/train/forged/forgeries_12_9.png,0,skilled_forgery,12,12
data/processed/train/genuine/original_17_19.png,data/processed/train/genuine/original_17_8.png,1,genuine_genuine,17,17
data/processed/train/genuine/original_21_1.png,data/processed/train/genuine/original_21_5.png,1,genuine_genuine,21,21
data/processed/train/genuine/original_25_13.png,data/processed/train/forged/forgeries_25_24.png,0,skilled_forgery,25,25
data/processed/validation/genuine/original_44_11.png,data/processed/validation/genuine/original_44_13.png,1,genuine_genuine,44,44
data/processed/train/genuine/original_19_12.png,data/processed/train/forged/forgeries_19_18.png,0,skilled_forgery,19,19
data/processed/train/genuine/original_13_6.png,data/processed/train/genuine/original_13_7.png,1,genuine_genuine,13,13
data/processed/train/genuine/original_11_12.png,data/processed/train/forged/forgeries_11_7.png,0,skilled_forgery,11,11
data/processed/validation/genuine/original_43_5.png,data/processed/validation/forged/forgeries_43_8.png,0,skilled_forgery,43,43
data/processed/train/genuine/original_12_14.png,data/processed/train/genuine/original_12_3.png,1,genuine_genuine,12,12
data/processed/validation/genuine/original_41_10.png,data/processed/validation/forged/forgeries_41_12.png,0,skilled_forgery,41,41
data/processed/train/genuine/original_10_3.png,data/processed/train/forged/forgeries_10_12.png,0,skilled_forgery,10,10
data/processed/train/genuine/original_25_21.png,data/processed/train/genuine/original_25_23.png,1,genuine_genuine,25,25
data/processed/train/genuine/original_31_24.png,data/processed/train/genuine/original_31_6.png,1,genuine_genuine,31,31
data/processed/train/genuine/original_20_23.png,data/processed/train/genuine/original_18_17.png,0,random_forgery,20,18
data/processed/train/genuine/original_18_24.png,data/processed/train/forged/forgeries_18_18.png,0,skilled_forgery,18,18
data/processed/train/genuine/original_10_1.png,data/processed/train/genuine/original_10_17.png,1,genuine_genuine,10,10
data/processed/train/genuine/original_21_11.png,data/processed/train/genuine/original_21_23.png,1,genuine_genuine,21,21
data/processed/train/genuine/original_25_24.png,data/processed/train/genuine/original_31_3.png,0,random_forgery,25,31
data/processed/validation/genuine/original_36_19.png,data/processed/validation/genuine/original_44_3.png,0,random_forgery,36,44
data/processed/train/genuine/original_19_7.png,data/processed/train/forged/forgeries_19_6.png,0,skilled_forgery,19,19
data/processed/train/genuine/original_30_16.png,data/processed/train/genuine/original_30_21.png,1,genuine_genuine,30,30
data/processed/train/genuine/original_24_1.png,data/processed/train/genuine/original_24_10.png,1,genuine_genuine,24,24
data/processed/train/genuine/original_10_1.png,data/processed/train/genuine/original_10_15.png,1,genuine_genuine,10,10
data/processed/train/genuine/original_31_19.png,data/processed/train/forged/forgeries_31_12.png,0,skilled_forgery,31,31
data/processed/train/genuine/original_14_1.png,data/processed/train/forged/forgeries_14_17.png,0,skilled_forgery,14,14
data/processed/validation/genuine/original_45_17.png,data/processed/validation/forged/forgeries_45_21.png,0,skilled_forgery,45,45
data/processed/train/genuine/original_23_2.png,data/processed/train/forged/forgeries_23_8.png,0,skilled_forgery,23,23
data/processed/validation/genuine/original_36_1.png,data/processed/validation/genuine/original_36_13.png,1,genuine_genuine,36,36
data/processed/train/genuine/original_12_15.png,data/processed/train/genuine/original_10_24.png,0,random_forgery,12,10
data/processed/validation/genuine/original_38_9.png,data/processed/validation/forged/forgeries_38_20.png,0,skilled_forgery,38,38
data/processed/train/genuine/original_24_19.png,data/processed/train/forged/forgeries_24_18.png,0,skilled_forgery,24,24
data/processed/train/genuine/original_22_1.png,data/processed/train/genuine/original_22_5.png,1,genuine_genuine,22,22
data/processed/train/genuine/original_17_21.png,data/processed/train/genuine/original_29_8.png,0,random_forgery,17,29
data/processed/validation/genuine/original_42_15.png,data/processed/validation/genuine/original_42_24.png,1,genuine_genuine,42,42
data/processed/validation/genuine/original_40_20.png,data/processed/validation/genuine/original_40_8.png,1,genuine_genuine,40,40
data/processed/train/genuine/original_11_4.png,data/processed/train/genuine/original_11_7.png,1,genuine_genuine,11,11
data/processed/train/genuine/original_13_19.png,data/processed/train/genuine/original_27_20.png,0,random_forgery,13,27
data/processed/train/genuine/original_27_23.png,data/processed/train/genuine/original_27_24.png,1,genuine_genuine,27,27
data/processed/validation/genuine/original_38_14.png,data/processed/validation/genuine/original_38_21.png,1,genuine_genuine,38,38
data/processed/train/genuine/original_20_21.png,data/processed/train/genuine/original_20_3.png,1,genuine_genuine,20,20
data/processed/validation/genuine/original_42_23.png,data/processed/validation/forged/forgeries_42_9.png,0,skilled_forgery,42,42
data/processed/train/genuine/original_17_19.png,data/processed/train/genuine/original_22_11.png,0,random_forgery,17,22
data/processed/train/genuine/original_10_13.png,data/processed/validation/genuine/original_45_17.png,0,random_forgery,10,45
data/processed/train/genuine/original_33_7.png,data/processed/train/forged/forgeries_33_3.png,0,skilled_forgery,33,33
data/processed/train/genuine/original_27_7.png,data/processed/validation/genuine/original_42_4.png,0,random_forgery,27,42
data/processed/validation/genuine/original_37_9.png,data/processed/validation/forged/forgeries_37_7.png,0,skilled_forgery,37,37
data/processed/validation/genuine/original_44_13.png,data/processed/validation/genuine/original_44_6.png,1,genuine_genuine,44,44
data/processed/train/genuine/original_20_14.png,data/processed/train/genuine/original_20_6.png,1,genuine_genuine,20,20
data/processed/train/genuine/original_11_2.png,data/processed/train/genuine/original_11_20.png,1,genuine_genuine,11,11
data/processed/train/genuine/original_29_16.png,data/processed/train/genuine/original_29_21.png,1,genuine_genuine,29,29
data/processed/train/genuine/original_30_5.png,data/processed/validation/genuine/original_36_7.png,0,random_forgery,30,36
data/processed/validation/genuine/original_38_10.png,data/processed/validation/forged/forgeries_38_21.png,0,skilled_forgery,38,38
data/processed/train/genuine/original_28_15.png,data/processed/train/genuine/original_24_13.png,0,random_forgery,28,24
data/processed/train/genuine/original_35_3.png,data/processed/train/genuine/original_33_13.png,0,random_forgery,35,33
data/processed/train/genuine/original_11_14.png,data/processed/validation/genuine/original_37_7.png,0,random_forgery,11,37
data/processed/train/genuine/original_12_22.png,data/processed/validation/genuine/original_42_14.png,0,random_forgery,12,42
data/processed/validation/genuine/original_45_3.png,data/processed/train/genuine/original_17_9.png,0,random_forgery,45,17
data/processed/validation/genuine/original_43_2.png,data/processed/validation/genuine/original_43_20.png,1,genuine_genuine,43,43
data/processed/validation/genuine/original_39_12.png,data/processed/validation/forged/forgeries_39_11.png,0,skilled_forgery,39,39
data/processed/validation/genuine/original_44_6.png,data/processed/validation/genuine/original_44_8.png,1,genuine_genuine,44,44
data/processed/train/genuine/original_12_21.png,data/processed/train/forged/forgeries_12_8.png,0,skilled_forgery,12,12
data/processed/train/genuine/original_18_23.png,data/processed/train/genuine/original_23_6.png,0,random_forgery,18,23
data/processed/train/genuine/original_19_13.png,data/processed/train/genuine/original_19_16.png,1,genuine_genuine,19,19
data/processed/train/genuine/original_29_7.png,data/processed/validation/genuine/original_40_20.png,0,random_forgery,29,40
data/processed/train/genuine/original_26_2.png,data/processed/train/forged/forgeries_26_4.png,0,skilled_forgery,26,26
data/processed/train/genuine/original_21_14.png,data/processed/train/genuine/original_21_24.png,1,genuine_genuine,21,21
data/processed/train/genuine/original_26_19.png,data/processed/train/genuine/original_26_21.png,1,genuine_genuine,26,26
data/processed/train/genuine/original_12_13.png,data/processed/train/forged/forgeries_12_18.png,0,skilled_forgery,12,12
data/processed/train/genuine/original_24_16.png,data/processed/train/forged/forgeries_24_18.png,0,skilled_forgery,24,24
data/processed/train/genuine/original_32_1.png,data/processed/train/genuine/original_32_19.png,1,genuine_genuine,32,32
data/processed/train/genuine/original_29_7.png,data/processed/train/genuine/original_29_8.png,1,genuine_genuine,29,29
data/processed/train/genuine/original_13_14.png,data/processed/train/genuine/original_13_17.png,1,genuine_genuine,13,13
data/processed/validation/genuine/original_44_19.png,data/processed/validation/genuine/original_44_7.png,1,genuine_genuine,44,44
data/processed/train/genuine/original_32_17.png,data/processed/train/genuine/original_32_7.png,1,genuine_genuine,32,32
data/processed/train/genuine/original_28_18.png,data/processed/train/genuine/original_28_7.png,1,genuine_genuine,28,28
data/processed/train/genuine/original_15_13.png,data/processed/train/genuine/original_15_2.png,1,genuine_genuine,15,15
data/processed/train/genuine/original_12_8.png,data/processed/train/genuine/original_15_13.png,0,random_forgery,12,15
data/processed/train/genuine/original_12_19.png,data/processed/train/forged/forgeries_12_3.png,0,skilled_forgery,12,12
data/processed/train/genuine/original_26_12.png,data/processed/validation/genuine/original_36_9.png,0,random_forgery,26,36
data/processed/train/genuine/original_28_24.png,data/processed/train/genuine/original_28_4.png,1,genuine_genuine,28,28
data/processed/validation/genuine/original_41_24.png,data/processed/validation/genuine/original_41_6.png,1,genuine_genuine,41,41
data/processed/train/genuine/original_35_14.png,data/processed/train/genuine/original_15_13.png,0,random_forgery,35,15
data/processed/train/genuine/original_18_12.png,data/processed/train/genuine/original_18_2.png,1,genuine_genuine,18,18
data/processed/train/genuine/original_28_3.png,data/processed/train/genuine/original_28_4.png,1,genuine_genuine,28,28
data/processed/validation/genuine/original_44_15.png,data/processed/validation/genuine/original_44_16.png,1,genuine_genuine,44,44
data/processed/train/genuine/original_19_3.png,data/processed/train/genuine/original_19_6.png,1,genuine_genuine,19,19
data/processed/train/genuine/original_13_2.png,data/processed/train/genuine/original_26_20.png,0,random_forgery,13,26
data/processed/train/genuine/original_13_10.png,data/processed/validation/genuine/original_43_7.png,0,random_forgery,13,43
data/processed/validation/genuine/original_39_1.png,data/processed/validation/forged/forgeries_39_3.png,0,skilled_forgery,39,39
data/processed/train/genuine/original_19_17.png,data/processed/train/genuine/original_19_23.png,1,genuine_genuine,19,19
data/processed/train/genuine/original_19_12.png,data/processed/train/genuine/original_34_5.png,0,random_forgery,19,34
data/processed/train/genuine/original_26_11.png,data/processed/train/genuine/original_26_14.png,1,genuine_genuine,26,26
data/processed/train/genuine/original_27_12.png,data/processed/train/genuine/original_18_16.png,0,random_forgery,27,18
data/processed/train/genuine/original_14_1.png,data/processed/train/forged/forgeries_14_7.png,0,skilled_forgery,14,14
data/processed/train/genuine/original_29_10.png,data/processed/train/genuine/original_13_17.png,0,random_forgery,29,13
data/processed/validation/genuine/original_36_7.png,data/processed/validation/forged/forgeries_36_12.png,0,skilled_forgery,36,36
data/processed/validation/genuine/original_43_22.png,data/processed/validation/genuine/original_43_5.png,1,genuine_genuine,43,43
data/processed/train/genuine/original_30_18.png,data/processed/train/genuine/original_34_10.png,0,random_forgery,30,34
data/processed/train/genuine/original_30_18.png,data/processed/train/genuine/original_30_9.png,1,genuine_genuine,30,30
data/processed/validation/genuine/original_41_6.png,data/processed/validation/genuine/original_40_16.png,0,random_forgery,41,40
data/processed/train/genuine/original_30_1.png,data/processed/train/forged/forgeries_30_13.png,0,skilled_forgery,30,30
data/processed/train/genuine/original_14_16.png,data/processed/train/genuine/original_13_22.png,0,random_forgery,14,13
data/processed/validation/genuine/original_37_20.png,data/processed/validation/forged/forgeries_37_22.png,0,skilled_forgery,37,37
data/processed/train/genuine/original_27_17.png,data/processed/train/genuine/original_27_8.png,1,genuine_genuine,27,27
data/processed/validation/genuine/original_42_19.png,data/processed/train/genuine/original_23_16.png,0,random_forgery,42,23
data/processed/train/genuine/original_28_17.png,data/processed/train/genuine/original_15_7.png,0,random_forgery,28,15
data/processed/validation/genuine/original_40_2.png,data/processed/validation/genuine/original_40_20.png,1,genuine_genuine,40,40
data/processed/train/genuine/original_25_3.png,data/processed/train/genuine/original_25_4.png,1,genuine_genuine,25,25
data/processed/train/genuine/original_25_10.png,data/processed/train/forged/forgeries_25_4.png,0,skilled_forgery,25,25
data/processed/train/genuine/original_35_16.png,data/processed/train/genuine/original_35_18.png,1,genuine_genuine,35,35
data/processed/train/genuine/original_26_2.png,data/processed/train/genuine/original_26_21.png,1,genuine_genuine,26,26
data/processed/validation/genuine/original_39_16.png,data/processed/validation/genuine/original_39_24.png,1,genuine_genuine,39,39
data/processed/train/genuine/original_15_18.png,data/processed/train/genuine/original_15_5.png,1,genuine_genuine,15,15
data/processed/validation/genuine/original_39_22.png,data/processed/train/genuine/original_23_10.png,0,random_forgery,39,23
data/processed/train/genuine/original_24_10.png,data/processed/train/genuine/original_24_23.png,1,genuine_genuine,24,24
data/processed/train/genuine/original_14_1.png,data/processed/train/genuine/original_14_22.png,1,genuine_genuine,14,14
data/processed/validation/genuine/original_45_15.png,data/processed/validation/forged/forgeries_45_3.png,0,skilled_forgery,45,45
data/processed/validation/genuine/original_37_14.png,data/processed/train/genuine/original_15_2.png,0,random_forgery,37,15
data/processed/train/genuine/original_12_14.png,data/processed/train/forged/forgeries_12_20.png,0,skilled_forgery,12,12
data/processed/validation/genuine/original_43_13.png,data/processed/validation/genuine/original_43_24.png,1,genuine_genuine,43,43
data/processed/train/genuine/original_34_17.png,data/processed/train/genuine/original_34_18.png,1,genuine_genuine,34,34
data/processed/train/genuine/original_17_10.png,data/processed/train/genuine/original_17_23.png,1,genuine_genuine,17,17
data/processed/train/genuine/original_27_6.png,data/processed/train/forged/forgeries_27_12.png,0,skilled_forgery,27,27
data/processed/train/genuine/original_28_1.png,data/processed/train/genuine/original_28_15.png,1,genuine_genuine,28,28
data/processed/train/genuine/original_33_19.png,data/processed/train/genuine/original_33_22.png,1,genuine_genuine,33,33
data/processed/train/genuine/original_22_16.png,data/processed/train/forged/forgeries_22_17.png,0,skilled_forgery,22,22
data/processed/train/genuine/original_24_11.png,data/processed/validation/genuine/original_38_16.png,0,random_forgery,24,38
data/processed/train/genuine/original_29_3.png,data/processed/train/genuine/original_27_3.png,0,random_forgery,29,27
data/processed/validation/genuine/original_44_16.png,data/processed/validation/genuine/original_44_5.png,1,genuine_genuine,44,44
data/processed/train/genuine/original_14_11.png,data/processed/train/forged/forgeries_14_2.png,0,skilled_forgery,14,14
data/processed/train/genuine/original_10_16.png,data/processed/train/genuine/original_10_22.png,1,genuine_genuine,10,10
data/processed/validation/genuine/original_40_16.png,data/processed/validation/genuine/original_45_1.png,0,random_forgery,40,45
data/processed/train/genuine/original_22_12.png,data/processed/train/forged/forgeries_22_8.png,0,skilled_forgery,22,22
data/processed/train/genuine/original_22_17.png,data/processed/train/genuine/original_22_24.png,1,genuine_genuine,22,22
data/processed/train/genuine/original_35_22.png,data/processed/train/genuine/original_35_7.png,1,genuine_genuine,35,35
data/processed/validation/genuine/original_36_22.png,data/processed/validation/forged/forgeries_36_7.png,0,skilled_forgery,36,36
data/processed/train/genuine/original_13_16.png,data/processed/validation/genuine/original_45_13.png,0,random_forgery,13,45
data/processed/train/genuine/original_28_4.png,data/processed/train/forged/forgeries_28_21.png,0,skilled_forgery,28,28
data/processed/train/genuine/original_34_11.png,data/processed/train/genuine/original_34_7.png,1,genuine_genuine,34,34
data/processed/train/genuine/original_11_15.png,data/processed/train/genuine/original_11_6.png,1,genuine_genuine,11,11
data/processed/train/genuine/original_13_4.png,data/processed/train/genuine/original_13_8.png,1,genuine_genuine,13,13
data/processed/validation/genuine/original_43_13.png,data/processed/validation/genuine/original_43_17.png,1,genuine_genuine,43,43
data/processed/train/genuine/original_21_16.png,data/processed/train/forged/forgeries_21_7.png,0,skilled_forgery,21,21
data/processed/validation/genuine/original_38_20.png,data/processed/validation/genuine/original_36_1.png,0,random_forgery,38,36
data/processed/validation/genuine/original_40_15.png,data/processed/train/genuine/original_17_2.png,0,random_forgery,40,17
data/processed/train/genuine/original_10_15.png,data/processed/train/genuine/original_10_21.png,1,genuine_genuine,10,10
data/processed/train/genuine/original_23_21.png,data/processed/train/forged/forgeries_23_19.png,0,skilled_forgery,23,23
data/processed/train/genuine/original_14_19.png,data/processed/train/genuine/original_14_22.png,1,genuine_genuine,14,14
data/processed/train/genuine/original_14_21.png,data/processed/train/forged/forgeries_14_14.png,0,skilled_forgery,14,14
data/processed/train/genuine/original_15_22.png,data/processed/train/genuine/original_15_9.png,1,genuine_genuine,15,15
data/processed/validation/genuine/original_38_6.png,data/processed/validation/forged/forgeries_38_12.png,0,skilled_forgery,38,38
data/processed/train/genuine/original_16_22.png,data/processed/train/genuine/original_16_4.png,1,genuine_genuine,16,16
data/processed/train/genuine/original_32_14.png,data/processed/validation/genuine/original_36_18.png,0,random_forgery,32,36
data/processed/validation/genuine/original_41_24.png,data/processed/validation/genuine/original_41_8.png,1,genuine_genuine,41,41
data/processed/validation/genuine/original_43_23.png,data/processed/validation/genuine/original_43_24.png,1,genuine_genuine,43,43
data/processed/train/genuine/original_11_21.png,data/processed/train/genuine/original_11_4.png,1,genuine_genuine,11,11
data/processed/train/genuine/original_35_22.png,data/processed/train/genuine/original_35_8.png,1,genuine_genuine,35,35
data/processed/train/genuine/original_20_24.png,data/processed/train/genuine/original_20_4.png,1,genuine_genuine,20,20
data/processed/train/genuine/original_16_19.png,data/processed/train/genuine/original_16_23.png,1,genuine_genuine,16,16
data/processed/train/genuine/original_21_17.png,data/processed/train/genuine/original_29_15.png,0,random_forgery,21,29
data/processed/train/genuine/original_12_18.png,data/processed/train/genuine/original_33_17.png,0,random_forgery,12,33
data/processed/train/genuine/original_17_11.png,data/processed/train/genuine/original_17_17.png,1,genuine_genuine,17,17
data/processed/train/genuine/original_29_18.png,data/processed/train/forged/forgeries_29_10.png,0,skilled_forgery,29,29
data/processed/train/genuine/original_35_8.png,data/processed/train/genuine/original_35_9.png,1,genuine_genuine,35,35
data/processed/train/genuine/original_16_23.png,data/processed/train/genuine/original_16_3.png,1,genuine_genuine,16,16
data/processed/validation/genuine/original_36_6.png,data/processed/validation/genuine/original_37_20.png,0,random_forgery,36,37
data/processed/train/genuine/original_33_14.png,data/processed/train/genuine/original_33_4.png,1,genuine_genuine,33,33
data/processed/train/genuine/original_27_14.png,data/processed/train/forged/forgeries_27_9.png,0,skilled_forgery,27,27
data/processed/train/genuine/original_22_4.png,data/processed/train/forged/forgeries_22_11.png,0,skilled_forgery,22,22
data/processed/train/genuine/original_15_14.png,data/processed/train/genuine/original_15_7.png,1,genuine_genuine,15,15
data/processed/train/genuine/original_33_22.png,data/processed/train/genuine/original_12_11.png,0,random_forgery,33,12
data/processed/train/genuine/original_32_7.png,data/processed/train/forged/forgeries_32_6.png,0,skilled_forgery,32,32
data/processed/validation/genuine/original_37_18.png,data/processed/validation/genuine/original_37_6.png,1,genuine_genuine,37,37
data/processed/validation/genuine/original_41_13.png,data/processed/validation/genuine/original_41_16.png,1,genuine_genuine,41,41
data/processed/train/genuine/original_20_11.png,data/processed/train/genuine/original_20_14.png,1,genuine_genuine,20,20
data/processed/validation/genuine/original_36_23.png,data/processed/validation/forged/forgeries_36_13.png,0,skilled_forgery,36,36
data/processed/validation/genuine/original_44_19.png,data/processed/validation/forged/forgeries_44_10.png,0,skilled_forgery,44,44
data/processed/train/genuine/original_18_19.png,data/processed/train/genuine/original_18_3.png,1,genuine_genuine,18,18
data/processed/validation/genuine/original_41_18.png,data/processed/validation/genuine/original_41_23.png,1,genuine_genuine,41,41
data/processed/validation/genuine/original_36_20.png,data/processed/validation/forged/forgeries_36_11.png,0,skilled_forgery,36,36
data/processed/train/genuine/original_19_18.png,data/processed/train/genuine/original_34_18.png,0,random_forgery,19,34
data/processed/train/genuine/original_11_13.png,data/processed/train/genuine/original_11_19.png,1,genuine_genuine,11,11
data/processed/train/genuine/original_17_9.png,data/processed/train/forged/forgeries_17_16.png,0,skilled_forgery,17,17
data/processed/train/genuine/original_20_12.png,data/processed/train/genuine/original_20_21.png,1,genuine_genuine,20,20
data/processed/train/genuine/original_12_1.png,data/processed/train/genuine/original_14_21.png,0,random_forgery,12,14
data/processed/train/genuine/original_26_11.png,data/processed/train/forged/forgeries_26_20.png,0,skilled_forgery,26,26
data/processed/train/genuine/original_22_15.png,data/processed/train/genuine/original_22_9.png,1,genuine_genuine,22,22
data/processed/train/genuine/original_20_9.png,data/processed/train/forged/forgeries_20_21.png,0,skilled_forgery,20,20
data/processed/train/genuine/original_29_10.png,data/processed/validation/genuine/original_38_11.png,0,random_forgery,29,38
data/processed/validation/genuine/original_41_12.png,data/processed/validation/forged/forgeries_41_22.png,0,skilled_forgery,41,41
data/processed/train/genuine/original_28_7.png,data/processed/train/forged/forgeries_28_11.png,0,skilled_forgery,28,28
data/processed/train/genuine/original_27_14.png,data/processed/train/forged/forgeries_27_22.png,0,skilled_forgery,27,27
data/processed/train/genuine/original_23_5.png,data/processed/train/forged/forgeries_23_13.png,0,skilled_forgery,23,23
data/processed/train/genuine/original_32_3.png,data/processed/train/forged/forgeries_32_23.png,0,skilled_forgery,32,32
data/processed/train/genuine/original_35_12.png,data/processed/train/forged/forgeries_35_4.png,0,skilled_forgery,35,35
data/processed/validation/genuine/original_42_13.png,data/processed/validation/forged/forgeries_42_16.png,0,skilled_forgery,42,42
data/processed/validation/genuine/original_42_6.png,data/processed/validation/genuine/original_40_21.png,0,random_forgery,42,40
data/processed/train/genuine/original_12_3.png,data/processed/train/forged/forgeries_12_8.png,0,skilled_forgery,12,12
data/processed/train/genuine/original_33_20.png,data/processed/train/genuine/original_13_17.png,0,random_forgery,33,13
data/processed/train/genuine/original_22_15.png,data/processed/train/genuine/original_22_24.png,1,genuine_genuine,22,22
data/processed/train/genuine/original_28_21.png,data/processed/train/forged/forgeries_28_22.png,0,skilled_forgery,28,28
data/processed/train/genuine/original_31_1.png,data/processed/train/genuine/original_31_22.png,1,genuine_genuine,31,31
data/processed/validation/genuine/original_39_3.png,data/processed/validation/forged/forgeries_39_17.png,0,skilled_forgery,39,39
data/processed/validation/genuine/original_36_5.png,data/processed/validation/genuine/original_36_9.png,1,genuine_genuine,36,36
data/processed/train/genuine/original_18_21.png,data/processed/train/forged/forgeries_18_9.png,0,skilled_forgery,18,18
data/processed/train/genuine/original_23_14.png,data/processed/train/genuine/original_23_21.png,1,genuine_genuine,23,23
data/processed/validation/genuine/original_39_9.png,data/processed/validation/forged/forgeries_39_14.png,0,skilled_forgery,39,39
data/processed/train/genuine/original_18_7.png,data/processed/train/forged/forgeries_18_13.png,0,skilled_forgery,18,18
data/processed/train/genuine/original_20_8.png,data/processed/train/forged/forgeries_20_14.png,0,skilled_forgery,20,20
data/processed/train/genuine/original_26_1.png,data/processed/train/genuine/original_26_22.png,1,genuine_genuine,26,26
data/processed/train/genuine/original_21_9.png,data/processed/train/genuine/original_10_6.png,0,random_forgery,21,10
data/processed/train/genuine/original_31_12.png,data/processed/train/forged/forgeries_31_18.png,0,skilled_forgery,31,31
data/processed/train/genuine/original_16_20.png,data/processed/train/genuine/original_16_24.png,1,genuine_genuine,16,16
data/processed/validation/genuine/original_41_1.png,data/processed/validation/genuine/original_37_14.png,0,random_forgery,41,37
data/processed/validation/genuine/original_42_15.png,data/processed/validation/genuine/original_42_9.png,1,genuine_genuine,42,42
data/processed/train/genuine/original_29_15.png,data/processed/train/forged/forgeries_29_24.png,0,skilled_forgery,29,29
data/processed/validation/genuine/original_37_17.png,data/processed/validation/genuine/original_37_18.png,1,genuine_genuine,37,37
data/processed/train/genuine/original_17_23.png,data/processed/validation/genuine/original_41_14.png,0,random_forgery,17,41
data/processed/validation/genuine/original_41_16.png,data/processed/validation/genuine/original_40_2.png,0,random_forgery,41,40
data/processed/train/genuine/original_20_15.png,data/processed/validation/genuine/original_36_20.png,0,random_forgery,20,36
data/processed/train/genuine/original_21_16.png,data/processed/train/genuine/original_27_23.png,0,random_forgery,21,27
data/processed/train/genuine/original_11_11.png,data/processed/train/forged/forgeries_11_9.png,0,skilled_forgery,11,11
data/processed/validation/genuine/original_42_22.png,data/processed/validation/genuine/original_42_7.png,1,genuine_genuine,42,42
data/processed/train/genuine/original_25_1.png,data/processed/train/forged/forgeries_25_8.png,0,skilled_forgery,25,25
data/processed/validation/genuine/original_36_14.png,data/processed/validation/genuine/original_36_15.png,1,genuine_genuine,36,36
data/processed/validation/genuine/original_38_5.png,data/processed/validation/forged/forgeries_38_20.png,0,skilled_forgery,38,38
data/processed/validation/genuine/original_44_20.png,data/processed/validation/genuine/original_45_16.png,0,random_forgery,44,45
data/processed/train/genuine/original_30_17.png,data/processed/train/genuine/original_30_21.png,1,genuine_genuine,30,30
data/processed/train/genuine/original_13_12.png,data/processed/train/genuine/original_26_22.png,0,random_forgery,13,26
data/processed/train/genuine/original_25_10.png,data/processed/train/genuine/original_25_11.png,1,genuine_genuine,25,25
data/processed/train/genuine/original_18_14.png,data/processed/train/forged/forgeries_18_24.png,0,skilled_forgery,18,18
data/processed/train/genuine/original_26_18.png,data/processed/validation/genuine/original_39_12.png,0,random_forgery,26,39
data/processed/train/genuine/original_10_20.png,data/processed/train/genuine/original_10_9.png,1,genuine_genuine,10,10
data/processed/train/genuine/original_32_15.png,data/processed/train/forged/forgeries_32_22.png,0,skilled_forgery,32,32
data/processed/train/genuine/original_14_14.png,data/processed/train/forged/forgeries_14_2.png,0,skilled_forgery,14,14
data/processed/validation/genuine/original_36_22.png,data/processed/validation/genuine/original_36_3.png,1,genuine_genuine,36,36
data/processed/train/genuine/original_29_13.png,data/processed/train/genuine/original_12_16.png,0,random_forgery,29,12
data/processed/validation/genuine/original_36_24.png,data/processed/train/genuine/original_16_8.png,0,random_forgery,36,16
data/processed/train/genuine/original_30_15.png,data/processed/train/forged/forgeries_30_21.png,0,skilled_forgery,30,30
data/processed/train/genuine/original_14_19.png,data/processed/validation/genuine/original_42_16.png,0,random_forgery,14,42
data/processed/train/genuine/original_14_10.png,data/processed/validation/genuine/original_37_3.png,0,random_forgery,14,37
data/processed/validation/genuine/original_39_14.png,data/processed/validation/genuine/original_39_16.png,1,genuine_genuine,39,39
data/processed/train/genuine/original_17_19.png,data/processed/train/genuine/original_17_22.png,1,genuine_genuine,17,17
data/processed/train/genuine/original_17_12.png,data/processed/train/genuine/original_14_12.png,0,random_forgery,17,14
data/processed/train/genuine/original_30_20.png,data/processed/train/forged/forgeries_30_7.png,0,skilled_forgery,30,30
data/processed/validation/genuine/original_38_15.png,data/processed/validation/forged/forgeries_38_4.png,0,skilled_forgery,38,38
data/processed/train/genuine/original_31_13.png,data/processed/train/genuine/original_31_7.png,1,genuine_genuine,31,31
data/processed/train/genuine/original_16_21.png,data/processed/train/forged/forgeries_16_10.png,0,skilled_forgery,16,16
data/processed/validation/genuine/original_43_5.png,data/processed/validation/forged/forgeries_43_22.png,0,skilled_forgery,43,43
data/processed/validation/genuine/original_44_13.png,data/processed/validation/genuine/original_44_21.png,1,genuine_genuine,44,44
data/processed/train/genuine/original_14_19.png,data/processed/validation/genuine/original_40_2.png,0,random_forgery,14,40
data/processed/train/genuine/original_23_17.png,data/processed/train/genuine/original_23_20.png,1,genuine_genuine,23,23
data/processed/train/genuine/original_35_13.png,data/processed/train/genuine/original_35_5.png,1,genuine_genuine,35,35
data/processed/train/genuine/original_18_11.png,data/processed/train/genuine/original_18_9.png,1,genuine_genuine,18,18
data/processed/train/genuine/original_16_11.png,data/processed/train/genuine/original_16_6.png,1,genuine_genuine,16,16
data/processed/train/genuine/original_28_1.png,data/processed/train/genuine/original_28_5.png,1,genuine_genuine,28,28
data/processed/train/genuine/original_16_24.png,data/processed/train/genuine/original_15_8.png,0,random_forgery,16,15
data/processed/train/genuine/original_19_11.png,data/processed/train/forged/forgeries_19_23.png,0,skilled_forgery,19,19
data/processed/train/genuine/original_33_17.png,data/processed/train/genuine/original_33_9.png,1,genuine_genuine,33,33
data/processed/validation/genuine/original_40_20.png,data/processed/validation/genuine/original_40_22.png,1,genuine_genuine,40,40
data/processed/train/genuine/original_25_22.png,data/processed/train/genuine/original_31_7.png,0,random_forgery,25,31
data/processed/train/genuine/original_20_19.png,data/processed/train/genuine/original_20_24.png,1,genuine_genuine,20,20
data/processed/train/genuine/original_14_15.png,data/processed/train/genuine/original_14_23.png,1,genuine_genuine,14,14
data/processed/train/genuine/original_34_19.png,data/processed/train/genuine/original_34_5.png,1,genuine_genuine,34,34
data/processed/train/genuine/original_30_15.png,data/processed/train/genuine/original_30_24.png,1,genuine_genuine,30,30
data/processed/train/genuine/original_31_1.png,data/processed/train/genuine/original_31_18.png,1,genuine_genuine,31,31
data/processed/train/genuine/original_10_5.png,data/processed/train/genuine/original_10_8.png,1,genuine_genuine,10,10
data/processed/train/genuine/original_20_19.png,data/processed/train/forged/forgeries_20_17.png,0,skilled_forgery,20,20
data/processed/train/genuine/original_14_22.png,data/processed/train/genuine/original_14_5.png,1,genuine_genuine,14,14
data/processed/train/genuine/original_23_6.png,data/processed/train/forged/forgeries_23_5.png,0,skilled_forgery,23,23
data/processed/train/genuine/original_22_10.png,data/processed/train/genuine/original_22_9.png,1,genuine_genuine,22,22
data/processed/train/genuine/original_19_2.png,data/processed/train/forged/forgeries_19_7.png,0,skilled_forgery,19,19
data/processed/train/genuine/original_17_10.png,data/processed/validation/genuine/original_40_12.png,0,random_forgery,17,40
data/processed/train/genuine/original_19_12.png,data/processed/train/forged/forgeries_19_20.png,0,skilled_forgery,19,19
data/processed/train/genuine/original_35_22.png,data/processed/train/forged/forgeries_35_21.png,0,skilled_forgery,35,35
data/processed/validation/genuine/original_43_10.png,data/processed/train/genuine/original_33_1.png,0,random_forgery,43,33
data/processed/train/genuine/original_23_4.png,data/processed/train/forged/forgeries_23_1.png,0,skilled_forgery,23,23
data/processed/train/genuine/original_13_23.png,data/processed/train/forged/forgeries_13_16.png,0,skilled_forgery,13,13
data/processed/train/genuine/original_10_19.png,data/processed/train/genuine/original_10_24.png,1,genuine_genuine,10,10
data/processed/train/genuine/original_18_15.png,data/processed/train/genuine/original_12_14.png,0,random_forgery,18,12
data/processed/train/genuine/original_29_14.png,data/processed/train/genuine/original_29_3.png,1,genuine_genuine,29,29
data/processed/train/genuine/original_22_18.png,data/processed/train/forged/forgeries_22_14.png,0,skilled_forgery,22,22
data/processed/train/genuine/original_24_16.png,data/processed/train/genuine/original_24_5.png,1,genuine_genuine,24,24
data/processed/train/genuine/original_14_6.png,data/processed/train/forged/forgeries_14_23.png,0,skilled_forgery,14,14
data/processed/validation/genuine/original_39_5.png,data/processed/validation/forged/forgeries_39_20.png,0,skilled_forgery,39,39
data/processed/train/genuine/original_14_16.png,data/processed/train/genuine/original_14_2.png,1,genuine_genuine,14,14
data/processed/train/genuine/original_31_21.png,data/processed/train/forged/forgeries_31_3.png,0,skilled_forgery,31,31
data/processed/train/genuine/original_27_17.png,data/processed/train/genuine/original_27_5.png,1,genuine_genuine,27,27
data/processed/train/genuine/original_16_12.png,data/processed/train/genuine/original_22_13.png,0,random_forgery,16,22
data/processed/train/genuine/original_27_22.png,data/processed/train/genuine/original_34_4.png,0,random_forgery,27,34
data/processed/train/genuine/original_14_18.png,data/processed/train/genuine/original_14_9.png,1,genuine_genuine,14,14
data/processed/validation/genuine/original_37_18.png,data/processed/validation/genuine/original_37_7.png,1,genuine_genuine,37,37
data/processed/train/genuine/original_34_16.png,data/processed/train/genuine/original_34_2.png,1,genuine_genuine,34,34
data/processed/train/genuine/original_19_11.png,data/processed/train/genuine/original_19_19.png,1,genuine_genuine,19,19
data/processed/train/genuine/original_35_9.png,data/processed/train/genuine/original_33_18.png,0,random_forgery,35,33
data/processed/train/genuine/original_10_13.png,data/processed/train/genuine/original_10_17.png,1,genuine_genuine,10,10
data/processed/train/genuine/original_27_16.png,data/processed/train/genuine/original_27_7.png,1,genuine_genuine,27,27
data/processed/validation/genuine/original_37_17.png,data/processed/validation/genuine/original_37_2.png,1,genuine_genuine,37,37
data/processed/train/genuine/original_17_19.png,data/processed/train/genuine/original_17_7.png,1,genuine_genuine,17,17
data/processed/train/genuine/original_14_10.png,data/processed/train/genuine/original_14_17.png,1,genuine_genuine,14,14
data/processed/validation/genuine/original_39_19.png,data/processed/validation/genuine/original_39_5.png,1,genuine_genuine,39,39
data/processed/validation/genuine/original_38_12.png,data/processed/validation/genuine/original_38_20.png,1,genuine_genuine,38,38
data/processed/train/genuine/original_30_1.png,data/processed/train/genuine/original_30_16.png,1,genuine_genuine,30,30
data/processed/train/genuine/original_20_3.png,data/processed/train/forged/forgeries_20_19.png,0,skilled_forgery,20,20
data/processed/validation/genuine/original_40_4.png,data/processed/validation/genuine/original_40_5.png,1,genuine_genuine,40,40
data/processed/validation/genuine/original_45_14.png,data/processed/validation/forged/forgeries_45_3.png,0,skilled_forgery,45,45
data/processed/train/genuine/original_21_13.png,data/processed/train/genuine/original_21_21.png,1,genuine_genuine,21,21
data/processed/train/genuine/original_14_11.png,data/processed/train/genuine/original_12_17.png,0,random_forgery,14,12
data/processed/train/genuine/original_32_20.png,data/processed/train/genuine/original_32_21.png,1,genuine_genuine,32,32
data/processed/train/genuine/original_23_6.png,data/processed/train/genuine/original_23_7.png,1,genuine_genuine,23,23
data/processed/train/genuine/original_13_10.png,data/processed/train/forged/forgeries_13_21.png,0,skilled_forgery,13,13
data/processed/train/genuine/original_12_12.png,data/processed/train/genuine/original_12_20.png,1,genuine_genuine,12,12
data/processed/train/genuine/original_31_2.png,data/processed/train/genuine/original_27_13.png,0,random_forgery,31,27
data/processed/train/genuine/original_10_10.png,data/processed/train/forged/forgeries_10_18.png,0,skilled_forgery,10,10
data/processed/train/genuine/original_20_2.png,data/processed/train/genuine/original_20_22.png,1,genuine_genuine,20,20
data/processed/validation/genuine/original_41_14.png,data/processed/train/genuine/original_27_9.png,0,random_forgery,41,27
data/processed/train/genuine/original_15_24.png,data/processed/train/genuine/original_13_21.png,0,random_forgery,15,13
data/processed/train/genuine/original_27_19.png,data/processed/train/forged/forgeries_27_24.png,0,skilled_forgery,27,27
data/processed/train/genuine/original_20_20.png,data/processed/train/genuine/original_20_24.png,1,genuine_genuine,20,20
data/processed/train/genuine/original_28_12.png,data/processed/validation/genuine/original_38_7.png,0,random_forgery,28,38
data/processed/train/genuine/original_23_24.png,data/processed/train/genuine/original_23_8.png,1,genuine_genuine,23,23
data/processed/train/genuine/original_32_13.png,data/processed/train/genuine/original_32_6.png,1,genuine_genuine,32,32
data/processed/train/genuine/original_32_17.png,data/processed/train/genuine/original_32_18.png,1,genuine_genuine,32,32
data/processed/validation/genuine/original_38_14.png,data/processed/validation/forged/forgeries_38_11.png,0,skilled_forgery,38,38
data/processed/validation/genuine/original_45_7.png,data/processed/train/genuine/original_20_17.png,0,random_forgery,45,20
data/processed/train/genuine/original_31_7.png,data/processed/validation/genuine/original_42_18.png,0,random_forgery,31,42
data/processed/train/genuine/original_22_18.png,data/processed/train/genuine/original_22_24.png,1,genuine_genuine,22,22
data/processed/train/genuine/original_16_2.png,data/processed/train/genuine/original_16_3.png,1,genuine_genuine,16,16
data/processed/train/genuine/original_18_23.png,data/processed/validation/genuine/original_44_21.png,0,random_forgery,18,44
data/processed/train/genuine/original_27_4.png,data/processed/train/forged/forgeries_27_20.png,0,skilled_forgery,27,27
data/processed/train/genuine/original_11_11.png,data/processed/train/genuine/original_11_12.png,1,genuine_genuine,11,11
data/processed/train/genuine/original_33_22.png,data/processed/train/genuine/original_34_17.png,0,random_forgery,33,34
data/processed/validation/genuine/original_45_18.png,data/processed/train/genuine/original_13_18.png,0,random_forgery,45,13
data/processed/train/genuine/original_11_15.png,data/processed/train/genuine/original_11_3.png,1,genuine_genuine,11,11
data/processed/validation/genuine/original_44_11.png,data/processed/train/genuine/original_27_5.png,0,random_forgery,44,27
data/processed/train/genuine/original_32_12.png,data/processed/validation/genuine/original_38_2.png,0,random_forgery,32,38
data/processed/train/genuine/original_20_17.png,data/processed/train/genuine/original_20_22.png,1,genuine_genuine,20,20
data/processed/validation/genuine/original_43_15.png,data/processed/validation/genuine/original_43_4.png,1,genuine_genuine,43,43
data/processed/validation/genuine/original_38_17.png,data/processed/validation/genuine/original_38_22.png,1,genuine_genuine,38,38
data/processed/train/genuine/original_14_20.png,data/processed/train/genuine/original_14_6.png,1,genuine_genuine,14,14
data/processed/train/genuine/original_29_1.png,data/processed/train/genuine/original_29_20.png,1,genuine_genuine,29,29
data/processed/validation/genuine/original_45_20.png,data/processed/validation/forged/forgeries_45_8.png,0,skilled_forgery,45,45
data/processed/validation/genuine/original_39_21.png,data/processed/validation/genuine/original_39_6.png,1,genuine_genuine,39,39
data/processed/train/genuine/original_19_2.png,data/processed/train/genuine/original_19_20.png,1,genuine_genuine,19,19
data/processed/validation/genuine/original_40_15.png,data/processed/validation/forged/forgeries_40_8.png,0,skilled_forgery,40,40
data/processed/train/genuine/original_31_21.png,data/processed/train/forged/forgeries_31_6.png,0,skilled_forgery,31,31
data/processed/train/genuine/original_22_21.png,data/processed/train/genuine/original_22_6.png,1,genuine_genuine,22,22
data/processed/train/genuine/original_12_22.png,data/processed/train/forged/forgeries_12_15.png,0,skilled_forgery,12,12
data/processed/train/genuine/original_26_24.png,data/processed/train/genuine/original_26_5.png,1,genuine_genuine,26,26
data/processed/train/genuine/original_13_20.png,data/processed/train/forged/forgeries_13_1.png,0,skilled_forgery,13,13
data/processed/train/genuine/original_11_19.png,data/processed/train/forged/forgeries_11_7.png,0,skilled_forgery,11,11
data/processed/train/genuine/original_27_11.png,data/processed/train/forged/forgeries_27_23.png,0,skilled_forgery,27,27
data/processed/train/genuine/original_15_18.png,data/processed/train/forged/forgeries_15_13.png,0,skilled_forgery,15,15
data/processed/validation/genuine/original_37_14.png,data/processed/validation/forged/forgeries_37_21.png,0,skilled_forgery,37,37
data/processed/validation/genuine/original_45_11.png,data/processed/validation/genuine/original_45_19.png,1,genuine_genuine,45,45
data/processed/train/genuine/original_30_23.png,data/processed/train/forged/forgeries_30_17.png,0,skilled_forgery,30,30
data/processed/train/genuine/original_23_18.png,data/processed/train/genuine/original_17_20.png,0,random_forgery,23,17
data/processed/train/genuine/original_14_3.png,data/processed/train/forged/forgeries_14_17.png,0,skilled_forgery,14,14
data/processed/validation/genuine/original_41_10.png,data/processed/validation/genuine/original_41_2.png,1,genuine_genuine,41,41
data/processed/train/genuine/original_27_23.png,data/processed/train/genuine/original_22_20.png,0,random_forgery,27,22
data/processed/train/genuine/original_29_5.png,data/processed/train/forged/forgeries_29_22.png,0,skilled_forgery,29,29
data/processed/train/genuine/original_10_10.png,data/processed/train/genuine/original_10_21.png,1,genuine_genuine,10,10
data/processed/train/genuine/original_32_13.png,data/processed/train/genuine/original_32_18.png,1,genuine_genuine,32,32
data/processed/train/genuine/original_31_23.png,data/processed/train/genuine/original_31_4.png,1,genuine_genuine,31,31
data/processed/train/genuine/original_24_11.png,data/processed/train/genuine/original_28_11.png,0,random_forgery,24,28
data/processed/validation/genuine/original_36_11.png,data/processed/validation/genuine/original_36_14.png,1,genuine_genuine,36,36
data/processed/validation/genuine/original_45_1.png,data/processed/train/genuine/original_16_21.png,0,random_forgery,45,16
data/processed/validation/genuine/original_36_2.png,data/processed/validation/genuine/original_36_22.png,1,genuine_genuine,36,36
data/processed/train/genuine/original_23_4.png,data/processed/train/genuine/original_23_7.png,1,genuine_genuine,23,23
data/processed/train/genuine/original_26_17.png,data/processed/train/genuine/original_26_6.png,1,genuine_genuine,26,26
data/processed/train/genuine/original_15_16.png,data/processed/train/genuine/original_28_3.png,0,random_forgery,15,28
data/processed/validation/genuine/original_42_21.png,data/processed/validation/forged/forgeries_42_7.png,0,skilled_forgery,42,42
data/processed/train/genuine/original_13_6.png,data/processed/train/genuine/original_13_9.png,1,genuine_genuine,13,13
data/processed/validation/genuine/original_45_18.png,data/processed/validation/genuine/original_45_21.png,1,genuine_genuine,45,45
data/processed/train/genuine/original_17_1.png,data/processed/train/genuine/original_17_15.png,1,genuine_genuine,17,17
data/processed/train/genuine/original_32_18.png,data/processed/train/genuine/original_32_3.png,1,genuine_genuine,32,32
data/processed/train/genuine/original_25_1.png,data/processed/train/genuine/original_25_15.png,1,genuine_genuine,25,25
data/processed/train/genuine/original_14_22.png,data/processed/train/forged/forgeries_14_11.png,0,skilled_forgery,14,14
data/processed/train/genuine/original_22_2.png,data/processed/train/genuine/original_22_3.png,1,genuine_genuine,22,22
data/processed/train/genuine/original_35_2.png,data/processed/train/genuine/original_35_22.png,1,genuine_genuine,35,35
data/processed/validation/genuine/original_42_17.png,data/processed/validation/genuine/original_42_8.png,1,genuine_genuine,42,42
data/processed/validation/genuine/original_39_12.png,data/processed/validation/genuine/original_39_23.png,1,genuine_genuine,39,39
data/processed/train/genuine/original_34_12.png,data/processed/train/genuine/original_34_22.png,1,genuine_genuine,34,34
data/processed/train/genuine/original_14_1.png,data/processed/train/genuine/original_14_6.png,1,genuine_genuine,14,14
data/processed/train/genuine/original_17_14.png,data/processed/train/forged/forgeries_17_11.png,0,skilled_forgery,17,17
data/processed/train/genuine/original_24_19.png,data/processed/train/forged/forgeries_24_17.png,0,skilled_forgery,24,24
data/processed/train/genuine/original_31_14.png,data/processed/train/genuine/original_31_21.png,1,genuine_genuine,31,31
data/processed/train/genuine/original_13_17.png,data/processed/train/genuine/original_13_9.png,1,genuine_genuine,13,13
data/processed/train/genuine/original_32_24.png,data/processed/train/genuine/original_32_4.png,1,genuine_genuine,32,32
data/processed/train/genuine/original_29_17.png,data/processed/train/genuine/original_29_9.png,1,genuine_genuine,29,29
data/processed/train/genuine/original_11_6.png,data/processed/train/genuine/original_12_24.png,0,random_forgery,11,12
data/processed/train/genuine/original_31_8.png,data/processed/train/forged/forgeries_31_21.png,0,skilled_forgery,31,31
data/processed/validation/genuine/original_45_24.png,data/processed/validation/genuine/original_45_8.png,1,genuine_genuine,45,45
data/processed/train/genuine/original_29_19.png,data/processed/train/genuine/original_24_4.png,0,random_forgery,29,24
data/processed/train/genuine/original_12_21.png,data/processed/train/genuine/original_12_4.png,1,genuine_genuine,12,12
data/processed/train/genuine/original_34_20.png,data/processed/train/genuine/original_34_21.png,1,genuine_genuine,34,34
data/processed/train/genuine/original_35_11.png,data/processed/train/forged/forgeries_35_8.png,0,skilled_forgery,35,35
data/processed/validation/genuine/original_39_15.png,data/processed/validation/genuine/original_39_21.png,1,genuine_genuine,39,39
data/processed/train/genuine/original_26_12.png,data/processed/train/forged/forgeries_26_23.png,0,skilled_forgery,26,26
data/processed/train/genuine/original_10_2.png,data/processed/train/genuine/original_10_21.png,1,genuine_genuine,10,10
data/processed/validation/genuine/original_44_15.png,data/processed/validation/forged/forgeries_44_5.png,0,skilled_forgery,44,44
data/processed/validation/genuine/original_45_21.png,data/processed/validation/genuine/original_45_8.png,1,genuine_genuine,45,45
data/processed/train/genuine/original_28_11.png,data/processed/train/genuine/original_28_18.png,1,genuine_genuine,28,28
data/processed/train/genuine/original_28_15.png,data/processed/train/forged/forgeries_28_6.png,0,skilled_forgery,28,28
data/processed/validation/genuine/original_42_21.png,data/processed/train/genuine/original_26_2.png,0,random_forgery,42,26
data/processed/validation/genuine/original_36_10.png,data/processed/validation/genuine/original_36_18.png,1,genuine_genuine,36,36
data/processed/validation/genuine/original_36_1.png,data/processed/validation/forged/forgeries_36_6.png,0,skilled_forgery,36,36
data/processed/validation/genuine/original_44_12.png,data/processed/train/genuine/original_21_8.png,0,random_forgery,44,21
data/processed/train/genuine/original_22_14.png,data/processed/train/genuine/original_22_22.png,1,genuine_genuine,22,22
data/processed/validation/genuine/original_38_24.png,data/processed/validation/genuine/original_38_9.png,1,genuine_genuine,38,38
data/processed/train/genuine/original_18_17.png,data/processed/train/forged/forgeries_18_5.png,0,skilled_forgery,18,18
data/processed/validation/genuine/original_44_9.png,data/processed/validation/forged/forgeries_44_14.png,0,skilled_forgery,44,44
data/processed/validation/genuine/original_39_10.png,data/processed/validation/genuine/original_39_21.png,1,genuine_genuine,39,39
data/processed/train/genuine/original_30_16.png,data/processed/train/genuine/original_30_8.png,1,genuine_genuine,30,30
data/processed/train/genuine/original_11_1.png,data/processed/train/forged/forgeries_11_9.png,0,skilled_forgery,11,11
data/processed/train/genuine/original_11_5.png,data/processed/train/genuine/original_11_6.png,1,genuine_genuine,11,11
data/processed/train/genuine/original_28_17.png,data/processed/train/genuine/original_28_22.png,1,genuine_genuine,28,28
data/processed/train/genuine/original_16_14.png,data/processed/train/forged/forgeries_16_20.png,0,skilled_forgery,16,16
data/processed/validation/genuine/original_42_18.png,data/processed/train/genuine/original_15_13.png,0,random_forgery,42,15
data/processed/validation/genuine/original_44_12.png,data/processed/validation/genuine/original_36_16.png,0,random_forgery,44,36
data/processed/train/genuine/original_29_1.png,data/processed/train/genuine/original_29_16.png,1,genuine_genuine,29,29
data/processed/train/genuine/original_28_13.png,data/processed/train/genuine/original_28_14.png,1,genuine_genuine,28,28
data/processed/train/genuine/original_11_7.png,data/processed/train/forged/forgeries_11_21.png,0,skilled_forgery,11,11
data/processed/validation/genuine/original_38_1.png,data/processed/validation/genuine/original_38_24.png,1,genuine_genuine,38,38
data/processed/train/genuine/original_25_11.png,data/processed/train/genuine/original_25_13.png,1,genuine_genuine,25,25
data/processed/validation/genuine/original_44_12.png,data/processed/validation/genuine/original_44_14.png,1,genuine_genuine,44,44
data/processed/train/genuine/original_25_5.png,data/processed/train/forged/forgeries_25_10.png,0,skilled_forgery,25,25
data/processed/validation/genuine/original_44_6.png,data/processed/validation/forged/forgeries_44_8.png,0,skilled_forgery,44,44
data/processed/train/genuine/original_21_3.png,data/processed/train/forged/forgeries_21_7.png,0,skilled_forgery,21,21
data/processed/train/genuine/original_30_4.png,data/processed/train/genuine/original_26_19.png,0,random_forgery,30,26
data/processed/train/genuine/original_27_15.png,data/processed/train/forged/forgeries_27_4.png,0,skilled_forgery,27,27
data/processed/train/genuine/original_17_15.png,data/processed/train/genuine/original_17_22.png,1,genuine_genuine,17,17
data/processed/train/genuine/original_10_17.png,data/processed/train/genuine/original_14_23.png,0,random_forgery,10,14
data/processed/train/genuine/original_31_12.png,data/processed/train/genuine/original_31_16.png,1,genuine_genuine,31,31
data/processed/validation/genuine/original_40_11.png,data/processed/validation/genuine/original_40_17.png,1,genuine_genuine,40,40
data/processed/train/genuine/original_27_5.png,data/processed/train/genuine/original_18_18.png,0,random_forgery,27,18
data/processed/train/genuine/original_31_10.png,data/processed/train/genuine/original_31_13.png,1,genuine_genuine,31,31
data/processed/train/genuine/original_35_7.png,data/processed/train/forged/forgeries_35_20.png,0,skilled_forgery,35,35
data/processed/validation/genuine/original_39_17.png,data/processed/validation/genuine/original_39_9.png,1,genuine_genuine,39,39
data/processed/validation/genuine/original_39_14.png,data/processed/validation/forged/forgeries_39_21.png,0,skilled_forgery,39,39
data/processed/train/genuine/original_14_13.png,data/processed/train/forged/forgeries_14_9.png,0,skilled_forgery,14,14
data/processed/train/genuine/original_10_14.png,data/processed/train/genuine/original_10_2.png,1,genuine_genuine,10,10
data/processed/train/genuine/original_16_14.png,data/processed/train/genuine/original_16_19.png,1,genuine_genuine,16,16
data/processed/train/genuine/original_35_5.png,data/processed/train/forged/forgeries_35_15.png,0,skilled_forgery,35,35
data/processed/validation/genuine/original_44_15.png,data/processed/validation/genuine/original_44_9.png,1,genuine_genuine,44,44
data/processed/train/genuine/original_20_1.png,data/processed/train/forged/forgeries_20_3.png,0,skilled_forgery,20,20
data/processed/train/genuine/original_17_14.png,data/processed/train/forged/forgeries_17_7.png,0,skilled_forgery,17,17
data/processed/train/genuine/original_10_18.png,data/processed/train/forged/forgeries_10_18.png,0,skilled_forgery,10,10
data/processed/train/genuine/original_12_14.png,data/processed/train/genuine/original_12_4.png,1,genuine_genuine,12,12
data/processed/train/genuine/original_32_13.png,data/processed/train/genuine/original_32_7.png,1,genuine_genuine,32,32
data/processed/train/genuine/original_29_10.png,data/processed/train/forged/forgeries_29_2.png,0,skilled_forgery,29,29
data/processed/train/genuine/original_18_2.png,data/processed/train/genuine/original_30_21.png,0,random_forgery,18,30
data/processed/train/genuine/original_13_18.png,data/processed/train/forged/forgeries_13_9.png,0,skilled_forgery,13,13
data/processed/train/genuine/original_18_13.png,data/processed/train/genuine/original_26_9.png,0,random_forgery,18,26
data/processed/validation/genuine/original_40_13.png,data/processed/validation/genuine/original_40_20.png,1,genuine_genuine,40,40
data/processed/train/genuine/original_32_17.png,data/processed/train/forged/forgeries_32_17.png,0,skilled_forgery,32,32
data/processed/train/genuine/original_34_10.png,data/processed/train/genuine/original_34_17.png,1,genuine_genuine,34,34
data/processed/train/genuine/original_23_18.png,data/processed/train/forged/forgeries_23_2.png,0,skilled_forgery,23,23
data/processed/validation/genuine/original_39_10.png,data/processed/validation/genuine/original_39_19.png,1,genuine_genuine,39,39
data/processed/train/genuine/original_30_10.png,data/processed/train/genuine/original_32_18.png,0,random_forgery,30,32
data/processed/train/genuine/original_16_15.png,data/processed/train/forged/forgeries_16_12.png,0,skilled_forgery,16,16
data/processed/validation/genuine/original_42_18.png,data/processed/validation/genuine/original_42_3.png,1,genuine_genuine,42,42
data/processed/train/genuine/original_24_22.png,data/processed/train/genuine/original_24_4.png,1,genuine_genuine,24,24
data/processed/train/genuine/original_10_8.png,data/processed/validation/genuine/original_39_5.png,0,random_forgery,10,39
data/processed/train/genuine/original_15_18.png,data/processed/train/forged/forgeries_15_14.png,0,skilled_forgery,15,15
data/processed/train/genuine/original_20_12.png,data/processed/train/genuine/original_20_14.png,1,genuine_genuine,20,20
data/processed/validation/genuine/original_40_13.png,data/processed/validation/genuine/original_40_18.png,1,genuine_genuine,40,40
data/processed/validation/genuine/original_40_10.png,data/processed/validation/genuine/original_40_7.png,1,genuine_genuine,40,40
data/processed/train/genuine/original_10_9.png,data/processed/train/forged/forgeries_10_19.png,0,skilled_forgery,10,10
data/processed/train/genuine/original_30_13.png,data/processed/train/forged/forgeries_30_18.png,0,skilled_forgery,30,30
data/processed/train/genuine/original_34_11.png,data/processed/train/genuine/original_34_6.png,1,genuine_genuine,34,34
data/processed/validation/genuine/original_39_24.png,data/processed/validation/genuine/original_39_7.png,1,genuine_genuine,39,39
data/processed/train/genuine/original_26_6.png,data/processed/train/genuine/original_20_6.png,0,random_forgery,26,20
data/processed/train/genuine/original_33_3.png,data/processed/train/genuine/original_32_7.png,0,random_forgery,33,32
data/processed/train/genuine/original_24_4.png,data/processed/train/genuine/original_24_8.png,1,genuine_genuine,24,24
data/processed/train/genuine/original_28_17.png,data/processed/train/genuine/original_12_21.png,0,random_forgery,28,12
data/processed/train/genuine/original_16_8.png,data/processed/train/genuine/original_22_10.png,0,random_forgery,16,22
data/processed/validation/genuine/original_43_13.png,data/processed/validation/genuine/original_37_17.png,0,random_forgery,43,37
data/processed/validation/genuine/original_39_21.png,data/processed/validation/forged/forgeries_39_2.png,0,skilled_forgery,39,39
data/processed/validation/genuine/original_38_5.png,data/processed/validation/genuine/original_38_6.png,1,genuine_genuine,38,38
data/processed/train/genuine/original_28_11.png,data/processed/train/genuine/original_28_23.png,1,genuine_genuine,28,28
data/processed/validation/genuine/original_42_23.png,data/processed/validation/genuine/original_42_3.png,1,genuine_genuine,42,42
data/processed/train/genuine/original_33_22.png,data/processed/validation/genuine/original_38_15.png,0,random_forgery,33,38
data/processed/train/genuine/original_25_15.png,data/processed/train/genuine/original_25_22.png,1,genuine_genuine,25,25
data/processed/train/genuine/original_24_15.png,data/processed/validation/genuine/original_44_2.png,0,random_forgery,24,44
data/processed/validation/genuine/original_41_11.png,data/processed/validation/genuine/original_41_17.png,1,genuine_genuine,41,41
data/processed/train/genuine/original_18_14.png,data/processed/train/forged/forgeries_18_11.png,0,skilled_forgery,18,18
data/processed/train/genuine/original_24_16.png,data/processed/train/forged/forgeries_24_16.png,0,skilled_forgery,24,24
data/processed/train/genuine/original_12_17.png,data/processed/train/genuine/original_12_7.png,1,genuine_genuine,12,12
data/processed/train/genuine/original_13_11.png,data/processed/train/genuine/original_13_4.png,1,genuine_genuine,13,13
data/processed/train/genuine/original_31_2.png,data/processed/train/genuine/original_31_24.png,1,genuine_genuine,31,31
data/processed/train/genuine/original_34_15.png,data/processed/train/genuine/original_34_22.png,1,genuine_genuine,34,34
data/processed/validation/genuine/original_40_7.png,data/processed/validation/forged/forgeries_40_17.png,0,skilled_forgery,40,40
data/processed/train/genuine/original_20_11.png,data/processed/train/genuine/original_20_22.png,1,genuine_genuine,20,20
data/processed/train/genuine/original_30_21.png,data/processed/train/genuine/original_30_9.png,1,genuine_genuine,30,30
data/processed/validation/genuine/original_39_11.png,data/processed/validation/genuine/original_39_4.png,1,genuine_genuine,39,39
data/processed/train/genuine/original_18_12.png,data/processed/train/genuine/original_18_8.png,1,genuine_genuine,18,18
data/processed/train/genuine/original_33_14.png,data/processed/train/genuine/original_33_3.png,1,genuine_genuine,33,33
data/processed/validation/genuine/original_37_20.png,data/processed/validation/genuine/original_37_4.png,1,genuine_genuine,37,37
data/processed/validation/genuine/original_41_18.png,data/processed/validation/forged/forgeries_41_7.png,0,skilled_forgery,41,41
data/processed/train/genuine/original_10_17.png,data/processed/train/genuine/original_10_19.png,1,genuine_genuine,10,10
data/processed/validation/genuine/original_37_16.png,data/processed/validation/genuine/original_37_3.png,1,genuine_genuine,37,37
data/processed/train/genuine/original_20_15.png,data/processed/train/genuine/original_20_9.png,1,genuine_genuine,20,20
data/processed/train/genuine/original_29_5.png,data/processed/train/forged/forgeries_29_4.png,0,skilled_forgery,29,29
data/processed/train/genuine/original_20_22.png,data/processed/train/genuine/original_19_2.png,0,random_forgery,20,19
data/processed/train/genuine/original_10_17.png,data/processed/train/genuine/original_10_3.png,1,genuine_genuine,10,10
data/processed/validation/genuine/original_38_5.png,data/processed/train/genuine/original_32_10.png,0,random_forgery,38,32
data/processed/validation/genuine/original_45_10.png,data/processed/validation/forged/forgeries_45_17.png,0,skilled_forgery,45,45
data/processed/train/genuine/original_23_17.png,data/processed/train/genuine/original_23_6.png,1,genuine_genuine,23,23
data/processed/train/genuine/original_25_6.png,data/processed/validation/genuine/original_40_14.png,0,random_forgery,25,40
data/processed/train/genuine/original_20_12.png,data/processed/train/genuine/original_20_3.png,1,genuine_genuine,20,20
data/processed/train/genuine/original_12_22.png,data/processed/train/genuine/original_12_9.png,1,genuine_genuine,12,12
data/processed/train/genuine/original_20_22.png,data/processed/train/genuine/original_20_5.png,1,genuine_genuine,20,20
data/processed/train/genuine/original_22_23.png,data/processed/train/forged/forgeries_22_5.png,0,skilled_forgery,22,22
data/processed/train/genuine/original_16_4.png,data/processed/train/forged/forgeries_16_7.png,0,skilled_forgery,16,16
data/processed/train/genuine/original_27_1.png,data/processed/train/genuine/original_27_10.png,1,genuine_genuine,27,27
data/processed/train/genuine/original_16_2.png,data/processed/train/forged/forgeries_16_19.png,0,skilled_forgery,16,16
data/processed/train/genuine/original_11_20.png,data/processed/train/genuine/original_11_21.png,1,genuine_genuine,11,11
data/processed/validation/genuine/original_42_6.png,data/processed/validation/forged/forgeries_42_19.png,0,skilled_forgery,42,42
data/processed/train/genuine/original_22_12.png,data/processed/validation/genuine/original_45_6.png,0,random_forgery,22,45
data/processed/train/genuine/original_33_13.png,data/processed/train/genuine/original_33_3.png,1,genuine_genuine,33,33
data/processed/train/genuine/original_22_1.png,data/processed/train/genuine/original_31_13.png,0,random_forgery,22,31
data/processed/train/genuine/original_26_14.png,data/processed/train/genuine/original_26_7.png,1,genuine_genuine,26,26
data/processed/train/genuine/original_25_1.png,data/processed/validation/genuine/original_37_19.png,0,random_forgery,25,37
data/processed/train/genuine/original_29_13.png,data/processed/train/forged/forgeries_29_10.png,0,skilled_forgery,29,29
data/processed/train/genuine/original_23_20.png,data/processed/validation/genuine/original_39_10.png,0,random_forgery,23,39
data/processed/train/genuine/original_34_19.png,data/processed/train/genuine/original_34_9.png,1,genuine_genuine,34,34
data/processed/train/genuine/original_31_16.png,data/processed/train/genuine/original_31_5.png,1,genuine_genuine,31,31
data/processed/train/genuine/original_20_5.png,data/processed/train/forged/forgeries_20_4.png,0,skilled_forgery,20,20
data/processed/train/genuine/original_23_16.png,data/processed/train/genuine/original_23_4.png,1,genuine_genuine,23,23
data/processed/train/genuine/original_23_9.png,data/processed/train/genuine/original_30_1.png,0,random_forgery,23,30
data/processed/train/genuine/original_33_4.png,data/processed/train/genuine/original_33_8.png,1,genuine_genuine,33,33
data/processed/validation/genuine/original_36_11.png,data/processed/validation/genuine/original_44_20.png,0,random_forgery,36,44
data/processed/train/genuine/original_16_18.png,data/processed/validation/genuine/original_37_18.png,0,random_forgery,16,37
data/processed/validation/genuine/original_43_3.png,data/processed/validation/forged/forgeries_43_20.png,0,skilled_forgery,43,43
data/processed/validation/genuine/original_42_13.png,data/processed/validation/forged/forgeries_42_9.png,0,skilled_forgery,42,42
data/processed/validation/genuine/original_38_5.png,data/processed/train/genuine/original_21_1.png,0,random_forgery,38,21
data/processed/validation/genuine/original_44_15.png,data/processed/validation/forged/forgeries_44_16.png,0,skilled_forgery,44,44
data/processed/train/genuine/original_35_1.png,data/processed/train/genuine/original_35_7.png,1,genuine_genuine,35,35
data/processed/train/genuine/original_16_17.png,data/processed/train/genuine/original_16_18.png,1,genuine_genuine,16,16
data/processed/validation/genuine/original_42_5.png,data/processed/validation/genuine/original_42_7.png,1,genuine_genuine,42,42
data/processed/validation/genuine/original_45_1.png,data/processed/validation/genuine/original_45_8.png,1,genuine_genuine,45,45
data/processed/train/genuine/original_17_12.png,data/processed/train/forged/forgeries_17_8.png,0,skilled_forgery,17,17
data/processed/validation/genuine/original_42_19.png,data/processed/validation/forged/forgeries_42_11.png,0,skilled_forgery,42,42
data/processed/train/genuine/original_25_3.png,data/processed/train/genuine/original_35_24.png,0,random_forgery,25,35
data/processed/train/genuine/original_32_22.png,data/processed/train/genuine/original_19_9.png,0,random_forgery,32,19
data/processed/train/genuine/original_34_20.png,data/processed/train/genuine/original_34_3.png,1,genuine_genuine,34,34
data/processed/validation/genuine/original_43_13.png,data/processed/validation/forged/forgeries_43_9.png,0,skilled_forgery,43,43
data/processed/train/genuine/original_34_13.png,data/processed/train/genuine/original_34_2.png,1,genuine_genuine,34,34
data/processed/train/genuine/original_27_18.png,data/processed/validation/genuine/original_42_17.png,0,random_forgery,27,42
data/processed/train/genuine/original_19_23.png,data/processed/train/forged/forgeries_19_2.png,0,skilled_forgery,19,19
data/processed/train/genuine/original_12_21.png,data/processed/train/forged/forgeries_12_24.png,0,skilled_forgery,12,12
data/processed/train/genuine/original_30_18.png,data/processed/train/genuine/original_35_6.png,0,random_forgery,30,35
data/processed/train/genuine/original_16_15.png,data/processed/train/forged/forgeries_16_11.png,0,skilled_forgery,16,16
data/processed/validation/genuine/original_38_23.png,data/processed/validation/genuine/original_38_8.png,1,genuine_genuine,38,38
data/processed/train/genuine/original_14_10.png,data/processed/train/forged/forgeries_14_1.png,0,skilled_forgery,14,14
data/processed/train/genuine/original_27_10.png,data/processed/train/genuine/original_27_2.png,1,genuine_genuine,27,27
data/processed/train/genuine/original_28_14.png,data/processed/train/genuine/original_28_16.png,1,genuine_genuine,28,28
data/processed/train/genuine/original_31_14.png,data/processed/train/genuine/original_31_18.png,1,genuine_genuine,31,31
data/processed/train/genuine/original_25_12.png,data/processed/train/forged/forgeries_25_11.png,0,skilled_forgery,25,25
data/processed/train/genuine/original_20_7.png,data/processed/train/genuine/original_14_17.png,0,random_forgery,20,14
data/processed/train/genuine/original_13_13.png,data/processed/validation/genuine/original_43_6.png,0,random_forgery,13,43
data/processed/train/genuine/original_32_10.png,data/processed/train/genuine/original_32_8.png,1,genuine_genuine,32,32
data/processed/train/genuine/original_14_3.png,data/processed/train/forged/forgeries_14_16.png,0,skilled_forgery,14,14
data/processed/train/genuine/original_14_12.png,data/processed/train/genuine/original_14_13.png,1,genuine_genuine,14,14
data/processed/train/genuine/original_35_3.png,data/processed/train/genuine/original_35_7.png,1,genuine_genuine,35,35
data/processed/train/genuine/original_31_2.png,data/processed/train/genuine/original_31_4.png,1,genuine_genuine,31,31
data/processed/train/genuine/original_10_1.png,data/processed/train/genuine/original_30_8.png,0,random_forgery,10,30
data/processed/validation/genuine/original_38_14.png,data/processed/validation/genuine/original_38_5.png,1,genuine_genuine,38,38
data/processed/train/genuine/original_32_12.png,data/processed/train/forged/forgeries_32_23.png,0,skilled_forgery,32,32
data/processed/train/genuine/original_29_21.png,data/processed/train/genuine/original_22_9.png,0,random_forgery,29,22
data/processed/train/genuine/original_22_13.png,data/processed/train/forged/forgeries_22_3.png,0,skilled_forgery,22,22
data/processed/validation/genuine/original_44_15.png,data/processed/validation/genuine/original_44_5.png,1,genuine_genuine,44,44
data/processed/train/genuine/original_16_12.png,data/processed/train/forged/forgeries_16_19.png,0,skilled_forgery,16,16
data/processed/validation/genuine/original_36_18.png,data/processed/validation/genuine/original_36_6.png,1,genuine_genuine,36,36
data/processed/validation/genuine/original_42_2.png,data/processed/validation/forged/forgeries_42_1.png,0,skilled_forgery,42,42
data/processed/validation/genuine/original_36_3.png,data/processed/train/genuine/original_31_19.png,0,random_forgery,36,31
data/processed/validation/genuine/original_40_1.png,data/processed/validation/genuine/original_40_5.png,1,genuine_genuine,40,40
data/processed/validation/genuine/original_43_19.png,data/processed/validation/genuine/original_43_6.png,1,genuine_genuine,43,43
data/processed/train/genuine/original_26_11.png,data/processed/train/forged/forgeries_26_7.png,0,skilled_forgery,26,26
data/processed/train/genuine/original_26_16.png,data/processed/train/forged/forgeries_26_8.png,0,skilled_forgery,26,26
data/processed/train/genuine/original_11_19.png,data/processed/train/forged/forgeries_11_20.png,0,skilled_forgery,11,11
data/processed/train/genuine/original_22_2.png,data/processed/train/genuine/original_22_8.png,1,genuine_genuine,22,22
data/processed/validation/genuine/original_43_10.png,data/processed/validation/forged/forgeries_43_24.png,0,skilled_forgery,43,43
data/processed/train/genuine/original_32_10.png,data/processed/train/genuine/original_32_12.png,1,genuine_genuine,32,32
data/processed/train/genuine/original_14_11.png,data/processed/train/genuine/original_14_2.png,1,genuine_genuine,14,14
data/processed/train/genuine/original_25_2.png,data/processed/train/genuine/original_25_5.png,1,genuine_genuine,25,25
data/processed/train/genuine/original_27_14.png,data/processed/train/genuine/original_27_16.png,1,genuine_genuine,27,27
data/processed/validation/genuine/original_36_17.png,data/processed/validation/genuine/original_36_9.png,1,genuine_genuine,36,36
data/processed/validation/genuine/original_41_10.png,data/processed/validation/forged/forgeries_41_13.png,0,skilled_forgery,41,41
data/processed/train/genuine/original_10_15.png,data/processed/train/genuine/original_10_20.png,1,genuine_genuine,10,10
data/processed/train/genuine/original_30_22.png,data/processed/train/genuine/original_30_6.png,1,genuine_genuine,30,30
data/processed/train/genuine/original_27_16.png,data/processed/train/genuine/original_27_20.png,1,genuine_genuine,27,27
data/processed/train/genuine/original_19_17.png,data/processed/train/forged/forgeries_19_13.png,0,skilled_forgery,19,19
data/processed/train/genuine/original_17_13.png,data/processed/train/genuine/original_17_3.png,1,genuine_genuine,17,17
data/processed/train/genuine/original_34_16.png,data/processed/train/genuine/original_34_5.png,1,genuine_genuine,34,34
data/processed/train/genuine/original_34_17.png,data/processed/train/genuine/original_34_5.png,1,genuine_genuine,34,34
data/processed/train/genuine/original_30_12.png,data/processed/train/forged/forgeries_30_16.png,0,skilled_forgery,30,30
data/processed/train/genuine/original_26_19.png,data/processed/train/forged/forgeries_26_23.png,0,skilled_forgery,26,26
data/processed/train/genuine/original_34_5.png,data/processed/train/forged/forgeries_34_11.png,0,skilled_forgery,34,34
data/processed/train/genuine/original_14_6.png,data/processed/train/forged/forgeries_14_24.png,0,skilled_forgery,14,14
data/processed/validation/genuine/original_38_6.png,data/processed/train/genuine/original_28_10.png,0,random_forgery,38,28
data/processed/train/genuine/original_26_10.png,data/processed/train/genuine/original_26_21.png,1,genuine_genuine,26,26
data/processed/train/genuine/original_20_20.png,data/processed/validation/genuine/original_40_19.png,0,random_forgery,20,40
data/processed/validation/genuine/original_44_19.png,data/processed/validation/genuine/original_43_17.png,0,random_forgery,44,43
data/processed/train/genuine/original_35_15.png,data/processed/train/genuine/original_35_16.png,1,genuine_genuine,35,35
data/processed/validation/genuine/original_40_1.png,data/processed/validation/genuine/original_40_19.png,1,genuine_genuine,40,40
data/processed/train/genuine/original_25_15.png,data/processed/train/genuine/original_25_8.png,1,genuine_genuine,25,25
data/processed/validation/genuine/original_37_22.png,data/processed/validation/genuine/original_37_23.png,1,genuine_genuine,37,37
data/processed/train/genuine/original_13_16.png,data/processed/validation/genuine/original_44_21.png,0,random_forgery,13,44
data/processed/validation/genuine/original_43_3.png,data/processed/train/genuine/original_11_15.png,0,random_forgery,43,11
data/processed/train/genuine/original_27_4.png,data/processed/train/genuine/original_27_7.png,1,genuine_genuine,27,27
data/processed/train/genuine/original_11_19.png,data/processed/train/genuine/original_11_2.png,1,genuine_genuine,11,11
data/processed/validation/genuine/original_45_21.png,data/processed/validation/forged/forgeries_45_14.png,0,skilled_forgery,45,45
data/processed/train/genuine/original_32_22.png,data/processed/train/forged/forgeries_32_15.png,0,skilled_forgery,32,32
data/processed/validation/genuine/original_42_16.png,data/processed/validation/genuine/original_42_6.png,1,genuine_genuine,42,42
data/processed/train/genuine/original_21_11.png,data/processed/train/forged/forgeries_21_11.png,0,skilled_forgery,21,21
data/processed/train/genuine/original_23_9.png,data/processed/train/forged/forgeries_23_9.png,0,skilled_forgery,23,23
data/processed/train/genuine/original_20_17.png,data/processed/train/genuine/original_20_6.png,1,genuine_genuine,20,20
data/processed/train/genuine/original_26_13.png,data/processed/validation/genuine/original_40_11.png,0,random_forgery,26,40
data/processed/train/genuine/original_13_11.png,data/processed/train/forged/forgeries_13_22.png,0,skilled_forgery,13,13
data/processed/train/genuine/original_14_5.png,data/processed/train/forged/forgeries_14_16.png,0,skilled_forgery,14,14
data/processed/validation/genuine/original_41_17.png,data/processed/validation/genuine/original_41_19.png,1,genuine_genuine,41,41
data/processed/train/genuine/original_21_17.png,data/processed/train/genuine/original_21_24.png,1,genuine_genuine,21,21
data/processed/train/genuine/original_14_3.png,data/processed/train/genuine/original_32_5.png,0,random_forgery,14,32
data/processed/train/genuine/original_26_1.png,data/processed/train/genuine/original_26_4.png,1,genuine_genuine,26,26
data/processed/train/genuine/original_18_4.png,data/processed/train/forged/forgeries_18_15.png,0,skilled_forgery,18,18
data/processed/validation/genuine/original_39_4.png,data/processed/validation/forged/forgeries_39_21.png,0,skilled_forgery,39,39
data/processed/train/genuine/original_32_2.png,data/processed/train/genuine/original_32_21.png,1,genuine_genuine,32,32
data/processed/validation/genuine/original_37_1.png,data/processed/validation/genuine/original_37_5.png,1,genuine_genuine,37,37
data/processed/train/genuine/original_18_18.png,data/processed/train/forged/forgeries_18_14.png,0,skilled_forgery,18,18
data/processed/train/genuine/original_35_7.png,data/processed/validation/genuine/original_43_12.png,0,random_forgery,35,43
data/processed/train/genuine/original_11_5.png,data/processed/train/forged/forgeries_11_11.png,0,skilled_forgery,11,11
data/processed/train/genuine/original_28_3.png,data/processed/train/forged/forgeries_28_12.png,0,skilled_forgery,28,28
data/processed/train/genuine/original_31_16.png,data/processed/train/genuine/original_31_2.png,1,genuine_genuine,31,31
data/processed/train/genuine/original_13_18.png,data/processed/train/genuine/original_13_19.png,1,genuine_genuine,13,13
data/processed/train/genuine/original_27_23.png,data/processed/train/genuine/original_27_8.png,1,genuine_genuine,27,27
data/processed/validation/genuine/original_36_17.png,data/processed/validation/genuine/original_36_24.png,1,genuine_genuine,36,36
data/processed/train/genuine/original_34_23.png,data/processed/train/forged/forgeries_34_6.png,0,skilled_forgery,34,34
data/processed/train/genuine/original_14_7.png,data/processed/train/genuine/original_25_19.png,0,random_forgery,14,25
data/processed/validation/genuine/original_43_6.png,data/processed/train/genuine/original_17_3.png,0,random_forgery,43,17
data/processed/validation/genuine/original_42_12.png,data/processed/validation/forged/forgeries_42_7.png,0,skilled_forgery,42,42
data/processed/train/genuine/original_21_1.png,data/processed/train/genuine/original_21_23.png,1,genuine_genuine,21,21
data/processed/train/genuine/original_23_22.png,data/processed/train/forged/forgeries_23_2.png,0,skilled_forgery,23,23
data/processed/train/genuine/original_33_18.png,data/processed/train/forged/forgeries_33_13.png,0,skilled_forgery,33,33
data/processed/train/genuine/original_35_22.png,data/processed/train/genuine/original_35_6.png,1,genuine_genuine,35,35
data/processed/validation/genuine/original_41_12.png,data/processed/validation/forged/forgeries_41_24.png,0,skilled_forgery,41,41
data/processed/validation/genuine/original_42_1.png,data/processed/train/genuine/original_12_9.png,0,random_forgery,42,12
data/processed/validation/genuine/original_36_1.png,data/processed/validation/genuine/original_36_19.png,1,genuine_genuine,36,36
data/processed/train/genuine/original_27_8.png,data/processed/train/genuine/original_29_11.png,0,random_forgery,27,29
data/processed/train/genuine/original_34_15.png,data/processed/train/genuine/original_34_24.png,1,genuine_genuine,34,34
data/processed/validation/genuine/original_36_16.png,data/processed/validation/genuine/original_36_8.png,1,genuine_genuine,36,36
data/processed/train/genuine/original_19_1.png,data/processed/validation/genuine/original_42_12.png,0,random_forgery,19,42
data/processed/train/genuine/original_30_12.png,data/processed/train/forged/forgeries_30_2.png,0,skilled_forgery,30,30
data/processed/train/genuine/original_33_21.png,data/processed/train/forged/forgeries_33_22.png,0,skilled_forgery,33,33
data/processed/validation/genuine/original_39_10.png,data/processed/validation/forged/forgeries_39_13.png,0,skilled_forgery,39,39
data/processed/validation/genuine/original_36_18.png,data/processed/validation/genuine/original_36_21.png,1,genuine_genuine,36,36
data/processed/validation/genuine/original_41_11.png,data/processed/validation/genuine/original_41_14.png,1,genuine_genuine,41,41
data/processed/train/genuine/original_34_20.png,data/processed/train/genuine/original_22_5.png,0,random_forgery,34,22
data/processed/validation/genuine/original_44_10.png,data/processed/validation/genuine/original_44_2.png,1,genuine_genuine,44,44
data/processed/train/genuine/original_35_12.png,data/processed/train/genuine/original_35_18.png,1,genuine_genuine,35,35
data/processed/train/genuine/original_28_1.png,data/processed/train/genuine/original_28_20.png,1,genuine_genuine,28,28
data/processed/validation/genuine/original_42_9.png,data/processed/train/genuine/original_14_5.png,0,random_forgery,42,14
data/processed/validation/genuine/original_45_11.png,data/processed/train/genuine/original_13_19.png,0,random_forgery,45,13
data/processed/validation/genuine/original_39_21.png,data/processed/validation/forged/forgeries_39_17.png,0,skilled_forgery,39,39
data/processed/train/genuine/original_11_16.png,data/processed/train/genuine/original_29_18.png,0,random_forgery,11,29
data/processed/validation/genuine/original_41_11.png,data/processed/validation/genuine/original_41_8.png,1,genuine_genuine,41,41
data/processed/validation/genuine/original_42_11.png,data/processed/train/genuine/original_25_7.png,0,random_forgery,42,25
data/processed/train/genuine/original_12_18.png,data/processed/train/forged/forgeries_12_12.png,0,skilled_forgery,12,12
data/processed/validation/genuine/original_43_18.png,data/processed/validation/forged/forgeries_43_8.png,0,skilled_forgery,43,43
data/processed/train/genuine/original_35_20.png,data/processed/train/genuine/original_35_3.png,1,genuine_genuine,35,35
data/processed/train/genuine/original_31_19.png,data/processed/train/genuine/original_31_7.png,1,genuine_genuine,31,31
data/processed/train/genuine/original_27_3.png,data/processed/train/forged/forgeries_27_7.png,0,skilled_forgery,27,27
data/processed/train/genuine/original_11_3.png,data/processed/train/genuine/original_11_4.png,1,genuine_genuine,11,11
data/processed/train/genuine/original_16_1.png,data/processed/train/forged/forgeries_16_20.png,0,skilled_forgery,16,16
data/processed/train/genuine/original_27_22.png,data/processed/train/forged/forgeries_27_17.png,0,skilled_forgery,27,27
data/processed/train/genuine/original_23_14.png,data/processed/train/forged/forgeries_23_1.png,0,skilled_forgery,23,23
data/processed/train/genuine/original_35_10.png,data/processed/train/genuine/original_35_20.png,1,genuine_genuine,35,35
data/processed/train/genuine/original_33_10.png,data/processed/train/genuine/original_33_15.png,1,genuine_genuine,33,33
data/processed/train/genuine/original_30_13.png,data/processed/train/genuine/original_30_16.png,1,genuine_genuine,30,30
data/processed/train/genuine/original_19_14.png,data/processed/train/genuine/original_19_19.png,1,genuine_genuine,19,19
data/processed/validation/genuine/original_42_20.png,data/processed/validation/genuine/original_42_7.png,1,genuine_genuine,42,42
data/processed/train/genuine/original_24_15.png,data/processed/train/genuine/original_24_3.png,1,genuine_genuine,24,24
data/processed/train/genuine/original_25_21.png,data/processed/train/genuine/original_25_5.png,1,genuine_genuine,25,25
data/processed/train/genuine/original_16_19.png,data/processed/train/genuine/original_16_5.png,1,genuine_genuine,16,16
data/processed/train/genuine/original_18_12.png,data/processed/train/genuine/original_18_3.png,1,genuine_genuine,18,18
data/processed/train/genuine/original_27_11.png,data/processed/train/genuine/original_27_6.png,1,genuine_genuine,27,27
data/processed/train/genuine/original_27_12.png,data/processed/train/genuine/original_27_2.png,1,genuine_genuine,27,27
data/processed/validation/genuine/original_40_13.png,data/processed/validation/genuine/original_40_9.png,1,genuine_genuine,40,40
data/processed/train/genuine/original_24_23.png,data/processed/train/genuine/original_24_3.png,1,genuine_genuine,24,24
data/processed/train/genuine/original_18_13.png,data/processed/train/genuine/original_17_15.png,0,random_forgery,18,17
data/processed/validation/genuine/original_37_15.png,data/processed/validation/forged/forgeries_37_21.png,0,skilled_forgery,37,37
data/processed/train/genuine/original_28_23.png,data/processed/validation/genuine/original_41_23.png,0,random_forgery,28,41
data/processed/train/genuine/original_26_21.png,data/processed/validation/genuine/original_44_23.png,0,random_forgery,26,44
data/processed/train/genuine/original_26_18.png,data/processed/validation/genuine/original_36_20.png,0,random_forgery,26,36
data/processed/train/genuine/original_27_24.png,data/processed/train/forged/forgeries_27_19.png,0,skilled_forgery,27,27
data/processed/validation/genuine/original_41_19.png,data/processed/validation/forged/forgeries_41_9.png,0,skilled_forgery,41,41
data/processed/train/genuine/original_35_15.png,data/processed/train/forged/forgeries_35_10.png,0,skilled_forgery,35,35
data/processed/train/genuine/original_27_11.png,data/processed/train/genuine/original_27_23.png,1,genuine_genuine,27,27
data/processed/train/genuine/original_13_23.png,data/processed/train/genuine/original_13_6.png,1,genuine_genuine,13,13
data/processed/train/genuine/original_25_1.png,data/processed/train/genuine/original_25_17.png,1,genuine_genuine,25,25
data/processed/validation/genuine/original_41_1.png,data/processed/validation/genuine/original_41_22.png,1,genuine_genuine,41,41
data/processed/train/genuine/original_10_3.png,data/processed/train/forged/forgeries_10_16.png,0,skilled_forgery,10,10
data/processed/train/genuine/original_29_15.png,data/processed/train/genuine/original_29_20.png,1,genuine_genuine,29,29
data/processed/train/genuine/original_24_18.png,data/processed/train/forged/forgeries_24_17.png,0,skilled_forgery,24,24
data/processed/validation/genuine/original_37_19.png,data/processed/validation/genuine/original_37_6.png,1,genuine_genuine,37,37
data/processed/train/genuine/original_32_11.png,data/processed/train/genuine/original_32_14.png,1,genuine_genuine,32,32
data/processed/train/genuine/original_27_23.png,data/processed/train/forged/forgeries_27_14.png,0,skilled_forgery,27,27
data/processed/train/genuine/original_23_23.png,data/processed/train/forged/forgeries_23_7.png,0,skilled_forgery,23,23
data/processed/train/genuine/original_14_19.png,data/processed/train/genuine/original_14_2.png,1,genuine_genuine,14,14
data/processed/train/genuine/original_18_11.png,data/processed/train/genuine/original_18_3.png,1,genuine_genuine,18,18
data/processed/train/genuine/original_14_11.png,data/processed/train/genuine/original_10_5.png,0,random_forgery,14,10
data/processed/train/genuine/original_26_10.png,data/processed/train/genuine/original_26_11.png,1,genuine_genuine,26,26
data/processed/validation/genuine/original_45_16.png,data/processed/validation/forged/forgeries_45_1.png,0,skilled_forgery,45,45
data/processed/train/genuine/original_20_9.png,data/processed/train/genuine/original_21_14.png,0,random_forgery,20,21
data/processed/validation/genuine/original_43_20.png,data/processed/validation/genuine/original_43_6.png,1,genuine_genuine,43,43
data/processed/train/genuine/original_22_16.png,data/processed/train/genuine/original_22_18.png,1,genuine_genuine,22,22
data/processed/train/genuine/original_11_2.png,data/processed/train/genuine/original_23_7.png,0,random_forgery,11,23
data/processed/train/genuine/original_21_17.png,data/processed/train/forged/forgeries_21_6.png,0,skilled_forgery,21,21
data/processed/train/genuine/original_11_3.png,data/processed/train/forged/forgeries_11_22.png,0,skilled_forgery,11,11
data/processed/train/genuine/original_14_13.png,data/processed/train/genuine/original_14_23.png,1,genuine_genuine,14,14
data/processed/train/genuine/original_34_15.png,data/processed/train/genuine/original_34_7.png,1,genuine_genuine,34,34
data/processed/train/genuine/original_26_10.png,data/processed/train/genuine/original_26_20.png,1,genuine_genuine,26,26
data/processed/validation/genuine/original_42_14.png,data/processed/validation/genuine/original_42_9.png,1,genuine_genuine,42,42
data/processed/validation/genuine/original_44_20.png,data/processed/validation/genuine/original_44_5.png,1,genuine_genuine,44,44
data/processed/train/genuine/original_26_8.png,data/processed/train/forged/forgeries_26_10.png,0,skilled_forgery,26,26
data/processed/train/genuine/original_30_18.png,data/processed/train/forged/forgeries_30_7.png,0,skilled_forgery,30,30
data/processed/validation/genuine/original_42_12.png,data/processed/validation/genuine/original_42_3.png,1,genuine_genuine,42,42
data/processed/train/genuine/original_20_3.png,data/processed/train/forged/forgeries_20_2.png,0,skilled_forgery,20,20
data/processed/train/genuine/original_19_17.png,data/processed/train/genuine/original_19_19.png,1,genuine_genuine,19,19
data/processed/train/genuine/original_13_17.png,data/processed/train/genuine/original_30_14.png,0,random_forgery,13,30
data/processed/validation/genuine/original_45_19.png,data/processed/validation/forged/forgeries_45_23.png,0,skilled_forgery,45,45
data/processed/train/genuine/original_23_13.png,data/processed/train/genuine/original_23_9.png,1,genuine_genuine,23,23
data/processed/train/genuine/original_10_15.png,data/processed/train/genuine/original_10_3.png,1,genuine_genuine,10,10
data/processed/train/genuine/original_31_20.png,data/processed/train/genuine/original_31_22.png,1,genuine_genuine,31,31
data/processed/train/genuine/original_28_12.png,data/processed/train/forged/forgeries_28_4.png,0,skilled_forgery,28,28
data/processed/train/genuine/original_24_18.png,data/processed/train/genuine/original_24_2.png,1,genuine_genuine,24,24
data/processed/train/genuine/original_21_16.png,data/processed/train/genuine/original_33_9.png,0,random_forgery,21,33
data/processed/validation/genuine/original_39_23.png,data/processed/train/genuine/original_31_13.png,0,random_forgery,39,31
data/processed/validation/genuine/original_41_11.png,data/processed/train/genuine/original_35_19.png,0,random_forgery,41,35
data/processed/train/genuine/original_26_22.png,data/processed/train/genuine/original_26_4.png,1,genuine_genuine,26,26
data/processed/validation/genuine/original_42_1.png,data/processed/validation/genuine/original_42_10.png,1,genuine_genuine,42,42
data/processed/train/genuine/original_24_16.png,data/processed/train/genuine/original_24_6.png,1,genuine_genuine,24,24
data/processed/validation/genuine/original_43_8.png,data/processed/validation/genuine/original_43_9.png,1,genuine_genuine,43,43
data/processed/train/genuine/original_24_20.png,data/processed/train/forged/forgeries_24_14.png,0,skilled_forgery,24,24
data/processed/train/genuine/original_19_20.png,data/processed/train/genuine/original_19_4.png,1,genuine_genuine,19,19
data/processed/validation/genuine/original_38_19.png,data/processed/validation/forged/forgeries_38_18.png,0,skilled_forgery,38,38
data/processed/train/genuine/original_33_17.png,data/processed/train/genuine/original_33_18.png,1,genuine_genuine,33,33
data/processed/train/genuine/original_19_20.png,data/processed/train/genuine/original_19_23.png,1,genuine_genuine,19,19
data/processed/train/genuine/original_23_23.png,data/processed/train/genuine/original_23_6.png,1,genuine_genuine,23,23
data/processed/train/genuine/original_21_20.png,data/processed/train/genuine/original_21_8.png,1,genuine_genuine,21,21
data/processed/validation/genuine/original_36_15.png,data/processed/train/genuine/original_29_8.png,0,random_forgery,36,29
data/processed/train/genuine/original_21_22.png,data/processed/train/forged/forgeries_21_1.png,0,skilled_forgery,21,21
data/processed/train/genuine/original_14_18.png,data/processed/train/forged/forgeries_14_6.png,0,skilled_forgery,14,14
data/processed/train/genuine/original_25_19.png,data/processed/train/genuine/original_25_9.png,1,genuine_genuine,25,25
data/processed/train/genuine/original_15_4.png,data/processed/train/forged/forgeries_15_19.png,0,skilled_forgery,15,15
data/processed/train/genuine/original_22_6.png,data/processed/train/genuine/original_15_1.png,0,random_forgery,22,15
data/processed/train/genuine/original_21_12.png,data/processed/train/genuine/original_21_14.png,1,genuine_genuine,21,21
data/processed/train/genuine/original_12_10.png,data/processed/train/genuine/original_12_12.png,1,genuine_genuine,12,12
data/processed/train/genuine/original_14_10.png,data/processed/train/forged/forgeries_14_9.png,0,skilled_forgery,14,14
data/processed/train/genuine/original_16_10.png,data/processed/train/genuine/original_16_13.png,1,genuine_genuine,16,16
data/processed/train/genuine/original_12_11.png,data/processed/train/genuine/original_12_5.png,1,genuine_genuine,12,12
data/processed/train/genuine/original_20_17.png,data/processed/train/genuine/original_20_3.png,1,genuine_genuine,20,20
data/processed/validation/genuine/original_43_12.png,data/processed/validation/genuine/original_43_14.png,1,genuine_genuine,43,43
data/processed/validation/genuine/original_38_18.png,data/processed/train/genuine/original_15_4.png,0,random_forgery,38,15
data/processed/validation/genuine/original_38_12.png,data/processed/validation/forged/forgeries_38_15.png,0,skilled_forgery,38,38
data/processed/validation/genuine/original_37_20.png,data/processed/train/genuine/original_11_7.png,0,random_forgery,37,11
data/processed/train/genuine/original_16_2.png,data/processed/train/genuine/original_16_6.png,1,genuine_genuine,16,16
data/processed/train/genuine/original_23_22.png,data/processed/train/genuine/original_23_8.png,1,genuine_genuine,23,23
data/processed/validation/genuine/original_38_17.png,data/processed/validation/genuine/original_37_10.png,0,random_forgery,38,37
data/processed/validation/genuine/original_44_6.png,data/processed/validation/forged/forgeries_44_18.png,0,skilled_forgery,44,44
data/processed/train/genuine/original_19_20.png,data/processed/validation/genuine/original_44_4.png,0,random_forgery,19,44
data/processed/train/genuine/original_25_2.png,data/processed/train/forged/forgeries_25_20.png,0,skilled_forgery,25,25
data/processed/train/genuine/original_30_12.png,data/processed/train/genuine/original_30_7.png,1,genuine_genuine,30,30
data/processed/train/genuine/original_20_9.png,data/processed/train/forged/forgeries_20_3.png,0,skilled_forgery,20,20
data/processed/train/genuine/original_28_1.png,data/processed/train/genuine/original_28_22.png,1,genuine_genuine,28,28
data/processed/train/genuine/original_34_9.png,data/processed/train/forged/forgeries_34_17.png,0,skilled_forgery,34,34
data/processed/train/genuine/original_19_13.png,data/processed/validation/genuine/original_39_9.png,0,random_forgery,19,39
data/processed/train/genuine/original_30_22.png,data/processed/train/genuine/original_30_3.png,1,genuine_genuine,30,30
data/processed/validation/genuine/original_45_12.png,data/processed/validation/genuine/original_45_9.png,1,genuine_genuine,45,45
data/processed/train/genuine/original_25_13.png,data/processed/train/genuine/original_25_16.png,1,genuine_genuine,25,25
data/processed/train/genuine/original_16_5.png,data/processed/train/genuine/original_16_7.png,1,genuine_genuine,16,16
data/processed/train/genuine/original_20_20.png,data/processed/validation/genuine/original_45_21.png,0,random_forgery,20,45
data/processed/train/genuine/original_23_3.png,data/processed/train/forged/forgeries_23_6.png,0,skilled_forgery,23,23
data/processed/train/genuine/original_14_12.png,data/processed/train/genuine/original_18_7.png,0,random_forgery,14,18
data/processed/train/genuine/original_20_19.png,data/processed/train/genuine/original_16_19.png,0,random_forgery,20,16
data/processed/train/genuine/original_33_15.png,data/processed/train/genuine/original_33_3.png,1,genuine_genuine,33,33
data/processed/train/genuine/original_35_8.png,data/processed/train/forged/forgeries_35_20.png,0,skilled_forgery,35,35
data/processed/validation/genuine/original_39_21.png,data/processed/validation/genuine/original_45_13.png,0,random_forgery,39,45
data/processed/train/genuine/original_28_23.png,data/processed/validation/genuine/original_41_16.png,0,random_forgery,28,41
data/processed/train/genuine/original_27_12.png,data/processed/validation/genuine/original_43_1.png,0,random_forgery,27,43
data/processed/train/genuine/original_33_7.png,data/processed/train/forged/forgeries_33_6.png,0,skilled_forgery,33,33
data/processed/train/genuine/original_16_21.png,data/processed/train/forged/forgeries_16_21.png,0,skilled_forgery,16,16
data/processed/train/genuine/original_19_10.png,data/processed/train/genuine/original_19_18.png,1,genuine_genuine,19,19
data/processed/train/genuine/original_21_11.png,data/processed/train/forged/forgeries_21_17.png,0,skilled_forgery,21,21
data/processed/train/genuine/original_22_1.png,data/processed/train/genuine/original_22_18.png,1,genuine_genuine,22,22
data/processed/train/genuine/original_20_11.png,data/processed/train/forged/forgeries_20_15.png,0,skilled_forgery,20,20
data/processed/train/genuine/original_15_14.png,data/processed/train/genuine/original_15_21.png,1,genuine_genuine,15,15
data/processed/validation/genuine/original_39_11.png,data/processed/validation/genuine/original_39_20.png,1,genuine_genuine,39,39
data/processed/validation/genuine/original_45_4.png,data/processed/validation/forged/forgeries_45_14.png,0,skilled_forgery,45,45
data/processed/train/genuine/original_31_11.png,data/processed/train/genuine/original_31_22.png,1,genuine_genuine,31,31
data/processed/train/genuine/original_23_18.png,data/processed/train/genuine/original_23_24.png,1,genuine_genuine,23,23
data/processed/train/genuine/original_10_1.png,data/processed/train/genuine/original_10_8.png,1,genuine_genuine,10,10
data/processed/train/genuine/original_24_1.png,data/processed/train/genuine/original_24_2.png,1,genuine_genuine,24,24
data/processed/train/genuine/original_34_10.png,data/processed/train/genuine/original_34_6.png,1,genuine_genuine,34,34
data/processed/train/genuine/original_16_22.png,data/processed/train/forged/forgeries_16_23.png,0,skilled_forgery,16,16
data/processed/validation/genuine/original_39_16.png,data/processed/validation/forged/forgeries_39_22.png,0,skilled_forgery,39,39
data/processed/validation/genuine/original_41_22.png,data/processed/validation/genuine/original_41_6.png,1,genuine_genuine,41,41
data/processed/train/genuine/original_14_10.png,data/processed/train/genuine/original_14_14.png,1,genuine_genuine,14,14
data/processed/train/genuine/original_29_14.png,data/processed/train/genuine/original_29_22.png,1,genuine_genuine,29,29
data/processed/validation/genuine/original_37_4.png,data/processed/validation/genuine/original_37_7.png,1,genuine_genuine,37,37
data/processed/validation/genuine/original_39_11.png,data/processed/validation/forged/forgeries_39_24.png,0,skilled_forgery,39,39
data/processed/validation/genuine/original_44_4.png,data/processed/validation/genuine/original_44_6.png,1,genuine_genuine,44,44
data/processed/train/genuine/original_24_1.png,data/processed/validation/genuine/original_45_9.png,0,random_forgery,24,45
data/processed/train/genuine/original_26_17.png,data/processed/train/genuine/original_35_12.png,0,random_forgery,26,35
data/processed/validation/genuine/original_37_10.png,data/processed/validation/genuine/original_37_24.png,1,genuine_genuine,37,37
data/processed/train/genuine/original_22_20.png,data/processed/train/genuine/original_28_11.png,0,random_forgery,22,28
data/processed/validation/genuine/original_45_12.png,data/processed/validation/genuine/original_45_2.png,1,genuine_genuine,45,45
data/processed/train/genuine/original_23_11.png,data/processed/train/genuine/original_23_4.png,1,genuine_genuine,23,23
data/processed/validation/genuine/original_36_15.png,data/processed/validation/genuine/original_36_19.png,1,genuine_genuine,36,36
data/processed/train/genuine/original_27_2.png,data/processed/train/forged/forgeries_27_8.png,0,skilled_forgery,27,27
data/processed/train/genuine/original_11_16.png,data/processed/train/genuine/original_34_20.png,0,random_forgery,11,34
data/processed/train/genuine/original_19_3.png,data/processed/train/forged/forgeries_19_5.png,0,skilled_forgery,19,19
data/processed/train/genuine/original_32_1.png,data/processed/train/genuine/original_32_15.png,1,genuine_genuine,32,32
data/processed/validation/genuine/original_41_1.png,data/processed/validation/genuine/original_41_14.png,1,genuine_genuine,41,41
data/processed/validation/genuine/original_43_3.png,data/processed/validation/forged/forgeries_43_7.png,0,skilled_forgery,43,43
data/processed/train/genuine/original_30_1.png,data/processed/train/genuine/original_30_5.png,1,genuine_genuine,30,30
data/processed/train/genuine/original_18_1.png,data/processed/train/genuine/original_18_6.png,1,genuine_genuine,18,18
data/processed/train/genuine/original_15_8.png,data/processed/train/forged/forgeries_15_21.png,0,skilled_forgery,15,15
data/processed/train/genuine/original_28_14.png,data/processed/train/genuine/original_28_3.png,1,genuine_genuine,28,28
data/processed/train/genuine/original_27_1.png,data/processed/train/genuine/original_27_12.png,1,genuine_genuine,27,27
data/processed/validation/genuine/original_44_2.png,data/processed/train/genuine/original_29_4.png,0,random_forgery,44,29
data/processed/validation/genuine/original_40_2.png,data/processed/validation/genuine/original_40_24.png,1,genuine_genuine,40,40
data/processed/train/genuine/original_24_24.png,data/processed/train/forged/forgeries_24_1.png,0,skilled_forgery,24,24
data/processed/train/genuine/original_19_20.png,data/processed/train/genuine/original_32_23.png,0,random_forgery,19,32
data/processed/validation/genuine/original_45_24.png,data/processed/validation/forged/forgeries_45_5.png,0,skilled_forgery,45,45
data/processed/validation/genuine/original_41_13.png,data/processed/validation/genuine/original_41_19.png,1,genuine_genuine,41,41
data/processed/train/genuine/original_21_13.png,data/processed/train/genuine/original_34_24.png,0,random_forgery,21,34
data/processed/validation/genuine/original_42_20.png,data/processed/validation/genuine/original_43_20.png,0,random_forgery,42,43
data/processed/train/genuine/original_16_10.png,data/processed/train/forged/forgeries_16_17.png,0,skilled_forgery,16,16
data/processed/train/genuine/original_11_17.png,data/processed/train/forged/forgeries_11_3.png,0,skilled_forgery,11,11
data/processed/train/genuine/original_18_2.png,data/processed/train/genuine/original_18_7.png,1,genuine_genuine,18,18
data/processed/train/genuine/original_28_22.png,data/processed/train/forged/forgeries_28_2.png,0,skilled_forgery,28,28
data/processed/validation/genuine/original_42_16.png,data/processed/train/genuine/original_19_8.png,0,random_forgery,42,19
data/processed/train/genuine/original_20_8.png,data/processed/train/genuine/original_20_9.png,1,genuine_genuine,20,20
data/processed/train/genuine/original_21_23.png,data/processed/train/genuine/original_21_4.png,1,genuine_genuine,21,21
data/processed/train/genuine/original_18_15.png,data/processed/train/genuine/original_18_2.png,1,genuine_genuine,18,18
data/processed/validation/genuine/original_40_12.png,data/processed/validation/genuine/original_40_20.png,1,genuine_genuine,40,40
data/processed/train/genuine/original_11_14.png,data/processed/train/genuine/original_11_6.png,1,genuine_genuine,11,11
data/processed/validation/genuine/original_41_8.png,data/processed/validation/forged/forgeries_41_16.png,0,skilled_forgery,41,41
data/processed/train/genuine/original_20_19.png,data/processed/train/genuine/original_20_2.png,1,genuine_genuine,20,20
data/processed/train/genuine/original_33_15.png,data/processed/train/genuine/original_15_9.png,0,random_forgery,33,15
data/processed/train/genuine/original_14_10.png,data/processed/train/forged/forgeries_14_23.png,0,skilled_forgery,14,14
data/processed/train/genuine/original_28_13.png,data/processed/train/forged/forgeries_28_3.png,0,skilled_forgery,28,28
data/processed/train/genuine/original_20_17.png,data/processed/train/genuine/original_20_20.png,1,genuine_genuine,20,20
data/processed/train/genuine/original_31_12.png,data/processed/train/genuine/original_31_8.png,1,genuine_genuine,31,31
data/processed/train/genuine/original_19_16.png,data/processed/train/forged/forgeries_19_20.png,0,skilled_forgery,19,19
data/processed/train/genuine/original_19_12.png,data/processed/train/genuine/original_19_21.png,1,genuine_genuine,19,19
data/processed/train/genuine/original_17_14.png,data/processed/train/genuine/original_35_1.png,0,random_forgery,17,35
data/processed/train/genuine/original_32_18.png,data/processed/train/genuine/original_32_7.png,1,genuine_genuine,32,32
data/processed/train/genuine/original_33_8.png,data/processed/train/forged/forgeries_33_9.png,0,skilled_forgery,33,33
data/processed/validation/genuine/original_42_13.png,data/processed/validation/genuine/original_42_23.png,1,genuine_genuine,42,42
data/processed/train/genuine/original_33_10.png,data/processed/train/genuine/original_33_13.png,1,genuine_genuine,33,33
data/processed/train/genuine/original_31_10.png,data/processed/train/genuine/original_31_9.png,1,genuine_genuine,31,31
data/processed/train/genuine/original_33_1.png,data/processed/train/genuine/original_33_19.png,1,genuine_genuine,33,33
data/processed/train/genuine/original_11_19.png,data/processed/train/genuine/original_11_20.png,1,genuine_genuine,11,11
data/processed/train/genuine/original_13_4.png,data/processed/train/forged/forgeries_13_8.png,0,skilled_forgery,13,13
data/processed/validation/genuine/original_42_13.png,data/processed/validation/genuine/original_42_19.png,1,genuine_genuine,42,42
data/processed/train/genuine/original_15_10.png,data/processed/train/forged/forgeries_15_11.png,0,skilled_forgery,15,15
data/processed/validation/genuine/original_37_18.png,data/processed/validation/forged/forgeries_37_19.png,0,skilled_forgery,37,37
data/processed/validation/genuine/original_38_7.png,data/processed/validation/genuine/original_45_18.png,0,random_forgery,38,45
data/processed/validation/genuine/original_37_21.png,data/processed/validation/forged/forgeries_37_3.png,0,skilled_forgery,37,37
data/processed/validation/genuine/original_44_11.png,data/processed/validation/genuine/original_44_16.png,1,genuine_genuine,44,44
data/processed/train/genuine/original_23_5.png,data/processed/validation/genuine/original_42_8.png,0,random_forgery,23,42
data/processed/train/genuine/original_14_23.png,data/processed/train/genuine/original_14_4.png,1,genuine_genuine,14,14
data/processed/train/genuine/original_31_16.png,data/processed/train/genuine/original_31_3.png,1,genuine_genuine,31,31
data/processed/validation/genuine/original_37_10.png,data/processed/train/genuine/original_29_18.png,0,random_forgery,37,29
data/processed/train/genuine/original_35_23.png,data/processed/train/genuine/original_35_4.png,1,genuine_genuine,35,35
data/processed/train/genuine/original_22_23.png,data/processed/train/forged/forgeries_22_12.png,0,skilled_forgery,22,22
data/processed/validation/genuine/original_38_20.png,data/processed/validation/forged/forgeries_38_11.png,0,skilled_forgery,38,38
data/processed/train/genuine/original_24_18.png,data/processed/train/forged/forgeries_24_7.png,0,skilled_forgery,24,24
data/processed/train/genuine/original_10_20.png,data/processed/train/forged/forgeries_10_2.png,0,skilled_forgery,10,10
data/processed/train/genuine/original_13_10.png,data/processed/train/genuine/original_13_17.png,1,genuine_genuine,13,13
data/processed/validation/genuine/original_39_7.png,data/processed/train/genuine/original_14_15.png,0,random_forgery,39,14
data/processed/train/genuine/original_10_20.png,data/processed/train/genuine/original_10_21.png,1,genuine_genuine,10,10
data/processed/train/genuine/original_30_21.png,data/processed/train/genuine/original_29_18.png,0,random_forgery,30,29
data/processed/validation/genuine/original_39_24.png,data/processed/validation/genuine/original_39_4.png,1,genuine_genuine,39,39
data/processed/train/genuine/original_12_22.png,data/processed/train/genuine/original_12_6.png,1,genuine_genuine,12,12
data/processed/train/genuine/original_10_21.png,data/processed/train/genuine/original_10_4.png,1,genuine_genuine,10,10
data/processed/validation/genuine/original_36_18.png,data/processed/validation/forged/forgeries_36_9.png,0,skilled_forgery,36,36
data/processed/train/genuine/original_14_22.png,data/processed/train/forged/forgeries_14_7.png,0,skilled_forgery,14,14
data/processed/train/genuine/original_22_6.png,data/processed/validation/genuine/original_38_18.png,0,random_forgery,22,38
data/processed/train/genuine/original_31_4.png,data/processed/train/forged/forgeries_31_1.png,0,skilled_forgery,31,31
data/processed/train/genuine/original_15_11.png,data/processed/train/genuine/original_15_15.png,1,genuine_genuine,15,15
data/processed/train/genuine/original_22_19.png,data/processed/validation/genuine/original_44_12.png,0,random_forgery,22,44
data/processed/train/genuine/original_11_18.png,data/processed/train/genuine/original_11_7.png,1,genuine_genuine,11,11
data/processed/validation/genuine/original_45_7.png,data/processed/train/genuine/original_19_11.png,0,random_forgery,45,19
data/processed/train/genuine/original_15_2.png,data/processed/validation/genuine/original_41_5.png,0,random_forgery,15,41
data/processed/train/genuine/original_24_20.png,data/processed/train/genuine/original_24_21.png,1,genuine_genuine,24,24
data/processed/train/genuine/original_28_22.png,data/processed/train/forged/forgeries_28_12.png,0,skilled_forgery,28,28
data/processed/validation/genuine/original_42_23.png,data/processed/train/genuine/original_24_11.png,0,random_forgery,42,24
data/processed/train/genuine/original_21_2.png,data/processed/validation/genuine/original_36_18.png,0,random_forgery,21,36
data/processed/train/genuine/original_27_22.png,data/processed/train/forged/forgeries_27_6.png,0,skilled_forgery,27,27
data/processed/train/genuine/original_27_16.png,data/processed/train/genuine/original_27_2.png,1,genuine_genuine,27,27
data/processed/train/genuine/original_22_14.png,data/processed/train/genuine/original_27_10.png,0,random_forgery,22,27
data/processed/validation/genuine/original_38_16.png,data/processed/validation/genuine/original_38_22.png,1,genuine_genuine,38,38
data/processed/train/genuine/original_18_3.png,data/processed/train/genuine/original_18_5.png,1,genuine_genuine,18,18
data/processed/validation/genuine/original_44_21.png,data/processed/validation/forged/forgeries_44_16.png,0,skilled_forgery,44,44
data/processed/train/genuine/original_21_11.png,data/processed/train/forged/forgeries_21_21.png,0,skilled_forgery,21,21
data/processed/train/genuine/original_23_8.png,data/processed/train/forged/forgeries_23_16.png,0,skilled_forgery,23,23
data/processed/validation/genuine/original_41_21.png,data/processed/validation/forged/forgeries_41_16.png,0,skilled_forgery,41,41
data/processed/train/genuine/original_16_13.png,data/processed/train/forged/forgeries_16_2.png,0,skilled_forgery,16,16
data/processed/train/genuine/original_27_1.png,data/processed/train/genuine/original_27_7.png,1,genuine_genuine,27,27
data/processed/train/genuine/original_29_12.png,data/processed/train/genuine/original_29_3.png,1,genuine_genuine,29,29
data/processed/validation/genuine/original_40_1.png,data/processed/validation/genuine/original_40_3.png,1,genuine_genuine,40,40
data/processed/validation/genuine/original_43_17.png,data/processed/validation/genuine/original_43_8.png,1,genuine_genuine,43,43
data/processed/train/genuine/original_21_11.png,data/processed/train/genuine/original_13_9.png,0,random_forgery,21,13
data/processed/train/genuine/original_19_13.png,data/processed/validation/genuine/original_43_23.png,0,random_forgery,19,43
data/processed/train/genuine/original_27_17.png,data/processed/train/forged/forgeries_27_17.png,0,skilled_forgery,27,27
data/processed/train/genuine/original_18_14.png,data/processed/train/genuine/original_32_5.png,0,random_forgery,18,32
data/processed/validation/genuine/original_37_16.png,data/processed/validation/genuine/original_37_6.png,1,genuine_genuine,37,37
data/processed/train/genuine/original_23_16.png,data/processed/train/forged/forgeries_23_22.png,0,skilled_forgery,23,23
data/processed/validation/genuine/original_38_11.png,data/processed/validation/genuine/original_38_22.png,1,genuine_genuine,38,38
data/processed/validation/genuine/original_43_10.png,data/processed/validation/genuine/original_43_15.png,1,genuine_genuine,43,43
data/processed/train/genuine/original_22_1.png,data/processed/train/genuine/original_22_6.png,1,genuine_genuine,22,22
data/processed/train/genuine/original_30_12.png,data/processed/train/genuine/original_30_24.png,1,genuine_genuine,30,30
data/processed/train/genuine/original_33_16.png,data/processed/train/forged/forgeries_33_7.png,0,skilled_forgery,33,33
data/processed/train/genuine/original_17_14.png,data/processed/train/genuine/original_17_18.png,1,genuine_genuine,17,17
data/processed/train/genuine/original_31_1.png,data/processed/train/genuine/original_31_24.png,1,genuine_genuine,31,31
data/processed/train/genuine/original_20_17.png,data/processed/train/forged/forgeries_20_22.png,0,skilled_forgery,20,20
data/processed/train/genuine/original_15_22.png,data/processed/validation/genuine/original_44_19.png,0,random_forgery,15,44
data/processed/validation/genuine/original_42_20.png,data/processed/validation/genuine/original_42_5.png,1,genuine_genuine,42,42
data/processed/train/genuine/original_11_13.png,data/processed/train/genuine/original_11_4.png,1,genuine_genuine,11,11
data/processed/train/genuine/original_10_12.png,data/processed/train/genuine/original_10_13.png,1,genuine_genuine,10,10
data/processed/train/genuine/original_18_14.png,data/processed/train/genuine/original_18_2.png,1,genuine_genuine,18,18
data/processed/train/genuine/original_26_2.png,data/processed/train/genuine/original_26_20.png,1,genuine_genuine,26,26
data/processed/train/genuine/original_27_7.png,data/processed/train/genuine/original_15_19.png,0,random_forgery,27,15
data/processed/train/genuine/original_33_3.png,data/processed/train/genuine/original_33_9.png,1,genuine_genuine,33,33
data/processed/train/genuine/original_10_15.png,data/processed/train/forged/forgeries_10_15.png,0,skilled_forgery,10,10
data/processed/validation/genuine/original_36_9.png,data/processed/validation/forged/forgeries_36_13.png,0,skilled_forgery,36,36
data/processed/train/genuine/original_16_19.png,data/processed/train/genuine/original_16_6.png,1,genuine_genuine,16,16
data/processed/train/genuine/original_19_13.png,data/processed/validation/genuine/original_40_8.png,0,random_forgery,19,40
data/processed/validation/genuine/original_42_13.png,data/processed/validation/forged/forgeries_42_18.png,0,skilled_forgery,42,42
data/processed/validation/genuine/original_42_17.png,data/processed/validation/genuine/original_42_24.png,1,genuine_genuine,42,42
data/processed/train/genuine/original_20_1.png,data/processed/train/genuine/original_20_13.png,1,genuine_genuine,20,20
data/processed/train/genuine/original_32_5.png,data/processed/train/genuine/original_12_21.png,0,random_forgery,32,12
data/processed/validation/genuine/original_38_7.png,data/processed/validation/forged/forgeries_38_9.png,0,skilled_forgery,38,38
data/processed/validation/genuine/original_43_20.png,data/processed/train/genuine/original_11_14.png,0,random_forgery,43,11
data/processed/train/genuine/original_25_16.png,data/processed/train/genuine/original_25_4.png,1,genuine_genuine,25,25
data/processed/validation/genuine/original_41_13.png,data/processed/validation/genuine/original_41_14.png,1,genuine_genuine,41,41
data/processed/train/genuine/original_26_19.png,data/processed/train/forged/forgeries_26_6.png,0,skilled_forgery,26,26
data/processed/validation/genuine/original_42_2.png,data/processed/validation/genuine/original_42_4.png,1,genuine_genuine,42,42
data/processed/validation/genuine/original_39_24.png,data/processed/validation/genuine/original_39_8.png,1,genuine_genuine,39,39
data/processed/train/genuine/original_23_20.png,data/processed/validation/genuine/original_41_23.png,0,random_forgery,23,41
data/processed/train/genuine/original_14_8.png,data/processed/train/forged/forgeries_14_21.png,0,skilled_forgery,14,14
data/processed/train/genuine/original_18_17.png,data/processed/train/genuine/original_18_20.png,1,genuine_genuine,18,18
data/processed/train/genuine/original_35_6.png,data/processed/train/forged/forgeries_35_9.png,0,skilled_forgery,35,35
data/processed/train/genuine/original_35_24.png,data/processed/train/forged/forgeries_35_23.png,0,skilled_forgery,35,35
data/processed/train/genuine/original_34_7.png,data/processed/train/genuine/original_32_7.png,0,random_forgery,34,32
data/processed/validation/genuine/original_37_15.png,data/processed/validation/genuine/original_37_8.png,1,genuine_genuine,37,37
data/processed/train/genuine/original_33_5.png,data/processed/train/genuine/original_33_8.png,1,genuine_genuine,33,33
data/processed/train/genuine/original_11_24.png,data/processed/train/genuine/original_35_24.png,0,random_forgery,11,35
data/processed/train/genuine/original_26_16.png,data/processed/train/genuine/original_26_22.png,1,genuine_genuine,26,26
data/processed/train/genuine/original_20_21.png,data/processed/train/forged/forgeries_20_5.png,0,skilled_forgery,20,20
data/processed/train/genuine/original_30_19.png,data/processed/train/forged/forgeries_30_24.png,0,skilled_forgery,30,30
data/processed/train/genuine/original_32_17.png,data/processed/train/genuine/original_13_10.png,0,random_forgery,32,13
data/processed/train/genuine/original_12_2.png,data/processed/train/forged/forgeries_12_1.png,0,skilled_forgery,12,12
data/processed/train/genuine/original_34_21.png,data/processed/train/genuine/original_34_3.png,1,genuine_genuine,34,34
data/processed/train/genuine/original_10_6.png,data/processed/train/genuine/original_10_9.png,1,genuine_genuine,10,10
data/processed/train/genuine/original_13_14.png,data/processed/train/genuine/original_13_15.png,1,genuine_genuine,13,13
data/processed/train/genuine/original_11_12.png,data/processed/train/forged/forgeries_11_9.png,0,skilled_forgery,11,11
data/processed/train/genuine/original_23_15.png,data/processed/train/genuine/original_26_12.png,0,random_forgery,23,26
data/processed/validation/genuine/original_39_1.png,data/processed/validation/genuine/original_39_17.png,1,genuine_genuine,39,39
data/processed/train/genuine/original_16_15.png,data/processed/train/genuine/original_16_5.png,1,genuine_genuine,16,16
data/processed/validation/genuine/original_43_12.png,data/processed/validation/forged/forgeries_43_13.png,0,skilled_forgery,43,43
data/processed/train/genuine/original_33_6.png,data/processed/train/forged/forgeries_33_22.png,0,skilled_forgery,33,33
data/processed/train/genuine/original_20_2.png,data/processed/train/genuine/original_20_3.png,1,genuine_genuine,20,20
data/processed/validation/genuine/original_36_23.png,data/processed/validation/genuine/original_44_15.png,0,random_forgery,36,44
data/processed/train/genuine/original_35_13.png,data/processed/train/forged/forgeries_35_20.png,0,skilled_forgery,35,35
data/processed/train/genuine/original_32_1.png,data/processed/train/genuine/original_32_10.png,1,genuine_genuine,32,32
data/processed/train/genuine/original_28_1.png,data/processed/train/genuine/original_28_8.png,1,genuine_genuine,28,28
data/processed/train/genuine/original_30_16.png,data/processed/train/forged/forgeries_30_4.png,0,skilled_forgery,30,30
data/processed/train/genuine/original_24_1.png,data/processed/train/genuine/original_24_13.png,1,genuine_genuine,24,24
data/processed/train/genuine/original_31_22.png,data/processed/train/genuine/original_31_7.png,1,genuine_genuine,31,31
data/processed/train/genuine/original_35_6.png,data/processed/train/genuine/original_24_3.png,0,random_forgery,35,24
data/processed/train/genuine/original_21_11.png,data/processed/train/genuine/original_21_21.png,1,genuine_genuine,21,21
data/processed/train/genuine/original_21_12.png,data/processed/train/genuine/original_21_24.png,1,genuine_genuine,21,21
data/processed/validation/genuine/original_36_2.png,data/processed/validation/genuine/original_36_9.png,1,genuine_genuine,36,36
data/processed/validation/genuine/original_42_17.png,data/processed/validation/genuine/original_42_18.png,1,genuine_genuine,42,42
data/processed/train/genuine/original_21_2.png,data/processed/train/genuine/original_21_3.png,1,genuine_genuine,21,21
data/processed/validation/genuine/original_39_7.png,data/processed/validation/forged/forgeries_39_21.png,0,skilled_forgery,39,39
data/processed/train/genuine/original_18_20.png,data/processed/train/forged/forgeries_18_1.png,0,skilled_forgery,18,18
data/processed/train/genuine/original_35_20.png,data/processed/train/genuine/original_28_9.png,0,random_forgery,35,28
data/processed/train/genuine/original_19_23.png,data/processed/train/genuine/original_18_15.png,0,random_forgery,19,18
data/processed/validation/genuine/original_41_13.png,data/processed/validation/genuine/original_41_18.png,1,genuine_genuine,41,41
data/processed/train/genuine/original_25_16.png,data/processed/train/forged/forgeries_25_10.png,0,skilled_forgery,25,25
data/processed/train/genuine/original_21_24.png,data/processed/validation/genuine/original_44_13.png,0,random_forgery,21,44
data/processed/train/genuine/original_12_19.png,data/processed/train/forged/forgeries_12_17.png,0,skilled_forgery,12,12
data/processed/validation/genuine/original_37_8.png,data/processed/validation/forged/forgeries_37_9.png,0,skilled_forgery,37,37
data/processed/train/genuine/original_29_8.png,data/processed/train/forged/forgeries_29_24.png,0,skilled_forgery,29,29
data/processed/validation/genuine/original_43_14.png,data/processed/validation/forged/forgeries_43_14.png,0,skilled_forgery,43,43
data/processed/train/genuine/original_33_20.png,data/processed/train/genuine/original_33_21.png,1,genuine_genuine,33,33
data/processed/validation/genuine/original_37_16.png,data/processed/train/genuine/original_21_1.png,0,random_forgery,37,21
data/processed/validation/genuine/original_41_24.png,data/processed/validation/forged/forgeries_41_17.png,0,skilled_forgery,41,41
data/processed/train/genuine/original_25_1.png,data/processed/train/forged/forgeries_25_23.png,0,skilled_forgery,25,25
data/processed/train/genuine/original_30_11.png,data/processed/train/forged/forgeries_30_3.png,0,skilled_forgery,30,30
data/processed/train/genuine/original_19_11.png,data/processed/validation/genuine/original_39_2.png,0,random_forgery,19,39
data/processed/train/genuine/original_13_4.png,data/processed/train/genuine/original_13_5.png,1,genuine_genuine,13,13
data/processed/train/genuine/original_30_2.png,data/processed/train/genuine/original_16_16.png,0,random_forgery,30,16
data/processed/train/genuine/original_13_10.png,data/processed/train/genuine/original_13_24.png,1,genuine_genuine,13,13
data/processed/validation/genuine/original_41_16.png,data/processed/validation/genuine/original_41_18.png,1,genuine_genuine,41,41
data/processed/train/genuine/original_19_11.png,data/processed/train/genuine/original_19_24.png,1,genuine_genuine,19,19
data/processed/train/genuine/original_26_21.png,data/processed/train/genuine/original_26_9.png,1,genuine_genuine,26,26
data/processed/train/genuine/original_11_3.png,data/processed/train/genuine/original_11_8.png,1,genuine_genuine,11,11
data/processed/train/genuine/original_18_19.png,data/processed/train/forged/forgeries_18_21.png,0,skilled_forgery,18,18
data/processed/train/genuine/original_24_7.png,data/processed/train/forged/forgeries_24_1.png,0,skilled_forgery,24,24
data/processed/train/genuine/original_32_11.png,data/processed/train/genuine/original_32_8.png,1,genuine_genuine,32,32
data/processed/train/genuine/original_14_16.png,data/processed/train/genuine/original_14_4.png,1,genuine_genuine,14,14
data/processed/validation/genuine/original_40_14.png,data/processed/validation/genuine/original_40_5.png,1,genuine_genuine,40,40
data/processed/validation/genuine/original_44_8.png,data/processed/train/genuine/original_31_21.png,0,random_forgery,44,31
data/processed/validation/genuine/original_40_14.png,data/processed/validation/genuine/original_40_9.png,1,genuine_genuine,40,40
data/processed/validation/genuine/original_41_3.png,data/processed/validation/forged/forgeries_41_7.png,0,skilled_forgery,41,41
data/processed/train/genuine/original_13_22.png,data/processed/train/genuine/original_26_2.png,0,random_forgery,13,26
data/processed/train/genuine/original_19_21.png,data/processed/train/forged/forgeries_19_24.png,0,skilled_forgery,19,19
data/processed/train/genuine/original_30_15.png,data/processed/train/genuine/original_30_2.png,1,genuine_genuine,30,30
data/processed/train/genuine/original_29_23.png,data/processed/train/genuine/original_29_8.png,1,genuine_genuine,29,29
data/processed/train/genuine/original_30_2.png,data/processed/train/forged/forgeries_30_11.png,0,skilled_forgery,30,30
data/processed/train/genuine/original_29_14.png,data/processed/train/genuine/original_29_4.png,1,genuine_genuine,29,29
data/processed/train/genuine/original_31_15.png,data/processed/train/forged/forgeries_31_12.png,0,skilled_forgery,31,31
data/processed/validation/genuine/original_37_12.png,data/processed/train/genuine/original_15_12.png,0,random_forgery,37,15
data/processed/validation/genuine/original_40_13.png,data/processed/train/genuine/original_12_7.png,0,random_forgery,40,12
data/processed/train/genuine/original_22_3.png,data/processed/train/genuine/original_20_21.png,0,random_forgery,22,20
data/processed/train/genuine/original_30_20.png,data/processed/train/genuine/original_14_17.png,0,random_forgery,30,14
data/processed/train/genuine/original_25_17.png,data/processed/train/genuine/original_25_18.png,1,genuine_genuine,25,25
data/processed/validation/genuine/original_39_11.png,data/processed/train/genuine/original_20_23.png,0,random_forgery,39,20
data/processed/train/genuine/original_27_6.png,data/processed/train/genuine/original_13_16.png,0,random_forgery,27,13
data/processed/train/genuine/original_24_17.png,data/processed/train/genuine/original_24_7.png,1,genuine_genuine,24,24
data/processed/validation/genuine/original_37_1.png,data/processed/validation/genuine/original_37_22.png,1,genuine_genuine,37,37
data/processed/train/genuine/original_27_22.png,data/processed/train/genuine/original_27_6.png,1,genuine_genuine,27,27
data/processed/train/genuine/original_10_10.png,data/processed/train/forged/forgeries_10_15.png,0,skilled_forgery,10,10
data/processed/train/genuine/original_34_20.png,data/processed/train/genuine/original_34_23.png,1,genuine_genuine,34,34
data/processed/train/genuine/original_20_20.png,data/processed/train/genuine/original_16_8.png,0,random_forgery,20,16
data/processed/train/genuine/original_20_24.png,data/processed/train/forged/forgeries_20_22.png,0,skilled_forgery,20,20
data/processed/train/genuine/original_25_22.png,data/processed/train/genuine/original_29_14.png,0,random_forgery,25,29
data/processed/train/genuine/original_34_13.png,data/processed/train/genuine/original_34_7.png,1,genuine_genuine,34,34
data/processed/train/genuine/original_33_17.png,data/processed/train/genuine/original_33_23.png,1,genuine_genuine,33,33
data/processed/train/genuine/original_35_3.png,data/processed/train/forged/forgeries_35_24.png,0,skilled_forgery,35,35
data/processed/validation/genuine/original_41_15.png,data/processed/validation/genuine/original_41_21.png,1,genuine_genuine,41,41
data/processed/train/genuine/original_31_19.png,data/processed/train/genuine/original_31_24.png,1,genuine_genuine,31,31
data/processed/train/genuine/original_31_7.png,data/processed/train/forged/forgeries_31_12.png,0,skilled_forgery,31,31
data/processed/train/genuine/original_16_14.png,data/processed/train/forged/forgeries_16_11.png,0,skilled_forgery,16,16
data/processed/train/genuine/original_20_17.png,data/processed/train/genuine/original_20_7.png,1,genuine_genuine,20,20
data/processed/train/genuine/original_32_4.png,data/processed/train/forged/forgeries_32_13.png,0,skilled_forgery,32,32
data/processed/train/genuine/original_22_12.png,data/processed/train/genuine/original_22_8.png,1,genuine_genuine,22,22
data/processed/train/genuine/original_16_15.png,data/processed/train/forged/forgeries_16_4.png,0,skilled_forgery,16,16
data/processed/validation/genuine/original_41_10.png,data/processed/validation/genuine/original_41_12.png,1,genuine_genuine,41,41
data/processed/train/genuine/original_16_7.png,data/processed/train/forged/forgeries_16_3.png,0,skilled_forgery,16,16
data/processed/validation/genuine/original_45_11.png,data/processed/validation/genuine/original_45_9.png,1,genuine_genuine,45,45
data/processed/train/genuine/original_20_10.png,data/processed/train/forged/forgeries_20_16.png,0,skilled_forgery,20,20
data/processed/train/genuine/original_32_20.png,data/processed/train/forged/forgeries_32_5.png,0,skilled_forgery,32,32
data/processed/train/genuine/original_20_3.png,data/processed/train/forged/forgeries_20_6.png,0,skilled_forgery,20,20
data/processed/train/genuine/original_33_11.png,data/processed/train/genuine/original_33_22.png,1,genuine_genuine,33,33
data/processed/train/genuine/original_29_17.png,data/processed/validation/genuine/original_43_24.png,0,random_forgery,29,43
data/processed/train/genuine/original_16_21.png,data/processed/train/genuine/original_16_9.png,1,genuine_genuine,16,16
data/processed/train/genuine/original_26_14.png,data/processed/train/genuine/original_26_3.png,1,genuine_genuine,26,26
data/processed/train/genuine/original_26_13.png,data/processed/train/genuine/original_18_23.png,0,random_forgery,26,18
data/processed/train/genuine/original_24_17.png,data/processed/train/genuine/original_24_23.png,1,genuine_genuine,24,24
data/processed/train/genuine/original_33_10.png,data/processed/train/forged/forgeries_33_13.png,0,skilled_forgery,33,33
data/processed/train/genuine/original_19_15.png,data/processed/train/genuine/original_19_22.png,1,genuine_genuine,19,19
data/processed/train/genuine/original_34_1.png,data/processed/train/genuine/original_34_23.png,1,genuine_genuine,34,34
data/processed/train/genuine/original_25_12.png,data/processed/train/genuine/original_25_14.png,1,genuine_genuine,25,25
data/processed/train/genuine/original_11_11.png,data/processed/validation/genuine/original_40_12.png,0,random_forgery,11,40
data/processed/train/genuine/original_11_10.png,data/processed/train/genuine/original_11_15.png,1,genuine_genuine,11,11
data/processed/train/genuine/original_15_11.png,data/processed/train/genuine/original_15_13.png,1,genuine_genuine,15,15
data/processed/train/genuine/original_19_2.png,data/processed/train/genuine/original_17_18.png,0,random_forgery,19,17
data/processed/train/genuine/original_31_18.png,data/processed/train/genuine/original_22_6.png,0,random_forgery,31,22
data/processed/train/genuine/original_29_2.png,data/processed/train/genuine/original_22_11.png,0,random_forgery,29,22
data/processed/train/genuine/original_13_11.png,data/processed/train/genuine/original_28_10.png,0,random_forgery,13,28
data/processed/train/genuine/original_20_7.png,data/processed/train/genuine/original_31_9.png,0,random_forgery,20,31
data/processed/train/genuine/original_32_12.png,data/processed/train/forged/forgeries_32_22.png,0,skilled_forgery,32,32
data/processed/train/genuine/original_13_2.png,data/processed/train/genuine/original_13_4.png,1,genuine_genuine,13,13
data/processed/train/genuine/original_11_1.png,data/processed/train/genuine/original_11_3.png,1,genuine_genuine,11,11
data/processed/validation/genuine/original_41_10.png,data/processed/validation/genuine/original_41_6.png,1,genuine_genuine,41,41
data/processed/train/genuine/original_17_11.png,data/processed/validation/genuine/original_42_1.png,0,random_forgery,17,42
data/processed/validation/genuine/original_41_2.png,data/processed/validation/genuine/original_41_3.png,1,genuine_genuine,41,41
data/processed/train/genuine/original_27_13.png,data/processed/train/genuine/original_27_23.png,1,genuine_genuine,27,27
data/processed/train/genuine/original_20_16.png,data/processed/train/genuine/original_20_3.png,1,genuine_genuine,20,20
data/processed/train/genuine/original_19_6.png,data/processed/train/genuine/original_19_9.png,1,genuine_genuine,19,19
data/processed/validation/genuine/original_43_2.png,data/processed/validation/genuine/original_43_24.png,1,genuine_genuine,43,43
data/processed/validation/genuine/original_44_1.png,data/processed/validation/genuine/original_44_6.png,1,genuine_genuine,44,44
data/processed/train/genuine/original_32_8.png,data/processed/train/forged/forgeries_32_23.png,0,skilled_forgery,32,32
data/processed/validation/genuine/original_37_14.png,data/processed/train/genuine/original_32_2.png,0,random_forgery,37,32
data/processed/train/genuine/original_13_7.png,data/processed/train/forged/forgeries_13_3.png,0,skilled_forgery,13,13
data/processed/validation/genuine/original_45_22.png,data/processed/train/genuine/original_30_21.png,0,random_forgery,45,30
data/processed/validation/genuine/original_43_13.png,data/processed/validation/forged/forgeries_43_6.png,0,skilled_forgery,43,43
data/processed/train/genuine/original_20_1.png,data/processed/train/genuine/original_20_6.png,1,genuine_genuine,20,20
data/processed/validation/genuine/original_39_2.png,data/processed/train/genuine/original_32_3.png,0,random_forgery,39,32
data/processed/validation/genuine/original_36_16.png,data/processed/validation/genuine/original_36_2.png,1,genuine_genuine,36,36
data/processed/train/genuine/original_30_14.png,data/processed/train/genuine/original_35_2.png,0,random_forgery,30,35
data/processed/train/genuine/original_34_14.png,data/processed/train/genuine/original_34_23.png,1,genuine_genuine,34,34
data/processed/train/genuine/original_23_23.png,data/processed/train/forged/forgeries_23_18.png,0,skilled_forgery,23,23
data/processed/validation/genuine/original_42_16.png,data/processed/validation/forged/forgeries_42_6.png,0,skilled_forgery,42,42
data/processed/train/genuine/original_17_19.png,data/processed/train/genuine/original_17_23.png,1,genuine_genuine,17,17
data/processed/validation/genuine/original_39_8.png,data/processed/train/genuine/original_12_3.png,0,random_forgery,39,12
data/processed/train/genuine/original_18_15.png,data/processed/train/genuine/original_18_24.png,1,genuine_genuine,18,18
data/processed/train/genuine/original_23_15.png,data/processed/train/forged/forgeries_23_8.png,0,skilled_forgery,23,23
data/processed/train/genuine/original_20_18.png,data/processed/train/genuine/original_20_21.png,1,genuine_genuine,20,20
data/processed/train/genuine/original_32_17.png,data/processed/train/genuine/original_17_11.png,0,random_forgery,32,17
data/processed/train/genuine/original_33_20.png,data/processed/train/genuine/original_33_8.png,1,genuine_genuine,33,33
data/processed/train/genuine/original_12_21.png,data/processed/train/genuine/original_12_6.png,1,genuine_genuine,12,12
data/processed/train/genuine/original_11_21.png,data/processed/validation/genuine/original_44_12.png,0,random_forgery,11,44
data/processed/validation/genuine/original_42_1.png,data/processed/validation/genuine/original_42_5.png,1,genuine_genuine,42,42
data/processed/train/genuine/original_20_15.png,data/processed/train/forged/forgeries_20_5.png,0,skilled_forgery,20,20
data/processed/train/genuine/original_18_10.png,data/processed/train/genuine/original_18_4.png,1,genuine_genuine,18,18
data/processed/validation/genuine/original_42_7.png,data/processed/train/genuine/original_22_23.png,0,random_forgery,42,22
data/processed/validation/genuine/original_37_2.png,data/processed/train/genuine/original_11_12.png,0,random_forgery,37,11
data/processed/train/genuine/original_33_18.png,data/processed/train/genuine/original_22_3.png,0,random_forgery,33,22
data/processed/train/genuine/original_29_7.png,data/processed/train/forged/forgeries_29_18.png,0,skilled_forgery,29,29
data/processed/validation/genuine/original_36_12.png,data/processed/validation/forged/forgeries_36_24.png,0,skilled_forgery,36,36
data/processed/train/genuine/original_30_15.png,data/processed/train/forged/forgeries_30_4.png,0,skilled_forgery,30,30
data/processed/train/genuine/original_34_18.png,data/processed/train/forged/forgeries_34_12.png,0,skilled_forgery,34,34
data/processed/validation/genuine/original_39_21.png,data/processed/validation/genuine/original_39_9.png,1,genuine_genuine,39,39
data/processed/validation/genuine/original_42_24.png,data/processed/validation/forged/forgeries_42_18.png,0,skilled_forgery,42,42
data/processed/validation/genuine/original_36_22.png,data/processed/validation/forged/forgeries_36_9.png,0,skilled_forgery,36,36
data/processed/train/genuine/original_11_18.png,data/processed/train/genuine/original_11_5.png,1,genuine_genuine,11,11
data/processed/train/genuine/original_20_16.png,data/processed/train/genuine/original_17_15.png,0,random_forgery,20,17
data/processed/train/genuine/original_25_11.png,data/processed/train/forged/forgeries_25_17.png,0,skilled_forgery,25,25
data/processed/train/genuine/original_32_24.png,data/processed/train/genuine/original_32_5.png,1,genuine_genuine,32,32
data/processed/train/genuine/original_19_12.png,data/processed/train/genuine/original_19_20.png,1,genuine_genuine,19,19
data/processed/validation/genuine/original_43_1.png,data/processed/validation/genuine/original_43_24.png,1,genuine_genuine,43,43
data/processed/train/genuine/original_35_23.png,data/processed/train/forged/forgeries_35_9.png,0,skilled_forgery,35,35
data/processed/train/genuine/original_34_2.png,data/processed/train/genuine/original_32_8.png,0,random_forgery,34,32
data/processed/train/genuine/original_13_15.png,data/processed/train/genuine/original_19_20.png,0,random_forgery,13,19
data/processed/train/genuine/original_24_20.png,data/processed/train/genuine/original_24_23.png,1,genuine_genuine,24,24
data/processed/train/genuine/original_10_14.png,data/processed/train/genuine/original_10_7.png,1,genuine_genuine,10,10
data/processed/train/genuine/original_19_13.png,data/processed/train/forged/forgeries_19_18.png,0,skilled_forgery,19,19
data/processed/train/genuine/original_19_10.png,data/processed/train/genuine/original_19_22.png,1,genuine_genuine,19,19
data/processed/train/genuine/original_34_13.png,data/processed/train/genuine/original_34_3.png,1,genuine_genuine,34,34
data/processed/train/genuine/original_11_18.png,data/processed/train/genuine/original_11_21.png,1,genuine_genuine,11,11
data/processed/validation/genuine/original_38_6.png,data/processed/validation/forged/forgeries_38_9.png,0,skilled_forgery,38,38
data/processed/train/genuine/original_32_16.png,data/processed/train/genuine/original_32_5.png,1,genuine_genuine,32,32
data/processed/validation/genuine/original_42_4.png,data/processed/validation/genuine/original_42_9.png,1,genuine_genuine,42,42
data/processed/train/genuine/original_17_5.png,data/processed/train/genuine/original_12_14.png,0,random_forgery,17,12
data/processed/train/genuine/original_24_3.png,data/processed/train/forged/forgeries_24_13.png,0,skilled_forgery,24,24
data/processed/train/genuine/original_14_13.png,data/processed/train/forged/forgeries_14_13.png,0,skilled_forgery,14,14
data/processed/validation/genuine/original_41_7.png,data/processed/train/genuine/original_27_4.png,0,random_forgery,41,27
data/processed/train/genuine/original_22_20.png,data/processed/train/forged/forgeries_22_19.png,0,skilled_forgery,22,22
data/processed/validation/genuine/original_40_19.png,data/processed/validation/forged/forgeries_40_23.png,0,skilled_forgery,40,40
data/processed/train/genuine/original_35_12.png,data/processed/train/genuine/original_35_22.png,1,genuine_genuine,35,35
data/processed/validation/genuine/original_36_5.png,data/processed/validation/forged/forgeries_36_6.png,0,skilled_forgery,36,36
data/processed/validation/genuine/original_40_14.png,data/processed/validation/genuine/original_40_15.png,1,genuine_genuine,40,40
data/processed/train/genuine/original_28_21.png,data/processed/train/genuine/original_16_23.png,0,random_forgery,28,16
data/processed/train/genuine/original_34_14.png,data/processed/train/genuine/original_34_7.png,1,genuine_genuine,34,34
data/processed/train/genuine/original_30_4.png,data/processed/train/forged/forgeries_30_13.png,0,skilled_forgery,30,30
data/processed/train/genuine/original_34_12.png,data/processed/train/genuine/original_22_21.png,0,random_forgery,34,22
data/processed/train/genuine/original_23_7.png,data/processed/train/genuine/original_34_17.png,0,random_forgery,23,34
data/processed/train/genuine/original_12_16.png,data/processed/train/forged/forgeries_12_7.png,0,skilled_forgery,12,12
data/processed/train/genuine/original_23_1.png,data/processed/train/forged/forgeries_23_23.png,0,skilled_forgery,23,23
data/processed/validation/genuine/original_42_21.png,data/processed/validation/genuine/original_42_5.png,1,genuine_genuine,42,42
data/processed/validation/genuine/original_42_1.png,data/processed/validation/genuine/original_38_20.png,0,random_forgery,42,38
data/processed/validation/genuine/original_37_23.png,data/processed/validation/genuine/original_37_5.png,1,genuine_genuine,37,37
data/processed/train/genuine/original_15_9.png,data/processed/train/forged/forgeries_15_1.png,0,skilled_forgery,15,15
data/processed/train/genuine/original_35_7.png,data/processed/train/forged/forgeries_35_2.png,0,skilled_forgery,35,35
data/processed/train/genuine/original_32_12.png,data/processed/train/genuine/original_32_18.png,1,genuine_genuine,32,32
data/processed/train/genuine/original_13_12.png,data/processed/train/genuine/original_13_17.png,1,genuine_genuine,13,13
data/processed/train/genuine/original_25_12.png,data/processed/train/genuine/original_25_22.png,1,genuine_genuine,25,25
data/processed/train/genuine/original_11_2.png,data/processed/train/forged/forgeries_11_10.png,0,skilled_forgery,11,11
data/processed/train/genuine/original_35_4.png,data/processed/train/genuine/original_35_8.png,1,genuine_genuine,35,35
data/processed/train/genuine/original_24_6.png,data/processed/train/genuine/original_24_8.png,1,genuine_genuine,24,24
data/processed/train/genuine/original_23_22.png,data/processed/train/genuine/original_29_12.png,0,random_forgery,23,29
data/processed/train/genuine/original_16_1.png,data/processed/train/forged/forgeries_16_22.png,0,skilled_forgery,16,16
data/processed/train/genuine/original_35_23.png,data/processed/train/forged/forgeries_35_2.png,0,skilled_forgery,35,35
data/processed/train/genuine/original_12_16.png,data/processed/train/genuine/original_12_4.png,1,genuine_genuine,12,12
data/processed/train/genuine/original_23_20.png,data/processed/train/forged/forgeries_23_20.png,0,skilled_forgery,23,23
data/processed/train/genuine/original_26_15.png,data/processed/train/forged/forgeries_26_16.png,0,skilled_forgery,26,26
data/processed/train/genuine/original_28_19.png,data/processed/train/genuine/original_28_8.png,1,genuine_genuine,28,28
data/processed/train/genuine/original_16_11.png,data/processed/validation/genuine/original_39_5.png,0,random_forgery,16,39
data/processed/train/genuine/original_27_3.png,data/processed/train/genuine/original_32_10.png,0,random_forgery,27,32
data/processed/validation/genuine/original_43_1.png,data/processed/validation/forged/forgeries_43_16.png,0,skilled_forgery,43,43
data/processed/validation/genuine/original_36_16.png,data/processed/validation/genuine/original_36_3.png,1,genuine_genuine,36,36
data/processed/validation/genuine/original_38_11.png,data/processed/validation/genuine/original_38_7.png,1,genuine_genuine,38,38
data/processed/train/genuine/original_26_6.png,data/processed/train/genuine/original_20_21.png,0,random_forgery,26,20
data/processed/train/genuine/original_16_13.png,data/processed/train/genuine/original_16_5.png,1,genuine_genuine,16,16
data/processed/validation/genuine/original_40_2.png,data/processed/train/genuine/original_23_20.png,0,random_forgery,40,23
data/processed/train/genuine/original_27_16.png,data/processed/train/forged/forgeries_27_12.png,0,skilled_forgery,27,27
data/processed/validation/genuine/original_38_18.png,data/processed/validation/genuine/original_38_3.png,1,genuine_genuine,38,38
data/processed/validation/genuine/original_38_14.png,data/processed/train/genuine/original_35_3.png,0,random_forgery,38,35
data/processed/train/genuine/original_16_15.png,data/processed/train/genuine/original_16_7.png,1,genuine_genuine,16,16
data/processed/validation/genuine/original_38_21.png,data/processed/train/genuine/original_33_15.png,0,random_forgery,38,33
data/processed/validation/genuine/original_36_9.png,data/processed/validation/forged/forgeries_36_4.png,0,skilled_forgery,36,36
data/processed/validation/genuine/original_44_3.png,data/processed/validation/forged/forgeries_44_18.png,0,skilled_forgery,44,44
data/processed/train/genuine/original_31_13.png,data/processed/train/genuine/original_31_3.png,1,genuine_genuine,31,31
data/processed/train/genuine/original_26_23.png,data/processed/train/genuine/original_26_6.png,1,genuine_genuine,26,26
data/processed/train/genuine/original_24_12.png,data/processed/train/forged/forgeries_24_14.png,0,skilled_forgery,24,24
data/processed/train/genuine/original_30_18.png,data/processed/train/genuine/original_16_17.png,0,random_forgery,30,16
data/processed/validation/genuine/original_36_12.png,data/processed/validation/genuine/original_36_9.png,1,genuine_genuine,36,36
data/processed/train/genuine/original_34_9.png,data/processed/train/forged/forgeries_34_22.png,0,skilled_forgery,34,34
data/processed/train/genuine/original_19_16.png,data/processed/train/genuine/original_19_23.png,1,genuine_genuine,19,19
data/processed/validation/genuine/original_41_7.png,data/processed/validation/forged/forgeries_41_12.png,0,skilled_forgery,41,41
data/processed/validation/genuine/original_43_2.png,data/processed/validation/forged/forgeries_43_16.png,0,skilled_forgery,43,43
data/processed/validation/genuine/original_45_21.png,data/processed/validation/genuine/original_45_7.png,1,genuine_genuine,45,45
data/processed/train/genuine/original_20_4.png,data/processed/train/forged/forgeries_20_2.png,0,skilled_forgery,20,20
data/processed/train/genuine/original_10_14.png,data/processed/train/forged/forgeries_10_9.png,0,skilled_forgery,10,10
data/processed/validation/genuine/original_36_13.png,data/processed/validation/genuine/original_36_4.png,1,genuine_genuine,36,36
data/processed/train/genuine/original_35_1.png,data/processed/train/genuine/original_35_22.png,1,genuine_genuine,35,35
data/processed/train/genuine/original_14_18.png,data/processed/train/forged/forgeries_14_13.png,0,skilled_forgery,14,14
data/processed/train/genuine/original_14_24.png,data/processed/train/genuine/original_14_8.png,1,genuine_genuine,14,14
data/processed/validation/genuine/original_42_17.png,data/processed/validation/forged/forgeries_42_7.png,0,skilled_forgery,42,42
data/processed/train/genuine/original_17_3.png,data/processed/train/forged/forgeries_17_3.png,0,skilled_forgery,17,17
data/processed/train/genuine/original_16_16.png,data/processed/train/genuine/original_16_21.png,1,genuine_genuine,16,16
data/processed/train/genuine/original_12_19.png,data/processed/train/forged/forgeries_12_23.png,0,skilled_forgery,12,12
data/processed/train/genuine/original_31_20.png,data/processed/train/genuine/original_31_23.png,1,genuine_genuine,31,31
data/processed/train/genuine/original_19_22.png,data/processed/validation/genuine/original_40_7.png,0,random_forgery,19,40
data/processed/train/genuine/original_25_12.png,data/processed/train/genuine/original_25_9.png,1,genuine_genuine,25,25
data/processed/train/genuine/original_19_14.png,data/processed/train/forged/forgeries_19_7.png,0,skilled_forgery,19,19
data/processed/train/genuine/original_16_4.png,data/processed/train/genuine/original_32_7.png,0,random_forgery,16,32
data/processed/train/genuine/original_14_3.png,data/processed/train/genuine/original_14_5.png,1,genuine_genuine,14,14
data/processed/train/genuine/original_34_14.png,data/processed/train/forged/forgeries_34_20.png,0,skilled_forgery,34,34
data/processed/train/genuine/original_12_5.png,data/processed/train/genuine/original_12_8.png,1,genuine_genuine,12,12
data/processed/validation/genuine/original_38_14.png,data/processed/train/genuine/original_20_14.png,0,random_forgery,38,20
data/processed/validation/genuine/original_43_3.png,data/processed/validation/genuine/original_43_7.png,1,genuine_genuine,43,43
data/processed/train/genuine/original_28_2.png,data/processed/train/forged/forgeries_28_5.png,0,skilled_forgery,28,28
data/processed/validation/genuine/original_43_10.png,data/processed/validation/genuine/original_39_6.png,0,random_forgery,43,39
data/processed/train/genuine/original_34_3.png,data/processed/train/genuine/original_34_6.png,1,genuine_genuine,34,34
data/processed/train/genuine/original_33_5.png,data/processed/train/forged/forgeries_33_2.png,0,skilled_forgery,33,33
data/processed/train/genuine/original_31_14.png,data/processed/train/genuine/original_31_23.png,1,genuine_genuine,31,31
data/processed/train/genuine/original_27_14.png,data/processed/train/forged/forgeries_27_13.png,0,skilled_forgery,27,27
data/processed/train/genuine/original_30_15.png,data/processed/train/forged/forgeries_30_6.png,0,skilled_forgery,30,30
data/processed/train/genuine/original_28_1.png,data/processed/train/genuine/original_28_19.png,1,genuine_genuine,28,28
data/processed/validation/genuine/original_45_10.png,data/processed/validation/genuine/original_45_15.png,1,genuine_genuine,45,45
data/processed/train/genuine/original_13_17.png,data/processed/train/forged/forgeries_13_20.png,0,skilled_forgery,13,13
data/processed/train/genuine/original_30_4.png,data/processed/validation/genuine/original_43_24.png,0,random_forgery,30,43
data/processed/train/genuine/original_21_12.png,data/processed/train/genuine/original_21_7.png,1,genuine_genuine,21,21
data/processed/validation/genuine/original_36_10.png,data/processed/validation/forged/forgeries_36_14.png,0,skilled_forgery,36,36
data/processed/train/genuine/original_24_6.png,data/processed/train/forged/forgeries_24_7.png,0,skilled_forgery,24,24
data/processed/train/genuine/original_19_23.png,data/processed/train/genuine/original_19_6.png,1,genuine_genuine,19,19
data/processed/train/genuine/original_27_22.png,data/processed/train/genuine/original_27_24.png,1,genuine_genuine,27,27
data/processed/train/genuine/original_25_21.png,data/processed/train/forged/forgeries_25_10.png,0,skilled_forgery,25,25
data/processed/train/genuine/original_19_13.png,data/processed/train/genuine/original_19_23.png,1,genuine_genuine,19,19
data/processed/train/genuine/original_15_11.png,data/processed/train/forged/forgeries_15_18.png,0,skilled_forgery,15,15
data/processed/train/genuine/original_16_4.png,data/processed/train/forged/forgeries_16_15.png,0,skilled_forgery,16,16
data/processed/train/genuine/original_31_22.png,data/processed/train/forged/forgeries_31_13.png,0,skilled_forgery,31,31
data/processed/train/genuine/original_12_23.png,data/processed/train/forged/forgeries_12_13.png,0,skilled_forgery,12,12
data/processed/train/genuine/original_18_24.png,data/processed/train/genuine/original_18_9.png,1,genuine_genuine,18,18
data/processed/train/genuine/original_12_23.png,data/processed/train/genuine/original_12_24.png,1,genuine_genuine,12,12
data/processed/validation/genuine/original_42_12.png,data/processed/validation/forged/forgeries_42_4.png,0,skilled_forgery,42,42
data/processed/train/genuine/original_19_10.png,data/processed/train/genuine/original_19_8.png,1,genuine_genuine,19,19
data/processed/train/genuine/original_16_18.png,data/processed/validation/genuine/original_39_6.png,0,random_forgery,16,39
data/processed/validation/genuine/original_38_12.png,data/processed/validation/genuine/original_38_14.png,1,genuine_genuine,38,38
data/processed/train/genuine/original_28_4.png,data/processed/train/forged/forgeries_28_4.png,0,skilled_forgery,28,28
data/processed/train/genuine/original_21_10.png,data/processed/validation/genuine/original_42_2.png,0,random_forgery,21,42
data/processed/validation/genuine/original_37_15.png,data/processed/validation/forged/forgeries_37_16.png,0,skilled_forgery,37,37
data/processed/train/genuine/original_26_1.png,data/processed/train/genuine/original_26_6.png,1,genuine_genuine,26,26
data/processed/validation/genuine/original_40_15.png,data/processed/validation/genuine/original_36_10.png,0,random_forgery,40,36
data/processed/train/genuine/original_17_2.png,data/processed/train/forged/forgeries_17_21.png,0,skilled_forgery,17,17
data/processed/train/genuine/original_16_11.png,data/processed/train/genuine/original_16_17.png,1,genuine_genuine,16,16
data/processed/train/genuine/original_23_10.png,data/processed/train/genuine/original_23_6.png,1,genuine_genuine,23,23
data/processed/train/genuine/original_24_20.png,data/processed/validation/genuine/original_41_18.png,0,random_forgery,24,41
data/processed/validation/genuine/original_37_24.png,data/processed/validation/forged/forgeries_37_5.png,0,skilled_forgery,37,37
data/processed/validation/genuine/original_41_13.png,data/processed/validation/forged/forgeries_41_13.png,0,skilled_forgery,41,41
data/processed/train/genuine/original_15_10.png,data/processed/train/genuine/original_21_15.png,0,random_forgery,15,21
data/processed/validation/genuine/original_38_9.png,data/processed/train/genuine/original_11_24.png,0,random_forgery,38,11
data/processed/validation/genuine/original_36_20.png,data/processed/validation/genuine/original_36_21.png,1,genuine_genuine,36,36
data/processed/train/genuine/original_17_11.png,data/processed/train/forged/forgeries_17_1.png,0,skilled_forgery,17,17
data/processed/train/genuine/original_26_4.png,data/processed/train/forged/forgeries_26_14.png,0,skilled_forgery,26,26
data/processed/train/genuine/original_26_7.png,data/processed/train/forged/forgeries_26_9.png,0,skilled_forgery,26,26
data/processed/train/genuine/original_22_21.png,data/processed/train/forged/forgeries_22_24.png,0,skilled_forgery,22,22
data/processed/train/genuine/original_14_10.png,data/processed/train/forged/forgeries_14_3.png,0,skilled_forgery,14,14
data/processed/train/genuine/original_34_2.png,data/processed/train/genuine/original_34_3.png,1,genuine_genuine,34,34
data/processed/train/genuine/original_31_11.png,data/processed/train/forged/forgeries_31_3.png,0,skilled_forgery,31,31
data/processed/train/genuine/original_13_12.png,data/processed/train/forged/forgeries_13_4.png,0,skilled_forgery,13,13
data/processed/validation/genuine/original_45_3.png,data/processed/train/genuine/original_35_13.png,0,random_forgery,45,35
data/processed/train/genuine/original_15_14.png,data/processed/train/forged/forgeries_15_4.png,0,skilled_forgery,15,15
data/processed/validation/genuine/original_43_12.png,data/processed/validation/genuine/original_43_19.png,1,genuine_genuine,43,43
data/processed/train/genuine/original_26_1.png,data/processed/train/genuine/original_26_18.png,1,genuine_genuine,26,26
data/processed/train/genuine/original_24_13.png,data/processed/validation/genuine/original_36_9.png,0,random_forgery,24,36
data/processed/validation/genuine/original_36_17.png,data/processed/validation/forged/forgeries_36_13.png,0,skilled_forgery,36,36
data/processed/train/genuine/original_35_15.png,data/processed/validation/genuine/original_37_10.png,0,random_forgery,35,37
data/processed/train/genuine/original_20_13.png,data/processed/train/forged/forgeries_20_6.png,0,skilled_forgery,20,20
data/processed/train/genuine/original_15_11.png,data/processed/train/genuine/original_15_24.png,1,genuine_genuine,15,15
data/processed/train/genuine/original_23_2.png,data/processed/train/genuine/original_23_6.png,1,genuine_genuine,23,23
data/processed/train/genuine/original_15_2.png,data/processed/validation/genuine/original_43_20.png,0,random_forgery,15,43
data/processed/train/genuine/original_26_16.png,data/processed/train/genuine/original_26_23.png,1,genuine_genuine,26,26
data/processed/train/genuine/original_28_12.png,data/processed/train/genuine/original_28_16.png,1,genuine_genuine,28,28
data/processed/validation/genuine/original_37_21.png,data/processed/validation/genuine/original_44_1.png,0,random_forgery,37,44
data/processed/train/genuine/original_24_17.png,data/processed/train/forged/forgeries_24_5.png,0,skilled_forgery,24,24
data/processed/train/genuine/original_32_20.png,data/processed/train/genuine/original_32_6.png,1,genuine_genuine,32,32
data/processed/train/genuine/original_25_22.png,data/processed/train/forged/forgeries_25_14.png,0,skilled_forgery,25,25
data/processed/train/genuine/original_34_13.png,data/processed/train/genuine/original_20_6.png,0,random_forgery,34,20
data/processed/train/genuine/original_10_16.png,data/processed/train/forged/forgeries_10_5.png,0,skilled_forgery,10,10
data/processed/validation/genuine/original_45_1.png,data/processed/validation/forged/forgeries_45_14.png,0,skilled_forgery,45,45
data/processed/train/genuine/original_27_24.png,data/processed/train/genuine/original_28_1.png,0,random_forgery,27,28
data/processed/train/genuine/original_34_4.png,data/processed/train/forged/forgeries_34_12.png,0,skilled_forgery,34,34
data/processed/train/genuine/original_23_13.png,data/processed/validation/genuine/original_38_1.png,0,random_forgery,23,38
data/processed/train/genuine/original_13_7.png,data/processed/train/forged/forgeries_13_21.png,0,skilled_forgery,13,13
data/processed/train/genuine/original_19_17.png,data/processed/train/genuine/original_19_2.png,1,genuine_genuine,19,19
data/processed/train/genuine/original_22_19.png,data/processed/train/forged/forgeries_22_4.png,0,skilled_forgery,22,22
data/processed/train/genuine/original_31_5.png,data/processed/train/genuine/original_11_19.png,0,random_forgery,31,11
data/processed/train/genuine/original_30_1.png,data/processed/train/genuine/original_20_16.png,0,random_forgery,30,20
data/processed/train/genuine/original_11_24.png,data/processed/train/genuine/original_16_2.png,0,random_forgery,11,16
data/processed/validation/genuine/original_38_24.png,data/processed/validation/forged/forgeries_38_12.png,0,skilled_forgery,38,38
data/processed/validation/genuine/original_41_2.png,data/processed/validation/forged/forgeries_41_10.png,0,skilled_forgery,41,41
data/processed/validation/genuine/original_44_21.png,data/processed/validation/forged/forgeries_44_1.png,0,skilled_forgery,44,44
data/processed/train/genuine/original_32_3.png,data/processed/train/genuine/original_32_5.png,1,genuine_genuine,32,32
data/processed/train/genuine/original_16_20.png,data/processed/validation/genuine/original_39_18.png,0,random_forgery,16,39
data/processed/validation/genuine/original_42_5.png,data/processed/validation/forged/forgeries_42_19.png,0,skilled_forgery,42,42
data/processed/validation/genuine/original_39_19.png,data/processed/train/genuine/original_16_22.png,0,random_forgery,39,16
data/processed/train/genuine/original_12_1.png,data/processed/validation/genuine/original_37_1.png,0,random_forgery,12,37
data/processed/validation/genuine/original_41_4.png,data/processed/validation/genuine/original_41_9.png,1,genuine_genuine,41,41
data/processed/train/genuine/original_29_15.png,data/processed/train/forged/forgeries_29_13.png,0,skilled_forgery,29,29
data/processed/validation/genuine/original_36_7.png,data/processed/train/genuine/original_12_13.png,0,random_forgery,36,12
data/processed/validation/genuine/original_39_6.png,data/processed/validation/forged/forgeries_39_19.png,0,skilled_forgery,39,39
data/processed/train/genuine/original_34_6.png,data/processed/validation/genuine/original_44_8.png,0,random_forgery,34,44
data/processed/train/genuine/original_24_14.png,data/processed/train/forged/forgeries_24_5.png,0,skilled_forgery,24,24
data/processed/validation/genuine/original_45_1.png,data/processed/validation/genuine/original_45_9.png,1,genuine_genuine,45,45
data/processed/train/genuine/original_21_2.png,data/processed/train/forged/forgeries_21_22.png,0,skilled_forgery,21,21
data/processed/validation/genuine/original_38_1.png,data/processed/validation/genuine/original_38_8.png,1,genuine_genuine,38,38
data/processed/train/genuine/original_28_7.png,data/processed/train/genuine/original_32_4.png,0,random_forgery,28,32
data/processed/train/genuine/original_27_10.png,data/processed/train/genuine/original_27_17.png,1,genuine_genuine,27,27
data/processed/train/genuine/original_29_8.png,data/processed/train/genuine/original_29_9.png,1,genuine_genuine,29,29
data/processed/train/genuine/original_30_7.png,data/processed/train/forged/forgeries_30_10.png,0,skilled_forgery,30,30
data/processed/validation/genuine/original_42_20.png,data/processed/train/genuine/original_11_2.png,0,random_forgery,42,11
data/processed/train/genuine/original_20_19.png,data/processed/train/forged/forgeries_20_9.png,0,skilled_forgery,20,20
data/processed/validation/genuine/original_43_12.png,data/processed/validation/genuine/original_43_3.png,1,genuine_genuine,43,43
data/processed/train/genuine/original_35_11.png,data/processed/train/genuine/original_35_2.png,1,genuine_genuine,35,35
data/processed/train/genuine/original_17_16.png,data/processed/validation/genuine/original_39_4.png,0,random_forgery,17,39
data/processed/train/genuine/original_30_13.png,data/processed/train/genuine/original_30_23.png,1,genuine_genuine,30,30
data/processed/train/genuine/original_15_17.png,data/processed/train/forged/forgeries_15_18.png,0,skilled_forgery,15,15
data/processed/train/genuine/original_23_10.png,data/processed/validation/genuine/original_39_2.png,0,random_forgery,23,39
data/processed/validation/genuine/original_41_9.png,data/processed/validation/forged/forgeries_41_11.png,0,skilled_forgery,41,41
data/processed/train/genuine/original_24_2.png,data/processed/train/genuine/original_32_3.png,0,random_forgery,24,32
data/processed/train/genuine/original_22_12.png,data/processed/train/forged/forgeries_22_18.png,0,skilled_forgery,22,22
data/processed/validation/genuine/original_39_23.png,data/processed/train/genuine/original_14_6.png,0,random_forgery,39,14
data/processed/train/genuine/original_27_20.png,data/processed/train/genuine/original_27_9.png,1,genuine_genuine,27,27
data/processed/train/genuine/original_13_13.png,data/processed/train/genuine/original_13_14.png,1,genuine_genuine,13,13
data/processed/train/genuine/original_24_11.png,data/processed/train/genuine/original_24_24.png,1,genuine_genuine,24,24
data/processed/train/genuine/original_26_23.png,data/processed/train/forged/forgeries_26_6.png,0,skilled_forgery,26,26
data/processed/train/genuine/original_13_23.png,data/processed/train/forged/forgeries_13_13.png,0,skilled_forgery,13,13
data/processed/train/genuine/original_12_19.png,data/processed/train/genuine/original_12_9.png,1,genuine_genuine,12,12
data/processed/train/genuine/original_25_22.png,data/processed/train/forged/forgeries_25_4.png,0,skilled_forgery,25,25
data/processed/train/genuine/original_17_12.png,data/processed/train/forged/forgeries_17_5.png,0,skilled_forgery,17,17
data/processed/validation/genuine/original_38_23.png,data/processed/validation/forged/forgeries_38_8.png,0,skilled_forgery,38,38
data/processed/train/genuine/original_14_11.png,data/processed/train/genuine/original_14_24.png,1,genuine_genuine,14,14
data/processed/train/genuine/original_26_15.png,data/processed/train/genuine/original_26_2.png,1,genuine_genuine,26,26
data/processed/train/genuine/original_29_15.png,data/processed/train/genuine/original_27_9.png,0,random_forgery,29,27
data/processed/train/genuine/original_13_19.png,data/processed/train/genuine/original_13_6.png,1,genuine_genuine,13,13
data/processed/train/genuine/original_10_7.png,data/processed/train/forged/forgeries_10_23.png,0,skilled_forgery,10,10
data/processed/train/genuine/original_12_2.png,data/processed/train/genuine/original_12_22.png,1,genuine_genuine,12,12
data/processed/train/genuine/original_25_12.png,data/processed/train/genuine/original_25_7.png,1,genuine_genuine,25,25
data/processed/train/genuine/original_18_1.png,data/processed/train/genuine/original_18_15.png,1,genuine_genuine,18,18
data/processed/validation/genuine/original_45_18.png,data/processed/validation/forged/forgeries_45_11.png,0,skilled_forgery,45,45
data/processed/train/genuine/original_30_17.png,data/processed/validation/genuine/original_37_18.png,0,random_forgery,30,37
data/processed/train/genuine/original_24_17.png,data/processed/train/genuine/original_24_8.png,1,genuine_genuine,24,24
data/processed/validation/genuine/original_43_21.png,data/processed/validation/forged/forgeries_43_12.png,0,skilled_forgery,43,43
data/processed/train/genuine/original_20_16.png,data/processed/train/genuine/original_20_22.png,1,genuine_genuine,20,20
data/processed/train/genuine/original_13_21.png,data/processed/train/forged/forgeries_13_24.png,0,skilled_forgery,13,13
data/processed/train/genuine/original_22_24.png,data/processed/train/forged/forgeries_22_21.png,0,skilled_forgery,22,22
data/processed/train/genuine/original_29_1.png,data/processed/train/genuine/original_21_14.png,0,random_forgery,29,21
data/processed/train/genuine/original_26_10.png,data/processed/train/genuine/original_14_21.png,0,random_forgery,26,14
data/processed/validation/genuine/original_38_2.png,data/processed/validation/forged/forgeries_38_16.png,0,skilled_forgery,38,38
data/processed/train/genuine/original_30_13.png,data/processed/train/forged/forgeries_30_10.png,0,skilled_forgery,30,30
data/processed/train/genuine/original_22_23.png,data/processed/train/genuine/original_22_8.png,1,genuine_genuine,22,22
data/processed/train/genuine/original_31_13.png,data/processed/train/genuine/original_27_8.png,0,random_forgery,31,27
data/processed/train/genuine/original_15_10.png,data/processed/train/genuine/original_15_19.png,1,genuine_genuine,15,15
data/processed/train/genuine/original_29_4.png,data/processed/train/forged/forgeries_29_9.png,0,skilled_forgery,29,29
data/processed/validation/genuine/original_36_21.png,data/processed/validation/genuine/original_36_5.png,1,genuine_genuine,36,36
data/processed/validation/genuine/original_37_21.png,data/processed/validation/forged/forgeries_37_22.png,0,skilled_forgery,37,37
data/processed/validation/genuine/original_36_20.png,data/processed/train/genuine/original_31_20.png,0,random_forgery,36,31
data/processed/validation/genuine/original_38_19.png,data/processed/validation/forged/forgeries_38_17.png,0,skilled_forgery,38,38
data/processed/train/genuine/original_27_22.png,data/processed/train/genuine/original_27_3.png,1,genuine_genuine,27,27
data/processed/train/genuine/original_23_7.png,data/processed/train/forged/forgeries_23_5.png,0,skilled_forgery,23,23
data/processed/train/genuine/original_35_16.png,data/processed/train/genuine/original_35_5.png,1,genuine_genuine,35,35
data/processed/train/genuine/original_30_2.png,data/processed/train/genuine/original_30_7.png,1,genuine_genuine,30,30
data/processed/train/genuine/original_17_17.png,data/processed/train/genuine/original_18_13.png,0,random_forgery,17,18
data/processed/train/genuine/original_22_23.png,data/processed/train/genuine/original_22_24.png,1,genuine_genuine,22,22
data/processed/train/genuine/original_28_3.png,data/processed/train/forged/forgeries_28_23.png,0,skilled_forgery,28,28
data/processed/validation/genuine/original_45_13.png,data/processed/validation/genuine/original_45_8.png,1,genuine_genuine,45,45
data/processed/train/genuine/original_18_11.png,data/processed/train/genuine/original_18_6.png,1,genuine_genuine,18,18
data/processed/train/genuine/original_14_5.png,data/processed/train/genuine/original_14_9.png,1,genuine_genuine,14,14
data/processed/train/genuine/original_27_10.png,data/processed/train/forged/forgeries_27_24.png,0,skilled_forgery,27,27
data/processed/validation/genuine/original_41_6.png,data/processed/validation/forged/forgeries_41_12.png,0,skilled_forgery,41,41
data/processed/train/genuine/original_14_12.png,data/processed/train/genuine/original_14_19.png,1,genuine_genuine,14,14
data/processed/train/genuine/original_32_1.png,data/processed/train/genuine/original_18_24.png,0,random_forgery,32,18
data/processed/validation/genuine/original_42_12.png,data/processed/validation/genuine/original_42_24.png,1,genuine_genuine,42,42
data/processed/validation/genuine/original_39_10.png,data/processed/validation/genuine/original_39_6.png,1,genuine_genuine,39,39
data/processed/train/genuine/original_11_12.png,data/processed/train/forged/forgeries_11_20.png,0,skilled_forgery,11,11
data/processed/train/genuine/original_24_18.png,data/processed/train/genuine/original_24_5.png,1,genuine_genuine,24,24
data/processed/train/genuine/original_25_11.png,data/processed/train/genuine/original_25_16.png,1,genuine_genuine,25,25
data/processed/train/genuine/original_33_7.png,data/processed/train/genuine/original_33_9.png,1,genuine_genuine,33,33
data/processed/train/genuine/original_16_21.png,data/processed/train/forged/forgeries_16_14.png,0,skilled_forgery,16,16
data/processed/train/genuine/original_15_22.png,data/processed/train/genuine/original_15_6.png,1,genuine_genuine,15,15
data/processed/train/genuine/original_24_12.png,data/processed/train/genuine/original_24_18.png,1,genuine_genuine,24,24
data/processed/train/genuine/original_18_10.png,data/processed/train/genuine/original_18_17.png,1,genuine_genuine,18,18
data/processed/train/genuine/original_22_12.png,data/processed/train/genuine/original_22_4.png,1,genuine_genuine,22,22
data/processed/train/genuine/original_28_19.png,data/processed/train/forged/forgeries_28_9.png,0,skilled_forgery,28,28
data/processed/train/genuine/original_26_24.png,data/processed/train/genuine/original_26_4.png,1,genuine_genuine,26,26
data/processed/validation/genuine/original_43_17.png,data/processed/validation/genuine/original_43_18.png,1,genuine_genuine,43,43
data/processed/validation/genuine/original_39_12.png,data/processed/validation/genuine/original_39_21.png,1,genuine_genuine,39,39
data/processed/validation/genuine/original_39_15.png,data/processed/validation/genuine/original_39_23.png,1,genuine_genuine,39,39
data/processed/train/genuine/original_20_15.png,data/processed/train/genuine/original_20_23.png,1,genuine_genuine,20,20
data/processed/train/genuine/original_32_23.png,data/processed/train/genuine/original_32_3.png,1,genuine_genuine,32,32
data/processed/validation/genuine/original_45_13.png,data/processed/validation/genuine/original_45_15.png,1,genuine_genuine,45,45
data/processed/validation/genuine/original_37_12.png,data/processed/validation/genuine/original_37_23.png,1,genuine_genuine,37,37
data/processed/train/genuine/original_18_15.png,data/processed/train/genuine/original_18_7.png,1,genuine_genuine,18,18
data/processed/train/genuine/original_33_10.png,data/processed/train/genuine/original_33_9.png,1,genuine_genuine,33,33
data/processed/validation/genuine/original_42_20.png,data/processed/validation/genuine/original_42_4.png,1,genuine_genuine,42,42
data/processed/train/genuine/original_22_3.png,data/processed/train/genuine/original_22_8.png,1,genuine_genuine,22,22
data/processed/validation/genuine/original_43_14.png,data/processed/validation/genuine/original_43_8.png,1,genuine_genuine,43,43
data/processed/train/genuine/original_21_16.png,data/processed/train/genuine/original_21_22.png,1,genuine_genuine,21,21
data/processed/train/genuine/original_24_7.png,data/processed/train/forged/forgeries_24_11.png,0,skilled_forgery,24,24
data/processed/validation/genuine/original_36_14.png,data/processed/validation/forged/forgeries_36_17.png,0,skilled_forgery,36,36
data/processed/validation/genuine/original_44_24.png,data/processed/validation/genuine/original_44_4.png,1,genuine_genuine,44,44
data/processed/train/genuine/original_25_13.png,data/processed/train/genuine/original_25_5.png,1,genuine_genuine,25,25
data/processed/train/genuine/original_35_13.png,data/processed/train/genuine/original_35_24.png,1,genuine_genuine,35,35
data/processed/validation/genuine/original_39_5.png,data/processed/validation/genuine/original_39_6.png,1,genuine_genuine,39,39
data/processed/train/genuine/original_20_20.png,data/processed/train/forged/forgeries_20_11.png,0,skilled_forgery,20,20
data/processed/train/genuine/original_35_12.png,data/processed/train/forged/forgeries_35_21.png,0,skilled_forgery,35,35
data/processed/train/genuine/original_25_19.png,data/processed/train/forged/forgeries_25_6.png,0,skilled_forgery,25,25
data/processed/train/genuine/original_35_3.png,data/processed/train/genuine/original_26_3.png,0,random_forgery,35,26
data/processed/validation/genuine/original_43_16.png,data/processed/train/genuine/original_20_15.png,0,random_forgery,43,20
data/processed/train/genuine/original_30_14.png,data/processed/train/genuine/original_30_23.png,1,genuine_genuine,30,30
data/processed/train/genuine/original_26_18.png,data/processed/train/forged/forgeries_26_15.png,0,skilled_forgery,26,26
data/processed/train/genuine/original_23_22.png,data/processed/train/forged/forgeries_23_17.png,0,skilled_forgery,23,23
data/processed/train/genuine/original_35_19.png,data/processed/train/genuine/original_35_5.png,1,genuine_genuine,35,35
data/processed/train/genuine/original_27_7.png,data/processed/train/forged/forgeries_27_9.png,0,skilled_forgery,27,27
data/processed/train/genuine/original_18_13.png,data/processed/train/genuine/original_18_16.png,1,genuine_genuine,18,18
data/processed/train/genuine/original_31_13.png,data/processed/train/genuine/original_31_17.png,1,genuine_genuine,31,31
data/processed/train/genuine/original_25_5.png,data/processed/train/forged/forgeries_25_4.png,0,skilled_forgery,25,25
data/processed/train/genuine/original_21_20.png,data/processed/train/genuine/original_21_5.png,1,genuine_genuine,21,21
data/processed/train/genuine/original_12_4.png,data/processed/train/genuine/original_35_16.png,0,random_forgery,12,35
data/processed/train/genuine/original_17_22.png,data/processed/train/genuine/original_17_23.png,1,genuine_genuine,17,17
data/processed/train/genuine/original_33_3.png,data/processed/train/genuine/original_29_24.png,0,random_forgery,33,29
data/processed/train/genuine/original_30_16.png,data/processed/train/genuine/original_30_3.png,1,genuine_genuine,30,30
data/processed/validation/genuine/original_36_6.png,data/processed/validation/forged/forgeries_36_15.png,0,skilled_forgery,36,36
data/processed/train/genuine/original_26_4.png,data/processed/train/forged/forgeries_26_6.png,0,skilled_forgery,26,26
data/processed/train/genuine/original_34_12.png,data/processed/validation/genuine/original_42_24.png,0,random_forgery,34,42
data/processed/train/genuine/original_32_5.png,data/processed/train/genuine/original_26_21.png,0,random_forgery,32,26
data/processed/train/genuine/original_28_13.png,data/processed/train/genuine/original_28_23.png,1,genuine_genuine,28,28
data/processed/train/genuine/original_12_15.png,data/processed/train/forged/forgeries_12_20.png,0,skilled_forgery,12,12
data/processed/validation/genuine/original_36_4.png,data/processed/validation/genuine/original_36_6.png,1,genuine_genuine,36,36
data/processed/validation/genuine/original_36_17.png,data/processed/validation/genuine/original_36_6.png,1,genuine_genuine,36,36
data/processed/train/genuine/original_24_10.png,data/processed/train/genuine/original_24_24.png,1,genuine_genuine,24,24
data/processed/train/genuine/original_12_20.png,data/processed/train/forged/forgeries_12_22.png,0,skilled_forgery,12,12
data/processed/train/genuine/original_33_10.png,data/processed/train/forged/forgeries_33_3.png,0,skilled_forgery,33,33
data/processed/train/genuine/original_15_13.png,data/processed/train/genuine/original_15_20.png,1,genuine_genuine,15,15
data/processed/train/genuine/original_18_20.png,data/processed/train/genuine/original_18_24.png,1,genuine_genuine,18,18
data/processed/train/genuine/original_15_13.png,data/processed/train/genuine/original_15_14.png,1,genuine_genuine,15,15
data/processed/train/genuine/original_19_1.png,data/processed/train/forged/forgeries_19_23.png,0,skilled_forgery,19,19
data/processed/train/genuine/original_15_21.png,data/processed/train/forged/forgeries_15_22.png,0,skilled_forgery,15,15
data/processed/train/genuine/original_24_20.png,data/processed/train/genuine/original_24_3.png,1,genuine_genuine,24,24
data/processed/validation/genuine/original_39_15.png,data/processed/validation/forged/forgeries_39_2.png,0,skilled_forgery,39,39
data/processed/train/genuine/original_10_19.png,data/processed/train/forged/forgeries_10_18.png,0,skilled_forgery,10,10
data/processed/train/genuine/original_13_23.png,data/processed/train/forged/forgeries_13_20.png,0,skilled_forgery,13,13
data/processed/validation/genuine/original_45_3.png,data/processed/validation/genuine/original_45_7.png,1,genuine_genuine,45,45
data/processed/validation/genuine/original_40_21.png,data/processed/validation/genuine/original_40_4.png,1,genuine_genuine,40,40
data/processed/train/genuine/original_35_16.png,data/processed/validation/genuine/original_45_8.png,0,random_forgery,35,45
data/processed/train/genuine/original_28_21.png,data/processed/train/genuine/original_28_8.png,1,genuine_genuine,28,28
data/processed/validation/genuine/original_39_5.png,data/processed/validation/forged/forgeries_39_8.png,0,skilled_forgery,39,39
data/processed/train/genuine/original_14_1.png,data/processed/train/genuine/original_14_4.png,1,genuine_genuine,14,14
data/processed/train/genuine/original_10_17.png,data/processed/train/forged/forgeries_10_19.png,0,skilled_forgery,10,10
data/processed/train/genuine/original_33_21.png,data/processed/train/forged/forgeries_33_13.png,0,skilled_forgery,33,33
data/processed/validation/genuine/original_44_19.png,data/processed/validation/genuine/original_44_21.png,1,genuine_genuine,44,44
data/processed/validation/genuine/original_44_11.png,data/processed/validation/genuine/original_44_20.png,1,genuine_genuine,44,44
data/processed/validation/genuine/original_45_10.png,data/processed/validation/forged/forgeries_45_16.png,0,skilled_forgery,45,45
data/processed/train/genuine/original_13_3.png,data/processed/train/genuine/original_13_6.png,1,genuine_genuine,13,13
data/processed/train/genuine/original_32_16.png,data/processed/train/genuine/original_32_7.png,1,genuine_genuine,32,32
data/processed/train/genuine/original_31_7.png,data/processed/train/genuine/original_17_24.png,0,random_forgery,31,17
data/processed/train/genuine/original_30_12.png,data/processed/train/forged/forgeries_30_8.png,0,skilled_forgery,30,30
data/processed/train/genuine/original_14_8.png,data/processed/train/genuine/original_34_22.png,0,random_forgery,14,34
data/processed/train/genuine/original_14_20.png,data/processed/train/genuine/original_14_21.png,1,genuine_genuine,14,14
data/processed/train/genuine/original_34_15.png,data/processed/train/genuine/original_34_18.png,1,genuine_genuine,34,34
data/processed/validation/genuine/original_36_14.png,data/processed/validation/forged/forgeries_36_13.png,0,skilled_forgery,36,36
data/processed/validation/genuine/original_36_15.png,data/processed/validation/genuine/original_36_7.png,1,genuine_genuine,36,36
data/processed/train/genuine/original_10_19.png,data/processed/train/genuine/original_10_3.png,1,genuine_genuine,10,10
data/processed/train/genuine/original_25_13.png,data/processed/train/genuine/original_25_15.png,1,genuine_genuine,25,25
data/processed/validation/genuine/original_38_15.png,data/processed/validation/genuine/original_38_6.png,1,genuine_genuine,38,38
data/processed/train/genuine/original_25_13.png,data/processed/train/forged/forgeries_25_21.png,0,skilled_forgery,25,25
data/processed/validation/genuine/original_42_13.png,data/processed/validation/genuine/original_42_14.png,1,genuine_genuine,42,42
data/processed/train/genuine/original_23_1.png,data/processed/train/genuine/original_23_21.png,1,genuine_genuine,23,23
data/processed/train/genuine/original_22_15.png,data/processed/train/genuine/original_22_3.png,1,genuine_genuine,22,22
data/processed/train/genuine/original_35_12.png,data/processed/train/genuine/original_31_15.png,0,random_forgery,35,31
data/processed/train/genuine/original_29_18.png,data/processed/train/genuine/original_29_4.png,1,genuine_genuine,29,29
data/processed/train/genuine/original_34_4.png,data/processed/train/forged/forgeries_34_15.png,0,skilled_forgery,34,34
data/processed/train/genuine/original_33_6.png,data/processed/train/genuine/original_24_13.png,0,random_forgery,33,24
data/processed/train/genuine/original_18_18.png,data/processed/train/forged/forgeries_18_8.png,0,skilled_forgery,18,18
data/processed/validation/genuine/original_42_5.png,data/processed/validation/genuine/original_42_8.png,1,genuine_genuine,42,42
data/processed/validation/genuine/original_42_1.png,data/processed/validation/genuine/original_42_3.png,1,genuine_genuine,42,42
data/processed/validation/genuine/original_41_19.png,data/processed/validation/genuine/original_41_3.png,1,genuine_genuine,41,41
data/processed/train/genuine/original_15_22.png,data/processed/train/forged/forgeries_15_1.png,0,skilled_forgery,15,15
data/processed/train/genuine/original_26_11.png,data/processed/train/genuine/original_26_15.png,1,genuine_genuine,26,26
data/processed/train/genuine/original_12_19.png,data/processed/validation/genuine/original_41_15.png,0,random_forgery,12,41
data/processed/train/genuine/original_28_14.png,data/processed/train/genuine/original_16_13.png,0,random_forgery,28,16
data/processed/train/genuine/original_28_17.png,data/processed/train/forged/forgeries_28_22.png,0,skilled_forgery,28,28
data/processed/train/genuine/original_30_11.png,data/processed/train/forged/forgeries_30_14.png,0,skilled_forgery,30,30
data/processed/train/genuine/original_14_15.png,data/processed/train/genuine/original_14_21.png,1,genuine_genuine,14,14
data/processed/train/genuine/original_19_4.png,data/processed/train/genuine/original_34_18.png,0,random_forgery,19,34
data/processed/train/genuine/original_23_14.png,data/processed/train/genuine/original_11_13.png,0,random_forgery,23,11
data/processed/validation/genuine/original_39_18.png,data/processed/validation/forged/forgeries_39_18.png,0,skilled_forgery,39,39
data/processed/train/genuine/original_34_8.png,data/processed/train/forged/forgeries_34_17.png,0,skilled_forgery,34,34
data/processed/validation/genuine/original_36_16.png,data/processed/validation/genuine/original_36_7.png,1,genuine_genuine,36,36
data/processed/train/genuine/original_15_3.png,data/processed/validation/genuine/original_41_10.png,0,random_forgery,15,41
data/processed/validation/genuine/original_43_18.png,data/processed/validation/genuine/original_43_8.png,1,genuine_genuine,43,43
data/processed/validation/genuine/original_40_16.png,data/processed/validation/genuine/original_40_24.png,1,genuine_genuine,40,40
data/processed/train/genuine/original_14_1.png,data/processed/train/genuine/original_13_6.png,0,random_forgery,14,13
data/processed/train/genuine/original_23_23.png,data/processed/train/forged/forgeries_23_3.png,0,skilled_forgery,23,23
data/processed/train/genuine/original_32_19.png,data/processed/train/genuine/original_32_8.png,1,genuine_genuine,32,32
data/processed/validation/genuine/original_43_10.png,data/processed/validation/genuine/original_43_6.png,1,genuine_genuine,43,43
data/processed/train/genuine/original_29_1.png,data/processed/train/genuine/original_29_9.png,1,genuine_genuine,29,29
data/processed/train/genuine/original_21_1.png,data/processed/validation/genuine/original_36_5.png,0,random_forgery,21,36
data/processed/train/genuine/original_30_23.png,data/processed/train/forged/forgeries_30_12.png,0,skilled_forgery,30,30
data/processed/train/genuine/original_33_5.png,data/processed/train/genuine/original_18_17.png,0,random_forgery,33,18
data/processed/train/genuine/original_30_6.png,data/processed/train/forged/forgeries_30_15.png,0,skilled_forgery,30,30
data/processed/train/genuine/original_24_14.png,data/processed/train/forged/forgeries_24_18.png,0,skilled_forgery,24,24
data/processed/validation/genuine/original_38_12.png,data/processed/validation/genuine/original_38_24.png,1,genuine_genuine,38,38
data/processed/train/genuine/original_12_9.png,data/processed/train/forged/forgeries_12_10.png,0,skilled_forgery,12,12
data/processed/train/genuine/original_22_19.png,data/processed/train/genuine/original_22_9.png,1,genuine_genuine,22,22
data/processed/train/genuine/original_35_21.png,data/processed/train/genuine/original_35_8.png,1,genuine_genuine,35,35
data/processed/train/genuine/original_19_19.png,data/processed/train/genuine/original_19_8.png,1,genuine_genuine,19,19
data/processed/validation/genuine/original_39_8.png,data/processed/train/genuine/original_10_23.png,0,random_forgery,39,10
data/processed/train/genuine/original_12_18.png,data/processed/train/forged/forgeries_12_10.png,0,skilled_forgery,12,12
data/processed/train/genuine/original_24_13.png,data/processed/train/genuine/original_24_6.png,1,genuine_genuine,24,24
data/processed/validation/genuine/original_39_11.png,data/processed/validation/genuine/original_39_7.png,1,genuine_genuine,39,39
data/processed/validation/genuine/original_37_10.png,data/processed/train/genuine/original_27_1.png,0,random_forgery,37,27
data/processed/train/genuine/original_31_18.png,data/processed/train/forged/forgeries_31_10.png,0,skilled_forgery,31,31
data/processed/train/genuine/original_25_20.png,data/processed/validation/genuine/original_45_16.png,0,random_forgery,25,45
data/processed/train/genuine/original_13_21.png,data/processed/train/genuine/original_31_12.png,0,random_forgery,13,31
data/processed/train/genuine/original_30_4.png,data/processed/train/genuine/original_30_6.png,1,genuine_genuine,30,30
data/processed/train/genuine/original_17_1.png,data/processed/train/genuine/original_17_24.png,1,genuine_genuine,17,17
data/processed/train/genuine/original_22_13.png,data/processed/train/forged/forgeries_22_21.png,0,skilled_forgery,22,22
data/processed/train/genuine/original_10_23.png,data/processed/train/forged/forgeries_10_21.png,0,skilled_forgery,10,10
data/processed/train/genuine/original_25_19.png,data/processed/train/genuine/original_25_20.png,1,genuine_genuine,25,25
data/processed/train/genuine/original_18_16.png,data/processed/train/genuine/original_18_6.png,1,genuine_genuine,18,18
data/processed/train/genuine/original_24_8.png,data/processed/train/forged/forgeries_24_22.png,0,skilled_forgery,24,24
data/processed/validation/genuine/original_45_18.png,data/processed/validation/forged/forgeries_45_19.png,0,skilled_forgery,45,45
data/processed/train/genuine/original_33_16.png,data/processed/train/forged/forgeries_33_15.png,0,skilled_forgery,33,33
data/processed/train/genuine/original_29_18.png,data/processed/train/genuine/original_29_7.png,1,genuine_genuine,29,29
data/processed/train/genuine/original_23_9.png,data/processed/train/forged/forgeries_23_3.png,0,skilled_forgery,23,23
data/processed/train/genuine/original_19_18.png,data/processed/train/genuine/original_19_20.png,1,genuine_genuine,19,19
data/processed/validation/genuine/original_37_12.png,data/processed/validation/genuine/original_37_20.png,1,genuine_genuine,37,37
data/processed/train/genuine/original_12_18.png,data/processed/train/genuine/original_31_20.png,0,random_forgery,12,31
data/processed/validation/genuine/original_43_2.png,data/processed/validation/forged/forgeries_43_7.png,0,skilled_forgery,43,43
data/processed/validation/genuine/original_39_1.png,data/processed/validation/genuine/original_39_22.png,1,genuine_genuine,39,39
data/processed/train/genuine/original_19_5.png,data/processed/train/genuine/original_19_7.png,1,genuine_genuine,19,19
data/processed/train/genuine/original_20_17.png,data/processed/train/genuine/original_20_8.png,1,genuine_genuine,20,20
data/processed/train/genuine/original_10_20.png,data/processed/train/forged/forgeries_10_14.png,0,skilled_forgery,10,10
data/processed/train/genuine/original_26_18.png,data/processed/validation/genuine/original_42_16.png,0,random_forgery,26,42
data/processed/train/genuine/original_26_9.png,data/processed/train/forged/forgeries_26_14.png,0,skilled_forgery,26,26
data/processed/validation/genuine/original_45_7.png,data/processed/train/genuine/original_29_19.png,0,random_forgery,45,29
data/processed/validation/genuine/original_40_19.png,data/processed/validation/forged/forgeries_40_3.png,0,skilled_forgery,40,40
data/processed/train/genuine/original_24_1.png,data/processed/train/genuine/original_26_10.png,0,random_forgery,24,26
data/processed/train/genuine/original_14_19.png,data/processed/validation/genuine/original_39_12.png,0,random_forgery,14,39
data/processed/train/genuine/original_21_6.png,data/processed/train/forged/forgeries_21_5.png,0,skilled_forgery,21,21
data/processed/train/genuine/original_10_7.png,data/processed/train/genuine/original_15_16.png,0,random_forgery,10,15
data/processed/train/genuine/original_15_12.png,data/processed/train/forged/forgeries_15_16.png,0,skilled_forgery,15,15
data/processed/train/genuine/original_35_1.png,data/processed/train/genuine/original_35_2.png,1,genuine_genuine,35,35
data/processed/train/genuine/original_13_2.png,data/processed/train/genuine/original_13_24.png,1,genuine_genuine,13,13
data/processed/validation/genuine/original_44_11.png,data/processed/validation/genuine/original_44_7.png,1,genuine_genuine,44,44
data/processed/train/genuine/original_13_18.png,data/processed/train/genuine/original_13_9.png,1,genuine_genuine,13,13
data/processed/train/genuine/original_31_16.png,data/processed/train/genuine/original_31_21.png,1,genuine_genuine,31,31
data/processed/train/genuine/original_11_7.png,data/processed/train/forged/forgeries_11_20.png,0,skilled_forgery,11,11
data/processed/validation/genuine/original_43_6.png,data/processed/validation/genuine/original_43_8.png,1,genuine_genuine,43,43
data/processed/train/genuine/original_27_15.png,data/processed/train/genuine/original_27_22.png,1,genuine_genuine,27,27
data/processed/validation/genuine/original_44_2.png,data/processed/validation/forged/forgeries_44_1.png,0,skilled_forgery,44,44
data/processed/train/genuine/original_15_13.png,data/processed/train/genuine/original_15_5.png,1,genuine_genuine,15,15
data/processed/validation/genuine/original_44_10.png,data/processed/train/genuine/original_35_12.png,0,random_forgery,44,35
data/processed/validation/genuine/original_45_11.png,data/processed/validation/genuine/original_45_2.png,1,genuine_genuine,45,45
data/processed/train/genuine/original_22_14.png,data/processed/train/genuine/original_30_15.png,0,random_forgery,22,30
data/processed/validation/genuine/original_45_1.png,data/processed/train/genuine/original_15_10.png,0,random_forgery,45,15
data/processed/train/genuine/original_15_19.png,data/processed/train/genuine/original_15_9.png,1,genuine_genuine,15,15
data/processed/train/genuine/original_22_2.png,data/processed/train/forged/forgeries_22_10.png,0,skilled_forgery,22,22
data/processed/train/genuine/original_21_7.png,data/processed/train/genuine/original_21_8.png,1,genuine_genuine,21,21
data/processed/train/genuine/original_16_11.png,data/processed/train/genuine/original_16_9.png,1,genuine_genuine,16,16
data/processed/train/genuine/original_10_12.png,data/processed/train/genuine/original_10_9.png,1,genuine_genuine,10,10
data/processed/train/genuine/original_25_11.png,data/processed/train/forged/forgeries_25_13.png,0,skilled_forgery,25,25
data/processed/validation/genuine/original_45_19.png,data/processed/train/genuine/original_29_18.png,0,random_forgery,45,29
data/processed/train/genuine/original_33_11.png,data/processed/train/genuine/original_33_3.png,1,genuine_genuine,33,33
data/processed/train/genuine/original_33_17.png,data/processed/train/forged/forgeries_33_8.png,0,skilled_forgery,33,33
data/processed/train/genuine/original_14_1.png,data/processed/train/genuine/original_14_13.png,1,genuine_genuine,14,14
data/processed/train/genuine/original_25_21.png,data/processed/train/genuine/original_25_22.png,1,genuine_genuine,25,25
data/processed/validation/genuine/original_44_16.png,data/processed/validation/genuine/original_44_7.png,1,genuine_genuine,44,44
data/processed/validation/genuine/original_38_15.png,data/processed/validation/genuine/original_38_21.png,1,genuine_genuine,38,38
data/processed/train/genuine/original_14_17.png,data/processed/train/forged/forgeries_14_17.png,0,skilled_forgery,14,14
data/processed/validation/genuine/original_42_10.png,data/processed/validation/genuine/original_42_9.png,1,genuine_genuine,42,42
data/processed/train/genuine/original_34_14.png,data/processed/train/genuine/original_34_6.png,1,genuine_genuine,34,34
data/processed/train/genuine/original_11_19.png,data/processed/train/genuine/original_11_22.png,1,genuine_genuine,11,11
data/processed/validation/genuine/original_40_9.png,data/processed/train/genuine/original_12_11.png,0,random_forgery,40,12
data/processed/train/genuine/original_26_17.png,data/processed/train/forged/forgeries_26_10.png,0,skilled_forgery,26,26
data/processed/validation/genuine/original_39_17.png,data/processed/validation/genuine/original_39_23.png,1,genuine_genuine,39,39
data/processed/train/genuine/original_22_20.png,data/processed/train/genuine/original_22_21.png,1,genuine_genuine,22,22
data/processed/train/genuine/original_12_11.png,data/processed/train/genuine/original_13_15.png,0,random_forgery,12,13
data/processed/train/genuine/original_27_4.png,data/processed/train/genuine/original_27_5.png,1,genuine_genuine,27,27
data/processed/validation/genuine/original_41_16.png,data/processed/train/genuine/original_32_21.png,0,random_forgery,41,32
data/processed/validation/genuine/original_40_4.png,data/processed/train/genuine/original_10_21.png,0,random_forgery,40,10
data/processed/train/genuine/original_18_16.png,data/processed/train/genuine/original_18_7.png,1,genuine_genuine,18,18
data/processed/train/genuine/original_15_4.png,data/processed/train/genuine/original_15_5.png,1,genuine_genuine,15,15
data/processed/train/genuine/original_27_10.png,data/processed/train/genuine/original_27_3.png,1,genuine_genuine,27,27
data/processed/train/genuine/original_32_3.png,data/processed/validation/genuine/original_38_24.png,0,random_forgery,32,38
data/processed/train/genuine/original_14_24.png,data/processed/train/forged/forgeries_14_2.png,0,skilled_forgery,14,14
data/processed/validation/genuine/original_45_2.png,data/processed/validation/genuine/original_36_5.png,0,random_forgery,45,36
data/processed/train/genuine/original_23_12.png,data/processed/train/forged/forgeries_23_17.png,0,skilled_forgery,23,23
data/processed/validation/genuine/original_45_17.png,data/processed/validation/genuine/original_45_20.png,1,genuine_genuine,45,45
data/processed/train/genuine/original_33_9.png,data/processed/train/forged/forgeries_33_21.png,0,skilled_forgery,33,33
data/processed/validation/genuine/original_44_6.png,data/processed/validation/forged/forgeries_44_2.png,0,skilled_forgery,44,44
data/processed/train/genuine/original_16_15.png,data/processed/train/genuine/original_16_2.png,1,genuine_genuine,16,16
data/processed/validation/genuine/original_36_10.png,data/processed/validation/genuine/original_36_13.png,1,genuine_genuine,36,36
data/processed/validation/genuine/original_37_18.png,data/processed/validation/forged/forgeries_37_6.png,0,skilled_forgery,37,37
data/processed/validation/genuine/original_44_18.png,data/processed/validation/genuine/original_44_2.png,1,genuine_genuine,44,44
data/processed/train/genuine/original_17_2.png,data/processed/train/forged/forgeries_17_24.png,0,skilled_forgery,17,17
data/processed/train/genuine/original_29_21.png,data/processed/train/genuine/original_11_4.png,0,random_forgery,29,11
data/processed/validation/genuine/original_45_11.png,data/processed/validation/forged/forgeries_45_1.png,0,skilled_forgery,45,45
data/processed/train/genuine/original_16_6.png,data/processed/train/forged/forgeries_16_4.png,0,skilled_forgery,16,16
data/processed/validation/genuine/original_45_11.png,data/processed/validation/genuine/original_45_22.png,1,genuine_genuine,45,45
data/processed/validation/genuine/original_38_2.png,data/processed/validation/genuine/original_38_3.png,1,genuine_genuine,38,38
data/processed/train/genuine/original_10_9.png,data/processed/train/genuine/original_28_4.png,0,random_forgery,10,28
data/processed/train/genuine/original_30_13.png,data/processed/train/genuine/original_30_6.png,1,genuine_genuine,30,30
data/processed/validation/genuine/original_39_15.png,data/processed/validation/genuine/original_39_16.png,1,genuine_genuine,39,39
data/processed/train/genuine/original_14_21.png,data/processed/train/forged/forgeries_14_17.png,0,skilled_forgery,14,14
data/processed/train/genuine/original_28_24.png,data/processed/train/genuine/original_13_1.png,0,random_forgery,28,13
data/processed/train/genuine/original_26_10.png,data/processed/train/genuine/original_26_15.png,1,genuine_genuine,26,26
data/processed/train/genuine/original_24_12.png,data/processed/train/genuine/original_24_21.png,1,genuine_genuine,24,24
data/processed/train/genuine/original_28_11.png,data/processed/validation/genuine/original_38_11.png,0,random_forgery,28,38
data/processed/train/genuine/original_32_16.png,data/processed/train/genuine/original_32_21.png,1,genuine_genuine,32,32
data/processed/train/genuine/original_34_24.png,data/processed/train/genuine/original_19_20.png,0,random_forgery,34,19
data/processed/validation/genuine/original_40_23.png,data/processed/validation/genuine/original_40_24.png,1,genuine_genuine,40,40
data/processed/train/genuine/original_24_4.png,data/processed/train/genuine/original_25_14.png,0,random_forgery,24,25
data/processed/validation/genuine/original_39_18.png,data/processed/train/genuine/original_21_18.png,0,random_forgery,39,21
data/processed/train/genuine/original_21_15.png,data/processed/train/genuine/original_21_17.png,1,genuine_genuine,21,21
data/processed/train/genuine/original_10_15.png,data/processed/train/genuine/original_10_17.png,1,genuine_genuine,10,10
data/processed/validation/genuine/original_44_8.png,data/processed/validation/genuine/original_37_7.png,0,random_forgery,44,37
data/processed/train/genuine/original_22_19.png,data/processed/train/forged/forgeries_22_10.png,0,skilled_forgery,22,22
data/processed/train/genuine/original_25_6.png,data/processed/train/genuine/original_22_1.png,0,random_forgery,25,22
data/processed/train/genuine/original_11_14.png,data/processed/train/genuine/original_11_2.png,1,genuine_genuine,11,11
data/processed/train/genuine/original_29_22.png,data/processed/train/forged/forgeries_29_24.png,0,skilled_forgery,29,29
data/processed/train/genuine/original_30_13.png,data/processed/train/genuine/original_24_12.png,0,random_forgery,30,24
data/processed/train/genuine/original_17_5.png,data/processed/train/genuine/original_17_8.png,1,genuine_genuine,17,17
data/processed/validation/genuine/original_37_19.png,data/processed/validation/forged/forgeries_37_23.png,0,skilled_forgery,37,37
data/processed/train/genuine/original_18_18.png,data/processed/train/genuine/original_18_4.png,1,genuine_genuine,18,18
data/processed/train/genuine/original_33_24.png,data/processed/train/genuine/original_33_6.png,1,genuine_genuine,33,33
data/processed/train/genuine/original_33_7.png,data/processed/train/forged/forgeries_33_13.png,0,skilled_forgery,33,33
data/processed/train/genuine/original_29_22.png,data/processed/train/genuine/original_24_17.png,0,random_forgery,29,24
data/processed/train/genuine/original_18_11.png,data/processed/train/genuine/original_18_8.png,1,genuine_genuine,18,18
data/processed/train/genuine/original_25_14.png,data/processed/train/genuine/original_22_22.png,0,random_forgery,25,22
data/processed/validation/genuine/original_40_1.png,data/processed/validation/genuine/original_37_14.png,0,random_forgery,40,37
data/processed/validation/genuine/original_41_12.png,data/processed/validation/genuine/original_41_23.png,1,genuine_genuine,41,41
data/processed/train/genuine/original_32_15.png,data/processed/train/genuine/original_32_8.png,1,genuine_genuine,32,32
data/processed/train/genuine/original_15_18.png,data/processed/train/forged/forgeries_15_5.png,0,skilled_forgery,15,15
data/processed/train/genuine/original_21_4.png,data/processed/train/genuine/original_21_9.png,1,genuine_genuine,21,21
data/processed/train/genuine/original_18_12.png,data/processed/train/genuine/original_18_15.png,1,genuine_genuine,18,18
data/processed/train/genuine/original_25_3.png,data/processed/validation/genuine/original_36_21.png,0,random_forgery,25,36
data/processed/train/genuine/original_20_13.png,data/processed/train/genuine/original_20_19.png,1,genuine_genuine,20,20
data/processed/train/genuine/original_30_1.png,data/processed/train/genuine/original_30_12.png,1,genuine_genuine,30,30
data/processed/validation/genuine/original_45_14.png,data/processed/validation/genuine/original_45_17.png,1,genuine_genuine,45,45
data/processed/train/genuine/original_25_5.png,data/processed/train/forged/forgeries_25_24.png,0,skilled_forgery,25,25
data/processed/train/genuine/original_32_21.png,data/processed/train/forged/forgeries_32_3.png,0,skilled_forgery,32,32
data/processed/train/genuine/original_28_15.png,data/processed/train/forged/forgeries_28_15.png,0,skilled_forgery,28,28
data/processed/validation/genuine/original_41_18.png,data/processed/train/genuine/original_19_12.png,0,random_forgery,41,19
data/processed/validation/genuine/original_37_15.png,data/processed/validation/genuine/original_37_6.png,1,genuine_genuine,37,37
data/processed/train/genuine/original_20_14.png,data/processed/train/genuine/original_20_2.png,1,genuine_genuine,20,20
data/processed/train/genuine/original_34_16.png,data/processed/validation/genuine/original_42_2.png,0,random_forgery,34,42
data/processed/train/genuine/original_28_17.png,data/processed/train/genuine/original_28_19.png,1,genuine_genuine,28,28
data/processed/validation/genuine/original_45_19.png,data/processed/validation/genuine/original_45_23.png,1,genuine_genuine,45,45
data/processed/train/genuine/original_13_5.png,data/processed/train/genuine/original_13_6.png,1,genuine_genuine,13,13
data/processed/validation/genuine/original_42_14.png,data/processed/validation/genuine/original_42_20.png,1,genuine_genuine,42,42
data/processed/validation/genuine/original_44_17.png,data/processed/validation/forged/forgeries_44_17.png,0,skilled_forgery,44,44
data/processed/validation/genuine/original_39_13.png,data/processed/validation/genuine/original_39_8.png,1,genuine_genuine,39,39
data/processed/train/genuine/original_11_12.png,data/processed/train/genuine/original_11_21.png,1,genuine_genuine,11,11
data/processed/validation/genuine/original_38_11.png,data/processed/validation/forged/forgeries_38_17.png,0,skilled_forgery,38,38
data/processed/train/genuine/original_26_19.png,data/processed/validation/genuine/original_40_13.png,0,random_forgery,26,40
data/processed/train/genuine/original_30_11.png,data/processed/train/genuine/original_30_23.png,1,genuine_genuine,30,30
data/processed/validation/genuine/original_37_18.png,data/processed/validation/forged/forgeries_37_4.png,0,skilled_forgery,37,37
data/processed/validation/genuine/original_41_2.png,data/processed/validation/genuine/original_41_7.png,1,genuine_genuine,41,41
data/processed/validation/genuine/original_40_18.png,data/processed/validation/genuine/original_40_5.png,1,genuine_genuine,40,40
data/processed/validation/genuine/original_43_11.png,data/processed/validation/genuine/original_43_13.png,1,genuine_genuine,43,43
data/processed/train/genuine/original_19_18.png,data/processed/train/genuine/original_19_5.png,1,genuine_genuine,19,19
data/processed/train/genuine/original_33_10.png,data/processed/train/forged/forgeries_33_11.png,0,skilled_forgery,33,33
data/processed/validation/genuine/original_45_8.png,data/processed/train/genuine/original_16_9.png,0,random_forgery,45,16
data/processed/train/genuine/original_21_10.png,data/processed/validation/genuine/original_43_22.png,0,random_forgery,21,43
data/processed/validation/genuine/original_43_11.png,data/processed/validation/genuine/original_43_15.png,1,genuine_genuine,43,43
data/processed/validation/genuine/original_38_3.png,data/processed/validation/forged/forgeries_38_6.png,0,skilled_forgery,38,38
data/processed/train/genuine/original_19_17.png,data/processed/train/forged/forgeries_19_8.png,0,skilled_forgery,19,19
data/processed/train/genuine/original_24_24.png,data/processed/train/genuine/original_11_12.png,0,random_forgery,24,11
data/processed/train/genuine/original_12_5.png,data/processed/train/genuine/original_12_7.png,1,genuine_genuine,12,12
data/processed/train/genuine/original_19_14.png,data/processed/train/genuine/original_19_4.png,1,genuine_genuine,19,19
data/processed/train/genuine/original_18_9.png,data/processed/train/forged/forgeries_18_23.png,0,skilled_forgery,18,18
data/processed/train/genuine/original_24_11.png,data/processed/train/forged/forgeries_24_7.png,0,skilled_forgery,24,24
data/processed/train/genuine/original_26_18.png,data/processed/train/genuine/original_26_22.png,1,genuine_genuine,26,26
data/processed/train/genuine/original_10_21.png,data/processed/train/forged/forgeries_10_11.png,0,skilled_forgery,10,10
data/processed/validation/genuine/original_38_11.png,data/processed/validation/genuine/original_38_3.png,1,genuine_genuine,38,38
data/processed/train/genuine/original_19_1.png,data/processed/validation/genuine/original_42_13.png,0,random_forgery,19,42
data/processed/train/genuine/original_16_22.png,data/processed/train/genuine/original_20_6.png,0,random_forgery,16,20
data/processed/validation/genuine/original_42_3.png,data/processed/validation/forged/forgeries_42_22.png,0,skilled_forgery,42,42
data/processed/validation/genuine/original_40_11.png,data/processed/validation/genuine/original_40_20.png,1,genuine_genuine,40,40
data/processed/train/genuine/original_24_5.png,data/processed/train/genuine/original_24_7.png,1,genuine_genuine,24,24
data/processed/train/genuine/original_13_18.png,data/processed/train/genuine/original_13_5.png,1,genuine_genuine,13,13
data/processed/train/genuine/original_18_23.png,data/processed/validation/genuine/original_40_3.png,0,random_forgery,18,40
data/processed/train/genuine/original_22_2.png,data/processed/train/forged/forgeries_22_23.png,0,skilled_forgery,22,22
data/processed/train/genuine/original_26_8.png,data/processed/validation/genuine/original_42_21.png,0,random_forgery,26,42
data/processed/train/genuine/original_31_23.png,data/processed/train/genuine/original_31_8.png,1,genuine_genuine,31,31
data/processed/train/genuine/original_15_10.png,data/processed/train/forged/forgeries_15_24.png,0,skilled_forgery,15,15
data/processed/train/genuine/original_26_1.png,data/processed/train/genuine/original_26_20.png,1,genuine_genuine,26,26
data/processed/train/genuine/original_13_19.png,data/processed/train/genuine/original_13_9.png,1,genuine_genuine,13,13
data/processed/validation/genuine/original_41_15.png,data/processed/validation/genuine/original_41_19.png,1,genuine_genuine,41,41
data/processed/validation/genuine/original_44_13.png,data/processed/validation/genuine/original_44_8.png,1,genuine_genuine,44,44
data/processed/train/genuine/original_27_9.png,data/processed/train/genuine/original_28_7.png,0,random_forgery,27,28
data/processed/train/genuine/original_19_24.png,data/processed/train/forged/forgeries_19_13.png,0,skilled_forgery,19,19
data/processed/train/genuine/original_10_22.png,data/processed/train/genuine/original_29_12.png,0,random_forgery,10,29
data/processed/train/genuine/original_24_16.png,data/processed/train/forged/forgeries_24_14.png,0,skilled_forgery,24,24
data/processed/train/genuine/original_21_12.png,data/processed/train/forged/forgeries_21_21.png,0,skilled_forgery,21,21
data/processed/train/genuine/original_31_24.png,data/processed/train/genuine/original_25_24.png,0,random_forgery,31,25
data/processed/train/genuine/original_13_9.png,data/processed/train/genuine/original_35_9.png,0,random_forgery,13,35
data/processed/train/genuine/original_32_20.png,data/processed/train/genuine/original_32_9.png,1,genuine_genuine,32,32
data/processed/train/genuine/original_31_24.png,data/processed/train/genuine/original_31_8.png,1,genuine_genuine,31,31
data/processed/train/genuine/original_26_11.png,data/processed/train/genuine/original_26_17.png,1,genuine_genuine,26,26
data/processed/train/genuine/original_11_12.png,data/processed/train/genuine/original_11_23.png,1,genuine_genuine,11,11
data/processed/train/genuine/original_27_23.png,data/processed/train/forged/forgeries_27_13.png,0,skilled_forgery,27,27
data/processed/train/genuine/original_34_24.png,data/processed/train/forged/forgeries_34_21.png,0,skilled_forgery,34,34
data/processed/validation/genuine/original_41_17.png,data/processed/validation/genuine/original_38_20.png,0,random_forgery,41,38
data/processed/validation/genuine/original_37_6.png,data/processed/validation/forged/forgeries_37_7.png,0,skilled_forgery,37,37
data/processed/train/genuine/original_18_17.png,data/processed/train/forged/forgeries_18_21.png,0,skilled_forgery,18,18
data/processed/validation/genuine/original_38_20.png,data/processed/validation/genuine/original_36_14.png,0,random_forgery,38,36
data/processed/train/genuine/original_23_18.png,data/processed/validation/genuine/original_41_18.png,0,random_forgery,23,41
data/processed/train/genuine/original_18_15.png,data/processed/train/forged/forgeries_18_4.png,0,skilled_forgery,18,18
data/processed/train/genuine/original_35_6.png,data/processed/train/genuine/original_11_7.png,0,random_forgery,35,11
data/processed/validation/genuine/original_36_19.png,data/processed/validation/genuine/original_36_23.png,1,genuine_genuine,36,36
data/processed/validation/genuine/original_38_2.png,data/processed/validation/forged/forgeries_38_18.png,0,skilled_forgery,38,38
data/processed/train/genuine/original_27_10.png,data/processed/train/genuine/original_27_20.png,1,genuine_genuine,27,27
data/processed/validation/genuine/original_42_22.png,data/processed/validation/forged/forgeries_42_20.png,0,skilled_forgery,42,42
data/processed/validation/genuine/original_39_17.png,data/processed/validation/genuine/original_39_24.png,1,genuine_genuine,39,39
data/processed/train/genuine/original_14_23.png,data/processed/train/genuine/original_14_9.png,1,genuine_genuine,14,14
data/processed/validation/genuine/original_38_4.png,data/processed/validation/genuine/original_38_7.png,1,genuine_genuine,38,38
data/processed/validation/genuine/original_41_19.png,data/processed/train/genuine/original_26_21.png,0,random_forgery,41,26
data/processed/train/genuine/original_33_4.png,data/processed/train/forged/forgeries_33_19.png,0,skilled_forgery,33,33
data/processed/train/genuine/original_30_12.png,data/processed/train/genuine/original_30_14.png,1,genuine_genuine,30,30
data/processed/train/genuine/original_20_1.png,data/processed/validation/genuine/original_40_11.png,0,random_forgery,20,40
data/processed/train/genuine/original_13_1.png,data/processed/train/genuine/original_13_19.png,1,genuine_genuine,13,13
data/processed/validation/genuine/original_45_21.png,data/processed/validation/forged/forgeries_45_4.png,0,skilled_forgery,45,45
data/processed/train/genuine/original_24_2.png,data/processed/validation/genuine/original_36_3.png,0,random_forgery,24,36
data/processed/train/genuine/original_28_17.png,data/processed/train/genuine/original_28_4.png,1,genuine_genuine,28,28
data/processed/train/genuine/original_18_19.png,data/processed/train/genuine/original_18_24.png,1,genuine_genuine,18,18
data/processed/train/genuine/original_27_6.png,data/processed/train/genuine/original_27_7.png,1,genuine_genuine,27,27
data/processed/train/genuine/original_27_19.png,data/processed/validation/genuine/original_38_10.png,0,random_forgery,27,38
data/processed/train/genuine/original_16_14.png,data/processed/train/genuine/original_16_18.png,1,genuine_genuine,16,16
data/processed/train/genuine/original_33_15.png,data/processed/train/genuine/original_33_20.png,1,genuine_genuine,33,33
data/processed/validation/genuine/original_42_4.png,data/processed/train/genuine/original_25_3.png,0,random_forgery,42,25
data/processed/validation/genuine/original_38_10.png,data/processed/validation/genuine/original_38_12.png,1,genuine_genuine,38,38
data/processed/train/genuine/original_19_5.png,data/processed/train/genuine/original_19_8.png,1,genuine_genuine,19,19
data/processed/validation/genuine/original_36_21.png,data/processed/validation/genuine/original_36_8.png,1,genuine_genuine,36,36
data/processed/train/genuine/original_28_20.png,data/processed/train/genuine/original_10_9.png,0,random_forgery,28,10
data/processed/train/genuine/original_26_19.png,data/processed/train/forged/forgeries_26_21.png,0,skilled_forgery,26,26
data/processed/validation/genuine/original_45_17.png,data/processed/validation/genuine/original_45_8.png,1,genuine_genuine,45,45
data/processed/validation/genuine/original_38_9.png,data/processed/validation/forged/forgeries_38_6.png,0,skilled_forgery,38,38
data/processed/train/genuine/original_28_23.png,data/processed/train/forged/forgeries_28_11.png,0,skilled_forgery,28,28
data/processed/train/genuine/original_27_1.png,data/processed/train/genuine/original_27_23.png,1,genuine_genuine,27,27
data/processed/train/genuine/original_19_11.png,data/processed/train/genuine/original_31_5.png,0,random_forgery,19,31
data/processed/train/genuine/original_13_14.png,data/processed/train/genuine/original_13_4.png,1,genuine_genuine,13,13
data/processed/train/genuine/original_33_21.png,data/processed/train/genuine/original_23_2.png,0,random_forgery,33,23
data/processed/validation/genuine/original_36_24.png,data/processed/validation/forged/forgeries_36_4.png,0,skilled_forgery,36,36
data/processed/train/genuine/original_28_2.png,data/processed/train/forged/forgeries_28_10.png,0,skilled_forgery,28,28
data/processed/train/genuine/original_32_14.png,data/processed/train/genuine/original_32_20.png,1,genuine_genuine,32,32
data/processed/train/genuine/original_33_20.png,data/processed/train/forged/forgeries_33_10.png,0,skilled_forgery,33,33
data/processed/validation/genuine/original_37_15.png,data/processed/validation/forged/forgeries_37_7.png,0,skilled_forgery,37,37
data/processed/validation/genuine/original_37_24.png,data/processed/train/genuine/original_28_24.png,0,random_forgery,37,28
data/processed/train/genuine/original_13_22.png,data/processed/train/forged/forgeries_13_12.png,0,skilled_forgery,13,13
data/processed/train/genuine/original_16_15.png,data/processed/train/genuine/original_16_22.png,1,genuine_genuine,16,16
data/processed/validation/genuine/original_39_20.png,data/processed/validation/genuine/original_39_21.png,1,genuine_genuine,39,39
data/processed/train/genuine/original_35_14.png,data/processed/train/genuine/original_35_22.png,1,genuine_genuine,35,35
data/processed/train/genuine/original_23_10.png,data/processed/train/genuine/original_23_22.png,1,genuine_genuine,23,23
data/processed/validation/genuine/original_43_10.png,data/processed/train/genuine/original_12_6.png,0,random_forgery,43,12
data/processed/train/genuine/original_30_23.png,data/processed/train/genuine/original_30_8.png,1,genuine_genuine,30,30
data/processed/train/genuine/original_16_13.png,data/processed/train/forged/forgeries_16_15.png,0,skilled_forgery,16,16
data/processed/validation/genuine/original_37_24.png,data/processed/validation/genuine/original_37_3.png,1,genuine_genuine,37,37
data/processed/validation/genuine/original_37_17.png,data/processed/validation/forged/forgeries_37_21.png,0,skilled_forgery,37,37
data/processed/train/genuine/original_21_13.png,data/processed/train/genuine/original_21_8.png,1,genuine_genuine,21,21
data/processed/train/genuine/original_26_13.png,data/processed/train/forged/forgeries_26_11.png,0,skilled_forgery,26,26
data/processed/validation/genuine/original_37_15.png,data/processed/train/genuine/original_13_14.png,0,random_forgery,37,13
data/processed/train/genuine/original_20_19.png,data/processed/train/genuine/original_20_3.png,1,genuine_genuine,20,20
data/processed/train/genuine/original_17_1.png,data/processed/train/forged/forgeries_17_6.png,0,skilled_forgery,17,17
data/processed/train/genuine/original_18_19.png,data/processed/train/genuine/original_18_8.png,1,genuine_genuine,18,18
data/processed/validation/genuine/original_37_10.png,data/processed/validation/genuine/original_37_8.png,1,genuine_genuine,37,37
data/processed/validation/genuine/original_45_15.png,data/processed/validation/forged/forgeries_45_23.png,0,skilled_forgery,45,45
data/processed/validation/genuine/original_45_17.png,data/processed/validation/forged/forgeries_45_13.png,0,skilled_forgery,45,45
data/processed/train/genuine/original_28_16.png,data/processed/train/genuine/original_28_22.png,1,genuine_genuine,28,28
data/processed/validation/genuine/original_38_10.png,data/processed/validation/forged/forgeries_38_13.png,0,skilled_forgery,38,38
data/processed/train/genuine/original_35_6.png,data/processed/train/forged/forgeries_35_8.png,0,skilled_forgery,35,35
data/processed/train/genuine/original_34_16.png,data/processed/train/genuine/original_34_21.png,1,genuine_genuine,34,34
data/processed/train/genuine/original_23_20.png,data/processed/train/genuine/original_23_21.png,1,genuine_genuine,23,23
data/processed/train/genuine/original_25_2.png,data/processed/train/genuine/original_25_6.png,1,genuine_genuine,25,25
data/processed/train/genuine/original_17_3.png,data/processed/train/genuine/original_13_14.png,0,random_forgery,17,13
data/processed/validation/genuine/original_43_7.png,data/processed/validation/forged/forgeries_43_12.png,0,skilled_forgery,43,43
data/processed/train/genuine/original_23_3.png,data/processed/train/forged/forgeries_23_14.png,0,skilled_forgery,23,23
data/processed/train/genuine/original_23_15.png,data/processed/train/genuine/original_23_22.png,1,genuine_genuine,23,23
data/processed/validation/genuine/original_39_6.png,data/processed/validation/forged/forgeries_39_9.png,0,skilled_forgery,39,39
data/processed/train/genuine/original_25_16.png,data/processed/train/forged/forgeries_25_2.png,0,skilled_forgery,25,25
data/processed/train/genuine/original_26_3.png,data/processed/train/forged/forgeries_26_24.png,0,skilled_forgery,26,26
data/processed/train/genuine/original_18_17.png,data/processed/train/forged/forgeries_18_13.png,0,skilled_forgery,18,18
data/processed/validation/genuine/original_36_12.png,data/processed/validation/genuine/original_36_3.png,1,genuine_genuine,36,36
data/processed/validation/genuine/original_43_16.png,data/processed/validation/genuine/original_43_20.png,1,genuine_genuine,43,43
data/processed/train/genuine/original_15_1.png,data/processed/train/genuine/original_15_17.png,1,genuine_genuine,15,15
data/processed/train/genuine/original_33_16.png,data/processed/train/genuine/original_33_20.png,1,genuine_genuine,33,33
data/processed/train/genuine/original_26_2.png,data/processed/train/genuine/original_26_6.png,1,genuine_genuine,26,26
data/processed/train/genuine/original_18_17.png,data/processed/train/genuine/original_18_19.png,1,genuine_genuine,18,18
data/processed/validation/genuine/original_44_1.png,data/processed/validation/genuine/original_44_5.png,1,genuine_genuine,44,44
data/processed/validation/genuine/original_41_6.png,data/processed/validation/genuine/original_39_7.png,0,random_forgery,41,39
data/processed/validation/genuine/original_43_22.png,data/processed/validation/genuine/original_43_9.png,1,genuine_genuine,43,43
data/processed/train/genuine/original_18_12.png,data/processed/train/forged/forgeries_18_12.png,0,skilled_forgery,18,18
data/processed/validation/genuine/original_40_1.png,data/processed/validation/genuine/original_40_6.png,1,genuine_genuine,40,40
data/processed/train/genuine/original_30_22.png,data/processed/train/genuine/original_18_5.png,0,random_forgery,30,18
data/processed/train/genuine/original_35_23.png,data/processed/train/forged/forgeries_35_20.png,0,skilled_forgery,35,35
data/processed/train/genuine/original_12_23.png,data/processed/train/genuine/original_24_15.png,0,random_forgery,12,24
data/processed/train/genuine/original_23_15.png,data/processed/validation/genuine/original_43_2.png,0,random_forgery,23,43
data/processed/train/genuine/original_14_16.png,data/processed/train/genuine/original_14_9.png,1,genuine_genuine,14,14
data/processed/train/genuine/original_17_10.png,data/processed/train/genuine/original_17_12.png,1,genuine_genuine,17,17
data/processed/validation/genuine/original_39_23.png,data/processed/validation/genuine/original_44_15.png,0,random_forgery,39,44
data/processed/train/genuine/original_35_17.png,data/processed/train/forged/forgeries_35_13.png,0,skilled_forgery,35,35
data/processed/train/genuine/original_11_17.png,data/processed/train/genuine/original_11_3.png,1,genuine_genuine,11,11
data/processed/train/genuine/original_32_14.png,data/processed/train/genuine/original_32_17.png,1,genuine_genuine,32,32
data/processed/validation/genuine/original_44_22.png,data/processed/validation/forged/forgeries_44_19.png,0,skilled_forgery,44,44
data/processed/train/genuine/original_14_23.png,data/processed/train/genuine/original_14_7.png,1,genuine_genuine,14,14
data/processed/train/genuine/original_32_2.png,data/processed/train/genuine/original_32_22.png,1,genuine_genuine,32,32
data/processed/validation/genuine/original_44_7.png,data/processed/validation/forged/forgeries_44_8.png,0,skilled_forgery,44,44
data/processed/train/genuine/original_12_17.png,data/processed/train/forged/forgeries_12_16.png,0,skilled_forgery,12,12
data/processed/train/genuine/original_15_20.png,data/processed/train/genuine/original_15_3.png,1,genuine_genuine,15,15
data/processed/train/genuine/original_29_17.png,data/processed/train/genuine/original_29_7.png,1,genuine_genuine,29,29
data/processed/train/genuine/original_23_18.png,data/processed/train/genuine/original_23_5.png,1,genuine_genuine,23,23
data/processed/validation/genuine/original_37_10.png,data/processed/train/genuine/original_16_14.png,0,random_forgery,37,16
data/processed/validation/genuine/original_43_6.png,data/processed/validation/forged/forgeries_43_17.png,0,skilled_forgery,43,43
data/processed/train/genuine/original_35_10.png,data/processed/train/genuine/original_35_24.png,1,genuine_genuine,35,35
data/processed/train/genuine/original_17_3.png,data/processed/train/genuine/original_34_14.png,0,random_forgery,17,34
data/processed/train/genuine/original_23_21.png,data/processed/train/genuine/original_17_13.png,0,random_forgery,23,17
data/processed/validation/genuine/original_39_7.png,data/processed/train/genuine/original_25_14.png,0,random_forgery,39,25
data/processed/train/genuine/original_23_24.png,data/processed/train/forged/forgeries_23_1.png,0,skilled_forgery,23,23
data/processed/validation/genuine/original_41_13.png,data/processed/validation/genuine/original_41_5.png,1,genuine_genuine,41,41
data/processed/train/genuine/original_14_24.png,data/processed/train/genuine/original_14_3.png,1,genuine_genuine,14,14
data/processed/validation/genuine/original_39_12.png,data/processed/validation/genuine/original_39_8.png,1,genuine_genuine,39,39
data/processed/train/genuine/original_28_15.png,data/processed/train/genuine/original_28_17.png,1,genuine_genuine,28,28
data/processed/train/genuine/original_22_14.png,data/processed/train/genuine/original_22_24.png,1,genuine_genuine,22,22
data/processed/train/genuine/original_32_24.png,data/processed/train/genuine/original_19_22.png,0,random_forgery,32,19
data/processed/train/genuine/original_25_12.png,data/processed/train/forged/forgeries_25_19.png,0,skilled_forgery,25,25
data/processed/train/genuine/original_34_11.png,data/processed/train/genuine/original_34_22.png,1,genuine_genuine,34,34
data/processed/validation/genuine/original_39_19.png,data/processed/validation/forged/forgeries_39_22.png,0,skilled_forgery,39,39
data/processed/train/genuine/original_11_1.png,data/processed/train/genuine/original_11_16.png,1,genuine_genuine,11,11
data/processed/validation/genuine/original_41_13.png,data/processed/validation/genuine/original_41_17.png,1,genuine_genuine,41,41
data/processed/train/genuine/original_25_1.png,data/processed/train/genuine/original_25_22.png,1,genuine_genuine,25,25
data/processed/validation/genuine/original_40_17.png,data/processed/train/genuine/original_18_19.png,0,random_forgery,40,18
data/processed/train/genuine/original_21_13.png,data/processed/train/genuine/original_21_18.png,1,genuine_genuine,21,21
data/processed/train/genuine/original_27_20.png,data/processed/train/genuine/original_18_23.png,0,random_forgery,27,18
data/processed/validation/genuine/original_39_16.png,data/processed/validation/genuine/original_39_4.png,1,genuine_genuine,39,39
data/processed/train/genuine/original_32_13.png,data/processed/train/genuine/original_32_14.png,1,genuine_genuine,32,32
data/processed/validation/genuine/original_42_12.png,data/processed/validation/genuine/original_42_13.png,1,genuine_genuine,42,42
data/processed/train/genuine/original_32_22.png,data/processed/train/forged/forgeries_32_1.png,0,skilled_forgery,32,32
data/processed/validation/genuine/original_38_19.png,data/processed/train/genuine/original_26_10.png,0,random_forgery,38,26
data/processed/train/genuine/original_11_8.png,data/processed/train/genuine/original_26_13.png,0,random_forgery,11,26
data/processed/validation/genuine/original_43_14.png,data/processed/validation/forged/forgeries_43_2.png,0,skilled_forgery,43,43
data/processed/validation/genuine/original_38_19.png,data/processed/validation/genuine/original_38_7.png,1,genuine_genuine,38,38
data/processed/validation/genuine/original_36_12.png,data/processed/validation/genuine/original_36_21.png,1,genuine_genuine,36,36
data/processed/train/genuine/original_17_21.png,data/processed/train/genuine/original_17_5.png,1,genuine_genuine,17,17
data/processed/train/genuine/original_23_14.png,data/processed/train/genuine/original_23_17.png,1,genuine_genuine,23,23
data/processed/train/genuine/original_20_17.png,data/processed/train/genuine/original_20_18.png,1,genuine_genuine,20,20
data/processed/validation/genuine/original_36_14.png,data/processed/validation/genuine/original_36_8.png,1,genuine_genuine,36,36
data/processed/validation/genuine/original_37_14.png,data/processed/validation/genuine/original_37_5.png,1,genuine_genuine,37,37
data/processed/train/genuine/original_22_8.png,data/processed/train/genuine/original_20_21.png,0,random_forgery,22,20
data/processed/train/genuine/original_10_4.png,data/processed/train/genuine/original_10_9.png,1,genuine_genuine,10,10
data/processed/train/genuine/original_29_14.png,data/processed/train/genuine/original_29_23.png,1,genuine_genuine,29,29
data/processed/train/genuine/original_20_10.png,data/processed/train/genuine/original_20_16.png,1,genuine_genuine,20,20
data/processed/validation/genuine/original_36_20.png,data/processed/validation/genuine/original_36_3.png,1,genuine_genuine,36,36
data/processed/train/genuine/original_12_15.png,data/processed/train/genuine/original_12_4.png,1,genuine_genuine,12,12
data/processed/train/genuine/original_11_18.png,data/processed/train/genuine/original_13_23.png,0,random_forgery,11,13
data/processed/validation/genuine/original_41_24.png,data/processed/validation/forged/forgeries_41_16.png,0,skilled_forgery,41,41
data/processed/train/genuine/original_34_23.png,data/processed/train/genuine/original_34_24.png,1,genuine_genuine,34,34
data/processed/validation/genuine/original_41_14.png,data/processed/train/genuine/original_33_24.png,0,random_forgery,41,33
data/processed/train/genuine/original_29_7.png,data/processed/train/genuine/original_24_4.png,0,random_forgery,29,24
data/processed/train/genuine/original_34_15.png,data/processed/train/genuine/original_34_9.png,1,genuine_genuine,34,34
data/processed/train/genuine/original_15_17.png,data/processed/train/genuine/original_15_6.png,1,genuine_genuine,15,15
data/processed/train/genuine/original_14_4.png,data/processed/train/genuine/original_14_9.png,1,genuine_genuine,14,14
data/processed/train/genuine/original_11_23.png,data/processed/train/forged/forgeries_11_9.png,0,skilled_forgery,11,11
data/processed/validation/genuine/original_44_10.png,data/processed/validation/genuine/original_44_24.png,1,genuine_genuine,44,44
data/processed/validation/genuine/original_42_11.png,data/processed/validation/genuine/original_42_9.png,1,genuine_genuine,42,42
data/processed/train/genuine/original_15_14.png,data/processed/train/genuine/original_15_19.png,1,genuine_genuine,15,15
data/processed/train/genuine/original_16_10.png,data/processed/train/genuine/original_16_17.png,1,genuine_genuine,16,16
data/processed/train/genuine/original_28_12.png,data/processed/train/genuine/original_23_14.png,0,random_forgery,28,23
data/processed/train/genuine/original_32_4.png,data/processed/train/forged/forgeries_32_16.png,0,skilled_forgery,32,32
data/processed/train/genuine/original_26_11.png,data/processed/train/forged/forgeries_26_24.png,0,skilled_forgery,26,26
data/processed/train/genuine/original_34_7.png,data/processed/train/forged/forgeries_34_15.png,0,skilled_forgery,34,34
data/processed/validation/genuine/original_42_22.png,data/processed/validation/genuine/original_42_4.png,1,genuine_genuine,42,42
data/processed/train/genuine/original_14_2.png,data/processed/validation/genuine/original_44_8.png,0,random_forgery,14,44
data/processed/train/genuine/original_19_12.png,data/processed/validation/genuine/original_37_12.png,0,random_forgery,19,37
data/processed/train/genuine/original_31_18.png,data/processed/train/genuine/original_31_2.png,1,genuine_genuine,31,31
data/processed/train/genuine/original_10_5.png,data/processed/validation/genuine/original_44_18.png,0,random_forgery,10,44
data/processed/validation/genuine/original_38_20.png,data/processed/validation/genuine/original_38_21.png,1,genuine_genuine,38,38
data/processed/validation/genuine/original_44_19.png,data/processed/validation/genuine/original_44_9.png,1,genuine_genuine,44,44
data/processed/validation/genuine/original_42_8.png,data/processed/validation/forged/forgeries_42_16.png,0,skilled_forgery,42,42
data/processed/train/genuine/original_33_8.png,data/processed/train/genuine/original_24_17.png,0,random_forgery,33,24
data/processed/train/genuine/original_17_9.png,data/processed/train/forged/forgeries_17_22.png,0,skilled_forgery,17,17
data/processed/train/genuine/original_29_5.png,data/processed/train/genuine/original_29_9.png,1,genuine_genuine,29,29
data/processed/validation/genuine/original_36_15.png,data/processed/validation/genuine/original_36_24.png,1,genuine_genuine,36,36
data/processed/train/genuine/original_23_22.png,data/processed/train/genuine/original_23_3.png,1,genuine_genuine,23,23
data/processed/train/genuine/original_27_6.png,data/processed/train/genuine/original_27_9.png,1,genuine_genuine,27,27
data/processed/train/genuine/original_15_10.png,data/processed/train/genuine/original_15_8.png,1,genuine_genuine,15,15
data/processed/train/genuine/original_25_1.png,data/processed/train/genuine/original_25_5.png,1,genuine_genuine,25,25
data/processed/train/genuine/original_29_11.png,data/processed/train/forged/forgeries_29_19.png,0,skilled_forgery,29,29
data/processed/train/genuine/original_17_12.png,data/processed/train/genuine/original_23_24.png,0,random_forgery,17,23
data/processed/train/genuine/original_19_5.png,data/processed/train/forged/forgeries_19_10.png,0,skilled_forgery,19,19
data/processed/train/genuine/original_25_9.png,data/processed/train/forged/forgeries_25_12.png,0,skilled_forgery,25,25
data/processed/validation/genuine/original_41_3.png,data/processed/validation/forged/forgeries_41_13.png,0,skilled_forgery,41,41
data/processed/train/genuine/original_10_10.png,data/processed/train/genuine/original_10_7.png,1,genuine_genuine,10,10
data/processed/train/genuine/original_30_19.png,data/processed/train/genuine/original_30_4.png,1,genuine_genuine,30,30
data/processed/train/genuine/original_13_11.png,data/processed/validation/genuine/original_36_4.png,0,random_forgery,13,36
data/processed/train/genuine/original_22_7.png,data/processed/train/forged/forgeries_22_23.png,0,skilled_forgery,22,22
data/processed/train/genuine/original_17_3.png,data/processed/train/genuine/original_17_6.png,1,genuine_genuine,17,17
data/processed/validation/genuine/original_45_10.png,data/processed/validation/genuine/original_45_22.png,1,genuine_genuine,45,45
data/processed/validation/genuine/original_37_1.png,data/processed/validation/genuine/original_37_19.png,1,genuine_genuine,37,37
data/processed/validation/genuine/original_41_22.png,data/processed/validation/genuine/original_41_23.png,1,genuine_genuine,41,41
data/processed/train/genuine/original_16_24.png,data/processed/train/genuine/original_35_6.png,0,random_forgery,16,35
data/processed/validation/genuine/original_45_19.png,data/processed/validation/genuine/original_45_9.png,1,genuine_genuine,45,45
data/processed/train/genuine/original_23_14.png,data/processed/train/genuine/original_23_8.png,1,genuine_genuine,23,23
data/processed/train/genuine/original_24_22.png,data/processed/train/genuine/original_24_24.png,1,genuine_genuine,24,24
data/processed/train/genuine/original_20_17.png,data/processed/train/genuine/original_20_5.png,1,genuine_genuine,20,20
data/processed/train/genuine/original_11_13.png,data/processed/train/genuine/original_11_6.png,1,genuine_genuine,11,11
data/processed/train/genuine/original_20_13.png,data/processed/train/genuine/original_20_14.png,1,genuine_genuine,20,20
data/processed/train/genuine/original_21_3.png,data/processed/train/genuine/original_29_23.png,0,random_forgery,21,29
data/processed/train/genuine/original_13_19.png,data/processed/train/genuine/original_13_24.png,1,genuine_genuine,13,13
data/processed/train/genuine/original_22_2.png,data/processed/train/genuine/original_22_20.png,1,genuine_genuine,22,22
data/processed/validation/genuine/original_36_16.png,data/processed/validation/genuine/original_43_23.png,0,random_forgery,36,43
data/processed/validation/genuine/original_41_9.png,data/processed/validation/forged/forgeries_41_5.png,0,skilled_forgery,41,41
data/processed/train/genuine/original_24_17.png,data/processed/train/genuine/original_24_20.png,1,genuine_genuine,24,24
data/processed/validation/genuine/original_40_11.png,data/processed/train/genuine/original_26_24.png,0,random_forgery,40,26
data/processed/train/genuine/original_13_16.png,data/processed/train/genuine/original_13_9.png,1,genuine_genuine,13,13
data/processed/train/genuine/original_29_12.png,data/processed/train/genuine/original_29_22.png,1,genuine_genuine,29,29
data/processed/train/genuine/original_27_8.png,data/processed/train/forged/forgeries_27_11.png,0,skilled_forgery,27,27
data/processed/train/genuine/original_26_19.png,data/processed/train/genuine/original_26_3.png,1,genuine_genuine,26,26
data/processed/train/genuine/original_17_6.png,data/processed/train/forged/forgeries_17_8.png,0,skilled_forgery,17,17
data/processed/validation/genuine/original_44_13.png,data/processed/train/genuine/original_17_23.png,0,random_forgery,44,17
data/processed/train/genuine/original_16_16.png,data/processed/train/genuine/original_16_7.png,1,genuine_genuine,16,16
data/processed/train/genuine/original_19_22.png,data/processed/train/genuine/original_19_6.png,1,genuine_genuine,19,19
data/processed/train/genuine/original_33_11.png,data/processed/train/genuine/original_33_17.png,1,genuine_genuine,33,33
data/processed/train/genuine/original_25_1.png,data/processed/train/genuine/original_25_14.png,1,genuine_genuine,25,25
data/processed/train/genuine/original_23_16.png,data/processed/train/forged/forgeries_23_3.png,0,skilled_forgery,23,23
data/processed/validation/genuine/original_45_7.png,data/processed/validation/forged/forgeries_45_20.png,0,skilled_forgery,45,45
data/processed/train/genuine/original_10_8.png,data/processed/train/genuine/original_29_22.png,0,random_forgery,10,29
data/processed/train/genuine/original_19_20.png,data/processed/train/genuine/original_19_22.png,1,genuine_genuine,19,19
data/processed/train/genuine/original_14_17.png,data/processed/train/genuine/original_32_10.png,0,random_forgery,14,32
data/processed/train/genuine/original_23_4.png,data/processed/train/forged/forgeries_23_16.png,0,skilled_forgery,23,23
data/processed/train/genuine/original_20_15.png,data/processed/train/genuine/original_20_24.png,1,genuine_genuine,20,20
data/processed/train/genuine/original_22_5.png,data/processed/train/forged/forgeries_22_4.png,0,skilled_forgery,22,22
data/processed/train/genuine/original_15_16.png,data/processed/train/genuine/original_15_6.png,1,genuine_genuine,15,15
data/processed/train/genuine/original_12_19.png,data/processed/train/genuine/original_12_5.png,1,genuine_genuine,12,12
data/processed/train/genuine/original_24_7.png,data/processed/train/forged/forgeries_24_10.png,0,skilled_forgery,24,24
data/processed/train/genuine/original_34_14.png,data/processed/train/genuine/original_34_18.png,1,genuine_genuine,34,34
data/processed/validation/genuine/original_41_23.png,data/processed/train/genuine/original_34_4.png,0,random_forgery,41,34
data/processed/train/genuine/original_30_5.png,data/processed/train/forged/forgeries_30_21.png,0,skilled_forgery,30,30
data/processed/train/genuine/original_26_12.png,data/processed/validation/genuine/original_44_6.png,0,random_forgery,26,44
data/processed/train/genuine/original_32_4.png,data/processed/train/forged/forgeries_32_6.png,0,skilled_forgery,32,32
data/processed/train/genuine/original_15_9.png,data/processed/train/genuine/original_20_13.png,0,random_forgery,15,20
data/processed/validation/genuine/original_42_10.png,data/processed/validation/genuine/original_42_11.png,1,genuine_genuine,42,42
data/processed/train/genuine/original_35_1.png,data/processed/train/genuine/original_35_17.png,1,genuine_genuine,35,35
data/processed/validation/genuine/original_36_21.png,data/processed/validation/forged/forgeries_36_17.png,0,skilled_forgery,36,36
data/processed/train/genuine/original_22_10.png,data/processed/train/genuine/original_22_5.png,1,genuine_genuine,22,22
data/processed/validation/genuine/original_44_16.png,data/processed/validation/forged/forgeries_44_15.png,0,skilled_forgery,44,44
data/processed/validation/genuine/original_38_15.png,data/processed/validation/genuine/original_38_2.png,1,genuine_genuine,38,38
data/processed/train/genuine/original_21_12.png,data/processed/train/genuine/original_10_21.png,0,random_forgery,21,10
data/processed/train/genuine/original_13_10.png,data/processed/validation/genuine/original_42_13.png,0,random_forgery,13,42
data/processed/train/genuine/original_18_12.png,data/processed/train/genuine/original_18_14.png,1,genuine_genuine,18,18
data/processed/train/genuine/original_10_11.png,data/processed/train/forged/forgeries_10_10.png,0,skilled_forgery,10,10
data/processed/train/genuine/original_24_17.png,data/processed/train/forged/forgeries_24_18.png,0,skilled_forgery,24,24
data/processed/train/genuine/original_25_15.png,data/processed/train/genuine/original_33_21.png,0,random_forgery,25,33
data/processed/train/genuine/original_27_19.png,data/processed/train/genuine/original_27_8.png,1,genuine_genuine,27,27
data/processed/validation/genuine/original_41_20.png,data/processed/validation/genuine/original_41_24.png,1,genuine_genuine,41,41
data/processed/validation/genuine/original_37_3.png,data/processed/validation/genuine/original_36_1.png,0,random_forgery,37,36
data/processed/train/genuine/original_32_12.png,data/processed/train/genuine/original_32_4.png,1,genuine_genuine,32,32
data/processed/validation/genuine/original_36_20.png,data/processed/validation/forged/forgeries_36_8.png,0,skilled_forgery,36,36
data/processed/train/genuine/original_12_15.png,data/processed/train/genuine/original_12_6.png,1,genuine_genuine,12,12
data/processed/validation/genuine/original_41_14.png,data/processed/validation/genuine/original_41_20.png,1,genuine_genuine,41,41
data/processed/validation/genuine/original_38_5.png,data/processed/validation/forged/forgeries_38_16.png,0,skilled_forgery,38,38
data/processed/train/genuine/original_25_13.png,data/processed/train/genuine/original_25_4.png,1,genuine_genuine,25,25
data/processed/train/genuine/original_28_8.png,data/processed/train/genuine/original_34_21.png,0,random_forgery,28,34
data/processed/train/genuine/original_35_10.png,data/processed/train/genuine/original_10_20.png,0,random_forgery,35,10
data/processed/validation/genuine/original_36_13.png,data/processed/validation/genuine/original_36_15.png,1,genuine_genuine,36,36
data/processed/validation/genuine/original_36_12.png,data/processed/train/genuine/original_17_20.png,0,random_forgery,36,17
data/processed/train/genuine/original_14_1.png,data/processed/train/genuine/original_14_2.png,1,genuine_genuine,14,14
